ISO-10303-21;
HEADER;
/* Generated by software containing ST-Developer
 * from STEP Tools, Inc. (www.steptools.com) 
 */

FILE_DESCRIPTION(
/* description */ (''),
/* implementation_level */ '2;1');

FILE_NAME(
/* name */ 'Probe_H_Frame.step',
/* time_stamp */ '2026-09-21T19:14:00-07:00',
/* author */ ('\X2\BC15C815D604\X0\'),
/* organization */ (''),
/* preprocessor_version */ 'ST-DEVELOPER v20.2',
/* originating_system */ 'Autodesk Inventor 2027',
/* authorisation */ '');

FILE_SCHEMA (('AUTOMOTIVE_DESIGN { 1 0 10303 214 3 1 1 }'));
ENDSEC;

DATA;
#10=MECHANICAL_DESIGN_GEOMETRIC_PRESENTATION_REPRESENTATION('',(#13,#14,
#15,#16),#3219);
#11=SHAPE_REPRESENTATION_RELATIONSHIP('SRR','None',#3226,#12);
#12=ADVANCED_BREP_SHAPE_REPRESENTATION('',(#17,#18,#19,#20),#3218);
#13=STYLED_ITEM('',(#3235),#17);
#14=STYLED_ITEM('',(#3235),#18);
#15=STYLED_ITEM('',(#3235),#19);
#16=STYLED_ITEM('',(#3235),#20);
#17=MANIFOLD_SOLID_BREP('Solid1',#1907);
#18=MANIFOLD_SOLID_BREP('Solid2',#1908);
#19=MANIFOLD_SOLID_BREP('Solid3',#1909);
#20=MANIFOLD_SOLID_BREP('Solid4',#1910);
#21=FACE_BOUND('',#305,.T.);
#22=FACE_BOUND('',#306,.T.);
#23=FACE_BOUND('',#307,.T.);
#24=FACE_BOUND('',#308,.T.);
#25=FACE_BOUND('',#309,.T.);
#26=FACE_BOUND('',#310,.T.);
#27=FACE_BOUND('',#311,.T.);
#28=FACE_BOUND('',#312,.T.);
#29=FACE_BOUND('',#313,.T.);
#30=FACE_BOUND('',#314,.T.);
#31=FACE_BOUND('',#315,.T.);
#32=FACE_BOUND('',#316,.T.);
#33=FACE_BOUND('',#317,.T.);
#34=FACE_BOUND('',#318,.T.);
#35=FACE_BOUND('',#319,.T.);
#36=FACE_BOUND('',#320,.T.);
#37=FACE_BOUND('',#321,.T.);
#38=FACE_BOUND('',#322,.T.);
#39=FACE_BOUND('',#323,.T.);
#40=FACE_BOUND('',#324,.T.);
#41=FACE_BOUND('',#325,.T.);
#42=FACE_BOUND('',#326,.T.);
#43=FACE_BOUND('',#327,.T.);
#44=FACE_BOUND('',#328,.T.);
#45=FACE_BOUND('',#329,.T.);
#46=FACE_BOUND('',#330,.T.);
#47=FACE_BOUND('',#331,.T.);
#48=FACE_BOUND('',#332,.T.);
#49=FACE_BOUND('',#333,.T.);
#50=FACE_BOUND('',#334,.T.);
#51=FACE_BOUND('',#335,.T.);
#52=FACE_BOUND('',#336,.T.);
#53=FACE_BOUND('',#337,.T.);
#54=FACE_BOUND('',#339,.T.);
#55=FACE_BOUND('',#340,.T.);
#56=FACE_BOUND('',#341,.T.);
#57=FACE_BOUND('',#342,.T.);
#58=FACE_BOUND('',#343,.T.);
#59=FACE_BOUND('',#344,.T.);
#60=FACE_BOUND('',#345,.T.);
#61=FACE_BOUND('',#346,.T.);
#62=FACE_BOUND('',#347,.T.);
#63=FACE_BOUND('',#348,.T.);
#64=FACE_BOUND('',#349,.T.);
#65=FACE_BOUND('',#350,.T.);
#66=FACE_BOUND('',#351,.T.);
#67=FACE_BOUND('',#352,.T.);
#68=FACE_BOUND('',#353,.T.);
#69=FACE_BOUND('',#354,.T.);
#70=FACE_BOUND('',#355,.T.);
#71=FACE_BOUND('',#356,.T.);
#72=FACE_BOUND('',#357,.T.);
#73=FACE_BOUND('',#358,.T.);
#74=FACE_BOUND('',#359,.T.);
#75=FACE_BOUND('',#360,.T.);
#76=FACE_BOUND('',#361,.T.);
#77=FACE_BOUND('',#362,.T.);
#78=FACE_BOUND('',#363,.T.);
#79=FACE_BOUND('',#364,.T.);
#80=FACE_BOUND('',#365,.T.);
#81=FACE_BOUND('',#366,.T.);
#82=FACE_BOUND('',#367,.T.);
#83=FACE_BOUND('',#368,.T.);
#84=FACE_BOUND('',#369,.T.);
#85=FACE_BOUND('',#370,.T.);
#86=FACE_BOUND('',#371,.T.);
#87=FACE_BOUND('',#410,.T.);
#88=FACE_BOUND('',#411,.T.);
#89=FACE_BOUND('',#412,.T.);
#90=FACE_BOUND('',#413,.T.);
#91=FACE_BOUND('',#414,.T.);
#92=FACE_BOUND('',#415,.T.);
#93=FACE_BOUND('',#416,.T.);
#94=FACE_BOUND('',#417,.T.);
#95=FACE_BOUND('',#418,.T.);
#96=FACE_BOUND('',#419,.T.);
#97=FACE_BOUND('',#420,.T.);
#98=FACE_BOUND('',#421,.T.);
#99=FACE_BOUND('',#422,.T.);
#100=FACE_BOUND('',#423,.T.);
#101=FACE_BOUND('',#424,.T.);
#102=FACE_BOUND('',#425,.T.);
#103=FACE_BOUND('',#426,.T.);
#104=FACE_BOUND('',#427,.T.);
#105=FACE_BOUND('',#428,.T.);
#106=FACE_BOUND('',#429,.T.);
#107=FACE_BOUND('',#430,.T.);
#108=FACE_BOUND('',#431,.T.);
#109=FACE_BOUND('',#432,.T.);
#110=FACE_BOUND('',#433,.T.);
#111=FACE_BOUND('',#434,.T.);
#112=FACE_BOUND('',#435,.T.);
#113=FACE_BOUND('',#436,.T.);
#114=FACE_BOUND('',#437,.T.);
#115=FACE_BOUND('',#438,.T.);
#116=FACE_BOUND('',#439,.T.);
#117=FACE_BOUND('',#440,.T.);
#118=FACE_BOUND('',#441,.T.);
#119=FACE_BOUND('',#442,.T.);
#120=FACE_BOUND('',#444,.T.);
#121=FACE_BOUND('',#445,.T.);
#122=FACE_BOUND('',#446,.T.);
#123=FACE_BOUND('',#447,.T.);
#124=FACE_BOUND('',#448,.T.);
#125=FACE_BOUND('',#449,.T.);
#126=FACE_BOUND('',#450,.T.);
#127=FACE_BOUND('',#451,.T.);
#128=FACE_BOUND('',#452,.T.);
#129=FACE_BOUND('',#453,.T.);
#130=FACE_BOUND('',#454,.T.);
#131=FACE_BOUND('',#455,.T.);
#132=FACE_BOUND('',#456,.T.);
#133=FACE_BOUND('',#457,.T.);
#134=FACE_BOUND('',#458,.T.);
#135=FACE_BOUND('',#459,.T.);
#136=FACE_BOUND('',#460,.T.);
#137=FACE_BOUND('',#461,.T.);
#138=FACE_BOUND('',#462,.T.);
#139=FACE_BOUND('',#463,.T.);
#140=FACE_BOUND('',#464,.T.);
#141=FACE_BOUND('',#465,.T.);
#142=FACE_BOUND('',#466,.T.);
#143=FACE_BOUND('',#467,.T.);
#144=FACE_BOUND('',#468,.T.);
#145=FACE_BOUND('',#469,.T.);
#146=FACE_BOUND('',#470,.T.);
#147=FACE_BOUND('',#471,.T.);
#148=FACE_BOUND('',#472,.T.);
#149=FACE_BOUND('',#473,.T.);
#150=FACE_BOUND('',#474,.T.);
#151=FACE_BOUND('',#475,.T.);
#152=FACE_BOUND('',#476,.T.);
#153=PLANE('',#2032);
#154=PLANE('',#2033);
#155=PLANE('',#2034);
#156=PLANE('',#2035);
#157=PLANE('',#2036);
#158=PLANE('',#2037);
#159=PLANE('',#2137);
#160=PLANE('',#2138);
#161=PLANE('',#2139);
#162=PLANE('',#2140);
#163=PLANE('',#2141);
#164=PLANE('',#2142);
#165=PLANE('',#2143);
#166=PLANE('',#2144);
#167=PLANE('',#2145);
#168=PLANE('',#2146);
#169=PLANE('',#2147);
#170=PLANE('',#2148);
#171=PLANE('',#2149);
#172=PLANE('',#2150);
#173=PLANE('',#2151);
#174=PLANE('',#2152);
#175=PLANE('',#2153);
#176=PLANE('',#2154);
#177=FACE_OUTER_BOUND('',#267,.T.);
#178=FACE_OUTER_BOUND('',#268,.T.);
#179=FACE_OUTER_BOUND('',#269,.T.);
#180=FACE_OUTER_BOUND('',#270,.T.);
#181=FACE_OUTER_BOUND('',#271,.T.);
#182=FACE_OUTER_BOUND('',#272,.T.);
#183=FACE_OUTER_BOUND('',#273,.T.);
#184=FACE_OUTER_BOUND('',#274,.T.);
#185=FACE_OUTER_BOUND('',#275,.T.);
#186=FACE_OUTER_BOUND('',#276,.T.);
#187=FACE_OUTER_BOUND('',#277,.T.);
#188=FACE_OUTER_BOUND('',#278,.T.);
#189=FACE_OUTER_BOUND('',#279,.T.);
#190=FACE_OUTER_BOUND('',#280,.T.);
#191=FACE_OUTER_BOUND('',#281,.T.);
#192=FACE_OUTER_BOUND('',#282,.T.);
#193=FACE_OUTER_BOUND('',#283,.T.);
#194=FACE_OUTER_BOUND('',#284,.T.);
#195=FACE_OUTER_BOUND('',#285,.T.);
#196=FACE_OUTER_BOUND('',#286,.T.);
#197=FACE_OUTER_BOUND('',#287,.T.);
#198=FACE_OUTER_BOUND('',#288,.T.);
#199=FACE_OUTER_BOUND('',#289,.T.);
#200=FACE_OUTER_BOUND('',#290,.T.);
#201=FACE_OUTER_BOUND('',#291,.T.);
#202=FACE_OUTER_BOUND('',#292,.T.);
#203=FACE_OUTER_BOUND('',#293,.T.);
#204=FACE_OUTER_BOUND('',#294,.T.);
#205=FACE_OUTER_BOUND('',#295,.T.);
#206=FACE_OUTER_BOUND('',#296,.T.);
#207=FACE_OUTER_BOUND('',#297,.T.);
#208=FACE_OUTER_BOUND('',#298,.T.);
#209=FACE_OUTER_BOUND('',#299,.T.);
#210=FACE_OUTER_BOUND('',#300,.T.);
#211=FACE_OUTER_BOUND('',#301,.T.);
#212=FACE_OUTER_BOUND('',#302,.T.);
#213=FACE_OUTER_BOUND('',#303,.T.);
#214=FACE_OUTER_BOUND('',#304,.T.);
#215=FACE_OUTER_BOUND('',#338,.T.);
#216=FACE_OUTER_BOUND('',#372,.T.);
#217=FACE_OUTER_BOUND('',#373,.T.);
#218=FACE_OUTER_BOUND('',#374,.T.);
#219=FACE_OUTER_BOUND('',#375,.T.);
#220=FACE_OUTER_BOUND('',#376,.T.);
#221=FACE_OUTER_BOUND('',#377,.T.);
#222=FACE_OUTER_BOUND('',#378,.T.);
#223=FACE_OUTER_BOUND('',#379,.T.);
#224=FACE_OUTER_BOUND('',#380,.T.);
#225=FACE_OUTER_BOUND('',#381,.T.);
#226=FACE_OUTER_BOUND('',#382,.T.);
#227=FACE_OUTER_BOUND('',#383,.T.);
#228=FACE_OUTER_BOUND('',#384,.T.);
#229=FACE_OUTER_BOUND('',#385,.T.);
#230=FACE_OUTER_BOUND('',#386,.T.);
#231=FACE_OUTER_BOUND('',#387,.T.);
#232=FACE_OUTER_BOUND('',#388,.T.);
#233=FACE_OUTER_BOUND('',#389,.T.);
#234=FACE_OUTER_BOUND('',#390,.T.);
#235=FACE_OUTER_BOUND('',#391,.T.);
#236=FACE_OUTER_BOUND('',#392,.T.);
#237=FACE_OUTER_BOUND('',#393,.T.);
#238=FACE_OUTER_BOUND('',#394,.T.);
#239=FACE_OUTER_BOUND('',#395,.T.);
#240=FACE_OUTER_BOUND('',#396,.T.);
#241=FACE_OUTER_BOUND('',#397,.T.);
#242=FACE_OUTER_BOUND('',#398,.T.);
#243=FACE_OUTER_BOUND('',#399,.T.);
#244=FACE_OUTER_BOUND('',#400,.T.);
#245=FACE_OUTER_BOUND('',#401,.T.);
#246=FACE_OUTER_BOUND('',#402,.T.);
#247=FACE_OUTER_BOUND('',#403,.T.);
#248=FACE_OUTER_BOUND('',#404,.T.);
#249=FACE_OUTER_BOUND('',#405,.T.);
#250=FACE_OUTER_BOUND('',#406,.T.);
#251=FACE_OUTER_BOUND('',#407,.T.);
#252=FACE_OUTER_BOUND('',#408,.T.);
#253=FACE_OUTER_BOUND('',#409,.T.);
#254=FACE_OUTER_BOUND('',#443,.T.);
#255=FACE_OUTER_BOUND('',#477,.T.);
#256=FACE_OUTER_BOUND('',#478,.T.);
#257=FACE_OUTER_BOUND('',#479,.T.);
#258=FACE_OUTER_BOUND('',#480,.T.);
#259=FACE_OUTER_BOUND('',#481,.T.);
#260=FACE_OUTER_BOUND('',#482,.T.);
#261=FACE_OUTER_BOUND('',#483,.T.);
#262=FACE_OUTER_BOUND('',#484,.T.);
#263=FACE_OUTER_BOUND('',#485,.T.);
#264=FACE_OUTER_BOUND('',#486,.T.);
#265=FACE_OUTER_BOUND('',#487,.T.);
#266=FACE_OUTER_BOUND('',#488,.T.);
#267=EDGE_LOOP('',(#1259,#1260,#1261,#1262));
#268=EDGE_LOOP('',(#1263,#1264,#1265,#1266));
#269=EDGE_LOOP('',(#1267,#1268,#1269,#1270));
#270=EDGE_LOOP('',(#1271,#1272,#1273,#1274));
#271=EDGE_LOOP('',(#1275,#1276,#1277,#1278));
#272=EDGE_LOOP('',(#1279,#1280,#1281,#1282));
#273=EDGE_LOOP('',(#1283,#1284,#1285,#1286));
#274=EDGE_LOOP('',(#1287,#1288,#1289,#1290));
#275=EDGE_LOOP('',(#1291,#1292,#1293,#1294));
#276=EDGE_LOOP('',(#1295,#1296,#1297,#1298));
#277=EDGE_LOOP('',(#1299,#1300,#1301,#1302));
#278=EDGE_LOOP('',(#1303,#1304,#1305,#1306));
#279=EDGE_LOOP('',(#1307,#1308,#1309,#1310));
#280=EDGE_LOOP('',(#1311,#1312,#1313,#1314));
#281=EDGE_LOOP('',(#1315,#1316,#1317,#1318));
#282=EDGE_LOOP('',(#1319,#1320,#1321,#1322));
#283=EDGE_LOOP('',(#1323,#1324,#1325,#1326));
#284=EDGE_LOOP('',(#1327,#1328,#1329,#1330));
#285=EDGE_LOOP('',(#1331,#1332,#1333,#1334));
#286=EDGE_LOOP('',(#1335,#1336,#1337,#1338));
#287=EDGE_LOOP('',(#1339,#1340,#1341,#1342));
#288=EDGE_LOOP('',(#1343,#1344,#1345,#1346));
#289=EDGE_LOOP('',(#1347,#1348,#1349,#1350));
#290=EDGE_LOOP('',(#1351,#1352,#1353,#1354));
#291=EDGE_LOOP('',(#1355,#1356,#1357,#1358));
#292=EDGE_LOOP('',(#1359,#1360,#1361,#1362));
#293=EDGE_LOOP('',(#1363,#1364,#1365,#1366));
#294=EDGE_LOOP('',(#1367,#1368,#1369,#1370));
#295=EDGE_LOOP('',(#1371,#1372,#1373,#1374));
#296=EDGE_LOOP('',(#1375,#1376,#1377,#1378));
#297=EDGE_LOOP('',(#1379,#1380,#1381,#1382));
#298=EDGE_LOOP('',(#1383,#1384,#1385,#1386));
#299=EDGE_LOOP('',(#1387,#1388,#1389,#1390));
#300=EDGE_LOOP('',(#1391,#1392,#1393,#1394));
#301=EDGE_LOOP('',(#1395,#1396,#1397,#1398));
#302=EDGE_LOOP('',(#1399,#1400,#1401,#1402));
#303=EDGE_LOOP('',(#1403,#1404,#1405,#1406));
#304=EDGE_LOOP('',(#1407,#1408,#1409,#1410));
#305=EDGE_LOOP('',(#1411));
#306=EDGE_LOOP('',(#1412));
#307=EDGE_LOOP('',(#1413));
#308=EDGE_LOOP('',(#1414));
#309=EDGE_LOOP('',(#1415));
#310=EDGE_LOOP('',(#1416));
#311=EDGE_LOOP('',(#1417));
#312=EDGE_LOOP('',(#1418));
#313=EDGE_LOOP('',(#1419));
#314=EDGE_LOOP('',(#1420));
#315=EDGE_LOOP('',(#1421));
#316=EDGE_LOOP('',(#1422));
#317=EDGE_LOOP('',(#1423));
#318=EDGE_LOOP('',(#1424));
#319=EDGE_LOOP('',(#1425));
#320=EDGE_LOOP('',(#1426));
#321=EDGE_LOOP('',(#1427));
#322=EDGE_LOOP('',(#1428));
#323=EDGE_LOOP('',(#1429));
#324=EDGE_LOOP('',(#1430));
#325=EDGE_LOOP('',(#1431));
#326=EDGE_LOOP('',(#1432));
#327=EDGE_LOOP('',(#1433));
#328=EDGE_LOOP('',(#1434));
#329=EDGE_LOOP('',(#1435));
#330=EDGE_LOOP('',(#1436));
#331=EDGE_LOOP('',(#1437));
#332=EDGE_LOOP('',(#1438));
#333=EDGE_LOOP('',(#1439));
#334=EDGE_LOOP('',(#1440));
#335=EDGE_LOOP('',(#1441));
#336=EDGE_LOOP('',(#1442));
#337=EDGE_LOOP('',(#1443));
#338=EDGE_LOOP('',(#1444,#1445,#1446,#1447));
#339=EDGE_LOOP('',(#1448));
#340=EDGE_LOOP('',(#1449));
#341=EDGE_LOOP('',(#1450));
#342=EDGE_LOOP('',(#1451));
#343=EDGE_LOOP('',(#1452));
#344=EDGE_LOOP('',(#1453));
#345=EDGE_LOOP('',(#1454));
#346=EDGE_LOOP('',(#1455));
#347=EDGE_LOOP('',(#1456));
#348=EDGE_LOOP('',(#1457));
#349=EDGE_LOOP('',(#1458));
#350=EDGE_LOOP('',(#1459));
#351=EDGE_LOOP('',(#1460));
#352=EDGE_LOOP('',(#1461));
#353=EDGE_LOOP('',(#1462));
#354=EDGE_LOOP('',(#1463));
#355=EDGE_LOOP('',(#1464));
#356=EDGE_LOOP('',(#1465));
#357=EDGE_LOOP('',(#1466));
#358=EDGE_LOOP('',(#1467));
#359=EDGE_LOOP('',(#1468));
#360=EDGE_LOOP('',(#1469));
#361=EDGE_LOOP('',(#1470));
#362=EDGE_LOOP('',(#1471));
#363=EDGE_LOOP('',(#1472));
#364=EDGE_LOOP('',(#1473));
#365=EDGE_LOOP('',(#1474));
#366=EDGE_LOOP('',(#1475));
#367=EDGE_LOOP('',(#1476));
#368=EDGE_LOOP('',(#1477));
#369=EDGE_LOOP('',(#1478));
#370=EDGE_LOOP('',(#1479));
#371=EDGE_LOOP('',(#1480));
#372=EDGE_LOOP('',(#1481,#1482,#1483,#1484));
#373=EDGE_LOOP('',(#1485,#1486,#1487,#1488));
#374=EDGE_LOOP('',(#1489,#1490,#1491,#1492));
#375=EDGE_LOOP('',(#1493,#1494,#1495,#1496));
#376=EDGE_LOOP('',(#1497,#1498,#1499,#1500));
#377=EDGE_LOOP('',(#1501,#1502,#1503,#1504));
#378=EDGE_LOOP('',(#1505,#1506,#1507,#1508));
#379=EDGE_LOOP('',(#1509,#1510,#1511,#1512));
#380=EDGE_LOOP('',(#1513,#1514,#1515,#1516));
#381=EDGE_LOOP('',(#1517,#1518,#1519,#1520));
#382=EDGE_LOOP('',(#1521,#1522,#1523,#1524));
#383=EDGE_LOOP('',(#1525,#1526,#1527,#1528));
#384=EDGE_LOOP('',(#1529,#1530,#1531,#1532));
#385=EDGE_LOOP('',(#1533,#1534,#1535,#1536));
#386=EDGE_LOOP('',(#1537,#1538,#1539,#1540));
#387=EDGE_LOOP('',(#1541,#1542,#1543,#1544));
#388=EDGE_LOOP('',(#1545,#1546,#1547,#1548));
#389=EDGE_LOOP('',(#1549,#1550,#1551,#1552));
#390=EDGE_LOOP('',(#1553,#1554,#1555,#1556));
#391=EDGE_LOOP('',(#1557,#1558,#1559,#1560));
#392=EDGE_LOOP('',(#1561,#1562,#1563,#1564));
#393=EDGE_LOOP('',(#1565,#1566,#1567,#1568));
#394=EDGE_LOOP('',(#1569,#1570,#1571,#1572));
#395=EDGE_LOOP('',(#1573,#1574,#1575,#1576));
#396=EDGE_LOOP('',(#1577,#1578,#1579,#1580));
#397=EDGE_LOOP('',(#1581,#1582,#1583,#1584));
#398=EDGE_LOOP('',(#1585,#1586,#1587,#1588));
#399=EDGE_LOOP('',(#1589,#1590,#1591,#1592));
#400=EDGE_LOOP('',(#1593,#1594,#1595,#1596));
#401=EDGE_LOOP('',(#1597,#1598,#1599,#1600));
#402=EDGE_LOOP('',(#1601,#1602,#1603,#1604));
#403=EDGE_LOOP('',(#1605,#1606,#1607,#1608));
#404=EDGE_LOOP('',(#1609,#1610,#1611,#1612));
#405=EDGE_LOOP('',(#1613,#1614,#1615,#1616));
#406=EDGE_LOOP('',(#1617,#1618,#1619,#1620));
#407=EDGE_LOOP('',(#1621,#1622,#1623,#1624));
#408=EDGE_LOOP('',(#1625,#1626,#1627,#1628));
#409=EDGE_LOOP('',(#1629,#1630,#1631,#1632));
#410=EDGE_LOOP('',(#1633));
#411=EDGE_LOOP('',(#1634));
#412=EDGE_LOOP('',(#1635));
#413=EDGE_LOOP('',(#1636));
#414=EDGE_LOOP('',(#1637));
#415=EDGE_LOOP('',(#1638));
#416=EDGE_LOOP('',(#1639));
#417=EDGE_LOOP('',(#1640));
#418=EDGE_LOOP('',(#1641));
#419=EDGE_LOOP('',(#1642));
#420=EDGE_LOOP('',(#1643));
#421=EDGE_LOOP('',(#1644));
#422=EDGE_LOOP('',(#1645));
#423=EDGE_LOOP('',(#1646));
#424=EDGE_LOOP('',(#1647));
#425=EDGE_LOOP('',(#1648));
#426=EDGE_LOOP('',(#1649));
#427=EDGE_LOOP('',(#1650));
#428=EDGE_LOOP('',(#1651));
#429=EDGE_LOOP('',(#1652));
#430=EDGE_LOOP('',(#1653));
#431=EDGE_LOOP('',(#1654));
#432=EDGE_LOOP('',(#1655));
#433=EDGE_LOOP('',(#1656));
#434=EDGE_LOOP('',(#1657));
#435=EDGE_LOOP('',(#1658));
#436=EDGE_LOOP('',(#1659));
#437=EDGE_LOOP('',(#1660));
#438=EDGE_LOOP('',(#1661));
#439=EDGE_LOOP('',(#1662));
#440=EDGE_LOOP('',(#1663));
#441=EDGE_LOOP('',(#1664));
#442=EDGE_LOOP('',(#1665));
#443=EDGE_LOOP('',(#1666,#1667,#1668,#1669));
#444=EDGE_LOOP('',(#1670));
#445=EDGE_LOOP('',(#1671));
#446=EDGE_LOOP('',(#1672));
#447=EDGE_LOOP('',(#1673));
#448=EDGE_LOOP('',(#1674));
#449=EDGE_LOOP('',(#1675));
#450=EDGE_LOOP('',(#1676));
#451=EDGE_LOOP('',(#1677));
#452=EDGE_LOOP('',(#1678));
#453=EDGE_LOOP('',(#1679));
#454=EDGE_LOOP('',(#1680));
#455=EDGE_LOOP('',(#1681));
#456=EDGE_LOOP('',(#1682));
#457=EDGE_LOOP('',(#1683));
#458=EDGE_LOOP('',(#1684));
#459=EDGE_LOOP('',(#1685));
#460=EDGE_LOOP('',(#1686));
#461=EDGE_LOOP('',(#1687));
#462=EDGE_LOOP('',(#1688));
#463=EDGE_LOOP('',(#1689));
#464=EDGE_LOOP('',(#1690));
#465=EDGE_LOOP('',(#1691));
#466=EDGE_LOOP('',(#1692));
#467=EDGE_LOOP('',(#1693));
#468=EDGE_LOOP('',(#1694));
#469=EDGE_LOOP('',(#1695));
#470=EDGE_LOOP('',(#1696));
#471=EDGE_LOOP('',(#1697));
#472=EDGE_LOOP('',(#1698));
#473=EDGE_LOOP('',(#1699));
#474=EDGE_LOOP('',(#1700));
#475=EDGE_LOOP('',(#1701));
#476=EDGE_LOOP('',(#1702));
#477=EDGE_LOOP('',(#1703,#1704,#1705,#1706));
#478=EDGE_LOOP('',(#1707,#1708,#1709,#1710));
#479=EDGE_LOOP('',(#1711,#1712,#1713,#1714));
#480=EDGE_LOOP('',(#1715,#1716,#1717,#1718));
#481=EDGE_LOOP('',(#1719,#1720,#1721,#1722));
#482=EDGE_LOOP('',(#1723,#1724,#1725,#1726));
#483=EDGE_LOOP('',(#1727,#1728,#1729,#1730));
#484=EDGE_LOOP('',(#1731,#1732,#1733,#1734));
#485=EDGE_LOOP('',(#1735,#1736,#1737,#1738));
#486=EDGE_LOOP('',(#1739,#1740,#1741,#1742));
#487=EDGE_LOOP('',(#1743,#1744,#1745,#1746));
#488=EDGE_LOOP('',(#1747,#1748,#1749,#1750));
#489=LINE('',#2720,#603);
#490=LINE('',#2726,#604);
#491=LINE('',#2732,#605);
#492=LINE('',#2738,#606);
#493=LINE('',#2744,#607);
#494=LINE('',#2750,#608);
#495=LINE('',#2756,#609);
#496=LINE('',#2762,#610);
#497=LINE('',#2768,#611);
#498=LINE('',#2774,#612);
#499=LINE('',#2780,#613);
#500=LINE('',#2786,#614);
#501=LINE('',#2792,#615);
#502=LINE('',#2798,#616);
#503=LINE('',#2804,#617);
#504=LINE('',#2810,#618);
#505=LINE('',#2816,#619);
#506=LINE('',#2822,#620);
#507=LINE('',#2828,#621);
#508=LINE('',#2834,#622);
#509=LINE('',#2840,#623);
#510=LINE('',#2846,#624);
#511=LINE('',#2852,#625);
#512=LINE('',#2858,#626);
#513=LINE('',#2864,#627);
#514=LINE('',#2870,#628);
#515=LINE('',#2876,#629);
#516=LINE('',#2882,#630);
#517=LINE('',#2888,#631);
#518=LINE('',#2894,#632);
#519=LINE('',#2900,#633);
#520=LINE('',#2906,#634);
#521=LINE('',#2912,#635);
#522=LINE('',#2917,#636);
#523=LINE('',#2919,#637);
#524=LINE('',#2921,#638);
#525=LINE('',#2922,#639);
#526=LINE('',#2925,#640);
#527=LINE('',#2927,#641);
#528=LINE('',#2928,#642);
#529=LINE('',#2931,#643);
#530=LINE('',#2933,#644);
#531=LINE('',#2934,#645);
#532=LINE('',#2936,#646);
#533=LINE('',#2937,#647);
#534=LINE('',#2944,#648);
#535=LINE('',#2950,#649);
#536=LINE('',#2956,#650);
#537=LINE('',#2962,#651);
#538=LINE('',#2968,#652);
#539=LINE('',#2974,#653);
#540=LINE('',#2980,#654);
#541=LINE('',#2986,#655);
#542=LINE('',#2992,#656);
#543=LINE('',#2998,#657);
#544=LINE('',#3004,#658);
#545=LINE('',#3010,#659);
#546=LINE('',#3016,#660);
#547=LINE('',#3022,#661);
#548=LINE('',#3028,#662);
#549=LINE('',#3034,#663);
#550=LINE('',#3040,#664);
#551=LINE('',#3046,#665);
#552=LINE('',#3052,#666);
#553=LINE('',#3058,#667);
#554=LINE('',#3064,#668);
#555=LINE('',#3070,#669);
#556=LINE('',#3076,#670);
#557=LINE('',#3082,#671);
#558=LINE('',#3088,#672);
#559=LINE('',#3094,#673);
#560=LINE('',#3100,#674);
#561=LINE('',#3106,#675);
#562=LINE('',#3112,#676);
#563=LINE('',#3118,#677);
#564=LINE('',#3124,#678);
#565=LINE('',#3130,#679);
#566=LINE('',#3136,#680);
#567=LINE('',#3141,#681);
#568=LINE('',#3143,#682);
#569=LINE('',#3145,#683);
#570=LINE('',#3146,#684);
#571=LINE('',#3149,#685);
#572=LINE('',#3151,#686);
#573=LINE('',#3152,#687);
#574=LINE('',#3155,#688);
#575=LINE('',#3157,#689);
#576=LINE('',#3158,#690);
#577=LINE('',#3160,#691);
#578=LINE('',#3161,#692);
#579=LINE('',#3167,#693);
#580=LINE('',#3169,#694);
#581=LINE('',#3171,#695);
#582=LINE('',#3172,#696);
#583=LINE('',#3175,#697);
#584=LINE('',#3177,#698);
#585=LINE('',#3178,#699);
#586=LINE('',#3181,#700);
#587=LINE('',#3183,#701);
#588=LINE('',#3184,#702);
#589=LINE('',#3186,#703);
#590=LINE('',#3187,#704);
#591=LINE('',#3193,#705);
#592=LINE('',#3195,#706);
#593=LINE('',#3197,#707);
#594=LINE('',#3198,#708);
#595=LINE('',#3201,#709);
#596=LINE('',#3203,#710);
#597=LINE('',#3204,#711);
#598=LINE('',#3207,#712);
#599=LINE('',#3209,#713);
#600=LINE('',#3210,#714);
#601=LINE('',#3212,#715);
#602=LINE('',#3213,#716);
#603=VECTOR('',#2161,1.5);
#604=VECTOR('',#2168,1.5);
#605=VECTOR('',#2175,1.5);
#606=VECTOR('',#2182,1.5);
#607=VECTOR('',#2189,1.5);
#608=VECTOR('',#2196,1.5);
#609=VECTOR('',#2203,1.5);
#610=VECTOR('',#2210,1.5);
#611=VECTOR('',#2217,1.5);
#612=VECTOR('',#2224,1.5);
#613=VECTOR('',#2231,1.5);
#614=VECTOR('',#2238,1.5);
#615=VECTOR('',#2245,1.5);
#616=VECTOR('',#2252,1.5);
#617=VECTOR('',#2259,1.5);
#618=VECTOR('',#2266,1.5);
#619=VECTOR('',#2273,1.5);
#620=VECTOR('',#2280,1.5);
#621=VECTOR('',#2287,1.5);
#622=VECTOR('',#2294,1.5);
#623=VECTOR('',#2301,1.5);
#624=VECTOR('',#2308,1.5);
#625=VECTOR('',#2315,1.5);
#626=VECTOR('',#2322,1.5);
#627=VECTOR('',#2329,1.5);
#628=VECTOR('',#2336,1.5);
#629=VECTOR('',#2343,1.5);
#630=VECTOR('',#2350,1.5);
#631=VECTOR('',#2357,1.5);
#632=VECTOR('',#2364,1.5);
#633=VECTOR('',#2371,1.5);
#634=VECTOR('',#2378,1.5);
#635=VECTOR('',#2385,1.5);
#636=VECTOR('',#2390,10.);
#637=VECTOR('',#2391,10.);
#638=VECTOR('',#2392,10.);
#639=VECTOR('',#2393,10.);
#640=VECTOR('',#2396,10.);
#641=VECTOR('',#2397,10.);
#642=VECTOR('',#2398,10.);
#643=VECTOR('',#2401,10.);
#644=VECTOR('',#2402,10.);
#645=VECTOR('',#2403,10.);
#646=VECTOR('',#2406,10.);
#647=VECTOR('',#2407,10.);
#648=VECTOR('',#2416,1.5);
#649=VECTOR('',#2423,1.5);
#650=VECTOR('',#2430,1.5);
#651=VECTOR('',#2437,1.5);
#652=VECTOR('',#2444,1.5);
#653=VECTOR('',#2451,1.5);
#654=VECTOR('',#2458,1.5);
#655=VECTOR('',#2465,1.5);
#656=VECTOR('',#2472,1.5);
#657=VECTOR('',#2479,1.5);
#658=VECTOR('',#2486,1.5);
#659=VECTOR('',#2493,1.5);
#660=VECTOR('',#2500,1.5);
#661=VECTOR('',#2507,1.5);
#662=VECTOR('',#2514,1.5);
#663=VECTOR('',#2521,1.5);
#664=VECTOR('',#2528,1.5);
#665=VECTOR('',#2535,1.5);
#666=VECTOR('',#2542,1.5);
#667=VECTOR('',#2549,1.5);
#668=VECTOR('',#2556,1.5);
#669=VECTOR('',#2563,1.5);
#670=VECTOR('',#2570,1.5);
#671=VECTOR('',#2577,1.5);
#672=VECTOR('',#2584,1.5);
#673=VECTOR('',#2591,1.5);
#674=VECTOR('',#2598,1.5);
#675=VECTOR('',#2605,1.5);
#676=VECTOR('',#2612,1.5);
#677=VECTOR('',#2619,1.5);
#678=VECTOR('',#2626,1.5);
#679=VECTOR('',#2633,1.5);
#680=VECTOR('',#2640,1.5);
#681=VECTOR('',#2645,10.);
#682=VECTOR('',#2646,10.);
#683=VECTOR('',#2647,10.);
#684=VECTOR('',#2648,10.);
#685=VECTOR('',#2651,10.);
#686=VECTOR('',#2652,10.);
#687=VECTOR('',#2653,10.);
#688=VECTOR('',#2656,10.);
#689=VECTOR('',#2657,10.);
#690=VECTOR('',#2658,10.);
#691=VECTOR('',#2661,10.);
#692=VECTOR('',#2662,10.);
#693=VECTOR('',#2669,10.);
#694=VECTOR('',#2670,10.);
#695=VECTOR('',#2671,10.);
#696=VECTOR('',#2672,10.);
#697=VECTOR('',#2675,10.);
#698=VECTOR('',#2676,10.);
#699=VECTOR('',#2677,10.);
#700=VECTOR('',#2680,10.);
#701=VECTOR('',#2681,10.);
#702=VECTOR('',#2682,10.);
#703=VECTOR('',#2685,10.);
#704=VECTOR('',#2686,10.);
#705=VECTOR('',#2693,10.);
#706=VECTOR('',#2694,10.);
#707=VECTOR('',#2695,10.);
#708=VECTOR('',#2696,10.);
#709=VECTOR('',#2699,10.);
#710=VECTOR('',#2700,10.);
#711=VECTOR('',#2701,10.);
#712=VECTOR('',#2704,10.);
#713=VECTOR('',#2705,10.);
#714=VECTOR('',#2706,10.);
#715=VECTOR('',#2709,10.);
#716=VECTOR('',#2710,10.);
#717=CIRCLE('',#1934,1.5);
#718=CIRCLE('',#1935,1.5);
#719=CIRCLE('',#1937,1.5);
#720=CIRCLE('',#1938,1.5);
#721=CIRCLE('',#1940,1.5);
#722=CIRCLE('',#1941,1.5);
#723=CIRCLE('',#1943,1.5);
#724=CIRCLE('',#1944,1.5);
#725=CIRCLE('',#1946,1.5);
#726=CIRCLE('',#1947,1.5);
#727=CIRCLE('',#1949,1.5);
#728=CIRCLE('',#1950,1.5);
#729=CIRCLE('',#1952,1.5);
#730=CIRCLE('',#1953,1.5);
#731=CIRCLE('',#1955,1.5);
#732=CIRCLE('',#1956,1.5);
#733=CIRCLE('',#1958,1.5);
#734=CIRCLE('',#1959,1.5);
#735=CIRCLE('',#1961,1.5);
#736=CIRCLE('',#1962,1.5);
#737=CIRCLE('',#1964,1.5);
#738=CIRCLE('',#1965,1.5);
#739=CIRCLE('',#1967,1.5);
#740=CIRCLE('',#1968,1.5);
#741=CIRCLE('',#1970,1.5);
#742=CIRCLE('',#1971,1.5);
#743=CIRCLE('',#1973,1.5);
#744=CIRCLE('',#1974,1.5);
#745=CIRCLE('',#1976,1.5);
#746=CIRCLE('',#1977,1.5);
#747=CIRCLE('',#1979,1.5);
#748=CIRCLE('',#1980,1.5);
#749=CIRCLE('',#1982,1.5);
#750=CIRCLE('',#1983,1.5);
#751=CIRCLE('',#1985,1.5);
#752=CIRCLE('',#1986,1.5);
#753=CIRCLE('',#1988,1.5);
#754=CIRCLE('',#1989,1.5);
#755=CIRCLE('',#1991,1.5);
#756=CIRCLE('',#1992,1.5);
#757=CIRCLE('',#1994,1.5);
#758=CIRCLE('',#1995,1.5);
#759=CIRCLE('',#1997,1.5);
#760=CIRCLE('',#1998,1.5);
#761=CIRCLE('',#2000,1.5);
#762=CIRCLE('',#2001,1.5);
#763=CIRCLE('',#2003,1.5);
#764=CIRCLE('',#2004,1.5);
#765=CIRCLE('',#2006,1.5);
#766=CIRCLE('',#2007,1.5);
#767=CIRCLE('',#2009,1.5);
#768=CIRCLE('',#2010,1.5);
#769=CIRCLE('',#2012,1.5);
#770=CIRCLE('',#2013,1.5);
#771=CIRCLE('',#2015,1.5);
#772=CIRCLE('',#2016,1.5);
#773=CIRCLE('',#2018,1.5);
#774=CIRCLE('',#2019,1.5);
#775=CIRCLE('',#2021,1.5);
#776=CIRCLE('',#2022,1.5);
#777=CIRCLE('',#2024,1.5);
#778=CIRCLE('',#2025,1.5);
#779=CIRCLE('',#2027,1.5);
#780=CIRCLE('',#2028,1.5);
#781=CIRCLE('',#2030,1.5);
#782=CIRCLE('',#2031,1.5);
#783=CIRCLE('',#2039,1.5);
#784=CIRCLE('',#2040,1.5);
#785=CIRCLE('',#2042,1.5);
#786=CIRCLE('',#2043,1.5);
#787=CIRCLE('',#2045,1.5);
#788=CIRCLE('',#2046,1.5);
#789=CIRCLE('',#2048,1.5);
#790=CIRCLE('',#2049,1.5);
#791=CIRCLE('',#2051,1.5);
#792=CIRCLE('',#2052,1.5);
#793=CIRCLE('',#2054,1.5);
#794=CIRCLE('',#2055,1.5);
#795=CIRCLE('',#2057,1.5);
#796=CIRCLE('',#2058,1.5);
#797=CIRCLE('',#2060,1.5);
#798=CIRCLE('',#2061,1.5);
#799=CIRCLE('',#2063,1.5);
#800=CIRCLE('',#2064,1.5);
#801=CIRCLE('',#2066,1.5);
#802=CIRCLE('',#2067,1.5);
#803=CIRCLE('',#2069,1.5);
#804=CIRCLE('',#2070,1.5);
#805=CIRCLE('',#2072,1.5);
#806=CIRCLE('',#2073,1.5);
#807=CIRCLE('',#2075,1.5);
#808=CIRCLE('',#2076,1.5);
#809=CIRCLE('',#2078,1.5);
#810=CIRCLE('',#2079,1.5);
#811=CIRCLE('',#2081,1.5);
#812=CIRCLE('',#2082,1.5);
#813=CIRCLE('',#2084,1.5);
#814=CIRCLE('',#2085,1.5);
#815=CIRCLE('',#2087,1.5);
#816=CIRCLE('',#2088,1.5);
#817=CIRCLE('',#2090,1.5);
#818=CIRCLE('',#2091,1.5);
#819=CIRCLE('',#2093,1.5);
#820=CIRCLE('',#2094,1.5);
#821=CIRCLE('',#2096,1.5);
#822=CIRCLE('',#2097,1.5);
#823=CIRCLE('',#2099,1.5);
#824=CIRCLE('',#2100,1.5);
#825=CIRCLE('',#2102,1.5);
#826=CIRCLE('',#2103,1.5);
#827=CIRCLE('',#2105,1.5);
#828=CIRCLE('',#2106,1.5);
#829=CIRCLE('',#2108,1.5);
#830=CIRCLE('',#2109,1.5);
#831=CIRCLE('',#2111,1.5);
#832=CIRCLE('',#2112,1.5);
#833=CIRCLE('',#2114,1.5);
#834=CIRCLE('',#2115,1.5);
#835=CIRCLE('',#2117,1.5);
#836=CIRCLE('',#2118,1.5);
#837=CIRCLE('',#2120,1.5);
#838=CIRCLE('',#2121,1.5);
#839=CIRCLE('',#2123,1.5);
#840=CIRCLE('',#2124,1.5);
#841=CIRCLE('',#2126,1.5);
#842=CIRCLE('',#2127,1.5);
#843=CIRCLE('',#2129,1.5);
#844=CIRCLE('',#2130,1.5);
#845=CIRCLE('',#2132,1.5);
#846=CIRCLE('',#2133,1.5);
#847=CIRCLE('',#2135,1.5);
#848=CIRCLE('',#2136,1.5);
#849=VERTEX_POINT('',#2717);
#850=VERTEX_POINT('',#2719);
#851=VERTEX_POINT('',#2723);
#852=VERTEX_POINT('',#2725);
#853=VERTEX_POINT('',#2729);
#854=VERTEX_POINT('',#2731);
#855=VERTEX_POINT('',#2735);
#856=VERTEX_POINT('',#2737);
#857=VERTEX_POINT('',#2741);
#858=VERTEX_POINT('',#2743);
#859=VERTEX_POINT('',#2747);
#860=VERTEX_POINT('',#2749);
#861=VERTEX_POINT('',#2753);
#862=VERTEX_POINT('',#2755);
#863=VERTEX_POINT('',#2759);
#864=VERTEX_POINT('',#2761);
#865=VERTEX_POINT('',#2765);
#866=VERTEX_POINT('',#2767);
#867=VERTEX_POINT('',#2771);
#868=VERTEX_POINT('',#2773);
#869=VERTEX_POINT('',#2777);
#870=VERTEX_POINT('',#2779);
#871=VERTEX_POINT('',#2783);
#872=VERTEX_POINT('',#2785);
#873=VERTEX_POINT('',#2789);
#874=VERTEX_POINT('',#2791);
#875=VERTEX_POINT('',#2795);
#876=VERTEX_POINT('',#2797);
#877=VERTEX_POINT('',#2801);
#878=VERTEX_POINT('',#2803);
#879=VERTEX_POINT('',#2807);
#880=VERTEX_POINT('',#2809);
#881=VERTEX_POINT('',#2813);
#882=VERTEX_POINT('',#2815);
#883=VERTEX_POINT('',#2819);
#884=VERTEX_POINT('',#2821);
#885=VERTEX_POINT('',#2825);
#886=VERTEX_POINT('',#2827);
#887=VERTEX_POINT('',#2831);
#888=VERTEX_POINT('',#2833);
#889=VERTEX_POINT('',#2837);
#890=VERTEX_POINT('',#2839);
#891=VERTEX_POINT('',#2843);
#892=VERTEX_POINT('',#2845);
#893=VERTEX_POINT('',#2849);
#894=VERTEX_POINT('',#2851);
#895=VERTEX_POINT('',#2855);
#896=VERTEX_POINT('',#2857);
#897=VERTEX_POINT('',#2861);
#898=VERTEX_POINT('',#2863);
#899=VERTEX_POINT('',#2867);
#900=VERTEX_POINT('',#2869);
#901=VERTEX_POINT('',#2873);
#902=VERTEX_POINT('',#2875);
#903=VERTEX_POINT('',#2879);
#904=VERTEX_POINT('',#2881);
#905=VERTEX_POINT('',#2885);
#906=VERTEX_POINT('',#2887);
#907=VERTEX_POINT('',#2891);
#908=VERTEX_POINT('',#2893);
#909=VERTEX_POINT('',#2897);
#910=VERTEX_POINT('',#2899);
#911=VERTEX_POINT('',#2903);
#912=VERTEX_POINT('',#2905);
#913=VERTEX_POINT('',#2909);
#914=VERTEX_POINT('',#2911);
#915=VERTEX_POINT('',#2915);
#916=VERTEX_POINT('',#2916);
#917=VERTEX_POINT('',#2918);
#918=VERTEX_POINT('',#2920);
#919=VERTEX_POINT('',#2924);
#920=VERTEX_POINT('',#2926);
#921=VERTEX_POINT('',#2930);
#922=VERTEX_POINT('',#2932);
#923=VERTEX_POINT('',#2941);
#924=VERTEX_POINT('',#2943);
#925=VERTEX_POINT('',#2947);
#926=VERTEX_POINT('',#2949);
#927=VERTEX_POINT('',#2953);
#928=VERTEX_POINT('',#2955);
#929=VERTEX_POINT('',#2959);
#930=VERTEX_POINT('',#2961);
#931=VERTEX_POINT('',#2965);
#932=VERTEX_POINT('',#2967);
#933=VERTEX_POINT('',#2971);
#934=VERTEX_POINT('',#2973);
#935=VERTEX_POINT('',#2977);
#936=VERTEX_POINT('',#2979);
#937=VERTEX_POINT('',#2983);
#938=VERTEX_POINT('',#2985);
#939=VERTEX_POINT('',#2989);
#940=VERTEX_POINT('',#2991);
#941=VERTEX_POINT('',#2995);
#942=VERTEX_POINT('',#2997);
#943=VERTEX_POINT('',#3001);
#944=VERTEX_POINT('',#3003);
#945=VERTEX_POINT('',#3007);
#946=VERTEX_POINT('',#3009);
#947=VERTEX_POINT('',#3013);
#948=VERTEX_POINT('',#3015);
#949=VERTEX_POINT('',#3019);
#950=VERTEX_POINT('',#3021);
#951=VERTEX_POINT('',#3025);
#952=VERTEX_POINT('',#3027);
#953=VERTEX_POINT('',#3031);
#954=VERTEX_POINT('',#3033);
#955=VERTEX_POINT('',#3037);
#956=VERTEX_POINT('',#3039);
#957=VERTEX_POINT('',#3043);
#958=VERTEX_POINT('',#3045);
#959=VERTEX_POINT('',#3049);
#960=VERTEX_POINT('',#3051);
#961=VERTEX_POINT('',#3055);
#962=VERTEX_POINT('',#3057);
#963=VERTEX_POINT('',#3061);
#964=VERTEX_POINT('',#3063);
#965=VERTEX_POINT('',#3067);
#966=VERTEX_POINT('',#3069);
#967=VERTEX_POINT('',#3073);
#968=VERTEX_POINT('',#3075);
#969=VERTEX_POINT('',#3079);
#970=VERTEX_POINT('',#3081);
#971=VERTEX_POINT('',#3085);
#972=VERTEX_POINT('',#3087);
#973=VERTEX_POINT('',#3091);
#974=VERTEX_POINT('',#3093);
#975=VERTEX_POINT('',#3097);
#976=VERTEX_POINT('',#3099);
#977=VERTEX_POINT('',#3103);
#978=VERTEX_POINT('',#3105);
#979=VERTEX_POINT('',#3109);
#980=VERTEX_POINT('',#3111);
#981=VERTEX_POINT('',#3115);
#982=VERTEX_POINT('',#3117);
#983=VERTEX_POINT('',#3121);
#984=VERTEX_POINT('',#3123);
#985=VERTEX_POINT('',#3127);
#986=VERTEX_POINT('',#3129);
#987=VERTEX_POINT('',#3133);
#988=VERTEX_POINT('',#3135);
#989=VERTEX_POINT('',#3139);
#990=VERTEX_POINT('',#3140);
#991=VERTEX_POINT('',#3142);
#992=VERTEX_POINT('',#3144);
#993=VERTEX_POINT('',#3148);
#994=VERTEX_POINT('',#3150);
#995=VERTEX_POINT('',#3154);
#996=VERTEX_POINT('',#3156);
#997=VERTEX_POINT('',#3165);
#998=VERTEX_POINT('',#3166);
#999=VERTEX_POINT('',#3168);
#1000=VERTEX_POINT('',#3170);
#1001=VERTEX_POINT('',#3174);
#1002=VERTEX_POINT('',#3176);
#1003=VERTEX_POINT('',#3180);
#1004=VERTEX_POINT('',#3182);
#1005=VERTEX_POINT('',#3191);
#1006=VERTEX_POINT('',#3192);
#1007=VERTEX_POINT('',#3194);
#1008=VERTEX_POINT('',#3196);
#1009=VERTEX_POINT('',#3200);
#1010=VERTEX_POINT('',#3202);
#1011=VERTEX_POINT('',#3206);
#1012=VERTEX_POINT('',#3208);
#1013=EDGE_CURVE('',#849,#849,#717,.T.);
#1014=EDGE_CURVE('',#849,#850,#489,.T.);
#1015=EDGE_CURVE('',#850,#850,#718,.T.);
#1016=EDGE_CURVE('',#851,#851,#719,.T.);
#1017=EDGE_CURVE('',#851,#852,#490,.T.);
#1018=EDGE_CURVE('',#852,#852,#720,.T.);
#1019=EDGE_CURVE('',#853,#853,#721,.T.);
#1020=EDGE_CURVE('',#853,#854,#491,.T.);
#1021=EDGE_CURVE('',#854,#854,#722,.T.);
#1022=EDGE_CURVE('',#855,#855,#723,.T.);
#1023=EDGE_CURVE('',#855,#856,#492,.T.);
#1024=EDGE_CURVE('',#856,#856,#724,.T.);
#1025=EDGE_CURVE('',#857,#857,#725,.T.);
#1026=EDGE_CURVE('',#857,#858,#493,.T.);
#1027=EDGE_CURVE('',#858,#858,#726,.T.);
#1028=EDGE_CURVE('',#859,#859,#727,.T.);
#1029=EDGE_CURVE('',#859,#860,#494,.T.);
#1030=EDGE_CURVE('',#860,#860,#728,.T.);
#1031=EDGE_CURVE('',#861,#861,#729,.T.);
#1032=EDGE_CURVE('',#861,#862,#495,.T.);
#1033=EDGE_CURVE('',#862,#862,#730,.T.);
#1034=EDGE_CURVE('',#863,#863,#731,.T.);
#1035=EDGE_CURVE('',#863,#864,#496,.T.);
#1036=EDGE_CURVE('',#864,#864,#732,.T.);
#1037=EDGE_CURVE('',#865,#865,#733,.T.);
#1038=EDGE_CURVE('',#865,#866,#497,.T.);
#1039=EDGE_CURVE('',#866,#866,#734,.T.);
#1040=EDGE_CURVE('',#867,#867,#735,.T.);
#1041=EDGE_CURVE('',#867,#868,#498,.T.);
#1042=EDGE_CURVE('',#868,#868,#736,.T.);
#1043=EDGE_CURVE('',#869,#869,#737,.T.);
#1044=EDGE_CURVE('',#869,#870,#499,.T.);
#1045=EDGE_CURVE('',#870,#870,#738,.T.);
#1046=EDGE_CURVE('',#871,#871,#739,.T.);
#1047=EDGE_CURVE('',#871,#872,#500,.T.);
#1048=EDGE_CURVE('',#872,#872,#740,.T.);
#1049=EDGE_CURVE('',#873,#873,#741,.T.);
#1050=EDGE_CURVE('',#873,#874,#501,.T.);
#1051=EDGE_CURVE('',#874,#874,#742,.T.);
#1052=EDGE_CURVE('',#875,#875,#743,.T.);
#1053=EDGE_CURVE('',#875,#876,#502,.T.);
#1054=EDGE_CURVE('',#876,#876,#744,.T.);
#1055=EDGE_CURVE('',#877,#877,#745,.T.);
#1056=EDGE_CURVE('',#877,#878,#503,.T.);
#1057=EDGE_CURVE('',#878,#878,#746,.T.);
#1058=EDGE_CURVE('',#879,#879,#747,.T.);
#1059=EDGE_CURVE('',#879,#880,#504,.T.);
#1060=EDGE_CURVE('',#880,#880,#748,.T.);
#1061=EDGE_CURVE('',#881,#881,#749,.T.);
#1062=EDGE_CURVE('',#881,#882,#505,.T.);
#1063=EDGE_CURVE('',#882,#882,#750,.T.);
#1064=EDGE_CURVE('',#883,#883,#751,.T.);
#1065=EDGE_CURVE('',#883,#884,#506,.T.);
#1066=EDGE_CURVE('',#884,#884,#752,.T.);
#1067=EDGE_CURVE('',#885,#885,#753,.T.);
#1068=EDGE_CURVE('',#885,#886,#507,.T.);
#1069=EDGE_CURVE('',#886,#886,#754,.T.);
#1070=EDGE_CURVE('',#887,#887,#755,.T.);
#1071=EDGE_CURVE('',#887,#888,#508,.T.);
#1072=EDGE_CURVE('',#888,#888,#756,.T.);
#1073=EDGE_CURVE('',#889,#889,#757,.T.);
#1074=EDGE_CURVE('',#889,#890,#509,.T.);
#1075=EDGE_CURVE('',#890,#890,#758,.T.);
#1076=EDGE_CURVE('',#891,#891,#759,.T.);
#1077=EDGE_CURVE('',#891,#892,#510,.T.);
#1078=EDGE_CURVE('',#892,#892,#760,.T.);
#1079=EDGE_CURVE('',#893,#893,#761,.T.);
#1080=EDGE_CURVE('',#893,#894,#511,.T.);
#1081=EDGE_CURVE('',#894,#894,#762,.T.);
#1082=EDGE_CURVE('',#895,#895,#763,.T.);
#1083=EDGE_CURVE('',#895,#896,#512,.T.);
#1084=EDGE_CURVE('',#896,#896,#764,.T.);
#1085=EDGE_CURVE('',#897,#897,#765,.T.);
#1086=EDGE_CURVE('',#897,#898,#513,.T.);
#1087=EDGE_CURVE('',#898,#898,#766,.T.);
#1088=EDGE_CURVE('',#899,#899,#767,.T.);
#1089=EDGE_CURVE('',#899,#900,#514,.T.);
#1090=EDGE_CURVE('',#900,#900,#768,.T.);
#1091=EDGE_CURVE('',#901,#901,#769,.T.);
#1092=EDGE_CURVE('',#901,#902,#515,.T.);
#1093=EDGE_CURVE('',#902,#902,#770,.T.);
#1094=EDGE_CURVE('',#903,#903,#771,.T.);
#1095=EDGE_CURVE('',#903,#904,#516,.T.);
#1096=EDGE_CURVE('',#904,#904,#772,.T.);
#1097=EDGE_CURVE('',#905,#905,#773,.T.);
#1098=EDGE_CURVE('',#905,#906,#517,.T.);
#1099=EDGE_CURVE('',#906,#906,#774,.T.);
#1100=EDGE_CURVE('',#907,#907,#775,.T.);
#1101=EDGE_CURVE('',#907,#908,#518,.T.);
#1102=EDGE_CURVE('',#908,#908,#776,.T.);
#1103=EDGE_CURVE('',#909,#909,#777,.T.);
#1104=EDGE_CURVE('',#909,#910,#519,.T.);
#1105=EDGE_CURVE('',#910,#910,#778,.T.);
#1106=EDGE_CURVE('',#911,#911,#779,.T.);
#1107=EDGE_CURVE('',#911,#912,#520,.T.);
#1108=EDGE_CURVE('',#912,#912,#780,.T.);
#1109=EDGE_CURVE('',#913,#913,#781,.T.);
#1110=EDGE_CURVE('',#913,#914,#521,.T.);
#1111=EDGE_CURVE('',#914,#914,#782,.T.);
#1112=EDGE_CURVE('',#915,#916,#522,.T.);
#1113=EDGE_CURVE('',#916,#917,#523,.T.);
#1114=EDGE_CURVE('',#918,#917,#524,.T.);
#1115=EDGE_CURVE('',#915,#918,#525,.T.);
#1116=EDGE_CURVE('',#919,#915,#526,.T.);
#1117=EDGE_CURVE('',#920,#918,#527,.T.);
#1118=EDGE_CURVE('',#919,#920,#528,.T.);
#1119=EDGE_CURVE('',#921,#919,#529,.T.);
#1120=EDGE_CURVE('',#922,#920,#530,.T.);
#1121=EDGE_CURVE('',#921,#922,#531,.T.);
#1122=EDGE_CURVE('',#916,#921,#532,.T.);
#1123=EDGE_CURVE('',#917,#922,#533,.T.);
#1124=EDGE_CURVE('',#923,#923,#783,.T.);
#1125=EDGE_CURVE('',#923,#924,#534,.T.);
#1126=EDGE_CURVE('',#924,#924,#784,.T.);
#1127=EDGE_CURVE('',#925,#925,#785,.T.);
#1128=EDGE_CURVE('',#925,#926,#535,.T.);
#1129=EDGE_CURVE('',#926,#926,#786,.T.);
#1130=EDGE_CURVE('',#927,#927,#787,.T.);
#1131=EDGE_CURVE('',#927,#928,#536,.T.);
#1132=EDGE_CURVE('',#928,#928,#788,.T.);
#1133=EDGE_CURVE('',#929,#929,#789,.T.);
#1134=EDGE_CURVE('',#929,#930,#537,.T.);
#1135=EDGE_CURVE('',#930,#930,#790,.T.);
#1136=EDGE_CURVE('',#931,#931,#791,.T.);
#1137=EDGE_CURVE('',#931,#932,#538,.T.);
#1138=EDGE_CURVE('',#932,#932,#792,.T.);
#1139=EDGE_CURVE('',#933,#933,#793,.T.);
#1140=EDGE_CURVE('',#933,#934,#539,.T.);
#1141=EDGE_CURVE('',#934,#934,#794,.T.);
#1142=EDGE_CURVE('',#935,#935,#795,.T.);
#1143=EDGE_CURVE('',#935,#936,#540,.T.);
#1144=EDGE_CURVE('',#936,#936,#796,.T.);
#1145=EDGE_CURVE('',#937,#937,#797,.T.);
#1146=EDGE_CURVE('',#937,#938,#541,.T.);
#1147=EDGE_CURVE('',#938,#938,#798,.T.);
#1148=EDGE_CURVE('',#939,#939,#799,.T.);
#1149=EDGE_CURVE('',#939,#940,#542,.T.);
#1150=EDGE_CURVE('',#940,#940,#800,.T.);
#1151=EDGE_CURVE('',#941,#941,#801,.T.);
#1152=EDGE_CURVE('',#941,#942,#543,.T.);
#1153=EDGE_CURVE('',#942,#942,#802,.T.);
#1154=EDGE_CURVE('',#943,#943,#803,.T.);
#1155=EDGE_CURVE('',#943,#944,#544,.T.);
#1156=EDGE_CURVE('',#944,#944,#804,.T.);
#1157=EDGE_CURVE('',#945,#945,#805,.T.);
#1158=EDGE_CURVE('',#945,#946,#545,.T.);
#1159=EDGE_CURVE('',#946,#946,#806,.T.);
#1160=EDGE_CURVE('',#947,#947,#807,.T.);
#1161=EDGE_CURVE('',#947,#948,#546,.T.);
#1162=EDGE_CURVE('',#948,#948,#808,.T.);
#1163=EDGE_CURVE('',#949,#949,#809,.T.);
#1164=EDGE_CURVE('',#949,#950,#547,.T.);
#1165=EDGE_CURVE('',#950,#950,#810,.T.);
#1166=EDGE_CURVE('',#951,#951,#811,.T.);
#1167=EDGE_CURVE('',#951,#952,#548,.T.);
#1168=EDGE_CURVE('',#952,#952,#812,.T.);
#1169=EDGE_CURVE('',#953,#953,#813,.T.);
#1170=EDGE_CURVE('',#953,#954,#549,.T.);
#1171=EDGE_CURVE('',#954,#954,#814,.T.);
#1172=EDGE_CURVE('',#955,#955,#815,.T.);
#1173=EDGE_CURVE('',#955,#956,#550,.T.);
#1174=EDGE_CURVE('',#956,#956,#816,.T.);
#1175=EDGE_CURVE('',#957,#957,#817,.T.);
#1176=EDGE_CURVE('',#957,#958,#551,.T.);
#1177=EDGE_CURVE('',#958,#958,#818,.T.);
#1178=EDGE_CURVE('',#959,#959,#819,.T.);
#1179=EDGE_CURVE('',#959,#960,#552,.T.);
#1180=EDGE_CURVE('',#960,#960,#820,.T.);
#1181=EDGE_CURVE('',#961,#961,#821,.T.);
#1182=EDGE_CURVE('',#961,#962,#553,.T.);
#1183=EDGE_CURVE('',#962,#962,#822,.T.);
#1184=EDGE_CURVE('',#963,#963,#823,.T.);
#1185=EDGE_CURVE('',#963,#964,#554,.T.);
#1186=EDGE_CURVE('',#964,#964,#824,.T.);
#1187=EDGE_CURVE('',#965,#965,#825,.T.);
#1188=EDGE_CURVE('',#965,#966,#555,.T.);
#1189=EDGE_CURVE('',#966,#966,#826,.T.);
#1190=EDGE_CURVE('',#967,#967,#827,.T.);
#1191=EDGE_CURVE('',#967,#968,#556,.T.);
#1192=EDGE_CURVE('',#968,#968,#828,.T.);
#1193=EDGE_CURVE('',#969,#969,#829,.T.);
#1194=EDGE_CURVE('',#969,#970,#557,.T.);
#1195=EDGE_CURVE('',#970,#970,#830,.T.);
#1196=EDGE_CURVE('',#971,#971,#831,.T.);
#1197=EDGE_CURVE('',#971,#972,#558,.T.);
#1198=EDGE_CURVE('',#972,#972,#832,.T.);
#1199=EDGE_CURVE('',#973,#973,#833,.T.);
#1200=EDGE_CURVE('',#973,#974,#559,.T.);
#1201=EDGE_CURVE('',#974,#974,#834,.T.);
#1202=EDGE_CURVE('',#975,#975,#835,.T.);
#1203=EDGE_CURVE('',#975,#976,#560,.T.);
#1204=EDGE_CURVE('',#976,#976,#836,.T.);
#1205=EDGE_CURVE('',#977,#977,#837,.T.);
#1206=EDGE_CURVE('',#977,#978,#561,.T.);
#1207=EDGE_CURVE('',#978,#978,#838,.T.);
#1208=EDGE_CURVE('',#979,#979,#839,.T.);
#1209=EDGE_CURVE('',#979,#980,#562,.T.);
#1210=EDGE_CURVE('',#980,#980,#840,.T.);
#1211=EDGE_CURVE('',#981,#981,#841,.T.);
#1212=EDGE_CURVE('',#981,#982,#563,.T.);
#1213=EDGE_CURVE('',#982,#982,#842,.T.);
#1214=EDGE_CURVE('',#983,#983,#843,.T.);
#1215=EDGE_CURVE('',#983,#984,#564,.T.);
#1216=EDGE_CURVE('',#984,#984,#844,.T.);
#1217=EDGE_CURVE('',#985,#985,#845,.T.);
#1218=EDGE_CURVE('',#985,#986,#565,.T.);
#1219=EDGE_CURVE('',#986,#986,#846,.T.);
#1220=EDGE_CURVE('',#987,#987,#847,.T.);
#1221=EDGE_CURVE('',#987,#988,#566,.T.);
#1222=EDGE_CURVE('',#988,#988,#848,.T.);
#1223=EDGE_CURVE('',#989,#990,#567,.T.);
#1224=EDGE_CURVE('',#990,#991,#568,.T.);
#1225=EDGE_CURVE('',#992,#991,#569,.T.);
#1226=EDGE_CURVE('',#989,#992,#570,.T.);
#1227=EDGE_CURVE('',#993,#989,#571,.T.);
#1228=EDGE_CURVE('',#994,#992,#572,.T.);
#1229=EDGE_CURVE('',#993,#994,#573,.T.);
#1230=EDGE_CURVE('',#995,#993,#574,.T.);
#1231=EDGE_CURVE('',#996,#994,#575,.T.);
#1232=EDGE_CURVE('',#995,#996,#576,.T.);
#1233=EDGE_CURVE('',#990,#995,#577,.T.);
#1234=EDGE_CURVE('',#991,#996,#578,.T.);
#1235=EDGE_CURVE('',#997,#998,#579,.T.);
#1236=EDGE_CURVE('',#998,#999,#580,.T.);
#1237=EDGE_CURVE('',#1000,#999,#581,.T.);
#1238=EDGE_CURVE('',#997,#1000,#582,.T.);
#1239=EDGE_CURVE('',#1001,#997,#583,.T.);
#1240=EDGE_CURVE('',#1002,#1000,#584,.T.);
#1241=EDGE_CURVE('',#1001,#1002,#585,.T.);
#1242=EDGE_CURVE('',#1003,#1001,#586,.T.);
#1243=EDGE_CURVE('',#1004,#1002,#587,.T.);
#1244=EDGE_CURVE('',#1003,#1004,#588,.T.);
#1245=EDGE_CURVE('',#998,#1003,#589,.T.);
#1246=EDGE_CURVE('',#999,#1004,#590,.T.);
#1247=EDGE_CURVE('',#1005,#1006,#591,.T.);
#1248=EDGE_CURVE('',#1006,#1007,#592,.T.);
#1249=EDGE_CURVE('',#1008,#1007,#593,.T.);
#1250=EDGE_CURVE('',#1005,#1008,#594,.T.);
#1251=EDGE_CURVE('',#1009,#1005,#595,.T.);
#1252=EDGE_CURVE('',#1010,#1008,#596,.T.);
#1253=EDGE_CURVE('',#1009,#1010,#597,.T.);
#1254=EDGE_CURVE('',#1011,#1009,#598,.T.);
#1255=EDGE_CURVE('',#1012,#1010,#599,.T.);
#1256=EDGE_CURVE('',#1011,#1012,#600,.T.);
#1257=EDGE_CURVE('',#1006,#1011,#601,.T.);
#1258=EDGE_CURVE('',#1007,#1012,#602,.T.);
#1259=ORIENTED_EDGE('',*,*,#1013,.F.);
#1260=ORIENTED_EDGE('',*,*,#1014,.T.);
#1261=ORIENTED_EDGE('',*,*,#1015,.F.);
#1262=ORIENTED_EDGE('',*,*,#1014,.F.);
#1263=ORIENTED_EDGE('',*,*,#1016,.F.);
#1264=ORIENTED_EDGE('',*,*,#1017,.T.);
#1265=ORIENTED_EDGE('',*,*,#1018,.F.);
#1266=ORIENTED_EDGE('',*,*,#1017,.F.);
#1267=ORIENTED_EDGE('',*,*,#1019,.F.);
#1268=ORIENTED_EDGE('',*,*,#1020,.T.);
#1269=ORIENTED_EDGE('',*,*,#1021,.F.);
#1270=ORIENTED_EDGE('',*,*,#1020,.F.);
#1271=ORIENTED_EDGE('',*,*,#1022,.F.);
#1272=ORIENTED_EDGE('',*,*,#1023,.T.);
#1273=ORIENTED_EDGE('',*,*,#1024,.F.);
#1274=ORIENTED_EDGE('',*,*,#1023,.F.);
#1275=ORIENTED_EDGE('',*,*,#1025,.F.);
#1276=ORIENTED_EDGE('',*,*,#1026,.T.);
#1277=ORIENTED_EDGE('',*,*,#1027,.F.);
#1278=ORIENTED_EDGE('',*,*,#1026,.F.);
#1279=ORIENTED_EDGE('',*,*,#1028,.F.);
#1280=ORIENTED_EDGE('',*,*,#1029,.T.);
#1281=ORIENTED_EDGE('',*,*,#1030,.F.);
#1282=ORIENTED_EDGE('',*,*,#1029,.F.);
#1283=ORIENTED_EDGE('',*,*,#1031,.F.);
#1284=ORIENTED_EDGE('',*,*,#1032,.T.);
#1285=ORIENTED_EDGE('',*,*,#1033,.F.);
#1286=ORIENTED_EDGE('',*,*,#1032,.F.);
#1287=ORIENTED_EDGE('',*,*,#1034,.F.);
#1288=ORIENTED_EDGE('',*,*,#1035,.T.);
#1289=ORIENTED_EDGE('',*,*,#1036,.F.);
#1290=ORIENTED_EDGE('',*,*,#1035,.F.);
#1291=ORIENTED_EDGE('',*,*,#1037,.F.);
#1292=ORIENTED_EDGE('',*,*,#1038,.T.);
#1293=ORIENTED_EDGE('',*,*,#1039,.F.);
#1294=ORIENTED_EDGE('',*,*,#1038,.F.);
#1295=ORIENTED_EDGE('',*,*,#1040,.F.);
#1296=ORIENTED_EDGE('',*,*,#1041,.T.);
#1297=ORIENTED_EDGE('',*,*,#1042,.F.);
#1298=ORIENTED_EDGE('',*,*,#1041,.F.);
#1299=ORIENTED_EDGE('',*,*,#1043,.F.);
#1300=ORIENTED_EDGE('',*,*,#1044,.T.);
#1301=ORIENTED_EDGE('',*,*,#1045,.F.);
#1302=ORIENTED_EDGE('',*,*,#1044,.F.);
#1303=ORIENTED_EDGE('',*,*,#1046,.F.);
#1304=ORIENTED_EDGE('',*,*,#1047,.T.);
#1305=ORIENTED_EDGE('',*,*,#1048,.F.);
#1306=ORIENTED_EDGE('',*,*,#1047,.F.);
#1307=ORIENTED_EDGE('',*,*,#1049,.F.);
#1308=ORIENTED_EDGE('',*,*,#1050,.T.);
#1309=ORIENTED_EDGE('',*,*,#1051,.F.);
#1310=ORIENTED_EDGE('',*,*,#1050,.F.);
#1311=ORIENTED_EDGE('',*,*,#1052,.F.);
#1312=ORIENTED_EDGE('',*,*,#1053,.T.);
#1313=ORIENTED_EDGE('',*,*,#1054,.F.);
#1314=ORIENTED_EDGE('',*,*,#1053,.F.);
#1315=ORIENTED_EDGE('',*,*,#1055,.F.);
#1316=ORIENTED_EDGE('',*,*,#1056,.T.);
#1317=ORIENTED_EDGE('',*,*,#1057,.F.);
#1318=ORIENTED_EDGE('',*,*,#1056,.F.);
#1319=ORIENTED_EDGE('',*,*,#1058,.F.);
#1320=ORIENTED_EDGE('',*,*,#1059,.T.);
#1321=ORIENTED_EDGE('',*,*,#1060,.F.);
#1322=ORIENTED_EDGE('',*,*,#1059,.F.);
#1323=ORIENTED_EDGE('',*,*,#1061,.F.);
#1324=ORIENTED_EDGE('',*,*,#1062,.T.);
#1325=ORIENTED_EDGE('',*,*,#1063,.F.);
#1326=ORIENTED_EDGE('',*,*,#1062,.F.);
#1327=ORIENTED_EDGE('',*,*,#1064,.F.);
#1328=ORIENTED_EDGE('',*,*,#1065,.T.);
#1329=ORIENTED_EDGE('',*,*,#1066,.F.);
#1330=ORIENTED_EDGE('',*,*,#1065,.F.);
#1331=ORIENTED_EDGE('',*,*,#1067,.F.);
#1332=ORIENTED_EDGE('',*,*,#1068,.T.);
#1333=ORIENTED_EDGE('',*,*,#1069,.F.);
#1334=ORIENTED_EDGE('',*,*,#1068,.F.);
#1335=ORIENTED_EDGE('',*,*,#1070,.F.);
#1336=ORIENTED_EDGE('',*,*,#1071,.T.);
#1337=ORIENTED_EDGE('',*,*,#1072,.F.);
#1338=ORIENTED_EDGE('',*,*,#1071,.F.);
#1339=ORIENTED_EDGE('',*,*,#1073,.F.);
#1340=ORIENTED_EDGE('',*,*,#1074,.T.);
#1341=ORIENTED_EDGE('',*,*,#1075,.F.);
#1342=ORIENTED_EDGE('',*,*,#1074,.F.);
#1343=ORIENTED_EDGE('',*,*,#1076,.F.);
#1344=ORIENTED_EDGE('',*,*,#1077,.T.);
#1345=ORIENTED_EDGE('',*,*,#1078,.F.);
#1346=ORIENTED_EDGE('',*,*,#1077,.F.);
#1347=ORIENTED_EDGE('',*,*,#1079,.F.);
#1348=ORIENTED_EDGE('',*,*,#1080,.T.);
#1349=ORIENTED_EDGE('',*,*,#1081,.F.);
#1350=ORIENTED_EDGE('',*,*,#1080,.F.);
#1351=ORIENTED_EDGE('',*,*,#1082,.F.);
#1352=ORIENTED_EDGE('',*,*,#1083,.T.);
#1353=ORIENTED_EDGE('',*,*,#1084,.F.);
#1354=ORIENTED_EDGE('',*,*,#1083,.F.);
#1355=ORIENTED_EDGE('',*,*,#1085,.F.);
#1356=ORIENTED_EDGE('',*,*,#1086,.T.);
#1357=ORIENTED_EDGE('',*,*,#1087,.F.);
#1358=ORIENTED_EDGE('',*,*,#1086,.F.);
#1359=ORIENTED_EDGE('',*,*,#1088,.F.);
#1360=ORIENTED_EDGE('',*,*,#1089,.T.);
#1361=ORIENTED_EDGE('',*,*,#1090,.F.);
#1362=ORIENTED_EDGE('',*,*,#1089,.F.);
#1363=ORIENTED_EDGE('',*,*,#1091,.F.);
#1364=ORIENTED_EDGE('',*,*,#1092,.T.);
#1365=ORIENTED_EDGE('',*,*,#1093,.F.);
#1366=ORIENTED_EDGE('',*,*,#1092,.F.);
#1367=ORIENTED_EDGE('',*,*,#1094,.F.);
#1368=ORIENTED_EDGE('',*,*,#1095,.T.);
#1369=ORIENTED_EDGE('',*,*,#1096,.F.);
#1370=ORIENTED_EDGE('',*,*,#1095,.F.);
#1371=ORIENTED_EDGE('',*,*,#1097,.F.);
#1372=ORIENTED_EDGE('',*,*,#1098,.T.);
#1373=ORIENTED_EDGE('',*,*,#1099,.F.);
#1374=ORIENTED_EDGE('',*,*,#1098,.F.);
#1375=ORIENTED_EDGE('',*,*,#1100,.F.);
#1376=ORIENTED_EDGE('',*,*,#1101,.T.);
#1377=ORIENTED_EDGE('',*,*,#1102,.F.);
#1378=ORIENTED_EDGE('',*,*,#1101,.F.);
#1379=ORIENTED_EDGE('',*,*,#1103,.F.);
#1380=ORIENTED_EDGE('',*,*,#1104,.T.);
#1381=ORIENTED_EDGE('',*,*,#1105,.F.);
#1382=ORIENTED_EDGE('',*,*,#1104,.F.);
#1383=ORIENTED_EDGE('',*,*,#1106,.F.);
#1384=ORIENTED_EDGE('',*,*,#1107,.T.);
#1385=ORIENTED_EDGE('',*,*,#1108,.F.);
#1386=ORIENTED_EDGE('',*,*,#1107,.F.);
#1387=ORIENTED_EDGE('',*,*,#1109,.F.);
#1388=ORIENTED_EDGE('',*,*,#1110,.T.);
#1389=ORIENTED_EDGE('',*,*,#1111,.F.);
#1390=ORIENTED_EDGE('',*,*,#1110,.F.);
#1391=ORIENTED_EDGE('',*,*,#1112,.T.);
#1392=ORIENTED_EDGE('',*,*,#1113,.T.);
#1393=ORIENTED_EDGE('',*,*,#1114,.F.);
#1394=ORIENTED_EDGE('',*,*,#1115,.F.);
#1395=ORIENTED_EDGE('',*,*,#1116,.T.);
#1396=ORIENTED_EDGE('',*,*,#1115,.T.);
#1397=ORIENTED_EDGE('',*,*,#1117,.F.);
#1398=ORIENTED_EDGE('',*,*,#1118,.F.);
#1399=ORIENTED_EDGE('',*,*,#1119,.T.);
#1400=ORIENTED_EDGE('',*,*,#1118,.T.);
#1401=ORIENTED_EDGE('',*,*,#1120,.F.);
#1402=ORIENTED_EDGE('',*,*,#1121,.F.);
#1403=ORIENTED_EDGE('',*,*,#1122,.T.);
#1404=ORIENTED_EDGE('',*,*,#1121,.T.);
#1405=ORIENTED_EDGE('',*,*,#1123,.F.);
#1406=ORIENTED_EDGE('',*,*,#1113,.F.);
#1407=ORIENTED_EDGE('',*,*,#1123,.T.);
#1408=ORIENTED_EDGE('',*,*,#1120,.T.);
#1409=ORIENTED_EDGE('',*,*,#1117,.T.);
#1410=ORIENTED_EDGE('',*,*,#1114,.T.);
#1411=ORIENTED_EDGE('',*,*,#1015,.T.);
#1412=ORIENTED_EDGE('',*,*,#1018,.T.);
#1413=ORIENTED_EDGE('',*,*,#1021,.T.);
#1414=ORIENTED_EDGE('',*,*,#1024,.T.);
#1415=ORIENTED_EDGE('',*,*,#1027,.T.);
#1416=ORIENTED_EDGE('',*,*,#1030,.T.);
#1417=ORIENTED_EDGE('',*,*,#1033,.T.);
#1418=ORIENTED_EDGE('',*,*,#1036,.T.);
#1419=ORIENTED_EDGE('',*,*,#1039,.T.);
#1420=ORIENTED_EDGE('',*,*,#1042,.T.);
#1421=ORIENTED_EDGE('',*,*,#1045,.T.);
#1422=ORIENTED_EDGE('',*,*,#1048,.T.);
#1423=ORIENTED_EDGE('',*,*,#1051,.T.);
#1424=ORIENTED_EDGE('',*,*,#1054,.T.);
#1425=ORIENTED_EDGE('',*,*,#1057,.T.);
#1426=ORIENTED_EDGE('',*,*,#1060,.T.);
#1427=ORIENTED_EDGE('',*,*,#1063,.T.);
#1428=ORIENTED_EDGE('',*,*,#1066,.T.);
#1429=ORIENTED_EDGE('',*,*,#1069,.T.);
#1430=ORIENTED_EDGE('',*,*,#1072,.T.);
#1431=ORIENTED_EDGE('',*,*,#1075,.T.);
#1432=ORIENTED_EDGE('',*,*,#1078,.T.);
#1433=ORIENTED_EDGE('',*,*,#1081,.T.);
#1434=ORIENTED_EDGE('',*,*,#1084,.T.);
#1435=ORIENTED_EDGE('',*,*,#1087,.T.);
#1436=ORIENTED_EDGE('',*,*,#1090,.T.);
#1437=ORIENTED_EDGE('',*,*,#1093,.T.);
#1438=ORIENTED_EDGE('',*,*,#1096,.T.);
#1439=ORIENTED_EDGE('',*,*,#1099,.T.);
#1440=ORIENTED_EDGE('',*,*,#1102,.T.);
#1441=ORIENTED_EDGE('',*,*,#1105,.T.);
#1442=ORIENTED_EDGE('',*,*,#1108,.T.);
#1443=ORIENTED_EDGE('',*,*,#1111,.T.);
#1444=ORIENTED_EDGE('',*,*,#1122,.F.);
#1445=ORIENTED_EDGE('',*,*,#1112,.F.);
#1446=ORIENTED_EDGE('',*,*,#1116,.F.);
#1447=ORIENTED_EDGE('',*,*,#1119,.F.);
#1448=ORIENTED_EDGE('',*,*,#1013,.T.);
#1449=ORIENTED_EDGE('',*,*,#1016,.T.);
#1450=ORIENTED_EDGE('',*,*,#1019,.T.);
#1451=ORIENTED_EDGE('',*,*,#1022,.T.);
#1452=ORIENTED_EDGE('',*,*,#1025,.T.);
#1453=ORIENTED_EDGE('',*,*,#1028,.T.);
#1454=ORIENTED_EDGE('',*,*,#1031,.T.);
#1455=ORIENTED_EDGE('',*,*,#1034,.T.);
#1456=ORIENTED_EDGE('',*,*,#1037,.T.);
#1457=ORIENTED_EDGE('',*,*,#1040,.T.);
#1458=ORIENTED_EDGE('',*,*,#1043,.T.);
#1459=ORIENTED_EDGE('',*,*,#1046,.T.);
#1460=ORIENTED_EDGE('',*,*,#1049,.T.);
#1461=ORIENTED_EDGE('',*,*,#1052,.T.);
#1462=ORIENTED_EDGE('',*,*,#1055,.T.);
#1463=ORIENTED_EDGE('',*,*,#1058,.T.);
#1464=ORIENTED_EDGE('',*,*,#1061,.T.);
#1465=ORIENTED_EDGE('',*,*,#1064,.T.);
#1466=ORIENTED_EDGE('',*,*,#1067,.T.);
#1467=ORIENTED_EDGE('',*,*,#1070,.T.);
#1468=ORIENTED_EDGE('',*,*,#1073,.T.);
#1469=ORIENTED_EDGE('',*,*,#1076,.T.);
#1470=ORIENTED_EDGE('',*,*,#1079,.T.);
#1471=ORIENTED_EDGE('',*,*,#1082,.T.);
#1472=ORIENTED_EDGE('',*,*,#1085,.T.);
#1473=ORIENTED_EDGE('',*,*,#1088,.T.);
#1474=ORIENTED_EDGE('',*,*,#1091,.T.);
#1475=ORIENTED_EDGE('',*,*,#1094,.T.);
#1476=ORIENTED_EDGE('',*,*,#1097,.T.);
#1477=ORIENTED_EDGE('',*,*,#1100,.T.);
#1478=ORIENTED_EDGE('',*,*,#1103,.T.);
#1479=ORIENTED_EDGE('',*,*,#1106,.T.);
#1480=ORIENTED_EDGE('',*,*,#1109,.T.);
#1481=ORIENTED_EDGE('',*,*,#1124,.F.);
#1482=ORIENTED_EDGE('',*,*,#1125,.T.);
#1483=ORIENTED_EDGE('',*,*,#1126,.F.);
#1484=ORIENTED_EDGE('',*,*,#1125,.F.);
#1485=ORIENTED_EDGE('',*,*,#1127,.F.);
#1486=ORIENTED_EDGE('',*,*,#1128,.T.);
#1487=ORIENTED_EDGE('',*,*,#1129,.F.);
#1488=ORIENTED_EDGE('',*,*,#1128,.F.);
#1489=ORIENTED_EDGE('',*,*,#1130,.F.);
#1490=ORIENTED_EDGE('',*,*,#1131,.T.);
#1491=ORIENTED_EDGE('',*,*,#1132,.F.);
#1492=ORIENTED_EDGE('',*,*,#1131,.F.);
#1493=ORIENTED_EDGE('',*,*,#1133,.F.);
#1494=ORIENTED_EDGE('',*,*,#1134,.T.);
#1495=ORIENTED_EDGE('',*,*,#1135,.F.);
#1496=ORIENTED_EDGE('',*,*,#1134,.F.);
#1497=ORIENTED_EDGE('',*,*,#1136,.F.);
#1498=ORIENTED_EDGE('',*,*,#1137,.T.);
#1499=ORIENTED_EDGE('',*,*,#1138,.F.);
#1500=ORIENTED_EDGE('',*,*,#1137,.F.);
#1501=ORIENTED_EDGE('',*,*,#1139,.F.);
#1502=ORIENTED_EDGE('',*,*,#1140,.T.);
#1503=ORIENTED_EDGE('',*,*,#1141,.F.);
#1504=ORIENTED_EDGE('',*,*,#1140,.F.);
#1505=ORIENTED_EDGE('',*,*,#1142,.F.);
#1506=ORIENTED_EDGE('',*,*,#1143,.T.);
#1507=ORIENTED_EDGE('',*,*,#1144,.F.);
#1508=ORIENTED_EDGE('',*,*,#1143,.F.);
#1509=ORIENTED_EDGE('',*,*,#1145,.F.);
#1510=ORIENTED_EDGE('',*,*,#1146,.T.);
#1511=ORIENTED_EDGE('',*,*,#1147,.F.);
#1512=ORIENTED_EDGE('',*,*,#1146,.F.);
#1513=ORIENTED_EDGE('',*,*,#1148,.F.);
#1514=ORIENTED_EDGE('',*,*,#1149,.T.);
#1515=ORIENTED_EDGE('',*,*,#1150,.F.);
#1516=ORIENTED_EDGE('',*,*,#1149,.F.);
#1517=ORIENTED_EDGE('',*,*,#1151,.F.);
#1518=ORIENTED_EDGE('',*,*,#1152,.T.);
#1519=ORIENTED_EDGE('',*,*,#1153,.F.);
#1520=ORIENTED_EDGE('',*,*,#1152,.F.);
#1521=ORIENTED_EDGE('',*,*,#1154,.F.);
#1522=ORIENTED_EDGE('',*,*,#1155,.T.);
#1523=ORIENTED_EDGE('',*,*,#1156,.F.);
#1524=ORIENTED_EDGE('',*,*,#1155,.F.);
#1525=ORIENTED_EDGE('',*,*,#1157,.F.);
#1526=ORIENTED_EDGE('',*,*,#1158,.T.);
#1527=ORIENTED_EDGE('',*,*,#1159,.F.);
#1528=ORIENTED_EDGE('',*,*,#1158,.F.);
#1529=ORIENTED_EDGE('',*,*,#1160,.F.);
#1530=ORIENTED_EDGE('',*,*,#1161,.T.);
#1531=ORIENTED_EDGE('',*,*,#1162,.F.);
#1532=ORIENTED_EDGE('',*,*,#1161,.F.);
#1533=ORIENTED_EDGE('',*,*,#1163,.F.);
#1534=ORIENTED_EDGE('',*,*,#1164,.T.);
#1535=ORIENTED_EDGE('',*,*,#1165,.F.);
#1536=ORIENTED_EDGE('',*,*,#1164,.F.);
#1537=ORIENTED_EDGE('',*,*,#1166,.F.);
#1538=ORIENTED_EDGE('',*,*,#1167,.T.);
#1539=ORIENTED_EDGE('',*,*,#1168,.F.);
#1540=ORIENTED_EDGE('',*,*,#1167,.F.);
#1541=ORIENTED_EDGE('',*,*,#1169,.F.);
#1542=ORIENTED_EDGE('',*,*,#1170,.T.);
#1543=ORIENTED_EDGE('',*,*,#1171,.F.);
#1544=ORIENTED_EDGE('',*,*,#1170,.F.);
#1545=ORIENTED_EDGE('',*,*,#1172,.F.);
#1546=ORIENTED_EDGE('',*,*,#1173,.T.);
#1547=ORIENTED_EDGE('',*,*,#1174,.F.);
#1548=ORIENTED_EDGE('',*,*,#1173,.F.);
#1549=ORIENTED_EDGE('',*,*,#1175,.F.);
#1550=ORIENTED_EDGE('',*,*,#1176,.T.);
#1551=ORIENTED_EDGE('',*,*,#1177,.F.);
#1552=ORIENTED_EDGE('',*,*,#1176,.F.);
#1553=ORIENTED_EDGE('',*,*,#1178,.F.);
#1554=ORIENTED_EDGE('',*,*,#1179,.T.);
#1555=ORIENTED_EDGE('',*,*,#1180,.F.);
#1556=ORIENTED_EDGE('',*,*,#1179,.F.);
#1557=ORIENTED_EDGE('',*,*,#1181,.F.);
#1558=ORIENTED_EDGE('',*,*,#1182,.T.);
#1559=ORIENTED_EDGE('',*,*,#1183,.F.);
#1560=ORIENTED_EDGE('',*,*,#1182,.F.);
#1561=ORIENTED_EDGE('',*,*,#1184,.F.);
#1562=ORIENTED_EDGE('',*,*,#1185,.T.);
#1563=ORIENTED_EDGE('',*,*,#1186,.F.);
#1564=ORIENTED_EDGE('',*,*,#1185,.F.);
#1565=ORIENTED_EDGE('',*,*,#1187,.F.);
#1566=ORIENTED_EDGE('',*,*,#1188,.T.);
#1567=ORIENTED_EDGE('',*,*,#1189,.F.);
#1568=ORIENTED_EDGE('',*,*,#1188,.F.);
#1569=ORIENTED_EDGE('',*,*,#1190,.F.);
#1570=ORIENTED_EDGE('',*,*,#1191,.T.);
#1571=ORIENTED_EDGE('',*,*,#1192,.F.);
#1572=ORIENTED_EDGE('',*,*,#1191,.F.);
#1573=ORIENTED_EDGE('',*,*,#1193,.F.);
#1574=ORIENTED_EDGE('',*,*,#1194,.T.);
#1575=ORIENTED_EDGE('',*,*,#1195,.F.);
#1576=ORIENTED_EDGE('',*,*,#1194,.F.);
#1577=ORIENTED_EDGE('',*,*,#1196,.F.);
#1578=ORIENTED_EDGE('',*,*,#1197,.T.);
#1579=ORIENTED_EDGE('',*,*,#1198,.F.);
#1580=ORIENTED_EDGE('',*,*,#1197,.F.);
#1581=ORIENTED_EDGE('',*,*,#1199,.F.);
#1582=ORIENTED_EDGE('',*,*,#1200,.T.);
#1583=ORIENTED_EDGE('',*,*,#1201,.F.);
#1584=ORIENTED_EDGE('',*,*,#1200,.F.);
#1585=ORIENTED_EDGE('',*,*,#1202,.F.);
#1586=ORIENTED_EDGE('',*,*,#1203,.T.);
#1587=ORIENTED_EDGE('',*,*,#1204,.F.);
#1588=ORIENTED_EDGE('',*,*,#1203,.F.);
#1589=ORIENTED_EDGE('',*,*,#1205,.F.);
#1590=ORIENTED_EDGE('',*,*,#1206,.T.);
#1591=ORIENTED_EDGE('',*,*,#1207,.F.);
#1592=ORIENTED_EDGE('',*,*,#1206,.F.);
#1593=ORIENTED_EDGE('',*,*,#1208,.F.);
#1594=ORIENTED_EDGE('',*,*,#1209,.T.);
#1595=ORIENTED_EDGE('',*,*,#1210,.F.);
#1596=ORIENTED_EDGE('',*,*,#1209,.F.);
#1597=ORIENTED_EDGE('',*,*,#1211,.F.);
#1598=ORIENTED_EDGE('',*,*,#1212,.T.);
#1599=ORIENTED_EDGE('',*,*,#1213,.F.);
#1600=ORIENTED_EDGE('',*,*,#1212,.F.);
#1601=ORIENTED_EDGE('',*,*,#1214,.F.);
#1602=ORIENTED_EDGE('',*,*,#1215,.T.);
#1603=ORIENTED_EDGE('',*,*,#1216,.F.);
#1604=ORIENTED_EDGE('',*,*,#1215,.F.);
#1605=ORIENTED_EDGE('',*,*,#1217,.F.);
#1606=ORIENTED_EDGE('',*,*,#1218,.T.);
#1607=ORIENTED_EDGE('',*,*,#1219,.F.);
#1608=ORIENTED_EDGE('',*,*,#1218,.F.);
#1609=ORIENTED_EDGE('',*,*,#1220,.F.);
#1610=ORIENTED_EDGE('',*,*,#1221,.T.);
#1611=ORIENTED_EDGE('',*,*,#1222,.F.);
#1612=ORIENTED_EDGE('',*,*,#1221,.F.);
#1613=ORIENTED_EDGE('',*,*,#1223,.T.);
#1614=ORIENTED_EDGE('',*,*,#1224,.T.);
#1615=ORIENTED_EDGE('',*,*,#1225,.F.);
#1616=ORIENTED_EDGE('',*,*,#1226,.F.);
#1617=ORIENTED_EDGE('',*,*,#1227,.T.);
#1618=ORIENTED_EDGE('',*,*,#1226,.T.);
#1619=ORIENTED_EDGE('',*,*,#1228,.F.);
#1620=ORIENTED_EDGE('',*,*,#1229,.F.);
#1621=ORIENTED_EDGE('',*,*,#1230,.T.);
#1622=ORIENTED_EDGE('',*,*,#1229,.T.);
#1623=ORIENTED_EDGE('',*,*,#1231,.F.);
#1624=ORIENTED_EDGE('',*,*,#1232,.F.);
#1625=ORIENTED_EDGE('',*,*,#1233,.T.);
#1626=ORIENTED_EDGE('',*,*,#1232,.T.);
#1627=ORIENTED_EDGE('',*,*,#1234,.F.);
#1628=ORIENTED_EDGE('',*,*,#1224,.F.);
#1629=ORIENTED_EDGE('',*,*,#1234,.T.);
#1630=ORIENTED_EDGE('',*,*,#1231,.T.);
#1631=ORIENTED_EDGE('',*,*,#1228,.T.);
#1632=ORIENTED_EDGE('',*,*,#1225,.T.);
#1633=ORIENTED_EDGE('',*,*,#1126,.T.);
#1634=ORIENTED_EDGE('',*,*,#1129,.T.);
#1635=ORIENTED_EDGE('',*,*,#1132,.T.);
#1636=ORIENTED_EDGE('',*,*,#1135,.T.);
#1637=ORIENTED_EDGE('',*,*,#1138,.T.);
#1638=ORIENTED_EDGE('',*,*,#1141,.T.);
#1639=ORIENTED_EDGE('',*,*,#1144,.T.);
#1640=ORIENTED_EDGE('',*,*,#1147,.T.);
#1641=ORIENTED_EDGE('',*,*,#1150,.T.);
#1642=ORIENTED_EDGE('',*,*,#1153,.T.);
#1643=ORIENTED_EDGE('',*,*,#1156,.T.);
#1644=ORIENTED_EDGE('',*,*,#1159,.T.);
#1645=ORIENTED_EDGE('',*,*,#1162,.T.);
#1646=ORIENTED_EDGE('',*,*,#1165,.T.);
#1647=ORIENTED_EDGE('',*,*,#1168,.T.);
#1648=ORIENTED_EDGE('',*,*,#1171,.T.);
#1649=ORIENTED_EDGE('',*,*,#1174,.T.);
#1650=ORIENTED_EDGE('',*,*,#1177,.T.);
#1651=ORIENTED_EDGE('',*,*,#1180,.T.);
#1652=ORIENTED_EDGE('',*,*,#1183,.T.);
#1653=ORIENTED_EDGE('',*,*,#1186,.T.);
#1654=ORIENTED_EDGE('',*,*,#1189,.T.);
#1655=ORIENTED_EDGE('',*,*,#1192,.T.);
#1656=ORIENTED_EDGE('',*,*,#1195,.T.);
#1657=ORIENTED_EDGE('',*,*,#1198,.T.);
#1658=ORIENTED_EDGE('',*,*,#1201,.T.);
#1659=ORIENTED_EDGE('',*,*,#1204,.T.);
#1660=ORIENTED_EDGE('',*,*,#1207,.T.);
#1661=ORIENTED_EDGE('',*,*,#1210,.T.);
#1662=ORIENTED_EDGE('',*,*,#1213,.T.);
#1663=ORIENTED_EDGE('',*,*,#1216,.T.);
#1664=ORIENTED_EDGE('',*,*,#1219,.T.);
#1665=ORIENTED_EDGE('',*,*,#1222,.T.);
#1666=ORIENTED_EDGE('',*,*,#1233,.F.);
#1667=ORIENTED_EDGE('',*,*,#1223,.F.);
#1668=ORIENTED_EDGE('',*,*,#1227,.F.);
#1669=ORIENTED_EDGE('',*,*,#1230,.F.);
#1670=ORIENTED_EDGE('',*,*,#1124,.T.);
#1671=ORIENTED_EDGE('',*,*,#1127,.T.);
#1672=ORIENTED_EDGE('',*,*,#1130,.T.);
#1673=ORIENTED_EDGE('',*,*,#1133,.T.);
#1674=ORIENTED_EDGE('',*,*,#1136,.T.);
#1675=ORIENTED_EDGE('',*,*,#1139,.T.);
#1676=ORIENTED_EDGE('',*,*,#1142,.T.);
#1677=ORIENTED_EDGE('',*,*,#1145,.T.);
#1678=ORIENTED_EDGE('',*,*,#1148,.T.);
#1679=ORIENTED_EDGE('',*,*,#1151,.T.);
#1680=ORIENTED_EDGE('',*,*,#1154,.T.);
#1681=ORIENTED_EDGE('',*,*,#1157,.T.);
#1682=ORIENTED_EDGE('',*,*,#1160,.T.);
#1683=ORIENTED_EDGE('',*,*,#1163,.T.);
#1684=ORIENTED_EDGE('',*,*,#1166,.T.);
#1685=ORIENTED_EDGE('',*,*,#1169,.T.);
#1686=ORIENTED_EDGE('',*,*,#1172,.T.);
#1687=ORIENTED_EDGE('',*,*,#1175,.T.);
#1688=ORIENTED_EDGE('',*,*,#1178,.T.);
#1689=ORIENTED_EDGE('',*,*,#1181,.T.);
#1690=ORIENTED_EDGE('',*,*,#1184,.T.);
#1691=ORIENTED_EDGE('',*,*,#1187,.T.);
#1692=ORIENTED_EDGE('',*,*,#1190,.T.);
#1693=ORIENTED_EDGE('',*,*,#1193,.T.);
#1694=ORIENTED_EDGE('',*,*,#1196,.T.);
#1695=ORIENTED_EDGE('',*,*,#1199,.T.);
#1696=ORIENTED_EDGE('',*,*,#1202,.T.);
#1697=ORIENTED_EDGE('',*,*,#1205,.T.);
#1698=ORIENTED_EDGE('',*,*,#1208,.T.);
#1699=ORIENTED_EDGE('',*,*,#1211,.T.);
#1700=ORIENTED_EDGE('',*,*,#1214,.T.);
#1701=ORIENTED_EDGE('',*,*,#1217,.T.);
#1702=ORIENTED_EDGE('',*,*,#1220,.T.);
#1703=ORIENTED_EDGE('',*,*,#1235,.T.);
#1704=ORIENTED_EDGE('',*,*,#1236,.T.);
#1705=ORIENTED_EDGE('',*,*,#1237,.F.);
#1706=ORIENTED_EDGE('',*,*,#1238,.F.);
#1707=ORIENTED_EDGE('',*,*,#1239,.T.);
#1708=ORIENTED_EDGE('',*,*,#1238,.T.);
#1709=ORIENTED_EDGE('',*,*,#1240,.F.);
#1710=ORIENTED_EDGE('',*,*,#1241,.F.);
#1711=ORIENTED_EDGE('',*,*,#1242,.T.);
#1712=ORIENTED_EDGE('',*,*,#1241,.T.);
#1713=ORIENTED_EDGE('',*,*,#1243,.F.);
#1714=ORIENTED_EDGE('',*,*,#1244,.F.);
#1715=ORIENTED_EDGE('',*,*,#1245,.T.);
#1716=ORIENTED_EDGE('',*,*,#1244,.T.);
#1717=ORIENTED_EDGE('',*,*,#1246,.F.);
#1718=ORIENTED_EDGE('',*,*,#1236,.F.);
#1719=ORIENTED_EDGE('',*,*,#1246,.T.);
#1720=ORIENTED_EDGE('',*,*,#1243,.T.);
#1721=ORIENTED_EDGE('',*,*,#1240,.T.);
#1722=ORIENTED_EDGE('',*,*,#1237,.T.);
#1723=ORIENTED_EDGE('',*,*,#1245,.F.);
#1724=ORIENTED_EDGE('',*,*,#1235,.F.);
#1725=ORIENTED_EDGE('',*,*,#1239,.F.);
#1726=ORIENTED_EDGE('',*,*,#1242,.F.);
#1727=ORIENTED_EDGE('',*,*,#1247,.T.);
#1728=ORIENTED_EDGE('',*,*,#1248,.T.);
#1729=ORIENTED_EDGE('',*,*,#1249,.F.);
#1730=ORIENTED_EDGE('',*,*,#1250,.F.);
#1731=ORIENTED_EDGE('',*,*,#1251,.T.);
#1732=ORIENTED_EDGE('',*,*,#1250,.T.);
#1733=ORIENTED_EDGE('',*,*,#1252,.F.);
#1734=ORIENTED_EDGE('',*,*,#1253,.F.);
#1735=ORIENTED_EDGE('',*,*,#1254,.T.);
#1736=ORIENTED_EDGE('',*,*,#1253,.T.);
#1737=ORIENTED_EDGE('',*,*,#1255,.F.);
#1738=ORIENTED_EDGE('',*,*,#1256,.F.);
#1739=ORIENTED_EDGE('',*,*,#1257,.T.);
#1740=ORIENTED_EDGE('',*,*,#1256,.T.);
#1741=ORIENTED_EDGE('',*,*,#1258,.F.);
#1742=ORIENTED_EDGE('',*,*,#1248,.F.);
#1743=ORIENTED_EDGE('',*,*,#1258,.T.);
#1744=ORIENTED_EDGE('',*,*,#1255,.T.);
#1745=ORIENTED_EDGE('',*,*,#1252,.T.);
#1746=ORIENTED_EDGE('',*,*,#1249,.T.);
#1747=ORIENTED_EDGE('',*,*,#1257,.F.);
#1748=ORIENTED_EDGE('',*,*,#1247,.F.);
#1749=ORIENTED_EDGE('',*,*,#1251,.F.);
#1750=ORIENTED_EDGE('',*,*,#1254,.F.);
#1751=CYLINDRICAL_SURFACE('',#1933,1.5);
#1752=CYLINDRICAL_SURFACE('',#1936,1.5);
#1753=CYLINDRICAL_SURFACE('',#1939,1.5);
#1754=CYLINDRICAL_SURFACE('',#1942,1.5);
#1755=CYLINDRICAL_SURFACE('',#1945,1.5);
#1756=CYLINDRICAL_SURFACE('',#1948,1.5);
#1757=CYLINDRICAL_SURFACE('',#1951,1.5);
#1758=CYLINDRICAL_SURFACE('',#1954,1.5);
#1759=CYLINDRICAL_SURFACE('',#1957,1.5);
#1760=CYLINDRICAL_SURFACE('',#1960,1.5);
#1761=CYLINDRICAL_SURFACE('',#1963,1.5);
#1762=CYLINDRICAL_SURFACE('',#1966,1.5);
#1763=CYLINDRICAL_SURFACE('',#1969,1.5);
#1764=CYLINDRICAL_SURFACE('',#1972,1.5);
#1765=CYLINDRICAL_SURFACE('',#1975,1.5);
#1766=CYLINDRICAL_SURFACE('',#1978,1.5);
#1767=CYLINDRICAL_SURFACE('',#1981,1.5);
#1768=CYLINDRICAL_SURFACE('',#1984,1.5);
#1769=CYLINDRICAL_SURFACE('',#1987,1.5);
#1770=CYLINDRICAL_SURFACE('',#1990,1.5);
#1771=CYLINDRICAL_SURFACE('',#1993,1.5);
#1772=CYLINDRICAL_SURFACE('',#1996,1.5);
#1773=CYLINDRICAL_SURFACE('',#1999,1.5);
#1774=CYLINDRICAL_SURFACE('',#2002,1.5);
#1775=CYLINDRICAL_SURFACE('',#2005,1.5);
#1776=CYLINDRICAL_SURFACE('',#2008,1.5);
#1777=CYLINDRICAL_SURFACE('',#2011,1.5);
#1778=CYLINDRICAL_SURFACE('',#2014,1.5);
#1779=CYLINDRICAL_SURFACE('',#2017,1.5);
#1780=CYLINDRICAL_SURFACE('',#2020,1.5);
#1781=CYLINDRICAL_SURFACE('',#2023,1.5);
#1782=CYLINDRICAL_SURFACE('',#2026,1.5);
#1783=CYLINDRICAL_SURFACE('',#2029,1.5);
#1784=CYLINDRICAL_SURFACE('',#2038,1.5);
#1785=CYLINDRICAL_SURFACE('',#2041,1.5);
#1786=CYLINDRICAL_SURFACE('',#2044,1.5);
#1787=CYLINDRICAL_SURFACE('',#2047,1.5);
#1788=CYLINDRICAL_SURFACE('',#2050,1.5);
#1789=CYLINDRICAL_SURFACE('',#2053,1.5);
#1790=CYLINDRICAL_SURFACE('',#2056,1.5);
#1791=CYLINDRICAL_SURFACE('',#2059,1.5);
#1792=CYLINDRICAL_SURFACE('',#2062,1.5);
#1793=CYLINDRICAL_SURFACE('',#2065,1.5);
#1794=CYLINDRICAL_SURFACE('',#2068,1.5);
#1795=CYLINDRICAL_SURFACE('',#2071,1.5);
#1796=CYLINDRICAL_SURFACE('',#2074,1.5);
#1797=CYLINDRICAL_SURFACE('',#2077,1.5);
#1798=CYLINDRICAL_SURFACE('',#2080,1.5);
#1799=CYLINDRICAL_SURFACE('',#2083,1.5);
#1800=CYLINDRICAL_SURFACE('',#2086,1.5);
#1801=CYLINDRICAL_SURFACE('',#2089,1.5);
#1802=CYLINDRICAL_SURFACE('',#2092,1.5);
#1803=CYLINDRICAL_SURFACE('',#2095,1.5);
#1804=CYLINDRICAL_SURFACE('',#2098,1.5);
#1805=CYLINDRICAL_SURFACE('',#2101,1.5);
#1806=CYLINDRICAL_SURFACE('',#2104,1.5);
#1807=CYLINDRICAL_SURFACE('',#2107,1.5);
#1808=CYLINDRICAL_SURFACE('',#2110,1.5);
#1809=CYLINDRICAL_SURFACE('',#2113,1.5);
#1810=CYLINDRICAL_SURFACE('',#2116,1.5);
#1811=CYLINDRICAL_SURFACE('',#2119,1.5);
#1812=CYLINDRICAL_SURFACE('',#2122,1.5);
#1813=CYLINDRICAL_SURFACE('',#2125,1.5);
#1814=CYLINDRICAL_SURFACE('',#2128,1.5);
#1815=CYLINDRICAL_SURFACE('',#2131,1.5);
#1816=CYLINDRICAL_SURFACE('',#2134,1.5);
#1817=ADVANCED_FACE('',(#177),#1751,.F.);
#1818=ADVANCED_FACE('',(#178),#1752,.F.);
#1819=ADVANCED_FACE('',(#179),#1753,.F.);
#1820=ADVANCED_FACE('',(#180),#1754,.F.);
#1821=ADVANCED_FACE('',(#181),#1755,.F.);
#1822=ADVANCED_FACE('',(#182),#1756,.F.);
#1823=ADVANCED_FACE('',(#183),#1757,.F.);
#1824=ADVANCED_FACE('',(#184),#1758,.F.);
#1825=ADVANCED_FACE('',(#185),#1759,.F.);
#1826=ADVANCED_FACE('',(#186),#1760,.F.);
#1827=ADVANCED_FACE('',(#187),#1761,.F.);
#1828=ADVANCED_FACE('',(#188),#1762,.F.);
#1829=ADVANCED_FACE('',(#189),#1763,.F.);
#1830=ADVANCED_FACE('',(#190),#1764,.F.);
#1831=ADVANCED_FACE('',(#191),#1765,.F.);
#1832=ADVANCED_FACE('',(#192),#1766,.F.);
#1833=ADVANCED_FACE('',(#193),#1767,.F.);
#1834=ADVANCED_FACE('',(#194),#1768,.F.);
#1835=ADVANCED_FACE('',(#195),#1769,.F.);
#1836=ADVANCED_FACE('',(#196),#1770,.F.);
#1837=ADVANCED_FACE('',(#197),#1771,.F.);
#1838=ADVANCED_FACE('',(#198),#1772,.F.);
#1839=ADVANCED_FACE('',(#199),#1773,.F.);
#1840=ADVANCED_FACE('',(#200),#1774,.F.);
#1841=ADVANCED_FACE('',(#201),#1775,.F.);
#1842=ADVANCED_FACE('',(#202),#1776,.F.);
#1843=ADVANCED_FACE('',(#203),#1777,.F.);
#1844=ADVANCED_FACE('',(#204),#1778,.F.);
#1845=ADVANCED_FACE('',(#205),#1779,.F.);
#1846=ADVANCED_FACE('',(#206),#1780,.F.);
#1847=ADVANCED_FACE('',(#207),#1781,.F.);
#1848=ADVANCED_FACE('',(#208),#1782,.F.);
#1849=ADVANCED_FACE('',(#209),#1783,.F.);
#1850=ADVANCED_FACE('',(#210),#153,.T.);
#1851=ADVANCED_FACE('',(#211),#154,.T.);
#1852=ADVANCED_FACE('',(#212),#155,.T.);
#1853=ADVANCED_FACE('',(#213),#156,.T.);
#1854=ADVANCED_FACE('',(#214,#21,#22,#23,#24,#25,#26,#27,#28,#29,#30,#31,
#32,#33,#34,#35,#36,#37,#38,#39,#40,#41,#42,#43,#44,#45,#46,#47,#48,#49,
#50,#51,#52,#53),#157,.T.);
#1855=ADVANCED_FACE('',(#215,#54,#55,#56,#57,#58,#59,#60,#61,#62,#63,#64,
#65,#66,#67,#68,#69,#70,#71,#72,#73,#74,#75,#76,#77,#78,#79,#80,#81,#82,
#83,#84,#85,#86),#158,.F.);
#1856=ADVANCED_FACE('',(#216),#1784,.F.);
#1857=ADVANCED_FACE('',(#217),#1785,.F.);
#1858=ADVANCED_FACE('',(#218),#1786,.F.);
#1859=ADVANCED_FACE('',(#219),#1787,.F.);
#1860=ADVANCED_FACE('',(#220),#1788,.F.);
#1861=ADVANCED_FACE('',(#221),#1789,.F.);
#1862=ADVANCED_FACE('',(#222),#1790,.F.);
#1863=ADVANCED_FACE('',(#223),#1791,.F.);
#1864=ADVANCED_FACE('',(#224),#1792,.F.);
#1865=ADVANCED_FACE('',(#225),#1793,.F.);
#1866=ADVANCED_FACE('',(#226),#1794,.F.);
#1867=ADVANCED_FACE('',(#227),#1795,.F.);
#1868=ADVANCED_FACE('',(#228),#1796,.F.);
#1869=ADVANCED_FACE('',(#229),#1797,.F.);
#1870=ADVANCED_FACE('',(#230),#1798,.F.);
#1871=ADVANCED_FACE('',(#231),#1799,.F.);
#1872=ADVANCED_FACE('',(#232),#1800,.F.);
#1873=ADVANCED_FACE('',(#233),#1801,.F.);
#1874=ADVANCED_FACE('',(#234),#1802,.F.);
#1875=ADVANCED_FACE('',(#235),#1803,.F.);
#1876=ADVANCED_FACE('',(#236),#1804,.F.);
#1877=ADVANCED_FACE('',(#237),#1805,.F.);
#1878=ADVANCED_FACE('',(#238),#1806,.F.);
#1879=ADVANCED_FACE('',(#239),#1807,.F.);
#1880=ADVANCED_FACE('',(#240),#1808,.F.);
#1881=ADVANCED_FACE('',(#241),#1809,.F.);
#1882=ADVANCED_FACE('',(#242),#1810,.F.);
#1883=ADVANCED_FACE('',(#243),#1811,.F.);
#1884=ADVANCED_FACE('',(#244),#1812,.F.);
#1885=ADVANCED_FACE('',(#245),#1813,.F.);
#1886=ADVANCED_FACE('',(#246),#1814,.F.);
#1887=ADVANCED_FACE('',(#247),#1815,.F.);
#1888=ADVANCED_FACE('',(#248),#1816,.F.);
#1889=ADVANCED_FACE('',(#249),#159,.T.);
#1890=ADVANCED_FACE('',(#250),#160,.T.);
#1891=ADVANCED_FACE('',(#251),#161,.T.);
#1892=ADVANCED_FACE('',(#252),#162,.T.);
#1893=ADVANCED_FACE('',(#253,#87,#88,#89,#90,#91,#92,#93,#94,#95,#96,#97,
#98,#99,#100,#101,#102,#103,#104,#105,#106,#107,#108,#109,#110,#111,#112,
#113,#114,#115,#116,#117,#118,#119),#163,.T.);
#1894=ADVANCED_FACE('',(#254,#120,#121,#122,#123,#124,#125,#126,#127,#128,
#129,#130,#131,#132,#133,#134,#135,#136,#137,#138,#139,#140,#141,#142,#143,
#144,#145,#146,#147,#148,#149,#150,#151,#152),#164,.F.);
#1895=ADVANCED_FACE('',(#255),#165,.T.);
#1896=ADVANCED_FACE('',(#256),#166,.T.);
#1897=ADVANCED_FACE('',(#257),#167,.T.);
#1898=ADVANCED_FACE('',(#258),#168,.T.);
#1899=ADVANCED_FACE('',(#259),#169,.T.);
#1900=ADVANCED_FACE('',(#260),#170,.F.);
#1901=ADVANCED_FACE('',(#261),#171,.T.);
#1902=ADVANCED_FACE('',(#262),#172,.T.);
#1903=ADVANCED_FACE('',(#263),#173,.T.);
#1904=ADVANCED_FACE('',(#264),#174,.T.);
#1905=ADVANCED_FACE('',(#265),#175,.T.);
#1906=ADVANCED_FACE('',(#266),#176,.F.);
#1907=CLOSED_SHELL('',(#1817,#1818,#1819,#1820,#1821,#1822,#1823,#1824,
#1825,#1826,#1827,#1828,#1829,#1830,#1831,#1832,#1833,#1834,#1835,#1836,
#1837,#1838,#1839,#1840,#1841,#1842,#1843,#1844,#1845,#1846,#1847,#1848,
#1849,#1850,#1851,#1852,#1853,#1854,#1855));
#1908=CLOSED_SHELL('',(#1856,#1857,#1858,#1859,#1860,#1861,#1862,#1863,
#1864,#1865,#1866,#1867,#1868,#1869,#1870,#1871,#1872,#1873,#1874,#1875,
#1876,#1877,#1878,#1879,#1880,#1881,#1882,#1883,#1884,#1885,#1886,#1887,
#1888,#1889,#1890,#1891,#1892,#1893,#1894));
#1909=CLOSED_SHELL('',(#1895,#1896,#1897,#1898,#1899,#1900));
#1910=CLOSED_SHELL('',(#1901,#1902,#1903,#1904,#1905,#1906));
#1911=DERIVED_UNIT_ELEMENT(#1914,1.);
#1912=DERIVED_UNIT_ELEMENT(#3221,-3.);
#1913=DIMENSIONAL_EXPONENTS(0.,1.,0.,0.,0.,0.,0.);
#1914=(
CONVERSION_BASED_UNIT('gram',#1916)
MASS_UNIT()
NAMED_UNIT(#1913)
);
#1915=(
MASS_UNIT()
NAMED_UNIT(*)
SI_UNIT(.KILO.,.GRAM.)
);
#1916=MASS_MEASURE_WITH_UNIT(MASS_MEASURE(0.001),#1915);
#1917=DERIVED_UNIT((#1911,#1912));
#1918=MEASURE_REPRESENTATION_ITEM('density measure',
POSITIVE_RATIO_MEASURE(1.),#1917);
#1919=PROPERTY_DEFINITION_REPRESENTATION(#1924,#1921);
#1920=PROPERTY_DEFINITION_REPRESENTATION(#1925,#1922);
#1921=REPRESENTATION('material name',(#1923),#3218);
#1922=REPRESENTATION('density',(#1918),#3218);
#1923=DESCRIPTIVE_REPRESENTATION_ITEM('Generic','Generic');
#1924=PROPERTY_DEFINITION('material property','material name',#3228);
#1925=PROPERTY_DEFINITION('material property','density of part',#3228);
#1926=DATE_TIME_ROLE('creation_date');
#1927=APPLIED_DATE_AND_TIME_ASSIGNMENT(#1928,#1926,(#3228));
#1928=DATE_AND_TIME(#1929,#1930);
#1929=CALENDAR_DATE(2026,21,9);
#1930=LOCAL_TIME(0,0,0.,#1931);
#1931=COORDINATED_UNIVERSAL_TIME_OFFSET(0,0,.BEHIND.);
#1932=AXIS2_PLACEMENT_3D('',#2715,#2155,#2156);
#1933=AXIS2_PLACEMENT_3D('',#2716,#2157,#2158);
#1934=AXIS2_PLACEMENT_3D('',#2718,#2159,#2160);
#1935=AXIS2_PLACEMENT_3D('',#2721,#2162,#2163);
#1936=AXIS2_PLACEMENT_3D('',#2722,#2164,#2165);
#1937=AXIS2_PLACEMENT_3D('',#2724,#2166,#2167);
#1938=AXIS2_PLACEMENT_3D('',#2727,#2169,#2170);
#1939=AXIS2_PLACEMENT_3D('',#2728,#2171,#2172);
#1940=AXIS2_PLACEMENT_3D('',#2730,#2173,#2174);
#1941=AXIS2_PLACEMENT_3D('',#2733,#2176,#2177);
#1942=AXIS2_PLACEMENT_3D('',#2734,#2178,#2179);
#1943=AXIS2_PLACEMENT_3D('',#2736,#2180,#2181);
#1944=AXIS2_PLACEMENT_3D('',#2739,#2183,#2184);
#1945=AXIS2_PLACEMENT_3D('',#2740,#2185,#2186);
#1946=AXIS2_PLACEMENT_3D('',#2742,#2187,#2188);
#1947=AXIS2_PLACEMENT_3D('',#2745,#2190,#2191);
#1948=AXIS2_PLACEMENT_3D('',#2746,#2192,#2193);
#1949=AXIS2_PLACEMENT_3D('',#2748,#2194,#2195);
#1950=AXIS2_PLACEMENT_3D('',#2751,#2197,#2198);
#1951=AXIS2_PLACEMENT_3D('',#2752,#2199,#2200);
#1952=AXIS2_PLACEMENT_3D('',#2754,#2201,#2202);
#1953=AXIS2_PLACEMENT_3D('',#2757,#2204,#2205);
#1954=AXIS2_PLACEMENT_3D('',#2758,#2206,#2207);
#1955=AXIS2_PLACEMENT_3D('',#2760,#2208,#2209);
#1956=AXIS2_PLACEMENT_3D('',#2763,#2211,#2212);
#1957=AXIS2_PLACEMENT_3D('',#2764,#2213,#2214);
#1958=AXIS2_PLACEMENT_3D('',#2766,#2215,#2216);
#1959=AXIS2_PLACEMENT_3D('',#2769,#2218,#2219);
#1960=AXIS2_PLACEMENT_3D('',#2770,#2220,#2221);
#1961=AXIS2_PLACEMENT_3D('',#2772,#2222,#2223);
#1962=AXIS2_PLACEMENT_3D('',#2775,#2225,#2226);
#1963=AXIS2_PLACEMENT_3D('',#2776,#2227,#2228);
#1964=AXIS2_PLACEMENT_3D('',#2778,#2229,#2230);
#1965=AXIS2_PLACEMENT_3D('',#2781,#2232,#2233);
#1966=AXIS2_PLACEMENT_3D('',#2782,#2234,#2235);
#1967=AXIS2_PLACEMENT_3D('',#2784,#2236,#2237);
#1968=AXIS2_PLACEMENT_3D('',#2787,#2239,#2240);
#1969=AXIS2_PLACEMENT_3D('',#2788,#2241,#2242);
#1970=AXIS2_PLACEMENT_3D('',#2790,#2243,#2244);
#1971=AXIS2_PLACEMENT_3D('',#2793,#2246,#2247);
#1972=AXIS2_PLACEMENT_3D('',#2794,#2248,#2249);
#1973=AXIS2_PLACEMENT_3D('',#2796,#2250,#2251);
#1974=AXIS2_PLACEMENT_3D('',#2799,#2253,#2254);
#1975=AXIS2_PLACEMENT_3D('',#2800,#2255,#2256);
#1976=AXIS2_PLACEMENT_3D('',#2802,#2257,#2258);
#1977=AXIS2_PLACEMENT_3D('',#2805,#2260,#2261);
#1978=AXIS2_PLACEMENT_3D('',#2806,#2262,#2263);
#1979=AXIS2_PLACEMENT_3D('',#2808,#2264,#2265);
#1980=AXIS2_PLACEMENT_3D('',#2811,#2267,#2268);
#1981=AXIS2_PLACEMENT_3D('',#2812,#2269,#2270);
#1982=AXIS2_PLACEMENT_3D('',#2814,#2271,#2272);
#1983=AXIS2_PLACEMENT_3D('',#2817,#2274,#2275);
#1984=AXIS2_PLACEMENT_3D('',#2818,#2276,#2277);
#1985=AXIS2_PLACEMENT_3D('',#2820,#2278,#2279);
#1986=AXIS2_PLACEMENT_3D('',#2823,#2281,#2282);
#1987=AXIS2_PLACEMENT_3D('',#2824,#2283,#2284);
#1988=AXIS2_PLACEMENT_3D('',#2826,#2285,#2286);
#1989=AXIS2_PLACEMENT_3D('',#2829,#2288,#2289);
#1990=AXIS2_PLACEMENT_3D('',#2830,#2290,#2291);
#1991=AXIS2_PLACEMENT_3D('',#2832,#2292,#2293);
#1992=AXIS2_PLACEMENT_3D('',#2835,#2295,#2296);
#1993=AXIS2_PLACEMENT_3D('',#2836,#2297,#2298);
#1994=AXIS2_PLACEMENT_3D('',#2838,#2299,#2300);
#1995=AXIS2_PLACEMENT_3D('',#2841,#2302,#2303);
#1996=AXIS2_PLACEMENT_3D('',#2842,#2304,#2305);
#1997=AXIS2_PLACEMENT_3D('',#2844,#2306,#2307);
#1998=AXIS2_PLACEMENT_3D('',#2847,#2309,#2310);
#1999=AXIS2_PLACEMENT_3D('',#2848,#2311,#2312);
#2000=AXIS2_PLACEMENT_3D('',#2850,#2313,#2314);
#2001=AXIS2_PLACEMENT_3D('',#2853,#2316,#2317);
#2002=AXIS2_PLACEMENT_3D('',#2854,#2318,#2319);
#2003=AXIS2_PLACEMENT_3D('',#2856,#2320,#2321);
#2004=AXIS2_PLACEMENT_3D('',#2859,#2323,#2324);
#2005=AXIS2_PLACEMENT_3D('',#2860,#2325,#2326);
#2006=AXIS2_PLACEMENT_3D('',#2862,#2327,#2328);
#2007=AXIS2_PLACEMENT_3D('',#2865,#2330,#2331);
#2008=AXIS2_PLACEMENT_3D('',#2866,#2332,#2333);
#2009=AXIS2_PLACEMENT_3D('',#2868,#2334,#2335);
#2010=AXIS2_PLACEMENT_3D('',#2871,#2337,#2338);
#2011=AXIS2_PLACEMENT_3D('',#2872,#2339,#2340);
#2012=AXIS2_PLACEMENT_3D('',#2874,#2341,#2342);
#2013=AXIS2_PLACEMENT_3D('',#2877,#2344,#2345);
#2014=AXIS2_PLACEMENT_3D('',#2878,#2346,#2347);
#2015=AXIS2_PLACEMENT_3D('',#2880,#2348,#2349);
#2016=AXIS2_PLACEMENT_3D('',#2883,#2351,#2352);
#2017=AXIS2_PLACEMENT_3D('',#2884,#2353,#2354);
#2018=AXIS2_PLACEMENT_3D('',#2886,#2355,#2356);
#2019=AXIS2_PLACEMENT_3D('',#2889,#2358,#2359);
#2020=AXIS2_PLACEMENT_3D('',#2890,#2360,#2361);
#2021=AXIS2_PLACEMENT_3D('',#2892,#2362,#2363);
#2022=AXIS2_PLACEMENT_3D('',#2895,#2365,#2366);
#2023=AXIS2_PLACEMENT_3D('',#2896,#2367,#2368);
#2024=AXIS2_PLACEMENT_3D('',#2898,#2369,#2370);
#2025=AXIS2_PLACEMENT_3D('',#2901,#2372,#2373);
#2026=AXIS2_PLACEMENT_3D('',#2902,#2374,#2375);
#2027=AXIS2_PLACEMENT_3D('',#2904,#2376,#2377);
#2028=AXIS2_PLACEMENT_3D('',#2907,#2379,#2380);
#2029=AXIS2_PLACEMENT_3D('',#2908,#2381,#2382);
#2030=AXIS2_PLACEMENT_3D('',#2910,#2383,#2384);
#2031=AXIS2_PLACEMENT_3D('',#2913,#2386,#2387);
#2032=AXIS2_PLACEMENT_3D('',#2914,#2388,#2389);
#2033=AXIS2_PLACEMENT_3D('',#2923,#2394,#2395);
#2034=AXIS2_PLACEMENT_3D('',#2929,#2399,#2400);
#2035=AXIS2_PLACEMENT_3D('',#2935,#2404,#2405);
#2036=AXIS2_PLACEMENT_3D('',#2938,#2408,#2409);
#2037=AXIS2_PLACEMENT_3D('',#2939,#2410,#2411);
#2038=AXIS2_PLACEMENT_3D('',#2940,#2412,#2413);
#2039=AXIS2_PLACEMENT_3D('',#2942,#2414,#2415);
#2040=AXIS2_PLACEMENT_3D('',#2945,#2417,#2418);
#2041=AXIS2_PLACEMENT_3D('',#2946,#2419,#2420);
#2042=AXIS2_PLACEMENT_3D('',#2948,#2421,#2422);
#2043=AXIS2_PLACEMENT_3D('',#2951,#2424,#2425);
#2044=AXIS2_PLACEMENT_3D('',#2952,#2426,#2427);
#2045=AXIS2_PLACEMENT_3D('',#2954,#2428,#2429);
#2046=AXIS2_PLACEMENT_3D('',#2957,#2431,#2432);
#2047=AXIS2_PLACEMENT_3D('',#2958,#2433,#2434);
#2048=AXIS2_PLACEMENT_3D('',#2960,#2435,#2436);
#2049=AXIS2_PLACEMENT_3D('',#2963,#2438,#2439);
#2050=AXIS2_PLACEMENT_3D('',#2964,#2440,#2441);
#2051=AXIS2_PLACEMENT_3D('',#2966,#2442,#2443);
#2052=AXIS2_PLACEMENT_3D('',#2969,#2445,#2446);
#2053=AXIS2_PLACEMENT_3D('',#2970,#2447,#2448);
#2054=AXIS2_PLACEMENT_3D('',#2972,#2449,#2450);
#2055=AXIS2_PLACEMENT_3D('',#2975,#2452,#2453);
#2056=AXIS2_PLACEMENT_3D('',#2976,#2454,#2455);
#2057=AXIS2_PLACEMENT_3D('',#2978,#2456,#2457);
#2058=AXIS2_PLACEMENT_3D('',#2981,#2459,#2460);
#2059=AXIS2_PLACEMENT_3D('',#2982,#2461,#2462);
#2060=AXIS2_PLACEMENT_3D('',#2984,#2463,#2464);
#2061=AXIS2_PLACEMENT_3D('',#2987,#2466,#2467);
#2062=AXIS2_PLACEMENT_3D('',#2988,#2468,#2469);
#2063=AXIS2_PLACEMENT_3D('',#2990,#2470,#2471);
#2064=AXIS2_PLACEMENT_3D('',#2993,#2473,#2474);
#2065=AXIS2_PLACEMENT_3D('',#2994,#2475,#2476);
#2066=AXIS2_PLACEMENT_3D('',#2996,#2477,#2478);
#2067=AXIS2_PLACEMENT_3D('',#2999,#2480,#2481);
#2068=AXIS2_PLACEMENT_3D('',#3000,#2482,#2483);
#2069=AXIS2_PLACEMENT_3D('',#3002,#2484,#2485);
#2070=AXIS2_PLACEMENT_3D('',#3005,#2487,#2488);
#2071=AXIS2_PLACEMENT_3D('',#3006,#2489,#2490);
#2072=AXIS2_PLACEMENT_3D('',#3008,#2491,#2492);
#2073=AXIS2_PLACEMENT_3D('',#3011,#2494,#2495);
#2074=AXIS2_PLACEMENT_3D('',#3012,#2496,#2497);
#2075=AXIS2_PLACEMENT_3D('',#3014,#2498,#2499);
#2076=AXIS2_PLACEMENT_3D('',#3017,#2501,#2502);
#2077=AXIS2_PLACEMENT_3D('',#3018,#2503,#2504);
#2078=AXIS2_PLACEMENT_3D('',#3020,#2505,#2506);
#2079=AXIS2_PLACEMENT_3D('',#3023,#2508,#2509);
#2080=AXIS2_PLACEMENT_3D('',#3024,#2510,#2511);
#2081=AXIS2_PLACEMENT_3D('',#3026,#2512,#2513);
#2082=AXIS2_PLACEMENT_3D('',#3029,#2515,#2516);
#2083=AXIS2_PLACEMENT_3D('',#3030,#2517,#2518);
#2084=AXIS2_PLACEMENT_3D('',#3032,#2519,#2520);
#2085=AXIS2_PLACEMENT_3D('',#3035,#2522,#2523);
#2086=AXIS2_PLACEMENT_3D('',#3036,#2524,#2525);
#2087=AXIS2_PLACEMENT_3D('',#3038,#2526,#2527);
#2088=AXIS2_PLACEMENT_3D('',#3041,#2529,#2530);
#2089=AXIS2_PLACEMENT_3D('',#3042,#2531,#2532);
#2090=AXIS2_PLACEMENT_3D('',#3044,#2533,#2534);
#2091=AXIS2_PLACEMENT_3D('',#3047,#2536,#2537);
#2092=AXIS2_PLACEMENT_3D('',#3048,#2538,#2539);
#2093=AXIS2_PLACEMENT_3D('',#3050,#2540,#2541);
#2094=AXIS2_PLACEMENT_3D('',#3053,#2543,#2544);
#2095=AXIS2_PLACEMENT_3D('',#3054,#2545,#2546);
#2096=AXIS2_PLACEMENT_3D('',#3056,#2547,#2548);
#2097=AXIS2_PLACEMENT_3D('',#3059,#2550,#2551);
#2098=AXIS2_PLACEMENT_3D('',#3060,#2552,#2553);
#2099=AXIS2_PLACEMENT_3D('',#3062,#2554,#2555);
#2100=AXIS2_PLACEMENT_3D('',#3065,#2557,#2558);
#2101=AXIS2_PLACEMENT_3D('',#3066,#2559,#2560);
#2102=AXIS2_PLACEMENT_3D('',#3068,#2561,#2562);
#2103=AXIS2_PLACEMENT_3D('',#3071,#2564,#2565);
#2104=AXIS2_PLACEMENT_3D('',#3072,#2566,#2567);
#2105=AXIS2_PLACEMENT_3D('',#3074,#2568,#2569);
#2106=AXIS2_PLACEMENT_3D('',#3077,#2571,#2572);
#2107=AXIS2_PLACEMENT_3D('',#3078,#2573,#2574);
#2108=AXIS2_PLACEMENT_3D('',#3080,#2575,#2576);
#2109=AXIS2_PLACEMENT_3D('',#3083,#2578,#2579);
#2110=AXIS2_PLACEMENT_3D('',#3084,#2580,#2581);
#2111=AXIS2_PLACEMENT_3D('',#3086,#2582,#2583);
#2112=AXIS2_PLACEMENT_3D('',#3089,#2585,#2586);
#2113=AXIS2_PLACEMENT_3D('',#3090,#2587,#2588);
#2114=AXIS2_PLACEMENT_3D('',#3092,#2589,#2590);
#2115=AXIS2_PLACEMENT_3D('',#3095,#2592,#2593);
#2116=AXIS2_PLACEMENT_3D('',#3096,#2594,#2595);
#2117=AXIS2_PLACEMENT_3D('',#3098,#2596,#2597);
#2118=AXIS2_PLACEMENT_3D('',#3101,#2599,#2600);
#2119=AXIS2_PLACEMENT_3D('',#3102,#2601,#2602);
#2120=AXIS2_PLACEMENT_3D('',#3104,#2603,#2604);
#2121=AXIS2_PLACEMENT_3D('',#3107,#2606,#2607);
#2122=AXIS2_PLACEMENT_3D('',#3108,#2608,#2609);
#2123=AXIS2_PLACEMENT_3D('',#3110,#2610,#2611);
#2124=AXIS2_PLACEMENT_3D('',#3113,#2613,#2614);
#2125=AXIS2_PLACEMENT_3D('',#3114,#2615,#2616);
#2126=AXIS2_PLACEMENT_3D('',#3116,#2617,#2618);
#2127=AXIS2_PLACEMENT_3D('',#3119,#2620,#2621);
#2128=AXIS2_PLACEMENT_3D('',#3120,#2622,#2623);
#2129=AXIS2_PLACEMENT_3D('',#3122,#2624,#2625);
#2130=AXIS2_PLACEMENT_3D('',#3125,#2627,#2628);
#2131=AXIS2_PLACEMENT_3D('',#3126,#2629,#2630);
#2132=AXIS2_PLACEMENT_3D('',#3128,#2631,#2632);
#2133=AXIS2_PLACEMENT_3D('',#3131,#2634,#2635);
#2134=AXIS2_PLACEMENT_3D('',#3132,#2636,#2637);
#2135=AXIS2_PLACEMENT_3D('',#3134,#2638,#2639);
#2136=AXIS2_PLACEMENT_3D('',#3137,#2641,#2642);
#2137=AXIS2_PLACEMENT_3D('',#3138,#2643,#2644);
#2138=AXIS2_PLACEMENT_3D('',#3147,#2649,#2650);
#2139=AXIS2_PLACEMENT_3D('',#3153,#2654,#2655);
#2140=AXIS2_PLACEMENT_3D('',#3159,#2659,#2660);
#2141=AXIS2_PLACEMENT_3D('',#3162,#2663,#2664);
#2142=AXIS2_PLACEMENT_3D('',#3163,#2665,#2666);
#2143=AXIS2_PLACEMENT_3D('',#3164,#2667,#2668);
#2144=AXIS2_PLACEMENT_3D('',#3173,#2673,#2674);
#2145=AXIS2_PLACEMENT_3D('',#3179,#2678,#2679);
#2146=AXIS2_PLACEMENT_3D('',#3185,#2683,#2684);
#2147=AXIS2_PLACEMENT_3D('',#3188,#2687,#2688);
#2148=AXIS2_PLACEMENT_3D('',#3189,#2689,#2690);
#2149=AXIS2_PLACEMENT_3D('',#3190,#2691,#2692);
#2150=AXIS2_PLACEMENT_3D('',#3199,#2697,#2698);
#2151=AXIS2_PLACEMENT_3D('',#3205,#2702,#2703);
#2152=AXIS2_PLACEMENT_3D('',#3211,#2707,#2708);
#2153=AXIS2_PLACEMENT_3D('',#3214,#2711,#2712);
#2154=AXIS2_PLACEMENT_3D('',#3215,#2713,#2714);
#2155=DIRECTION('axis',(0.,0.,1.));
#2156=DIRECTION('refdir',(1.,0.,0.));
#2157=DIRECTION('center_axis',(0.,0.,1.));
#2158=DIRECTION('ref_axis',(-1.,0.,0.));
#2159=DIRECTION('center_axis',(0.,0.,1.));
#2160=DIRECTION('ref_axis',(-1.,0.,0.));
#2161=DIRECTION('',(0.,0.,1.));
#2162=DIRECTION('center_axis',(0.,0.,-1.));
#2163=DIRECTION('ref_axis',(-1.,0.,0.));
#2164=DIRECTION('center_axis',(0.,0.,1.));
#2165=DIRECTION('ref_axis',(-1.,0.,0.));
#2166=DIRECTION('center_axis',(0.,0.,1.));
#2167=DIRECTION('ref_axis',(-1.,0.,0.));
#2168=DIRECTION('',(0.,0.,1.));
#2169=DIRECTION('center_axis',(0.,0.,-1.));
#2170=DIRECTION('ref_axis',(-1.,0.,0.));
#2171=DIRECTION('center_axis',(0.,0.,1.));
#2172=DIRECTION('ref_axis',(-1.,0.,0.));
#2173=DIRECTION('center_axis',(0.,0.,1.));
#2174=DIRECTION('ref_axis',(-1.,0.,0.));
#2175=DIRECTION('',(0.,0.,1.));
#2176=DIRECTION('center_axis',(0.,0.,-1.));
#2177=DIRECTION('ref_axis',(-1.,0.,0.));
#2178=DIRECTION('center_axis',(0.,0.,1.));
#2179=DIRECTION('ref_axis',(-1.,0.,0.));
#2180=DIRECTION('center_axis',(0.,0.,1.));
#2181=DIRECTION('ref_axis',(-1.,0.,0.));
#2182=DIRECTION('',(0.,0.,1.));
#2183=DIRECTION('center_axis',(0.,0.,-1.));
#2184=DIRECTION('ref_axis',(-1.,0.,0.));
#2185=DIRECTION('center_axis',(0.,0.,1.));
#2186=DIRECTION('ref_axis',(-1.,0.,0.));
#2187=DIRECTION('center_axis',(0.,0.,1.));
#2188=DIRECTION('ref_axis',(-1.,0.,0.));
#2189=DIRECTION('',(0.,0.,1.));
#2190=DIRECTION('center_axis',(0.,0.,-1.));
#2191=DIRECTION('ref_axis',(-1.,0.,0.));
#2192=DIRECTION('center_axis',(0.,0.,1.));
#2193=DIRECTION('ref_axis',(-1.,0.,0.));
#2194=DIRECTION('center_axis',(0.,0.,1.));
#2195=DIRECTION('ref_axis',(-1.,0.,0.));
#2196=DIRECTION('',(0.,0.,1.));
#2197=DIRECTION('center_axis',(0.,0.,-1.));
#2198=DIRECTION('ref_axis',(-1.,0.,0.));
#2199=DIRECTION('center_axis',(0.,0.,1.));
#2200=DIRECTION('ref_axis',(-1.,0.,0.));
#2201=DIRECTION('center_axis',(0.,0.,1.));
#2202=DIRECTION('ref_axis',(-1.,0.,0.));
#2203=DIRECTION('',(0.,0.,1.));
#2204=DIRECTION('center_axis',(0.,0.,-1.));
#2205=DIRECTION('ref_axis',(-1.,0.,0.));
#2206=DIRECTION('center_axis',(0.,0.,1.));
#2207=DIRECTION('ref_axis',(-1.,0.,0.));
#2208=DIRECTION('center_axis',(0.,0.,1.));
#2209=DIRECTION('ref_axis',(-1.,0.,0.));
#2210=DIRECTION('',(0.,0.,1.));
#2211=DIRECTION('center_axis',(0.,0.,-1.));
#2212=DIRECTION('ref_axis',(-1.,0.,0.));
#2213=DIRECTION('center_axis',(0.,0.,1.));
#2214=DIRECTION('ref_axis',(-1.,0.,0.));
#2215=DIRECTION('center_axis',(0.,0.,1.));
#2216=DIRECTION('ref_axis',(-1.,0.,0.));
#2217=DIRECTION('',(0.,0.,1.));
#2218=DIRECTION('center_axis',(0.,0.,-1.));
#2219=DIRECTION('ref_axis',(-1.,0.,0.));
#2220=DIRECTION('center_axis',(0.,0.,1.));
#2221=DIRECTION('ref_axis',(-1.,0.,0.));
#2222=DIRECTION('center_axis',(0.,0.,1.));
#2223=DIRECTION('ref_axis',(-1.,0.,0.));
#2224=DIRECTION('',(0.,0.,1.));
#2225=DIRECTION('center_axis',(0.,0.,-1.));
#2226=DIRECTION('ref_axis',(-1.,0.,0.));
#2227=DIRECTION('center_axis',(0.,0.,1.));
#2228=DIRECTION('ref_axis',(-1.,0.,0.));
#2229=DIRECTION('center_axis',(0.,0.,1.));
#2230=DIRECTION('ref_axis',(-1.,0.,0.));
#2231=DIRECTION('',(0.,0.,1.));
#2232=DIRECTION('center_axis',(0.,0.,-1.));
#2233=DIRECTION('ref_axis',(-1.,0.,0.));
#2234=DIRECTION('center_axis',(0.,0.,1.));
#2235=DIRECTION('ref_axis',(-1.,0.,0.));
#2236=DIRECTION('center_axis',(0.,0.,1.));
#2237=DIRECTION('ref_axis',(-1.,0.,0.));
#2238=DIRECTION('',(0.,0.,1.));
#2239=DIRECTION('center_axis',(0.,0.,-1.));
#2240=DIRECTION('ref_axis',(-1.,0.,0.));
#2241=DIRECTION('center_axis',(0.,0.,1.));
#2242=DIRECTION('ref_axis',(-1.,0.,0.));
#2243=DIRECTION('center_axis',(0.,0.,1.));
#2244=DIRECTION('ref_axis',(-1.,0.,0.));
#2245=DIRECTION('',(0.,0.,1.));
#2246=DIRECTION('center_axis',(0.,0.,-1.));
#2247=DIRECTION('ref_axis',(-1.,0.,0.));
#2248=DIRECTION('center_axis',(0.,0.,1.));
#2249=DIRECTION('ref_axis',(-1.,0.,0.));
#2250=DIRECTION('center_axis',(0.,0.,1.));
#2251=DIRECTION('ref_axis',(-1.,0.,0.));
#2252=DIRECTION('',(0.,0.,1.));
#2253=DIRECTION('center_axis',(0.,0.,-1.));
#2254=DIRECTION('ref_axis',(-1.,0.,0.));
#2255=DIRECTION('center_axis',(0.,0.,1.));
#2256=DIRECTION('ref_axis',(-1.,0.,0.));
#2257=DIRECTION('center_axis',(0.,0.,1.));
#2258=DIRECTION('ref_axis',(-1.,0.,0.));
#2259=DIRECTION('',(0.,0.,1.));
#2260=DIRECTION('center_axis',(0.,0.,-1.));
#2261=DIRECTION('ref_axis',(-1.,0.,0.));
#2262=DIRECTION('center_axis',(0.,0.,1.));
#2263=DIRECTION('ref_axis',(-1.,0.,0.));
#2264=DIRECTION('center_axis',(0.,0.,1.));
#2265=DIRECTION('ref_axis',(-1.,0.,0.));
#2266=DIRECTION('',(0.,0.,1.));
#2267=DIRECTION('center_axis',(0.,0.,-1.));
#2268=DIRECTION('ref_axis',(-1.,0.,0.));
#2269=DIRECTION('center_axis',(0.,0.,1.));
#2270=DIRECTION('ref_axis',(-1.,0.,0.));
#2271=DIRECTION('center_axis',(0.,0.,1.));
#2272=DIRECTION('ref_axis',(-1.,0.,0.));
#2273=DIRECTION('',(0.,0.,1.));
#2274=DIRECTION('center_axis',(0.,0.,-1.));
#2275=DIRECTION('ref_axis',(-1.,0.,0.));
#2276=DIRECTION('center_axis',(0.,0.,1.));
#2277=DIRECTION('ref_axis',(-1.,0.,0.));
#2278=DIRECTION('center_axis',(0.,0.,1.));
#2279=DIRECTION('ref_axis',(-1.,0.,0.));
#2280=DIRECTION('',(0.,0.,1.));
#2281=DIRECTION('center_axis',(0.,0.,-1.));
#2282=DIRECTION('ref_axis',(-1.,0.,0.));
#2283=DIRECTION('center_axis',(0.,0.,1.));
#2284=DIRECTION('ref_axis',(-1.,0.,0.));
#2285=DIRECTION('center_axis',(0.,0.,1.));
#2286=DIRECTION('ref_axis',(-1.,0.,0.));
#2287=DIRECTION('',(0.,0.,1.));
#2288=DIRECTION('center_axis',(0.,0.,-1.));
#2289=DIRECTION('ref_axis',(-1.,0.,0.));
#2290=DIRECTION('center_axis',(0.,0.,1.));
#2291=DIRECTION('ref_axis',(-1.,0.,0.));
#2292=DIRECTION('center_axis',(0.,0.,1.));
#2293=DIRECTION('ref_axis',(-1.,0.,0.));
#2294=DIRECTION('',(0.,0.,1.));
#2295=DIRECTION('center_axis',(0.,0.,-1.));
#2296=DIRECTION('ref_axis',(-1.,0.,0.));
#2297=DIRECTION('center_axis',(0.,0.,1.));
#2298=DIRECTION('ref_axis',(-1.,0.,0.));
#2299=DIRECTION('center_axis',(0.,0.,1.));
#2300=DIRECTION('ref_axis',(-1.,0.,0.));
#2301=DIRECTION('',(0.,0.,1.));
#2302=DIRECTION('center_axis',(0.,0.,-1.));
#2303=DIRECTION('ref_axis',(-1.,0.,0.));
#2304=DIRECTION('center_axis',(0.,0.,1.));
#2305=DIRECTION('ref_axis',(-1.,0.,0.));
#2306=DIRECTION('center_axis',(0.,0.,1.));
#2307=DIRECTION('ref_axis',(-1.,0.,0.));
#2308=DIRECTION('',(0.,0.,1.));
#2309=DIRECTION('center_axis',(0.,0.,-1.));
#2310=DIRECTION('ref_axis',(-1.,0.,0.));
#2311=DIRECTION('center_axis',(0.,0.,1.));
#2312=DIRECTION('ref_axis',(-1.,0.,0.));
#2313=DIRECTION('center_axis',(0.,0.,1.));
#2314=DIRECTION('ref_axis',(-1.,0.,0.));
#2315=DIRECTION('',(0.,0.,1.));
#2316=DIRECTION('center_axis',(0.,0.,-1.));
#2317=DIRECTION('ref_axis',(-1.,0.,0.));
#2318=DIRECTION('center_axis',(0.,0.,1.));
#2319=DIRECTION('ref_axis',(-1.,0.,0.));
#2320=DIRECTION('center_axis',(0.,0.,1.));
#2321=DIRECTION('ref_axis',(-1.,0.,0.));
#2322=DIRECTION('',(0.,0.,1.));
#2323=DIRECTION('center_axis',(0.,0.,-1.));
#2324=DIRECTION('ref_axis',(-1.,0.,0.));
#2325=DIRECTION('center_axis',(0.,0.,1.));
#2326=DIRECTION('ref_axis',(-1.,0.,0.));
#2327=DIRECTION('center_axis',(0.,0.,1.));
#2328=DIRECTION('ref_axis',(-1.,0.,0.));
#2329=DIRECTION('',(0.,0.,1.));
#2330=DIRECTION('center_axis',(0.,0.,-1.));
#2331=DIRECTION('ref_axis',(-1.,0.,0.));
#2332=DIRECTION('center_axis',(0.,0.,1.));
#2333=DIRECTION('ref_axis',(-1.,0.,0.));
#2334=DIRECTION('center_axis',(0.,0.,1.));
#2335=DIRECTION('ref_axis',(-1.,0.,0.));
#2336=DIRECTION('',(0.,0.,1.));
#2337=DIRECTION('center_axis',(0.,0.,-1.));
#2338=DIRECTION('ref_axis',(-1.,0.,0.));
#2339=DIRECTION('center_axis',(0.,0.,1.));
#2340=DIRECTION('ref_axis',(-1.,0.,0.));
#2341=DIRECTION('center_axis',(0.,0.,1.));
#2342=DIRECTION('ref_axis',(-1.,0.,0.));
#2343=DIRECTION('',(0.,0.,1.));
#2344=DIRECTION('center_axis',(0.,0.,-1.));
#2345=DIRECTION('ref_axis',(-1.,0.,0.));
#2346=DIRECTION('center_axis',(0.,0.,1.));
#2347=DIRECTION('ref_axis',(-1.,0.,0.));
#2348=DIRECTION('center_axis',(0.,0.,1.));
#2349=DIRECTION('ref_axis',(-1.,0.,0.));
#2350=DIRECTION('',(0.,0.,1.));
#2351=DIRECTION('center_axis',(0.,0.,-1.));
#2352=DIRECTION('ref_axis',(-1.,0.,0.));
#2353=DIRECTION('center_axis',(0.,0.,1.));
#2354=DIRECTION('ref_axis',(-1.,0.,0.));
#2355=DIRECTION('center_axis',(0.,0.,1.));
#2356=DIRECTION('ref_axis',(-1.,0.,0.));
#2357=DIRECTION('',(0.,0.,1.));
#2358=DIRECTION('center_axis',(0.,0.,-1.));
#2359=DIRECTION('ref_axis',(-1.,0.,0.));
#2360=DIRECTION('center_axis',(0.,0.,1.));
#2361=DIRECTION('ref_axis',(-1.,0.,0.));
#2362=DIRECTION('center_axis',(0.,0.,1.));
#2363=DIRECTION('ref_axis',(-1.,0.,0.));
#2364=DIRECTION('',(0.,0.,1.));
#2365=DIRECTION('center_axis',(0.,0.,-1.));
#2366=DIRECTION('ref_axis',(-1.,0.,0.));
#2367=DIRECTION('center_axis',(0.,0.,1.));
#2368=DIRECTION('ref_axis',(-1.,0.,0.));
#2369=DIRECTION('center_axis',(0.,0.,1.));
#2370=DIRECTION('ref_axis',(-1.,0.,0.));
#2371=DIRECTION('',(0.,0.,1.));
#2372=DIRECTION('center_axis',(0.,0.,-1.));
#2373=DIRECTION('ref_axis',(-1.,0.,0.));
#2374=DIRECTION('center_axis',(0.,0.,1.));
#2375=DIRECTION('ref_axis',(-1.,0.,0.));
#2376=DIRECTION('center_axis',(0.,0.,1.));
#2377=DIRECTION('ref_axis',(-1.,0.,0.));
#2378=DIRECTION('',(0.,0.,1.));
#2379=DIRECTION('center_axis',(0.,0.,-1.));
#2380=DIRECTION('ref_axis',(-1.,0.,0.));
#2381=DIRECTION('center_axis',(0.,0.,1.));
#2382=DIRECTION('ref_axis',(-1.,0.,0.));
#2383=DIRECTION('center_axis',(0.,0.,1.));
#2384=DIRECTION('ref_axis',(-1.,0.,0.));
#2385=DIRECTION('',(0.,0.,1.));
#2386=DIRECTION('center_axis',(0.,0.,-1.));
#2387=DIRECTION('ref_axis',(-1.,0.,0.));
#2388=DIRECTION('center_axis',(-1.,0.,0.));
#2389=DIRECTION('ref_axis',(0.,-1.,0.));
#2390=DIRECTION('',(0.,-1.,0.));
#2391=DIRECTION('',(0.,0.,1.));
#2392=DIRECTION('',(0.,-1.,0.));
#2393=DIRECTION('',(0.,0.,1.));
#2394=DIRECTION('center_axis',(0.,1.,0.));
#2395=DIRECTION('ref_axis',(-1.,0.,0.));
#2396=DIRECTION('',(-1.,0.,0.));
#2397=DIRECTION('',(-1.,0.,0.));
#2398=DIRECTION('',(0.,0.,1.));
#2399=DIRECTION('center_axis',(1.,0.,0.));
#2400=DIRECTION('ref_axis',(0.,1.,0.));
#2401=DIRECTION('',(0.,1.,0.));
#2402=DIRECTION('',(0.,1.,0.));
#2403=DIRECTION('',(0.,0.,1.));
#2404=DIRECTION('center_axis',(0.,-1.,0.));
#2405=DIRECTION('ref_axis',(1.,0.,0.));
#2406=DIRECTION('',(1.,0.,0.));
#2407=DIRECTION('',(1.,0.,0.));
#2408=DIRECTION('center_axis',(0.,0.,1.));
#2409=DIRECTION('ref_axis',(1.,0.,0.));
#2410=DIRECTION('center_axis',(0.,0.,1.));
#2411=DIRECTION('ref_axis',(1.,0.,0.));
#2412=DIRECTION('center_axis',(0.,0.,1.));
#2413=DIRECTION('ref_axis',(-1.,0.,0.));
#2414=DIRECTION('center_axis',(0.,0.,1.));
#2415=DIRECTION('ref_axis',(-1.,0.,0.));
#2416=DIRECTION('',(0.,0.,1.));
#2417=DIRECTION('center_axis',(0.,0.,-1.));
#2418=DIRECTION('ref_axis',(-1.,0.,0.));
#2419=DIRECTION('center_axis',(0.,0.,1.));
#2420=DIRECTION('ref_axis',(-1.,0.,0.));
#2421=DIRECTION('center_axis',(0.,0.,1.));
#2422=DIRECTION('ref_axis',(-1.,0.,0.));
#2423=DIRECTION('',(0.,0.,1.));
#2424=DIRECTION('center_axis',(0.,0.,-1.));
#2425=DIRECTION('ref_axis',(-1.,0.,0.));
#2426=DIRECTION('center_axis',(0.,0.,1.));
#2427=DIRECTION('ref_axis',(-1.,0.,0.));
#2428=DIRECTION('center_axis',(0.,0.,1.));
#2429=DIRECTION('ref_axis',(-1.,0.,0.));
#2430=DIRECTION('',(0.,0.,1.));
#2431=DIRECTION('center_axis',(0.,0.,-1.));
#2432=DIRECTION('ref_axis',(-1.,0.,0.));
#2433=DIRECTION('center_axis',(0.,0.,1.));
#2434=DIRECTION('ref_axis',(-1.,0.,0.));
#2435=DIRECTION('center_axis',(0.,0.,1.));
#2436=DIRECTION('ref_axis',(-1.,0.,0.));
#2437=DIRECTION('',(0.,0.,1.));
#2438=DIRECTION('center_axis',(0.,0.,-1.));
#2439=DIRECTION('ref_axis',(-1.,0.,0.));
#2440=DIRECTION('center_axis',(0.,0.,1.));
#2441=DIRECTION('ref_axis',(-1.,0.,0.));
#2442=DIRECTION('center_axis',(0.,0.,1.));
#2443=DIRECTION('ref_axis',(-1.,0.,0.));
#2444=DIRECTION('',(0.,0.,1.));
#2445=DIRECTION('center_axis',(0.,0.,-1.));
#2446=DIRECTION('ref_axis',(-1.,0.,0.));
#2447=DIRECTION('center_axis',(0.,0.,1.));
#2448=DIRECTION('ref_axis',(-1.,0.,0.));
#2449=DIRECTION('center_axis',(0.,0.,1.));
#2450=DIRECTION('ref_axis',(-1.,0.,0.));
#2451=DIRECTION('',(0.,0.,1.));
#2452=DIRECTION('center_axis',(0.,0.,-1.));
#2453=DIRECTION('ref_axis',(-1.,0.,0.));
#2454=DIRECTION('center_axis',(0.,0.,1.));
#2455=DIRECTION('ref_axis',(-1.,0.,0.));
#2456=DIRECTION('center_axis',(0.,0.,1.));
#2457=DIRECTION('ref_axis',(-1.,0.,0.));
#2458=DIRECTION('',(0.,0.,1.));
#2459=DIRECTION('center_axis',(0.,0.,-1.));
#2460=DIRECTION('ref_axis',(-1.,0.,0.));
#2461=DIRECTION('center_axis',(0.,0.,1.));
#2462=DIRECTION('ref_axis',(-1.,0.,0.));
#2463=DIRECTION('center_axis',(0.,0.,1.));
#2464=DIRECTION('ref_axis',(-1.,0.,0.));
#2465=DIRECTION('',(0.,0.,1.));
#2466=DIRECTION('center_axis',(0.,0.,-1.));
#2467=DIRECTION('ref_axis',(-1.,0.,0.));
#2468=DIRECTION('center_axis',(0.,0.,1.));
#2469=DIRECTION('ref_axis',(-1.,0.,0.));
#2470=DIRECTION('center_axis',(0.,0.,1.));
#2471=DIRECTION('ref_axis',(-1.,0.,0.));
#2472=DIRECTION('',(0.,0.,1.));
#2473=DIRECTION('center_axis',(0.,0.,-1.));
#2474=DIRECTION('ref_axis',(-1.,0.,0.));
#2475=DIRECTION('center_axis',(0.,0.,1.));
#2476=DIRECTION('ref_axis',(-1.,0.,0.));
#2477=DIRECTION('center_axis',(0.,0.,1.));
#2478=DIRECTION('ref_axis',(-1.,0.,0.));
#2479=DIRECTION('',(0.,0.,1.));
#2480=DIRECTION('center_axis',(0.,0.,-1.));
#2481=DIRECTION('ref_axis',(-1.,0.,0.));
#2482=DIRECTION('center_axis',(0.,0.,1.));
#2483=DIRECTION('ref_axis',(-1.,0.,0.));
#2484=DIRECTION('center_axis',(0.,0.,1.));
#2485=DIRECTION('ref_axis',(-1.,0.,0.));
#2486=DIRECTION('',(0.,0.,1.));
#2487=DIRECTION('center_axis',(0.,0.,-1.));
#2488=DIRECTION('ref_axis',(-1.,0.,0.));
#2489=DIRECTION('center_axis',(0.,0.,1.));
#2490=DIRECTION('ref_axis',(-1.,0.,0.));
#2491=DIRECTION('center_axis',(0.,0.,1.));
#2492=DIRECTION('ref_axis',(-1.,0.,0.));
#2493=DIRECTION('',(0.,0.,1.));
#2494=DIRECTION('center_axis',(0.,0.,-1.));
#2495=DIRECTION('ref_axis',(-1.,0.,0.));
#2496=DIRECTION('center_axis',(0.,0.,1.));
#2497=DIRECTION('ref_axis',(-1.,0.,0.));
#2498=DIRECTION('center_axis',(0.,0.,1.));
#2499=DIRECTION('ref_axis',(-1.,0.,0.));
#2500=DIRECTION('',(0.,0.,1.));
#2501=DIRECTION('center_axis',(0.,0.,-1.));
#2502=DIRECTION('ref_axis',(-1.,0.,0.));
#2503=DIRECTION('center_axis',(0.,0.,1.));
#2504=DIRECTION('ref_axis',(-1.,0.,0.));
#2505=DIRECTION('center_axis',(0.,0.,1.));
#2506=DIRECTION('ref_axis',(-1.,0.,0.));
#2507=DIRECTION('',(0.,0.,1.));
#2508=DIRECTION('center_axis',(0.,0.,-1.));
#2509=DIRECTION('ref_axis',(-1.,0.,0.));
#2510=DIRECTION('center_axis',(0.,0.,1.));
#2511=DIRECTION('ref_axis',(-1.,0.,0.));
#2512=DIRECTION('center_axis',(0.,0.,1.));
#2513=DIRECTION('ref_axis',(-1.,0.,0.));
#2514=DIRECTION('',(0.,0.,1.));
#2515=DIRECTION('center_axis',(0.,0.,-1.));
#2516=DIRECTION('ref_axis',(-1.,0.,0.));
#2517=DIRECTION('center_axis',(0.,0.,1.));
#2518=DIRECTION('ref_axis',(-1.,0.,0.));
#2519=DIRECTION('center_axis',(0.,0.,1.));
#2520=DIRECTION('ref_axis',(-1.,0.,0.));
#2521=DIRECTION('',(0.,0.,1.));
#2522=DIRECTION('center_axis',(0.,0.,-1.));
#2523=DIRECTION('ref_axis',(-1.,0.,0.));
#2524=DIRECTION('center_axis',(0.,0.,1.));
#2525=DIRECTION('ref_axis',(-1.,0.,0.));
#2526=DIRECTION('center_axis',(0.,0.,1.));
#2527=DIRECTION('ref_axis',(-1.,0.,0.));
#2528=DIRECTION('',(0.,0.,1.));
#2529=DIRECTION('center_axis',(0.,0.,-1.));
#2530=DIRECTION('ref_axis',(-1.,0.,0.));
#2531=DIRECTION('center_axis',(0.,0.,1.));
#2532=DIRECTION('ref_axis',(-1.,0.,0.));
#2533=DIRECTION('center_axis',(0.,0.,1.));
#2534=DIRECTION('ref_axis',(-1.,0.,0.));
#2535=DIRECTION('',(0.,0.,1.));
#2536=DIRECTION('center_axis',(0.,0.,-1.));
#2537=DIRECTION('ref_axis',(-1.,0.,0.));
#2538=DIRECTION('center_axis',(0.,0.,1.));
#2539=DIRECTION('ref_axis',(-1.,0.,0.));
#2540=DIRECTION('center_axis',(0.,0.,1.));
#2541=DIRECTION('ref_axis',(-1.,0.,0.));
#2542=DIRECTION('',(0.,0.,1.));
#2543=DIRECTION('center_axis',(0.,0.,-1.));
#2544=DIRECTION('ref_axis',(-1.,0.,0.));
#2545=DIRECTION('center_axis',(0.,0.,1.));
#2546=DIRECTION('ref_axis',(-1.,0.,0.));
#2547=DIRECTION('center_axis',(0.,0.,1.));
#2548=DIRECTION('ref_axis',(-1.,0.,0.));
#2549=DIRECTION('',(0.,0.,1.));
#2550=DIRECTION('center_axis',(0.,0.,-1.));
#2551=DIRECTION('ref_axis',(-1.,0.,0.));
#2552=DIRECTION('center_axis',(0.,0.,1.));
#2553=DIRECTION('ref_axis',(-1.,0.,0.));
#2554=DIRECTION('center_axis',(0.,0.,1.));
#2555=DIRECTION('ref_axis',(-1.,0.,0.));
#2556=DIRECTION('',(0.,0.,1.));
#2557=DIRECTION('center_axis',(0.,0.,-1.));
#2558=DIRECTION('ref_axis',(-1.,0.,0.));
#2559=DIRECTION('center_axis',(0.,0.,1.));
#2560=DIRECTION('ref_axis',(-1.,0.,0.));
#2561=DIRECTION('center_axis',(0.,0.,1.));
#2562=DIRECTION('ref_axis',(-1.,0.,0.));
#2563=DIRECTION('',(0.,0.,1.));
#2564=DIRECTION('center_axis',(0.,0.,-1.));
#2565=DIRECTION('ref_axis',(-1.,0.,0.));
#2566=DIRECTION('center_axis',(0.,0.,1.));
#2567=DIRECTION('ref_axis',(-1.,0.,0.));
#2568=DIRECTION('center_axis',(0.,0.,1.));
#2569=DIRECTION('ref_axis',(-1.,0.,0.));
#2570=DIRECTION('',(0.,0.,1.));
#2571=DIRECTION('center_axis',(0.,0.,-1.));
#2572=DIRECTION('ref_axis',(-1.,0.,0.));
#2573=DIRECTION('center_axis',(0.,0.,1.));
#2574=DIRECTION('ref_axis',(-1.,0.,0.));
#2575=DIRECTION('center_axis',(0.,0.,1.));
#2576=DIRECTION('ref_axis',(-1.,0.,0.));
#2577=DIRECTION('',(0.,0.,1.));
#2578=DIRECTION('center_axis',(0.,0.,-1.));
#2579=DIRECTION('ref_axis',(-1.,0.,0.));
#2580=DIRECTION('center_axis',(0.,0.,1.));
#2581=DIRECTION('ref_axis',(-1.,0.,0.));
#2582=DIRECTION('center_axis',(0.,0.,1.));
#2583=DIRECTION('ref_axis',(-1.,0.,0.));
#2584=DIRECTION('',(0.,0.,1.));
#2585=DIRECTION('center_axis',(0.,0.,-1.));
#2586=DIRECTION('ref_axis',(-1.,0.,0.));
#2587=DIRECTION('center_axis',(0.,0.,1.));
#2588=DIRECTION('ref_axis',(-1.,0.,0.));
#2589=DIRECTION('center_axis',(0.,0.,1.));
#2590=DIRECTION('ref_axis',(-1.,0.,0.));
#2591=DIRECTION('',(0.,0.,1.));
#2592=DIRECTION('center_axis',(0.,0.,-1.));
#2593=DIRECTION('ref_axis',(-1.,0.,0.));
#2594=DIRECTION('center_axis',(0.,0.,1.));
#2595=DIRECTION('ref_axis',(-1.,0.,0.));
#2596=DIRECTION('center_axis',(0.,0.,1.));
#2597=DIRECTION('ref_axis',(-1.,0.,0.));
#2598=DIRECTION('',(0.,0.,1.));
#2599=DIRECTION('center_axis',(0.,0.,-1.));
#2600=DIRECTION('ref_axis',(-1.,0.,0.));
#2601=DIRECTION('center_axis',(0.,0.,1.));
#2602=DIRECTION('ref_axis',(-1.,0.,0.));
#2603=DIRECTION('center_axis',(0.,0.,1.));
#2604=DIRECTION('ref_axis',(-1.,0.,0.));
#2605=DIRECTION('',(0.,0.,1.));
#2606=DIRECTION('center_axis',(0.,0.,-1.));
#2607=DIRECTION('ref_axis',(-1.,0.,0.));
#2608=DIRECTION('center_axis',(0.,0.,1.));
#2609=DIRECTION('ref_axis',(-1.,0.,0.));
#2610=DIRECTION('center_axis',(0.,0.,1.));
#2611=DIRECTION('ref_axis',(-1.,0.,0.));
#2612=DIRECTION('',(0.,0.,1.));
#2613=DIRECTION('center_axis',(0.,0.,-1.));
#2614=DIRECTION('ref_axis',(-1.,0.,0.));
#2615=DIRECTION('center_axis',(0.,0.,1.));
#2616=DIRECTION('ref_axis',(-1.,0.,0.));
#2617=DIRECTION('center_axis',(0.,0.,1.));
#2618=DIRECTION('ref_axis',(-1.,0.,0.));
#2619=DIRECTION('',(0.,0.,1.));
#2620=DIRECTION('center_axis',(0.,0.,-1.));
#2621=DIRECTION('ref_axis',(-1.,0.,0.));
#2622=DIRECTION('center_axis',(0.,0.,1.));
#2623=DIRECTION('ref_axis',(-1.,0.,0.));
#2624=DIRECTION('center_axis',(0.,0.,1.));
#2625=DIRECTION('ref_axis',(-1.,0.,0.));
#2626=DIRECTION('',(0.,0.,1.));
#2627=DIRECTION('center_axis',(0.,0.,-1.));
#2628=DIRECTION('ref_axis',(-1.,0.,0.));
#2629=DIRECTION('center_axis',(0.,0.,1.));
#2630=DIRECTION('ref_axis',(-1.,0.,0.));
#2631=DIRECTION('center_axis',(0.,0.,1.));
#2632=DIRECTION('ref_axis',(-1.,0.,0.));
#2633=DIRECTION('',(0.,0.,1.));
#2634=DIRECTION('center_axis',(0.,0.,-1.));
#2635=DIRECTION('ref_axis',(-1.,0.,0.));
#2636=DIRECTION('center_axis',(0.,0.,1.));
#2637=DIRECTION('ref_axis',(-1.,0.,0.));
#2638=DIRECTION('center_axis',(0.,0.,1.));
#2639=DIRECTION('ref_axis',(-1.,0.,0.));
#2640=DIRECTION('',(0.,0.,1.));
#2641=DIRECTION('center_axis',(0.,0.,-1.));
#2642=DIRECTION('ref_axis',(-1.,0.,0.));
#2643=DIRECTION('center_axis',(-1.,0.,0.));
#2644=DIRECTION('ref_axis',(0.,-1.,0.));
#2645=DIRECTION('',(0.,-1.,0.));
#2646=DIRECTION('',(0.,0.,1.));
#2647=DIRECTION('',(0.,-1.,0.));
#2648=DIRECTION('',(0.,0.,1.));
#2649=DIRECTION('center_axis',(0.,1.,0.));
#2650=DIRECTION('ref_axis',(-1.,0.,0.));
#2651=DIRECTION('',(-1.,0.,0.));
#2652=DIRECTION('',(-1.,0.,0.));
#2653=DIRECTION('',(0.,0.,1.));
#2654=DIRECTION('center_axis',(1.,0.,0.));
#2655=DIRECTION('ref_axis',(0.,1.,0.));
#2656=DIRECTION('',(0.,1.,0.));
#2657=DIRECTION('',(0.,1.,0.));
#2658=DIRECTION('',(0.,0.,1.));
#2659=DIRECTION('center_axis',(0.,-1.,0.));
#2660=DIRECTION('ref_axis',(1.,0.,0.));
#2661=DIRECTION('',(1.,0.,0.));
#2662=DIRECTION('',(1.,0.,0.));
#2663=DIRECTION('center_axis',(0.,0.,1.));
#2664=DIRECTION('ref_axis',(1.,0.,0.));
#2665=DIRECTION('center_axis',(0.,0.,1.));
#2666=DIRECTION('ref_axis',(1.,0.,0.));
#2667=DIRECTION('center_axis',(-1.,-4.16333634234433E-16,0.));
#2668=DIRECTION('ref_axis',(4.16333634234433E-16,-1.,0.));
#2669=DIRECTION('',(4.16333634234433E-16,-1.,0.));
#2670=DIRECTION('',(0.,0.,1.));
#2671=DIRECTION('',(4.16333634234433E-16,-1.,0.));
#2672=DIRECTION('',(0.,0.,1.));
#2673=DIRECTION('center_axis',(0.,1.,0.));
#2674=DIRECTION('ref_axis',(-1.,0.,0.));
#2675=DIRECTION('',(-1.,0.,0.));
#2676=DIRECTION('',(-1.,0.,0.));
#2677=DIRECTION('',(0.,0.,1.));
#2678=DIRECTION('center_axis',(1.,0.,0.));
#2679=DIRECTION('ref_axis',(0.,1.,0.));
#2680=DIRECTION('',(0.,1.,0.));
#2681=DIRECTION('',(0.,1.,0.));
#2682=DIRECTION('',(0.,0.,1.));
#2683=DIRECTION('center_axis',(0.,-1.,0.));
#2684=DIRECTION('ref_axis',(1.,0.,0.));
#2685=DIRECTION('',(1.,0.,0.));
#2686=DIRECTION('',(1.,0.,0.));
#2687=DIRECTION('center_axis',(0.,0.,1.));
#2688=DIRECTION('ref_axis',(1.,0.,0.));
#2689=DIRECTION('center_axis',(0.,0.,1.));
#2690=DIRECTION('ref_axis',(1.,0.,0.));
#2691=DIRECTION('center_axis',(-1.,0.,0.));
#2692=DIRECTION('ref_axis',(0.,-1.,0.));
#2693=DIRECTION('',(0.,-1.,0.));
#2694=DIRECTION('',(0.,0.,1.));
#2695=DIRECTION('',(0.,-1.,0.));
#2696=DIRECTION('',(0.,0.,1.));
#2697=DIRECTION('center_axis',(0.,1.,0.));
#2698=DIRECTION('ref_axis',(-1.,0.,0.));
#2699=DIRECTION('',(-1.,0.,0.));
#2700=DIRECTION('',(-1.,0.,0.));
#2701=DIRECTION('',(0.,0.,1.));
#2702=DIRECTION('center_axis',(1.,0.,0.));
#2703=DIRECTION('ref_axis',(0.,1.,0.));
#2704=DIRECTION('',(0.,1.,0.));
#2705=DIRECTION('',(0.,1.,0.));
#2706=DIRECTION('',(0.,0.,1.));
#2707=DIRECTION('center_axis',(0.,-1.,0.));
#2708=DIRECTION('ref_axis',(1.,0.,0.));
#2709=DIRECTION('',(1.,0.,0.));
#2710=DIRECTION('',(1.,0.,0.));
#2711=DIRECTION('center_axis',(0.,0.,1.));
#2712=DIRECTION('ref_axis',(1.,0.,0.));
#2713=DIRECTION('center_axis',(0.,0.,1.));
#2714=DIRECTION('ref_axis',(1.,0.,0.));
#2715=CARTESIAN_POINT('',(0.,0.,0.));
#2716=CARTESIAN_POINT('Origin',(3.,10.,0.));
#2717=CARTESIAN_POINT('',(4.5,10.,0.));
#2718=CARTESIAN_POINT('Origin',(3.,10.,0.));
#2719=CARTESIAN_POINT('',(4.5,10.,6.));
#2720=CARTESIAN_POINT('',(4.5,10.,0.));
#2721=CARTESIAN_POINT('Origin',(3.,10.,6.));
#2722=CARTESIAN_POINT('Origin',(3.,20.,0.));
#2723=CARTESIAN_POINT('',(4.5,20.,0.));
#2724=CARTESIAN_POINT('Origin',(3.,20.,0.));
#2725=CARTESIAN_POINT('',(4.5,20.,6.));
#2726=CARTESIAN_POINT('',(4.5,20.,0.));
#2727=CARTESIAN_POINT('Origin',(3.,20.,6.));
#2728=CARTESIAN_POINT('Origin',(3.,30.,0.));
#2729=CARTESIAN_POINT('',(4.5,30.,0.));
#2730=CARTESIAN_POINT('Origin',(3.,30.,0.));
#2731=CARTESIAN_POINT('',(4.5,30.,6.));
#2732=CARTESIAN_POINT('',(4.5,30.,0.));
#2733=CARTESIAN_POINT('Origin',(3.,30.,6.));
#2734=CARTESIAN_POINT('Origin',(3.,40.,0.));
#2735=CARTESIAN_POINT('',(4.5,40.,0.));
#2736=CARTESIAN_POINT('Origin',(3.,40.,0.));
#2737=CARTESIAN_POINT('',(4.5,40.,6.));
#2738=CARTESIAN_POINT('',(4.5,40.,0.));
#2739=CARTESIAN_POINT('Origin',(3.,40.,6.));
#2740=CARTESIAN_POINT('Origin',(3.,50.,0.));
#2741=CARTESIAN_POINT('',(4.5,50.,0.));
#2742=CARTESIAN_POINT('Origin',(3.,50.,0.));
#2743=CARTESIAN_POINT('',(4.5,50.,6.));
#2744=CARTESIAN_POINT('',(4.5,50.,0.));
#2745=CARTESIAN_POINT('Origin',(3.,50.,6.));
#2746=CARTESIAN_POINT('Origin',(3.,60.,0.));
#2747=CARTESIAN_POINT('',(4.5,60.,0.));
#2748=CARTESIAN_POINT('Origin',(3.,60.,0.));
#2749=CARTESIAN_POINT('',(4.5,60.,6.));
#2750=CARTESIAN_POINT('',(4.5,60.,0.));
#2751=CARTESIAN_POINT('Origin',(3.,60.,6.));
#2752=CARTESIAN_POINT('Origin',(3.,70.,0.));
#2753=CARTESIAN_POINT('',(4.5,70.,0.));
#2754=CARTESIAN_POINT('Origin',(3.,70.,0.));
#2755=CARTESIAN_POINT('',(4.5,70.,6.));
#2756=CARTESIAN_POINT('',(4.5,70.,0.));
#2757=CARTESIAN_POINT('Origin',(3.,70.,6.));
#2758=CARTESIAN_POINT('Origin',(3.,80.,0.));
#2759=CARTESIAN_POINT('',(4.5,80.,0.));
#2760=CARTESIAN_POINT('Origin',(3.,80.,0.));
#2761=CARTESIAN_POINT('',(4.5,80.,6.));
#2762=CARTESIAN_POINT('',(4.5,80.,0.));
#2763=CARTESIAN_POINT('Origin',(3.,80.,6.));
#2764=CARTESIAN_POINT('Origin',(3.,90.,0.));
#2765=CARTESIAN_POINT('',(4.5,90.,0.));
#2766=CARTESIAN_POINT('Origin',(3.,90.,0.));
#2767=CARTESIAN_POINT('',(4.5,90.,6.));
#2768=CARTESIAN_POINT('',(4.5,90.,0.));
#2769=CARTESIAN_POINT('Origin',(3.,90.,6.));
#2770=CARTESIAN_POINT('Origin',(3.,100.,0.));
#2771=CARTESIAN_POINT('',(4.5,100.,0.));
#2772=CARTESIAN_POINT('Origin',(3.,100.,0.));
#2773=CARTESIAN_POINT('',(4.5,100.,6.));
#2774=CARTESIAN_POINT('',(4.5,100.,0.));
#2775=CARTESIAN_POINT('Origin',(3.,100.,6.));
#2776=CARTESIAN_POINT('Origin',(3.,110.,0.));
#2777=CARTESIAN_POINT('',(4.5,110.,0.));
#2778=CARTESIAN_POINT('Origin',(3.,110.,0.));
#2779=CARTESIAN_POINT('',(4.5,110.,6.));
#2780=CARTESIAN_POINT('',(4.5,110.,0.));
#2781=CARTESIAN_POINT('Origin',(3.,110.,6.));
#2782=CARTESIAN_POINT('Origin',(3.,120.,0.));
#2783=CARTESIAN_POINT('',(4.5,120.,0.));
#2784=CARTESIAN_POINT('Origin',(3.,120.,0.));
#2785=CARTESIAN_POINT('',(4.5,120.,6.));
#2786=CARTESIAN_POINT('',(4.5,120.,0.));
#2787=CARTESIAN_POINT('Origin',(3.,120.,6.));
#2788=CARTESIAN_POINT('Origin',(3.,130.,0.));
#2789=CARTESIAN_POINT('',(4.5,130.,0.));
#2790=CARTESIAN_POINT('Origin',(3.,130.,0.));
#2791=CARTESIAN_POINT('',(4.5,130.,6.));
#2792=CARTESIAN_POINT('',(4.5,130.,0.));
#2793=CARTESIAN_POINT('Origin',(3.,130.,6.));
#2794=CARTESIAN_POINT('Origin',(3.,140.,0.));
#2795=CARTESIAN_POINT('',(4.5,140.,0.));
#2796=CARTESIAN_POINT('Origin',(3.,140.,0.));
#2797=CARTESIAN_POINT('',(4.5,140.,6.));
#2798=CARTESIAN_POINT('',(4.5,140.,0.));
#2799=CARTESIAN_POINT('Origin',(3.,140.,6.));
#2800=CARTESIAN_POINT('Origin',(3.,150.,0.));
#2801=CARTESIAN_POINT('',(4.5,150.,0.));
#2802=CARTESIAN_POINT('Origin',(3.,150.,0.));
#2803=CARTESIAN_POINT('',(4.5,150.,6.));
#2804=CARTESIAN_POINT('',(4.5,150.,0.));
#2805=CARTESIAN_POINT('Origin',(3.,150.,6.));
#2806=CARTESIAN_POINT('Origin',(3.,160.,0.));
#2807=CARTESIAN_POINT('',(4.5,160.,0.));
#2808=CARTESIAN_POINT('Origin',(3.,160.,0.));
#2809=CARTESIAN_POINT('',(4.5,160.,6.));
#2810=CARTESIAN_POINT('',(4.5,160.,0.));
#2811=CARTESIAN_POINT('Origin',(3.,160.,6.));
#2812=CARTESIAN_POINT('Origin',(3.,170.,0.));
#2813=CARTESIAN_POINT('',(4.5,170.,0.));
#2814=CARTESIAN_POINT('Origin',(3.,170.,0.));
#2815=CARTESIAN_POINT('',(4.5,170.,6.));
#2816=CARTESIAN_POINT('',(4.5,170.,0.));
#2817=CARTESIAN_POINT('Origin',(3.,170.,6.));
#2818=CARTESIAN_POINT('Origin',(3.,180.,0.));
#2819=CARTESIAN_POINT('',(4.5,180.,0.));
#2820=CARTESIAN_POINT('Origin',(3.,180.,0.));
#2821=CARTESIAN_POINT('',(4.5,180.,6.));
#2822=CARTESIAN_POINT('',(4.5,180.,0.));
#2823=CARTESIAN_POINT('Origin',(3.,180.,6.));
#2824=CARTESIAN_POINT('Origin',(3.,190.,0.));
#2825=CARTESIAN_POINT('',(4.5,190.,0.));
#2826=CARTESIAN_POINT('Origin',(3.,190.,0.));
#2827=CARTESIAN_POINT('',(4.5,190.,6.));
#2828=CARTESIAN_POINT('',(4.5,190.,0.));
#2829=CARTESIAN_POINT('Origin',(3.,190.,6.));
#2830=CARTESIAN_POINT('Origin',(3.,200.,0.));
#2831=CARTESIAN_POINT('',(4.5,200.,0.));
#2832=CARTESIAN_POINT('Origin',(3.,200.,0.));
#2833=CARTESIAN_POINT('',(4.5,200.,6.));
#2834=CARTESIAN_POINT('',(4.5,200.,0.));
#2835=CARTESIAN_POINT('Origin',(3.,200.,6.));
#2836=CARTESIAN_POINT('Origin',(3.,210.,0.));
#2837=CARTESIAN_POINT('',(4.5,210.,0.));
#2838=CARTESIAN_POINT('Origin',(3.,210.,0.));
#2839=CARTESIAN_POINT('',(4.5,210.,6.));
#2840=CARTESIAN_POINT('',(4.5,210.,0.));
#2841=CARTESIAN_POINT('Origin',(3.,210.,6.));
#2842=CARTESIAN_POINT('Origin',(3.,220.,0.));
#2843=CARTESIAN_POINT('',(4.5,220.,0.));
#2844=CARTESIAN_POINT('Origin',(3.,220.,0.));
#2845=CARTESIAN_POINT('',(4.5,220.,6.));
#2846=CARTESIAN_POINT('',(4.5,220.,0.));
#2847=CARTESIAN_POINT('Origin',(3.,220.,6.));
#2848=CARTESIAN_POINT('Origin',(3.,230.,0.));
#2849=CARTESIAN_POINT('',(4.5,230.,0.));
#2850=CARTESIAN_POINT('Origin',(3.,230.,0.));
#2851=CARTESIAN_POINT('',(4.5,230.,6.));
#2852=CARTESIAN_POINT('',(4.5,230.,0.));
#2853=CARTESIAN_POINT('Origin',(3.,230.,6.));
#2854=CARTESIAN_POINT('Origin',(3.,240.,0.));
#2855=CARTESIAN_POINT('',(4.5,240.,0.));
#2856=CARTESIAN_POINT('Origin',(3.,240.,0.));
#2857=CARTESIAN_POINT('',(4.5,240.,6.));
#2858=CARTESIAN_POINT('',(4.5,240.,0.));
#2859=CARTESIAN_POINT('Origin',(3.,240.,6.));
#2860=CARTESIAN_POINT('Origin',(3.,250.,0.));
#2861=CARTESIAN_POINT('',(4.5,250.,0.));
#2862=CARTESIAN_POINT('Origin',(3.,250.,0.));
#2863=CARTESIAN_POINT('',(4.5,250.,6.));
#2864=CARTESIAN_POINT('',(4.5,250.,0.));
#2865=CARTESIAN_POINT('Origin',(3.,250.,6.));
#2866=CARTESIAN_POINT('Origin',(3.,260.,0.));
#2867=CARTESIAN_POINT('',(4.5,260.,0.));
#2868=CARTESIAN_POINT('Origin',(3.,260.,0.));
#2869=CARTESIAN_POINT('',(4.5,260.,6.));
#2870=CARTESIAN_POINT('',(4.5,260.,0.));
#2871=CARTESIAN_POINT('Origin',(3.,260.,6.));
#2872=CARTESIAN_POINT('Origin',(3.,270.,0.));
#2873=CARTESIAN_POINT('',(4.5,270.,0.));
#2874=CARTESIAN_POINT('Origin',(3.,270.,0.));
#2875=CARTESIAN_POINT('',(4.5,270.,6.));
#2876=CARTESIAN_POINT('',(4.5,270.,0.));
#2877=CARTESIAN_POINT('Origin',(3.,270.,6.));
#2878=CARTESIAN_POINT('Origin',(3.,280.,0.));
#2879=CARTESIAN_POINT('',(4.5,280.,0.));
#2880=CARTESIAN_POINT('Origin',(3.,280.,0.));
#2881=CARTESIAN_POINT('',(4.5,280.,6.));
#2882=CARTESIAN_POINT('',(4.5,280.,0.));
#2883=CARTESIAN_POINT('Origin',(3.,280.,6.));
#2884=CARTESIAN_POINT('Origin',(3.,290.,0.));
#2885=CARTESIAN_POINT('',(4.5,290.,0.));
#2886=CARTESIAN_POINT('Origin',(3.,290.,0.));
#2887=CARTESIAN_POINT('',(4.5,290.,6.));
#2888=CARTESIAN_POINT('',(4.5,290.,0.));
#2889=CARTESIAN_POINT('Origin',(3.,290.,6.));
#2890=CARTESIAN_POINT('Origin',(3.,300.,0.));
#2891=CARTESIAN_POINT('',(4.5,300.,0.));
#2892=CARTESIAN_POINT('Origin',(3.,300.,0.));
#2893=CARTESIAN_POINT('',(4.5,300.,6.));
#2894=CARTESIAN_POINT('',(4.5,300.,0.));
#2895=CARTESIAN_POINT('Origin',(3.,300.,6.));
#2896=CARTESIAN_POINT('Origin',(3.,310.,0.));
#2897=CARTESIAN_POINT('',(4.5,310.,0.));
#2898=CARTESIAN_POINT('Origin',(3.,310.,0.));
#2899=CARTESIAN_POINT('',(4.5,310.,6.));
#2900=CARTESIAN_POINT('',(4.5,310.,0.));
#2901=CARTESIAN_POINT('Origin',(3.,310.,6.));
#2902=CARTESIAN_POINT('Origin',(3.,320.,0.));
#2903=CARTESIAN_POINT('',(4.5,320.,0.));
#2904=CARTESIAN_POINT('Origin',(3.,320.,0.));
#2905=CARTESIAN_POINT('',(4.5,320.,6.));
#2906=CARTESIAN_POINT('',(4.5,320.,0.));
#2907=CARTESIAN_POINT('Origin',(3.,320.,6.));
#2908=CARTESIAN_POINT('Origin',(3.,330.,0.));
#2909=CARTESIAN_POINT('',(4.5,330.,0.));
#2910=CARTESIAN_POINT('Origin',(3.,330.,0.));
#2911=CARTESIAN_POINT('',(4.5,330.,6.));
#2912=CARTESIAN_POINT('',(4.5,330.,0.));
#2913=CARTESIAN_POINT('Origin',(3.,330.,6.));
#2914=CARTESIAN_POINT('Origin',(0.,360.,0.));
#2915=CARTESIAN_POINT('',(0.,360.,0.));
#2916=CARTESIAN_POINT('',(0.,0.,0.));
#2917=CARTESIAN_POINT('',(0.,360.,0.));
#2918=CARTESIAN_POINT('',(0.,0.,6.));
#2919=CARTESIAN_POINT('',(0.,0.,0.));
#2920=CARTESIAN_POINT('',(0.,360.,6.));
#2921=CARTESIAN_POINT('',(0.,360.,6.));
#2922=CARTESIAN_POINT('',(0.,360.,0.));
#2923=CARTESIAN_POINT('Origin',(6.,360.,0.));
#2924=CARTESIAN_POINT('',(6.,360.,0.));
#2925=CARTESIAN_POINT('',(6.,360.,0.));
#2926=CARTESIAN_POINT('',(6.,360.,6.));
#2927=CARTESIAN_POINT('',(6.,360.,6.));
#2928=CARTESIAN_POINT('',(6.,360.,0.));
#2929=CARTESIAN_POINT('Origin',(6.,0.,0.));
#2930=CARTESIAN_POINT('',(6.,0.,0.));
#2931=CARTESIAN_POINT('',(6.,0.,0.));
#2932=CARTESIAN_POINT('',(6.,0.,6.));
#2933=CARTESIAN_POINT('',(6.,0.,6.));
#2934=CARTESIAN_POINT('',(6.,0.,0.));
#2935=CARTESIAN_POINT('Origin',(0.,0.,0.));
#2936=CARTESIAN_POINT('',(0.,0.,0.));
#2937=CARTESIAN_POINT('',(0.,0.,6.));
#2938=CARTESIAN_POINT('Origin',(3.,180.,6.));
#2939=CARTESIAN_POINT('Origin',(3.,180.,0.));
#2940=CARTESIAN_POINT('Origin',(48.,10.,0.));
#2941=CARTESIAN_POINT('',(49.5,10.,0.));
#2942=CARTESIAN_POINT('Origin',(48.,10.,0.));
#2943=CARTESIAN_POINT('',(49.5,10.,6.));
#2944=CARTESIAN_POINT('',(49.5,10.,0.));
#2945=CARTESIAN_POINT('Origin',(48.,10.,6.));
#2946=CARTESIAN_POINT('Origin',(48.,20.,0.));
#2947=CARTESIAN_POINT('',(49.5,20.,0.));
#2948=CARTESIAN_POINT('Origin',(48.,20.,0.));
#2949=CARTESIAN_POINT('',(49.5,20.,6.));
#2950=CARTESIAN_POINT('',(49.5,20.,0.));
#2951=CARTESIAN_POINT('Origin',(48.,20.,6.));
#2952=CARTESIAN_POINT('Origin',(48.,30.,0.));
#2953=CARTESIAN_POINT('',(49.5,30.,0.));
#2954=CARTESIAN_POINT('Origin',(48.,30.,0.));
#2955=CARTESIAN_POINT('',(49.5,30.,6.));
#2956=CARTESIAN_POINT('',(49.5,30.,0.));
#2957=CARTESIAN_POINT('Origin',(48.,30.,6.));
#2958=CARTESIAN_POINT('Origin',(48.,40.,0.));
#2959=CARTESIAN_POINT('',(49.5,40.,0.));
#2960=CARTESIAN_POINT('Origin',(48.,40.,0.));
#2961=CARTESIAN_POINT('',(49.5,40.,6.));
#2962=CARTESIAN_POINT('',(49.5,40.,0.));
#2963=CARTESIAN_POINT('Origin',(48.,40.,6.));
#2964=CARTESIAN_POINT('Origin',(48.,50.,0.));
#2965=CARTESIAN_POINT('',(49.5,50.,0.));
#2966=CARTESIAN_POINT('Origin',(48.,50.,0.));
#2967=CARTESIAN_POINT('',(49.5,50.,6.));
#2968=CARTESIAN_POINT('',(49.5,50.,0.));
#2969=CARTESIAN_POINT('Origin',(48.,50.,6.));
#2970=CARTESIAN_POINT('Origin',(48.,60.,0.));
#2971=CARTESIAN_POINT('',(49.5,60.,0.));
#2972=CARTESIAN_POINT('Origin',(48.,60.,0.));
#2973=CARTESIAN_POINT('',(49.5,60.,6.));
#2974=CARTESIAN_POINT('',(49.5,60.,0.));
#2975=CARTESIAN_POINT('Origin',(48.,60.,6.));
#2976=CARTESIAN_POINT('Origin',(48.,70.,0.));
#2977=CARTESIAN_POINT('',(49.5,70.,0.));
#2978=CARTESIAN_POINT('Origin',(48.,70.,0.));
#2979=CARTESIAN_POINT('',(49.5,70.,6.));
#2980=CARTESIAN_POINT('',(49.5,70.,0.));
#2981=CARTESIAN_POINT('Origin',(48.,70.,6.));
#2982=CARTESIAN_POINT('Origin',(48.,80.,0.));
#2983=CARTESIAN_POINT('',(49.5,80.,0.));
#2984=CARTESIAN_POINT('Origin',(48.,80.,0.));
#2985=CARTESIAN_POINT('',(49.5,80.,6.));
#2986=CARTESIAN_POINT('',(49.5,80.,0.));
#2987=CARTESIAN_POINT('Origin',(48.,80.,6.));
#2988=CARTESIAN_POINT('Origin',(48.,90.,0.));
#2989=CARTESIAN_POINT('',(49.5,90.,0.));
#2990=CARTESIAN_POINT('Origin',(48.,90.,0.));
#2991=CARTESIAN_POINT('',(49.5,90.,6.));
#2992=CARTESIAN_POINT('',(49.5,90.,0.));
#2993=CARTESIAN_POINT('Origin',(48.,90.,6.));
#2994=CARTESIAN_POINT('Origin',(48.,100.,0.));
#2995=CARTESIAN_POINT('',(49.5,100.,0.));
#2996=CARTESIAN_POINT('Origin',(48.,100.,0.));
#2997=CARTESIAN_POINT('',(49.5,100.,6.));
#2998=CARTESIAN_POINT('',(49.5,100.,0.));
#2999=CARTESIAN_POINT('Origin',(48.,100.,6.));
#3000=CARTESIAN_POINT('Origin',(48.,110.,0.));
#3001=CARTESIAN_POINT('',(49.5,110.,0.));
#3002=CARTESIAN_POINT('Origin',(48.,110.,0.));
#3003=CARTESIAN_POINT('',(49.5,110.,6.));
#3004=CARTESIAN_POINT('',(49.5,110.,0.));
#3005=CARTESIAN_POINT('Origin',(48.,110.,6.));
#3006=CARTESIAN_POINT('Origin',(48.,120.,0.));
#3007=CARTESIAN_POINT('',(49.5,120.,0.));
#3008=CARTESIAN_POINT('Origin',(48.,120.,0.));
#3009=CARTESIAN_POINT('',(49.5,120.,6.));
#3010=CARTESIAN_POINT('',(49.5,120.,0.));
#3011=CARTESIAN_POINT('Origin',(48.,120.,6.));
#3012=CARTESIAN_POINT('Origin',(48.,130.,0.));
#3013=CARTESIAN_POINT('',(49.5,130.,0.));
#3014=CARTESIAN_POINT('Origin',(48.,130.,0.));
#3015=CARTESIAN_POINT('',(49.5,130.,6.));
#3016=CARTESIAN_POINT('',(49.5,130.,0.));
#3017=CARTESIAN_POINT('Origin',(48.,130.,6.));
#3018=CARTESIAN_POINT('Origin',(48.,140.,0.));
#3019=CARTESIAN_POINT('',(49.5,140.,0.));
#3020=CARTESIAN_POINT('Origin',(48.,140.,0.));
#3021=CARTESIAN_POINT('',(49.5,140.,6.));
#3022=CARTESIAN_POINT('',(49.5,140.,0.));
#3023=CARTESIAN_POINT('Origin',(48.,140.,6.));
#3024=CARTESIAN_POINT('Origin',(48.,150.,0.));
#3025=CARTESIAN_POINT('',(49.5,150.,0.));
#3026=CARTESIAN_POINT('Origin',(48.,150.,0.));
#3027=CARTESIAN_POINT('',(49.5,150.,6.));
#3028=CARTESIAN_POINT('',(49.5,150.,0.));
#3029=CARTESIAN_POINT('Origin',(48.,150.,6.));
#3030=CARTESIAN_POINT('Origin',(48.,160.,0.));
#3031=CARTESIAN_POINT('',(49.5,160.,0.));
#3032=CARTESIAN_POINT('Origin',(48.,160.,0.));
#3033=CARTESIAN_POINT('',(49.5,160.,6.));
#3034=CARTESIAN_POINT('',(49.5,160.,0.));
#3035=CARTESIAN_POINT('Origin',(48.,160.,6.));
#3036=CARTESIAN_POINT('Origin',(48.,170.,0.));
#3037=CARTESIAN_POINT('',(49.5,170.,0.));
#3038=CARTESIAN_POINT('Origin',(48.,170.,0.));
#3039=CARTESIAN_POINT('',(49.5,170.,6.));
#3040=CARTESIAN_POINT('',(49.5,170.,0.));
#3041=CARTESIAN_POINT('Origin',(48.,170.,6.));
#3042=CARTESIAN_POINT('Origin',(48.,180.,0.));
#3043=CARTESIAN_POINT('',(49.5,180.,0.));
#3044=CARTESIAN_POINT('Origin',(48.,180.,0.));
#3045=CARTESIAN_POINT('',(49.5,180.,6.));
#3046=CARTESIAN_POINT('',(49.5,180.,0.));
#3047=CARTESIAN_POINT('Origin',(48.,180.,6.));
#3048=CARTESIAN_POINT('Origin',(48.,190.,0.));
#3049=CARTESIAN_POINT('',(49.5,190.,0.));
#3050=CARTESIAN_POINT('Origin',(48.,190.,0.));
#3051=CARTESIAN_POINT('',(49.5,190.,6.));
#3052=CARTESIAN_POINT('',(49.5,190.,0.));
#3053=CARTESIAN_POINT('Origin',(48.,190.,6.));
#3054=CARTESIAN_POINT('Origin',(48.,200.,0.));
#3055=CARTESIAN_POINT('',(49.5,200.,0.));
#3056=CARTESIAN_POINT('Origin',(48.,200.,0.));
#3057=CARTESIAN_POINT('',(49.5,200.,6.));
#3058=CARTESIAN_POINT('',(49.5,200.,0.));
#3059=CARTESIAN_POINT('Origin',(48.,200.,6.));
#3060=CARTESIAN_POINT('Origin',(48.,210.,0.));
#3061=CARTESIAN_POINT('',(49.5,210.,0.));
#3062=CARTESIAN_POINT('Origin',(48.,210.,0.));
#3063=CARTESIAN_POINT('',(49.5,210.,6.));
#3064=CARTESIAN_POINT('',(49.5,210.,0.));
#3065=CARTESIAN_POINT('Origin',(48.,210.,6.));
#3066=CARTESIAN_POINT('Origin',(48.,220.,0.));
#3067=CARTESIAN_POINT('',(49.5,220.,0.));
#3068=CARTESIAN_POINT('Origin',(48.,220.,0.));
#3069=CARTESIAN_POINT('',(49.5,220.,6.));
#3070=CARTESIAN_POINT('',(49.5,220.,0.));
#3071=CARTESIAN_POINT('Origin',(48.,220.,6.));
#3072=CARTESIAN_POINT('Origin',(48.,230.,0.));
#3073=CARTESIAN_POINT('',(49.5,230.,0.));
#3074=CARTESIAN_POINT('Origin',(48.,230.,0.));
#3075=CARTESIAN_POINT('',(49.5,230.,6.));
#3076=CARTESIAN_POINT('',(49.5,230.,0.));
#3077=CARTESIAN_POINT('Origin',(48.,230.,6.));
#3078=CARTESIAN_POINT('Origin',(48.,240.,0.));
#3079=CARTESIAN_POINT('',(49.5,240.,0.));
#3080=CARTESIAN_POINT('Origin',(48.,240.,0.));
#3081=CARTESIAN_POINT('',(49.5,240.,6.));
#3082=CARTESIAN_POINT('',(49.5,240.,0.));
#3083=CARTESIAN_POINT('Origin',(48.,240.,6.));
#3084=CARTESIAN_POINT('Origin',(48.,250.,0.));
#3085=CARTESIAN_POINT('',(49.5,250.,0.));
#3086=CARTESIAN_POINT('Origin',(48.,250.,0.));
#3087=CARTESIAN_POINT('',(49.5,250.,6.));
#3088=CARTESIAN_POINT('',(49.5,250.,0.));
#3089=CARTESIAN_POINT('Origin',(48.,250.,6.));
#3090=CARTESIAN_POINT('Origin',(48.,260.,0.));
#3091=CARTESIAN_POINT('',(49.5,260.,0.));
#3092=CARTESIAN_POINT('Origin',(48.,260.,0.));
#3093=CARTESIAN_POINT('',(49.5,260.,6.));
#3094=CARTESIAN_POINT('',(49.5,260.,0.));
#3095=CARTESIAN_POINT('Origin',(48.,260.,6.));
#3096=CARTESIAN_POINT('Origin',(48.,270.,0.));
#3097=CARTESIAN_POINT('',(49.5,270.,0.));
#3098=CARTESIAN_POINT('Origin',(48.,270.,0.));
#3099=CARTESIAN_POINT('',(49.5,270.,6.));
#3100=CARTESIAN_POINT('',(49.5,270.,0.));
#3101=CARTESIAN_POINT('Origin',(48.,270.,6.));
#3102=CARTESIAN_POINT('Origin',(48.,280.,0.));
#3103=CARTESIAN_POINT('',(49.5,280.,0.));
#3104=CARTESIAN_POINT('Origin',(48.,280.,0.));
#3105=CARTESIAN_POINT('',(49.5,280.,6.));
#3106=CARTESIAN_POINT('',(49.5,280.,0.));
#3107=CARTESIAN_POINT('Origin',(48.,280.,6.));
#3108=CARTESIAN_POINT('Origin',(48.,290.,0.));
#3109=CARTESIAN_POINT('',(49.5,290.,0.));
#3110=CARTESIAN_POINT('Origin',(48.,290.,0.));
#3111=CARTESIAN_POINT('',(49.5,290.,6.));
#3112=CARTESIAN_POINT('',(49.5,290.,0.));
#3113=CARTESIAN_POINT('Origin',(48.,290.,6.));
#3114=CARTESIAN_POINT('Origin',(48.,300.,0.));
#3115=CARTESIAN_POINT('',(49.5,300.,0.));
#3116=CARTESIAN_POINT('Origin',(48.,300.,0.));
#3117=CARTESIAN_POINT('',(49.5,300.,6.));
#3118=CARTESIAN_POINT('',(49.5,300.,0.));
#3119=CARTESIAN_POINT('Origin',(48.,300.,6.));
#3120=CARTESIAN_POINT('Origin',(48.,310.,0.));
#3121=CARTESIAN_POINT('',(49.5,310.,0.));
#3122=CARTESIAN_POINT('Origin',(48.,310.,0.));
#3123=CARTESIAN_POINT('',(49.5,310.,6.));
#3124=CARTESIAN_POINT('',(49.5,310.,0.));
#3125=CARTESIAN_POINT('Origin',(48.,310.,6.));
#3126=CARTESIAN_POINT('Origin',(48.,320.,0.));
#3127=CARTESIAN_POINT('',(49.5,320.,0.));
#3128=CARTESIAN_POINT('Origin',(48.,320.,0.));
#3129=CARTESIAN_POINT('',(49.5,320.,6.));
#3130=CARTESIAN_POINT('',(49.5,320.,0.));
#3131=CARTESIAN_POINT('Origin',(48.,320.,6.));
#3132=CARTESIAN_POINT('Origin',(48.,330.,0.));
#3133=CARTESIAN_POINT('',(49.5,330.,0.));
#3134=CARTESIAN_POINT('Origin',(48.,330.,0.));
#3135=CARTESIAN_POINT('',(49.5,330.,6.));
#3136=CARTESIAN_POINT('',(49.5,330.,0.));
#3137=CARTESIAN_POINT('Origin',(48.,330.,6.));
#3138=CARTESIAN_POINT('Origin',(45.,360.,0.));
#3139=CARTESIAN_POINT('',(45.,360.,0.));
#3140=CARTESIAN_POINT('',(45.,0.,0.));
#3141=CARTESIAN_POINT('',(45.,360.,0.));
#3142=CARTESIAN_POINT('',(45.,0.,6.));
#3143=CARTESIAN_POINT('',(45.,0.,0.));
#3144=CARTESIAN_POINT('',(45.,360.,6.));
#3145=CARTESIAN_POINT('',(45.,360.,6.));
#3146=CARTESIAN_POINT('',(45.,360.,0.));
#3147=CARTESIAN_POINT('Origin',(51.,360.,0.));
#3148=CARTESIAN_POINT('',(51.,360.,0.));
#3149=CARTESIAN_POINT('',(51.,360.,0.));
#3150=CARTESIAN_POINT('',(51.,360.,6.));
#3151=CARTESIAN_POINT('',(51.,360.,6.));
#3152=CARTESIAN_POINT('',(51.,360.,0.));
#3153=CARTESIAN_POINT('Origin',(51.,0.,0.));
#3154=CARTESIAN_POINT('',(51.,0.,0.));
#3155=CARTESIAN_POINT('',(51.,0.,0.));
#3156=CARTESIAN_POINT('',(51.,0.,6.));
#3157=CARTESIAN_POINT('',(51.,0.,6.));
#3158=CARTESIAN_POINT('',(51.,0.,0.));
#3159=CARTESIAN_POINT('Origin',(45.,0.,0.));
#3160=CARTESIAN_POINT('',(45.,0.,0.));
#3161=CARTESIAN_POINT('',(45.,0.,6.));
#3162=CARTESIAN_POINT('Origin',(48.,180.,6.));
#3163=CARTESIAN_POINT('Origin',(48.,180.,0.));
#3164=CARTESIAN_POINT('Origin',(6.,254.,0.));
#3165=CARTESIAN_POINT('',(6.,254.,0.));
#3166=CARTESIAN_POINT('',(6.,246.,0.));
#3167=CARTESIAN_POINT('',(6.,254.,0.));
#3168=CARTESIAN_POINT('',(6.,246.,6.));
#3169=CARTESIAN_POINT('',(6.,246.,0.));
#3170=CARTESIAN_POINT('',(6.,254.,6.));
#3171=CARTESIAN_POINT('',(6.,254.,6.));
#3172=CARTESIAN_POINT('',(6.,254.,0.));
#3173=CARTESIAN_POINT('Origin',(45.,254.,0.));
#3174=CARTESIAN_POINT('',(45.,254.,0.));
#3175=CARTESIAN_POINT('',(45.,254.,0.));
#3176=CARTESIAN_POINT('',(45.,254.,6.));
#3177=CARTESIAN_POINT('',(45.,254.,6.));
#3178=CARTESIAN_POINT('',(45.,254.,0.));
#3179=CARTESIAN_POINT('Origin',(45.,246.,0.));
#3180=CARTESIAN_POINT('',(45.,246.,0.));
#3181=CARTESIAN_POINT('',(45.,246.,0.));
#3182=CARTESIAN_POINT('',(45.,246.,6.));
#3183=CARTESIAN_POINT('',(45.,246.,6.));
#3184=CARTESIAN_POINT('',(45.,246.,0.));
#3185=CARTESIAN_POINT('Origin',(6.,246.,0.));
#3186=CARTESIAN_POINT('',(6.,246.,0.));
#3187=CARTESIAN_POINT('',(6.,246.,6.));
#3188=CARTESIAN_POINT('Origin',(25.5,250.,6.));
#3189=CARTESIAN_POINT('Origin',(25.5,250.,0.));
#3190=CARTESIAN_POINT('Origin',(6.,94.,0.));
#3191=CARTESIAN_POINT('',(6.,94.,0.));
#3192=CARTESIAN_POINT('',(6.,86.,0.));
#3193=CARTESIAN_POINT('',(6.,94.,0.));
#3194=CARTESIAN_POINT('',(6.,86.,6.));
#3195=CARTESIAN_POINT('',(6.,86.,0.));
#3196=CARTESIAN_POINT('',(6.,94.,6.));
#3197=CARTESIAN_POINT('',(6.,94.,6.));
#3198=CARTESIAN_POINT('',(6.,94.,0.));
#3199=CARTESIAN_POINT('Origin',(45.,94.,0.));
#3200=CARTESIAN_POINT('',(45.,94.,0.));
#3201=CARTESIAN_POINT('',(45.,94.,0.));
#3202=CARTESIAN_POINT('',(45.,94.,6.));
#3203=CARTESIAN_POINT('',(45.,94.,6.));
#3204=CARTESIAN_POINT('',(45.,94.,0.));
#3205=CARTESIAN_POINT('Origin',(45.,86.,0.));
#3206=CARTESIAN_POINT('',(45.,86.,0.));
#3207=CARTESIAN_POINT('',(45.,86.,0.));
#3208=CARTESIAN_POINT('',(45.,86.,6.));
#3209=CARTESIAN_POINT('',(45.,86.,6.));
#3210=CARTESIAN_POINT('',(45.,86.,0.));
#3211=CARTESIAN_POINT('Origin',(6.,86.,0.));
#3212=CARTESIAN_POINT('',(6.,86.,0.));
#3213=CARTESIAN_POINT('',(6.,86.,6.));
#3214=CARTESIAN_POINT('Origin',(25.5,90.,6.));
#3215=CARTESIAN_POINT('Origin',(25.5,90.,0.));
#3216=UNCERTAINTY_MEASURE_WITH_UNIT(LENGTH_MEASURE(0.01),#3220,
'DISTANCE_ACCURACY_VALUE',
'Maximum model space distance between geometric entities at asserted c
onnectivities');
#3217=UNCERTAINTY_MEASURE_WITH_UNIT(LENGTH_MEASURE(0.01),#3220,
'DISTANCE_ACCURACY_VALUE',
'Maximum model space distance between geometric entities at asserted c
onnectivities');
#3218=(
GEOMETRIC_REPRESENTATION_CONTEXT(3)
GLOBAL_UNCERTAINTY_ASSIGNED_CONTEXT((#3216))
GLOBAL_UNIT_ASSIGNED_CONTEXT((#3220,#3222,#3223))
REPRESENTATION_CONTEXT('','3D')
);
#3219=(
GEOMETRIC_REPRESENTATION_CONTEXT(3)
GLOBAL_UNCERTAINTY_ASSIGNED_CONTEXT((#3217))
GLOBAL_UNIT_ASSIGNED_CONTEXT((#3220,#3222,#3223))
REPRESENTATION_CONTEXT('','3D')
);
#3220=(
LENGTH_UNIT()
NAMED_UNIT(*)
SI_UNIT(.MILLI.,.METRE.)
);
#3221=(
LENGTH_UNIT()
NAMED_UNIT(*)
SI_UNIT(.CENTI.,.METRE.)
);
#3222=(
NAMED_UNIT(*)
PLANE_ANGLE_UNIT()
SI_UNIT($,.RADIAN.)
);
#3223=(
NAMED_UNIT(*)
SI_UNIT($,.STERADIAN.)
SOLID_ANGLE_UNIT()
);
#3224=SHAPE_DEFINITION_REPRESENTATION(#3225,#3226);
#3225=PRODUCT_DEFINITION_SHAPE('',$,#3228);
#3226=SHAPE_REPRESENTATION('',(#1932),#3218);
#3227=PRODUCT_DEFINITION_CONTEXT('part definition',#3232,'design');
#3228=PRODUCT_DEFINITION('Probe_H_Frame','Probe_H_Frame',#3229,#3227);
#3229=PRODUCT_DEFINITION_FORMATION('',$,#3234);
#3230=PRODUCT_RELATED_PRODUCT_CATEGORY('Probe_H_Frame','Probe_H_Frame',
(#3234));
#3231=APPLICATION_PROTOCOL_DEFINITION('international standard',
'automotive_design',2009,#3232);
#3232=APPLICATION_CONTEXT(
'Core Data for Automotive Mechanical Design Process');
#3233=PRODUCT_CONTEXT('part definition',#3232,'mechanical');
#3234=PRODUCT('Probe_H_Frame','Probe_H_Frame',$,(#3233));
#3235=PRESENTATION_STYLE_ASSIGNMENT((#3236));
#3236=SURFACE_STYLE_USAGE(.BOTH.,#3239);
#3237=SURFACE_STYLE_RENDERING_WITH_PROPERTIES($,#3243,(#3238));
#3238=SURFACE_STYLE_TRANSPARENT(0.);
#3239=SURFACE_SIDE_STYLE('',(#3240,#3237));
#3240=SURFACE_STYLE_FILL_AREA(#3241);
#3241=FILL_AREA_STYLE('',(#3242));
#3242=FILL_AREA_STYLE_COLOUR('',#3243);
#3243=COLOUR_RGB('',0.705882352941177,0.435294117647059,0.254901960784314);
ENDSEC;
END-ISO-10303-21;
