ISO-10303-21;
HEADER;
/* Generated by software containing ST-Developer
 * from STEP Tools, Inc. (www.steptools.com) 
 */

FILE_DESCRIPTION(
/* description */ (''),
/* implementation_level */ '2;1');

FILE_NAME(
/* name */ 'Bottom_reference.step',
/* time_stamp */ '2026-09-21T17:41:47-07:00',
/* author */ ('\X2\BC15C815D604\X0\'),
/* organization */ (''),
/* preprocessor_version */ 'ST-DEVELOPER v20.2',
/* originating_system */ 'Autodesk Inventor 2027',
/* authorisation */ '');

FILE_SCHEMA (('AUTOMOTIVE_DESIGN { 1 0 10303 214 3 1 1 }'));
ENDSEC;

DATA;
#10=MECHANICAL_DESIGN_GEOMETRIC_PRESENTATION_REPRESENTATION('',(#13),#3122);
#11=SHAPE_REPRESENTATION_RELATIONSHIP('SRR','None',#3129,#12);
#12=ADVANCED_BREP_SHAPE_REPRESENTATION('',(#14),#3121);
#13=STYLED_ITEM('',(#3138),#14);
#14=MANIFOLD_SOLID_BREP('Solid1',#1923);
#15=CYLINDRICAL_SURFACE('',#2015,2.85);
#16=CYLINDRICAL_SURFACE('',#2017,2.85);
#17=CYLINDRICAL_SURFACE('',#2020,2.85);
#18=CYLINDRICAL_SURFACE('',#2022,2.85);
#19=CYLINDRICAL_SURFACE('',#2025,2.85);
#20=CYLINDRICAL_SURFACE('',#2028,2.85);
#21=CYLINDRICAL_SURFACE('',#2030,2.85);
#22=CYLINDRICAL_SURFACE('',#2033,2.85);
#23=CYLINDRICAL_SURFACE('',#2050,1.7);
#24=CYLINDRICAL_SURFACE('',#2051,1.7);
#25=CYLINDRICAL_SURFACE('',#2052,1.69999999999999);
#26=CYLINDRICAL_SURFACE('',#2053,1.69999999999999);
#27=CYLINDRICAL_SURFACE('',#2062,0.799999999999988);
#28=CYLINDRICAL_SURFACE('',#2063,0.799999999999987);
#29=CYLINDRICAL_SURFACE('',#2064,0.799999999999987);
#30=CYLINDRICAL_SURFACE('',#2065,0.799999999999988);
#31=FACE_BOUND('',#147,.T.);
#32=FACE_BOUND('',#148,.T.);
#33=FACE_BOUND('',#149,.T.);
#34=FACE_BOUND('',#150,.T.);
#35=FACE_BOUND('',#151,.T.);
#36=FACE_BOUND('',#152,.T.);
#37=FACE_BOUND('',#153,.T.);
#38=FACE_BOUND('',#154,.T.);
#39=FACE_BOUND('',#155,.T.);
#40=FACE_BOUND('',#156,.T.);
#41=FACE_BOUND('',#157,.T.);
#42=FACE_BOUND('',#158,.T.);
#43=FACE_BOUND('',#179,.T.);
#44=FACE_BOUND('',#180,.T.);
#45=FACE_BOUND('',#182,.T.);
#46=FACE_BOUND('',#183,.T.);
#47=FACE_BOUND('',#185,.T.);
#48=FACE_BOUND('',#186,.T.);
#49=FACE_BOUND('',#192,.T.);
#50=FACE_BOUND('',#196,.T.);
#51=FACE_BOUND('',#200,.T.);
#52=FACE_BOUND('',#201,.T.);
#53=FACE_BOUND('',#218,.T.);
#54=FACE_BOUND('',#223,.T.);
#55=FACE_OUTER_BOUND('',#141,.T.);
#56=FACE_OUTER_BOUND('',#142,.T.);
#57=FACE_OUTER_BOUND('',#143,.T.);
#58=FACE_OUTER_BOUND('',#144,.T.);
#59=FACE_OUTER_BOUND('',#145,.T.);
#60=FACE_OUTER_BOUND('',#146,.T.);
#61=FACE_OUTER_BOUND('',#159,.T.);
#62=FACE_OUTER_BOUND('',#160,.T.);
#63=FACE_OUTER_BOUND('',#161,.T.);
#64=FACE_OUTER_BOUND('',#162,.T.);
#65=FACE_OUTER_BOUND('',#163,.T.);
#66=FACE_OUTER_BOUND('',#164,.T.);
#67=FACE_OUTER_BOUND('',#165,.T.);
#68=FACE_OUTER_BOUND('',#166,.T.);
#69=FACE_OUTER_BOUND('',#167,.T.);
#70=FACE_OUTER_BOUND('',#168,.T.);
#71=FACE_OUTER_BOUND('',#169,.T.);
#72=FACE_OUTER_BOUND('',#170,.T.);
#73=FACE_OUTER_BOUND('',#171,.T.);
#74=FACE_OUTER_BOUND('',#172,.T.);
#75=FACE_OUTER_BOUND('',#173,.T.);
#76=FACE_OUTER_BOUND('',#174,.T.);
#77=FACE_OUTER_BOUND('',#175,.T.);
#78=FACE_OUTER_BOUND('',#176,.T.);
#79=FACE_OUTER_BOUND('',#177,.T.);
#80=FACE_OUTER_BOUND('',#178,.T.);
#81=FACE_OUTER_BOUND('',#181,.T.);
#82=FACE_OUTER_BOUND('',#184,.T.);
#83=FACE_OUTER_BOUND('',#187,.T.);
#84=FACE_OUTER_BOUND('',#188,.T.);
#85=FACE_OUTER_BOUND('',#189,.T.);
#86=FACE_OUTER_BOUND('',#190,.T.);
#87=FACE_OUTER_BOUND('',#191,.T.);
#88=FACE_OUTER_BOUND('',#193,.T.);
#89=FACE_OUTER_BOUND('',#194,.T.);
#90=FACE_OUTER_BOUND('',#195,.T.);
#91=FACE_OUTER_BOUND('',#197,.T.);
#92=FACE_OUTER_BOUND('',#198,.T.);
#93=FACE_OUTER_BOUND('',#199,.T.);
#94=FACE_OUTER_BOUND('',#202,.T.);
#95=FACE_OUTER_BOUND('',#203,.T.);
#96=FACE_OUTER_BOUND('',#204,.T.);
#97=FACE_OUTER_BOUND('',#205,.T.);
#98=FACE_OUTER_BOUND('',#206,.T.);
#99=FACE_OUTER_BOUND('',#207,.T.);
#100=FACE_OUTER_BOUND('',#208,.T.);
#101=FACE_OUTER_BOUND('',#209,.T.);
#102=FACE_OUTER_BOUND('',#210,.T.);
#103=FACE_OUTER_BOUND('',#211,.T.);
#104=FACE_OUTER_BOUND('',#212,.T.);
#105=FACE_OUTER_BOUND('',#213,.T.);
#106=FACE_OUTER_BOUND('',#214,.T.);
#107=FACE_OUTER_BOUND('',#215,.T.);
#108=FACE_OUTER_BOUND('',#216,.T.);
#109=FACE_OUTER_BOUND('',#217,.T.);
#110=FACE_OUTER_BOUND('',#219,.T.);
#111=FACE_OUTER_BOUND('',#220,.T.);
#112=FACE_OUTER_BOUND('',#221,.T.);
#113=FACE_OUTER_BOUND('',#222,.T.);
#114=FACE_OUTER_BOUND('',#224,.T.);
#115=FACE_OUTER_BOUND('',#225,.T.);
#116=FACE_OUTER_BOUND('',#226,.T.);
#117=FACE_OUTER_BOUND('',#227,.T.);
#118=FACE_OUTER_BOUND('',#228,.T.);
#119=FACE_OUTER_BOUND('',#229,.T.);
#120=FACE_OUTER_BOUND('',#230,.T.);
#121=FACE_OUTER_BOUND('',#231,.T.);
#122=FACE_OUTER_BOUND('',#232,.T.);
#123=FACE_OUTER_BOUND('',#233,.T.);
#124=FACE_OUTER_BOUND('',#234,.T.);
#125=FACE_OUTER_BOUND('',#235,.T.);
#126=FACE_OUTER_BOUND('',#236,.T.);
#127=FACE_OUTER_BOUND('',#237,.T.);
#128=FACE_OUTER_BOUND('',#238,.T.);
#129=FACE_OUTER_BOUND('',#239,.T.);
#130=FACE_OUTER_BOUND('',#240,.T.);
#131=FACE_OUTER_BOUND('',#241,.T.);
#132=FACE_OUTER_BOUND('',#242,.T.);
#133=FACE_OUTER_BOUND('',#243,.T.);
#134=FACE_OUTER_BOUND('',#244,.T.);
#135=FACE_OUTER_BOUND('',#245,.T.);
#136=FACE_OUTER_BOUND('',#246,.T.);
#137=FACE_OUTER_BOUND('',#247,.T.);
#138=FACE_OUTER_BOUND('',#248,.T.);
#139=FACE_OUTER_BOUND('',#249,.T.);
#140=FACE_OUTER_BOUND('',#250,.T.);
#141=EDGE_LOOP('',(#1215,#1216,#1217,#1218,#1219,#1220,#1221,#1222,#1223,
#1224,#1225,#1226,#1227,#1228,#1229,#1230,#1231,#1232,#1233,#1234,#1235,
#1236,#1237,#1238,#1239,#1240,#1241,#1242,#1243,#1244,#1245,#1246,#1247,
#1248,#1249,#1250,#1251,#1252,#1253,#1254));
#142=EDGE_LOOP('',(#1255,#1256,#1257,#1258,#1259,#1260,#1261,#1262,#1263,
#1264,#1265,#1266,#1267,#1268,#1269,#1270));
#143=EDGE_LOOP('',(#1271,#1272,#1273,#1274,#1275,#1276,#1277,#1278,#1279,
#1280,#1281,#1282,#1283,#1284,#1285,#1286,#1287,#1288,#1289,#1290,#1291,
#1292,#1293,#1294,#1295,#1296,#1297,#1298,#1299,#1300));
#144=EDGE_LOOP('',(#1301,#1302,#1303,#1304));
#145=EDGE_LOOP('',(#1305,#1306,#1307,#1308));
#146=EDGE_LOOP('',(#1309,#1310,#1311,#1312,#1313,#1314,#1315,#1316,#1317,
#1318,#1319,#1320,#1321,#1322,#1323,#1324,#1325,#1326,#1327,#1328));
#147=EDGE_LOOP('',(#1329));
#148=EDGE_LOOP('',(#1330));
#149=EDGE_LOOP('',(#1331));
#150=EDGE_LOOP('',(#1332));
#151=EDGE_LOOP('',(#1333));
#152=EDGE_LOOP('',(#1334));
#153=EDGE_LOOP('',(#1335));
#154=EDGE_LOOP('',(#1336));
#155=EDGE_LOOP('',(#1337));
#156=EDGE_LOOP('',(#1338));
#157=EDGE_LOOP('',(#1339));
#158=EDGE_LOOP('',(#1340));
#159=EDGE_LOOP('',(#1341,#1342,#1343,#1344,#1345,#1346,#1347,#1348,#1349,
#1350,#1351,#1352,#1353,#1354,#1355,#1356,#1357,#1358,#1359,#1360));
#160=EDGE_LOOP('',(#1361,#1362,#1363,#1364,#1365,#1366,#1367,#1368,#1369,
#1370,#1371,#1372,#1373,#1374,#1375,#1376,#1377,#1378,#1379,#1380));
#161=EDGE_LOOP('',(#1381,#1382,#1383,#1384,#1385,#1386,#1387,#1388));
#162=EDGE_LOOP('',(#1389,#1390,#1391,#1392,#1393,#1394,#1395,#1396,#1397,
#1398));
#163=EDGE_LOOP('',(#1399,#1400,#1401,#1402,#1403,#1404,#1405,#1406,#1407,
#1408));
#164=EDGE_LOOP('',(#1409,#1410,#1411,#1412));
#165=EDGE_LOOP('',(#1413,#1414,#1415,#1416,#1417,#1418,#1419,#1420,#1421,
#1422,#1423,#1424,#1425,#1426));
#166=EDGE_LOOP('',(#1427,#1428,#1429,#1430));
#167=EDGE_LOOP('',(#1431,#1432,#1433,#1434));
#168=EDGE_LOOP('',(#1435,#1436,#1437,#1438));
#169=EDGE_LOOP('',(#1439,#1440,#1441,#1442));
#170=EDGE_LOOP('',(#1443,#1444,#1445,#1446));
#171=EDGE_LOOP('',(#1447,#1448,#1449,#1450));
#172=EDGE_LOOP('',(#1451,#1452,#1453,#1454));
#173=EDGE_LOOP('',(#1455,#1456,#1457,#1458));
#174=EDGE_LOOP('',(#1459,#1460,#1461,#1462));
#175=EDGE_LOOP('',(#1463,#1464,#1465,#1466));
#176=EDGE_LOOP('',(#1467,#1468,#1469,#1470));
#177=EDGE_LOOP('',(#1471,#1472,#1473,#1474));
#178=EDGE_LOOP('',(#1475,#1476,#1477,#1478));
#179=EDGE_LOOP('',(#1479));
#180=EDGE_LOOP('',(#1480));
#181=EDGE_LOOP('',(#1481,#1482,#1483,#1484));
#182=EDGE_LOOP('',(#1485));
#183=EDGE_LOOP('',(#1486));
#184=EDGE_LOOP('',(#1487,#1488,#1489,#1490));
#185=EDGE_LOOP('',(#1491));
#186=EDGE_LOOP('',(#1492));
#187=EDGE_LOOP('',(#1493,#1494,#1495,#1496));
#188=EDGE_LOOP('',(#1497,#1498,#1499,#1500));
#189=EDGE_LOOP('',(#1501,#1502,#1503,#1504));
#190=EDGE_LOOP('',(#1505,#1506,#1507,#1508));
#191=EDGE_LOOP('',(#1509,#1510,#1511,#1512));
#192=EDGE_LOOP('',(#1513));
#193=EDGE_LOOP('',(#1514,#1515,#1516,#1517));
#194=EDGE_LOOP('',(#1518,#1519,#1520,#1521));
#195=EDGE_LOOP('',(#1522,#1523,#1524,#1525));
#196=EDGE_LOOP('',(#1526));
#197=EDGE_LOOP('',(#1527,#1528,#1529,#1530));
#198=EDGE_LOOP('',(#1531,#1532,#1533,#1534));
#199=EDGE_LOOP('',(#1535,#1536,#1537,#1538));
#200=EDGE_LOOP('',(#1539));
#201=EDGE_LOOP('',(#1540));
#202=EDGE_LOOP('',(#1541,#1542,#1543,#1544,#1545,#1546,#1547,#1548,#1549,
#1550,#1551,#1552));
#203=EDGE_LOOP('',(#1553,#1554,#1555,#1556));
#204=EDGE_LOOP('',(#1557,#1558,#1559,#1560,#1561,#1562,#1563,#1564));
#205=EDGE_LOOP('',(#1565,#1566,#1567,#1568,#1569,#1570,#1571,#1572));
#206=EDGE_LOOP('',(#1573,#1574,#1575,#1576,#1577,#1578,#1579,#1580));
#207=EDGE_LOOP('',(#1581,#1582,#1583,#1584,#1585,#1586,#1587,#1588));
#208=EDGE_LOOP('',(#1589,#1590,#1591,#1592,#1593,#1594,#1595,#1596));
#209=EDGE_LOOP('',(#1597,#1598,#1599,#1600,#1601,#1602,#1603,#1604));
#210=EDGE_LOOP('',(#1605,#1606,#1607,#1608,#1609,#1610,#1611,#1612));
#211=EDGE_LOOP('',(#1613,#1614,#1615,#1616,#1617,#1618,#1619,#1620));
#212=EDGE_LOOP('',(#1621,#1622,#1623,#1624));
#213=EDGE_LOOP('',(#1625,#1626,#1627,#1628));
#214=EDGE_LOOP('',(#1629,#1630,#1631,#1632));
#215=EDGE_LOOP('',(#1633,#1634,#1635,#1636));
#216=EDGE_LOOP('',(#1637,#1638,#1639,#1640));
#217=EDGE_LOOP('',(#1641,#1642,#1643,#1644));
#218=EDGE_LOOP('',(#1645));
#219=EDGE_LOOP('',(#1646,#1647,#1648,#1649));
#220=EDGE_LOOP('',(#1650,#1651,#1652,#1653));
#221=EDGE_LOOP('',(#1654,#1655,#1656,#1657));
#222=EDGE_LOOP('',(#1658,#1659,#1660,#1661));
#223=EDGE_LOOP('',(#1662));
#224=EDGE_LOOP('',(#1663,#1664,#1665,#1666));
#225=EDGE_LOOP('',(#1667,#1668,#1669,#1670));
#226=EDGE_LOOP('',(#1671,#1672,#1673,#1674));
#227=EDGE_LOOP('',(#1675,#1676,#1677,#1678));
#228=EDGE_LOOP('',(#1679,#1680,#1681,#1682));
#229=EDGE_LOOP('',(#1683,#1684,#1685,#1686));
#230=EDGE_LOOP('',(#1687,#1688,#1689,#1690));
#231=EDGE_LOOP('',(#1691,#1692));
#232=EDGE_LOOP('',(#1693,#1694));
#233=EDGE_LOOP('',(#1695,#1696));
#234=EDGE_LOOP('',(#1697,#1698));
#235=EDGE_LOOP('',(#1699,#1700,#1701));
#236=EDGE_LOOP('',(#1702,#1703,#1704));
#237=EDGE_LOOP('',(#1705,#1706,#1707));
#238=EDGE_LOOP('',(#1708,#1709,#1710));
#239=EDGE_LOOP('',(#1711,#1712,#1713,#1714));
#240=EDGE_LOOP('',(#1715,#1716,#1717,#1718));
#241=EDGE_LOOP('',(#1719,#1720,#1721,#1722));
#242=EDGE_LOOP('',(#1723,#1724,#1725,#1726));
#243=EDGE_LOOP('',(#1727,#1728,#1729,#1730));
#244=EDGE_LOOP('',(#1731,#1732,#1733,#1734));
#245=EDGE_LOOP('',(#1735,#1736,#1737,#1738));
#246=EDGE_LOOP('',(#1739,#1740,#1741,#1742));
#247=EDGE_LOOP('',(#1743,#1744,#1745,#1746));
#248=EDGE_LOOP('',(#1747,#1748,#1749,#1750));
#249=EDGE_LOOP('',(#1751,#1752,#1753,#1754));
#250=EDGE_LOOP('',(#1755,#1756,#1757,#1758,#1759,#1760,#1761,#1762,#1763,
#1764,#1765,#1766));
#251=CIRCLE('',#1941,2.85);
#252=CIRCLE('',#1942,2.85);
#253=CIRCLE('',#1943,2.85);
#254=CIRCLE('',#1944,2.85);
#255=CIRCLE('',#1945,2.85);
#256=CIRCLE('',#1946,2.85);
#257=CIRCLE('',#1947,2.85);
#258=CIRCLE('',#1948,2.85);
#259=CIRCLE('',#1949,2.85);
#260=CIRCLE('',#1950,2.85);
#261=CIRCLE('',#1951,2.85);
#262=CIRCLE('',#1952,2.85);
#263=CIRCLE('',#1958,1.69999999999999);
#264=CIRCLE('',#1959,1.69999999999999);
#265=CIRCLE('',#1960,1.7);
#266=CIRCLE('',#1961,1.7);
#267=CIRCLE('',#1962,2.85);
#268=CIRCLE('',#1963,2.85);
#269=CIRCLE('',#1964,2.85);
#270=CIRCLE('',#1965,2.85);
#271=CIRCLE('',#1966,2.85);
#272=CIRCLE('',#1967,2.85);
#273=CIRCLE('',#1968,2.85);
#274=CIRCLE('',#1969,2.85);
#275=CIRCLE('',#1990,1.69999999999999);
#276=CIRCLE('',#1991,0.799999999999988);
#277=CIRCLE('',#1993,1.69999999999999);
#278=CIRCLE('',#1994,0.799999999999988);
#279=CIRCLE('',#1996,0.799999999999988);
#280=CIRCLE('',#1997,0.799999999999988);
#281=CIRCLE('',#2003,0.799999999999988);
#282=CIRCLE('',#2007,0.799999999999988);
#283=CIRCLE('',#2011,1.7);
#284=CIRCLE('',#2012,1.7);
#285=CIRCLE('',#2016,2.85);
#286=CIRCLE('',#2018,2.85);
#287=CIRCLE('',#2019,2.85);
#288=CIRCLE('',#2021,2.85);
#289=CIRCLE('',#2023,2.85);
#290=CIRCLE('',#2024,2.85);
#291=CIRCLE('',#2026,2.85);
#292=CIRCLE('',#2027,2.85);
#293=CIRCLE('',#2029,2.85);
#294=CIRCLE('',#2031,2.85);
#295=CIRCLE('',#2032,2.85);
#296=CIRCLE('',#2034,2.85);
#297=CIRCLE('',#2041,0.799999999999986);
#298=CIRCLE('',#2046,0.799999999999986);
#299=LINE('',#2576,#527);
#300=LINE('',#2578,#528);
#301=LINE('',#2580,#529);
#302=LINE('',#2582,#530);
#303=LINE('',#2584,#531);
#304=LINE('',#2586,#532);
#305=LINE('',#2590,#533);
#306=LINE('',#2594,#534);
#307=LINE('',#2596,#535);
#308=LINE('',#2598,#536);
#309=LINE('',#2600,#537);
#310=LINE('',#2602,#538);
#311=LINE('',#2606,#539);
#312=LINE('',#2610,#540);
#313=LINE('',#2612,#541);
#314=LINE('',#2614,#542);
#315=LINE('',#2620,#543);
#316=LINE('',#2626,#544);
#317=LINE('',#2628,#545);
#318=LINE('',#2630,#546);
#319=LINE('',#2632,#547);
#320=LINE('',#2634,#548);
#321=LINE('',#2640,#549);
#322=LINE('',#2646,#550);
#323=LINE('',#2648,#551);
#324=LINE('',#2650,#552);
#325=LINE('',#2652,#553);
#326=LINE('',#2653,#554);
#327=LINE('',#2657,#555);
#328=LINE('',#2658,#556);
#329=LINE('',#2660,#557);
#330=LINE('',#2662,#558);
#331=LINE('',#2663,#559);
#332=LINE('',#2665,#560);
#333=LINE('',#2667,#561);
#334=LINE('',#2668,#562);
#335=LINE('',#2670,#563);
#336=LINE('',#2672,#564);
#337=LINE('',#2673,#565);
#338=LINE('',#2674,#566);
#339=LINE('',#2677,#567);
#340=LINE('',#2679,#568);
#341=LINE('',#2681,#569);
#342=LINE('',#2683,#570);
#343=LINE('',#2684,#571);
#344=LINE('',#2686,#572);
#345=LINE('',#2688,#573);
#346=LINE('',#2689,#574);
#347=LINE('',#2691,#575);
#348=LINE('',#2693,#576);
#349=LINE('',#2694,#577);
#350=LINE('',#2696,#578);
#351=LINE('',#2698,#579);
#352=LINE('',#2699,#580);
#353=LINE('',#2701,#581);
#354=LINE('',#2703,#582);
#355=LINE('',#2704,#583);
#356=LINE('',#2706,#584);
#357=LINE('',#2708,#585);
#358=LINE('',#2709,#586);
#359=LINE('',#2711,#587);
#360=LINE('',#2713,#588);
#361=LINE('',#2714,#589);
#362=LINE('',#2718,#590);
#363=LINE('',#2720,#591);
#364=LINE('',#2722,#592);
#365=LINE('',#2723,#593);
#366=LINE('',#2727,#594);
#367=LINE('',#2729,#595);
#368=LINE('',#2731,#596);
#369=LINE('',#2732,#597);
#370=LINE('',#2736,#598);
#371=LINE('',#2738,#599);
#372=LINE('',#2740,#600);
#373=LINE('',#2742,#601);
#374=LINE('',#2744,#602);
#375=LINE('',#2746,#603);
#376=LINE('',#2748,#604);
#377=LINE('',#2750,#605);
#378=LINE('',#2752,#606);
#379=LINE('',#2754,#607);
#380=LINE('',#2756,#608);
#381=LINE('',#2758,#609);
#382=LINE('',#2760,#610);
#383=LINE('',#2762,#611);
#384=LINE('',#2764,#612);
#385=LINE('',#2766,#613);
#386=LINE('',#2768,#614);
#387=LINE('',#2770,#615);
#388=LINE('',#2772,#616);
#389=LINE('',#2773,#617);
#390=LINE('',#2799,#618);
#391=LINE('',#2801,#619);
#392=LINE('',#2803,#620);
#393=LINE('',#2804,#621);
#394=LINE('',#2806,#622);
#395=LINE('',#2808,#623);
#396=LINE('',#2809,#624);
#397=LINE('',#2811,#625);
#398=LINE('',#2813,#626);
#399=LINE('',#2815,#627);
#400=LINE('',#2817,#628);
#401=LINE('',#2819,#629);
#402=LINE('',#2821,#630);
#403=LINE('',#2823,#631);
#404=LINE('',#2825,#632);
#405=LINE('',#2826,#633);
#406=LINE('',#2828,#634);
#407=LINE('',#2830,#635);
#408=LINE('',#2832,#636);
#409=LINE('',#2834,#637);
#410=LINE('',#2836,#638);
#411=LINE('',#2838,#639);
#412=LINE('',#2840,#640);
#413=LINE('',#2842,#641);
#414=LINE('',#2844,#642);
#415=LINE('',#2845,#643);
#416=LINE('',#2847,#644);
#417=LINE('',#2849,#645);
#418=LINE('',#2850,#646);
#419=LINE('',#2852,#647);
#420=LINE('',#2854,#648);
#421=LINE('',#2855,#649);
#422=LINE('',#2859,#650);
#423=LINE('',#2860,#651);
#424=LINE('',#2862,#652);
#425=LINE('',#2864,#653);
#426=LINE('',#2866,#654);
#427=LINE('',#2868,#655);
#428=LINE('',#2869,#656);
#429=LINE('',#2871,#657);
#430=LINE('',#2873,#658);
#431=LINE('',#2875,#659);
#432=LINE('',#2877,#660);
#433=LINE('',#2879,#661);
#434=LINE('',#2881,#662);
#435=LINE('',#2883,#663);
#436=LINE('',#2884,#664);
#437=LINE('',#2888,#665);
#438=LINE('',#2889,#666);
#439=LINE('',#2891,#667);
#440=LINE('',#2893,#668);
#441=LINE('',#2895,#669);
#442=LINE('',#2897,#670);
#443=LINE('',#2899,#671);
#444=LINE('',#2901,#672);
#445=LINE('',#2902,#673);
#446=LINE('',#2904,#674);
#447=LINE('',#2905,#675);
#448=LINE('',#2907,#676);
#449=LINE('',#2909,#677);
#450=LINE('',#2911,#678);
#451=LINE('',#2912,#679);
#452=LINE('',#2914,#680);
#453=LINE('',#2916,#681);
#454=LINE('',#2917,#682);
#455=LINE('',#2919,#683);
#456=LINE('',#2921,#684);
#457=LINE('',#2922,#685);
#458=LINE('',#2924,#686);
#459=LINE('',#2925,#687);
#460=LINE('',#2927,#688);
#461=LINE('',#2928,#689);
#462=LINE('',#2930,#690);
#463=LINE('',#2931,#691);
#464=LINE('',#2936,#692);
#465=LINE('',#2937,#693);
#466=LINE('',#2939,#694);
#467=LINE('',#2940,#695);
#468=LINE('',#2942,#696);
#469=LINE('',#2943,#697);
#470=LINE('',#2949,#698);
#471=LINE('',#2951,#699);
#472=LINE('',#2952,#700);
#473=LINE('',#2959,#701);
#474=LINE('',#2961,#702);
#475=LINE('',#2962,#703);
#476=LINE('',#2968,#704);
#477=LINE('',#2969,#705);
#478=LINE('',#2975,#706);
#479=LINE('',#2977,#707);
#480=LINE('',#2980,#708);
#481=LINE('',#2981,#709);
#482=LINE('',#2984,#710);
#483=LINE('',#2985,#711);
#484=LINE('',#2987,#712);
#485=LINE('',#2992,#713);
#486=LINE('',#2993,#714);
#487=LINE('',#2996,#715);
#488=LINE('',#2997,#716);
#489=LINE('',#2999,#717);
#490=LINE('',#3003,#718);
#491=LINE('',#3006,#719);
#492=LINE('',#3013,#720);
#493=LINE('',#3015,#721);
#494=LINE('',#3020,#722);
#495=LINE('',#3023,#723);
#496=LINE('',#3028,#724);
#497=LINE('',#3033,#725);
#498=LINE('',#3036,#726);
#499=LINE('',#3041,#727);
#500=LINE('',#3044,#728);
#501=LINE('',#3050,#729);
#502=LINE('',#3051,#730);
#503=LINE('',#3054,#731);
#504=LINE('',#3055,#732);
#505=LINE('',#3057,#733);
#506=LINE('',#3063,#734);
#507=LINE('',#3065,#735);
#508=LINE('',#3066,#736);
#509=LINE('',#3068,#737);
#510=LINE('',#3070,#738);
#511=LINE('',#3076,#739);
#512=LINE('',#3079,#740);
#513=LINE('',#3081,#741);
#514=LINE('',#3083,#742);
#515=LINE('',#3085,#743);
#516=LINE('',#3095,#744);
#517=LINE('',#3097,#745);
#518=LINE('',#3099,#746);
#519=LINE('',#3101,#747);
#520=LINE('',#3104,#748);
#521=LINE('',#3105,#749);
#522=LINE('',#3108,#750);
#523=LINE('',#3109,#751);
#524=LINE('',#3111,#752);
#525=LINE('',#3114,#753);
#526=LINE('',#3115,#754);
#527=VECTOR('',#2078,18.7954782542965);
#528=VECTOR('',#2079,0.765000694649032);
#529=VECTOR('',#2080,6.31524279279185);
#530=VECTOR('',#2081,12.75);
#531=VECTOR('',#2082,6.31524279279185);
#532=VECTOR('',#2083,3.50625681116942);
#533=VECTOR('',#2086,6.31251362233888);
#534=VECTOR('',#2089,4.7388183821011);
#535=VECTOR('',#2090,1.08418582772619);
#536=VECTOR('',#2091,3.64675535451359);
#537=VECTOR('',#2092,1.08418582772619);
#538=VECTOR('',#2093,5.22693988572416);
#539=VECTOR('',#2096,6.61251362233889);
#540=VECTOR('',#2099,3.40625681116945);
#541=VECTOR('',#2100,18.7954782542965);
#542=VECTOR('',#2101,2.88106353619396);
#543=VECTOR('',#2106,5.56212707238791);
#544=VECTOR('',#2111,4.63106353619395);
#545=VECTOR('',#2112,1.1167705213601);
#546=VECTOR('',#2113,3.67370173872881);
#547=VECTOR('',#2114,1.1167705213601);
#548=VECTOR('',#2115,4.25736179746512);
#549=VECTOR('',#2120,5.26212707238795);
#550=VECTOR('',#2125,2.98106353619395);
#551=VECTOR('',#2126,6.23023546150466);
#552=VECTOR('',#2127,12.75);
#553=VECTOR('',#2128,6.23023546150466);
#554=VECTOR('',#2129,0.765000694649032);
#555=VECTOR('',#2132,29.8912989559202);
#556=VECTOR('',#2133,1.00295747592349);
#557=VECTOR('',#2134,1.);
#558=VECTOR('',#2135,12.75);
#559=VECTOR('',#2136,1.);
#560=VECTOR('',#2137,0.999982878271851);
#561=VECTOR('',#2138,1.93787292761208);
#562=VECTOR('',#2139,0.999982878271851);
#563=VECTOR('',#2140,0.999982878271851);
#564=VECTOR('',#2141,1.93787292761208);
#565=VECTOR('',#2142,0.999982878271851);
#566=VECTOR('',#2143,1.00295747592349);
#567=VECTOR('',#2146,1.0110903248991);
#568=VECTOR('',#2147,58.365000694649);
#569=VECTOR('',#2148,0.0110903248991007);
#570=VECTOR('',#2149,7.84999999999999);
#571=VECTOR('',#2150,1.);
#572=VECTOR('',#2151,0.991850075100899);
#573=VECTOR('',#2152,0.887486377661109);
#574=VECTOR('',#2153,0.991850075100899);
#575=VECTOR('',#2154,0.991850075100899);
#576=VECTOR('',#2155,0.887486377661109);
#577=VECTOR('',#2156,0.991850075100899);
#578=VECTOR('',#2157,1.00295747592349);
#579=VECTOR('',#2158,3.64675535451359);
#580=VECTOR('',#2159,1.00295747592349);
#581=VECTOR('',#2160,0.991850075100899);
#582=VECTOR('',#2161,0.887486377661135);
#583=VECTOR('',#2162,0.991850075100899);
#584=VECTOR('',#2163,0.991850075100899);
#585=VECTOR('',#2164,0.887486377661149);
#586=VECTOR('',#2165,0.991850075100899);
#587=VECTOR('',#2166,1.);
#588=VECTOR('',#2167,12.75);
#589=VECTOR('',#2168,1.);
#590=VECTOR('',#2171,0.00289734084901738);
#591=VECTOR('',#2172,0.765000694649032);
#592=VECTOR('',#2173,0.00289734084901738);
#593=VECTOR('',#2174,0.765000694649032);
#594=VECTOR('',#2177,0.000799591909130815);
#595=VECTOR('',#2178,0.765000694649032);
#596=VECTOR('',#2179,0.000799591909128594);
#597=VECTOR('',#2180,0.765000694649032);
#598=VECTOR('',#2183,0.565000694649029);
#599=VECTOR('',#2184,19.6115661323262);
#600=VECTOR('',#2185,0.565000694649029);
#601=VECTOR('',#2186,4.4007415909747);
#602=VECTOR('',#2187,4.);
#603=VECTOR('',#2188,4.4007415909747);
#604=VECTOR('',#2189,48.2);
#605=VECTOR('',#2190,4.40074159097469);
#606=VECTOR('',#2191,6.);
#607=VECTOR('',#2192,4.40074159097469);
#608=VECTOR('',#2193,7.00000000000001);
#609=VECTOR('',#2194,19.6115661323262);
#610=VECTOR('',#2195,7.00000000000001);
#611=VECTOR('',#2196,4.56082454135148);
#612=VECTOR('',#2197,6.);
#613=VECTOR('',#2198,4.56082454135148);
#614=VECTOR('',#2199,48.2);
#615=VECTOR('',#2200,4.56082454135147);
#616=VECTOR('',#2201,4.);
#617=VECTOR('',#2202,4.56082454135147);
#618=VECTOR('',#2229,1.);
#619=VECTOR('',#2230,3.);
#620=VECTOR('',#2231,4.);
#621=VECTOR('',#2232,3.);
#622=VECTOR('',#2233,3.);
#623=VECTOR('',#2234,6.);
#624=VECTOR('',#2235,3.);
#625=VECTOR('',#2236,3.);
#626=VECTOR('',#2237,7.40000000000001);
#627=VECTOR('',#2238,1.);
#628=VECTOR('',#2239,7.84999999999999);
#629=VECTOR('',#2240,1.);
#630=VECTOR('',#2241,37.);
#631=VECTOR('',#2242,1.);
#632=VECTOR('',#2243,12.75);
#633=VECTOR('',#2244,1.);
#634=VECTOR('',#2247,1.);
#635=VECTOR('',#2248,1.);
#636=VECTOR('',#2249,12.75);
#637=VECTOR('',#2250,1.);
#638=VECTOR('',#2251,37.);
#639=VECTOR('',#2252,1.);
#640=VECTOR('',#2253,7.84999999999999);
#641=VECTOR('',#2254,1.);
#642=VECTOR('',#2255,7.40000000000001);
#643=VECTOR('',#2256,3.);
#644=VECTOR('',#2257,3.);
#645=VECTOR('',#2258,6.);
#646=VECTOR('',#2259,3.);
#647=VECTOR('',#2260,3.);
#648=VECTOR('',#2261,4.);
#649=VECTOR('',#2262,3.);
#650=VECTOR('',#2265,58.365000694649);
#651=VECTOR('',#2266,0.394706537560909);
#652=VECTOR('',#2267,1.1167705213601);
#653=VECTOR('',#2268,3.67370173872881);
#654=VECTOR('',#2269,1.1167705213601);
#655=VECTOR('',#2270,24.8);
#656=VECTOR('',#2271,0.394706537560916);
#657=VECTOR('',#2274,1.00295747592349);
#658=VECTOR('',#2275,0.0029574759234946);
#659=VECTOR('',#2276,7.84999999999999);
#660=VECTOR('',#2277,1.);
#661=VECTOR('',#2278,37.);
#662=VECTOR('',#2279,1.);
#663=VECTOR('',#2280,12.75);
#664=VECTOR('',#2281,1.);
#665=VECTOR('',#2284,58.365000694649);
#666=VECTOR('',#2285,1.0110903248991);
#667=VECTOR('',#2286,1.);
#668=VECTOR('',#2287,12.75);
#669=VECTOR('',#2288,1.);
#670=VECTOR('',#2289,37.);
#671=VECTOR('',#2290,1.);
#672=VECTOR('',#2291,7.84999999999999);
#673=VECTOR('',#2292,0.0110903248991007);
#674=VECTOR('',#2295,0.417684407710617);
#675=VECTOR('',#2296,0.417684407710621);
#676=VECTOR('',#2299,1.00295747592349);
#677=VECTOR('',#2300,0.999982878271851);
#678=VECTOR('',#2301,1.9378729276121);
#679=VECTOR('',#2302,0.999982878271851);
#680=VECTOR('',#2303,0.999982878271851);
#681=VECTOR('',#2304,1.93787292761209);
#682=VECTOR('',#2305,0.999982878271851);
#683=VECTOR('',#2306,1.);
#684=VECTOR('',#2307,7.84999999999999);
#685=VECTOR('',#2308,0.0029574759234946);
#686=VECTOR('',#2311,0.00289734084901738);
#687=VECTOR('',#2312,0.00289734084901738);
#688=VECTOR('',#2315,0.00289734084901738);
#689=VECTOR('',#2316,0.00289734084901738);
#690=VECTOR('',#2319,0.00289734084901738);
#691=VECTOR('',#2320,0.00289734084901738);
#692=VECTOR('',#2329,0.000799591909128594);
#693=VECTOR('',#2330,0.000799591909128594);
#694=VECTOR('',#2333,0.000799591909128594);
#695=VECTOR('',#2334,0.000799591909128594);
#696=VECTOR('',#2337,0.000799591909128594);
#697=VECTOR('',#2338,0.000799591909128594);
#698=VECTOR('',#2347,6.23023546150466);
#699=VECTOR('',#2348,12.75);
#700=VECTOR('',#2349,6.23023546150466);
#701=VECTOR('',#2356,6.31524279279185);
#702=VECTOR('',#2357,12.75);
#703=VECTOR('',#2358,6.31524279279185);
#704=VECTOR('',#2365,18.7954782542965);
#705=VECTOR('',#2366,18.7954782542965);
#706=VECTOR('',#2373,1.);
#707=VECTOR('',#2376,19.6115661323262);
#708=VECTOR('',#2379,4.56082454135147);
#709=VECTOR('',#2380,3.);
#710=VECTOR('',#2383,4.56082454135147);
#711=VECTOR('',#2384,3.);
#712=VECTOR('',#2387,4.);
#713=VECTOR('',#2392,4.56082454135148);
#714=VECTOR('',#2393,3.);
#715=VECTOR('',#2396,3.);
#716=VECTOR('',#2397,4.56082454135148);
#717=VECTOR('',#2400,6.);
#718=VECTOR('',#2405,1.);
#719=VECTOR('',#2410,19.6115661323262);
#720=VECTOR('',#2419,1.);
#721=VECTOR('',#2422,2.85);
#722=VECTOR('',#2429,2.85);
#723=VECTOR('',#2434,2.85);
#724=VECTOR('',#2441,2.85);
#725=VECTOR('',#2448,2.85);
#726=VECTOR('',#2453,2.85);
#727=VECTOR('',#2460,2.85);
#728=VECTOR('',#2465,2.85);
#729=VECTOR('',#2474,3.);
#730=VECTOR('',#2475,4.40074159097469);
#731=VECTOR('',#2478,3.);
#732=VECTOR('',#2479,6.);
#733=VECTOR('',#2482,4.40074159097469);
#734=VECTOR('',#2489,3.);
#735=VECTOR('',#2490,4.);
#736=VECTOR('',#2491,3.);
#737=VECTOR('',#2494,4.4007415909747);
#738=VECTOR('',#2497,4.4007415909747);
#739=VECTOR('',#2506,1.);
#740=VECTOR('',#2511,1.7);
#741=VECTOR('',#2514,1.7);
#742=VECTOR('',#2517,1.69999999999999);
#743=VECTOR('',#2520,1.69999999999999);
#744=VECTOR('',#2539,0.799999999999988);
#745=VECTOR('',#2542,0.799999999999987);
#746=VECTOR('',#2545,0.799999999999987);
#747=VECTOR('',#2548,0.799999999999988);
#748=VECTOR('',#2551,1.00295747592349);
#749=VECTOR('',#2552,1.08418582772619);
#750=VECTOR('',#2555,3.64675535451359);
#751=VECTOR('',#2556,1.00295747592349);
#752=VECTOR('',#2559,1.08418582772619);
#753=VECTOR('',#2564,1.00295747592349);
#754=VECTOR('',#2565,1.00295747592349);
#755=VERTEX_POINT('',#2574);
#756=VERTEX_POINT('',#2575);
#757=VERTEX_POINT('',#2577);
#758=VERTEX_POINT('',#2579);
#759=VERTEX_POINT('',#2581);
#760=VERTEX_POINT('',#2583);
#761=VERTEX_POINT('',#2585);
#762=VERTEX_POINT('',#2587);
#763=VERTEX_POINT('',#2589);
#764=VERTEX_POINT('',#2591);
#765=VERTEX_POINT('',#2593);
#766=VERTEX_POINT('',#2595);
#767=VERTEX_POINT('',#2597);
#768=VERTEX_POINT('',#2599);
#769=VERTEX_POINT('',#2601);
#770=VERTEX_POINT('',#2603);
#771=VERTEX_POINT('',#2605);
#772=VERTEX_POINT('',#2607);
#773=VERTEX_POINT('',#2609);
#774=VERTEX_POINT('',#2611);
#775=VERTEX_POINT('',#2613);
#776=VERTEX_POINT('',#2615);
#777=VERTEX_POINT('',#2617);
#778=VERTEX_POINT('',#2619);
#779=VERTEX_POINT('',#2621);
#780=VERTEX_POINT('',#2623);
#781=VERTEX_POINT('',#2625);
#782=VERTEX_POINT('',#2627);
#783=VERTEX_POINT('',#2629);
#784=VERTEX_POINT('',#2631);
#785=VERTEX_POINT('',#2633);
#786=VERTEX_POINT('',#2635);
#787=VERTEX_POINT('',#2637);
#788=VERTEX_POINT('',#2639);
#789=VERTEX_POINT('',#2641);
#790=VERTEX_POINT('',#2643);
#791=VERTEX_POINT('',#2645);
#792=VERTEX_POINT('',#2647);
#793=VERTEX_POINT('',#2649);
#794=VERTEX_POINT('',#2651);
#795=VERTEX_POINT('',#2655);
#796=VERTEX_POINT('',#2656);
#797=VERTEX_POINT('',#2659);
#798=VERTEX_POINT('',#2661);
#799=VERTEX_POINT('',#2664);
#800=VERTEX_POINT('',#2666);
#801=VERTEX_POINT('',#2669);
#802=VERTEX_POINT('',#2671);
#803=VERTEX_POINT('',#2676);
#804=VERTEX_POINT('',#2678);
#805=VERTEX_POINT('',#2680);
#806=VERTEX_POINT('',#2682);
#807=VERTEX_POINT('',#2685);
#808=VERTEX_POINT('',#2687);
#809=VERTEX_POINT('',#2690);
#810=VERTEX_POINT('',#2692);
#811=VERTEX_POINT('',#2695);
#812=VERTEX_POINT('',#2697);
#813=VERTEX_POINT('',#2700);
#814=VERTEX_POINT('',#2702);
#815=VERTEX_POINT('',#2705);
#816=VERTEX_POINT('',#2707);
#817=VERTEX_POINT('',#2710);
#818=VERTEX_POINT('',#2712);
#819=VERTEX_POINT('',#2716);
#820=VERTEX_POINT('',#2717);
#821=VERTEX_POINT('',#2719);
#822=VERTEX_POINT('',#2721);
#823=VERTEX_POINT('',#2725);
#824=VERTEX_POINT('',#2726);
#825=VERTEX_POINT('',#2728);
#826=VERTEX_POINT('',#2730);
#827=VERTEX_POINT('',#2734);
#828=VERTEX_POINT('',#2735);
#829=VERTEX_POINT('',#2737);
#830=VERTEX_POINT('',#2739);
#831=VERTEX_POINT('',#2741);
#832=VERTEX_POINT('',#2743);
#833=VERTEX_POINT('',#2745);
#834=VERTEX_POINT('',#2747);
#835=VERTEX_POINT('',#2749);
#836=VERTEX_POINT('',#2751);
#837=VERTEX_POINT('',#2753);
#838=VERTEX_POINT('',#2755);
#839=VERTEX_POINT('',#2757);
#840=VERTEX_POINT('',#2759);
#841=VERTEX_POINT('',#2761);
#842=VERTEX_POINT('',#2763);
#843=VERTEX_POINT('',#2765);
#844=VERTEX_POINT('',#2767);
#845=VERTEX_POINT('',#2769);
#846=VERTEX_POINT('',#2771);
#847=VERTEX_POINT('',#2774);
#848=VERTEX_POINT('',#2776);
#849=VERTEX_POINT('',#2778);
#850=VERTEX_POINT('',#2780);
#851=VERTEX_POINT('',#2782);
#852=VERTEX_POINT('',#2784);
#853=VERTEX_POINT('',#2786);
#854=VERTEX_POINT('',#2788);
#855=VERTEX_POINT('',#2790);
#856=VERTEX_POINT('',#2792);
#857=VERTEX_POINT('',#2794);
#858=VERTEX_POINT('',#2796);
#859=VERTEX_POINT('',#2800);
#860=VERTEX_POINT('',#2802);
#861=VERTEX_POINT('',#2805);
#862=VERTEX_POINT('',#2807);
#863=VERTEX_POINT('',#2810);
#864=VERTEX_POINT('',#2812);
#865=VERTEX_POINT('',#2814);
#866=VERTEX_POINT('',#2816);
#867=VERTEX_POINT('',#2818);
#868=VERTEX_POINT('',#2820);
#869=VERTEX_POINT('',#2822);
#870=VERTEX_POINT('',#2824);
#871=VERTEX_POINT('',#2829);
#872=VERTEX_POINT('',#2831);
#873=VERTEX_POINT('',#2833);
#874=VERTEX_POINT('',#2835);
#875=VERTEX_POINT('',#2837);
#876=VERTEX_POINT('',#2839);
#877=VERTEX_POINT('',#2841);
#878=VERTEX_POINT('',#2843);
#879=VERTEX_POINT('',#2846);
#880=VERTEX_POINT('',#2848);
#881=VERTEX_POINT('',#2851);
#882=VERTEX_POINT('',#2853);
#883=VERTEX_POINT('',#2857);
#884=VERTEX_POINT('',#2858);
#885=VERTEX_POINT('',#2861);
#886=VERTEX_POINT('',#2863);
#887=VERTEX_POINT('',#2865);
#888=VERTEX_POINT('',#2867);
#889=VERTEX_POINT('',#2872);
#890=VERTEX_POINT('',#2874);
#891=VERTEX_POINT('',#2876);
#892=VERTEX_POINT('',#2878);
#893=VERTEX_POINT('',#2880);
#894=VERTEX_POINT('',#2882);
#895=VERTEX_POINT('',#2886);
#896=VERTEX_POINT('',#2887);
#897=VERTEX_POINT('',#2890);
#898=VERTEX_POINT('',#2892);
#899=VERTEX_POINT('',#2894);
#900=VERTEX_POINT('',#2896);
#901=VERTEX_POINT('',#2898);
#902=VERTEX_POINT('',#2900);
#903=VERTEX_POINT('',#2908);
#904=VERTEX_POINT('',#2910);
#905=VERTEX_POINT('',#2913);
#906=VERTEX_POINT('',#2915);
#907=VERTEX_POINT('',#2918);
#908=VERTEX_POINT('',#2920);
#909=VERTEX_POINT('',#2948);
#910=VERTEX_POINT('',#2950);
#911=VERTEX_POINT('',#2953);
#912=VERTEX_POINT('',#2955);
#913=VERTEX_POINT('',#2958);
#914=VERTEX_POINT('',#2960);
#915=VERTEX_POINT('',#2963);
#916=VERTEX_POINT('',#2965);
#917=VERTEX_POINT('',#2970);
#918=VERTEX_POINT('',#2972);
#919=VERTEX_POINT('',#2979);
#920=VERTEX_POINT('',#2983);
#921=VERTEX_POINT('',#2988);
#922=VERTEX_POINT('',#2991);
#923=VERTEX_POINT('',#2995);
#924=VERTEX_POINT('',#3000);
#925=VERTEX_POINT('',#3007);
#926=VERTEX_POINT('',#3009);
#927=VERTEX_POINT('',#3018);
#928=VERTEX_POINT('',#3026);
#929=VERTEX_POINT('',#3031);
#930=VERTEX_POINT('',#3039);
#931=VERTEX_POINT('',#3049);
#932=VERTEX_POINT('',#3053);
#933=VERTEX_POINT('',#3059);
#934=VERTEX_POINT('',#3062);
#935=VERTEX_POINT('',#3064);
#936=VERTEX_POINT('',#3072);
#937=VERTEX_POINT('',#3103);
#938=VERTEX_POINT('',#3107);
#939=EDGE_CURVE('',#755,#756,#299,.T.);
#940=EDGE_CURVE('',#755,#757,#300,.T.);
#941=EDGE_CURVE('',#757,#758,#301,.T.);
#942=EDGE_CURVE('',#758,#759,#302,.T.);
#943=EDGE_CURVE('',#759,#760,#303,.T.);
#944=EDGE_CURVE('',#760,#761,#304,.T.);
#945=EDGE_CURVE('',#762,#761,#251,.T.);
#946=EDGE_CURVE('',#762,#763,#305,.T.);
#947=EDGE_CURVE('',#764,#763,#252,.T.);
#948=EDGE_CURVE('',#764,#765,#306,.T.);
#949=EDGE_CURVE('',#766,#765,#307,.T.);
#950=EDGE_CURVE('',#767,#766,#308,.T.);
#951=EDGE_CURVE('',#768,#767,#309,.T.);
#952=EDGE_CURVE('',#768,#769,#310,.T.);
#953=EDGE_CURVE('',#770,#769,#253,.T.);
#954=EDGE_CURVE('',#770,#771,#311,.T.);
#955=EDGE_CURVE('',#772,#771,#254,.T.);
#956=EDGE_CURVE('',#772,#773,#312,.T.);
#957=EDGE_CURVE('',#774,#773,#313,.T.);
#958=EDGE_CURVE('',#774,#775,#314,.T.);
#959=EDGE_CURVE('',#776,#775,#255,.T.);
#960=EDGE_CURVE('',#777,#776,#256,.T.);
#961=EDGE_CURVE('',#777,#778,#315,.T.);
#962=EDGE_CURVE('',#779,#778,#257,.T.);
#963=EDGE_CURVE('',#780,#779,#258,.T.);
#964=EDGE_CURVE('',#780,#781,#316,.T.);
#965=EDGE_CURVE('',#782,#781,#317,.T.);
#966=EDGE_CURVE('',#783,#782,#318,.T.);
#967=EDGE_CURVE('',#784,#783,#319,.T.);
#968=EDGE_CURVE('',#784,#785,#320,.T.);
#969=EDGE_CURVE('',#786,#785,#259,.T.);
#970=EDGE_CURVE('',#787,#786,#260,.T.);
#971=EDGE_CURVE('',#787,#788,#321,.T.);
#972=EDGE_CURVE('',#789,#788,#261,.T.);
#973=EDGE_CURVE('',#790,#789,#262,.T.);
#974=EDGE_CURVE('',#790,#791,#322,.T.);
#975=EDGE_CURVE('',#791,#792,#323,.T.);
#976=EDGE_CURVE('',#792,#793,#324,.T.);
#977=EDGE_CURVE('',#794,#793,#325,.T.);
#978=EDGE_CURVE('',#794,#756,#326,.T.);
#979=EDGE_CURVE('',#795,#796,#327,.T.);
#980=EDGE_CURVE('',#795,#756,#328,.T.);
#981=EDGE_CURVE('',#797,#794,#329,.T.);
#982=EDGE_CURVE('',#797,#798,#330,.T.);
#983=EDGE_CURVE('',#798,#791,#331,.T.);
#984=EDGE_CURVE('',#790,#799,#332,.T.);
#985=EDGE_CURVE('',#799,#800,#333,.T.);
#986=EDGE_CURVE('',#800,#788,#334,.F.);
#987=EDGE_CURVE('',#787,#801,#335,.T.);
#988=EDGE_CURVE('',#801,#802,#336,.T.);
#989=EDGE_CURVE('',#802,#785,#337,.F.);
#990=EDGE_CURVE('',#784,#796,#338,.T.);
#991=EDGE_CURVE('',#755,#803,#339,.T.);
#992=EDGE_CURVE('',#803,#804,#340,.T.);
#993=EDGE_CURVE('',#805,#804,#341,.T.);
#994=EDGE_CURVE('',#805,#806,#342,.T.);
#995=EDGE_CURVE('',#773,#806,#343,.T.);
#996=EDGE_CURVE('',#772,#807,#344,.T.);
#997=EDGE_CURVE('',#808,#807,#345,.T.);
#998=EDGE_CURVE('',#808,#771,#346,.F.);
#999=EDGE_CURVE('',#770,#809,#347,.T.);
#1000=EDGE_CURVE('',#810,#809,#348,.T.);
#1001=EDGE_CURVE('',#810,#769,#349,.F.);
#1002=EDGE_CURVE('',#768,#811,#350,.T.);
#1003=EDGE_CURVE('',#812,#811,#351,.T.);
#1004=EDGE_CURVE('',#812,#765,#352,.T.);
#1005=EDGE_CURVE('',#764,#813,#353,.T.);
#1006=EDGE_CURVE('',#814,#813,#354,.T.);
#1007=EDGE_CURVE('',#814,#763,#355,.F.);
#1008=EDGE_CURVE('',#762,#815,#356,.T.);
#1009=EDGE_CURVE('',#816,#815,#357,.T.);
#1010=EDGE_CURVE('',#816,#761,#358,.F.);
#1011=EDGE_CURVE('',#760,#817,#359,.T.);
#1012=EDGE_CURVE('',#817,#818,#360,.T.);
#1013=EDGE_CURVE('',#818,#757,#361,.T.);
#1014=EDGE_CURVE('',#819,#820,#362,.T.);
#1015=EDGE_CURVE('',#821,#819,#363,.T.);
#1016=EDGE_CURVE('',#821,#822,#364,.T.);
#1017=EDGE_CURVE('',#822,#820,#365,.T.);
#1018=EDGE_CURVE('',#823,#824,#366,.T.);
#1019=EDGE_CURVE('',#823,#825,#367,.T.);
#1020=EDGE_CURVE('',#826,#825,#368,.T.);
#1021=EDGE_CURVE('',#826,#824,#369,.T.);
#1022=EDGE_CURVE('',#827,#828,#370,.T.);
#1023=EDGE_CURVE('',#828,#829,#371,.T.);
#1024=EDGE_CURVE('',#830,#829,#372,.T.);
#1025=EDGE_CURVE('',#830,#831,#373,.T.);
#1026=EDGE_CURVE('',#831,#832,#374,.T.);
#1027=EDGE_CURVE('',#832,#833,#375,.T.);
#1028=EDGE_CURVE('',#834,#833,#376,.T.);
#1029=EDGE_CURVE('',#835,#834,#377,.T.);
#1030=EDGE_CURVE('',#836,#835,#378,.T.);
#1031=EDGE_CURVE('',#836,#837,#379,.T.);
#1032=EDGE_CURVE('',#838,#837,#380,.T.);
#1033=EDGE_CURVE('',#838,#839,#381,.T.);
#1034=EDGE_CURVE('',#839,#840,#382,.T.);
#1035=EDGE_CURVE('',#840,#841,#383,.T.);
#1036=EDGE_CURVE('',#842,#841,#384,.T.);
#1037=EDGE_CURVE('',#843,#842,#385,.T.);
#1038=EDGE_CURVE('',#843,#844,#386,.T.);
#1039=EDGE_CURVE('',#844,#845,#387,.T.);
#1040=EDGE_CURVE('',#845,#846,#388,.T.);
#1041=EDGE_CURVE('',#846,#827,#389,.T.);
#1042=EDGE_CURVE('',#847,#847,#263,.T.);
#1043=EDGE_CURVE('',#848,#848,#264,.T.);
#1044=EDGE_CURVE('',#849,#849,#265,.T.);
#1045=EDGE_CURVE('',#850,#850,#266,.T.);
#1046=EDGE_CURVE('',#851,#851,#267,.F.);
#1047=EDGE_CURVE('',#852,#852,#268,.F.);
#1048=EDGE_CURVE('',#853,#853,#269,.F.);
#1049=EDGE_CURVE('',#854,#854,#270,.F.);
#1050=EDGE_CURVE('',#855,#855,#271,.F.);
#1051=EDGE_CURVE('',#856,#856,#272,.F.);
#1052=EDGE_CURVE('',#857,#857,#273,.F.);
#1053=EDGE_CURVE('',#858,#858,#274,.F.);
#1054=EDGE_CURVE('',#819,#828,#390,.T.);
#1055=EDGE_CURVE('',#859,#827,#391,.T.);
#1056=EDGE_CURVE('',#860,#859,#392,.T.);
#1057=EDGE_CURVE('',#844,#860,#393,.T.);
#1058=EDGE_CURVE('',#843,#861,#394,.T.);
#1059=EDGE_CURVE('',#862,#861,#395,.T.);
#1060=EDGE_CURVE('',#840,#862,#396,.T.);
#1061=EDGE_CURVE('',#863,#839,#397,.T.);
#1062=EDGE_CURVE('',#864,#863,#398,.T.);
#1063=EDGE_CURVE('',#864,#865,#399,.T.);
#1064=EDGE_CURVE('',#866,#865,#400,.T.);
#1065=EDGE_CURVE('',#866,#867,#401,.T.);
#1066=EDGE_CURVE('',#867,#868,#402,.T.);
#1067=EDGE_CURVE('',#869,#868,#403,.T.);
#1068=EDGE_CURVE('',#870,#869,#404,.T.);
#1069=EDGE_CURVE('',#821,#870,#405,.T.);
#1070=EDGE_CURVE('',#824,#829,#406,.T.);
#1071=EDGE_CURVE('',#871,#826,#407,.T.);
#1072=EDGE_CURVE('',#871,#872,#408,.T.);
#1073=EDGE_CURVE('',#872,#873,#409,.T.);
#1074=EDGE_CURVE('',#874,#873,#410,.T.);
#1075=EDGE_CURVE('',#875,#874,#411,.T.);
#1076=EDGE_CURVE('',#875,#876,#412,.T.);
#1077=EDGE_CURVE('',#877,#876,#413,.T.);
#1078=EDGE_CURVE('',#877,#878,#414,.T.);
#1079=EDGE_CURVE('',#878,#838,#415,.T.);
#1080=EDGE_CURVE('',#837,#879,#416,.T.);
#1081=EDGE_CURVE('',#879,#880,#417,.T.);
#1082=EDGE_CURVE('',#834,#880,#418,.T.);
#1083=EDGE_CURVE('',#833,#881,#419,.T.);
#1084=EDGE_CURVE('',#882,#881,#420,.T.);
#1085=EDGE_CURVE('',#882,#830,#421,.T.);
#1086=EDGE_CURVE('',#883,#884,#422,.T.);
#1087=EDGE_CURVE('',#883,#795,#423,.T.);
#1088=EDGE_CURVE('',#796,#885,#424,.T.);
#1089=EDGE_CURVE('',#885,#886,#425,.T.);
#1090=EDGE_CURVE('',#886,#887,#426,.T.);
#1091=EDGE_CURVE('',#887,#888,#427,.T.);
#1092=EDGE_CURVE('',#884,#888,#428,.T.);
#1093=EDGE_CURVE('',#823,#883,#429,.T.);
#1094=EDGE_CURVE('',#889,#884,#430,.T.);
#1095=EDGE_CURVE('',#889,#890,#431,.T.);
#1096=EDGE_CURVE('',#891,#890,#432,.T.);
#1097=EDGE_CURVE('',#892,#891,#433,.T.);
#1098=EDGE_CURVE('',#892,#893,#434,.T.);
#1099=EDGE_CURVE('',#893,#894,#435,.T.);
#1100=EDGE_CURVE('',#825,#894,#436,.T.);
#1101=EDGE_CURVE('',#895,#896,#437,.T.);
#1102=EDGE_CURVE('',#895,#820,#438,.T.);
#1103=EDGE_CURVE('',#822,#897,#439,.T.);
#1104=EDGE_CURVE('',#897,#898,#440,.T.);
#1105=EDGE_CURVE('',#898,#899,#441,.T.);
#1106=EDGE_CURVE('',#900,#899,#442,.T.);
#1107=EDGE_CURVE('',#901,#900,#443,.T.);
#1108=EDGE_CURVE('',#901,#902,#444,.T.);
#1109=EDGE_CURVE('',#896,#902,#445,.T.);
#1110=EDGE_CURVE('',#803,#895,#446,.T.);
#1111=EDGE_CURVE('',#804,#896,#447,.T.);
#1112=EDGE_CURVE('',#887,#781,#448,.T.);
#1113=EDGE_CURVE('',#780,#903,#449,.T.);
#1114=EDGE_CURVE('',#903,#904,#450,.T.);
#1115=EDGE_CURVE('',#904,#778,#451,.F.);
#1116=EDGE_CURVE('',#777,#905,#452,.T.);
#1117=EDGE_CURVE('',#905,#906,#453,.T.);
#1118=EDGE_CURVE('',#906,#775,#454,.F.);
#1119=EDGE_CURVE('',#907,#774,#455,.T.);
#1120=EDGE_CURVE('',#907,#908,#456,.T.);
#1121=EDGE_CURVE('',#888,#908,#457,.T.);
#1122=EDGE_CURVE('',#870,#897,#458,.T.);
#1123=EDGE_CURVE('',#898,#869,#459,.T.);
#1124=EDGE_CURVE('',#901,#866,#460,.T.);
#1125=EDGE_CURVE('',#902,#865,#461,.T.);
#1126=EDGE_CURVE('',#900,#867,#462,.T.);
#1127=EDGE_CURVE('',#899,#868,#463,.T.);
#1128=EDGE_CURVE('',#872,#893,#464,.T.);
#1129=EDGE_CURVE('',#871,#894,#465,.T.);
#1130=EDGE_CURVE('',#876,#889,#466,.T.);
#1131=EDGE_CURVE('',#875,#890,#467,.T.);
#1132=EDGE_CURVE('',#873,#892,#468,.T.);
#1133=EDGE_CURVE('',#874,#891,#469,.T.);
#1134=EDGE_CURVE('',#797,#909,#470,.T.);
#1135=EDGE_CURVE('',#910,#909,#471,.T.);
#1136=EDGE_CURVE('',#798,#910,#472,.T.);
#1137=EDGE_CURVE('',#911,#911,#275,.T.);
#1138=EDGE_CURVE('',#912,#912,#276,.T.);
#1139=EDGE_CURVE('',#913,#817,#473,.T.);
#1140=EDGE_CURVE('',#914,#913,#474,.T.);
#1141=EDGE_CURVE('',#818,#914,#475,.T.);
#1142=EDGE_CURVE('',#915,#915,#277,.T.);
#1143=EDGE_CURVE('',#916,#916,#278,.T.);
#1144=EDGE_CURVE('',#908,#805,#476,.T.);
#1145=EDGE_CURVE('',#907,#806,#477,.T.);
#1146=EDGE_CURVE('',#917,#917,#279,.T.);
#1147=EDGE_CURVE('',#918,#918,#280,.T.);
#1148=EDGE_CURVE('',#914,#758,#478,.T.);
#1149=EDGE_CURVE('',#863,#878,#479,.T.);
#1150=EDGE_CURVE('',#919,#859,#480,.T.);
#1151=EDGE_CURVE('',#919,#846,#481,.T.);
#1152=EDGE_CURVE('',#860,#920,#482,.T.);
#1153=EDGE_CURVE('',#920,#845,#483,.T.);
#1154=EDGE_CURVE('',#920,#919,#484,.T.);
#1155=EDGE_CURVE('',#921,#921,#281,.T.);
#1156=EDGE_CURVE('',#862,#922,#485,.T.);
#1157=EDGE_CURVE('',#922,#841,#486,.T.);
#1158=EDGE_CURVE('',#923,#842,#487,.T.);
#1159=EDGE_CURVE('',#861,#923,#488,.T.);
#1160=EDGE_CURVE('',#923,#922,#489,.T.);
#1161=EDGE_CURVE('',#924,#924,#282,.T.);
#1162=EDGE_CURVE('',#913,#759,#490,.T.);
#1163=EDGE_CURVE('',#877,#864,#491,.T.);
#1164=EDGE_CURVE('',#925,#925,#283,.T.);
#1165=EDGE_CURVE('',#926,#926,#284,.T.);
#1166=EDGE_CURVE('',#909,#793,#492,.T.);
#1167=EDGE_CURVE('',#776,#858,#493,.T.);
#1168=EDGE_CURVE('',#905,#906,#285,.T.);
#1169=EDGE_CURVE('',#927,#814,#286,.T.);
#1170=EDGE_CURVE('',#927,#857,#494,.T.);
#1171=EDGE_CURVE('',#813,#927,#287,.T.);
#1172=EDGE_CURVE('',#789,#856,#495,.T.);
#1173=EDGE_CURVE('',#799,#800,#288,.T.);
#1174=EDGE_CURVE('',#928,#816,#289,.T.);
#1175=EDGE_CURVE('',#928,#855,#496,.T.);
#1176=EDGE_CURVE('',#815,#928,#290,.T.);
#1177=EDGE_CURVE('',#929,#808,#291,.T.);
#1178=EDGE_CURVE('',#929,#854,#497,.T.);
#1179=EDGE_CURVE('',#807,#929,#292,.T.);
#1180=EDGE_CURVE('',#779,#853,#498,.T.);
#1181=EDGE_CURVE('',#903,#904,#293,.T.);
#1182=EDGE_CURVE('',#930,#810,#294,.T.);
#1183=EDGE_CURVE('',#930,#852,#499,.T.);
#1184=EDGE_CURVE('',#809,#930,#295,.T.);
#1185=EDGE_CURVE('',#786,#851,#500,.T.);
#1186=EDGE_CURVE('',#801,#802,#296,.T.);
#1187=EDGE_CURVE('',#931,#836,#501,.T.);
#1188=EDGE_CURVE('',#931,#879,#502,.T.);
#1189=EDGE_CURVE('',#932,#835,#503,.T.);
#1190=EDGE_CURVE('',#931,#932,#504,.T.);
#1191=EDGE_CURVE('',#932,#880,#505,.T.);
#1192=EDGE_CURVE('',#933,#933,#297,.T.);
#1193=EDGE_CURVE('',#934,#831,#506,.T.);
#1194=EDGE_CURVE('',#934,#935,#507,.T.);
#1195=EDGE_CURVE('',#935,#832,#508,.T.);
#1196=EDGE_CURVE('',#882,#934,#509,.T.);
#1197=EDGE_CURVE('',#935,#881,#510,.T.);
#1198=EDGE_CURVE('',#936,#936,#298,.T.);
#1199=EDGE_CURVE('',#910,#792,#511,.T.);
#1200=EDGE_CURVE('',#850,#926,#512,.T.);
#1201=EDGE_CURVE('',#849,#925,#513,.T.);
#1202=EDGE_CURVE('',#848,#915,#514,.T.);
#1203=EDGE_CURVE('',#847,#911,#515,.T.);
#1204=EDGE_CURVE('',#921,#916,#516,.T.);
#1205=EDGE_CURVE('',#936,#912,#517,.T.);
#1206=EDGE_CURVE('',#933,#918,#518,.T.);
#1207=EDGE_CURVE('',#924,#917,#519,.T.);
#1208=EDGE_CURVE('',#937,#767,#520,.T.);
#1209=EDGE_CURVE('',#811,#937,#521,.T.);
#1210=EDGE_CURVE('',#937,#938,#522,.T.);
#1211=EDGE_CURVE('',#938,#766,#523,.T.);
#1212=EDGE_CURVE('',#938,#812,#524,.T.);
#1213=EDGE_CURVE('',#885,#783,#525,.T.);
#1214=EDGE_CURVE('',#886,#782,#526,.T.);
#1215=ORIENTED_EDGE('',*,*,#939,.F.);
#1216=ORIENTED_EDGE('',*,*,#940,.T.);
#1217=ORIENTED_EDGE('',*,*,#941,.T.);
#1218=ORIENTED_EDGE('',*,*,#942,.T.);
#1219=ORIENTED_EDGE('',*,*,#943,.T.);
#1220=ORIENTED_EDGE('',*,*,#944,.T.);
#1221=ORIENTED_EDGE('',*,*,#945,.F.);
#1222=ORIENTED_EDGE('',*,*,#946,.T.);
#1223=ORIENTED_EDGE('',*,*,#947,.F.);
#1224=ORIENTED_EDGE('',*,*,#948,.T.);
#1225=ORIENTED_EDGE('',*,*,#949,.F.);
#1226=ORIENTED_EDGE('',*,*,#950,.F.);
#1227=ORIENTED_EDGE('',*,*,#951,.F.);
#1228=ORIENTED_EDGE('',*,*,#952,.T.);
#1229=ORIENTED_EDGE('',*,*,#953,.F.);
#1230=ORIENTED_EDGE('',*,*,#954,.T.);
#1231=ORIENTED_EDGE('',*,*,#955,.F.);
#1232=ORIENTED_EDGE('',*,*,#956,.T.);
#1233=ORIENTED_EDGE('',*,*,#957,.F.);
#1234=ORIENTED_EDGE('',*,*,#958,.T.);
#1235=ORIENTED_EDGE('',*,*,#959,.F.);
#1236=ORIENTED_EDGE('',*,*,#960,.F.);
#1237=ORIENTED_EDGE('',*,*,#961,.T.);
#1238=ORIENTED_EDGE('',*,*,#962,.F.);
#1239=ORIENTED_EDGE('',*,*,#963,.F.);
#1240=ORIENTED_EDGE('',*,*,#964,.T.);
#1241=ORIENTED_EDGE('',*,*,#965,.F.);
#1242=ORIENTED_EDGE('',*,*,#966,.F.);
#1243=ORIENTED_EDGE('',*,*,#967,.F.);
#1244=ORIENTED_EDGE('',*,*,#968,.T.);
#1245=ORIENTED_EDGE('',*,*,#969,.F.);
#1246=ORIENTED_EDGE('',*,*,#970,.F.);
#1247=ORIENTED_EDGE('',*,*,#971,.T.);
#1248=ORIENTED_EDGE('',*,*,#972,.F.);
#1249=ORIENTED_EDGE('',*,*,#973,.F.);
#1250=ORIENTED_EDGE('',*,*,#974,.T.);
#1251=ORIENTED_EDGE('',*,*,#975,.T.);
#1252=ORIENTED_EDGE('',*,*,#976,.T.);
#1253=ORIENTED_EDGE('',*,*,#977,.F.);
#1254=ORIENTED_EDGE('',*,*,#978,.T.);
#1255=ORIENTED_EDGE('',*,*,#979,.F.);
#1256=ORIENTED_EDGE('',*,*,#980,.T.);
#1257=ORIENTED_EDGE('',*,*,#978,.F.);
#1258=ORIENTED_EDGE('',*,*,#981,.F.);
#1259=ORIENTED_EDGE('',*,*,#982,.T.);
#1260=ORIENTED_EDGE('',*,*,#983,.T.);
#1261=ORIENTED_EDGE('',*,*,#974,.F.);
#1262=ORIENTED_EDGE('',*,*,#984,.T.);
#1263=ORIENTED_EDGE('',*,*,#985,.T.);
#1264=ORIENTED_EDGE('',*,*,#986,.T.);
#1265=ORIENTED_EDGE('',*,*,#971,.F.);
#1266=ORIENTED_EDGE('',*,*,#987,.T.);
#1267=ORIENTED_EDGE('',*,*,#988,.T.);
#1268=ORIENTED_EDGE('',*,*,#989,.T.);
#1269=ORIENTED_EDGE('',*,*,#968,.F.);
#1270=ORIENTED_EDGE('',*,*,#990,.T.);
#1271=ORIENTED_EDGE('',*,*,#940,.F.);
#1272=ORIENTED_EDGE('',*,*,#991,.T.);
#1273=ORIENTED_EDGE('',*,*,#992,.T.);
#1274=ORIENTED_EDGE('',*,*,#993,.F.);
#1275=ORIENTED_EDGE('',*,*,#994,.T.);
#1276=ORIENTED_EDGE('',*,*,#995,.F.);
#1277=ORIENTED_EDGE('',*,*,#956,.F.);
#1278=ORIENTED_EDGE('',*,*,#996,.T.);
#1279=ORIENTED_EDGE('',*,*,#997,.F.);
#1280=ORIENTED_EDGE('',*,*,#998,.T.);
#1281=ORIENTED_EDGE('',*,*,#954,.F.);
#1282=ORIENTED_EDGE('',*,*,#999,.T.);
#1283=ORIENTED_EDGE('',*,*,#1000,.F.);
#1284=ORIENTED_EDGE('',*,*,#1001,.T.);
#1285=ORIENTED_EDGE('',*,*,#952,.F.);
#1286=ORIENTED_EDGE('',*,*,#1002,.T.);
#1287=ORIENTED_EDGE('',*,*,#1003,.F.);
#1288=ORIENTED_EDGE('',*,*,#1004,.T.);
#1289=ORIENTED_EDGE('',*,*,#948,.F.);
#1290=ORIENTED_EDGE('',*,*,#1005,.T.);
#1291=ORIENTED_EDGE('',*,*,#1006,.F.);
#1292=ORIENTED_EDGE('',*,*,#1007,.T.);
#1293=ORIENTED_EDGE('',*,*,#946,.F.);
#1294=ORIENTED_EDGE('',*,*,#1008,.T.);
#1295=ORIENTED_EDGE('',*,*,#1009,.F.);
#1296=ORIENTED_EDGE('',*,*,#1010,.T.);
#1297=ORIENTED_EDGE('',*,*,#944,.F.);
#1298=ORIENTED_EDGE('',*,*,#1011,.T.);
#1299=ORIENTED_EDGE('',*,*,#1012,.T.);
#1300=ORIENTED_EDGE('',*,*,#1013,.T.);
#1301=ORIENTED_EDGE('',*,*,#1014,.F.);
#1302=ORIENTED_EDGE('',*,*,#1015,.F.);
#1303=ORIENTED_EDGE('',*,*,#1016,.T.);
#1304=ORIENTED_EDGE('',*,*,#1017,.T.);
#1305=ORIENTED_EDGE('',*,*,#1018,.F.);
#1306=ORIENTED_EDGE('',*,*,#1019,.T.);
#1307=ORIENTED_EDGE('',*,*,#1020,.F.);
#1308=ORIENTED_EDGE('',*,*,#1021,.T.);
#1309=ORIENTED_EDGE('',*,*,#1022,.T.);
#1310=ORIENTED_EDGE('',*,*,#1023,.T.);
#1311=ORIENTED_EDGE('',*,*,#1024,.F.);
#1312=ORIENTED_EDGE('',*,*,#1025,.T.);
#1313=ORIENTED_EDGE('',*,*,#1026,.T.);
#1314=ORIENTED_EDGE('',*,*,#1027,.T.);
#1315=ORIENTED_EDGE('',*,*,#1028,.F.);
#1316=ORIENTED_EDGE('',*,*,#1029,.F.);
#1317=ORIENTED_EDGE('',*,*,#1030,.F.);
#1318=ORIENTED_EDGE('',*,*,#1031,.T.);
#1319=ORIENTED_EDGE('',*,*,#1032,.F.);
#1320=ORIENTED_EDGE('',*,*,#1033,.T.);
#1321=ORIENTED_EDGE('',*,*,#1034,.T.);
#1322=ORIENTED_EDGE('',*,*,#1035,.T.);
#1323=ORIENTED_EDGE('',*,*,#1036,.F.);
#1324=ORIENTED_EDGE('',*,*,#1037,.F.);
#1325=ORIENTED_EDGE('',*,*,#1038,.T.);
#1326=ORIENTED_EDGE('',*,*,#1039,.T.);
#1327=ORIENTED_EDGE('',*,*,#1040,.T.);
#1328=ORIENTED_EDGE('',*,*,#1041,.T.);
#1329=ORIENTED_EDGE('',*,*,#1042,.F.);
#1330=ORIENTED_EDGE('',*,*,#1043,.F.);
#1331=ORIENTED_EDGE('',*,*,#1044,.F.);
#1332=ORIENTED_EDGE('',*,*,#1045,.F.);
#1333=ORIENTED_EDGE('',*,*,#1046,.T.);
#1334=ORIENTED_EDGE('',*,*,#1047,.T.);
#1335=ORIENTED_EDGE('',*,*,#1048,.T.);
#1336=ORIENTED_EDGE('',*,*,#1049,.T.);
#1337=ORIENTED_EDGE('',*,*,#1050,.T.);
#1338=ORIENTED_EDGE('',*,*,#1051,.T.);
#1339=ORIENTED_EDGE('',*,*,#1052,.T.);
#1340=ORIENTED_EDGE('',*,*,#1053,.T.);
#1341=ORIENTED_EDGE('',*,*,#1015,.T.);
#1342=ORIENTED_EDGE('',*,*,#1054,.T.);
#1343=ORIENTED_EDGE('',*,*,#1022,.F.);
#1344=ORIENTED_EDGE('',*,*,#1055,.F.);
#1345=ORIENTED_EDGE('',*,*,#1056,.F.);
#1346=ORIENTED_EDGE('',*,*,#1057,.F.);
#1347=ORIENTED_EDGE('',*,*,#1038,.F.);
#1348=ORIENTED_EDGE('',*,*,#1058,.T.);
#1349=ORIENTED_EDGE('',*,*,#1059,.F.);
#1350=ORIENTED_EDGE('',*,*,#1060,.F.);
#1351=ORIENTED_EDGE('',*,*,#1034,.F.);
#1352=ORIENTED_EDGE('',*,*,#1061,.F.);
#1353=ORIENTED_EDGE('',*,*,#1062,.F.);
#1354=ORIENTED_EDGE('',*,*,#1063,.T.);
#1355=ORIENTED_EDGE('',*,*,#1064,.F.);
#1356=ORIENTED_EDGE('',*,*,#1065,.T.);
#1357=ORIENTED_EDGE('',*,*,#1066,.T.);
#1358=ORIENTED_EDGE('',*,*,#1067,.F.);
#1359=ORIENTED_EDGE('',*,*,#1068,.F.);
#1360=ORIENTED_EDGE('',*,*,#1069,.F.);
#1361=ORIENTED_EDGE('',*,*,#1070,.F.);
#1362=ORIENTED_EDGE('',*,*,#1021,.F.);
#1363=ORIENTED_EDGE('',*,*,#1071,.F.);
#1364=ORIENTED_EDGE('',*,*,#1072,.T.);
#1365=ORIENTED_EDGE('',*,*,#1073,.T.);
#1366=ORIENTED_EDGE('',*,*,#1074,.F.);
#1367=ORIENTED_EDGE('',*,*,#1075,.F.);
#1368=ORIENTED_EDGE('',*,*,#1076,.T.);
#1369=ORIENTED_EDGE('',*,*,#1077,.F.);
#1370=ORIENTED_EDGE('',*,*,#1078,.T.);
#1371=ORIENTED_EDGE('',*,*,#1079,.T.);
#1372=ORIENTED_EDGE('',*,*,#1032,.T.);
#1373=ORIENTED_EDGE('',*,*,#1080,.T.);
#1374=ORIENTED_EDGE('',*,*,#1081,.T.);
#1375=ORIENTED_EDGE('',*,*,#1082,.F.);
#1376=ORIENTED_EDGE('',*,*,#1028,.T.);
#1377=ORIENTED_EDGE('',*,*,#1083,.T.);
#1378=ORIENTED_EDGE('',*,*,#1084,.F.);
#1379=ORIENTED_EDGE('',*,*,#1085,.T.);
#1380=ORIENTED_EDGE('',*,*,#1024,.T.);
#1381=ORIENTED_EDGE('',*,*,#1086,.F.);
#1382=ORIENTED_EDGE('',*,*,#1087,.T.);
#1383=ORIENTED_EDGE('',*,*,#979,.T.);
#1384=ORIENTED_EDGE('',*,*,#1088,.T.);
#1385=ORIENTED_EDGE('',*,*,#1089,.T.);
#1386=ORIENTED_EDGE('',*,*,#1090,.T.);
#1387=ORIENTED_EDGE('',*,*,#1091,.T.);
#1388=ORIENTED_EDGE('',*,*,#1092,.F.);
#1389=ORIENTED_EDGE('',*,*,#1019,.F.);
#1390=ORIENTED_EDGE('',*,*,#1093,.T.);
#1391=ORIENTED_EDGE('',*,*,#1086,.T.);
#1392=ORIENTED_EDGE('',*,*,#1094,.F.);
#1393=ORIENTED_EDGE('',*,*,#1095,.T.);
#1394=ORIENTED_EDGE('',*,*,#1096,.F.);
#1395=ORIENTED_EDGE('',*,*,#1097,.F.);
#1396=ORIENTED_EDGE('',*,*,#1098,.T.);
#1397=ORIENTED_EDGE('',*,*,#1099,.T.);
#1398=ORIENTED_EDGE('',*,*,#1100,.F.);
#1399=ORIENTED_EDGE('',*,*,#1101,.F.);
#1400=ORIENTED_EDGE('',*,*,#1102,.T.);
#1401=ORIENTED_EDGE('',*,*,#1017,.F.);
#1402=ORIENTED_EDGE('',*,*,#1103,.T.);
#1403=ORIENTED_EDGE('',*,*,#1104,.T.);
#1404=ORIENTED_EDGE('',*,*,#1105,.T.);
#1405=ORIENTED_EDGE('',*,*,#1106,.F.);
#1406=ORIENTED_EDGE('',*,*,#1107,.F.);
#1407=ORIENTED_EDGE('',*,*,#1108,.T.);
#1408=ORIENTED_EDGE('',*,*,#1109,.F.);
#1409=ORIENTED_EDGE('',*,*,#992,.F.);
#1410=ORIENTED_EDGE('',*,*,#1110,.T.);
#1411=ORIENTED_EDGE('',*,*,#1101,.T.);
#1412=ORIENTED_EDGE('',*,*,#1111,.F.);
#1413=ORIENTED_EDGE('',*,*,#1091,.F.);
#1414=ORIENTED_EDGE('',*,*,#1112,.T.);
#1415=ORIENTED_EDGE('',*,*,#964,.F.);
#1416=ORIENTED_EDGE('',*,*,#1113,.T.);
#1417=ORIENTED_EDGE('',*,*,#1114,.T.);
#1418=ORIENTED_EDGE('',*,*,#1115,.T.);
#1419=ORIENTED_EDGE('',*,*,#961,.F.);
#1420=ORIENTED_EDGE('',*,*,#1116,.T.);
#1421=ORIENTED_EDGE('',*,*,#1117,.T.);
#1422=ORIENTED_EDGE('',*,*,#1118,.T.);
#1423=ORIENTED_EDGE('',*,*,#958,.F.);
#1424=ORIENTED_EDGE('',*,*,#1119,.F.);
#1425=ORIENTED_EDGE('',*,*,#1120,.T.);
#1426=ORIENTED_EDGE('',*,*,#1121,.F.);
#1427=ORIENTED_EDGE('',*,*,#1104,.F.);
#1428=ORIENTED_EDGE('',*,*,#1122,.F.);
#1429=ORIENTED_EDGE('',*,*,#1068,.T.);
#1430=ORIENTED_EDGE('',*,*,#1123,.F.);
#1431=ORIENTED_EDGE('',*,*,#1108,.F.);
#1432=ORIENTED_EDGE('',*,*,#1124,.T.);
#1433=ORIENTED_EDGE('',*,*,#1064,.T.);
#1434=ORIENTED_EDGE('',*,*,#1125,.F.);
#1435=ORIENTED_EDGE('',*,*,#1126,.F.);
#1436=ORIENTED_EDGE('',*,*,#1106,.T.);
#1437=ORIENTED_EDGE('',*,*,#1127,.T.);
#1438=ORIENTED_EDGE('',*,*,#1066,.F.);
#1439=ORIENTED_EDGE('',*,*,#1103,.F.);
#1440=ORIENTED_EDGE('',*,*,#1016,.F.);
#1441=ORIENTED_EDGE('',*,*,#1069,.T.);
#1442=ORIENTED_EDGE('',*,*,#1122,.T.);
#1443=ORIENTED_EDGE('',*,*,#1105,.F.);
#1444=ORIENTED_EDGE('',*,*,#1123,.T.);
#1445=ORIENTED_EDGE('',*,*,#1067,.T.);
#1446=ORIENTED_EDGE('',*,*,#1127,.F.);
#1447=ORIENTED_EDGE('',*,*,#1124,.F.);
#1448=ORIENTED_EDGE('',*,*,#1107,.T.);
#1449=ORIENTED_EDGE('',*,*,#1126,.T.);
#1450=ORIENTED_EDGE('',*,*,#1065,.F.);
#1451=ORIENTED_EDGE('',*,*,#1099,.F.);
#1452=ORIENTED_EDGE('',*,*,#1128,.F.);
#1453=ORIENTED_EDGE('',*,*,#1072,.F.);
#1454=ORIENTED_EDGE('',*,*,#1129,.T.);
#1455=ORIENTED_EDGE('',*,*,#1095,.F.);
#1456=ORIENTED_EDGE('',*,*,#1130,.F.);
#1457=ORIENTED_EDGE('',*,*,#1076,.F.);
#1458=ORIENTED_EDGE('',*,*,#1131,.T.);
#1459=ORIENTED_EDGE('',*,*,#1132,.T.);
#1460=ORIENTED_EDGE('',*,*,#1097,.T.);
#1461=ORIENTED_EDGE('',*,*,#1133,.F.);
#1462=ORIENTED_EDGE('',*,*,#1074,.T.);
#1463=ORIENTED_EDGE('',*,*,#1133,.T.);
#1464=ORIENTED_EDGE('',*,*,#1096,.T.);
#1465=ORIENTED_EDGE('',*,*,#1131,.F.);
#1466=ORIENTED_EDGE('',*,*,#1075,.T.);
#1467=ORIENTED_EDGE('',*,*,#1020,.T.);
#1468=ORIENTED_EDGE('',*,*,#1100,.T.);
#1469=ORIENTED_EDGE('',*,*,#1129,.F.);
#1470=ORIENTED_EDGE('',*,*,#1071,.T.);
#1471=ORIENTED_EDGE('',*,*,#1098,.F.);
#1472=ORIENTED_EDGE('',*,*,#1132,.F.);
#1473=ORIENTED_EDGE('',*,*,#1073,.F.);
#1474=ORIENTED_EDGE('',*,*,#1128,.T.);
#1475=ORIENTED_EDGE('',*,*,#982,.F.);
#1476=ORIENTED_EDGE('',*,*,#1134,.T.);
#1477=ORIENTED_EDGE('',*,*,#1135,.F.);
#1478=ORIENTED_EDGE('',*,*,#1136,.F.);
#1479=ORIENTED_EDGE('',*,*,#1137,.F.);
#1480=ORIENTED_EDGE('',*,*,#1138,.F.);
#1481=ORIENTED_EDGE('',*,*,#1012,.F.);
#1482=ORIENTED_EDGE('',*,*,#1139,.F.);
#1483=ORIENTED_EDGE('',*,*,#1140,.F.);
#1484=ORIENTED_EDGE('',*,*,#1141,.F.);
#1485=ORIENTED_EDGE('',*,*,#1142,.F.);
#1486=ORIENTED_EDGE('',*,*,#1143,.F.);
#1487=ORIENTED_EDGE('',*,*,#994,.F.);
#1488=ORIENTED_EDGE('',*,*,#1144,.F.);
#1489=ORIENTED_EDGE('',*,*,#1120,.F.);
#1490=ORIENTED_EDGE('',*,*,#1145,.T.);
#1491=ORIENTED_EDGE('',*,*,#1146,.F.);
#1492=ORIENTED_EDGE('',*,*,#1147,.F.);
#1493=ORIENTED_EDGE('',*,*,#1013,.F.);
#1494=ORIENTED_EDGE('',*,*,#1141,.T.);
#1495=ORIENTED_EDGE('',*,*,#1148,.T.);
#1496=ORIENTED_EDGE('',*,*,#941,.F.);
#1497=ORIENTED_EDGE('',*,*,#1033,.F.);
#1498=ORIENTED_EDGE('',*,*,#1079,.F.);
#1499=ORIENTED_EDGE('',*,*,#1149,.F.);
#1500=ORIENTED_EDGE('',*,*,#1061,.T.);
#1501=ORIENTED_EDGE('',*,*,#1150,.T.);
#1502=ORIENTED_EDGE('',*,*,#1055,.T.);
#1503=ORIENTED_EDGE('',*,*,#1041,.F.);
#1504=ORIENTED_EDGE('',*,*,#1151,.F.);
#1505=ORIENTED_EDGE('',*,*,#1039,.F.);
#1506=ORIENTED_EDGE('',*,*,#1057,.T.);
#1507=ORIENTED_EDGE('',*,*,#1152,.T.);
#1508=ORIENTED_EDGE('',*,*,#1153,.T.);
#1509=ORIENTED_EDGE('',*,*,#1152,.F.);
#1510=ORIENTED_EDGE('',*,*,#1056,.T.);
#1511=ORIENTED_EDGE('',*,*,#1150,.F.);
#1512=ORIENTED_EDGE('',*,*,#1154,.F.);
#1513=ORIENTED_EDGE('',*,*,#1155,.T.);
#1514=ORIENTED_EDGE('',*,*,#1035,.F.);
#1515=ORIENTED_EDGE('',*,*,#1060,.T.);
#1516=ORIENTED_EDGE('',*,*,#1156,.T.);
#1517=ORIENTED_EDGE('',*,*,#1157,.T.);
#1518=ORIENTED_EDGE('',*,*,#1058,.F.);
#1519=ORIENTED_EDGE('',*,*,#1037,.T.);
#1520=ORIENTED_EDGE('',*,*,#1158,.F.);
#1521=ORIENTED_EDGE('',*,*,#1159,.F.);
#1522=ORIENTED_EDGE('',*,*,#1156,.F.);
#1523=ORIENTED_EDGE('',*,*,#1059,.T.);
#1524=ORIENTED_EDGE('',*,*,#1159,.T.);
#1525=ORIENTED_EDGE('',*,*,#1160,.T.);
#1526=ORIENTED_EDGE('',*,*,#1161,.T.);
#1527=ORIENTED_EDGE('',*,*,#1011,.F.);
#1528=ORIENTED_EDGE('',*,*,#943,.F.);
#1529=ORIENTED_EDGE('',*,*,#1162,.F.);
#1530=ORIENTED_EDGE('',*,*,#1139,.T.);
#1531=ORIENTED_EDGE('',*,*,#957,.T.);
#1532=ORIENTED_EDGE('',*,*,#995,.T.);
#1533=ORIENTED_EDGE('',*,*,#1145,.F.);
#1534=ORIENTED_EDGE('',*,*,#1119,.T.);
#1535=ORIENTED_EDGE('',*,*,#1078,.F.);
#1536=ORIENTED_EDGE('',*,*,#1163,.T.);
#1537=ORIENTED_EDGE('',*,*,#1062,.T.);
#1538=ORIENTED_EDGE('',*,*,#1149,.T.);
#1539=ORIENTED_EDGE('',*,*,#1164,.F.);
#1540=ORIENTED_EDGE('',*,*,#1165,.F.);
#1541=ORIENTED_EDGE('',*,*,#1111,.T.);
#1542=ORIENTED_EDGE('',*,*,#1109,.T.);
#1543=ORIENTED_EDGE('',*,*,#1125,.T.);
#1544=ORIENTED_EDGE('',*,*,#1063,.F.);
#1545=ORIENTED_EDGE('',*,*,#1163,.F.);
#1546=ORIENTED_EDGE('',*,*,#1077,.T.);
#1547=ORIENTED_EDGE('',*,*,#1130,.T.);
#1548=ORIENTED_EDGE('',*,*,#1094,.T.);
#1549=ORIENTED_EDGE('',*,*,#1092,.T.);
#1550=ORIENTED_EDGE('',*,*,#1121,.T.);
#1551=ORIENTED_EDGE('',*,*,#1144,.T.);
#1552=ORIENTED_EDGE('',*,*,#993,.T.);
#1553=ORIENTED_EDGE('',*,*,#1134,.F.);
#1554=ORIENTED_EDGE('',*,*,#981,.T.);
#1555=ORIENTED_EDGE('',*,*,#977,.T.);
#1556=ORIENTED_EDGE('',*,*,#1166,.F.);
#1557=ORIENTED_EDGE('',*,*,#1116,.F.);
#1558=ORIENTED_EDGE('',*,*,#960,.T.);
#1559=ORIENTED_EDGE('',*,*,#1167,.T.);
#1560=ORIENTED_EDGE('',*,*,#1053,.F.);
#1561=ORIENTED_EDGE('',*,*,#1167,.F.);
#1562=ORIENTED_EDGE('',*,*,#959,.T.);
#1563=ORIENTED_EDGE('',*,*,#1118,.F.);
#1564=ORIENTED_EDGE('',*,*,#1168,.F.);
#1565=ORIENTED_EDGE('',*,*,#1005,.F.);
#1566=ORIENTED_EDGE('',*,*,#947,.T.);
#1567=ORIENTED_EDGE('',*,*,#1007,.F.);
#1568=ORIENTED_EDGE('',*,*,#1169,.F.);
#1569=ORIENTED_EDGE('',*,*,#1170,.T.);
#1570=ORIENTED_EDGE('',*,*,#1052,.F.);
#1571=ORIENTED_EDGE('',*,*,#1170,.F.);
#1572=ORIENTED_EDGE('',*,*,#1171,.F.);
#1573=ORIENTED_EDGE('',*,*,#984,.F.);
#1574=ORIENTED_EDGE('',*,*,#973,.T.);
#1575=ORIENTED_EDGE('',*,*,#1172,.T.);
#1576=ORIENTED_EDGE('',*,*,#1051,.F.);
#1577=ORIENTED_EDGE('',*,*,#1172,.F.);
#1578=ORIENTED_EDGE('',*,*,#972,.T.);
#1579=ORIENTED_EDGE('',*,*,#986,.F.);
#1580=ORIENTED_EDGE('',*,*,#1173,.F.);
#1581=ORIENTED_EDGE('',*,*,#1008,.F.);
#1582=ORIENTED_EDGE('',*,*,#945,.T.);
#1583=ORIENTED_EDGE('',*,*,#1010,.F.);
#1584=ORIENTED_EDGE('',*,*,#1174,.F.);
#1585=ORIENTED_EDGE('',*,*,#1175,.T.);
#1586=ORIENTED_EDGE('',*,*,#1050,.F.);
#1587=ORIENTED_EDGE('',*,*,#1175,.F.);
#1588=ORIENTED_EDGE('',*,*,#1176,.F.);
#1589=ORIENTED_EDGE('',*,*,#996,.F.);
#1590=ORIENTED_EDGE('',*,*,#955,.T.);
#1591=ORIENTED_EDGE('',*,*,#998,.F.);
#1592=ORIENTED_EDGE('',*,*,#1177,.F.);
#1593=ORIENTED_EDGE('',*,*,#1178,.T.);
#1594=ORIENTED_EDGE('',*,*,#1049,.F.);
#1595=ORIENTED_EDGE('',*,*,#1178,.F.);
#1596=ORIENTED_EDGE('',*,*,#1179,.F.);
#1597=ORIENTED_EDGE('',*,*,#1113,.F.);
#1598=ORIENTED_EDGE('',*,*,#963,.T.);
#1599=ORIENTED_EDGE('',*,*,#1180,.T.);
#1600=ORIENTED_EDGE('',*,*,#1048,.F.);
#1601=ORIENTED_EDGE('',*,*,#1180,.F.);
#1602=ORIENTED_EDGE('',*,*,#962,.T.);
#1603=ORIENTED_EDGE('',*,*,#1115,.F.);
#1604=ORIENTED_EDGE('',*,*,#1181,.F.);
#1605=ORIENTED_EDGE('',*,*,#999,.F.);
#1606=ORIENTED_EDGE('',*,*,#953,.T.);
#1607=ORIENTED_EDGE('',*,*,#1001,.F.);
#1608=ORIENTED_EDGE('',*,*,#1182,.F.);
#1609=ORIENTED_EDGE('',*,*,#1183,.T.);
#1610=ORIENTED_EDGE('',*,*,#1047,.F.);
#1611=ORIENTED_EDGE('',*,*,#1183,.F.);
#1612=ORIENTED_EDGE('',*,*,#1184,.F.);
#1613=ORIENTED_EDGE('',*,*,#987,.F.);
#1614=ORIENTED_EDGE('',*,*,#970,.T.);
#1615=ORIENTED_EDGE('',*,*,#1185,.T.);
#1616=ORIENTED_EDGE('',*,*,#1046,.F.);
#1617=ORIENTED_EDGE('',*,*,#1185,.F.);
#1618=ORIENTED_EDGE('',*,*,#969,.T.);
#1619=ORIENTED_EDGE('',*,*,#989,.F.);
#1620=ORIENTED_EDGE('',*,*,#1186,.F.);
#1621=ORIENTED_EDGE('',*,*,#1040,.F.);
#1622=ORIENTED_EDGE('',*,*,#1153,.F.);
#1623=ORIENTED_EDGE('',*,*,#1154,.T.);
#1624=ORIENTED_EDGE('',*,*,#1151,.T.);
#1625=ORIENTED_EDGE('',*,*,#1036,.T.);
#1626=ORIENTED_EDGE('',*,*,#1157,.F.);
#1627=ORIENTED_EDGE('',*,*,#1160,.F.);
#1628=ORIENTED_EDGE('',*,*,#1158,.T.);
#1629=ORIENTED_EDGE('',*,*,#1080,.F.);
#1630=ORIENTED_EDGE('',*,*,#1031,.F.);
#1631=ORIENTED_EDGE('',*,*,#1187,.F.);
#1632=ORIENTED_EDGE('',*,*,#1188,.T.);
#1633=ORIENTED_EDGE('',*,*,#1030,.T.);
#1634=ORIENTED_EDGE('',*,*,#1189,.F.);
#1635=ORIENTED_EDGE('',*,*,#1190,.F.);
#1636=ORIENTED_EDGE('',*,*,#1187,.T.);
#1637=ORIENTED_EDGE('',*,*,#1029,.T.);
#1638=ORIENTED_EDGE('',*,*,#1082,.T.);
#1639=ORIENTED_EDGE('',*,*,#1191,.F.);
#1640=ORIENTED_EDGE('',*,*,#1189,.T.);
#1641=ORIENTED_EDGE('',*,*,#1081,.F.);
#1642=ORIENTED_EDGE('',*,*,#1188,.F.);
#1643=ORIENTED_EDGE('',*,*,#1190,.T.);
#1644=ORIENTED_EDGE('',*,*,#1191,.T.);
#1645=ORIENTED_EDGE('',*,*,#1192,.T.);
#1646=ORIENTED_EDGE('',*,*,#1026,.F.);
#1647=ORIENTED_EDGE('',*,*,#1193,.F.);
#1648=ORIENTED_EDGE('',*,*,#1194,.T.);
#1649=ORIENTED_EDGE('',*,*,#1195,.T.);
#1650=ORIENTED_EDGE('',*,*,#1085,.F.);
#1651=ORIENTED_EDGE('',*,*,#1196,.T.);
#1652=ORIENTED_EDGE('',*,*,#1193,.T.);
#1653=ORIENTED_EDGE('',*,*,#1025,.F.);
#1654=ORIENTED_EDGE('',*,*,#1083,.F.);
#1655=ORIENTED_EDGE('',*,*,#1027,.F.);
#1656=ORIENTED_EDGE('',*,*,#1195,.F.);
#1657=ORIENTED_EDGE('',*,*,#1197,.T.);
#1658=ORIENTED_EDGE('',*,*,#1196,.F.);
#1659=ORIENTED_EDGE('',*,*,#1084,.T.);
#1660=ORIENTED_EDGE('',*,*,#1197,.F.);
#1661=ORIENTED_EDGE('',*,*,#1194,.F.);
#1662=ORIENTED_EDGE('',*,*,#1198,.T.);
#1663=ORIENTED_EDGE('',*,*,#942,.F.);
#1664=ORIENTED_EDGE('',*,*,#1148,.F.);
#1665=ORIENTED_EDGE('',*,*,#1140,.T.);
#1666=ORIENTED_EDGE('',*,*,#1162,.T.);
#1667=ORIENTED_EDGE('',*,*,#976,.F.);
#1668=ORIENTED_EDGE('',*,*,#1199,.F.);
#1669=ORIENTED_EDGE('',*,*,#1135,.T.);
#1670=ORIENTED_EDGE('',*,*,#1166,.T.);
#1671=ORIENTED_EDGE('',*,*,#983,.F.);
#1672=ORIENTED_EDGE('',*,*,#1136,.T.);
#1673=ORIENTED_EDGE('',*,*,#1199,.T.);
#1674=ORIENTED_EDGE('',*,*,#975,.F.);
#1675=ORIENTED_EDGE('',*,*,#1045,.T.);
#1676=ORIENTED_EDGE('',*,*,#1200,.T.);
#1677=ORIENTED_EDGE('',*,*,#1165,.T.);
#1678=ORIENTED_EDGE('',*,*,#1200,.F.);
#1679=ORIENTED_EDGE('',*,*,#1044,.T.);
#1680=ORIENTED_EDGE('',*,*,#1201,.T.);
#1681=ORIENTED_EDGE('',*,*,#1164,.T.);
#1682=ORIENTED_EDGE('',*,*,#1201,.F.);
#1683=ORIENTED_EDGE('',*,*,#1043,.T.);
#1684=ORIENTED_EDGE('',*,*,#1202,.T.);
#1685=ORIENTED_EDGE('',*,*,#1142,.T.);
#1686=ORIENTED_EDGE('',*,*,#1202,.F.);
#1687=ORIENTED_EDGE('',*,*,#1042,.T.);
#1688=ORIENTED_EDGE('',*,*,#1203,.T.);
#1689=ORIENTED_EDGE('',*,*,#1137,.T.);
#1690=ORIENTED_EDGE('',*,*,#1203,.F.);
#1691=ORIENTED_EDGE('',*,*,#1117,.F.);
#1692=ORIENTED_EDGE('',*,*,#1168,.T.);
#1693=ORIENTED_EDGE('',*,*,#985,.F.);
#1694=ORIENTED_EDGE('',*,*,#1173,.T.);
#1695=ORIENTED_EDGE('',*,*,#1114,.F.);
#1696=ORIENTED_EDGE('',*,*,#1181,.T.);
#1697=ORIENTED_EDGE('',*,*,#988,.F.);
#1698=ORIENTED_EDGE('',*,*,#1186,.T.);
#1699=ORIENTED_EDGE('',*,*,#1006,.T.);
#1700=ORIENTED_EDGE('',*,*,#1171,.T.);
#1701=ORIENTED_EDGE('',*,*,#1169,.T.);
#1702=ORIENTED_EDGE('',*,*,#1009,.T.);
#1703=ORIENTED_EDGE('',*,*,#1176,.T.);
#1704=ORIENTED_EDGE('',*,*,#1174,.T.);
#1705=ORIENTED_EDGE('',*,*,#997,.T.);
#1706=ORIENTED_EDGE('',*,*,#1179,.T.);
#1707=ORIENTED_EDGE('',*,*,#1177,.T.);
#1708=ORIENTED_EDGE('',*,*,#1000,.T.);
#1709=ORIENTED_EDGE('',*,*,#1184,.T.);
#1710=ORIENTED_EDGE('',*,*,#1182,.T.);
#1711=ORIENTED_EDGE('',*,*,#1155,.F.);
#1712=ORIENTED_EDGE('',*,*,#1204,.T.);
#1713=ORIENTED_EDGE('',*,*,#1143,.T.);
#1714=ORIENTED_EDGE('',*,*,#1204,.F.);
#1715=ORIENTED_EDGE('',*,*,#1198,.F.);
#1716=ORIENTED_EDGE('',*,*,#1205,.T.);
#1717=ORIENTED_EDGE('',*,*,#1138,.T.);
#1718=ORIENTED_EDGE('',*,*,#1205,.F.);
#1719=ORIENTED_EDGE('',*,*,#1192,.F.);
#1720=ORIENTED_EDGE('',*,*,#1206,.T.);
#1721=ORIENTED_EDGE('',*,*,#1147,.T.);
#1722=ORIENTED_EDGE('',*,*,#1206,.F.);
#1723=ORIENTED_EDGE('',*,*,#1161,.F.);
#1724=ORIENTED_EDGE('',*,*,#1207,.T.);
#1725=ORIENTED_EDGE('',*,*,#1146,.T.);
#1726=ORIENTED_EDGE('',*,*,#1207,.F.);
#1727=ORIENTED_EDGE('',*,*,#1002,.F.);
#1728=ORIENTED_EDGE('',*,*,#951,.T.);
#1729=ORIENTED_EDGE('',*,*,#1208,.F.);
#1730=ORIENTED_EDGE('',*,*,#1209,.F.);
#1731=ORIENTED_EDGE('',*,*,#1210,.F.);
#1732=ORIENTED_EDGE('',*,*,#1208,.T.);
#1733=ORIENTED_EDGE('',*,*,#950,.T.);
#1734=ORIENTED_EDGE('',*,*,#1211,.F.);
#1735=ORIENTED_EDGE('',*,*,#1004,.F.);
#1736=ORIENTED_EDGE('',*,*,#1212,.F.);
#1737=ORIENTED_EDGE('',*,*,#1211,.T.);
#1738=ORIENTED_EDGE('',*,*,#949,.T.);
#1739=ORIENTED_EDGE('',*,*,#1212,.T.);
#1740=ORIENTED_EDGE('',*,*,#1003,.T.);
#1741=ORIENTED_EDGE('',*,*,#1209,.T.);
#1742=ORIENTED_EDGE('',*,*,#1210,.T.);
#1743=ORIENTED_EDGE('',*,*,#1089,.F.);
#1744=ORIENTED_EDGE('',*,*,#1213,.T.);
#1745=ORIENTED_EDGE('',*,*,#966,.T.);
#1746=ORIENTED_EDGE('',*,*,#1214,.F.);
#1747=ORIENTED_EDGE('',*,*,#1112,.F.);
#1748=ORIENTED_EDGE('',*,*,#1090,.F.);
#1749=ORIENTED_EDGE('',*,*,#1214,.T.);
#1750=ORIENTED_EDGE('',*,*,#965,.T.);
#1751=ORIENTED_EDGE('',*,*,#990,.F.);
#1752=ORIENTED_EDGE('',*,*,#967,.T.);
#1753=ORIENTED_EDGE('',*,*,#1213,.F.);
#1754=ORIENTED_EDGE('',*,*,#1088,.F.);
#1755=ORIENTED_EDGE('',*,*,#1070,.T.);
#1756=ORIENTED_EDGE('',*,*,#1023,.F.);
#1757=ORIENTED_EDGE('',*,*,#1054,.F.);
#1758=ORIENTED_EDGE('',*,*,#1014,.T.);
#1759=ORIENTED_EDGE('',*,*,#1102,.F.);
#1760=ORIENTED_EDGE('',*,*,#1110,.F.);
#1761=ORIENTED_EDGE('',*,*,#991,.F.);
#1762=ORIENTED_EDGE('',*,*,#939,.T.);
#1763=ORIENTED_EDGE('',*,*,#980,.F.);
#1764=ORIENTED_EDGE('',*,*,#1087,.F.);
#1765=ORIENTED_EDGE('',*,*,#1093,.F.);
#1766=ORIENTED_EDGE('',*,*,#1018,.T.);
#1767=PLANE('',#1940);
#1768=PLANE('',#1953);
#1769=PLANE('',#1954);
#1770=PLANE('',#1955);
#1771=PLANE('',#1956);
#1772=PLANE('',#1957);
#1773=PLANE('',#1970);
#1774=PLANE('',#1971);
#1775=PLANE('',#1972);
#1776=PLANE('',#1973);
#1777=PLANE('',#1974);
#1778=PLANE('',#1975);
#1779=PLANE('',#1976);
#1780=PLANE('',#1977);
#1781=PLANE('',#1978);
#1782=PLANE('',#1979);
#1783=PLANE('',#1980);
#1784=PLANE('',#1981);
#1785=PLANE('',#1982);
#1786=PLANE('',#1983);
#1787=PLANE('',#1984);
#1788=PLANE('',#1985);
#1789=PLANE('',#1986);
#1790=PLANE('',#1987);
#1791=PLANE('',#1988);
#1792=PLANE('',#1989);
#1793=PLANE('',#1992);
#1794=PLANE('',#1995);
#1795=PLANE('',#1998);
#1796=PLANE('',#1999);
#1797=PLANE('',#2000);
#1798=PLANE('',#2001);
#1799=PLANE('',#2002);
#1800=PLANE('',#2004);
#1801=PLANE('',#2005);
#1802=PLANE('',#2006);
#1803=PLANE('',#2008);
#1804=PLANE('',#2009);
#1805=PLANE('',#2010);
#1806=PLANE('',#2013);
#1807=PLANE('',#2014);
#1808=PLANE('',#2035);
#1809=PLANE('',#2036);
#1810=PLANE('',#2037);
#1811=PLANE('',#2038);
#1812=PLANE('',#2039);
#1813=PLANE('',#2040);
#1814=PLANE('',#2042);
#1815=PLANE('',#2043);
#1816=PLANE('',#2044);
#1817=PLANE('',#2045);
#1818=PLANE('',#2047);
#1819=PLANE('',#2048);
#1820=PLANE('',#2049);
#1821=PLANE('',#2054);
#1822=PLANE('',#2055);
#1823=PLANE('',#2056);
#1824=PLANE('',#2057);
#1825=PLANE('',#2058);
#1826=PLANE('',#2059);
#1827=PLANE('',#2060);
#1828=PLANE('',#2061);
#1829=PLANE('',#2066);
#1830=PLANE('',#2067);
#1831=PLANE('',#2068);
#1832=PLANE('',#2069);
#1833=PLANE('',#2070);
#1834=PLANE('',#2071);
#1835=PLANE('',#2072);
#1836=PLANE('',#2073);
#1837=ADVANCED_FACE('',(#55),#1767,.F.);
#1838=ADVANCED_FACE('',(#56),#1768,.T.);
#1839=ADVANCED_FACE('',(#57),#1769,.T.);
#1840=ADVANCED_FACE('',(#58),#1770,.F.);
#1841=ADVANCED_FACE('',(#59),#1771,.F.);
#1842=ADVANCED_FACE('',(#60,#31,#32,#33,#34,#35,#36,#37,#38,#39,#40,#41,
#42),#1772,.T.);
#1843=ADVANCED_FACE('',(#61),#1773,.T.);
#1844=ADVANCED_FACE('',(#62),#1774,.F.);
#1845=ADVANCED_FACE('',(#63),#1775,.T.);
#1846=ADVANCED_FACE('',(#64),#1776,.T.);
#1847=ADVANCED_FACE('',(#65),#1777,.T.);
#1848=ADVANCED_FACE('',(#66),#1778,.T.);
#1849=ADVANCED_FACE('',(#67),#1779,.T.);
#1850=ADVANCED_FACE('',(#68),#1780,.T.);
#1851=ADVANCED_FACE('',(#69),#1781,.T.);
#1852=ADVANCED_FACE('',(#70),#1782,.F.);
#1853=ADVANCED_FACE('',(#71),#1783,.T.);
#1854=ADVANCED_FACE('',(#72),#1784,.T.);
#1855=ADVANCED_FACE('',(#73),#1785,.F.);
#1856=ADVANCED_FACE('',(#74),#1786,.T.);
#1857=ADVANCED_FACE('',(#75),#1787,.T.);
#1858=ADVANCED_FACE('',(#76),#1788,.F.);
#1859=ADVANCED_FACE('',(#77),#1789,.F.);
#1860=ADVANCED_FACE('',(#78),#1790,.F.);
#1861=ADVANCED_FACE('',(#79),#1791,.T.);
#1862=ADVANCED_FACE('',(#80,#43,#44),#1792,.T.);
#1863=ADVANCED_FACE('',(#81,#45,#46),#1793,.T.);
#1864=ADVANCED_FACE('',(#82,#47,#48),#1794,.T.);
#1865=ADVANCED_FACE('',(#83),#1795,.T.);
#1866=ADVANCED_FACE('',(#84),#1796,.F.);
#1867=ADVANCED_FACE('',(#85),#1797,.T.);
#1868=ADVANCED_FACE('',(#86),#1798,.T.);
#1869=ADVANCED_FACE('',(#87,#49),#1799,.T.);
#1870=ADVANCED_FACE('',(#88),#1800,.T.);
#1871=ADVANCED_FACE('',(#89),#1801,.F.);
#1872=ADVANCED_FACE('',(#90,#50),#1802,.T.);
#1873=ADVANCED_FACE('',(#91),#1803,.T.);
#1874=ADVANCED_FACE('',(#92),#1804,.F.);
#1875=ADVANCED_FACE('',(#93,#51,#52),#1805,.T.);
#1876=ADVANCED_FACE('',(#94),#1806,.F.);
#1877=ADVANCED_FACE('',(#95),#1807,.F.);
#1878=ADVANCED_FACE('',(#96),#15,.F.);
#1879=ADVANCED_FACE('',(#97),#16,.F.);
#1880=ADVANCED_FACE('',(#98),#17,.F.);
#1881=ADVANCED_FACE('',(#99),#18,.F.);
#1882=ADVANCED_FACE('',(#100),#19,.F.);
#1883=ADVANCED_FACE('',(#101),#20,.F.);
#1884=ADVANCED_FACE('',(#102),#21,.F.);
#1885=ADVANCED_FACE('',(#103),#22,.F.);
#1886=ADVANCED_FACE('',(#104),#1808,.T.);
#1887=ADVANCED_FACE('',(#105),#1809,.F.);
#1888=ADVANCED_FACE('',(#106),#1810,.T.);
#1889=ADVANCED_FACE('',(#107),#1811,.F.);
#1890=ADVANCED_FACE('',(#108),#1812,.F.);
#1891=ADVANCED_FACE('',(#109,#53),#1813,.T.);
#1892=ADVANCED_FACE('',(#110),#1814,.T.);
#1893=ADVANCED_FACE('',(#111),#1815,.T.);
#1894=ADVANCED_FACE('',(#112),#1816,.T.);
#1895=ADVANCED_FACE('',(#113,#54),#1817,.F.);
#1896=ADVANCED_FACE('',(#114),#1818,.T.);
#1897=ADVANCED_FACE('',(#115),#1819,.T.);
#1898=ADVANCED_FACE('',(#116),#1820,.T.);
#1899=ADVANCED_FACE('',(#117),#23,.F.);
#1900=ADVANCED_FACE('',(#118),#24,.F.);
#1901=ADVANCED_FACE('',(#119),#25,.F.);
#1902=ADVANCED_FACE('',(#120),#26,.F.);
#1903=ADVANCED_FACE('',(#121),#1821,.T.);
#1904=ADVANCED_FACE('',(#122),#1822,.T.);
#1905=ADVANCED_FACE('',(#123),#1823,.T.);
#1906=ADVANCED_FACE('',(#124),#1824,.T.);
#1907=ADVANCED_FACE('',(#125),#1825,.T.);
#1908=ADVANCED_FACE('',(#126),#1826,.T.);
#1909=ADVANCED_FACE('',(#127),#1827,.T.);
#1910=ADVANCED_FACE('',(#128),#1828,.T.);
#1911=ADVANCED_FACE('',(#129),#27,.F.);
#1912=ADVANCED_FACE('',(#130),#28,.F.);
#1913=ADVANCED_FACE('',(#131),#29,.F.);
#1914=ADVANCED_FACE('',(#132),#30,.F.);
#1915=ADVANCED_FACE('',(#133),#1829,.F.);
#1916=ADVANCED_FACE('',(#134),#1830,.F.);
#1917=ADVANCED_FACE('',(#135),#1831,.F.);
#1918=ADVANCED_FACE('',(#136),#1832,.T.);
#1919=ADVANCED_FACE('',(#137),#1833,.F.);
#1920=ADVANCED_FACE('',(#138),#1834,.F.);
#1921=ADVANCED_FACE('',(#139),#1835,.F.);
#1922=ADVANCED_FACE('',(#140),#1836,.T.);
#1923=CLOSED_SHELL('',(#1837,#1838,#1839,#1840,#1841,#1842,#1843,#1844,
#1845,#1846,#1847,#1848,#1849,#1850,#1851,#1852,#1853,#1854,#1855,#1856,
#1857,#1858,#1859,#1860,#1861,#1862,#1863,#1864,#1865,#1866,#1867,#1868,
#1869,#1870,#1871,#1872,#1873,#1874,#1875,#1876,#1877,#1878,#1879,#1880,
#1881,#1882,#1883,#1884,#1885,#1886,#1887,#1888,#1889,#1890,#1891,#1892,
#1893,#1894,#1895,#1896,#1897,#1898,#1899,#1900,#1901,#1902,#1903,#1904,
#1905,#1906,#1907,#1908,#1909,#1910,#1911,#1912,#1913,#1914,#1915,#1916,
#1917,#1918,#1919,#1920,#1921,#1922));
#1924=DERIVED_UNIT_ELEMENT(#1927,1.);
#1925=DERIVED_UNIT_ELEMENT(#3124,-3.);
#1926=DIMENSIONAL_EXPONENTS(0.,1.,0.,0.,0.,0.,0.);
#1927=(
CONVERSION_BASED_UNIT('gram',#1929)
MASS_UNIT()
NAMED_UNIT(#1926)
);
#1928=(
MASS_UNIT()
NAMED_UNIT(*)
SI_UNIT(.KILO.,.GRAM.)
);
#1929=MASS_MEASURE_WITH_UNIT(MASS_MEASURE(0.001),#1928);
#1930=DERIVED_UNIT((#1924,#1925));
#1931=MEASURE_REPRESENTATION_ITEM('density measure',
POSITIVE_RATIO_MEASURE(1.),#1930);
#1932=PROPERTY_DEFINITION_REPRESENTATION(#1937,#1934);
#1933=PROPERTY_DEFINITION_REPRESENTATION(#1938,#1935);
#1934=REPRESENTATION('material name',(#1936),#3121);
#1935=REPRESENTATION('density',(#1931),#3121);
#1936=DESCRIPTIVE_REPRESENTATION_ITEM('Generic','Generic');
#1937=PROPERTY_DEFINITION('material property','material name',#3131);
#1938=PROPERTY_DEFINITION('material property','density of part',#3131);
#1939=AXIS2_PLACEMENT_3D('',#2572,#2074,#2075);
#1940=AXIS2_PLACEMENT_3D('',#2573,#2076,#2077);
#1941=AXIS2_PLACEMENT_3D('',#2588,#2084,#2085);
#1942=AXIS2_PLACEMENT_3D('',#2592,#2087,#2088);
#1943=AXIS2_PLACEMENT_3D('',#2604,#2094,#2095);
#1944=AXIS2_PLACEMENT_3D('',#2608,#2097,#2098);
#1945=AXIS2_PLACEMENT_3D('',#2616,#2102,#2103);
#1946=AXIS2_PLACEMENT_3D('',#2618,#2104,#2105);
#1947=AXIS2_PLACEMENT_3D('',#2622,#2107,#2108);
#1948=AXIS2_PLACEMENT_3D('',#2624,#2109,#2110);
#1949=AXIS2_PLACEMENT_3D('',#2636,#2116,#2117);
#1950=AXIS2_PLACEMENT_3D('',#2638,#2118,#2119);
#1951=AXIS2_PLACEMENT_3D('',#2642,#2121,#2122);
#1952=AXIS2_PLACEMENT_3D('',#2644,#2123,#2124);
#1953=AXIS2_PLACEMENT_3D('',#2654,#2130,#2131);
#1954=AXIS2_PLACEMENT_3D('',#2675,#2144,#2145);
#1955=AXIS2_PLACEMENT_3D('',#2715,#2169,#2170);
#1956=AXIS2_PLACEMENT_3D('',#2724,#2175,#2176);
#1957=AXIS2_PLACEMENT_3D('',#2733,#2181,#2182);
#1958=AXIS2_PLACEMENT_3D('',#2775,#2203,#2204);
#1959=AXIS2_PLACEMENT_3D('',#2777,#2205,#2206);
#1960=AXIS2_PLACEMENT_3D('',#2779,#2207,#2208);
#1961=AXIS2_PLACEMENT_3D('',#2781,#2209,#2210);
#1962=AXIS2_PLACEMENT_3D('',#2783,#2211,#2212);
#1963=AXIS2_PLACEMENT_3D('',#2785,#2213,#2214);
#1964=AXIS2_PLACEMENT_3D('',#2787,#2215,#2216);
#1965=AXIS2_PLACEMENT_3D('',#2789,#2217,#2218);
#1966=AXIS2_PLACEMENT_3D('',#2791,#2219,#2220);
#1967=AXIS2_PLACEMENT_3D('',#2793,#2221,#2222);
#1968=AXIS2_PLACEMENT_3D('',#2795,#2223,#2224);
#1969=AXIS2_PLACEMENT_3D('',#2797,#2225,#2226);
#1970=AXIS2_PLACEMENT_3D('',#2798,#2227,#2228);
#1971=AXIS2_PLACEMENT_3D('',#2827,#2245,#2246);
#1972=AXIS2_PLACEMENT_3D('',#2856,#2263,#2264);
#1973=AXIS2_PLACEMENT_3D('',#2870,#2272,#2273);
#1974=AXIS2_PLACEMENT_3D('',#2885,#2282,#2283);
#1975=AXIS2_PLACEMENT_3D('',#2903,#2293,#2294);
#1976=AXIS2_PLACEMENT_3D('',#2906,#2297,#2298);
#1977=AXIS2_PLACEMENT_3D('',#2923,#2309,#2310);
#1978=AXIS2_PLACEMENT_3D('',#2926,#2313,#2314);
#1979=AXIS2_PLACEMENT_3D('',#2929,#2317,#2318);
#1980=AXIS2_PLACEMENT_3D('',#2932,#2321,#2322);
#1981=AXIS2_PLACEMENT_3D('',#2933,#2323,#2324);
#1982=AXIS2_PLACEMENT_3D('',#2934,#2325,#2326);
#1983=AXIS2_PLACEMENT_3D('',#2935,#2327,#2328);
#1984=AXIS2_PLACEMENT_3D('',#2938,#2331,#2332);
#1985=AXIS2_PLACEMENT_3D('',#2941,#2335,#2336);
#1986=AXIS2_PLACEMENT_3D('',#2944,#2339,#2340);
#1987=AXIS2_PLACEMENT_3D('',#2945,#2341,#2342);
#1988=AXIS2_PLACEMENT_3D('',#2946,#2343,#2344);
#1989=AXIS2_PLACEMENT_3D('',#2947,#2345,#2346);
#1990=AXIS2_PLACEMENT_3D('',#2954,#2350,#2351);
#1991=AXIS2_PLACEMENT_3D('',#2956,#2352,#2353);
#1992=AXIS2_PLACEMENT_3D('',#2957,#2354,#2355);
#1993=AXIS2_PLACEMENT_3D('',#2964,#2359,#2360);
#1994=AXIS2_PLACEMENT_3D('',#2966,#2361,#2362);
#1995=AXIS2_PLACEMENT_3D('',#2967,#2363,#2364);
#1996=AXIS2_PLACEMENT_3D('',#2971,#2367,#2368);
#1997=AXIS2_PLACEMENT_3D('',#2973,#2369,#2370);
#1998=AXIS2_PLACEMENT_3D('',#2974,#2371,#2372);
#1999=AXIS2_PLACEMENT_3D('',#2976,#2374,#2375);
#2000=AXIS2_PLACEMENT_3D('',#2978,#2377,#2378);
#2001=AXIS2_PLACEMENT_3D('',#2982,#2381,#2382);
#2002=AXIS2_PLACEMENT_3D('',#2986,#2385,#2386);
#2003=AXIS2_PLACEMENT_3D('',#2989,#2388,#2389);
#2004=AXIS2_PLACEMENT_3D('',#2990,#2390,#2391);
#2005=AXIS2_PLACEMENT_3D('',#2994,#2394,#2395);
#2006=AXIS2_PLACEMENT_3D('',#2998,#2398,#2399);
#2007=AXIS2_PLACEMENT_3D('',#3001,#2401,#2402);
#2008=AXIS2_PLACEMENT_3D('',#3002,#2403,#2404);
#2009=AXIS2_PLACEMENT_3D('',#3004,#2406,#2407);
#2010=AXIS2_PLACEMENT_3D('',#3005,#2408,#2409);
#2011=AXIS2_PLACEMENT_3D('',#3008,#2411,#2412);
#2012=AXIS2_PLACEMENT_3D('',#3010,#2413,#2414);
#2013=AXIS2_PLACEMENT_3D('',#3011,#2415,#2416);
#2014=AXIS2_PLACEMENT_3D('',#3012,#2417,#2418);
#2015=AXIS2_PLACEMENT_3D('',#3014,#2420,#2421);
#2016=AXIS2_PLACEMENT_3D('',#3016,#2423,#2424);
#2017=AXIS2_PLACEMENT_3D('',#3017,#2425,#2426);
#2018=AXIS2_PLACEMENT_3D('',#3019,#2427,#2428);
#2019=AXIS2_PLACEMENT_3D('',#3021,#2430,#2431);
#2020=AXIS2_PLACEMENT_3D('',#3022,#2432,#2433);
#2021=AXIS2_PLACEMENT_3D('',#3024,#2435,#2436);
#2022=AXIS2_PLACEMENT_3D('',#3025,#2437,#2438);
#2023=AXIS2_PLACEMENT_3D('',#3027,#2439,#2440);
#2024=AXIS2_PLACEMENT_3D('',#3029,#2442,#2443);
#2025=AXIS2_PLACEMENT_3D('',#3030,#2444,#2445);
#2026=AXIS2_PLACEMENT_3D('',#3032,#2446,#2447);
#2027=AXIS2_PLACEMENT_3D('',#3034,#2449,#2450);
#2028=AXIS2_PLACEMENT_3D('',#3035,#2451,#2452);
#2029=AXIS2_PLACEMENT_3D('',#3037,#2454,#2455);
#2030=AXIS2_PLACEMENT_3D('',#3038,#2456,#2457);
#2031=AXIS2_PLACEMENT_3D('',#3040,#2458,#2459);
#2032=AXIS2_PLACEMENT_3D('',#3042,#2461,#2462);
#2033=AXIS2_PLACEMENT_3D('',#3043,#2463,#2464);
#2034=AXIS2_PLACEMENT_3D('',#3045,#2466,#2467);
#2035=AXIS2_PLACEMENT_3D('',#3046,#2468,#2469);
#2036=AXIS2_PLACEMENT_3D('',#3047,#2470,#2471);
#2037=AXIS2_PLACEMENT_3D('',#3048,#2472,#2473);
#2038=AXIS2_PLACEMENT_3D('',#3052,#2476,#2477);
#2039=AXIS2_PLACEMENT_3D('',#3056,#2480,#2481);
#2040=AXIS2_PLACEMENT_3D('',#3058,#2483,#2484);
#2041=AXIS2_PLACEMENT_3D('',#3060,#2485,#2486);
#2042=AXIS2_PLACEMENT_3D('',#3061,#2487,#2488);
#2043=AXIS2_PLACEMENT_3D('',#3067,#2492,#2493);
#2044=AXIS2_PLACEMENT_3D('',#3069,#2495,#2496);
#2045=AXIS2_PLACEMENT_3D('',#3071,#2498,#2499);
#2046=AXIS2_PLACEMENT_3D('',#3073,#2500,#2501);
#2047=AXIS2_PLACEMENT_3D('',#3074,#2502,#2503);
#2048=AXIS2_PLACEMENT_3D('',#3075,#2504,#2505);
#2049=AXIS2_PLACEMENT_3D('',#3077,#2507,#2508);
#2050=AXIS2_PLACEMENT_3D('',#3078,#2509,#2510);
#2051=AXIS2_PLACEMENT_3D('',#3080,#2512,#2513);
#2052=AXIS2_PLACEMENT_3D('',#3082,#2515,#2516);
#2053=AXIS2_PLACEMENT_3D('',#3084,#2518,#2519);
#2054=AXIS2_PLACEMENT_3D('',#3086,#2521,#2522);
#2055=AXIS2_PLACEMENT_3D('',#3087,#2523,#2524);
#2056=AXIS2_PLACEMENT_3D('',#3088,#2525,#2526);
#2057=AXIS2_PLACEMENT_3D('',#3089,#2527,#2528);
#2058=AXIS2_PLACEMENT_3D('',#3090,#2529,#2530);
#2059=AXIS2_PLACEMENT_3D('',#3091,#2531,#2532);
#2060=AXIS2_PLACEMENT_3D('',#3092,#2533,#2534);
#2061=AXIS2_PLACEMENT_3D('',#3093,#2535,#2536);
#2062=AXIS2_PLACEMENT_3D('',#3094,#2537,#2538);
#2063=AXIS2_PLACEMENT_3D('',#3096,#2540,#2541);
#2064=AXIS2_PLACEMENT_3D('',#3098,#2543,#2544);
#2065=AXIS2_PLACEMENT_3D('',#3100,#2546,#2547);
#2066=AXIS2_PLACEMENT_3D('',#3102,#2549,#2550);
#2067=AXIS2_PLACEMENT_3D('',#3106,#2553,#2554);
#2068=AXIS2_PLACEMENT_3D('',#3110,#2557,#2558);
#2069=AXIS2_PLACEMENT_3D('',#3112,#2560,#2561);
#2070=AXIS2_PLACEMENT_3D('',#3113,#2562,#2563);
#2071=AXIS2_PLACEMENT_3D('',#3116,#2566,#2567);
#2072=AXIS2_PLACEMENT_3D('',#3117,#2568,#2569);
#2073=AXIS2_PLACEMENT_3D('',#3118,#2570,#2571);
#2074=DIRECTION('axis',(0.,0.,1.));
#2075=DIRECTION('refdir',(1.,0.,0.));
#2076=DIRECTION('center_axis',(0.,0.,-1.));
#2077=DIRECTION('ref_axis',(-1.,0.,0.));
#2078=DIRECTION('',(-1.,0.,0.));
#2079=DIRECTION('',(0.,1.,0.));
#2080=DIRECTION('',(-1.,0.,0.));
#2081=DIRECTION('',(5.2245789394125E-16,1.,0.));
#2082=DIRECTION('',(1.,0.,0.));
#2083=DIRECTION('',(0.,1.,0.));
#2084=DIRECTION('center_axis',(0.,0.,1.));
#2085=DIRECTION('ref_axis',(1.,0.,0.));
#2086=DIRECTION('',(0.,1.,0.));
#2087=DIRECTION('center_axis',(0.,0.,1.));
#2088=DIRECTION('ref_axis',(1.,0.,0.));
#2089=DIRECTION('',(0.,1.,0.));
#2090=DIRECTION('',(1.,0.,0.));
#2091=DIRECTION('',(0.,-1.,0.));
#2092=DIRECTION('',(-1.,0.,0.));
#2093=DIRECTION('',(0.,1.,0.));
#2094=DIRECTION('center_axis',(0.,0.,1.));
#2095=DIRECTION('ref_axis',(1.,0.,0.));
#2096=DIRECTION('',(0.,1.,0.));
#2097=DIRECTION('center_axis',(0.,0.,1.));
#2098=DIRECTION('ref_axis',(1.,0.,0.));
#2099=DIRECTION('',(0.,1.,0.));
#2100=DIRECTION('',(1.,0.,0.));
#2101=DIRECTION('',(0.,-1.,0.));
#2102=DIRECTION('center_axis',(0.,0.,1.));
#2103=DIRECTION('ref_axis',(1.,0.,0.));
#2104=DIRECTION('center_axis',(0.,0.,1.));
#2105=DIRECTION('ref_axis',(1.,0.,0.));
#2106=DIRECTION('',(-1.99604038199099E-16,-1.,0.));
#2107=DIRECTION('center_axis',(0.,0.,1.));
#2108=DIRECTION('ref_axis',(1.,0.,0.));
#2109=DIRECTION('center_axis',(0.,0.,1.));
#2110=DIRECTION('ref_axis',(1.,0.,0.));
#2111=DIRECTION('',(0.,-1.,0.));
#2112=DIRECTION('',(-1.,0.,0.));
#2113=DIRECTION('',(0.,1.,0.));
#2114=DIRECTION('',(1.,0.,0.));
#2115=DIRECTION('',(-2.6077723187308E-16,-1.,0.));
#2116=DIRECTION('center_axis',(0.,0.,1.));
#2117=DIRECTION('ref_axis',(1.,0.,0.));
#2118=DIRECTION('center_axis',(0.,0.,1.));
#2119=DIRECTION('ref_axis',(1.,0.,0.));
#2120=DIRECTION('',(-2.10983697153733E-16,-1.,0.));
#2121=DIRECTION('center_axis',(0.,0.,1.));
#2122=DIRECTION('ref_axis',(1.,0.,0.));
#2123=DIRECTION('center_axis',(0.,0.,1.));
#2124=DIRECTION('ref_axis',(1.,0.,0.));
#2125=DIRECTION('',(0.,-1.,0.));
#2126=DIRECTION('',(1.,0.,0.));
#2127=DIRECTION('',(0.,-1.,0.));
#2128=DIRECTION('',(1.,0.,0.));
#2129=DIRECTION('',(0.,-1.,0.));
#2130=DIRECTION('center_axis',(1.,-1.12739566604961E-16,0.));
#2131=DIRECTION('ref_axis',(0.,0.,-1.));
#2132=DIRECTION('',(1.11426040025464E-16,1.,0.));
#2133=DIRECTION('',(0.,0.,-1.));
#2134=DIRECTION('',(0.,0.,-1.));
#2135=DIRECTION('',(8.7076315656875E-17,1.,0.));
#2136=DIRECTION('',(0.,0.,-1.));
#2137=DIRECTION('',(0.,0.,-1.));
#2138=DIRECTION('',(0.,1.,0.));
#2139=DIRECTION('',(0.,0.,-1.));
#2140=DIRECTION('',(0.,0.,-1.));
#2141=DIRECTION('',(0.,1.,0.));
#2142=DIRECTION('',(0.,0.,-1.));
#2143=DIRECTION('',(0.,0.,1.));
#2144=DIRECTION('center_axis',(-1.,1.12739566604961E-16,0.));
#2145=DIRECTION('ref_axis',(0.,0.,1.));
#2146=DIRECTION('',(0.,0.,1.));
#2147=DIRECTION('',(1.52176545725897E-16,1.,0.));
#2148=DIRECTION('',(0.,0.,1.));
#2149=DIRECTION('',(0.,-1.,0.));
#2150=DIRECTION('',(0.,0.,1.));
#2151=DIRECTION('',(0.,0.,-1.));
#2152=DIRECTION('',(0.,1.,0.));
#2153=DIRECTION('',(0.,0.,-1.));
#2154=DIRECTION('',(0.,0.,-1.));
#2155=DIRECTION('',(0.,1.,0.));
#2156=DIRECTION('',(0.,0.,-1.));
#2157=DIRECTION('',(0.,0.,1.));
#2158=DIRECTION('',(1.21776529182418E-15,1.,0.));
#2159=DIRECTION('',(0.,0.,-1.));
#2160=DIRECTION('',(0.,0.,-1.));
#2161=DIRECTION('',(0.,1.,0.));
#2162=DIRECTION('',(0.,0.,-1.));
#2163=DIRECTION('',(0.,0.,-1.));
#2164=DIRECTION('',(0.,1.,0.));
#2165=DIRECTION('',(0.,0.,-1.));
#2166=DIRECTION('',(0.,0.,1.));
#2167=DIRECTION('',(-3.483052626275E-16,-1.,0.));
#2168=DIRECTION('',(0.,0.,-1.));
#2169=DIRECTION('center_axis',(0.,0.,-1.));
#2170=DIRECTION('ref_axis',(-1.,0.,0.));
#2171=DIRECTION('',(-1.,0.,0.));
#2172=DIRECTION('',(0.,-1.,0.));
#2173=DIRECTION('',(-1.,0.,0.));
#2174=DIRECTION('',(0.,-1.,0.));
#2175=DIRECTION('center_axis',(0.,0.,-1.));
#2176=DIRECTION('ref_axis',(-1.,0.,0.));
#2177=DIRECTION('',(-1.,0.,0.));
#2178=DIRECTION('',(0.,1.,0.));
#2179=DIRECTION('',(1.,0.,0.));
#2180=DIRECTION('',(0.,-1.,0.));
#2181=DIRECTION('center_axis',(0.,0.,-1.));
#2182=DIRECTION('ref_axis',(-1.,0.,0.));
#2183=DIRECTION('',(0.,-1.,0.));
#2184=DIRECTION('',(-1.,0.,0.));
#2185=DIRECTION('',(0.,-1.,0.));
#2186=DIRECTION('',(1.,0.,0.));
#2187=DIRECTION('',(0.,1.,0.));
#2188=DIRECTION('',(-1.,0.,0.));
#2189=DIRECTION('',(-1.15168363550327E-16,-1.,0.));
#2190=DIRECTION('',(-1.,0.,0.));
#2191=DIRECTION('',(-3.70074341541719E-16,-1.,0.));
#2192=DIRECTION('',(-1.,0.,0.));
#2193=DIRECTION('',(0.,-1.,0.));
#2194=DIRECTION('',(1.,0.,0.));
#2195=DIRECTION('',(0.,-1.,0.));
#2196=DIRECTION('',(-1.,0.,0.));
#2197=DIRECTION('',(0.,1.,0.));
#2198=DIRECTION('',(-1.,0.,0.));
#2199=DIRECTION('',(-9.21346908402619E-17,-1.,0.));
#2200=DIRECTION('',(-1.,-9.73703780585406E-16,0.));
#2201=DIRECTION('',(0.,-1.,0.));
#2202=DIRECTION('',(1.,-4.86851890292703E-16,0.));
#2203=DIRECTION('center_axis',(0.,0.,-1.));
#2204=DIRECTION('ref_axis',(-1.,0.,0.));
#2205=DIRECTION('center_axis',(0.,0.,-1.));
#2206=DIRECTION('ref_axis',(-1.,0.,0.));
#2207=DIRECTION('center_axis',(0.,0.,-1.));
#2208=DIRECTION('ref_axis',(-1.,0.,0.));
#2209=DIRECTION('center_axis',(0.,0.,-1.));
#2210=DIRECTION('ref_axis',(-1.,0.,0.));
#2211=DIRECTION('center_axis',(0.,0.,-1.));
#2212=DIRECTION('ref_axis',(-1.,0.,0.));
#2213=DIRECTION('center_axis',(0.,0.,-1.));
#2214=DIRECTION('ref_axis',(-1.,0.,0.));
#2215=DIRECTION('center_axis',(0.,0.,-1.));
#2216=DIRECTION('ref_axis',(-1.,0.,0.));
#2217=DIRECTION('center_axis',(0.,0.,-1.));
#2218=DIRECTION('ref_axis',(-1.,0.,0.));
#2219=DIRECTION('center_axis',(0.,0.,-1.));
#2220=DIRECTION('ref_axis',(-1.,0.,0.));
#2221=DIRECTION('center_axis',(0.,0.,-1.));
#2222=DIRECTION('ref_axis',(-1.,0.,0.));
#2223=DIRECTION('center_axis',(0.,0.,-1.));
#2224=DIRECTION('ref_axis',(-1.,0.,0.));
#2225=DIRECTION('center_axis',(0.,0.,-1.));
#2226=DIRECTION('ref_axis',(-1.,0.,0.));
#2227=DIRECTION('center_axis',(1.,-1.12739566604961E-16,0.));
#2228=DIRECTION('ref_axis',(0.,0.,-1.));
#2229=DIRECTION('',(0.,0.,-1.));
#2230=DIRECTION('',(0.,0.,1.));
#2231=DIRECTION('',(-1.11022302462516E-15,-1.,0.));
#2232=DIRECTION('',(0.,0.,-1.));
#2233=DIRECTION('',(0.,0.,-1.));
#2234=DIRECTION('',(0.,-1.,0.));
#2235=DIRECTION('',(0.,0.,-1.));
#2236=DIRECTION('',(0.,0.,-1.));
#2237=DIRECTION('',(0.,1.,0.));
#2238=DIRECTION('',(0.,0.,-1.));
#2239=DIRECTION('',(0.,1.,0.));
#2240=DIRECTION('',(0.,0.,-1.));
#2241=DIRECTION('',(-1.20024110770287E-16,-1.,0.));
#2242=DIRECTION('',(0.,0.,-1.));
#2243=DIRECTION('',(3.483052626275E-16,1.,0.));
#2244=DIRECTION('',(0.,0.,1.));
#2245=DIRECTION('center_axis',(1.,-1.12739566604961E-16,0.));
#2246=DIRECTION('ref_axis',(0.,0.,-1.));
#2247=DIRECTION('',(0.,0.,-1.));
#2248=DIRECTION('',(0.,0.,-1.));
#2249=DIRECTION('',(8.7076315656875E-17,1.,0.));
#2250=DIRECTION('',(0.,0.,-1.));
#2251=DIRECTION('',(-9.00180830777154E-17,-1.,0.));
#2252=DIRECTION('',(0.,0.,-1.));
#2253=DIRECTION('',(1.41429684665625E-16,1.,0.));
#2254=DIRECTION('',(0.,0.,-1.));
#2255=DIRECTION('',(1.50030138462859E-16,1.,0.));
#2256=DIRECTION('',(0.,0.,-1.));
#2257=DIRECTION('',(0.,0.,-1.));
#2258=DIRECTION('',(-1.8503717077086E-16,-1.,0.));
#2259=DIRECTION('',(0.,0.,-1.));
#2260=DIRECTION('',(0.,0.,-1.));
#2261=DIRECTION('',(0.,1.,0.));
#2262=DIRECTION('',(0.,0.,1.));
#2263=DIRECTION('center_axis',(0.,0.,1.));
#2264=DIRECTION('ref_axis',(1.,0.,0.));
#2265=DIRECTION('',(9.51103410786855E-17,1.,0.));
#2266=DIRECTION('',(1.,0.,0.));
#2267=DIRECTION('',(1.,0.,0.));
#2268=DIRECTION('',(0.,1.,0.));
#2269=DIRECTION('',(-1.,0.,0.));
#2270=DIRECTION('',(8.95341148891255E-17,1.,0.));
#2271=DIRECTION('',(1.,0.,0.));
#2272=DIRECTION('center_axis',(-1.,1.12739566604961E-16,0.));
#2273=DIRECTION('ref_axis',(0.,0.,1.));
#2274=DIRECTION('',(0.,0.,1.));
#2275=DIRECTION('',(0.,0.,1.));
#2276=DIRECTION('',(-1.41429684665625E-16,-1.,0.));
#2277=DIRECTION('',(0.,0.,1.));
#2278=DIRECTION('',(9.00180830777154E-17,1.,0.));
#2279=DIRECTION('',(0.,0.,1.));
#2280=DIRECTION('',(-8.7076315656875E-17,-1.,0.));
#2281=DIRECTION('',(0.,0.,1.));
#2282=DIRECTION('center_axis',(1.,-1.12739566604961E-16,0.));
#2283=DIRECTION('ref_axis',(0.,0.,-1.));
#2284=DIRECTION('',(1.52176545725897E-16,1.,0.));
#2285=DIRECTION('',(0.,0.,-1.));
#2286=DIRECTION('',(0.,0.,1.));
#2287=DIRECTION('',(3.483052626275E-16,1.,0.));
#2288=DIRECTION('',(0.,0.,-1.));
#2289=DIRECTION('',(-1.20024110770287E-16,-1.,0.));
#2290=DIRECTION('',(0.,0.,-1.));
#2291=DIRECTION('',(0.,1.,0.));
#2292=DIRECTION('',(0.,0.,-1.));
#2293=DIRECTION('center_axis',(0.,0.,1.));
#2294=DIRECTION('ref_axis',(1.,0.,0.));
#2295=DIRECTION('',(1.,0.,0.));
#2296=DIRECTION('',(1.,0.,0.));
#2297=DIRECTION('center_axis',(1.,-1.12739566604961E-16,0.));
#2298=DIRECTION('ref_axis',(0.,0.,-1.));
#2299=DIRECTION('',(0.,0.,-1.));
#2300=DIRECTION('',(0.,0.,-1.));
#2301=DIRECTION('',(0.,1.,0.));
#2302=DIRECTION('',(0.,0.,-1.));
#2303=DIRECTION('',(0.,0.,-1.));
#2304=DIRECTION('',(0.,1.,0.));
#2305=DIRECTION('',(0.,0.,-1.));
#2306=DIRECTION('',(0.,0.,-1.));
#2307=DIRECTION('',(1.41429684665625E-16,1.,0.));
#2308=DIRECTION('',(0.,0.,-1.));
#2309=DIRECTION('center_axis',(0.,0.,1.));
#2310=DIRECTION('ref_axis',(1.,0.,0.));
#2311=DIRECTION('',(-1.,0.,0.));
#2312=DIRECTION('',(1.,0.,0.));
#2313=DIRECTION('center_axis',(0.,0.,1.));
#2314=DIRECTION('ref_axis',(1.,0.,0.));
#2315=DIRECTION('',(1.,0.,0.));
#2316=DIRECTION('',(1.,0.,0.));
#2317=DIRECTION('center_axis',(0.,0.,-1.));
#2318=DIRECTION('ref_axis',(-1.,0.,0.));
#2319=DIRECTION('',(1.,0.,0.));
#2320=DIRECTION('',(1.,0.,0.));
#2321=DIRECTION('center_axis',(0.,-1.,0.));
#2322=DIRECTION('ref_axis',(0.,0.,-1.));
#2323=DIRECTION('center_axis',(0.,1.,0.));
#2324=DIRECTION('ref_axis',(0.,0.,1.));
#2325=DIRECTION('center_axis',(0.,1.,0.));
#2326=DIRECTION('ref_axis',(0.,0.,1.));
#2327=DIRECTION('center_axis',(0.,0.,1.));
#2328=DIRECTION('ref_axis',(1.,0.,0.));
#2329=DIRECTION('',(1.,0.,0.));
#2330=DIRECTION('',(1.,0.,0.));
#2331=DIRECTION('center_axis',(0.,0.,1.));
#2332=DIRECTION('ref_axis',(1.,0.,0.));
#2333=DIRECTION('',(1.,0.,0.));
#2334=DIRECTION('',(1.,0.,0.));
#2335=DIRECTION('center_axis',(0.,0.,-1.));
#2336=DIRECTION('ref_axis',(-1.,0.,0.));
#2337=DIRECTION('',(1.,0.,0.));
#2338=DIRECTION('',(1.,0.,0.));
#2339=DIRECTION('center_axis',(0.,1.,0.));
#2340=DIRECTION('ref_axis',(0.,0.,1.));
#2341=DIRECTION('center_axis',(0.,1.,0.));
#2342=DIRECTION('ref_axis',(0.,0.,1.));
#2343=DIRECTION('center_axis',(0.,1.,0.));
#2344=DIRECTION('ref_axis',(0.,0.,1.));
#2345=DIRECTION('center_axis',(0.,0.,1.));
#2346=DIRECTION('ref_axis',(1.,0.,0.));
#2347=DIRECTION('',(1.,0.,0.));
#2348=DIRECTION('',(0.,-1.,0.));
#2349=DIRECTION('',(1.,0.,0.));
#2350=DIRECTION('center_axis',(0.,0.,1.));
#2351=DIRECTION('ref_axis',(1.,0.,0.));
#2352=DIRECTION('center_axis',(0.,0.,1.));
#2353=DIRECTION('ref_axis',(1.,0.,0.));
#2354=DIRECTION('center_axis',(0.,0.,1.));
#2355=DIRECTION('ref_axis',(1.,0.,0.));
#2356=DIRECTION('',(1.,0.,0.));
#2357=DIRECTION('',(5.2245789394125E-16,1.,0.));
#2358=DIRECTION('',(-1.,0.,0.));
#2359=DIRECTION('center_axis',(0.,0.,1.));
#2360=DIRECTION('ref_axis',(1.,0.,0.));
#2361=DIRECTION('center_axis',(0.,0.,1.));
#2362=DIRECTION('ref_axis',(1.,0.,0.));
#2363=DIRECTION('center_axis',(0.,0.,1.));
#2364=DIRECTION('ref_axis',(1.,0.,0.));
#2365=DIRECTION('',(1.,0.,0.));
#2366=DIRECTION('',(1.,0.,0.));
#2367=DIRECTION('center_axis',(0.,0.,1.));
#2368=DIRECTION('ref_axis',(1.,0.,0.));
#2369=DIRECTION('center_axis',(0.,0.,1.));
#2370=DIRECTION('ref_axis',(1.,0.,0.));
#2371=DIRECTION('center_axis',(0.,-1.,0.));
#2372=DIRECTION('ref_axis',(0.,0.,-1.));
#2373=DIRECTION('',(0.,0.,-1.));
#2374=DIRECTION('center_axis',(-1.12739566604961E-16,-1.,0.));
#2375=DIRECTION('ref_axis',(0.,0.,-1.));
#2376=DIRECTION('',(-1.,0.,0.));
#2377=DIRECTION('center_axis',(-1.73472347597681E-16,-1.,0.));
#2378=DIRECTION('ref_axis',(0.,0.,-1.));
#2379=DIRECTION('',(1.,-4.86851890292703E-16,0.));
#2380=DIRECTION('',(0.,0.,1.));
#2381=DIRECTION('center_axis',(-3.46944695195361E-16,1.,0.));
#2382=DIRECTION('ref_axis',(0.,0.,1.));
#2383=DIRECTION('',(-1.,-9.73703780585406E-16,0.));
#2384=DIRECTION('',(0.,0.,1.));
#2385=DIRECTION('center_axis',(0.,0.,-1.));
#2386=DIRECTION('ref_axis',(-1.,0.,0.));
#2387=DIRECTION('',(0.,-1.,0.));
#2388=DIRECTION('center_axis',(0.,0.,1.));
#2389=DIRECTION('ref_axis',(1.,0.,0.));
#2390=DIRECTION('center_axis',(0.,1.,0.));
#2391=DIRECTION('ref_axis',(0.,0.,1.));
#2392=DIRECTION('',(-1.,0.,0.));
#2393=DIRECTION('',(0.,0.,1.));
#2394=DIRECTION('center_axis',(0.,1.,0.));
#2395=DIRECTION('ref_axis',(0.,0.,1.));
#2396=DIRECTION('',(0.,0.,1.));
#2397=DIRECTION('',(-1.,0.,0.));
#2398=DIRECTION('center_axis',(0.,0.,-1.));
#2399=DIRECTION('ref_axis',(-1.,0.,0.));
#2400=DIRECTION('',(0.,1.,0.));
#2401=DIRECTION('center_axis',(0.,0.,1.));
#2402=DIRECTION('ref_axis',(1.,0.,0.));
#2403=DIRECTION('center_axis',(0.,1.,0.));
#2404=DIRECTION('ref_axis',(0.,0.,1.));
#2405=DIRECTION('',(0.,0.,-1.));
#2406=DIRECTION('center_axis',(0.,1.,0.));
#2407=DIRECTION('ref_axis',(0.,0.,1.));
#2408=DIRECTION('center_axis',(0.,0.,1.));
#2409=DIRECTION('ref_axis',(1.,0.,0.));
#2410=DIRECTION('',(1.,0.,0.));
#2411=DIRECTION('center_axis',(0.,0.,1.));
#2412=DIRECTION('ref_axis',(1.,0.,0.));
#2413=DIRECTION('center_axis',(0.,0.,1.));
#2414=DIRECTION('ref_axis',(1.,0.,0.));
#2415=DIRECTION('center_axis',(0.,1.,0.));
#2416=DIRECTION('ref_axis',(0.,0.,1.));
#2417=DIRECTION('center_axis',(0.,1.,0.));
#2418=DIRECTION('ref_axis',(0.,0.,1.));
#2419=DIRECTION('',(0.,0.,-1.));
#2420=DIRECTION('center_axis',(0.,0.,-1.));
#2421=DIRECTION('ref_axis',(-1.,0.,0.));
#2422=DIRECTION('',(0.,0.,-1.));
#2423=DIRECTION('center_axis',(0.,0.,-1.));
#2424=DIRECTION('ref_axis',(-1.,0.,0.));
#2425=DIRECTION('center_axis',(0.,0.,-1.));
#2426=DIRECTION('ref_axis',(-1.,0.,0.));
#2427=DIRECTION('center_axis',(-1.21675542340256E-16,1.37176479098641E-32,
-1.));
#2428=DIRECTION('ref_axis',(-1.,0.,1.21675542340256E-16));
#2429=DIRECTION('',(0.,0.,-1.));
#2430=DIRECTION('center_axis',(-1.21675542340256E-16,1.37176479098641E-32,
-1.));
#2431=DIRECTION('ref_axis',(-1.,0.,1.21675542340256E-16));
#2432=DIRECTION('center_axis',(0.,0.,-1.));
#2433=DIRECTION('ref_axis',(-1.,0.,0.));
#2434=DIRECTION('',(0.,0.,-1.));
#2435=DIRECTION('center_axis',(0.,0.,-1.));
#2436=DIRECTION('ref_axis',(-1.,0.,0.));
#2437=DIRECTION('center_axis',(0.,0.,-1.));
#2438=DIRECTION('ref_axis',(-1.,0.,0.));
#2439=DIRECTION('center_axis',(-1.21675542340256E-16,1.37176479098641E-32,
-1.));
#2440=DIRECTION('ref_axis',(-1.,0.,1.21675542340256E-16));
#2441=DIRECTION('',(0.,0.,-1.));
#2442=DIRECTION('center_axis',(-1.21675542340256E-16,1.37176479098641E-32,
-1.));
#2443=DIRECTION('ref_axis',(-1.,0.,1.21675542340256E-16));
#2444=DIRECTION('center_axis',(0.,0.,-1.));
#2445=DIRECTION('ref_axis',(-1.,0.,0.));
#2446=DIRECTION('center_axis',(-1.21675542340256E-16,1.37176479098641E-32,
-1.));
#2447=DIRECTION('ref_axis',(-1.,0.,1.21675542340256E-16));
#2448=DIRECTION('',(0.,0.,-1.));
#2449=DIRECTION('center_axis',(-1.21675542340256E-16,1.37176479098641E-32,
-1.));
#2450=DIRECTION('ref_axis',(-1.,0.,1.21675542340256E-16));
#2451=DIRECTION('center_axis',(0.,0.,-1.));
#2452=DIRECTION('ref_axis',(-1.,0.,0.));
#2453=DIRECTION('',(0.,0.,-1.));
#2454=DIRECTION('center_axis',(0.,0.,-1.));
#2455=DIRECTION('ref_axis',(-1.,0.,0.));
#2456=DIRECTION('center_axis',(0.,0.,-1.));
#2457=DIRECTION('ref_axis',(-1.,0.,0.));
#2458=DIRECTION('center_axis',(-1.21675542340256E-16,1.37176479098641E-32,
-1.));
#2459=DIRECTION('ref_axis',(-1.,0.,1.21675542340256E-16));
#2460=DIRECTION('',(0.,0.,-1.));
#2461=DIRECTION('center_axis',(-1.21675542340256E-16,1.37176479098641E-32,
-1.));
#2462=DIRECTION('ref_axis',(-1.,0.,1.21675542340256E-16));
#2463=DIRECTION('center_axis',(0.,0.,-1.));
#2464=DIRECTION('ref_axis',(-1.,0.,0.));
#2465=DIRECTION('',(0.,0.,-1.));
#2466=DIRECTION('center_axis',(0.,0.,-1.));
#2467=DIRECTION('ref_axis',(-1.,0.,0.));
#2468=DIRECTION('center_axis',(-1.,0.,0.));
#2469=DIRECTION('ref_axis',(0.,0.,1.));
#2470=DIRECTION('center_axis',(1.,0.,0.));
#2471=DIRECTION('ref_axis',(0.,0.,-1.));
#2472=DIRECTION('center_axis',(0.,1.,0.));
#2473=DIRECTION('ref_axis',(0.,0.,1.));
#2474=DIRECTION('',(0.,0.,1.));
#2475=DIRECTION('',(-1.,0.,0.));
#2476=DIRECTION('center_axis',(-1.,1.33440267382831E-16,0.));
#2477=DIRECTION('ref_axis',(0.,0.,1.));
#2478=DIRECTION('',(0.,0.,1.));
#2479=DIRECTION('',(-3.70074341541719E-16,-1.,0.));
#2480=DIRECTION('center_axis',(0.,1.,0.));
#2481=DIRECTION('ref_axis',(0.,0.,1.));
#2482=DIRECTION('',(-1.,0.,0.));
#2483=DIRECTION('center_axis',(0.,0.,-1.));
#2484=DIRECTION('ref_axis',(-1.,0.,0.));
#2485=DIRECTION('center_axis',(0.,0.,1.));
#2486=DIRECTION('ref_axis',(1.,0.,0.));
#2487=DIRECTION('center_axis',(1.,0.,0.));
#2488=DIRECTION('ref_axis',(0.,0.,-1.));
#2489=DIRECTION('',(0.,0.,1.));
#2490=DIRECTION('',(0.,1.,0.));
#2491=DIRECTION('',(0.,0.,1.));
#2492=DIRECTION('center_axis',(-1.73472347597681E-16,-1.,0.));
#2493=DIRECTION('ref_axis',(0.,0.,-1.));
#2494=DIRECTION('',(1.,0.,0.));
#2495=DIRECTION('center_axis',(0.,1.,0.));
#2496=DIRECTION('ref_axis',(0.,0.,1.));
#2497=DIRECTION('',(-1.,0.,0.));
#2498=DIRECTION('center_axis',(0.,0.,1.));
#2499=DIRECTION('ref_axis',(1.,0.,0.));
#2500=DIRECTION('center_axis',(0.,0.,1.));
#2501=DIRECTION('ref_axis',(1.,0.,0.));
#2502=DIRECTION('center_axis',(-1.,5.2968655755017E-16,0.));
#2503=DIRECTION('ref_axis',(0.,0.,1.));
#2504=DIRECTION('center_axis',(1.,0.,0.));
#2505=DIRECTION('ref_axis',(0.,0.,-1.));
#2506=DIRECTION('',(0.,0.,-1.));
#2507=DIRECTION('center_axis',(0.,1.,0.));
#2508=DIRECTION('ref_axis',(0.,0.,1.));
#2509=DIRECTION('center_axis',(0.,0.,1.));
#2510=DIRECTION('ref_axis',(1.,0.,0.));
#2511=DIRECTION('',(0.,0.,1.));
#2512=DIRECTION('center_axis',(0.,0.,1.));
#2513=DIRECTION('ref_axis',(1.,0.,0.));
#2514=DIRECTION('',(0.,0.,1.));
#2515=DIRECTION('center_axis',(0.,0.,1.));
#2516=DIRECTION('ref_axis',(1.,0.,0.));
#2517=DIRECTION('',(0.,0.,1.));
#2518=DIRECTION('center_axis',(0.,0.,1.));
#2519=DIRECTION('ref_axis',(1.,0.,0.));
#2520=DIRECTION('',(0.,0.,1.));
#2521=DIRECTION('center_axis',(0.,0.,-1.));
#2522=DIRECTION('ref_axis',(-1.,0.,0.));
#2523=DIRECTION('center_axis',(0.,0.,-1.));
#2524=DIRECTION('ref_axis',(-1.,0.,0.));
#2525=DIRECTION('center_axis',(0.,0.,-1.));
#2526=DIRECTION('ref_axis',(-1.,0.,0.));
#2527=DIRECTION('center_axis',(0.,0.,-1.));
#2528=DIRECTION('ref_axis',(-1.,0.,0.));
#2529=DIRECTION('center_axis',(-1.21675542340256E-16,1.37176479098641E-32,
-1.));
#2530=DIRECTION('ref_axis',(-1.,0.,1.21675542340256E-16));
#2531=DIRECTION('center_axis',(-1.21675542340256E-16,1.37176479098641E-32,
-1.));
#2532=DIRECTION('ref_axis',(-1.,0.,1.21675542340256E-16));
#2533=DIRECTION('center_axis',(-1.21675542340256E-16,1.37176479098641E-32,
-1.));
#2534=DIRECTION('ref_axis',(-1.,0.,1.21675542340256E-16));
#2535=DIRECTION('center_axis',(-1.21675542340256E-16,1.37176479098641E-32,
-1.));
#2536=DIRECTION('ref_axis',(-1.,0.,1.21675542340256E-16));
#2537=DIRECTION('center_axis',(0.,0.,1.));
#2538=DIRECTION('ref_axis',(1.,0.,0.));
#2539=DIRECTION('',(0.,0.,1.));
#2540=DIRECTION('center_axis',(0.,0.,1.));
#2541=DIRECTION('ref_axis',(1.,0.,0.));
#2542=DIRECTION('',(0.,0.,1.));
#2543=DIRECTION('center_axis',(0.,0.,1.));
#2544=DIRECTION('ref_axis',(1.,0.,0.));
#2545=DIRECTION('',(0.,0.,1.));
#2546=DIRECTION('center_axis',(0.,0.,1.));
#2547=DIRECTION('ref_axis',(1.,0.,0.));
#2548=DIRECTION('',(0.,0.,1.));
#2549=DIRECTION('center_axis',(0.,-1.,0.));
#2550=DIRECTION('ref_axis',(0.,0.,-1.));
#2551=DIRECTION('',(0.,0.,-1.));
#2552=DIRECTION('',(-1.,0.,0.));
#2553=DIRECTION('center_axis',(1.,0.,0.));
#2554=DIRECTION('ref_axis',(0.,0.,-1.));
#2555=DIRECTION('',(0.,-1.,0.));
#2556=DIRECTION('',(0.,0.,-1.));
#2557=DIRECTION('center_axis',(0.,1.,0.));
#2558=DIRECTION('ref_axis',(0.,0.,1.));
#2559=DIRECTION('',(1.,0.,0.));
#2560=DIRECTION('center_axis',(0.,0.,1.));
#2561=DIRECTION('ref_axis',(1.,0.,0.));
#2562=DIRECTION('center_axis',(-1.,0.,0.));
#2563=DIRECTION('ref_axis',(0.,0.,1.));
#2564=DIRECTION('',(0.,0.,-1.));
#2565=DIRECTION('',(0.,0.,-1.));
#2566=DIRECTION('center_axis',(0.,-1.,0.));
#2567=DIRECTION('ref_axis',(0.,0.,-1.));
#2568=DIRECTION('center_axis',(0.,1.,0.));
#2569=DIRECTION('ref_axis',(0.,0.,1.));
#2570=DIRECTION('center_axis',(0.,-1.,0.));
#2571=DIRECTION('ref_axis',(0.,0.,-1.));
#2572=CARTESIAN_POINT('',(0.,0.,0.));
#2573=CARTESIAN_POINT('Origin',(0.,0.,1.));
#2574=CARTESIAN_POINT('',(25.7902427927919,14.434999305351,1.));
#2575=CARTESIAN_POINT('',(6.99476453849535,14.434999305351,1.));
#2576=CARTESIAN_POINT('',(25.7902427927919,14.434999305351,1.));
#2577=CARTESIAN_POINT('',(25.7902427927919,15.2,1.));
#2578=CARTESIAN_POINT('',(25.7902427927919,14.434999305351,1.));
#2579=CARTESIAN_POINT('',(19.475,15.2,1.));
#2580=CARTESIAN_POINT('',(25.7902427927919,15.2,1.));
#2581=CARTESIAN_POINT('',(19.475,27.95,1.));
#2582=CARTESIAN_POINT('',(19.475,15.2,1.));
#2583=CARTESIAN_POINT('',(25.7902427927919,27.95,1.));
#2584=CARTESIAN_POINT('',(19.475,27.95,1.));
#2585=CARTESIAN_POINT('',(25.7902427927919,31.4562568111694,1.));
#2586=CARTESIAN_POINT('',(25.7902427927919,27.95,1.));
#2587=CARTESIAN_POINT('',(25.7902427927919,32.3437431888306,1.));
#2588=CARTESIAN_POINT('Origin',(22.975,31.9,1.));
#2589=CARTESIAN_POINT('',(25.7902427927919,38.6562568111694,1.));
#2590=CARTESIAN_POINT('',(25.7902427927919,32.3437431888306,1.));
#2591=CARTESIAN_POINT('',(25.7902427927919,39.5437431888306,1.));
#2592=CARTESIAN_POINT('Origin',(22.975,39.1,1.));
#2593=CARTESIAN_POINT('',(25.7902427927919,44.2825615709317,1.));
#2594=CARTESIAN_POINT('',(25.7902427927919,39.5437431888306,1.));
#2595=CARTESIAN_POINT('',(24.7060569650657,44.2825615709317,1.));
#2596=CARTESIAN_POINT('',(24.7060569650657,44.2825615709317,1.));
#2597=CARTESIAN_POINT('',(24.7060569650657,47.9293169254453,1.));
#2598=CARTESIAN_POINT('',(24.7060569650657,47.9293169254453,1.));
#2599=CARTESIAN_POINT('',(25.7902427927919,47.9293169254453,1.));
#2600=CARTESIAN_POINT('',(25.7902427927919,47.9293169254453,1.));
#2601=CARTESIAN_POINT('',(25.7902427927919,53.1562568111694,1.));
#2602=CARTESIAN_POINT('',(25.7902427927919,47.9293169254453,1.));
#2603=CARTESIAN_POINT('',(25.7902427927919,54.0437431888306,1.));
#2604=CARTESIAN_POINT('Origin',(22.975,53.6,1.));
#2605=CARTESIAN_POINT('',(25.7902427927919,60.6562568111694,1.));
#2606=CARTESIAN_POINT('',(25.7902427927919,54.0437431888306,1.));
#2607=CARTESIAN_POINT('',(25.7902427927919,61.5437431888306,1.));
#2608=CARTESIAN_POINT('Origin',(22.975,61.1,1.));
#2609=CARTESIAN_POINT('',(25.7902427927919,64.95,1.));
#2610=CARTESIAN_POINT('',(25.7902427927919,61.5437431888306,1.));
#2611=CARTESIAN_POINT('',(6.99476453849535,64.95,1.));
#2612=CARTESIAN_POINT('',(6.99476453849535,64.95,1.));
#2613=CARTESIAN_POINT('',(6.99476453849535,62.0689364638061,1.));
#2614=CARTESIAN_POINT('',(6.99476453849535,64.95,1.));
#2615=CARTESIAN_POINT('',(12.525,61.1,1.));
#2616=CARTESIAN_POINT('Origin',(9.675,61.1,1.));
#2617=CARTESIAN_POINT('',(6.99476453849535,60.131063536194,1.));
#2618=CARTESIAN_POINT('Origin',(9.675,61.1,1.));
#2619=CARTESIAN_POINT('',(6.99476453849535,54.5689364638061,1.));
#2620=CARTESIAN_POINT('',(6.99476453849535,60.131063536194,1.));
#2621=CARTESIAN_POINT('',(12.525,53.6,1.));
#2622=CARTESIAN_POINT('Origin',(9.675,53.6,1.));
#2623=CARTESIAN_POINT('',(6.99476453849535,52.6310635361939,1.));
#2624=CARTESIAN_POINT('Origin',(9.675,53.6,1.));
#2625=CARTESIAN_POINT('',(6.99476453849535,48.,1.));
#2626=CARTESIAN_POINT('',(6.99476453849535,52.6310635361939,1.));
#2627=CARTESIAN_POINT('',(8.11153505985546,48.,1.));
#2628=CARTESIAN_POINT('',(8.11153505985546,48.,1.));
#2629=CARTESIAN_POINT('',(8.11153505985546,44.3262982612712,1.));
#2630=CARTESIAN_POINT('',(8.11153505985546,44.3262982612712,1.));
#2631=CARTESIAN_POINT('',(6.99476453849535,44.3262982612712,1.));
#2632=CARTESIAN_POINT('',(6.99476453849535,44.3262982612712,1.));
#2633=CARTESIAN_POINT('',(6.99476453849535,40.0689364638061,1.));
#2634=CARTESIAN_POINT('',(6.99476453849535,44.3262982612712,1.));
#2635=CARTESIAN_POINT('',(12.525,39.1,1.));
#2636=CARTESIAN_POINT('Origin',(9.675,39.1,1.));
#2637=CARTESIAN_POINT('',(6.99476453849535,38.131063536194,1.));
#2638=CARTESIAN_POINT('Origin',(9.675,39.1,1.));
#2639=CARTESIAN_POINT('',(6.99476453849535,32.868936463806,1.));
#2640=CARTESIAN_POINT('',(6.99476453849535,38.131063536194,1.));
#2641=CARTESIAN_POINT('',(12.525,31.9,1.));
#2642=CARTESIAN_POINT('Origin',(9.675,31.9,1.));
#2643=CARTESIAN_POINT('',(6.99476453849535,30.931063536194,1.));
#2644=CARTESIAN_POINT('Origin',(9.675,31.9,1.));
#2645=CARTESIAN_POINT('',(6.99476453849535,27.95,1.));
#2646=CARTESIAN_POINT('',(6.99476453849535,30.931063536194,1.));
#2647=CARTESIAN_POINT('',(13.225,27.95,1.));
#2648=CARTESIAN_POINT('',(6.99476453849535,27.95,1.));
#2649=CARTESIAN_POINT('',(13.225,15.2,1.));
#2650=CARTESIAN_POINT('',(13.225,27.95,1.));
#2651=CARTESIAN_POINT('',(6.99476453849535,15.2,1.));
#2652=CARTESIAN_POINT('',(6.99476453849535,15.2,1.));
#2653=CARTESIAN_POINT('',(6.99476453849535,15.2,1.));
#2654=CARTESIAN_POINT('Origin',(6.99476453849535,0.,2.00295747592349));
#2655=CARTESIAN_POINT('',(6.99476453849535,14.434999305351,2.00295747592349));
#2656=CARTESIAN_POINT('',(6.99476453849535,44.3262982612712,2.00295747592349));
#2657=CARTESIAN_POINT('',(6.99476453849535,14.434999305351,2.00295747592349));
#2658=CARTESIAN_POINT('',(6.99476453849535,14.434999305351,2.00295747592349));
#2659=CARTESIAN_POINT('',(6.99476453849535,15.2,2.));
#2660=CARTESIAN_POINT('',(6.99476453849535,15.2,2.));
#2661=CARTESIAN_POINT('',(6.99476453849535,27.95,2.));
#2662=CARTESIAN_POINT('',(6.99476453849535,15.2,2.));
#2663=CARTESIAN_POINT('',(6.99476453849535,27.95,2.));
#2664=CARTESIAN_POINT('',(6.99476453849535,30.931063536194,1.71217281489874E-5));
#2665=CARTESIAN_POINT('',(6.99476453849535,30.931063536194,1.));
#2666=CARTESIAN_POINT('',(6.99476453849535,32.868936463806,1.71217281489874E-5));
#2667=CARTESIAN_POINT('',(6.99476453849535,30.931063536194,1.71217281489874E-5));
#2668=CARTESIAN_POINT('',(6.99476453849535,32.868936463806,1.));
#2669=CARTESIAN_POINT('',(6.99476453849535,38.131063536194,1.71217281489874E-5));
#2670=CARTESIAN_POINT('',(6.99476453849535,38.131063536194,1.));
#2671=CARTESIAN_POINT('',(6.99476453849535,40.0689364638061,1.71217281489874E-5));
#2672=CARTESIAN_POINT('',(6.99476453849535,38.131063536194,1.71217281489874E-5));
#2673=CARTESIAN_POINT('',(6.99476453849535,40.0689364638061,1.));
#2674=CARTESIAN_POINT('',(6.99476453849535,44.3262982612712,1.));
#2675=CARTESIAN_POINT('Origin',(25.7902427927919,0.,2.0110903248991));
#2676=CARTESIAN_POINT('',(25.7902427927919,14.434999305351,2.0110903248991));
#2677=CARTESIAN_POINT('',(25.7902427927919,14.434999305351,1.));
#2678=CARTESIAN_POINT('',(25.7902427927919,72.8,2.0110903248991));
#2679=CARTESIAN_POINT('',(25.7902427927919,14.434999305351,2.0110903248991));
#2680=CARTESIAN_POINT('',(25.7902427927919,72.8,2.));
#2681=CARTESIAN_POINT('',(25.7902427927919,72.8,2.));
#2682=CARTESIAN_POINT('',(25.7902427927919,64.95,2.));
#2683=CARTESIAN_POINT('',(25.7902427927919,72.8,2.));
#2684=CARTESIAN_POINT('',(25.7902427927919,64.95,1.));
#2685=CARTESIAN_POINT('',(25.7902427927919,61.5437431888306,0.0081499248991008));
#2686=CARTESIAN_POINT('',(25.7902427927919,61.5437431888306,1.));
#2687=CARTESIAN_POINT('',(25.7902427927919,60.6562568111694,0.0081499248991008));
#2688=CARTESIAN_POINT('',(25.7902427927919,60.6562568111694,0.00814992489910076));
#2689=CARTESIAN_POINT('',(25.7902427927919,60.6562568111694,1.));
#2690=CARTESIAN_POINT('',(25.7902427927919,54.0437431888306,0.0081499248991008));
#2691=CARTESIAN_POINT('',(25.7902427927919,54.0437431888306,1.));
#2692=CARTESIAN_POINT('',(25.7902427927919,53.1562568111694,0.0081499248991008));
#2693=CARTESIAN_POINT('',(25.7902427927919,53.1562568111694,0.00814992489910076));
#2694=CARTESIAN_POINT('',(25.7902427927919,53.1562568111694,1.));
#2695=CARTESIAN_POINT('',(25.7902427927919,47.9293169254453,2.00295747592349));
#2696=CARTESIAN_POINT('',(25.7902427927919,47.9293169254453,1.));
#2697=CARTESIAN_POINT('',(25.7902427927919,44.2825615709317,2.00295747592349));
#2698=CARTESIAN_POINT('',(25.7902427927919,44.2825615709317,2.00295747592349));
#2699=CARTESIAN_POINT('',(25.7902427927919,44.2825615709317,2.00295747592349));
#2700=CARTESIAN_POINT('',(25.7902427927919,39.5437431888306,0.0081499248991008));
#2701=CARTESIAN_POINT('',(25.7902427927919,39.5437431888306,1.));
#2702=CARTESIAN_POINT('',(25.7902427927919,38.6562568111695,0.0081499248991008));
#2703=CARTESIAN_POINT('',(25.7902427927919,38.6562568111695,0.00814992489910076));
#2704=CARTESIAN_POINT('',(25.7902427927919,38.6562568111694,1.));
#2705=CARTESIAN_POINT('',(25.7902427927919,32.3437431888306,0.0081499248991008));
#2706=CARTESIAN_POINT('',(25.7902427927919,32.3437431888306,1.));
#2707=CARTESIAN_POINT('',(25.7902427927919,31.4562568111694,0.0081499248991008));
#2708=CARTESIAN_POINT('',(25.7902427927919,31.4562568111694,0.00814992489910076));
#2709=CARTESIAN_POINT('',(25.7902427927919,31.4562568111694,1.));
#2710=CARTESIAN_POINT('',(25.7902427927919,27.95,2.));
#2711=CARTESIAN_POINT('',(25.7902427927919,27.95,1.));
#2712=CARTESIAN_POINT('',(25.7902427927919,15.2,2.));
#2713=CARTESIAN_POINT('',(25.7902427927919,27.95,2.));
#2714=CARTESIAN_POINT('',(25.7902427927919,15.2,2.));
#2715=CARTESIAN_POINT('Origin',(0.,0.,1.));
#2716=CARTESIAN_POINT('',(26.2108245413515,14.434999305351,1.));
#2717=CARTESIAN_POINT('',(26.2079272005025,14.434999305351,1.));
#2718=CARTESIAN_POINT('',(26.2108245413515,14.434999305351,1.));
#2719=CARTESIAN_POINT('',(26.2108245413515,15.2,1.));
#2720=CARTESIAN_POINT('',(26.2108245413515,15.2,1.));
#2721=CARTESIAN_POINT('',(26.2079272005025,15.2,1.));
#2722=CARTESIAN_POINT('',(26.2108245413515,15.2,1.));
#2723=CARTESIAN_POINT('',(26.2079272005025,15.2,1.));
#2724=CARTESIAN_POINT('Origin',(0.,0.,1.));
#2725=CARTESIAN_POINT('',(6.60005800093444,14.434999305351,1.));
#2726=CARTESIAN_POINT('',(6.59925840902531,14.434999305351,1.));
#2727=CARTESIAN_POINT('',(6.60005800093444,14.434999305351,1.));
#2728=CARTESIAN_POINT('',(6.60005800093444,15.2,1.));
#2729=CARTESIAN_POINT('',(6.60005800093444,14.434999305351,1.));
#2730=CARTESIAN_POINT('',(6.59925840902531,15.2,1.));
#2731=CARTESIAN_POINT('',(6.59925840902531,15.2,1.));
#2732=CARTESIAN_POINT('',(6.59925840902531,15.2,1.));
#2733=CARTESIAN_POINT('Origin',(0.,0.,0.));
#2734=CARTESIAN_POINT('',(26.2108245413515,15.,0.));
#2735=CARTESIAN_POINT('',(26.2108245413515,14.434999305351,0.));
#2736=CARTESIAN_POINT('',(26.2108245413515,15.,0.));
#2737=CARTESIAN_POINT('',(6.59925840902531,14.434999305351,0.));
#2738=CARTESIAN_POINT('',(26.2108245413515,14.434999305351,0.));
#2739=CARTESIAN_POINT('',(6.59925840902531,15.,0.));
#2740=CARTESIAN_POINT('',(6.59925840902531,15.,0.));
#2741=CARTESIAN_POINT('',(11.,15.,0.));
#2742=CARTESIAN_POINT('',(6.59925840902531,15.,0.));
#2743=CARTESIAN_POINT('',(11.,19.,0.));
#2744=CARTESIAN_POINT('',(11.,15.,0.));
#2745=CARTESIAN_POINT('',(6.59925840902531,19.,0.));
#2746=CARTESIAN_POINT('',(11.,19.,0.));
#2747=CARTESIAN_POINT('',(6.59925840902532,67.2,0.));
#2748=CARTESIAN_POINT('',(6.59925840902532,67.2,0.));
#2749=CARTESIAN_POINT('',(11.,67.2,0.));
#2750=CARTESIAN_POINT('',(11.,67.2,0.));
#2751=CARTESIAN_POINT('',(11.,73.2,0.));
#2752=CARTESIAN_POINT('',(11.,73.2,0.));
#2753=CARTESIAN_POINT('',(6.59925840902532,73.2,0.));
#2754=CARTESIAN_POINT('',(11.,73.2,0.));
#2755=CARTESIAN_POINT('',(6.59925840902532,80.2,0.));
#2756=CARTESIAN_POINT('',(6.59925840902532,80.2,0.));
#2757=CARTESIAN_POINT('',(26.2108245413515,80.2,0.));
#2758=CARTESIAN_POINT('',(6.59925840902532,80.2,0.));
#2759=CARTESIAN_POINT('',(26.2108245413515,73.2,0.));
#2760=CARTESIAN_POINT('',(26.2108245413515,80.2,0.));
#2761=CARTESIAN_POINT('',(21.65,73.2,0.));
#2762=CARTESIAN_POINT('',(26.2108245413515,73.2,0.));
#2763=CARTESIAN_POINT('',(21.65,67.2,0.));
#2764=CARTESIAN_POINT('',(21.65,67.2,0.));
#2765=CARTESIAN_POINT('',(26.2108245413515,67.2,0.));
#2766=CARTESIAN_POINT('',(26.2108245413515,67.2,0.));
#2767=CARTESIAN_POINT('',(26.2108245413515,19.,0.));
#2768=CARTESIAN_POINT('',(26.2108245413515,67.2,0.));
#2769=CARTESIAN_POINT('',(21.65,19.,0.));
#2770=CARTESIAN_POINT('',(26.2108245413515,19.,0.));
#2771=CARTESIAN_POINT('',(21.65,15.,0.));
#2772=CARTESIAN_POINT('',(21.65,19.,0.));
#2773=CARTESIAN_POINT('',(21.65,15.,0.));
#2774=CARTESIAN_POINT('',(8.30000000000001,22.85,0.));
#2775=CARTESIAN_POINT('Origin',(10.,22.85,0.));
#2776=CARTESIAN_POINT('',(20.95,22.85,0.));
#2777=CARTESIAN_POINT('Origin',(22.65,22.85,0.));
#2778=CARTESIAN_POINT('',(7.3,76.7,0.));
#2779=CARTESIAN_POINT('Origin',(9.,76.7,0.));
#2780=CARTESIAN_POINT('',(21.95,76.7,0.));
#2781=CARTESIAN_POINT('Origin',(23.65,76.7,0.));
#2782=CARTESIAN_POINT('',(12.525,39.1,0.));
#2783=CARTESIAN_POINT('Origin',(9.675,39.1,0.));
#2784=CARTESIAN_POINT('',(25.825,53.6,0.));
#2785=CARTESIAN_POINT('Origin',(22.975,53.6,0.));
#2786=CARTESIAN_POINT('',(12.525,53.6,0.));
#2787=CARTESIAN_POINT('Origin',(9.675,53.6,0.));
#2788=CARTESIAN_POINT('',(25.825,61.1,0.));
#2789=CARTESIAN_POINT('Origin',(22.975,61.1,0.));
#2790=CARTESIAN_POINT('',(25.825,31.9,0.));
#2791=CARTESIAN_POINT('Origin',(22.975,31.9,0.));
#2792=CARTESIAN_POINT('',(12.525,31.9,0.));
#2793=CARTESIAN_POINT('Origin',(9.675,31.9,0.));
#2794=CARTESIAN_POINT('',(25.825,39.1,0.));
#2795=CARTESIAN_POINT('Origin',(22.975,39.1,0.));
#2796=CARTESIAN_POINT('',(12.525,61.1,0.));
#2797=CARTESIAN_POINT('Origin',(9.675,61.1,0.));
#2798=CARTESIAN_POINT('Origin',(26.2108245413515,0.,4.390669528334));
#2799=CARTESIAN_POINT('',(26.2108245413515,14.434999305351,1.));
#2800=CARTESIAN_POINT('',(26.2108245413515,15.,-3.));
#2801=CARTESIAN_POINT('',(26.2108245413515,15.,-3.));
#2802=CARTESIAN_POINT('',(26.2108245413515,19.,-3.));
#2803=CARTESIAN_POINT('',(26.2108245413515,19.,-3.));
#2804=CARTESIAN_POINT('',(26.2108245413515,19.,0.));
#2805=CARTESIAN_POINT('',(26.2108245413515,67.2,-3.));
#2806=CARTESIAN_POINT('',(26.2108245413515,67.2,0.));
#2807=CARTESIAN_POINT('',(26.2108245413515,73.2,-3.));
#2808=CARTESIAN_POINT('',(26.2108245413515,73.2,-3.));
#2809=CARTESIAN_POINT('',(26.2108245413515,73.2,0.));
#2810=CARTESIAN_POINT('',(26.2108245413515,80.2,3.));
#2811=CARTESIAN_POINT('',(26.2108245413515,80.2,3.));
#2812=CARTESIAN_POINT('',(26.2108245413515,72.8,3.));
#2813=CARTESIAN_POINT('',(26.2108245413515,72.8,3.));
#2814=CARTESIAN_POINT('',(26.2108245413515,72.8,2.));
#2815=CARTESIAN_POINT('',(26.2108245413515,72.8,3.));
#2816=CARTESIAN_POINT('',(26.2108245413515,64.95,2.));
#2817=CARTESIAN_POINT('',(26.2108245413515,64.95,2.));
#2818=CARTESIAN_POINT('',(26.2108245413515,64.95,1.));
#2819=CARTESIAN_POINT('',(26.2108245413515,64.95,2.));
#2820=CARTESIAN_POINT('',(26.2108245413515,27.95,1.));
#2821=CARTESIAN_POINT('',(26.2108245413515,64.95,1.));
#2822=CARTESIAN_POINT('',(26.2108245413515,27.95,2.));
#2823=CARTESIAN_POINT('',(26.2108245413515,27.95,2.));
#2824=CARTESIAN_POINT('',(26.2108245413515,15.2,2.));
#2825=CARTESIAN_POINT('',(26.2108245413515,15.2,2.));
#2826=CARTESIAN_POINT('',(26.2108245413515,15.2,1.));
#2827=CARTESIAN_POINT('Origin',(6.59925840902531,0.,3.86294833194256));
#2828=CARTESIAN_POINT('',(6.59925840902531,14.434999305351,1.));
#2829=CARTESIAN_POINT('',(6.59925840902531,15.2,2.));
#2830=CARTESIAN_POINT('',(6.59925840902531,15.2,2.));
#2831=CARTESIAN_POINT('',(6.59925840902531,27.95,2.));
#2832=CARTESIAN_POINT('',(6.59925840902531,15.2,2.));
#2833=CARTESIAN_POINT('',(6.59925840902531,27.95,1.));
#2834=CARTESIAN_POINT('',(6.59925840902531,27.95,2.));
#2835=CARTESIAN_POINT('',(6.59925840902532,64.95,1.));
#2836=CARTESIAN_POINT('',(6.59925840902532,64.95,1.));
#2837=CARTESIAN_POINT('',(6.59925840902532,64.95,2.));
#2838=CARTESIAN_POINT('',(6.59925840902532,64.95,2.));
#2839=CARTESIAN_POINT('',(6.59925840902532,72.8,2.));
#2840=CARTESIAN_POINT('',(6.59925840902532,64.95,2.));
#2841=CARTESIAN_POINT('',(6.59925840902532,72.8,3.));
#2842=CARTESIAN_POINT('',(6.59925840902532,72.8,3.));
#2843=CARTESIAN_POINT('',(6.59925840902532,80.2,3.));
#2844=CARTESIAN_POINT('',(6.59925840902532,72.8,3.));
#2845=CARTESIAN_POINT('',(6.59925840902532,80.2,3.));
#2846=CARTESIAN_POINT('',(6.59925840902532,73.2,-3.));
#2847=CARTESIAN_POINT('',(6.59925840902532,73.2,0.));
#2848=CARTESIAN_POINT('',(6.59925840902532,67.2,-3.));
#2849=CARTESIAN_POINT('',(6.59925840902532,73.2,-3.));
#2850=CARTESIAN_POINT('',(6.59925840902532,67.2,0.));
#2851=CARTESIAN_POINT('',(6.59925840902531,19.,-3.));
#2852=CARTESIAN_POINT('',(6.59925840902531,19.,0.));
#2853=CARTESIAN_POINT('',(6.59925840902531,15.,-3.));
#2854=CARTESIAN_POINT('',(6.59925840902531,15.,-3.));
#2855=CARTESIAN_POINT('',(6.59925840902531,15.,-3.));
#2856=CARTESIAN_POINT('Origin',(6.60005800093444,0.,2.00295747592349));
#2857=CARTESIAN_POINT('',(6.60005800093444,14.434999305351,2.00295747592349));
#2858=CARTESIAN_POINT('',(6.60005800093444,72.8,2.00295747592349));
#2859=CARTESIAN_POINT('',(6.60005800093444,14.434999305351,2.00295747592349));
#2860=CARTESIAN_POINT('',(6.60005800093444,14.434999305351,2.00295747592349));
#2861=CARTESIAN_POINT('',(8.11153505985546,44.3262982612712,2.00295747592349));
#2862=CARTESIAN_POINT('',(6.99476453849535,44.3262982612712,2.00295747592349));
#2863=CARTESIAN_POINT('',(8.11153505985546,48.,2.00295747592349));
#2864=CARTESIAN_POINT('',(8.11153505985546,44.3262982612712,2.00295747592349));
#2865=CARTESIAN_POINT('',(6.99476453849535,48.,2.00295747592349));
#2866=CARTESIAN_POINT('',(8.11153505985546,48.,2.00295747592349));
#2867=CARTESIAN_POINT('',(6.99476453849535,72.8,2.00295747592349));
#2868=CARTESIAN_POINT('',(6.99476453849535,48.,2.00295747592349));
#2869=CARTESIAN_POINT('',(6.60005800093444,72.8,2.00295747592349));
#2870=CARTESIAN_POINT('Origin',(6.60005800093444,0.,2.00295747592349));
#2871=CARTESIAN_POINT('',(6.60005800093444,14.434999305351,1.));
#2872=CARTESIAN_POINT('',(6.60005800093445,72.8,2.));
#2873=CARTESIAN_POINT('',(6.60005800093445,72.8,2.));
#2874=CARTESIAN_POINT('',(6.60005800093445,64.95,2.));
#2875=CARTESIAN_POINT('',(6.60005800093445,72.8,2.));
#2876=CARTESIAN_POINT('',(6.60005800093445,64.95,1.));
#2877=CARTESIAN_POINT('',(6.60005800093445,64.95,1.));
#2878=CARTESIAN_POINT('',(6.60005800093444,27.95,1.));
#2879=CARTESIAN_POINT('',(6.60005800093444,27.95,1.));
#2880=CARTESIAN_POINT('',(6.60005800093444,27.95,2.));
#2881=CARTESIAN_POINT('',(6.60005800093444,27.95,1.));
#2882=CARTESIAN_POINT('',(6.60005800093444,15.2,2.));
#2883=CARTESIAN_POINT('',(6.60005800093444,27.95,2.));
#2884=CARTESIAN_POINT('',(6.60005800093444,15.2,1.));
#2885=CARTESIAN_POINT('Origin',(26.2079272005025,0.,2.0110903248991));
#2886=CARTESIAN_POINT('',(26.2079272005025,14.434999305351,2.0110903248991));
#2887=CARTESIAN_POINT('',(26.2079272005025,72.8,2.0110903248991));
#2888=CARTESIAN_POINT('',(26.2079272005025,14.434999305351,2.0110903248991));
#2889=CARTESIAN_POINT('',(26.2079272005025,14.434999305351,2.0110903248991));
#2890=CARTESIAN_POINT('',(26.2079272005025,15.2,2.));
#2891=CARTESIAN_POINT('',(26.2079272005025,15.2,1.));
#2892=CARTESIAN_POINT('',(26.2079272005025,27.95,2.));
#2893=CARTESIAN_POINT('',(26.2079272005025,15.2,2.));
#2894=CARTESIAN_POINT('',(26.2079272005025,27.95,1.));
#2895=CARTESIAN_POINT('',(26.2079272005025,27.95,2.));
#2896=CARTESIAN_POINT('',(26.2079272005025,64.95,1.));
#2897=CARTESIAN_POINT('',(26.2079272005025,64.95,1.));
#2898=CARTESIAN_POINT('',(26.2079272005025,64.95,2.));
#2899=CARTESIAN_POINT('',(26.2079272005025,64.95,2.));
#2900=CARTESIAN_POINT('',(26.2079272005025,72.8,2.));
#2901=CARTESIAN_POINT('',(26.2079272005025,64.95,2.));
#2902=CARTESIAN_POINT('',(26.2079272005025,72.8,2.0110903248991));
#2903=CARTESIAN_POINT('Origin',(26.2079272005025,0.,2.0110903248991));
#2904=CARTESIAN_POINT('',(25.7902427927919,14.434999305351,2.0110903248991));
#2905=CARTESIAN_POINT('',(25.7902427927919,72.8,2.0110903248991));
#2906=CARTESIAN_POINT('Origin',(6.99476453849535,0.,2.00295747592349));
#2907=CARTESIAN_POINT('',(6.99476453849535,48.,2.00295747592349));
#2908=CARTESIAN_POINT('',(6.99476453849535,52.6310635361939,1.71217281489874E-5));
#2909=CARTESIAN_POINT('',(6.99476453849535,52.6310635361939,1.));
#2910=CARTESIAN_POINT('',(6.99476453849535,54.5689364638061,1.71217281489874E-5));
#2911=CARTESIAN_POINT('',(6.99476453849535,52.6310635361939,1.71217281489874E-5));
#2912=CARTESIAN_POINT('',(6.99476453849535,54.5689364638061,1.));
#2913=CARTESIAN_POINT('',(6.99476453849535,60.131063536194,1.71217281489874E-5));
#2914=CARTESIAN_POINT('',(6.99476453849535,60.131063536194,1.));
#2915=CARTESIAN_POINT('',(6.99476453849535,62.0689364638061,1.71217281489874E-5));
#2916=CARTESIAN_POINT('',(6.99476453849535,60.131063536194,1.71217281489874E-5));
#2917=CARTESIAN_POINT('',(6.99476453849535,62.0689364638061,1.));
#2918=CARTESIAN_POINT('',(6.99476453849535,64.95,2.));
#2919=CARTESIAN_POINT('',(6.99476453849535,64.95,2.));
#2920=CARTESIAN_POINT('',(6.99476453849535,72.8,2.));
#2921=CARTESIAN_POINT('',(6.99476453849535,64.95,2.));
#2922=CARTESIAN_POINT('',(6.99476453849535,72.8,2.00295747592349));
#2923=CARTESIAN_POINT('Origin',(0.,0.,2.));
#2924=CARTESIAN_POINT('',(26.2108245413515,15.2,2.));
#2925=CARTESIAN_POINT('',(26.2079272005025,27.95,2.));
#2926=CARTESIAN_POINT('Origin',(0.,0.,2.));
#2927=CARTESIAN_POINT('',(26.2079272005025,64.95,2.));
#2928=CARTESIAN_POINT('',(26.2079272005025,72.8,2.));
#2929=CARTESIAN_POINT('Origin',(0.,0.,1.));
#2930=CARTESIAN_POINT('',(26.2079272005025,64.95,1.));
#2931=CARTESIAN_POINT('',(26.2079272005025,27.95,1.));
#2932=CARTESIAN_POINT('Origin',(0.,15.2,2.));
#2933=CARTESIAN_POINT('Origin',(0.,27.95,2.));
#2934=CARTESIAN_POINT('Origin',(0.,64.95,2.));
#2935=CARTESIAN_POINT('Origin',(0.,0.,2.));
#2936=CARTESIAN_POINT('',(6.59925840902531,27.95,2.));
#2937=CARTESIAN_POINT('',(6.59925840902531,15.2,2.));
#2938=CARTESIAN_POINT('Origin',(0.,0.,2.));
#2939=CARTESIAN_POINT('',(6.59925840902532,72.8,2.));
#2940=CARTESIAN_POINT('',(6.59925840902532,64.95,2.));
#2941=CARTESIAN_POINT('Origin',(0.,0.,1.));
#2942=CARTESIAN_POINT('',(6.59925840902531,27.95,1.));
#2943=CARTESIAN_POINT('',(6.59925840902532,64.95,1.));
#2944=CARTESIAN_POINT('Origin',(0.,64.95,2.));
#2945=CARTESIAN_POINT('Origin',(0.,15.2,2.));
#2946=CARTESIAN_POINT('Origin',(0.,27.95,2.));
#2947=CARTESIAN_POINT('Origin',(0.,0.,2.));
#2948=CARTESIAN_POINT('',(13.225,15.2,2.));
#2949=CARTESIAN_POINT('',(6.99476453849535,15.2,2.));
#2950=CARTESIAN_POINT('',(13.225,27.95,2.));
#2951=CARTESIAN_POINT('',(13.225,27.95,2.));
#2952=CARTESIAN_POINT('',(6.99476453849535,27.95,2.));
#2953=CARTESIAN_POINT('',(8.30000000000001,22.85,2.));
#2954=CARTESIAN_POINT('Origin',(10.,22.85,2.));
#2955=CARTESIAN_POINT('',(8.20000000000001,17.95,2.));
#2956=CARTESIAN_POINT('Origin',(9.,17.95,2.));
#2957=CARTESIAN_POINT('Origin',(0.,0.,2.));
#2958=CARTESIAN_POINT('',(19.475,27.95,2.));
#2959=CARTESIAN_POINT('',(19.475,27.95,2.));
#2960=CARTESIAN_POINT('',(19.475,15.2,2.));
#2961=CARTESIAN_POINT('',(19.475,15.2,2.));
#2962=CARTESIAN_POINT('',(25.7902427927919,15.2,2.));
#2963=CARTESIAN_POINT('',(20.95,22.85,2.));
#2964=CARTESIAN_POINT('Origin',(22.65,22.85,2.));
#2965=CARTESIAN_POINT('',(22.85,17.95,2.));
#2966=CARTESIAN_POINT('Origin',(23.65,17.95,2.));
#2967=CARTESIAN_POINT('Origin',(0.,0.,2.));
#2968=CARTESIAN_POINT('',(6.99476453849535,72.8,2.));
#2969=CARTESIAN_POINT('',(6.99476453849535,64.95,2.));
#2970=CARTESIAN_POINT('',(22.85,70.1,2.));
#2971=CARTESIAN_POINT('Origin',(23.65,70.1,2.));
#2972=CARTESIAN_POINT('',(8.20000000000001,70.1,2.));
#2973=CARTESIAN_POINT('Origin',(9.,70.1,2.));
#2974=CARTESIAN_POINT('Origin',(0.,15.2,2.));
#2975=CARTESIAN_POINT('',(19.475,15.2,2.));
#2976=CARTESIAN_POINT('Origin',(1.,80.2,5.));
#2977=CARTESIAN_POINT('',(26.2108245413515,80.2,3.));
#2978=CARTESIAN_POINT('Origin',(2.60208521396521E-15,15.,-3.));
#2979=CARTESIAN_POINT('',(21.65,15.,-3.));
#2980=CARTESIAN_POINT('',(21.65,15.,-3.));
#2981=CARTESIAN_POINT('',(21.65,15.,-3.));
#2982=CARTESIAN_POINT('Origin',(-6.59194920871186E-15,19.,-3.));
#2983=CARTESIAN_POINT('',(21.65,19.,-3.));
#2984=CARTESIAN_POINT('',(26.2108245413515,19.,-3.));
#2985=CARTESIAN_POINT('',(21.65,19.,-3.));
#2986=CARTESIAN_POINT('Origin',(0.,0.,-3.));
#2987=CARTESIAN_POINT('',(21.65,19.,-3.));
#2988=CARTESIAN_POINT('',(22.85,17.95,-3.));
#2989=CARTESIAN_POINT('Origin',(23.65,17.95,-3.));
#2990=CARTESIAN_POINT('Origin',(0.,73.2,-3.));
#2991=CARTESIAN_POINT('',(21.65,73.2,-3.));
#2992=CARTESIAN_POINT('',(26.2108245413515,73.2,-3.));
#2993=CARTESIAN_POINT('',(21.65,73.2,-3.));
#2994=CARTESIAN_POINT('Origin',(0.,67.2,-3.));
#2995=CARTESIAN_POINT('',(21.65,67.2,-3.));
#2996=CARTESIAN_POINT('',(21.65,67.2,-3.));
#2997=CARTESIAN_POINT('',(26.2108245413515,67.2,-3.));
#2998=CARTESIAN_POINT('Origin',(0.,0.,-3.));
#2999=CARTESIAN_POINT('',(21.65,67.2,-3.));
#3000=CARTESIAN_POINT('',(22.85,70.1,-3.));
#3001=CARTESIAN_POINT('Origin',(23.65,70.1,-3.));
#3002=CARTESIAN_POINT('Origin',(0.,27.95,2.));
#3003=CARTESIAN_POINT('',(19.475,27.95,2.));
#3004=CARTESIAN_POINT('Origin',(0.,64.95,2.));
#3005=CARTESIAN_POINT('Origin',(0.,0.,3.));
#3006=CARTESIAN_POINT('',(6.59925840902532,72.8,3.));
#3007=CARTESIAN_POINT('',(7.3,76.7,3.));
#3008=CARTESIAN_POINT('Origin',(9.,76.7,3.));
#3009=CARTESIAN_POINT('',(21.95,76.7,3.));
#3010=CARTESIAN_POINT('Origin',(23.65,76.7,3.));
#3011=CARTESIAN_POINT('Origin',(3.3,72.8,3.));
#3012=CARTESIAN_POINT('Origin',(0.,15.2,2.));
#3013=CARTESIAN_POINT('',(13.225,15.2,2.));
#3014=CARTESIAN_POINT('Origin',(9.675,61.1,1.));
#3015=CARTESIAN_POINT('',(12.525,61.1,1.));
#3016=CARTESIAN_POINT('Origin',(9.675,61.1,1.71217281489874E-5));
#3017=CARTESIAN_POINT('Origin',(22.975,39.1,1.));
#3018=CARTESIAN_POINT('',(25.825,39.1,0.00814992489910082));
#3019=CARTESIAN_POINT('Origin',(22.975,39.1,0.00814992489910115));
#3020=CARTESIAN_POINT('',(25.825,39.1,1.));
#3021=CARTESIAN_POINT('Origin',(22.975,39.1,0.00814992489910115));
#3022=CARTESIAN_POINT('Origin',(9.675,31.9,1.));
#3023=CARTESIAN_POINT('',(12.525,31.9,1.));
#3024=CARTESIAN_POINT('Origin',(9.675,31.9,1.71217281489874E-5));
#3025=CARTESIAN_POINT('Origin',(22.975,31.9,1.));
#3026=CARTESIAN_POINT('',(25.825,31.9,0.00814992489910082));
#3027=CARTESIAN_POINT('Origin',(22.975,31.9,0.00814992489910115));
#3028=CARTESIAN_POINT('',(25.825,31.9,1.));
#3029=CARTESIAN_POINT('Origin',(22.975,31.9,0.00814992489910115));
#3030=CARTESIAN_POINT('Origin',(22.975,61.1,1.));
#3031=CARTESIAN_POINT('',(25.825,61.1,0.00814992489910082));
#3032=CARTESIAN_POINT('Origin',(22.975,61.1,0.00814992489910115));
#3033=CARTESIAN_POINT('',(25.825,61.1,1.));
#3034=CARTESIAN_POINT('Origin',(22.975,61.1,0.00814992489910115));
#3035=CARTESIAN_POINT('Origin',(9.675,53.6,1.));
#3036=CARTESIAN_POINT('',(12.525,53.6,1.));
#3037=CARTESIAN_POINT('Origin',(9.675,53.6,1.71217281489874E-5));
#3038=CARTESIAN_POINT('Origin',(22.975,53.6,1.));
#3039=CARTESIAN_POINT('',(25.825,53.6,0.00814992489910082));
#3040=CARTESIAN_POINT('Origin',(22.975,53.6,0.00814992489910115));
#3041=CARTESIAN_POINT('',(25.825,53.6,1.));
#3042=CARTESIAN_POINT('Origin',(22.975,53.6,0.00814992489910115));
#3043=CARTESIAN_POINT('Origin',(9.675,39.1,1.));
#3044=CARTESIAN_POINT('',(12.525,39.1,1.));
#3045=CARTESIAN_POINT('Origin',(9.675,39.1,1.71217281489874E-5));
#3046=CARTESIAN_POINT('Origin',(21.65,0.,-3.));
#3047=CARTESIAN_POINT('Origin',(21.65,0.,-3.));
#3048=CARTESIAN_POINT('Origin',(0.,73.2,-3.));
#3049=CARTESIAN_POINT('',(11.,73.2,-3.));
#3050=CARTESIAN_POINT('',(11.,73.2,-3.));
#3051=CARTESIAN_POINT('',(11.,73.2,-3.));
#3052=CARTESIAN_POINT('Origin',(11.,-1.46784294121114E-15,-3.));
#3053=CARTESIAN_POINT('',(11.,67.2,-3.));
#3054=CARTESIAN_POINT('',(11.,67.2,-3.));
#3055=CARTESIAN_POINT('',(11.,73.2,-3.));
#3056=CARTESIAN_POINT('Origin',(0.,67.2,-3.));
#3057=CARTESIAN_POINT('',(11.,67.2,-3.));
#3058=CARTESIAN_POINT('Origin',(0.,0.,-3.));
#3059=CARTESIAN_POINT('',(8.20000000000001,70.1,-3.));
#3060=CARTESIAN_POINT('Origin',(9.,70.1,-3.));
#3061=CARTESIAN_POINT('Origin',(11.,15.,-3.));
#3062=CARTESIAN_POINT('',(11.,15.,-3.));
#3063=CARTESIAN_POINT('',(11.,15.,-3.));
#3064=CARTESIAN_POINT('',(11.,19.,-3.));
#3065=CARTESIAN_POINT('',(11.,15.,-3.));
#3066=CARTESIAN_POINT('',(11.,19.,-3.));
#3067=CARTESIAN_POINT('Origin',(1.00000000000001,15.,-3.));
#3068=CARTESIAN_POINT('',(6.59925840902531,15.,-3.));
#3069=CARTESIAN_POINT('Origin',(11.,19.,-3.));
#3070=CARTESIAN_POINT('',(11.,19.,-3.));
#3071=CARTESIAN_POINT('Origin',(0.,0.,-3.));
#3072=CARTESIAN_POINT('',(8.20000000000001,17.95,-3.));
#3073=CARTESIAN_POINT('Origin',(9.,17.95,-3.));
#3074=CARTESIAN_POINT('Origin',(19.475,-1.03156457082896E-14,2.));
#3075=CARTESIAN_POINT('Origin',(13.225,0.,2.));
#3076=CARTESIAN_POINT('',(13.225,27.95,2.));
#3077=CARTESIAN_POINT('Origin',(0.,27.95,2.));
#3078=CARTESIAN_POINT('Origin',(23.65,76.7,3.));
#3079=CARTESIAN_POINT('',(21.95,76.7,3.));
#3080=CARTESIAN_POINT('Origin',(9.,76.7,3.));
#3081=CARTESIAN_POINT('',(7.3,76.7,3.));
#3082=CARTESIAN_POINT('Origin',(22.65,22.85,2.));
#3083=CARTESIAN_POINT('',(20.95,22.85,2.));
#3084=CARTESIAN_POINT('Origin',(10.,22.85,2.));
#3085=CARTESIAN_POINT('',(8.30000000000001,22.85,2.));
#3086=CARTESIAN_POINT('Origin',(6.60005800093444,0.,1.71217281489874E-5));
#3087=CARTESIAN_POINT('Origin',(6.60005800093444,0.,1.71217281489874E-5));
#3088=CARTESIAN_POINT('Origin',(6.60005800093444,0.,1.71217281489874E-5));
#3089=CARTESIAN_POINT('Origin',(6.60005800093444,0.,1.71217281489874E-5));
#3090=CARTESIAN_POINT('Origin',(26.2079272005025,0.,0.00814992489910071));
#3091=CARTESIAN_POINT('Origin',(26.2079272005025,0.,0.00814992489910071));
#3092=CARTESIAN_POINT('Origin',(26.2079272005025,0.,0.00814992489910071));
#3093=CARTESIAN_POINT('Origin',(26.2079272005025,0.,0.00814992489910071));
#3094=CARTESIAN_POINT('Origin',(23.65,17.95,2.));
#3095=CARTESIAN_POINT('',(22.85,17.95,2.));
#3096=CARTESIAN_POINT('Origin',(9.,17.95,2.));
#3097=CARTESIAN_POINT('',(8.20000000000001,17.95,2.));
#3098=CARTESIAN_POINT('Origin',(9.,70.1,2.));
#3099=CARTESIAN_POINT('',(8.20000000000001,70.1,2.));
#3100=CARTESIAN_POINT('Origin',(23.65,70.1,2.));
#3101=CARTESIAN_POINT('',(22.85,70.1,2.));
#3102=CARTESIAN_POINT('Origin',(26.2060569650657,47.9293169254453,5.9710911008332));
#3103=CARTESIAN_POINT('',(24.7060569650657,47.9293169254453,2.00295747592349));
#3104=CARTESIAN_POINT('',(24.7060569650657,47.9293169254453,2.00295747592349));
#3105=CARTESIAN_POINT('',(25.7902427927919,47.9293169254453,2.00295747592349));
#3106=CARTESIAN_POINT('Origin',(24.7060569650657,44.2825615709317,5.9710911008332));
#3107=CARTESIAN_POINT('',(24.7060569650657,44.2825615709317,2.00295747592349));
#3108=CARTESIAN_POINT('',(24.7060569650657,47.9293169254453,2.00295747592349));
#3109=CARTESIAN_POINT('',(24.7060569650657,44.2825615709317,2.00295747592349));
#3110=CARTESIAN_POINT('Origin',(26.2060569650657,44.2825615709317,5.9710911008332));
#3111=CARTESIAN_POINT('',(24.7060569650657,44.2825615709317,2.00295747592349));
#3112=CARTESIAN_POINT('Origin',(6.60005800093444,0.,2.00295747592349));
#3113=CARTESIAN_POINT('Origin',(8.11153505985546,44.3262982612712,5.9710911008332));
#3114=CARTESIAN_POINT('',(8.11153505985546,44.3262982612712,2.00295747592349));
#3115=CARTESIAN_POINT('',(8.11153505985546,48.,2.00295747592349));
#3116=CARTESIAN_POINT('Origin',(8.11153505985546,48.,5.9710911008332));
#3117=CARTESIAN_POINT('Origin',(8.11153505985546,44.3262982612712,5.9710911008332));
#3118=CARTESIAN_POINT('Origin',(28.1562699325164,14.434999305351,3.));
#3119=UNCERTAINTY_MEASURE_WITH_UNIT(LENGTH_MEASURE(0.01),#3123,
'DISTANCE_ACCURACY_VALUE',
'Maximum model space distance between geometric entities at asserted c
onnectivities');
#3120=UNCERTAINTY_MEASURE_WITH_UNIT(LENGTH_MEASURE(0.01),#3123,
'DISTANCE_ACCURACY_VALUE',
'Maximum model space distance between geometric entities at asserted c
onnectivities');
#3121=(
GEOMETRIC_REPRESENTATION_CONTEXT(3)
GLOBAL_UNCERTAINTY_ASSIGNED_CONTEXT((#3119))
GLOBAL_UNIT_ASSIGNED_CONTEXT((#3123,#3125,#3126))
REPRESENTATION_CONTEXT('','3D')
);
#3122=(
GEOMETRIC_REPRESENTATION_CONTEXT(3)
GLOBAL_UNCERTAINTY_ASSIGNED_CONTEXT((#3120))
GLOBAL_UNIT_ASSIGNED_CONTEXT((#3123,#3125,#3126))
REPRESENTATION_CONTEXT('','3D')
);
#3123=(
LENGTH_UNIT()
NAMED_UNIT(*)
SI_UNIT(.MILLI.,.METRE.)
);
#3124=(
LENGTH_UNIT()
NAMED_UNIT(*)
SI_UNIT(.CENTI.,.METRE.)
);
#3125=(
NAMED_UNIT(*)
PLANE_ANGLE_UNIT()
SI_UNIT($,.RADIAN.)
);
#3126=(
NAMED_UNIT(*)
SI_UNIT($,.STERADIAN.)
SOLID_ANGLE_UNIT()
);
#3127=SHAPE_DEFINITION_REPRESENTATION(#3128,#3129);
#3128=PRODUCT_DEFINITION_SHAPE('',$,#3131);
#3129=SHAPE_REPRESENTATION('',(#1939),#3121);
#3130=PRODUCT_DEFINITION_CONTEXT('part definition',#3135,'design');
#3131=PRODUCT_DEFINITION('Bottom_reference','Bottom_reference',#3132,#3130);
#3132=PRODUCT_DEFINITION_FORMATION('',$,#3137);
#3133=PRODUCT_RELATED_PRODUCT_CATEGORY('Bottom_reference',
'Bottom_reference',(#3137));
#3134=APPLICATION_PROTOCOL_DEFINITION('international standard',
'automotive_design',2009,#3135);
#3135=APPLICATION_CONTEXT(
'Core Data for Automotive Mechanical Design Process');
#3136=PRODUCT_CONTEXT('part definition',#3135,'mechanical');
#3137=PRODUCT('Bottom_reference','Bottom_reference',$,(#3136));
#3138=PRESENTATION_STYLE_ASSIGNMENT((#3139));
#3139=SURFACE_STYLE_USAGE(.BOTH.,#3142);
#3140=SURFACE_STYLE_RENDERING_WITH_PROPERTIES($,#3146,(#3141));
#3141=SURFACE_STYLE_TRANSPARENT(0.);
#3142=SURFACE_SIDE_STYLE('',(#3143,#3140));
#3143=SURFACE_STYLE_FILL_AREA(#3144);
#3144=FILL_AREA_STYLE('',(#3145));
#3145=FILL_AREA_STYLE_COLOUR('',#3146);
#3146=COLOUR_RGB('',0.796078431372549,0.823529411764706,0.937254901960784);
ENDSEC;
END-ISO-10303-21;
