ISO-10303-21;
HEADER;
/* Generated by software containing ST-Developer
 * from STEP Tools, Inc. (www.steptools.com) 
 */

FILE_DESCRIPTION(
/* description */ (''),
/* implementation_level */ '2;1');

FILE_NAME(
/* name */ 'Carrier_with_PCB.step',
/* time_stamp */ '2026-09-21T17:47:42-07:00',
/* author */ ('\X2\BC15C815D604\X0\'),
/* organization */ (''),
/* preprocessor_version */ 'ST-DEVELOPER v20.2',
/* originating_system */ 'Autodesk Inventor 2027',
/* authorisation */ '');

FILE_SCHEMA (('AUTOMOTIVE_DESIGN { 1 0 10303 214 3 1 1 }'));
ENDSEC;

DATA;
#10=MECHANICAL_DESIGN_GEOMETRIC_PRESENTATION_REPRESENTATION('',(#167,#168,
#169,#170,#171,#172,#173,#174,#175,#176,#177,#178,#179,#180,#181,#182,#183,
#184,#185,#186,#187,#188,#189,#190,#191,#192,#193,#194,#195,#196,#197,#198,
#199,#200,#201,#202,#203,#204,#205,#206,#207,#208,#209,#210,#211,#212,#213,
#214,#215,#216,#217,#218,#219,#220,#221,#222,#223,#224,#225,#226,#227,#228,
#229,#230,#231,#232,#233,#234,#235,#236,#237,#238,#239,#240,#241,#242,#243,
#244,#245,#246,#247,#248,#249,#250,#251,#252,#253,#254,#255,#256,#257,#258,
#259,#260,#261,#262,#263,#264,#265,#266,#267,#268,#269,#270,#271,#272,#273,
#274,#275,#276,#277,#278,#279,#280,#281,#282,#283,#284,#285,#286),#18956);
#11=CONICAL_SURFACE('',#12670,0.0314960629921259,1.02974425867665);
#12=CONICAL_SURFACE('',#12673,0.0314960629921259,1.02974425867665);
#13=ITEM_DEFINED_TRANSFORMATION($,$,#11690,#12560);
#14=ITEM_DEFINED_TRANSFORMATION($,$,#11884,#12561);
#15=ITEM_DEFINED_TRANSFORMATION($,$,#11891,#12562);
#16=ITEM_DEFINED_TRANSFORMATION($,$,#11898,#12563);
#17=ITEM_DEFINED_TRANSFORMATION($,$,#11905,#12564);
#18=ITEM_DEFINED_TRANSFORMATION($,$,#11912,#12565);
#19=ITEM_DEFINED_TRANSFORMATION($,$,#11919,#12566);
#20=ITEM_DEFINED_TRANSFORMATION($,$,#11926,#12567);
#21=ITEM_DEFINED_TRANSFORMATION($,$,#11933,#12568);
#22=ITEM_DEFINED_TRANSFORMATION($,$,#11988,#12569);
#23=ITEM_DEFINED_TRANSFORMATION($,$,#11995,#12570);
#24=ITEM_DEFINED_TRANSFORMATION($,$,#12050,#12571);
#25=ITEM_DEFINED_TRANSFORMATION($,$,#12057,#12572);
#26=ITEM_DEFINED_TRANSFORMATION($,$,#12064,#12573);
#27=ITEM_DEFINED_TRANSFORMATION($,$,#12071,#12574);
#28=ITEM_DEFINED_TRANSFORMATION($,$,#12078,#12575);
#29=ITEM_DEFINED_TRANSFORMATION($,$,#12133,#12576);
#30=ITEM_DEFINED_TRANSFORMATION($,$,#12188,#12577);
#31=ITEM_DEFINED_TRANSFORMATION($,$,#12243,#12578);
#32=ITEM_DEFINED_TRANSFORMATION($,$,#12298,#12579);
#33=ITEM_DEFINED_TRANSFORMATION($,$,#12353,#12580);
#34=ITEM_DEFINED_TRANSFORMATION($,$,#12408,#12581);
#35=ITEM_DEFINED_TRANSFORMATION($,$,#12415,#12582);
#36=ITEM_DEFINED_TRANSFORMATION($,$,#11554,#12680);
#37=ITEM_DEFINED_TRANSFORMATION($,$,#11689,#12681);
#38=ITEM_DEFINED_TRANSFORMATION($,$,#12583,#12682);
#39=(
REPRESENTATION_RELATIONSHIP($,$,#19048,#19047)
REPRESENTATION_RELATIONSHIP_WITH_TRANSFORMATION(#13)
SHAPE_REPRESENTATION_RELATIONSHIP()
);
#40=(
REPRESENTATION_RELATIONSHIP($,$,#19049,#19047)
REPRESENTATION_RELATIONSHIP_WITH_TRANSFORMATION(#14)
SHAPE_REPRESENTATION_RELATIONSHIP()
);
#41=(
REPRESENTATION_RELATIONSHIP($,$,#19050,#19047)
REPRESENTATION_RELATIONSHIP_WITH_TRANSFORMATION(#15)
SHAPE_REPRESENTATION_RELATIONSHIP()
);
#42=(
REPRESENTATION_RELATIONSHIP($,$,#19051,#19047)
REPRESENTATION_RELATIONSHIP_WITH_TRANSFORMATION(#16)
SHAPE_REPRESENTATION_RELATIONSHIP()
);
#43=(
REPRESENTATION_RELATIONSHIP($,$,#19052,#19047)
REPRESENTATION_RELATIONSHIP_WITH_TRANSFORMATION(#17)
SHAPE_REPRESENTATION_RELATIONSHIP()
);
#44=(
REPRESENTATION_RELATIONSHIP($,$,#19053,#19047)
REPRESENTATION_RELATIONSHIP_WITH_TRANSFORMATION(#18)
SHAPE_REPRESENTATION_RELATIONSHIP()
);
#45=(
REPRESENTATION_RELATIONSHIP($,$,#19054,#19047)
REPRESENTATION_RELATIONSHIP_WITH_TRANSFORMATION(#19)
SHAPE_REPRESENTATION_RELATIONSHIP()
);
#46=(
REPRESENTATION_RELATIONSHIP($,$,#19055,#19047)
REPRESENTATION_RELATIONSHIP_WITH_TRANSFORMATION(#20)
SHAPE_REPRESENTATION_RELATIONSHIP()
);
#47=(
REPRESENTATION_RELATIONSHIP($,$,#19056,#19047)
REPRESENTATION_RELATIONSHIP_WITH_TRANSFORMATION(#21)
SHAPE_REPRESENTATION_RELATIONSHIP()
);
#48=(
REPRESENTATION_RELATIONSHIP($,$,#19057,#19047)
REPRESENTATION_RELATIONSHIP_WITH_TRANSFORMATION(#22)
SHAPE_REPRESENTATION_RELATIONSHIP()
);
#49=(
REPRESENTATION_RELATIONSHIP($,$,#19058,#19047)
REPRESENTATION_RELATIONSHIP_WITH_TRANSFORMATION(#23)
SHAPE_REPRESENTATION_RELATIONSHIP()
);
#50=(
REPRESENTATION_RELATIONSHIP($,$,#19059,#19047)
REPRESENTATION_RELATIONSHIP_WITH_TRANSFORMATION(#24)
SHAPE_REPRESENTATION_RELATIONSHIP()
);
#51=(
REPRESENTATION_RELATIONSHIP($,$,#19060,#19047)
REPRESENTATION_RELATIONSHIP_WITH_TRANSFORMATION(#25)
SHAPE_REPRESENTATION_RELATIONSHIP()
);
#52=(
REPRESENTATION_RELATIONSHIP($,$,#19061,#19047)
REPRESENTATION_RELATIONSHIP_WITH_TRANSFORMATION(#26)
SHAPE_REPRESENTATION_RELATIONSHIP()
);
#53=(
REPRESENTATION_RELATIONSHIP($,$,#19062,#19047)
REPRESENTATION_RELATIONSHIP_WITH_TRANSFORMATION(#27)
SHAPE_REPRESENTATION_RELATIONSHIP()
);
#54=(
REPRESENTATION_RELATIONSHIP($,$,#19063,#19047)
REPRESENTATION_RELATIONSHIP_WITH_TRANSFORMATION(#28)
SHAPE_REPRESENTATION_RELATIONSHIP()
);
#55=(
REPRESENTATION_RELATIONSHIP($,$,#19064,#19047)
REPRESENTATION_RELATIONSHIP_WITH_TRANSFORMATION(#29)
SHAPE_REPRESENTATION_RELATIONSHIP()
);
#56=(
REPRESENTATION_RELATIONSHIP($,$,#19065,#19047)
REPRESENTATION_RELATIONSHIP_WITH_TRANSFORMATION(#30)
SHAPE_REPRESENTATION_RELATIONSHIP()
);
#57=(
REPRESENTATION_RELATIONSHIP($,$,#19066,#19047)
REPRESENTATION_RELATIONSHIP_WITH_TRANSFORMATION(#31)
SHAPE_REPRESENTATION_RELATIONSHIP()
);
#58=(
REPRESENTATION_RELATIONSHIP($,$,#19067,#19047)
REPRESENTATION_RELATIONSHIP_WITH_TRANSFORMATION(#32)
SHAPE_REPRESENTATION_RELATIONSHIP()
);
#59=(
REPRESENTATION_RELATIONSHIP($,$,#19068,#19047)
REPRESENTATION_RELATIONSHIP_WITH_TRANSFORMATION(#33)
SHAPE_REPRESENTATION_RELATIONSHIP()
);
#60=(
REPRESENTATION_RELATIONSHIP($,$,#19069,#19047)
REPRESENTATION_RELATIONSHIP_WITH_TRANSFORMATION(#34)
SHAPE_REPRESENTATION_RELATIONSHIP()
);
#61=(
REPRESENTATION_RELATIONSHIP($,$,#19070,#19047)
REPRESENTATION_RELATIONSHIP_WITH_TRANSFORMATION(#35)
SHAPE_REPRESENTATION_RELATIONSHIP()
);
#62=(
REPRESENTATION_RELATIONSHIP($,$,#19046,#19045)
REPRESENTATION_RELATIONSHIP_WITH_TRANSFORMATION(#36)
SHAPE_REPRESENTATION_RELATIONSHIP()
);
#63=(
REPRESENTATION_RELATIONSHIP($,$,#19047,#19045)
REPRESENTATION_RELATIONSHIP_WITH_TRANSFORMATION(#37)
SHAPE_REPRESENTATION_RELATIONSHIP()
);
#64=(
REPRESENTATION_RELATIONSHIP($,$,#19071,#19045)
REPRESENTATION_RELATIONSHIP_WITH_TRANSFORMATION(#38)
SHAPE_REPRESENTATION_RELATIONSHIP()
);
#65=CONTEXT_DEPENDENT_SHAPE_REPRESENTATION(#39,#19018);
#66=CONTEXT_DEPENDENT_SHAPE_REPRESENTATION(#40,#19019);
#67=CONTEXT_DEPENDENT_SHAPE_REPRESENTATION(#41,#19020);
#68=CONTEXT_DEPENDENT_SHAPE_REPRESENTATION(#42,#19021);
#69=CONTEXT_DEPENDENT_SHAPE_REPRESENTATION(#43,#19022);
#70=CONTEXT_DEPENDENT_SHAPE_REPRESENTATION(#44,#19023);
#71=CONTEXT_DEPENDENT_SHAPE_REPRESENTATION(#45,#19024);
#72=CONTEXT_DEPENDENT_SHAPE_REPRESENTATION(#46,#19025);
#73=CONTEXT_DEPENDENT_SHAPE_REPRESENTATION(#47,#19026);
#74=CONTEXT_DEPENDENT_SHAPE_REPRESENTATION(#48,#19027);
#75=CONTEXT_DEPENDENT_SHAPE_REPRESENTATION(#49,#19028);
#76=CONTEXT_DEPENDENT_SHAPE_REPRESENTATION(#50,#19029);
#77=CONTEXT_DEPENDENT_SHAPE_REPRESENTATION(#51,#19030);
#78=CONTEXT_DEPENDENT_SHAPE_REPRESENTATION(#52,#19031);
#79=CONTEXT_DEPENDENT_SHAPE_REPRESENTATION(#53,#19032);
#80=CONTEXT_DEPENDENT_SHAPE_REPRESENTATION(#54,#19033);
#81=CONTEXT_DEPENDENT_SHAPE_REPRESENTATION(#55,#19034);
#82=CONTEXT_DEPENDENT_SHAPE_REPRESENTATION(#56,#19035);
#83=CONTEXT_DEPENDENT_SHAPE_REPRESENTATION(#57,#19036);
#84=CONTEXT_DEPENDENT_SHAPE_REPRESENTATION(#58,#19037);
#85=CONTEXT_DEPENDENT_SHAPE_REPRESENTATION(#59,#19038);
#86=CONTEXT_DEPENDENT_SHAPE_REPRESENTATION(#60,#19039);
#87=CONTEXT_DEPENDENT_SHAPE_REPRESENTATION(#61,#19040);
#88=CONTEXT_DEPENDENT_SHAPE_REPRESENTATION(#62,#19042);
#89=CONTEXT_DEPENDENT_SHAPE_REPRESENTATION(#63,#19043);
#90=CONTEXT_DEPENDENT_SHAPE_REPRESENTATION(#64,#19044);
#91=NEXT_ASSEMBLY_USAGE_OCCURRENCE('PCB_board','PCB_board','PCB_board',
#19075,#19076,'PCB_board');
#92=NEXT_ASSEMBLY_USAGE_OCCURRENCE('R6','R6','R6',#19075,#19077,'R6');
#93=NEXT_ASSEMBLY_USAGE_OCCURRENCE('R5','R5','R5',#19075,#19078,'R5');
#94=NEXT_ASSEMBLY_USAGE_OCCURRENCE('R4','R4','R4',#19075,#19079,'R4');
#95=NEXT_ASSEMBLY_USAGE_OCCURRENCE('R3','R3','R3',#19075,#19080,'R3');
#96=NEXT_ASSEMBLY_USAGE_OCCURRENCE('R2','R2','R2',#19075,#19081,'R2');
#97=NEXT_ASSEMBLY_USAGE_OCCURRENCE('R1','R1','R1',#19075,#19082,'R1');
#98=NEXT_ASSEMBLY_USAGE_OCCURRENCE('C6','C6','C6',#19075,#19083,'C6');
#99=NEXT_ASSEMBLY_USAGE_OCCURRENCE('SMP6','SMP6','SMP6',#19075,#19084,
'SMP6');
#100=NEXT_ASSEMBLY_USAGE_OCCURRENCE('C5','C5','C5',#19075,#19085,'C5');
#101=NEXT_ASSEMBLY_USAGE_OCCURRENCE('SMP5','SMP5','SMP5',#19075,#19086,
'SMP5');
#102=NEXT_ASSEMBLY_USAGE_OCCURRENCE('C4','C4','C4',#19075,#19087,'C4');
#103=NEXT_ASSEMBLY_USAGE_OCCURRENCE('C3','C3','C3',#19075,#19088,'C3');
#104=NEXT_ASSEMBLY_USAGE_OCCURRENCE('C2','C2','C2',#19075,#19089,'C2');
#105=NEXT_ASSEMBLY_USAGE_OCCURRENCE('C1','C1','C1',#19075,#19090,'C1');
#106=NEXT_ASSEMBLY_USAGE_OCCURRENCE('SMP1','SMP1','SMP1',#19075,#19091,
'SMP1');
#107=NEXT_ASSEMBLY_USAGE_OCCURRENCE('SMP2','SMP2','SMP2',#19075,#19092,
'SMP2');
#108=NEXT_ASSEMBLY_USAGE_OCCURRENCE('SMP3','SMP3','SMP3',#19075,#19093,
'SMP3');
#109=NEXT_ASSEMBLY_USAGE_OCCURRENCE('SMP4','SMP4','SMP4',#19075,#19094,
'SMP4');
#110=NEXT_ASSEMBLY_USAGE_OCCURRENCE('SMP7','SMP7','SMP7',#19075,#19095,
'SMP7');
#111=NEXT_ASSEMBLY_USAGE_OCCURRENCE('SMP8','SMP8','SMP8',#19075,#19096,
'SMP8');
#112=NEXT_ASSEMBLY_USAGE_OCCURRENCE('J1','J1','J1',#19075,#19097,'J1');
#113=NEXT_ASSEMBLY_USAGE_OCCURRENCE('QD_bond_pads','QD_bond_pads',
'QD_bond_pads',#19075,#19098,'QD_bond_pads');
#114=NEXT_ASSEMBLY_USAGE_OCCURRENCE('Bottom - SMP side',
'Bottom - SMP side','Bottom - SMP side',#19073,#19074,
'Bottom - SMP side');
#115=NEXT_ASSEMBLY_USAGE_OCCURRENCE('Current PCB - simplified',
'Current PCB - simplified','Current PCB - simplified',#19073,#19075,
'Current PCB - simplified');
#116=NEXT_ASSEMBLY_USAGE_OCCURRENCE('Top_ForFridge - QD side',
'Top_ForFridge - QD side','Top_ForFridge - QD side',#19073,#19099,
'Top_ForFridge - QD side');
#117=SHAPE_REPRESENTATION_RELATIONSHIP('SRR','None',#19046,#142);
#118=SHAPE_REPRESENTATION_RELATIONSHIP('SRR','None',#19048,#143);
#119=SHAPE_REPRESENTATION_RELATIONSHIP('SRR','None',#19049,#144);
#120=SHAPE_REPRESENTATION_RELATIONSHIP('SRR','None',#19050,#145);
#121=SHAPE_REPRESENTATION_RELATIONSHIP('SRR','None',#19051,#146);
#122=SHAPE_REPRESENTATION_RELATIONSHIP('SRR','None',#19052,#147);
#123=SHAPE_REPRESENTATION_RELATIONSHIP('SRR','None',#19053,#148);
#124=SHAPE_REPRESENTATION_RELATIONSHIP('SRR','None',#19054,#149);
#125=SHAPE_REPRESENTATION_RELATIONSHIP('SRR','None',#19055,#150);
#126=SHAPE_REPRESENTATION_RELATIONSHIP('SRR','None',#19056,#151);
#127=SHAPE_REPRESENTATION_RELATIONSHIP('SRR','None',#19057,#152);
#128=SHAPE_REPRESENTATION_RELATIONSHIP('SRR','None',#19058,#153);
#129=SHAPE_REPRESENTATION_RELATIONSHIP('SRR','None',#19059,#154);
#130=SHAPE_REPRESENTATION_RELATIONSHIP('SRR','None',#19060,#155);
#131=SHAPE_REPRESENTATION_RELATIONSHIP('SRR','None',#19061,#156);
#132=SHAPE_REPRESENTATION_RELATIONSHIP('SRR','None',#19062,#157);
#133=SHAPE_REPRESENTATION_RELATIONSHIP('SRR','None',#19063,#158);
#134=SHAPE_REPRESENTATION_RELATIONSHIP('SRR','None',#19064,#159);
#135=SHAPE_REPRESENTATION_RELATIONSHIP('SRR','None',#19065,#160);
#136=SHAPE_REPRESENTATION_RELATIONSHIP('SRR','None',#19066,#161);
#137=SHAPE_REPRESENTATION_RELATIONSHIP('SRR','None',#19067,#162);
#138=SHAPE_REPRESENTATION_RELATIONSHIP('SRR','None',#19068,#163);
#139=SHAPE_REPRESENTATION_RELATIONSHIP('SRR','None',#19069,#164);
#140=SHAPE_REPRESENTATION_RELATIONSHIP('SRR','None',#19070,#165);
#141=SHAPE_REPRESENTATION_RELATIONSHIP('SRR','None',#19071,#166);
#142=ADVANCED_BREP_SHAPE_REPRESENTATION('',(#287),#18930);
#143=ADVANCED_BREP_SHAPE_REPRESENTATION('',(#288),#18932);
#144=ADVANCED_BREP_SHAPE_REPRESENTATION('',(#289),#18933);
#145=ADVANCED_BREP_SHAPE_REPRESENTATION('',(#290),#18934);
#146=ADVANCED_BREP_SHAPE_REPRESENTATION('',(#291),#18935);
#147=ADVANCED_BREP_SHAPE_REPRESENTATION('',(#292),#18936);
#148=ADVANCED_BREP_SHAPE_REPRESENTATION('',(#293),#18937);
#149=ADVANCED_BREP_SHAPE_REPRESENTATION('',(#294),#18938);
#150=ADVANCED_BREP_SHAPE_REPRESENTATION('',(#295),#18939);
#151=ADVANCED_BREP_SHAPE_REPRESENTATION('',(#296,#297,#298,#299,#300,#301,
#302,#303,#304,#305),#18940);
#152=ADVANCED_BREP_SHAPE_REPRESENTATION('',(#306),#18941);
#153=ADVANCED_BREP_SHAPE_REPRESENTATION('',(#307,#308,#309,#310,#311,#312,
#313,#314,#315,#316),#18942);
#154=ADVANCED_BREP_SHAPE_REPRESENTATION('',(#317),#18943);
#155=ADVANCED_BREP_SHAPE_REPRESENTATION('',(#318),#18944);
#156=ADVANCED_BREP_SHAPE_REPRESENTATION('',(#319),#18945);
#157=ADVANCED_BREP_SHAPE_REPRESENTATION('',(#320),#18946);
#158=ADVANCED_BREP_SHAPE_REPRESENTATION('',(#321,#322,#323,#324,#325,#326,
#327,#328,#329,#330),#18947);
#159=ADVANCED_BREP_SHAPE_REPRESENTATION('',(#331,#332,#333,#334,#335,#336,
#337,#338,#339,#340),#18948);
#160=ADVANCED_BREP_SHAPE_REPRESENTATION('',(#341,#342,#343,#344,#345,#346,
#347,#348,#349,#350),#18949);
#161=ADVANCED_BREP_SHAPE_REPRESENTATION('',(#351,#352,#353,#354,#355,#356,
#357,#358,#359,#360),#18950);
#162=ADVANCED_BREP_SHAPE_REPRESENTATION('',(#361,#362,#363,#364,#365,#366,
#367,#368,#369,#370),#18951);
#163=ADVANCED_BREP_SHAPE_REPRESENTATION('',(#371,#372,#373,#374,#375,#376,
#377,#378,#379,#380),#18952);
#164=ADVANCED_BREP_SHAPE_REPRESENTATION('',(#381),#18953);
#165=ADVANCED_BREP_SHAPE_REPRESENTATION('',(#382,#383,#384,#385,#386,#387,
#388,#389,#390,#391,#392,#393,#394,#395,#396,#397,#398,#399,#400,#401,#402,
#403,#404,#405),#18954);
#166=ADVANCED_BREP_SHAPE_REPRESENTATION('',(#406),#18955);
#167=STYLED_ITEM('',(#11149),#287);
#168=STYLED_ITEM('',(#11150),#288);
#169=STYLED_ITEM('',(#11151),#289);
#170=STYLED_ITEM('',(#11152),#290);
#171=STYLED_ITEM('',(#11153),#291);
#172=STYLED_ITEM('',(#11154),#292);
#173=STYLED_ITEM('',(#11155),#293);
#174=STYLED_ITEM('',(#11156),#294);
#175=STYLED_ITEM('',(#11157),#295);
#176=STYLED_ITEM('',(#11158),#296);
#177=STYLED_ITEM('',(#11158),#297);
#178=STYLED_ITEM('',(#11158),#298);
#179=STYLED_ITEM('',(#11158),#299);
#180=STYLED_ITEM('',(#11158),#300);
#181=STYLED_ITEM('',(#11158),#301);
#182=STYLED_ITEM('',(#11158),#302);
#183=STYLED_ITEM('',(#11158),#303);
#184=STYLED_ITEM('',(#11158),#304);
#185=STYLED_ITEM('',(#11158),#305);
#186=STYLED_ITEM('',(#11159),#306);
#187=STYLED_ITEM('',(#11160),#307);
#188=STYLED_ITEM('',(#11160),#308);
#189=STYLED_ITEM('',(#11160),#309);
#190=STYLED_ITEM('',(#11160),#310);
#191=STYLED_ITEM('',(#11160),#311);
#192=STYLED_ITEM('',(#11160),#312);
#193=STYLED_ITEM('',(#11160),#313);
#194=STYLED_ITEM('',(#11160),#314);
#195=STYLED_ITEM('',(#11160),#315);
#196=STYLED_ITEM('',(#11160),#316);
#197=STYLED_ITEM('',(#11161),#317);
#198=STYLED_ITEM('',(#11162),#318);
#199=STYLED_ITEM('',(#11163),#319);
#200=STYLED_ITEM('',(#11164),#320);
#201=STYLED_ITEM('',(#11165),#321);
#202=STYLED_ITEM('',(#11165),#322);
#203=STYLED_ITEM('',(#11165),#323);
#204=STYLED_ITEM('',(#11165),#324);
#205=STYLED_ITEM('',(#11165),#325);
#206=STYLED_ITEM('',(#11165),#326);
#207=STYLED_ITEM('',(#11165),#327);
#208=STYLED_ITEM('',(#11165),#328);
#209=STYLED_ITEM('',(#11165),#329);
#210=STYLED_ITEM('',(#11165),#330);
#211=STYLED_ITEM('',(#11166),#331);
#212=STYLED_ITEM('',(#11166),#332);
#213=STYLED_ITEM('',(#11166),#333);
#214=STYLED_ITEM('',(#11166),#334);
#215=STYLED_ITEM('',(#11166),#335);
#216=STYLED_ITEM('',(#11166),#336);
#217=STYLED_ITEM('',(#11166),#337);
#218=STYLED_ITEM('',(#11166),#338);
#219=STYLED_ITEM('',(#11166),#339);
#220=STYLED_ITEM('',(#11166),#340);
#221=STYLED_ITEM('',(#11167),#341);
#222=STYLED_ITEM('',(#11167),#342);
#223=STYLED_ITEM('',(#11167),#343);
#224=STYLED_ITEM('',(#11167),#344);
#225=STYLED_ITEM('',(#11167),#345);
#226=STYLED_ITEM('',(#11167),#346);
#227=STYLED_ITEM('',(#11167),#347);
#228=STYLED_ITEM('',(#11167),#348);
#229=STYLED_ITEM('',(#11167),#349);
#230=STYLED_ITEM('',(#11167),#350);
#231=STYLED_ITEM('',(#11168),#351);
#232=STYLED_ITEM('',(#11168),#352);
#233=STYLED_ITEM('',(#11168),#353);
#234=STYLED_ITEM('',(#11168),#354);
#235=STYLED_ITEM('',(#11168),#355);
#236=STYLED_ITEM('',(#11168),#356);
#237=STYLED_ITEM('',(#11168),#357);
#238=STYLED_ITEM('',(#11168),#358);
#239=STYLED_ITEM('',(#11168),#359);
#240=STYLED_ITEM('',(#11168),#360);
#241=STYLED_ITEM('',(#11169),#361);
#242=STYLED_ITEM('',(#11169),#362);
#243=STYLED_ITEM('',(#11169),#363);
#244=STYLED_ITEM('',(#11169),#364);
#245=STYLED_ITEM('',(#11169),#365);
#246=STYLED_ITEM('',(#11169),#366);
#247=STYLED_ITEM('',(#11169),#367);
#248=STYLED_ITEM('',(#11169),#368);
#249=STYLED_ITEM('',(#11169),#369);
#250=STYLED_ITEM('',(#11169),#370);
#251=STYLED_ITEM('',(#11170),#371);
#252=STYLED_ITEM('',(#11170),#372);
#253=STYLED_ITEM('',(#11170),#373);
#254=STYLED_ITEM('',(#11170),#374);
#255=STYLED_ITEM('',(#11170),#375);
#256=STYLED_ITEM('',(#11170),#376);
#257=STYLED_ITEM('',(#11170),#377);
#258=STYLED_ITEM('',(#11170),#378);
#259=STYLED_ITEM('',(#11170),#379);
#260=STYLED_ITEM('',(#11170),#380);
#261=STYLED_ITEM('',(#11171),#381);
#262=STYLED_ITEM('',(#11172),#382);
#263=STYLED_ITEM('',(#11172),#383);
#264=STYLED_ITEM('',(#11172),#384);
#265=STYLED_ITEM('',(#11172),#385);
#266=STYLED_ITEM('',(#11172),#386);
#267=STYLED_ITEM('',(#11172),#387);
#268=STYLED_ITEM('',(#11172),#388);
#269=STYLED_ITEM('',(#11172),#389);
#270=STYLED_ITEM('',(#11172),#390);
#271=STYLED_ITEM('',(#11172),#391);
#272=STYLED_ITEM('',(#11172),#392);
#273=STYLED_ITEM('',(#11172),#393);
#274=STYLED_ITEM('',(#11172),#394);
#275=STYLED_ITEM('',(#11172),#395);
#276=STYLED_ITEM('',(#11172),#396);
#277=STYLED_ITEM('',(#11172),#397);
#278=STYLED_ITEM('',(#11172),#398);
#279=STYLED_ITEM('',(#11172),#399);
#280=STYLED_ITEM('',(#11172),#400);
#281=STYLED_ITEM('',(#11172),#401);
#282=STYLED_ITEM('',(#11172),#402);
#283=STYLED_ITEM('',(#11172),#403);
#284=STYLED_ITEM('',(#11172),#404);
#285=STYLED_ITEM('',(#11172),#405);
#286=STYLED_ITEM('',(#11174),#406);
#287=MANIFOLD_SOLID_BREP('Solid2',#10750);
#288=MANIFOLD_SOLID_BREP('Solid1',#10751);
#289=MANIFOLD_SOLID_BREP('Solid1',#10752);
#290=MANIFOLD_SOLID_BREP('Solid1',#10753);
#291=MANIFOLD_SOLID_BREP('Solid1',#10754);
#292=MANIFOLD_SOLID_BREP('Solid1',#10755);
#293=MANIFOLD_SOLID_BREP('Solid1',#10756);
#294=MANIFOLD_SOLID_BREP('Solid1',#10757);
#295=MANIFOLD_SOLID_BREP('Solid1',#10758);
#296=MANIFOLD_SOLID_BREP('Solid1',#10759);
#297=MANIFOLD_SOLID_BREP('Solid2',#10760);
#298=MANIFOLD_SOLID_BREP('Solid3',#10761);
#299=MANIFOLD_SOLID_BREP('Solid4',#10762);
#300=MANIFOLD_SOLID_BREP('Solid5',#10763);
#301=MANIFOLD_SOLID_BREP('Solid6',#10764);
#302=MANIFOLD_SOLID_BREP('Solid7',#10765);
#303=MANIFOLD_SOLID_BREP('Solid8',#10766);
#304=MANIFOLD_SOLID_BREP('Solid9',#10767);
#305=MANIFOLD_SOLID_BREP('Solid10',#10768);
#306=MANIFOLD_SOLID_BREP('Solid1',#10769);
#307=MANIFOLD_SOLID_BREP('Solid1',#10770);
#308=MANIFOLD_SOLID_BREP('Solid2',#10771);
#309=MANIFOLD_SOLID_BREP('Solid3',#10772);
#310=MANIFOLD_SOLID_BREP('Solid4',#10773);
#311=MANIFOLD_SOLID_BREP('Solid5',#10774);
#312=MANIFOLD_SOLID_BREP('Solid6',#10775);
#313=MANIFOLD_SOLID_BREP('Solid7',#10776);
#314=MANIFOLD_SOLID_BREP('Solid8',#10777);
#315=MANIFOLD_SOLID_BREP('Solid9',#10778);
#316=MANIFOLD_SOLID_BREP('Solid10',#10779);
#317=MANIFOLD_SOLID_BREP('Solid1',#10780);
#318=MANIFOLD_SOLID_BREP('Solid1',#10781);
#319=MANIFOLD_SOLID_BREP('Solid1',#10782);
#320=MANIFOLD_SOLID_BREP('Solid1',#10783);
#321=MANIFOLD_SOLID_BREP('Solid1',#10784);
#322=MANIFOLD_SOLID_BREP('Solid2',#10785);
#323=MANIFOLD_SOLID_BREP('Solid3',#10786);
#324=MANIFOLD_SOLID_BREP('Solid4',#10787);
#325=MANIFOLD_SOLID_BREP('Solid5',#10788);
#326=MANIFOLD_SOLID_BREP('Solid6',#10789);
#327=MANIFOLD_SOLID_BREP('Solid7',#10790);
#328=MANIFOLD_SOLID_BREP('Solid8',#10791);
#329=MANIFOLD_SOLID_BREP('Solid9',#10792);
#330=MANIFOLD_SOLID_BREP('Solid10',#10793);
#331=MANIFOLD_SOLID_BREP('Solid1',#10794);
#332=MANIFOLD_SOLID_BREP('Solid2',#10795);
#333=MANIFOLD_SOLID_BREP('Solid3',#10796);
#334=MANIFOLD_SOLID_BREP('Solid4',#10797);
#335=MANIFOLD_SOLID_BREP('Solid5',#10798);
#336=MANIFOLD_SOLID_BREP('Solid6',#10799);
#337=MANIFOLD_SOLID_BREP('Solid7',#10800);
#338=MANIFOLD_SOLID_BREP('Solid8',#10801);
#339=MANIFOLD_SOLID_BREP('Solid9',#10802);
#340=MANIFOLD_SOLID_BREP('Solid10',#10803);
#341=MANIFOLD_SOLID_BREP('Solid1',#10804);
#342=MANIFOLD_SOLID_BREP('Solid2',#10805);
#343=MANIFOLD_SOLID_BREP('Solid3',#10806);
#344=MANIFOLD_SOLID_BREP('Solid4',#10807);
#345=MANIFOLD_SOLID_BREP('Solid5',#10808);
#346=MANIFOLD_SOLID_BREP('Solid6',#10809);
#347=MANIFOLD_SOLID_BREP('Solid7',#10810);
#348=MANIFOLD_SOLID_BREP('Solid8',#10811);
#349=MANIFOLD_SOLID_BREP('Solid9',#10812);
#350=MANIFOLD_SOLID_BREP('Solid10',#10813);
#351=MANIFOLD_SOLID_BREP('Solid1',#10814);
#352=MANIFOLD_SOLID_BREP('Solid2',#10815);
#353=MANIFOLD_SOLID_BREP('Solid3',#10816);
#354=MANIFOLD_SOLID_BREP('Solid4',#10817);
#355=MANIFOLD_SOLID_BREP('Solid5',#10818);
#356=MANIFOLD_SOLID_BREP('Solid6',#10819);
#357=MANIFOLD_SOLID_BREP('Solid7',#10820);
#358=MANIFOLD_SOLID_BREP('Solid8',#10821);
#359=MANIFOLD_SOLID_BREP('Solid9',#10822);
#360=MANIFOLD_SOLID_BREP('Solid10',#10823);
#361=MANIFOLD_SOLID_BREP('Solid1',#10824);
#362=MANIFOLD_SOLID_BREP('Solid2',#10825);
#363=MANIFOLD_SOLID_BREP('Solid3',#10826);
#364=MANIFOLD_SOLID_BREP('Solid4',#10827);
#365=MANIFOLD_SOLID_BREP('Solid5',#10828);
#366=MANIFOLD_SOLID_BREP('Solid6',#10829);
#367=MANIFOLD_SOLID_BREP('Solid7',#10830);
#368=MANIFOLD_SOLID_BREP('Solid8',#10831);
#369=MANIFOLD_SOLID_BREP('Solid9',#10832);
#370=MANIFOLD_SOLID_BREP('Solid10',#10833);
#371=MANIFOLD_SOLID_BREP('Solid1',#10834);
#372=MANIFOLD_SOLID_BREP('Solid2',#10835);
#373=MANIFOLD_SOLID_BREP('Solid3',#10836);
#374=MANIFOLD_SOLID_BREP('Solid4',#10837);
#375=MANIFOLD_SOLID_BREP('Solid5',#10838);
#376=MANIFOLD_SOLID_BREP('Solid6',#10839);
#377=MANIFOLD_SOLID_BREP('Solid7',#10840);
#378=MANIFOLD_SOLID_BREP('Solid8',#10841);
#379=MANIFOLD_SOLID_BREP('Solid9',#10842);
#380=MANIFOLD_SOLID_BREP('Solid10',#10843);
#381=MANIFOLD_SOLID_BREP('Solid1',#10844);
#382=MANIFOLD_SOLID_BREP('Solid1',#10845);
#383=MANIFOLD_SOLID_BREP('Solid2',#10846);
#384=MANIFOLD_SOLID_BREP('Solid3',#10847);
#385=MANIFOLD_SOLID_BREP('Solid4',#10848);
#386=MANIFOLD_SOLID_BREP('Solid5',#10849);
#387=MANIFOLD_SOLID_BREP('Solid6',#10850);
#388=MANIFOLD_SOLID_BREP('Solid7',#10851);
#389=MANIFOLD_SOLID_BREP('Solid8',#10852);
#390=MANIFOLD_SOLID_BREP('Solid9',#10853);
#391=MANIFOLD_SOLID_BREP('Solid10',#10854);
#392=MANIFOLD_SOLID_BREP('Solid11',#10855);
#393=MANIFOLD_SOLID_BREP('Solid12',#10856);
#394=MANIFOLD_SOLID_BREP('Solid13',#10857);
#395=MANIFOLD_SOLID_BREP('Solid14',#10858);
#396=MANIFOLD_SOLID_BREP('Solid15',#10859);
#397=MANIFOLD_SOLID_BREP('Solid16',#10860);
#398=MANIFOLD_SOLID_BREP('Solid17',#10861);
#399=MANIFOLD_SOLID_BREP('Solid18',#10862);
#400=MANIFOLD_SOLID_BREP('Solid19',#10863);
#401=MANIFOLD_SOLID_BREP('Solid20',#10864);
#402=MANIFOLD_SOLID_BREP('Solid21',#10865);
#403=MANIFOLD_SOLID_BREP('Solid22',#10866);
#404=MANIFOLD_SOLID_BREP('Solid23',#10867);
#405=MANIFOLD_SOLID_BREP('Solid24',#10868);
#406=MANIFOLD_SOLID_BREP('Solid2',#10869);
#407=CYLINDRICAL_SURFACE('',#11630,0.112204724409449);
#408=CYLINDRICAL_SURFACE('',#11632,0.112204724409449);
#409=CYLINDRICAL_SURFACE('',#11635,0.112204724409449);
#410=CYLINDRICAL_SURFACE('',#11637,0.112204724409449);
#411=CYLINDRICAL_SURFACE('',#11640,0.112204724409449);
#412=CYLINDRICAL_SURFACE('',#11643,0.112204724409449);
#413=CYLINDRICAL_SURFACE('',#11645,0.112204724409449);
#414=CYLINDRICAL_SURFACE('',#11648,0.112204724409449);
#415=CYLINDRICAL_SURFACE('',#11665,0.0669291338582677);
#416=CYLINDRICAL_SURFACE('',#11666,0.0669291338582677);
#417=CYLINDRICAL_SURFACE('',#11667,0.0669291338582673);
#418=CYLINDRICAL_SURFACE('',#11668,0.0669291338582673);
#419=CYLINDRICAL_SURFACE('',#11677,0.0314960629921255);
#420=CYLINDRICAL_SURFACE('',#11678,0.0314960629921255);
#421=CYLINDRICAL_SURFACE('',#11679,0.0314960629921255);
#422=CYLINDRICAL_SURFACE('',#11680,0.0314960629921255);
#423=CYLINDRICAL_SURFACE('',#11793,0.0413386);
#424=CYLINDRICAL_SURFACE('',#11794,0.07874015);
#425=CYLINDRICAL_SURFACE('',#11795,0.0147638);
#426=CYLINDRICAL_SURFACE('',#11796,0.0147638);
#427=CYLINDRICAL_SURFACE('',#11797,0.0147638);
#428=CYLINDRICAL_SURFACE('',#11798,0.0147638);
#429=CYLINDRICAL_SURFACE('',#11799,0.0147638);
#430=CYLINDRICAL_SURFACE('',#11800,0.0147638);
#431=CYLINDRICAL_SURFACE('',#11801,0.0147638);
#432=CYLINDRICAL_SURFACE('',#11802,0.0147638);
#433=CYLINDRICAL_SURFACE('',#11803,0.0147638);
#434=CYLINDRICAL_SURFACE('',#11804,0.0147638);
#435=CYLINDRICAL_SURFACE('',#11805,0.0413386);
#436=CYLINDRICAL_SURFACE('',#11806,0.07874015);
#437=CYLINDRICAL_SURFACE('',#11807,0.0147638);
#438=CYLINDRICAL_SURFACE('',#11808,0.0147638);
#439=CYLINDRICAL_SURFACE('',#11809,0.0147638);
#440=CYLINDRICAL_SURFACE('',#11810,0.0147638);
#441=CYLINDRICAL_SURFACE('',#11811,0.0147638);
#442=CYLINDRICAL_SURFACE('',#11812,0.0147638);
#443=CYLINDRICAL_SURFACE('',#11813,0.0147638);
#444=CYLINDRICAL_SURFACE('',#11814,0.0147638);
#445=CYLINDRICAL_SURFACE('',#11815,0.0147638);
#446=CYLINDRICAL_SURFACE('',#11816,0.0147638);
#447=CYLINDRICAL_SURFACE('',#11817,0.0147638);
#448=CYLINDRICAL_SURFACE('',#11818,0.0147638);
#449=CYLINDRICAL_SURFACE('',#11819,0.0147638);
#450=CYLINDRICAL_SURFACE('',#11820,0.0147638);
#451=CYLINDRICAL_SURFACE('',#11821,0.0147638);
#452=CYLINDRICAL_SURFACE('',#11822,0.0147638);
#453=CYLINDRICAL_SURFACE('',#11823,0.0147638);
#454=CYLINDRICAL_SURFACE('',#11824,0.0147638);
#455=CYLINDRICAL_SURFACE('',#11825,0.0147638);
#456=CYLINDRICAL_SURFACE('',#11826,0.0147638);
#457=CYLINDRICAL_SURFACE('',#11827,0.0413386);
#458=CYLINDRICAL_SURFACE('',#11828,0.0147638);
#459=CYLINDRICAL_SURFACE('',#11829,0.0147638);
#460=CYLINDRICAL_SURFACE('',#11830,0.0147638);
#461=CYLINDRICAL_SURFACE('',#11831,0.0147638);
#462=CYLINDRICAL_SURFACE('',#11832,0.0147638);
#463=CYLINDRICAL_SURFACE('',#11833,0.0147638);
#464=CYLINDRICAL_SURFACE('',#11834,0.0147638);
#465=CYLINDRICAL_SURFACE('',#11835,0.0147638);
#466=CYLINDRICAL_SURFACE('',#11836,0.0147638);
#467=CYLINDRICAL_SURFACE('',#11837,0.0147638);
#468=CYLINDRICAL_SURFACE('',#11838,0.0413386);
#469=CYLINDRICAL_SURFACE('',#11839,0.0196850393700787);
#470=CYLINDRICAL_SURFACE('',#11842,0.0196850393700787);
#471=CYLINDRICAL_SURFACE('',#11845,0.0196850393700787);
#472=CYLINDRICAL_SURFACE('',#11848,0.0196850393700787);
#473=CYLINDRICAL_SURFACE('',#11934,0.108267716535433);
#474=CYLINDRICAL_SURFACE('',#11940,0.0720472440944882);
#475=CYLINDRICAL_SURFACE('',#11943,0.0118110236220472);
#476=CYLINDRICAL_SURFACE('',#11948,0.0118110236220472);
#477=CYLINDRICAL_SURFACE('',#11953,0.0216535433070866);
#478=CYLINDRICAL_SURFACE('',#11958,0.0118110236220472);
#479=CYLINDRICAL_SURFACE('',#11963,0.0216535433070866);
#480=CYLINDRICAL_SURFACE('',#11968,0.0118110236220472);
#481=CYLINDRICAL_SURFACE('',#11973,0.0216535433070866);
#482=CYLINDRICAL_SURFACE('',#11978,0.0118110236220472);
#483=CYLINDRICAL_SURFACE('',#11983,0.0216535433070866);
#484=CYLINDRICAL_SURFACE('',#11996,0.108267716535433);
#485=CYLINDRICAL_SURFACE('',#12002,0.0720472440944882);
#486=CYLINDRICAL_SURFACE('',#12005,0.0118110236220472);
#487=CYLINDRICAL_SURFACE('',#12010,0.0118110236220472);
#488=CYLINDRICAL_SURFACE('',#12015,0.0216535433070866);
#489=CYLINDRICAL_SURFACE('',#12020,0.0118110236220472);
#490=CYLINDRICAL_SURFACE('',#12025,0.0216535433070866);
#491=CYLINDRICAL_SURFACE('',#12030,0.0118110236220472);
#492=CYLINDRICAL_SURFACE('',#12035,0.0216535433070866);
#493=CYLINDRICAL_SURFACE('',#12040,0.0118110236220472);
#494=CYLINDRICAL_SURFACE('',#12045,0.0216535433070866);
#495=CYLINDRICAL_SURFACE('',#12079,0.108267716535433);
#496=CYLINDRICAL_SURFACE('',#12085,0.0720472440944882);
#497=CYLINDRICAL_SURFACE('',#12088,0.0118110236220472);
#498=CYLINDRICAL_SURFACE('',#12093,0.0216535433070866);
#499=CYLINDRICAL_SURFACE('',#12098,0.0118110236220472);
#500=CYLINDRICAL_SURFACE('',#12103,0.0216535433070866);
#501=CYLINDRICAL_SURFACE('',#12108,0.0118110236220472);
#502=CYLINDRICAL_SURFACE('',#12113,0.0216535433070866);
#503=CYLINDRICAL_SURFACE('',#12118,0.0118110236220472);
#504=CYLINDRICAL_SURFACE('',#12123,0.0216535433070866);
#505=CYLINDRICAL_SURFACE('',#12128,0.0118110236220472);
#506=CYLINDRICAL_SURFACE('',#12134,0.108267716535433);
#507=CYLINDRICAL_SURFACE('',#12140,0.0720472440944882);
#508=CYLINDRICAL_SURFACE('',#12143,0.0118110236220472);
#509=CYLINDRICAL_SURFACE('',#12148,0.0216535433070866);
#510=CYLINDRICAL_SURFACE('',#12153,0.0118110236220472);
#511=CYLINDRICAL_SURFACE('',#12158,0.0216535433070866);
#512=CYLINDRICAL_SURFACE('',#12163,0.0118110236220472);
#513=CYLINDRICAL_SURFACE('',#12168,0.0216535433070866);
#514=CYLINDRICAL_SURFACE('',#12173,0.0118110236220472);
#515=CYLINDRICAL_SURFACE('',#12178,0.0216535433070866);
#516=CYLINDRICAL_SURFACE('',#12183,0.0118110236220472);
#517=CYLINDRICAL_SURFACE('',#12189,0.108267716535433);
#518=CYLINDRICAL_SURFACE('',#12195,0.0720472440944882);
#519=CYLINDRICAL_SURFACE('',#12198,0.0118110236220472);
#520=CYLINDRICAL_SURFACE('',#12203,0.0216535433070866);
#521=CYLINDRICAL_SURFACE('',#12208,0.0118110236220472);
#522=CYLINDRICAL_SURFACE('',#12213,0.0216535433070866);
#523=CYLINDRICAL_SURFACE('',#12218,0.0118110236220472);
#524=CYLINDRICAL_SURFACE('',#12223,0.0216535433070866);
#525=CYLINDRICAL_SURFACE('',#12228,0.0118110236220472);
#526=CYLINDRICAL_SURFACE('',#12233,0.0216535433070866);
#527=CYLINDRICAL_SURFACE('',#12238,0.0118110236220472);
#528=CYLINDRICAL_SURFACE('',#12244,0.108267716535433);
#529=CYLINDRICAL_SURFACE('',#12250,0.0720472440944882);
#530=CYLINDRICAL_SURFACE('',#12253,0.0118110236220472);
#531=CYLINDRICAL_SURFACE('',#12258,0.0216535433070866);
#532=CYLINDRICAL_SURFACE('',#12263,0.0118110236220472);
#533=CYLINDRICAL_SURFACE('',#12268,0.0216535433070866);
#534=CYLINDRICAL_SURFACE('',#12273,0.0118110236220472);
#535=CYLINDRICAL_SURFACE('',#12278,0.0216535433070866);
#536=CYLINDRICAL_SURFACE('',#12283,0.0118110236220472);
#537=CYLINDRICAL_SURFACE('',#12288,0.0216535433070866);
#538=CYLINDRICAL_SURFACE('',#12293,0.0118110236220472);
#539=CYLINDRICAL_SURFACE('',#12299,0.108267716535433);
#540=CYLINDRICAL_SURFACE('',#12305,0.0720472440944882);
#541=CYLINDRICAL_SURFACE('',#12308,0.0118110236220472);
#542=CYLINDRICAL_SURFACE('',#12313,0.0216535433070866);
#543=CYLINDRICAL_SURFACE('',#12318,0.0118110236220472);
#544=CYLINDRICAL_SURFACE('',#12323,0.0216535433070866);
#545=CYLINDRICAL_SURFACE('',#12328,0.0118110236220472);
#546=CYLINDRICAL_SURFACE('',#12333,0.0216535433070866);
#547=CYLINDRICAL_SURFACE('',#12338,0.0118110236220472);
#548=CYLINDRICAL_SURFACE('',#12343,0.0216535433070866);
#549=CYLINDRICAL_SURFACE('',#12348,0.0118110236220472);
#550=CYLINDRICAL_SURFACE('',#12354,0.108267716535433);
#551=CYLINDRICAL_SURFACE('',#12360,0.0720472440944882);
#552=CYLINDRICAL_SURFACE('',#12363,0.0118110236220472);
#553=CYLINDRICAL_SURFACE('',#12368,0.0216535433070866);
#554=CYLINDRICAL_SURFACE('',#12373,0.0118110236220472);
#555=CYLINDRICAL_SURFACE('',#12378,0.0216535433070866);
#556=CYLINDRICAL_SURFACE('',#12383,0.0118110236220472);
#557=CYLINDRICAL_SURFACE('',#12388,0.0216535433070866);
#558=CYLINDRICAL_SURFACE('',#12393,0.0118110236220472);
#559=CYLINDRICAL_SURFACE('',#12398,0.0216535433070866);
#560=CYLINDRICAL_SURFACE('',#12403,0.0118110236220472);
#561=CYLINDRICAL_SURFACE('',#12615,0.0826771653543309);
#562=CYLINDRICAL_SURFACE('',#12618,0.0826771653543309);
#563=CYLINDRICAL_SURFACE('',#12621,0.0826771653543307);
#564=CYLINDRICAL_SURFACE('',#12624,0.0826771653543308);
#565=CYLINDRICAL_SURFACE('',#12628,0.0492125984251968);
#566=CYLINDRICAL_SURFACE('',#12629,0.0492125984251968);
#567=CYLINDRICAL_SURFACE('',#12630,0.0492125984251966);
#568=CYLINDRICAL_SURFACE('',#12631,0.0492125984251965);
#569=CYLINDRICAL_SURFACE('',#12651,0.0787401574803146);
#570=CYLINDRICAL_SURFACE('',#12652,0.0787401574803146);
#571=CYLINDRICAL_SURFACE('',#12655,0.0787401574803146);
#572=CYLINDRICAL_SURFACE('',#12657,0.0787401574803146);
#573=CYLINDRICAL_SURFACE('',#12659,0.114173228346457);
#574=CYLINDRICAL_SURFACE('',#12663,0.0846456692913385);
#575=CYLINDRICAL_SURFACE('',#12672,0.0314960629921258);
#576=CYLINDRICAL_SURFACE('',#12675,0.0314960629921258);
#577=CYLINDRICAL_SURFACE('',#12676,0.0393700787401575);
#578=FACE_BOUND('',#1437,.T.);
#579=FACE_BOUND('',#1438,.T.);
#580=FACE_BOUND('',#1439,.T.);
#581=FACE_BOUND('',#1440,.T.);
#582=FACE_BOUND('',#1441,.T.);
#583=FACE_BOUND('',#1442,.T.);
#584=FACE_BOUND('',#1443,.T.);
#585=FACE_BOUND('',#1444,.T.);
#586=FACE_BOUND('',#1445,.T.);
#587=FACE_BOUND('',#1446,.T.);
#588=FACE_BOUND('',#1447,.T.);
#589=FACE_BOUND('',#1448,.T.);
#590=FACE_BOUND('',#1469,.T.);
#591=FACE_BOUND('',#1470,.T.);
#592=FACE_BOUND('',#1472,.T.);
#593=FACE_BOUND('',#1473,.T.);
#594=FACE_BOUND('',#1475,.T.);
#595=FACE_BOUND('',#1476,.T.);
#596=FACE_BOUND('',#1482,.T.);
#597=FACE_BOUND('',#1486,.T.);
#598=FACE_BOUND('',#1490,.T.);
#599=FACE_BOUND('',#1491,.T.);
#600=FACE_BOUND('',#1508,.T.);
#601=FACE_BOUND('',#1513,.T.);
#602=FACE_BOUND('',#1544,.T.);
#603=FACE_BOUND('',#1545,.T.);
#604=FACE_BOUND('',#1546,.T.);
#605=FACE_BOUND('',#1547,.T.);
#606=FACE_BOUND('',#1548,.T.);
#607=FACE_BOUND('',#1549,.T.);
#608=FACE_BOUND('',#1550,.T.);
#609=FACE_BOUND('',#1551,.T.);
#610=FACE_BOUND('',#1552,.T.);
#611=FACE_BOUND('',#1553,.T.);
#612=FACE_BOUND('',#1554,.T.);
#613=FACE_BOUND('',#1555,.T.);
#614=FACE_BOUND('',#1556,.T.);
#615=FACE_BOUND('',#1557,.T.);
#616=FACE_BOUND('',#1558,.T.);
#617=FACE_BOUND('',#1559,.T.);
#618=FACE_BOUND('',#1560,.T.);
#619=FACE_BOUND('',#1561,.T.);
#620=FACE_BOUND('',#1562,.T.);
#621=FACE_BOUND('',#1563,.T.);
#622=FACE_BOUND('',#1564,.T.);
#623=FACE_BOUND('',#1565,.T.);
#624=FACE_BOUND('',#1566,.T.);
#625=FACE_BOUND('',#1567,.T.);
#626=FACE_BOUND('',#1568,.T.);
#627=FACE_BOUND('',#1569,.T.);
#628=FACE_BOUND('',#1570,.T.);
#629=FACE_BOUND('',#1571,.T.);
#630=FACE_BOUND('',#1572,.T.);
#631=FACE_BOUND('',#1573,.T.);
#632=FACE_BOUND('',#1574,.T.);
#633=FACE_BOUND('',#1575,.T.);
#634=FACE_BOUND('',#1576,.T.);
#635=FACE_BOUND('',#1577,.T.);
#636=FACE_BOUND('',#1578,.T.);
#637=FACE_BOUND('',#1579,.T.);
#638=FACE_BOUND('',#1580,.T.);
#639=FACE_BOUND('',#1581,.T.);
#640=FACE_BOUND('',#1582,.T.);
#641=FACE_BOUND('',#1583,.T.);
#642=FACE_BOUND('',#1584,.T.);
#643=FACE_BOUND('',#1585,.T.);
#644=FACE_BOUND('',#1586,.T.);
#645=FACE_BOUND('',#1587,.T.);
#646=FACE_BOUND('',#1588,.T.);
#647=FACE_BOUND('',#1589,.T.);
#648=FACE_BOUND('',#1592,.T.);
#649=FACE_BOUND('',#1593,.T.);
#650=FACE_BOUND('',#1594,.T.);
#651=FACE_BOUND('',#1595,.T.);
#652=FACE_BOUND('',#1596,.T.);
#653=FACE_BOUND('',#1597,.T.);
#654=FACE_BOUND('',#1598,.T.);
#655=FACE_BOUND('',#1599,.T.);
#656=FACE_BOUND('',#1600,.T.);
#657=FACE_BOUND('',#1601,.T.);
#658=FACE_BOUND('',#1602,.T.);
#659=FACE_BOUND('',#1603,.T.);
#660=FACE_BOUND('',#1604,.T.);
#661=FACE_BOUND('',#1605,.T.);
#662=FACE_BOUND('',#1606,.T.);
#663=FACE_BOUND('',#1607,.T.);
#664=FACE_BOUND('',#1608,.T.);
#665=FACE_BOUND('',#1609,.T.);
#666=FACE_BOUND('',#1610,.T.);
#667=FACE_BOUND('',#1611,.T.);
#668=FACE_BOUND('',#1612,.T.);
#669=FACE_BOUND('',#1613,.T.);
#670=FACE_BOUND('',#1614,.T.);
#671=FACE_BOUND('',#1615,.T.);
#672=FACE_BOUND('',#1616,.T.);
#673=FACE_BOUND('',#1617,.T.);
#674=FACE_BOUND('',#1618,.T.);
#675=FACE_BOUND('',#1619,.T.);
#676=FACE_BOUND('',#1620,.T.);
#677=FACE_BOUND('',#1621,.T.);
#678=FACE_BOUND('',#1622,.T.);
#679=FACE_BOUND('',#1623,.T.);
#680=FACE_BOUND('',#1624,.T.);
#681=FACE_BOUND('',#1625,.T.);
#682=FACE_BOUND('',#1626,.T.);
#683=FACE_BOUND('',#1627,.T.);
#684=FACE_BOUND('',#1628,.T.);
#685=FACE_BOUND('',#1629,.T.);
#686=FACE_BOUND('',#1630,.T.);
#687=FACE_BOUND('',#1631,.T.);
#688=FACE_BOUND('',#1632,.T.);
#689=FACE_BOUND('',#1633,.T.);
#690=FACE_BOUND('',#1634,.T.);
#691=FACE_BOUND('',#1635,.T.);
#692=FACE_BOUND('',#1636,.T.);
#693=FACE_BOUND('',#1637,.T.);
#694=FACE_BOUND('',#1638,.T.);
#695=FACE_BOUND('',#1759,.T.);
#696=FACE_BOUND('',#1798,.T.);
#697=FACE_BOUND('',#1855,.T.);
#698=FACE_BOUND('',#1888,.T.);
#699=FACE_BOUND('',#1921,.T.);
#700=FACE_BOUND('',#1954,.T.);
#701=FACE_BOUND('',#1987,.T.);
#702=FACE_BOUND('',#2020,.T.);
#703=FACE_BOUND('',#2203,.T.);
#704=FACE_BOUND('',#2204,.T.);
#705=FACE_BOUND('',#2205,.T.);
#706=FACE_BOUND('',#2206,.T.);
#707=FACE_BOUND('',#2208,.T.);
#708=FACE_BOUND('',#2209,.T.);
#709=FACE_BOUND('',#2210,.T.);
#710=FACE_BOUND('',#2211,.T.);
#711=FACE_BOUND('',#2212,.T.);
#712=FACE_BOUND('',#2217,.T.);
#713=FACE_BOUND('',#2218,.T.);
#714=FACE_BOUND('',#2219,.T.);
#715=FACE_BOUND('',#2222,.T.);
#716=FACE_BOUND('',#2227,.T.);
#717=FACE_BOUND('',#2228,.T.);
#718=FACE_BOUND('',#2229,.T.);
#719=FACE_BOUND('',#2230,.T.);
#720=FACE_BOUND('',#2252,.T.);
#721=FACE_BOUND('',#2253,.T.);
#722=FACE_BOUND('',#2256,.T.);
#723=FACE_BOUND('',#2257,.T.);
#724=FACE_BOUND('',#2270,.T.);
#725=FACE_BOUND('',#2273,.T.);
#726=FACE_OUTER_BOUND('',#1431,.T.);
#727=FACE_OUTER_BOUND('',#1432,.T.);
#728=FACE_OUTER_BOUND('',#1433,.T.);
#729=FACE_OUTER_BOUND('',#1434,.T.);
#730=FACE_OUTER_BOUND('',#1435,.T.);
#731=FACE_OUTER_BOUND('',#1436,.T.);
#732=FACE_OUTER_BOUND('',#1449,.T.);
#733=FACE_OUTER_BOUND('',#1450,.T.);
#734=FACE_OUTER_BOUND('',#1451,.T.);
#735=FACE_OUTER_BOUND('',#1452,.T.);
#736=FACE_OUTER_BOUND('',#1453,.T.);
#737=FACE_OUTER_BOUND('',#1454,.T.);
#738=FACE_OUTER_BOUND('',#1455,.T.);
#739=FACE_OUTER_BOUND('',#1456,.T.);
#740=FACE_OUTER_BOUND('',#1457,.T.);
#741=FACE_OUTER_BOUND('',#1458,.T.);
#742=FACE_OUTER_BOUND('',#1459,.T.);
#743=FACE_OUTER_BOUND('',#1460,.T.);
#744=FACE_OUTER_BOUND('',#1461,.T.);
#745=FACE_OUTER_BOUND('',#1462,.T.);
#746=FACE_OUTER_BOUND('',#1463,.T.);
#747=FACE_OUTER_BOUND('',#1464,.T.);
#748=FACE_OUTER_BOUND('',#1465,.T.);
#749=FACE_OUTER_BOUND('',#1466,.T.);
#750=FACE_OUTER_BOUND('',#1467,.T.);
#751=FACE_OUTER_BOUND('',#1468,.T.);
#752=FACE_OUTER_BOUND('',#1471,.T.);
#753=FACE_OUTER_BOUND('',#1474,.T.);
#754=FACE_OUTER_BOUND('',#1477,.T.);
#755=FACE_OUTER_BOUND('',#1478,.T.);
#756=FACE_OUTER_BOUND('',#1479,.T.);
#757=FACE_OUTER_BOUND('',#1480,.T.);
#758=FACE_OUTER_BOUND('',#1481,.T.);
#759=FACE_OUTER_BOUND('',#1483,.T.);
#760=FACE_OUTER_BOUND('',#1484,.T.);
#761=FACE_OUTER_BOUND('',#1485,.T.);
#762=FACE_OUTER_BOUND('',#1487,.T.);
#763=FACE_OUTER_BOUND('',#1488,.T.);
#764=FACE_OUTER_BOUND('',#1489,.T.);
#765=FACE_OUTER_BOUND('',#1492,.T.);
#766=FACE_OUTER_BOUND('',#1493,.T.);
#767=FACE_OUTER_BOUND('',#1494,.T.);
#768=FACE_OUTER_BOUND('',#1495,.T.);
#769=FACE_OUTER_BOUND('',#1496,.T.);
#770=FACE_OUTER_BOUND('',#1497,.T.);
#771=FACE_OUTER_BOUND('',#1498,.T.);
#772=FACE_OUTER_BOUND('',#1499,.T.);
#773=FACE_OUTER_BOUND('',#1500,.T.);
#774=FACE_OUTER_BOUND('',#1501,.T.);
#775=FACE_OUTER_BOUND('',#1502,.T.);
#776=FACE_OUTER_BOUND('',#1503,.T.);
#777=FACE_OUTER_BOUND('',#1504,.T.);
#778=FACE_OUTER_BOUND('',#1505,.T.);
#779=FACE_OUTER_BOUND('',#1506,.T.);
#780=FACE_OUTER_BOUND('',#1507,.T.);
#781=FACE_OUTER_BOUND('',#1509,.T.);
#782=FACE_OUTER_BOUND('',#1510,.T.);
#783=FACE_OUTER_BOUND('',#1511,.T.);
#784=FACE_OUTER_BOUND('',#1512,.T.);
#785=FACE_OUTER_BOUND('',#1514,.T.);
#786=FACE_OUTER_BOUND('',#1515,.T.);
#787=FACE_OUTER_BOUND('',#1516,.T.);
#788=FACE_OUTER_BOUND('',#1517,.T.);
#789=FACE_OUTER_BOUND('',#1518,.T.);
#790=FACE_OUTER_BOUND('',#1519,.T.);
#791=FACE_OUTER_BOUND('',#1520,.T.);
#792=FACE_OUTER_BOUND('',#1521,.T.);
#793=FACE_OUTER_BOUND('',#1522,.T.);
#794=FACE_OUTER_BOUND('',#1523,.T.);
#795=FACE_OUTER_BOUND('',#1524,.T.);
#796=FACE_OUTER_BOUND('',#1525,.T.);
#797=FACE_OUTER_BOUND('',#1526,.T.);
#798=FACE_OUTER_BOUND('',#1527,.T.);
#799=FACE_OUTER_BOUND('',#1528,.T.);
#800=FACE_OUTER_BOUND('',#1529,.T.);
#801=FACE_OUTER_BOUND('',#1530,.T.);
#802=FACE_OUTER_BOUND('',#1531,.T.);
#803=FACE_OUTER_BOUND('',#1532,.T.);
#804=FACE_OUTER_BOUND('',#1533,.T.);
#805=FACE_OUTER_BOUND('',#1534,.T.);
#806=FACE_OUTER_BOUND('',#1535,.T.);
#807=FACE_OUTER_BOUND('',#1536,.T.);
#808=FACE_OUTER_BOUND('',#1537,.T.);
#809=FACE_OUTER_BOUND('',#1538,.T.);
#810=FACE_OUTER_BOUND('',#1539,.T.);
#811=FACE_OUTER_BOUND('',#1540,.T.);
#812=FACE_OUTER_BOUND('',#1541,.T.);
#813=FACE_OUTER_BOUND('',#1542,.T.);
#814=FACE_OUTER_BOUND('',#1543,.T.);
#815=FACE_OUTER_BOUND('',#1590,.T.);
#816=FACE_OUTER_BOUND('',#1591,.T.);
#817=FACE_OUTER_BOUND('',#1639,.T.);
#818=FACE_OUTER_BOUND('',#1640,.T.);
#819=FACE_OUTER_BOUND('',#1641,.T.);
#820=FACE_OUTER_BOUND('',#1642,.T.);
#821=FACE_OUTER_BOUND('',#1643,.T.);
#822=FACE_OUTER_BOUND('',#1644,.T.);
#823=FACE_OUTER_BOUND('',#1645,.T.);
#824=FACE_OUTER_BOUND('',#1646,.T.);
#825=FACE_OUTER_BOUND('',#1647,.T.);
#826=FACE_OUTER_BOUND('',#1648,.T.);
#827=FACE_OUTER_BOUND('',#1649,.T.);
#828=FACE_OUTER_BOUND('',#1650,.T.);
#829=FACE_OUTER_BOUND('',#1651,.T.);
#830=FACE_OUTER_BOUND('',#1652,.T.);
#831=FACE_OUTER_BOUND('',#1653,.T.);
#832=FACE_OUTER_BOUND('',#1654,.T.);
#833=FACE_OUTER_BOUND('',#1655,.T.);
#834=FACE_OUTER_BOUND('',#1656,.T.);
#835=FACE_OUTER_BOUND('',#1657,.T.);
#836=FACE_OUTER_BOUND('',#1658,.T.);
#837=FACE_OUTER_BOUND('',#1659,.T.);
#838=FACE_OUTER_BOUND('',#1660,.T.);
#839=FACE_OUTER_BOUND('',#1661,.T.);
#840=FACE_OUTER_BOUND('',#1662,.T.);
#841=FACE_OUTER_BOUND('',#1663,.T.);
#842=FACE_OUTER_BOUND('',#1664,.T.);
#843=FACE_OUTER_BOUND('',#1665,.T.);
#844=FACE_OUTER_BOUND('',#1666,.T.);
#845=FACE_OUTER_BOUND('',#1667,.T.);
#846=FACE_OUTER_BOUND('',#1668,.T.);
#847=FACE_OUTER_BOUND('',#1669,.T.);
#848=FACE_OUTER_BOUND('',#1670,.T.);
#849=FACE_OUTER_BOUND('',#1671,.T.);
#850=FACE_OUTER_BOUND('',#1672,.T.);
#851=FACE_OUTER_BOUND('',#1673,.T.);
#852=FACE_OUTER_BOUND('',#1674,.T.);
#853=FACE_OUTER_BOUND('',#1675,.T.);
#854=FACE_OUTER_BOUND('',#1676,.T.);
#855=FACE_OUTER_BOUND('',#1677,.T.);
#856=FACE_OUTER_BOUND('',#1678,.T.);
#857=FACE_OUTER_BOUND('',#1679,.T.);
#858=FACE_OUTER_BOUND('',#1680,.T.);
#859=FACE_OUTER_BOUND('',#1681,.T.);
#860=FACE_OUTER_BOUND('',#1682,.T.);
#861=FACE_OUTER_BOUND('',#1683,.T.);
#862=FACE_OUTER_BOUND('',#1684,.T.);
#863=FACE_OUTER_BOUND('',#1685,.T.);
#864=FACE_OUTER_BOUND('',#1686,.T.);
#865=FACE_OUTER_BOUND('',#1687,.T.);
#866=FACE_OUTER_BOUND('',#1688,.T.);
#867=FACE_OUTER_BOUND('',#1689,.T.);
#868=FACE_OUTER_BOUND('',#1690,.T.);
#869=FACE_OUTER_BOUND('',#1691,.T.);
#870=FACE_OUTER_BOUND('',#1692,.T.);
#871=FACE_OUTER_BOUND('',#1693,.T.);
#872=FACE_OUTER_BOUND('',#1694,.T.);
#873=FACE_OUTER_BOUND('',#1695,.T.);
#874=FACE_OUTER_BOUND('',#1696,.T.);
#875=FACE_OUTER_BOUND('',#1697,.T.);
#876=FACE_OUTER_BOUND('',#1698,.T.);
#877=FACE_OUTER_BOUND('',#1699,.T.);
#878=FACE_OUTER_BOUND('',#1700,.T.);
#879=FACE_OUTER_BOUND('',#1701,.T.);
#880=FACE_OUTER_BOUND('',#1702,.T.);
#881=FACE_OUTER_BOUND('',#1703,.T.);
#882=FACE_OUTER_BOUND('',#1704,.T.);
#883=FACE_OUTER_BOUND('',#1705,.T.);
#884=FACE_OUTER_BOUND('',#1706,.T.);
#885=FACE_OUTER_BOUND('',#1707,.T.);
#886=FACE_OUTER_BOUND('',#1708,.T.);
#887=FACE_OUTER_BOUND('',#1709,.T.);
#888=FACE_OUTER_BOUND('',#1710,.T.);
#889=FACE_OUTER_BOUND('',#1711,.T.);
#890=FACE_OUTER_BOUND('',#1712,.T.);
#891=FACE_OUTER_BOUND('',#1713,.T.);
#892=FACE_OUTER_BOUND('',#1714,.T.);
#893=FACE_OUTER_BOUND('',#1715,.T.);
#894=FACE_OUTER_BOUND('',#1716,.T.);
#895=FACE_OUTER_BOUND('',#1717,.T.);
#896=FACE_OUTER_BOUND('',#1718,.T.);
#897=FACE_OUTER_BOUND('',#1719,.T.);
#898=FACE_OUTER_BOUND('',#1720,.T.);
#899=FACE_OUTER_BOUND('',#1721,.T.);
#900=FACE_OUTER_BOUND('',#1722,.T.);
#901=FACE_OUTER_BOUND('',#1723,.T.);
#902=FACE_OUTER_BOUND('',#1724,.T.);
#903=FACE_OUTER_BOUND('',#1725,.T.);
#904=FACE_OUTER_BOUND('',#1726,.T.);
#905=FACE_OUTER_BOUND('',#1727,.T.);
#906=FACE_OUTER_BOUND('',#1728,.T.);
#907=FACE_OUTER_BOUND('',#1729,.T.);
#908=FACE_OUTER_BOUND('',#1730,.T.);
#909=FACE_OUTER_BOUND('',#1731,.T.);
#910=FACE_OUTER_BOUND('',#1732,.T.);
#911=FACE_OUTER_BOUND('',#1733,.T.);
#912=FACE_OUTER_BOUND('',#1734,.T.);
#913=FACE_OUTER_BOUND('',#1735,.T.);
#914=FACE_OUTER_BOUND('',#1736,.T.);
#915=FACE_OUTER_BOUND('',#1737,.T.);
#916=FACE_OUTER_BOUND('',#1738,.T.);
#917=FACE_OUTER_BOUND('',#1739,.T.);
#918=FACE_OUTER_BOUND('',#1740,.T.);
#919=FACE_OUTER_BOUND('',#1741,.T.);
#920=FACE_OUTER_BOUND('',#1742,.T.);
#921=FACE_OUTER_BOUND('',#1743,.T.);
#922=FACE_OUTER_BOUND('',#1744,.T.);
#923=FACE_OUTER_BOUND('',#1745,.T.);
#924=FACE_OUTER_BOUND('',#1746,.T.);
#925=FACE_OUTER_BOUND('',#1747,.T.);
#926=FACE_OUTER_BOUND('',#1748,.T.);
#927=FACE_OUTER_BOUND('',#1749,.T.);
#928=FACE_OUTER_BOUND('',#1750,.T.);
#929=FACE_OUTER_BOUND('',#1751,.T.);
#930=FACE_OUTER_BOUND('',#1752,.T.);
#931=FACE_OUTER_BOUND('',#1753,.T.);
#932=FACE_OUTER_BOUND('',#1754,.T.);
#933=FACE_OUTER_BOUND('',#1755,.T.);
#934=FACE_OUTER_BOUND('',#1756,.T.);
#935=FACE_OUTER_BOUND('',#1757,.T.);
#936=FACE_OUTER_BOUND('',#1758,.T.);
#937=FACE_OUTER_BOUND('',#1760,.T.);
#938=FACE_OUTER_BOUND('',#1761,.T.);
#939=FACE_OUTER_BOUND('',#1762,.T.);
#940=FACE_OUTER_BOUND('',#1763,.T.);
#941=FACE_OUTER_BOUND('',#1764,.T.);
#942=FACE_OUTER_BOUND('',#1765,.T.);
#943=FACE_OUTER_BOUND('',#1766,.T.);
#944=FACE_OUTER_BOUND('',#1767,.T.);
#945=FACE_OUTER_BOUND('',#1768,.T.);
#946=FACE_OUTER_BOUND('',#1769,.T.);
#947=FACE_OUTER_BOUND('',#1770,.T.);
#948=FACE_OUTER_BOUND('',#1771,.T.);
#949=FACE_OUTER_BOUND('',#1772,.T.);
#950=FACE_OUTER_BOUND('',#1773,.T.);
#951=FACE_OUTER_BOUND('',#1774,.T.);
#952=FACE_OUTER_BOUND('',#1775,.T.);
#953=FACE_OUTER_BOUND('',#1776,.T.);
#954=FACE_OUTER_BOUND('',#1777,.T.);
#955=FACE_OUTER_BOUND('',#1778,.T.);
#956=FACE_OUTER_BOUND('',#1779,.T.);
#957=FACE_OUTER_BOUND('',#1780,.T.);
#958=FACE_OUTER_BOUND('',#1781,.T.);
#959=FACE_OUTER_BOUND('',#1782,.T.);
#960=FACE_OUTER_BOUND('',#1783,.T.);
#961=FACE_OUTER_BOUND('',#1784,.T.);
#962=FACE_OUTER_BOUND('',#1785,.T.);
#963=FACE_OUTER_BOUND('',#1786,.T.);
#964=FACE_OUTER_BOUND('',#1787,.T.);
#965=FACE_OUTER_BOUND('',#1788,.T.);
#966=FACE_OUTER_BOUND('',#1789,.T.);
#967=FACE_OUTER_BOUND('',#1790,.T.);
#968=FACE_OUTER_BOUND('',#1791,.T.);
#969=FACE_OUTER_BOUND('',#1792,.T.);
#970=FACE_OUTER_BOUND('',#1793,.T.);
#971=FACE_OUTER_BOUND('',#1794,.T.);
#972=FACE_OUTER_BOUND('',#1795,.T.);
#973=FACE_OUTER_BOUND('',#1796,.T.);
#974=FACE_OUTER_BOUND('',#1797,.T.);
#975=FACE_OUTER_BOUND('',#1799,.T.);
#976=FACE_OUTER_BOUND('',#1800,.T.);
#977=FACE_OUTER_BOUND('',#1801,.T.);
#978=FACE_OUTER_BOUND('',#1802,.T.);
#979=FACE_OUTER_BOUND('',#1803,.T.);
#980=FACE_OUTER_BOUND('',#1804,.T.);
#981=FACE_OUTER_BOUND('',#1805,.T.);
#982=FACE_OUTER_BOUND('',#1806,.T.);
#983=FACE_OUTER_BOUND('',#1807,.T.);
#984=FACE_OUTER_BOUND('',#1808,.T.);
#985=FACE_OUTER_BOUND('',#1809,.T.);
#986=FACE_OUTER_BOUND('',#1810,.T.);
#987=FACE_OUTER_BOUND('',#1811,.T.);
#988=FACE_OUTER_BOUND('',#1812,.T.);
#989=FACE_OUTER_BOUND('',#1813,.T.);
#990=FACE_OUTER_BOUND('',#1814,.T.);
#991=FACE_OUTER_BOUND('',#1815,.T.);
#992=FACE_OUTER_BOUND('',#1816,.T.);
#993=FACE_OUTER_BOUND('',#1817,.T.);
#994=FACE_OUTER_BOUND('',#1818,.T.);
#995=FACE_OUTER_BOUND('',#1819,.T.);
#996=FACE_OUTER_BOUND('',#1820,.T.);
#997=FACE_OUTER_BOUND('',#1821,.T.);
#998=FACE_OUTER_BOUND('',#1822,.T.);
#999=FACE_OUTER_BOUND('',#1823,.T.);
#1000=FACE_OUTER_BOUND('',#1824,.T.);
#1001=FACE_OUTER_BOUND('',#1825,.T.);
#1002=FACE_OUTER_BOUND('',#1826,.T.);
#1003=FACE_OUTER_BOUND('',#1827,.T.);
#1004=FACE_OUTER_BOUND('',#1828,.T.);
#1005=FACE_OUTER_BOUND('',#1829,.T.);
#1006=FACE_OUTER_BOUND('',#1830,.T.);
#1007=FACE_OUTER_BOUND('',#1831,.T.);
#1008=FACE_OUTER_BOUND('',#1832,.T.);
#1009=FACE_OUTER_BOUND('',#1833,.T.);
#1010=FACE_OUTER_BOUND('',#1834,.T.);
#1011=FACE_OUTER_BOUND('',#1835,.T.);
#1012=FACE_OUTER_BOUND('',#1836,.T.);
#1013=FACE_OUTER_BOUND('',#1837,.T.);
#1014=FACE_OUTER_BOUND('',#1838,.T.);
#1015=FACE_OUTER_BOUND('',#1839,.T.);
#1016=FACE_OUTER_BOUND('',#1840,.T.);
#1017=FACE_OUTER_BOUND('',#1841,.T.);
#1018=FACE_OUTER_BOUND('',#1842,.T.);
#1019=FACE_OUTER_BOUND('',#1843,.T.);
#1020=FACE_OUTER_BOUND('',#1844,.T.);
#1021=FACE_OUTER_BOUND('',#1845,.T.);
#1022=FACE_OUTER_BOUND('',#1846,.T.);
#1023=FACE_OUTER_BOUND('',#1847,.T.);
#1024=FACE_OUTER_BOUND('',#1848,.T.);
#1025=FACE_OUTER_BOUND('',#1849,.T.);
#1026=FACE_OUTER_BOUND('',#1850,.T.);
#1027=FACE_OUTER_BOUND('',#1851,.T.);
#1028=FACE_OUTER_BOUND('',#1852,.T.);
#1029=FACE_OUTER_BOUND('',#1853,.T.);
#1030=FACE_OUTER_BOUND('',#1854,.T.);
#1031=FACE_OUTER_BOUND('',#1856,.T.);
#1032=FACE_OUTER_BOUND('',#1857,.T.);
#1033=FACE_OUTER_BOUND('',#1858,.T.);
#1034=FACE_OUTER_BOUND('',#1859,.T.);
#1035=FACE_OUTER_BOUND('',#1860,.T.);
#1036=FACE_OUTER_BOUND('',#1861,.T.);
#1037=FACE_OUTER_BOUND('',#1862,.T.);
#1038=FACE_OUTER_BOUND('',#1863,.T.);
#1039=FACE_OUTER_BOUND('',#1864,.T.);
#1040=FACE_OUTER_BOUND('',#1865,.T.);
#1041=FACE_OUTER_BOUND('',#1866,.T.);
#1042=FACE_OUTER_BOUND('',#1867,.T.);
#1043=FACE_OUTER_BOUND('',#1868,.T.);
#1044=FACE_OUTER_BOUND('',#1869,.T.);
#1045=FACE_OUTER_BOUND('',#1870,.T.);
#1046=FACE_OUTER_BOUND('',#1871,.T.);
#1047=FACE_OUTER_BOUND('',#1872,.T.);
#1048=FACE_OUTER_BOUND('',#1873,.T.);
#1049=FACE_OUTER_BOUND('',#1874,.T.);
#1050=FACE_OUTER_BOUND('',#1875,.T.);
#1051=FACE_OUTER_BOUND('',#1876,.T.);
#1052=FACE_OUTER_BOUND('',#1877,.T.);
#1053=FACE_OUTER_BOUND('',#1878,.T.);
#1054=FACE_OUTER_BOUND('',#1879,.T.);
#1055=FACE_OUTER_BOUND('',#1880,.T.);
#1056=FACE_OUTER_BOUND('',#1881,.T.);
#1057=FACE_OUTER_BOUND('',#1882,.T.);
#1058=FACE_OUTER_BOUND('',#1883,.T.);
#1059=FACE_OUTER_BOUND('',#1884,.T.);
#1060=FACE_OUTER_BOUND('',#1885,.T.);
#1061=FACE_OUTER_BOUND('',#1886,.T.);
#1062=FACE_OUTER_BOUND('',#1887,.T.);
#1063=FACE_OUTER_BOUND('',#1889,.T.);
#1064=FACE_OUTER_BOUND('',#1890,.T.);
#1065=FACE_OUTER_BOUND('',#1891,.T.);
#1066=FACE_OUTER_BOUND('',#1892,.T.);
#1067=FACE_OUTER_BOUND('',#1893,.T.);
#1068=FACE_OUTER_BOUND('',#1894,.T.);
#1069=FACE_OUTER_BOUND('',#1895,.T.);
#1070=FACE_OUTER_BOUND('',#1896,.T.);
#1071=FACE_OUTER_BOUND('',#1897,.T.);
#1072=FACE_OUTER_BOUND('',#1898,.T.);
#1073=FACE_OUTER_BOUND('',#1899,.T.);
#1074=FACE_OUTER_BOUND('',#1900,.T.);
#1075=FACE_OUTER_BOUND('',#1901,.T.);
#1076=FACE_OUTER_BOUND('',#1902,.T.);
#1077=FACE_OUTER_BOUND('',#1903,.T.);
#1078=FACE_OUTER_BOUND('',#1904,.T.);
#1079=FACE_OUTER_BOUND('',#1905,.T.);
#1080=FACE_OUTER_BOUND('',#1906,.T.);
#1081=FACE_OUTER_BOUND('',#1907,.T.);
#1082=FACE_OUTER_BOUND('',#1908,.T.);
#1083=FACE_OUTER_BOUND('',#1909,.T.);
#1084=FACE_OUTER_BOUND('',#1910,.T.);
#1085=FACE_OUTER_BOUND('',#1911,.T.);
#1086=FACE_OUTER_BOUND('',#1912,.T.);
#1087=FACE_OUTER_BOUND('',#1913,.T.);
#1088=FACE_OUTER_BOUND('',#1914,.T.);
#1089=FACE_OUTER_BOUND('',#1915,.T.);
#1090=FACE_OUTER_BOUND('',#1916,.T.);
#1091=FACE_OUTER_BOUND('',#1917,.T.);
#1092=FACE_OUTER_BOUND('',#1918,.T.);
#1093=FACE_OUTER_BOUND('',#1919,.T.);
#1094=FACE_OUTER_BOUND('',#1920,.T.);
#1095=FACE_OUTER_BOUND('',#1922,.T.);
#1096=FACE_OUTER_BOUND('',#1923,.T.);
#1097=FACE_OUTER_BOUND('',#1924,.T.);
#1098=FACE_OUTER_BOUND('',#1925,.T.);
#1099=FACE_OUTER_BOUND('',#1926,.T.);
#1100=FACE_OUTER_BOUND('',#1927,.T.);
#1101=FACE_OUTER_BOUND('',#1928,.T.);
#1102=FACE_OUTER_BOUND('',#1929,.T.);
#1103=FACE_OUTER_BOUND('',#1930,.T.);
#1104=FACE_OUTER_BOUND('',#1931,.T.);
#1105=FACE_OUTER_BOUND('',#1932,.T.);
#1106=FACE_OUTER_BOUND('',#1933,.T.);
#1107=FACE_OUTER_BOUND('',#1934,.T.);
#1108=FACE_OUTER_BOUND('',#1935,.T.);
#1109=FACE_OUTER_BOUND('',#1936,.T.);
#1110=FACE_OUTER_BOUND('',#1937,.T.);
#1111=FACE_OUTER_BOUND('',#1938,.T.);
#1112=FACE_OUTER_BOUND('',#1939,.T.);
#1113=FACE_OUTER_BOUND('',#1940,.T.);
#1114=FACE_OUTER_BOUND('',#1941,.T.);
#1115=FACE_OUTER_BOUND('',#1942,.T.);
#1116=FACE_OUTER_BOUND('',#1943,.T.);
#1117=FACE_OUTER_BOUND('',#1944,.T.);
#1118=FACE_OUTER_BOUND('',#1945,.T.);
#1119=FACE_OUTER_BOUND('',#1946,.T.);
#1120=FACE_OUTER_BOUND('',#1947,.T.);
#1121=FACE_OUTER_BOUND('',#1948,.T.);
#1122=FACE_OUTER_BOUND('',#1949,.T.);
#1123=FACE_OUTER_BOUND('',#1950,.T.);
#1124=FACE_OUTER_BOUND('',#1951,.T.);
#1125=FACE_OUTER_BOUND('',#1952,.T.);
#1126=FACE_OUTER_BOUND('',#1953,.T.);
#1127=FACE_OUTER_BOUND('',#1955,.T.);
#1128=FACE_OUTER_BOUND('',#1956,.T.);
#1129=FACE_OUTER_BOUND('',#1957,.T.);
#1130=FACE_OUTER_BOUND('',#1958,.T.);
#1131=FACE_OUTER_BOUND('',#1959,.T.);
#1132=FACE_OUTER_BOUND('',#1960,.T.);
#1133=FACE_OUTER_BOUND('',#1961,.T.);
#1134=FACE_OUTER_BOUND('',#1962,.T.);
#1135=FACE_OUTER_BOUND('',#1963,.T.);
#1136=FACE_OUTER_BOUND('',#1964,.T.);
#1137=FACE_OUTER_BOUND('',#1965,.T.);
#1138=FACE_OUTER_BOUND('',#1966,.T.);
#1139=FACE_OUTER_BOUND('',#1967,.T.);
#1140=FACE_OUTER_BOUND('',#1968,.T.);
#1141=FACE_OUTER_BOUND('',#1969,.T.);
#1142=FACE_OUTER_BOUND('',#1970,.T.);
#1143=FACE_OUTER_BOUND('',#1971,.T.);
#1144=FACE_OUTER_BOUND('',#1972,.T.);
#1145=FACE_OUTER_BOUND('',#1973,.T.);
#1146=FACE_OUTER_BOUND('',#1974,.T.);
#1147=FACE_OUTER_BOUND('',#1975,.T.);
#1148=FACE_OUTER_BOUND('',#1976,.T.);
#1149=FACE_OUTER_BOUND('',#1977,.T.);
#1150=FACE_OUTER_BOUND('',#1978,.T.);
#1151=FACE_OUTER_BOUND('',#1979,.T.);
#1152=FACE_OUTER_BOUND('',#1980,.T.);
#1153=FACE_OUTER_BOUND('',#1981,.T.);
#1154=FACE_OUTER_BOUND('',#1982,.T.);
#1155=FACE_OUTER_BOUND('',#1983,.T.);
#1156=FACE_OUTER_BOUND('',#1984,.T.);
#1157=FACE_OUTER_BOUND('',#1985,.T.);
#1158=FACE_OUTER_BOUND('',#1986,.T.);
#1159=FACE_OUTER_BOUND('',#1988,.T.);
#1160=FACE_OUTER_BOUND('',#1989,.T.);
#1161=FACE_OUTER_BOUND('',#1990,.T.);
#1162=FACE_OUTER_BOUND('',#1991,.T.);
#1163=FACE_OUTER_BOUND('',#1992,.T.);
#1164=FACE_OUTER_BOUND('',#1993,.T.);
#1165=FACE_OUTER_BOUND('',#1994,.T.);
#1166=FACE_OUTER_BOUND('',#1995,.T.);
#1167=FACE_OUTER_BOUND('',#1996,.T.);
#1168=FACE_OUTER_BOUND('',#1997,.T.);
#1169=FACE_OUTER_BOUND('',#1998,.T.);
#1170=FACE_OUTER_BOUND('',#1999,.T.);
#1171=FACE_OUTER_BOUND('',#2000,.T.);
#1172=FACE_OUTER_BOUND('',#2001,.T.);
#1173=FACE_OUTER_BOUND('',#2002,.T.);
#1174=FACE_OUTER_BOUND('',#2003,.T.);
#1175=FACE_OUTER_BOUND('',#2004,.T.);
#1176=FACE_OUTER_BOUND('',#2005,.T.);
#1177=FACE_OUTER_BOUND('',#2006,.T.);
#1178=FACE_OUTER_BOUND('',#2007,.T.);
#1179=FACE_OUTER_BOUND('',#2008,.T.);
#1180=FACE_OUTER_BOUND('',#2009,.T.);
#1181=FACE_OUTER_BOUND('',#2010,.T.);
#1182=FACE_OUTER_BOUND('',#2011,.T.);
#1183=FACE_OUTER_BOUND('',#2012,.T.);
#1184=FACE_OUTER_BOUND('',#2013,.T.);
#1185=FACE_OUTER_BOUND('',#2014,.T.);
#1186=FACE_OUTER_BOUND('',#2015,.T.);
#1187=FACE_OUTER_BOUND('',#2016,.T.);
#1188=FACE_OUTER_BOUND('',#2017,.T.);
#1189=FACE_OUTER_BOUND('',#2018,.T.);
#1190=FACE_OUTER_BOUND('',#2019,.T.);
#1191=FACE_OUTER_BOUND('',#2021,.T.);
#1192=FACE_OUTER_BOUND('',#2022,.T.);
#1193=FACE_OUTER_BOUND('',#2023,.T.);
#1194=FACE_OUTER_BOUND('',#2024,.T.);
#1195=FACE_OUTER_BOUND('',#2025,.T.);
#1196=FACE_OUTER_BOUND('',#2026,.T.);
#1197=FACE_OUTER_BOUND('',#2027,.T.);
#1198=FACE_OUTER_BOUND('',#2028,.T.);
#1199=FACE_OUTER_BOUND('',#2029,.T.);
#1200=FACE_OUTER_BOUND('',#2030,.T.);
#1201=FACE_OUTER_BOUND('',#2031,.T.);
#1202=FACE_OUTER_BOUND('',#2032,.T.);
#1203=FACE_OUTER_BOUND('',#2033,.T.);
#1204=FACE_OUTER_BOUND('',#2034,.T.);
#1205=FACE_OUTER_BOUND('',#2035,.T.);
#1206=FACE_OUTER_BOUND('',#2036,.T.);
#1207=FACE_OUTER_BOUND('',#2037,.T.);
#1208=FACE_OUTER_BOUND('',#2038,.T.);
#1209=FACE_OUTER_BOUND('',#2039,.T.);
#1210=FACE_OUTER_BOUND('',#2040,.T.);
#1211=FACE_OUTER_BOUND('',#2041,.T.);
#1212=FACE_OUTER_BOUND('',#2042,.T.);
#1213=FACE_OUTER_BOUND('',#2043,.T.);
#1214=FACE_OUTER_BOUND('',#2044,.T.);
#1215=FACE_OUTER_BOUND('',#2045,.T.);
#1216=FACE_OUTER_BOUND('',#2046,.T.);
#1217=FACE_OUTER_BOUND('',#2047,.T.);
#1218=FACE_OUTER_BOUND('',#2048,.T.);
#1219=FACE_OUTER_BOUND('',#2049,.T.);
#1220=FACE_OUTER_BOUND('',#2050,.T.);
#1221=FACE_OUTER_BOUND('',#2051,.T.);
#1222=FACE_OUTER_BOUND('',#2052,.T.);
#1223=FACE_OUTER_BOUND('',#2053,.T.);
#1224=FACE_OUTER_BOUND('',#2054,.T.);
#1225=FACE_OUTER_BOUND('',#2055,.T.);
#1226=FACE_OUTER_BOUND('',#2056,.T.);
#1227=FACE_OUTER_BOUND('',#2057,.T.);
#1228=FACE_OUTER_BOUND('',#2058,.T.);
#1229=FACE_OUTER_BOUND('',#2059,.T.);
#1230=FACE_OUTER_BOUND('',#2060,.T.);
#1231=FACE_OUTER_BOUND('',#2061,.T.);
#1232=FACE_OUTER_BOUND('',#2062,.T.);
#1233=FACE_OUTER_BOUND('',#2063,.T.);
#1234=FACE_OUTER_BOUND('',#2064,.T.);
#1235=FACE_OUTER_BOUND('',#2065,.T.);
#1236=FACE_OUTER_BOUND('',#2066,.T.);
#1237=FACE_OUTER_BOUND('',#2067,.T.);
#1238=FACE_OUTER_BOUND('',#2068,.T.);
#1239=FACE_OUTER_BOUND('',#2069,.T.);
#1240=FACE_OUTER_BOUND('',#2070,.T.);
#1241=FACE_OUTER_BOUND('',#2071,.T.);
#1242=FACE_OUTER_BOUND('',#2072,.T.);
#1243=FACE_OUTER_BOUND('',#2073,.T.);
#1244=FACE_OUTER_BOUND('',#2074,.T.);
#1245=FACE_OUTER_BOUND('',#2075,.T.);
#1246=FACE_OUTER_BOUND('',#2076,.T.);
#1247=FACE_OUTER_BOUND('',#2077,.T.);
#1248=FACE_OUTER_BOUND('',#2078,.T.);
#1249=FACE_OUTER_BOUND('',#2079,.T.);
#1250=FACE_OUTER_BOUND('',#2080,.T.);
#1251=FACE_OUTER_BOUND('',#2081,.T.);
#1252=FACE_OUTER_BOUND('',#2082,.T.);
#1253=FACE_OUTER_BOUND('',#2083,.T.);
#1254=FACE_OUTER_BOUND('',#2084,.T.);
#1255=FACE_OUTER_BOUND('',#2085,.T.);
#1256=FACE_OUTER_BOUND('',#2086,.T.);
#1257=FACE_OUTER_BOUND('',#2087,.T.);
#1258=FACE_OUTER_BOUND('',#2088,.T.);
#1259=FACE_OUTER_BOUND('',#2089,.T.);
#1260=FACE_OUTER_BOUND('',#2090,.T.);
#1261=FACE_OUTER_BOUND('',#2091,.T.);
#1262=FACE_OUTER_BOUND('',#2092,.T.);
#1263=FACE_OUTER_BOUND('',#2093,.T.);
#1264=FACE_OUTER_BOUND('',#2094,.T.);
#1265=FACE_OUTER_BOUND('',#2095,.T.);
#1266=FACE_OUTER_BOUND('',#2096,.T.);
#1267=FACE_OUTER_BOUND('',#2097,.T.);
#1268=FACE_OUTER_BOUND('',#2098,.T.);
#1269=FACE_OUTER_BOUND('',#2099,.T.);
#1270=FACE_OUTER_BOUND('',#2100,.T.);
#1271=FACE_OUTER_BOUND('',#2101,.T.);
#1272=FACE_OUTER_BOUND('',#2102,.T.);
#1273=FACE_OUTER_BOUND('',#2103,.T.);
#1274=FACE_OUTER_BOUND('',#2104,.T.);
#1275=FACE_OUTER_BOUND('',#2105,.T.);
#1276=FACE_OUTER_BOUND('',#2106,.T.);
#1277=FACE_OUTER_BOUND('',#2107,.T.);
#1278=FACE_OUTER_BOUND('',#2108,.T.);
#1279=FACE_OUTER_BOUND('',#2109,.T.);
#1280=FACE_OUTER_BOUND('',#2110,.T.);
#1281=FACE_OUTER_BOUND('',#2111,.T.);
#1282=FACE_OUTER_BOUND('',#2112,.T.);
#1283=FACE_OUTER_BOUND('',#2113,.T.);
#1284=FACE_OUTER_BOUND('',#2114,.T.);
#1285=FACE_OUTER_BOUND('',#2115,.T.);
#1286=FACE_OUTER_BOUND('',#2116,.T.);
#1287=FACE_OUTER_BOUND('',#2117,.T.);
#1288=FACE_OUTER_BOUND('',#2118,.T.);
#1289=FACE_OUTER_BOUND('',#2119,.T.);
#1290=FACE_OUTER_BOUND('',#2120,.T.);
#1291=FACE_OUTER_BOUND('',#2121,.T.);
#1292=FACE_OUTER_BOUND('',#2122,.T.);
#1293=FACE_OUTER_BOUND('',#2123,.T.);
#1294=FACE_OUTER_BOUND('',#2124,.T.);
#1295=FACE_OUTER_BOUND('',#2125,.T.);
#1296=FACE_OUTER_BOUND('',#2126,.T.);
#1297=FACE_OUTER_BOUND('',#2127,.T.);
#1298=FACE_OUTER_BOUND('',#2128,.T.);
#1299=FACE_OUTER_BOUND('',#2129,.T.);
#1300=FACE_OUTER_BOUND('',#2130,.T.);
#1301=FACE_OUTER_BOUND('',#2131,.T.);
#1302=FACE_OUTER_BOUND('',#2132,.T.);
#1303=FACE_OUTER_BOUND('',#2133,.T.);
#1304=FACE_OUTER_BOUND('',#2134,.T.);
#1305=FACE_OUTER_BOUND('',#2135,.T.);
#1306=FACE_OUTER_BOUND('',#2136,.T.);
#1307=FACE_OUTER_BOUND('',#2137,.T.);
#1308=FACE_OUTER_BOUND('',#2138,.T.);
#1309=FACE_OUTER_BOUND('',#2139,.T.);
#1310=FACE_OUTER_BOUND('',#2140,.T.);
#1311=FACE_OUTER_BOUND('',#2141,.T.);
#1312=FACE_OUTER_BOUND('',#2142,.T.);
#1313=FACE_OUTER_BOUND('',#2143,.T.);
#1314=FACE_OUTER_BOUND('',#2144,.T.);
#1315=FACE_OUTER_BOUND('',#2145,.T.);
#1316=FACE_OUTER_BOUND('',#2146,.T.);
#1317=FACE_OUTER_BOUND('',#2147,.T.);
#1318=FACE_OUTER_BOUND('',#2148,.T.);
#1319=FACE_OUTER_BOUND('',#2149,.T.);
#1320=FACE_OUTER_BOUND('',#2150,.T.);
#1321=FACE_OUTER_BOUND('',#2151,.T.);
#1322=FACE_OUTER_BOUND('',#2152,.T.);
#1323=FACE_OUTER_BOUND('',#2153,.T.);
#1324=FACE_OUTER_BOUND('',#2154,.T.);
#1325=FACE_OUTER_BOUND('',#2155,.T.);
#1326=FACE_OUTER_BOUND('',#2156,.T.);
#1327=FACE_OUTER_BOUND('',#2157,.T.);
#1328=FACE_OUTER_BOUND('',#2158,.T.);
#1329=FACE_OUTER_BOUND('',#2159,.T.);
#1330=FACE_OUTER_BOUND('',#2160,.T.);
#1331=FACE_OUTER_BOUND('',#2161,.T.);
#1332=FACE_OUTER_BOUND('',#2162,.T.);
#1333=FACE_OUTER_BOUND('',#2163,.T.);
#1334=FACE_OUTER_BOUND('',#2164,.T.);
#1335=FACE_OUTER_BOUND('',#2165,.T.);
#1336=FACE_OUTER_BOUND('',#2166,.T.);
#1337=FACE_OUTER_BOUND('',#2167,.T.);
#1338=FACE_OUTER_BOUND('',#2168,.T.);
#1339=FACE_OUTER_BOUND('',#2169,.T.);
#1340=FACE_OUTER_BOUND('',#2170,.T.);
#1341=FACE_OUTER_BOUND('',#2171,.T.);
#1342=FACE_OUTER_BOUND('',#2172,.T.);
#1343=FACE_OUTER_BOUND('',#2173,.T.);
#1344=FACE_OUTER_BOUND('',#2174,.T.);
#1345=FACE_OUTER_BOUND('',#2175,.T.);
#1346=FACE_OUTER_BOUND('',#2176,.T.);
#1347=FACE_OUTER_BOUND('',#2177,.T.);
#1348=FACE_OUTER_BOUND('',#2178,.T.);
#1349=FACE_OUTER_BOUND('',#2179,.T.);
#1350=FACE_OUTER_BOUND('',#2180,.T.);
#1351=FACE_OUTER_BOUND('',#2181,.T.);
#1352=FACE_OUTER_BOUND('',#2182,.T.);
#1353=FACE_OUTER_BOUND('',#2183,.T.);
#1354=FACE_OUTER_BOUND('',#2184,.T.);
#1355=FACE_OUTER_BOUND('',#2185,.T.);
#1356=FACE_OUTER_BOUND('',#2186,.T.);
#1357=FACE_OUTER_BOUND('',#2187,.T.);
#1358=FACE_OUTER_BOUND('',#2188,.T.);
#1359=FACE_OUTER_BOUND('',#2189,.T.);
#1360=FACE_OUTER_BOUND('',#2190,.T.);
#1361=FACE_OUTER_BOUND('',#2191,.T.);
#1362=FACE_OUTER_BOUND('',#2192,.T.);
#1363=FACE_OUTER_BOUND('',#2193,.T.);
#1364=FACE_OUTER_BOUND('',#2194,.T.);
#1365=FACE_OUTER_BOUND('',#2195,.T.);
#1366=FACE_OUTER_BOUND('',#2196,.T.);
#1367=FACE_OUTER_BOUND('',#2197,.T.);
#1368=FACE_OUTER_BOUND('',#2198,.T.);
#1369=FACE_OUTER_BOUND('',#2199,.T.);
#1370=FACE_OUTER_BOUND('',#2200,.T.);
#1371=FACE_OUTER_BOUND('',#2201,.T.);
#1372=FACE_OUTER_BOUND('',#2202,.T.);
#1373=FACE_OUTER_BOUND('',#2207,.T.);
#1374=FACE_OUTER_BOUND('',#2213,.T.);
#1375=FACE_OUTER_BOUND('',#2214,.T.);
#1376=FACE_OUTER_BOUND('',#2215,.T.);
#1377=FACE_OUTER_BOUND('',#2216,.T.);
#1378=FACE_OUTER_BOUND('',#2220,.T.);
#1379=FACE_OUTER_BOUND('',#2221,.T.);
#1380=FACE_OUTER_BOUND('',#2223,.T.);
#1381=FACE_OUTER_BOUND('',#2224,.T.);
#1382=FACE_OUTER_BOUND('',#2225,.T.);
#1383=FACE_OUTER_BOUND('',#2226,.T.);
#1384=FACE_OUTER_BOUND('',#2231,.T.);
#1385=FACE_OUTER_BOUND('',#2232,.T.);
#1386=FACE_OUTER_BOUND('',#2233,.T.);
#1387=FACE_OUTER_BOUND('',#2234,.T.);
#1388=FACE_OUTER_BOUND('',#2235,.T.);
#1389=FACE_OUTER_BOUND('',#2236,.T.);
#1390=FACE_OUTER_BOUND('',#2237,.T.);
#1391=FACE_OUTER_BOUND('',#2238,.T.);
#1392=FACE_OUTER_BOUND('',#2239,.T.);
#1393=FACE_OUTER_BOUND('',#2240,.T.);
#1394=FACE_OUTER_BOUND('',#2241,.T.);
#1395=FACE_OUTER_BOUND('',#2242,.T.);
#1396=FACE_OUTER_BOUND('',#2243,.T.);
#1397=FACE_OUTER_BOUND('',#2244,.T.);
#1398=FACE_OUTER_BOUND('',#2245,.T.);
#1399=FACE_OUTER_BOUND('',#2246,.T.);
#1400=FACE_OUTER_BOUND('',#2247,.T.);
#1401=FACE_OUTER_BOUND('',#2248,.T.);
#1402=FACE_OUTER_BOUND('',#2249,.T.);
#1403=FACE_OUTER_BOUND('',#2250,.T.);
#1404=FACE_OUTER_BOUND('',#2251,.T.);
#1405=FACE_OUTER_BOUND('',#2254,.T.);
#1406=FACE_OUTER_BOUND('',#2255,.T.);
#1407=FACE_OUTER_BOUND('',#2258,.T.);
#1408=FACE_OUTER_BOUND('',#2259,.T.);
#1409=FACE_OUTER_BOUND('',#2260,.T.);
#1410=FACE_OUTER_BOUND('',#2261,.T.);
#1411=FACE_OUTER_BOUND('',#2262,.T.);
#1412=FACE_OUTER_BOUND('',#2263,.T.);
#1413=FACE_OUTER_BOUND('',#2264,.T.);
#1414=FACE_OUTER_BOUND('',#2265,.T.);
#1415=FACE_OUTER_BOUND('',#2266,.T.);
#1416=FACE_OUTER_BOUND('',#2267,.T.);
#1417=FACE_OUTER_BOUND('',#2268,.T.);
#1418=FACE_OUTER_BOUND('',#2269,.T.);
#1419=FACE_OUTER_BOUND('',#2271,.T.);
#1420=FACE_OUTER_BOUND('',#2272,.T.);
#1421=FACE_OUTER_BOUND('',#2274,.T.);
#1422=FACE_OUTER_BOUND('',#2275,.T.);
#1423=FACE_OUTER_BOUND('',#2276,.T.);
#1424=FACE_OUTER_BOUND('',#2277,.T.);
#1425=FACE_OUTER_BOUND('',#2278,.T.);
#1426=FACE_OUTER_BOUND('',#2279,.T.);
#1427=FACE_OUTER_BOUND('',#2280,.T.);
#1428=FACE_OUTER_BOUND('',#2281,.T.);
#1429=FACE_OUTER_BOUND('',#2282,.T.);
#1430=FACE_OUTER_BOUND('',#2283,.T.);
#1431=EDGE_LOOP('',(#6827,#6828,#6829,#6830,#6831,#6832,#6833,#6834,#6835,
#6836,#6837,#6838,#6839,#6840,#6841,#6842,#6843,#6844,#6845,#6846,#6847,
#6848,#6849,#6850,#6851,#6852,#6853,#6854,#6855,#6856,#6857,#6858,#6859,
#6860,#6861,#6862,#6863,#6864,#6865,#6866));
#1432=EDGE_LOOP('',(#6867,#6868,#6869,#6870,#6871,#6872,#6873,#6874,#6875,
#6876,#6877,#6878,#6879,#6880,#6881,#6882));
#1433=EDGE_LOOP('',(#6883,#6884,#6885,#6886,#6887,#6888,#6889,#6890,#6891,
#6892,#6893,#6894,#6895,#6896,#6897,#6898,#6899,#6900,#6901,#6902,#6903,
#6904,#6905,#6906,#6907,#6908,#6909,#6910,#6911,#6912));
#1434=EDGE_LOOP('',(#6913,#6914,#6915,#6916));
#1435=EDGE_LOOP('',(#6917,#6918,#6919,#6920));
#1436=EDGE_LOOP('',(#6921,#6922,#6923,#6924,#6925,#6926,#6927,#6928,#6929,
#6930,#6931,#6932,#6933,#6934,#6935,#6936,#6937,#6938,#6939,#6940));
#1437=EDGE_LOOP('',(#6941));
#1438=EDGE_LOOP('',(#6942));
#1439=EDGE_LOOP('',(#6943));
#1440=EDGE_LOOP('',(#6944));
#1441=EDGE_LOOP('',(#6945));
#1442=EDGE_LOOP('',(#6946));
#1443=EDGE_LOOP('',(#6947));
#1444=EDGE_LOOP('',(#6948));
#1445=EDGE_LOOP('',(#6949));
#1446=EDGE_LOOP('',(#6950));
#1447=EDGE_LOOP('',(#6951));
#1448=EDGE_LOOP('',(#6952));
#1449=EDGE_LOOP('',(#6953,#6954,#6955,#6956,#6957,#6958,#6959,#6960,#6961,
#6962,#6963,#6964,#6965,#6966,#6967,#6968,#6969,#6970,#6971,#6972));
#1450=EDGE_LOOP('',(#6973,#6974,#6975,#6976,#6977,#6978,#6979,#6980,#6981,
#6982,#6983,#6984,#6985,#6986,#6987,#6988,#6989,#6990,#6991,#6992));
#1451=EDGE_LOOP('',(#6993,#6994,#6995,#6996,#6997,#6998,#6999,#7000));
#1452=EDGE_LOOP('',(#7001,#7002,#7003,#7004,#7005,#7006,#7007,#7008,#7009,
#7010));
#1453=EDGE_LOOP('',(#7011,#7012,#7013,#7014,#7015,#7016,#7017,#7018,#7019,
#7020));
#1454=EDGE_LOOP('',(#7021,#7022,#7023,#7024));
#1455=EDGE_LOOP('',(#7025,#7026,#7027,#7028,#7029,#7030,#7031,#7032,#7033,
#7034,#7035,#7036,#7037,#7038));
#1456=EDGE_LOOP('',(#7039,#7040,#7041,#7042));
#1457=EDGE_LOOP('',(#7043,#7044,#7045,#7046));
#1458=EDGE_LOOP('',(#7047,#7048,#7049,#7050));
#1459=EDGE_LOOP('',(#7051,#7052,#7053,#7054));
#1460=EDGE_LOOP('',(#7055,#7056,#7057,#7058));
#1461=EDGE_LOOP('',(#7059,#7060,#7061,#7062));
#1462=EDGE_LOOP('',(#7063,#7064,#7065,#7066));
#1463=EDGE_LOOP('',(#7067,#7068,#7069,#7070));
#1464=EDGE_LOOP('',(#7071,#7072,#7073,#7074));
#1465=EDGE_LOOP('',(#7075,#7076,#7077,#7078));
#1466=EDGE_LOOP('',(#7079,#7080,#7081,#7082));
#1467=EDGE_LOOP('',(#7083,#7084,#7085,#7086));
#1468=EDGE_LOOP('',(#7087,#7088,#7089,#7090));
#1469=EDGE_LOOP('',(#7091));
#1470=EDGE_LOOP('',(#7092));
#1471=EDGE_LOOP('',(#7093,#7094,#7095,#7096));
#1472=EDGE_LOOP('',(#7097));
#1473=EDGE_LOOP('',(#7098));
#1474=EDGE_LOOP('',(#7099,#7100,#7101,#7102));
#1475=EDGE_LOOP('',(#7103));
#1476=EDGE_LOOP('',(#7104));
#1477=EDGE_LOOP('',(#7105,#7106,#7107,#7108));
#1478=EDGE_LOOP('',(#7109,#7110,#7111,#7112));
#1479=EDGE_LOOP('',(#7113,#7114,#7115,#7116));
#1480=EDGE_LOOP('',(#7117,#7118,#7119,#7120));
#1481=EDGE_LOOP('',(#7121,#7122,#7123,#7124));
#1482=EDGE_LOOP('',(#7125));
#1483=EDGE_LOOP('',(#7126,#7127,#7128,#7129));
#1484=EDGE_LOOP('',(#7130,#7131,#7132,#7133));
#1485=EDGE_LOOP('',(#7134,#7135,#7136,#7137));
#1486=EDGE_LOOP('',(#7138));
#1487=EDGE_LOOP('',(#7139,#7140,#7141,#7142));
#1488=EDGE_LOOP('',(#7143,#7144,#7145,#7146));
#1489=EDGE_LOOP('',(#7147,#7148,#7149,#7150));
#1490=EDGE_LOOP('',(#7151));
#1491=EDGE_LOOP('',(#7152));
#1492=EDGE_LOOP('',(#7153,#7154,#7155,#7156,#7157,#7158,#7159,#7160,#7161,
#7162,#7163,#7164));
#1493=EDGE_LOOP('',(#7165,#7166,#7167,#7168));
#1494=EDGE_LOOP('',(#7169,#7170,#7171,#7172,#7173,#7174,#7175,#7176));
#1495=EDGE_LOOP('',(#7177,#7178,#7179,#7180,#7181,#7182,#7183,#7184));
#1496=EDGE_LOOP('',(#7185,#7186,#7187,#7188,#7189,#7190,#7191,#7192));
#1497=EDGE_LOOP('',(#7193,#7194,#7195,#7196,#7197,#7198,#7199,#7200));
#1498=EDGE_LOOP('',(#7201,#7202,#7203,#7204,#7205,#7206,#7207,#7208));
#1499=EDGE_LOOP('',(#7209,#7210,#7211,#7212,#7213,#7214,#7215,#7216));
#1500=EDGE_LOOP('',(#7217,#7218,#7219,#7220,#7221,#7222,#7223,#7224));
#1501=EDGE_LOOP('',(#7225,#7226,#7227,#7228,#7229,#7230,#7231,#7232));
#1502=EDGE_LOOP('',(#7233,#7234,#7235,#7236));
#1503=EDGE_LOOP('',(#7237,#7238,#7239,#7240));
#1504=EDGE_LOOP('',(#7241,#7242,#7243,#7244));
#1505=EDGE_LOOP('',(#7245,#7246,#7247,#7248));
#1506=EDGE_LOOP('',(#7249,#7250,#7251,#7252));
#1507=EDGE_LOOP('',(#7253,#7254,#7255,#7256));
#1508=EDGE_LOOP('',(#7257));
#1509=EDGE_LOOP('',(#7258,#7259,#7260,#7261));
#1510=EDGE_LOOP('',(#7262,#7263,#7264,#7265));
#1511=EDGE_LOOP('',(#7266,#7267,#7268,#7269));
#1512=EDGE_LOOP('',(#7270,#7271,#7272,#7273));
#1513=EDGE_LOOP('',(#7274));
#1514=EDGE_LOOP('',(#7275,#7276,#7277,#7278));
#1515=EDGE_LOOP('',(#7279,#7280,#7281,#7282));
#1516=EDGE_LOOP('',(#7283,#7284,#7285,#7286));
#1517=EDGE_LOOP('',(#7287,#7288,#7289,#7290));
#1518=EDGE_LOOP('',(#7291,#7292,#7293,#7294));
#1519=EDGE_LOOP('',(#7295,#7296,#7297,#7298));
#1520=EDGE_LOOP('',(#7299,#7300,#7301,#7302));
#1521=EDGE_LOOP('',(#7303,#7304));
#1522=EDGE_LOOP('',(#7305,#7306));
#1523=EDGE_LOOP('',(#7307,#7308));
#1524=EDGE_LOOP('',(#7309,#7310));
#1525=EDGE_LOOP('',(#7311,#7312,#7313));
#1526=EDGE_LOOP('',(#7314,#7315,#7316));
#1527=EDGE_LOOP('',(#7317,#7318,#7319));
#1528=EDGE_LOOP('',(#7320,#7321,#7322));
#1529=EDGE_LOOP('',(#7323,#7324,#7325,#7326));
#1530=EDGE_LOOP('',(#7327,#7328,#7329,#7330));
#1531=EDGE_LOOP('',(#7331,#7332,#7333,#7334));
#1532=EDGE_LOOP('',(#7335,#7336,#7337,#7338));
#1533=EDGE_LOOP('',(#7339,#7340,#7341,#7342));
#1534=EDGE_LOOP('',(#7343,#7344,#7345,#7346));
#1535=EDGE_LOOP('',(#7347,#7348,#7349,#7350));
#1536=EDGE_LOOP('',(#7351,#7352,#7353,#7354));
#1537=EDGE_LOOP('',(#7355,#7356,#7357,#7358));
#1538=EDGE_LOOP('',(#7359,#7360,#7361,#7362));
#1539=EDGE_LOOP('',(#7363,#7364,#7365,#7366));
#1540=EDGE_LOOP('',(#7367,#7368,#7369,#7370,#7371,#7372,#7373,#7374,#7375,
#7376,#7377,#7378));
#1541=EDGE_LOOP('',(#7379,#7380,#7381,#7382));
#1542=EDGE_LOOP('',(#7383,#7384,#7385,#7386));
#1543=EDGE_LOOP('',(#7387,#7388,#7389,#7390));
#1544=EDGE_LOOP('',(#7391));
#1545=EDGE_LOOP('',(#7392));
#1546=EDGE_LOOP('',(#7393));
#1547=EDGE_LOOP('',(#7394));
#1548=EDGE_LOOP('',(#7395));
#1549=EDGE_LOOP('',(#7396));
#1550=EDGE_LOOP('',(#7397));
#1551=EDGE_LOOP('',(#7398));
#1552=EDGE_LOOP('',(#7399));
#1553=EDGE_LOOP('',(#7400));
#1554=EDGE_LOOP('',(#7401));
#1555=EDGE_LOOP('',(#7402));
#1556=EDGE_LOOP('',(#7403));
#1557=EDGE_LOOP('',(#7404));
#1558=EDGE_LOOP('',(#7405));
#1559=EDGE_LOOP('',(#7406));
#1560=EDGE_LOOP('',(#7407));
#1561=EDGE_LOOP('',(#7408));
#1562=EDGE_LOOP('',(#7409));
#1563=EDGE_LOOP('',(#7410));
#1564=EDGE_LOOP('',(#7411));
#1565=EDGE_LOOP('',(#7412));
#1566=EDGE_LOOP('',(#7413));
#1567=EDGE_LOOP('',(#7414));
#1568=EDGE_LOOP('',(#7415));
#1569=EDGE_LOOP('',(#7416));
#1570=EDGE_LOOP('',(#7417));
#1571=EDGE_LOOP('',(#7418));
#1572=EDGE_LOOP('',(#7419));
#1573=EDGE_LOOP('',(#7420));
#1574=EDGE_LOOP('',(#7421));
#1575=EDGE_LOOP('',(#7422));
#1576=EDGE_LOOP('',(#7423));
#1577=EDGE_LOOP('',(#7424));
#1578=EDGE_LOOP('',(#7425));
#1579=EDGE_LOOP('',(#7426));
#1580=EDGE_LOOP('',(#7427));
#1581=EDGE_LOOP('',(#7428));
#1582=EDGE_LOOP('',(#7429));
#1583=EDGE_LOOP('',(#7430));
#1584=EDGE_LOOP('',(#7431));
#1585=EDGE_LOOP('',(#7432));
#1586=EDGE_LOOP('',(#7433));
#1587=EDGE_LOOP('',(#7434));
#1588=EDGE_LOOP('',(#7435));
#1589=EDGE_LOOP('',(#7436));
#1590=EDGE_LOOP('',(#7437,#7438,#7439,#7440));
#1591=EDGE_LOOP('',(#7441,#7442,#7443,#7444));
#1592=EDGE_LOOP('',(#7445));
#1593=EDGE_LOOP('',(#7446));
#1594=EDGE_LOOP('',(#7447));
#1595=EDGE_LOOP('',(#7448));
#1596=EDGE_LOOP('',(#7449));
#1597=EDGE_LOOP('',(#7450));
#1598=EDGE_LOOP('',(#7451));
#1599=EDGE_LOOP('',(#7452));
#1600=EDGE_LOOP('',(#7453));
#1601=EDGE_LOOP('',(#7454));
#1602=EDGE_LOOP('',(#7455));
#1603=EDGE_LOOP('',(#7456));
#1604=EDGE_LOOP('',(#7457));
#1605=EDGE_LOOP('',(#7458));
#1606=EDGE_LOOP('',(#7459));
#1607=EDGE_LOOP('',(#7460));
#1608=EDGE_LOOP('',(#7461));
#1609=EDGE_LOOP('',(#7462));
#1610=EDGE_LOOP('',(#7463));
#1611=EDGE_LOOP('',(#7464));
#1612=EDGE_LOOP('',(#7465));
#1613=EDGE_LOOP('',(#7466));
#1614=EDGE_LOOP('',(#7467));
#1615=EDGE_LOOP('',(#7468));
#1616=EDGE_LOOP('',(#7469));
#1617=EDGE_LOOP('',(#7470));
#1618=EDGE_LOOP('',(#7471));
#1619=EDGE_LOOP('',(#7472));
#1620=EDGE_LOOP('',(#7473));
#1621=EDGE_LOOP('',(#7474));
#1622=EDGE_LOOP('',(#7475));
#1623=EDGE_LOOP('',(#7476));
#1624=EDGE_LOOP('',(#7477));
#1625=EDGE_LOOP('',(#7478));
#1626=EDGE_LOOP('',(#7479));
#1627=EDGE_LOOP('',(#7480,#7481,#7482,#7483,#7484,#7485,#7486,#7487));
#1628=EDGE_LOOP('',(#7488));
#1629=EDGE_LOOP('',(#7489));
#1630=EDGE_LOOP('',(#7490));
#1631=EDGE_LOOP('',(#7491));
#1632=EDGE_LOOP('',(#7492));
#1633=EDGE_LOOP('',(#7493));
#1634=EDGE_LOOP('',(#7494));
#1635=EDGE_LOOP('',(#7495));
#1636=EDGE_LOOP('',(#7496));
#1637=EDGE_LOOP('',(#7497));
#1638=EDGE_LOOP('',(#7498));
#1639=EDGE_LOOP('',(#7499,#7500,#7501,#7502));
#1640=EDGE_LOOP('',(#7503,#7504,#7505,#7506));
#1641=EDGE_LOOP('',(#7507,#7508,#7509,#7510));
#1642=EDGE_LOOP('',(#7511,#7512,#7513,#7514));
#1643=EDGE_LOOP('',(#7515,#7516,#7517,#7518));
#1644=EDGE_LOOP('',(#7519,#7520,#7521,#7522));
#1645=EDGE_LOOP('',(#7523,#7524,#7525,#7526));
#1646=EDGE_LOOP('',(#7527,#7528,#7529,#7530));
#1647=EDGE_LOOP('',(#7531,#7532,#7533,#7534));
#1648=EDGE_LOOP('',(#7535,#7536,#7537,#7538));
#1649=EDGE_LOOP('',(#7539,#7540,#7541,#7542));
#1650=EDGE_LOOP('',(#7543,#7544,#7545,#7546));
#1651=EDGE_LOOP('',(#7547,#7548,#7549,#7550));
#1652=EDGE_LOOP('',(#7551,#7552,#7553,#7554));
#1653=EDGE_LOOP('',(#7555,#7556,#7557,#7558));
#1654=EDGE_LOOP('',(#7559,#7560,#7561,#7562));
#1655=EDGE_LOOP('',(#7563,#7564,#7565,#7566));
#1656=EDGE_LOOP('',(#7567,#7568,#7569,#7570));
#1657=EDGE_LOOP('',(#7571,#7572,#7573,#7574));
#1658=EDGE_LOOP('',(#7575,#7576,#7577,#7578));
#1659=EDGE_LOOP('',(#7579,#7580,#7581,#7582));
#1660=EDGE_LOOP('',(#7583,#7584,#7585,#7586));
#1661=EDGE_LOOP('',(#7587,#7588,#7589,#7590));
#1662=EDGE_LOOP('',(#7591,#7592,#7593,#7594));
#1663=EDGE_LOOP('',(#7595,#7596,#7597,#7598));
#1664=EDGE_LOOP('',(#7599,#7600,#7601,#7602));
#1665=EDGE_LOOP('',(#7603,#7604,#7605,#7606));
#1666=EDGE_LOOP('',(#7607,#7608,#7609,#7610));
#1667=EDGE_LOOP('',(#7611,#7612,#7613,#7614));
#1668=EDGE_LOOP('',(#7615,#7616,#7617,#7618));
#1669=EDGE_LOOP('',(#7619,#7620,#7621,#7622));
#1670=EDGE_LOOP('',(#7623,#7624,#7625,#7626));
#1671=EDGE_LOOP('',(#7627,#7628,#7629,#7630));
#1672=EDGE_LOOP('',(#7631,#7632,#7633,#7634));
#1673=EDGE_LOOP('',(#7635,#7636,#7637,#7638));
#1674=EDGE_LOOP('',(#7639,#7640,#7641,#7642));
#1675=EDGE_LOOP('',(#7643,#7644,#7645,#7646));
#1676=EDGE_LOOP('',(#7647,#7648,#7649,#7650));
#1677=EDGE_LOOP('',(#7651,#7652,#7653,#7654));
#1678=EDGE_LOOP('',(#7655,#7656,#7657,#7658));
#1679=EDGE_LOOP('',(#7659,#7660,#7661,#7662));
#1680=EDGE_LOOP('',(#7663,#7664,#7665,#7666));
#1681=EDGE_LOOP('',(#7667,#7668,#7669,#7670));
#1682=EDGE_LOOP('',(#7671,#7672,#7673,#7674));
#1683=EDGE_LOOP('',(#7675,#7676,#7677,#7678));
#1684=EDGE_LOOP('',(#7679,#7680,#7681,#7682));
#1685=EDGE_LOOP('',(#7683,#7684,#7685,#7686));
#1686=EDGE_LOOP('',(#7687,#7688,#7689,#7690));
#1687=EDGE_LOOP('',(#7691,#7692,#7693,#7694));
#1688=EDGE_LOOP('',(#7695,#7696,#7697,#7698));
#1689=EDGE_LOOP('',(#7699,#7700,#7701,#7702));
#1690=EDGE_LOOP('',(#7703,#7704,#7705,#7706));
#1691=EDGE_LOOP('',(#7707,#7708,#7709,#7710));
#1692=EDGE_LOOP('',(#7711,#7712,#7713,#7714));
#1693=EDGE_LOOP('',(#7715,#7716,#7717,#7718));
#1694=EDGE_LOOP('',(#7719,#7720,#7721));
#1695=EDGE_LOOP('',(#7722,#7723,#7724,#7725));
#1696=EDGE_LOOP('',(#7726,#7727,#7728));
#1697=EDGE_LOOP('',(#7729,#7730,#7731,#7732));
#1698=EDGE_LOOP('',(#7733,#7734,#7735));
#1699=EDGE_LOOP('',(#7736,#7737,#7738,#7739));
#1700=EDGE_LOOP('',(#7740,#7741,#7742));
#1701=EDGE_LOOP('',(#7743,#7744,#7745,#7746));
#1702=EDGE_LOOP('',(#7747,#7748,#7749));
#1703=EDGE_LOOP('',(#7750,#7751,#7752));
#1704=EDGE_LOOP('',(#7753,#7754,#7755,#7756,#7757,#7758,#7759,#7760));
#1705=EDGE_LOOP('',(#7761,#7762,#7763));
#1706=EDGE_LOOP('',(#7764,#7765,#7766));
#1707=EDGE_LOOP('',(#7767,#7768,#7769));
#1708=EDGE_LOOP('',(#7770,#7771,#7772));
#1709=EDGE_LOOP('',(#7773,#7774,#7775));
#1710=EDGE_LOOP('',(#7776,#7777,#7778));
#1711=EDGE_LOOP('',(#7779,#7780,#7781));
#1712=EDGE_LOOP('',(#7782,#7783,#7784));
#1713=EDGE_LOOP('',(#7785,#7786,#7787));
#1714=EDGE_LOOP('',(#7788,#7789,#7790));
#1715=EDGE_LOOP('',(#7791,#7792,#7793,#7794));
#1716=EDGE_LOOP('',(#7795,#7796,#7797,#7798));
#1717=EDGE_LOOP('',(#7799,#7800,#7801,#7802));
#1718=EDGE_LOOP('',(#7803,#7804,#7805,#7806));
#1719=EDGE_LOOP('',(#7807,#7808,#7809,#7810));
#1720=EDGE_LOOP('',(#7811,#7812,#7813,#7814));
#1721=EDGE_LOOP('',(#7815,#7816,#7817,#7818));
#1722=EDGE_LOOP('',(#7819,#7820,#7821,#7822));
#1723=EDGE_LOOP('',(#7823,#7824,#7825,#7826));
#1724=EDGE_LOOP('',(#7827,#7828,#7829,#7830));
#1725=EDGE_LOOP('',(#7831,#7832,#7833,#7834));
#1726=EDGE_LOOP('',(#7835,#7836,#7837,#7838));
#1727=EDGE_LOOP('',(#7839,#7840,#7841,#7842));
#1728=EDGE_LOOP('',(#7843,#7844,#7845,#7846));
#1729=EDGE_LOOP('',(#7847,#7848,#7849,#7850));
#1730=EDGE_LOOP('',(#7851,#7852,#7853,#7854));
#1731=EDGE_LOOP('',(#7855,#7856,#7857,#7858));
#1732=EDGE_LOOP('',(#7859,#7860,#7861,#7862));
#1733=EDGE_LOOP('',(#7863,#7864,#7865,#7866));
#1734=EDGE_LOOP('',(#7867,#7868,#7869,#7870));
#1735=EDGE_LOOP('',(#7871,#7872,#7873,#7874));
#1736=EDGE_LOOP('',(#7875,#7876,#7877,#7878));
#1737=EDGE_LOOP('',(#7879,#7880,#7881,#7882));
#1738=EDGE_LOOP('',(#7883,#7884,#7885,#7886));
#1739=EDGE_LOOP('',(#7887,#7888,#7889,#7890));
#1740=EDGE_LOOP('',(#7891,#7892,#7893,#7894));
#1741=EDGE_LOOP('',(#7895,#7896,#7897,#7898));
#1742=EDGE_LOOP('',(#7899,#7900,#7901,#7902));
#1743=EDGE_LOOP('',(#7903,#7904,#7905,#7906));
#1744=EDGE_LOOP('',(#7907,#7908,#7909,#7910));
#1745=EDGE_LOOP('',(#7911,#7912,#7913,#7914));
#1746=EDGE_LOOP('',(#7915,#7916,#7917,#7918));
#1747=EDGE_LOOP('',(#7919,#7920,#7921,#7922));
#1748=EDGE_LOOP('',(#7923,#7924,#7925,#7926));
#1749=EDGE_LOOP('',(#7927,#7928,#7929,#7930));
#1750=EDGE_LOOP('',(#7931,#7932,#7933,#7934));
#1751=EDGE_LOOP('',(#7935,#7936,#7937,#7938));
#1752=EDGE_LOOP('',(#7939,#7940,#7941,#7942));
#1753=EDGE_LOOP('',(#7943,#7944,#7945,#7946));
#1754=EDGE_LOOP('',(#7947,#7948,#7949,#7950));
#1755=EDGE_LOOP('',(#7951,#7952,#7953,#7954));
#1756=EDGE_LOOP('',(#7955,#7956,#7957,#7958));
#1757=EDGE_LOOP('',(#7959,#7960,#7961,#7962));
#1758=EDGE_LOOP('',(#7963));
#1759=EDGE_LOOP('',(#7964));
#1760=EDGE_LOOP('',(#7965));
#1761=EDGE_LOOP('',(#7966,#7967,#7968,#7969));
#1762=EDGE_LOOP('',(#7970));
#1763=EDGE_LOOP('',(#7971,#7972,#7973,#7974));
#1764=EDGE_LOOP('',(#7975));
#1765=EDGE_LOOP('',(#7976));
#1766=EDGE_LOOP('',(#7977,#7978,#7979,#7980));
#1767=EDGE_LOOP('',(#7981));
#1768=EDGE_LOOP('',(#7982));
#1769=EDGE_LOOP('',(#7983,#7984,#7985,#7986));
#1770=EDGE_LOOP('',(#7987));
#1771=EDGE_LOOP('',(#7988));
#1772=EDGE_LOOP('',(#7989,#7990,#7991,#7992));
#1773=EDGE_LOOP('',(#7993));
#1774=EDGE_LOOP('',(#7994));
#1775=EDGE_LOOP('',(#7995,#7996,#7997,#7998));
#1776=EDGE_LOOP('',(#7999));
#1777=EDGE_LOOP('',(#8000));
#1778=EDGE_LOOP('',(#8001,#8002,#8003,#8004));
#1779=EDGE_LOOP('',(#8005));
#1780=EDGE_LOOP('',(#8006));
#1781=EDGE_LOOP('',(#8007,#8008,#8009,#8010));
#1782=EDGE_LOOP('',(#8011));
#1783=EDGE_LOOP('',(#8012));
#1784=EDGE_LOOP('',(#8013,#8014,#8015,#8016));
#1785=EDGE_LOOP('',(#8017));
#1786=EDGE_LOOP('',(#8018));
#1787=EDGE_LOOP('',(#8019,#8020,#8021,#8022));
#1788=EDGE_LOOP('',(#8023));
#1789=EDGE_LOOP('',(#8024));
#1790=EDGE_LOOP('',(#8025,#8026,#8027,#8028));
#1791=EDGE_LOOP('',(#8029,#8030,#8031,#8032));
#1792=EDGE_LOOP('',(#8033,#8034,#8035,#8036));
#1793=EDGE_LOOP('',(#8037,#8038,#8039,#8040));
#1794=EDGE_LOOP('',(#8041,#8042,#8043,#8044));
#1795=EDGE_LOOP('',(#8045,#8046,#8047,#8048));
#1796=EDGE_LOOP('',(#8049,#8050,#8051,#8052));
#1797=EDGE_LOOP('',(#8053));
#1798=EDGE_LOOP('',(#8054));
#1799=EDGE_LOOP('',(#8055));
#1800=EDGE_LOOP('',(#8056,#8057,#8058,#8059));
#1801=EDGE_LOOP('',(#8060));
#1802=EDGE_LOOP('',(#8061,#8062,#8063,#8064));
#1803=EDGE_LOOP('',(#8065));
#1804=EDGE_LOOP('',(#8066));
#1805=EDGE_LOOP('',(#8067,#8068,#8069,#8070));
#1806=EDGE_LOOP('',(#8071));
#1807=EDGE_LOOP('',(#8072));
#1808=EDGE_LOOP('',(#8073,#8074,#8075,#8076));
#1809=EDGE_LOOP('',(#8077));
#1810=EDGE_LOOP('',(#8078));
#1811=EDGE_LOOP('',(#8079,#8080,#8081,#8082));
#1812=EDGE_LOOP('',(#8083));
#1813=EDGE_LOOP('',(#8084));
#1814=EDGE_LOOP('',(#8085,#8086,#8087,#8088));
#1815=EDGE_LOOP('',(#8089));
#1816=EDGE_LOOP('',(#8090));
#1817=EDGE_LOOP('',(#8091,#8092,#8093,#8094));
#1818=EDGE_LOOP('',(#8095));
#1819=EDGE_LOOP('',(#8096));
#1820=EDGE_LOOP('',(#8097,#8098,#8099,#8100));
#1821=EDGE_LOOP('',(#8101));
#1822=EDGE_LOOP('',(#8102));
#1823=EDGE_LOOP('',(#8103,#8104,#8105,#8106));
#1824=EDGE_LOOP('',(#8107));
#1825=EDGE_LOOP('',(#8108));
#1826=EDGE_LOOP('',(#8109,#8110,#8111,#8112));
#1827=EDGE_LOOP('',(#8113));
#1828=EDGE_LOOP('',(#8114));
#1829=EDGE_LOOP('',(#8115,#8116,#8117,#8118));
#1830=EDGE_LOOP('',(#8119,#8120,#8121,#8122));
#1831=EDGE_LOOP('',(#8123,#8124,#8125,#8126));
#1832=EDGE_LOOP('',(#8127,#8128,#8129,#8130));
#1833=EDGE_LOOP('',(#8131,#8132,#8133,#8134));
#1834=EDGE_LOOP('',(#8135,#8136,#8137,#8138));
#1835=EDGE_LOOP('',(#8139,#8140,#8141,#8142));
#1836=EDGE_LOOP('',(#8143,#8144,#8145,#8146));
#1837=EDGE_LOOP('',(#8147,#8148,#8149,#8150));
#1838=EDGE_LOOP('',(#8151,#8152,#8153,#8154));
#1839=EDGE_LOOP('',(#8155,#8156,#8157,#8158));
#1840=EDGE_LOOP('',(#8159,#8160,#8161,#8162));
#1841=EDGE_LOOP('',(#8163,#8164,#8165,#8166));
#1842=EDGE_LOOP('',(#8167,#8168,#8169,#8170));
#1843=EDGE_LOOP('',(#8171,#8172,#8173,#8174));
#1844=EDGE_LOOP('',(#8175,#8176,#8177,#8178));
#1845=EDGE_LOOP('',(#8179,#8180,#8181,#8182));
#1846=EDGE_LOOP('',(#8183,#8184,#8185,#8186));
#1847=EDGE_LOOP('',(#8187,#8188,#8189,#8190));
#1848=EDGE_LOOP('',(#8191,#8192,#8193,#8194));
#1849=EDGE_LOOP('',(#8195,#8196,#8197,#8198));
#1850=EDGE_LOOP('',(#8199,#8200,#8201,#8202));
#1851=EDGE_LOOP('',(#8203,#8204,#8205,#8206));
#1852=EDGE_LOOP('',(#8207,#8208,#8209,#8210));
#1853=EDGE_LOOP('',(#8211,#8212,#8213,#8214));
#1854=EDGE_LOOP('',(#8215));
#1855=EDGE_LOOP('',(#8216));
#1856=EDGE_LOOP('',(#8217));
#1857=EDGE_LOOP('',(#8218,#8219,#8220,#8221));
#1858=EDGE_LOOP('',(#8222));
#1859=EDGE_LOOP('',(#8223,#8224,#8225,#8226));
#1860=EDGE_LOOP('',(#8227));
#1861=EDGE_LOOP('',(#8228));
#1862=EDGE_LOOP('',(#8229,#8230,#8231,#8232));
#1863=EDGE_LOOP('',(#8233));
#1864=EDGE_LOOP('',(#8234));
#1865=EDGE_LOOP('',(#8235,#8236,#8237,#8238));
#1866=EDGE_LOOP('',(#8239));
#1867=EDGE_LOOP('',(#8240));
#1868=EDGE_LOOP('',(#8241,#8242,#8243,#8244));
#1869=EDGE_LOOP('',(#8245));
#1870=EDGE_LOOP('',(#8246));
#1871=EDGE_LOOP('',(#8247,#8248,#8249,#8250));
#1872=EDGE_LOOP('',(#8251));
#1873=EDGE_LOOP('',(#8252));
#1874=EDGE_LOOP('',(#8253,#8254,#8255,#8256));
#1875=EDGE_LOOP('',(#8257));
#1876=EDGE_LOOP('',(#8258));
#1877=EDGE_LOOP('',(#8259,#8260,#8261,#8262));
#1878=EDGE_LOOP('',(#8263));
#1879=EDGE_LOOP('',(#8264));
#1880=EDGE_LOOP('',(#8265,#8266,#8267,#8268));
#1881=EDGE_LOOP('',(#8269));
#1882=EDGE_LOOP('',(#8270));
#1883=EDGE_LOOP('',(#8271,#8272,#8273,#8274));
#1884=EDGE_LOOP('',(#8275));
#1885=EDGE_LOOP('',(#8276));
#1886=EDGE_LOOP('',(#8277,#8278,#8279,#8280));
#1887=EDGE_LOOP('',(#8281));
#1888=EDGE_LOOP('',(#8282));
#1889=EDGE_LOOP('',(#8283));
#1890=EDGE_LOOP('',(#8284,#8285,#8286,#8287));
#1891=EDGE_LOOP('',(#8288));
#1892=EDGE_LOOP('',(#8289,#8290,#8291,#8292));
#1893=EDGE_LOOP('',(#8293));
#1894=EDGE_LOOP('',(#8294));
#1895=EDGE_LOOP('',(#8295,#8296,#8297,#8298));
#1896=EDGE_LOOP('',(#8299));
#1897=EDGE_LOOP('',(#8300));
#1898=EDGE_LOOP('',(#8301,#8302,#8303,#8304));
#1899=EDGE_LOOP('',(#8305));
#1900=EDGE_LOOP('',(#8306));
#1901=EDGE_LOOP('',(#8307,#8308,#8309,#8310));
#1902=EDGE_LOOP('',(#8311));
#1903=EDGE_LOOP('',(#8312));
#1904=EDGE_LOOP('',(#8313,#8314,#8315,#8316));
#1905=EDGE_LOOP('',(#8317));
#1906=EDGE_LOOP('',(#8318));
#1907=EDGE_LOOP('',(#8319,#8320,#8321,#8322));
#1908=EDGE_LOOP('',(#8323));
#1909=EDGE_LOOP('',(#8324));
#1910=EDGE_LOOP('',(#8325,#8326,#8327,#8328));
#1911=EDGE_LOOP('',(#8329));
#1912=EDGE_LOOP('',(#8330));
#1913=EDGE_LOOP('',(#8331,#8332,#8333,#8334));
#1914=EDGE_LOOP('',(#8335));
#1915=EDGE_LOOP('',(#8336));
#1916=EDGE_LOOP('',(#8337,#8338,#8339,#8340));
#1917=EDGE_LOOP('',(#8341));
#1918=EDGE_LOOP('',(#8342));
#1919=EDGE_LOOP('',(#8343,#8344,#8345,#8346));
#1920=EDGE_LOOP('',(#8347));
#1921=EDGE_LOOP('',(#8348));
#1922=EDGE_LOOP('',(#8349));
#1923=EDGE_LOOP('',(#8350,#8351,#8352,#8353));
#1924=EDGE_LOOP('',(#8354));
#1925=EDGE_LOOP('',(#8355,#8356,#8357,#8358));
#1926=EDGE_LOOP('',(#8359));
#1927=EDGE_LOOP('',(#8360));
#1928=EDGE_LOOP('',(#8361,#8362,#8363,#8364));
#1929=EDGE_LOOP('',(#8365));
#1930=EDGE_LOOP('',(#8366));
#1931=EDGE_LOOP('',(#8367,#8368,#8369,#8370));
#1932=EDGE_LOOP('',(#8371));
#1933=EDGE_LOOP('',(#8372));
#1934=EDGE_LOOP('',(#8373,#8374,#8375,#8376));
#1935=EDGE_LOOP('',(#8377));
#1936=EDGE_LOOP('',(#8378));
#1937=EDGE_LOOP('',(#8379,#8380,#8381,#8382));
#1938=EDGE_LOOP('',(#8383));
#1939=EDGE_LOOP('',(#8384));
#1940=EDGE_LOOP('',(#8385,#8386,#8387,#8388));
#1941=EDGE_LOOP('',(#8389));
#1942=EDGE_LOOP('',(#8390));
#1943=EDGE_LOOP('',(#8391,#8392,#8393,#8394));
#1944=EDGE_LOOP('',(#8395));
#1945=EDGE_LOOP('',(#8396));
#1946=EDGE_LOOP('',(#8397,#8398,#8399,#8400));
#1947=EDGE_LOOP('',(#8401));
#1948=EDGE_LOOP('',(#8402));
#1949=EDGE_LOOP('',(#8403,#8404,#8405,#8406));
#1950=EDGE_LOOP('',(#8407));
#1951=EDGE_LOOP('',(#8408));
#1952=EDGE_LOOP('',(#8409,#8410,#8411,#8412));
#1953=EDGE_LOOP('',(#8413));
#1954=EDGE_LOOP('',(#8414));
#1955=EDGE_LOOP('',(#8415));
#1956=EDGE_LOOP('',(#8416,#8417,#8418,#8419));
#1957=EDGE_LOOP('',(#8420));
#1958=EDGE_LOOP('',(#8421,#8422,#8423,#8424));
#1959=EDGE_LOOP('',(#8425));
#1960=EDGE_LOOP('',(#8426));
#1961=EDGE_LOOP('',(#8427,#8428,#8429,#8430));
#1962=EDGE_LOOP('',(#8431));
#1963=EDGE_LOOP('',(#8432));
#1964=EDGE_LOOP('',(#8433,#8434,#8435,#8436));
#1965=EDGE_LOOP('',(#8437));
#1966=EDGE_LOOP('',(#8438));
#1967=EDGE_LOOP('',(#8439,#8440,#8441,#8442));
#1968=EDGE_LOOP('',(#8443));
#1969=EDGE_LOOP('',(#8444));
#1970=EDGE_LOOP('',(#8445,#8446,#8447,#8448));
#1971=EDGE_LOOP('',(#8449));
#1972=EDGE_LOOP('',(#8450));
#1973=EDGE_LOOP('',(#8451,#8452,#8453,#8454));
#1974=EDGE_LOOP('',(#8455));
#1975=EDGE_LOOP('',(#8456));
#1976=EDGE_LOOP('',(#8457,#8458,#8459,#8460));
#1977=EDGE_LOOP('',(#8461));
#1978=EDGE_LOOP('',(#8462));
#1979=EDGE_LOOP('',(#8463,#8464,#8465,#8466));
#1980=EDGE_LOOP('',(#8467));
#1981=EDGE_LOOP('',(#8468));
#1982=EDGE_LOOP('',(#8469,#8470,#8471,#8472));
#1983=EDGE_LOOP('',(#8473));
#1984=EDGE_LOOP('',(#8474));
#1985=EDGE_LOOP('',(#8475,#8476,#8477,#8478));
#1986=EDGE_LOOP('',(#8479));
#1987=EDGE_LOOP('',(#8480));
#1988=EDGE_LOOP('',(#8481));
#1989=EDGE_LOOP('',(#8482,#8483,#8484,#8485));
#1990=EDGE_LOOP('',(#8486));
#1991=EDGE_LOOP('',(#8487,#8488,#8489,#8490));
#1992=EDGE_LOOP('',(#8491));
#1993=EDGE_LOOP('',(#8492));
#1994=EDGE_LOOP('',(#8493,#8494,#8495,#8496));
#1995=EDGE_LOOP('',(#8497));
#1996=EDGE_LOOP('',(#8498));
#1997=EDGE_LOOP('',(#8499,#8500,#8501,#8502));
#1998=EDGE_LOOP('',(#8503));
#1999=EDGE_LOOP('',(#8504));
#2000=EDGE_LOOP('',(#8505,#8506,#8507,#8508));
#2001=EDGE_LOOP('',(#8509));
#2002=EDGE_LOOP('',(#8510));
#2003=EDGE_LOOP('',(#8511,#8512,#8513,#8514));
#2004=EDGE_LOOP('',(#8515));
#2005=EDGE_LOOP('',(#8516));
#2006=EDGE_LOOP('',(#8517,#8518,#8519,#8520));
#2007=EDGE_LOOP('',(#8521));
#2008=EDGE_LOOP('',(#8522));
#2009=EDGE_LOOP('',(#8523,#8524,#8525,#8526));
#2010=EDGE_LOOP('',(#8527));
#2011=EDGE_LOOP('',(#8528));
#2012=EDGE_LOOP('',(#8529,#8530,#8531,#8532));
#2013=EDGE_LOOP('',(#8533));
#2014=EDGE_LOOP('',(#8534));
#2015=EDGE_LOOP('',(#8535,#8536,#8537,#8538));
#2016=EDGE_LOOP('',(#8539));
#2017=EDGE_LOOP('',(#8540));
#2018=EDGE_LOOP('',(#8541,#8542,#8543,#8544));
#2019=EDGE_LOOP('',(#8545));
#2020=EDGE_LOOP('',(#8546));
#2021=EDGE_LOOP('',(#8547));
#2022=EDGE_LOOP('',(#8548,#8549,#8550,#8551));
#2023=EDGE_LOOP('',(#8552));
#2024=EDGE_LOOP('',(#8553,#8554,#8555,#8556));
#2025=EDGE_LOOP('',(#8557));
#2026=EDGE_LOOP('',(#8558));
#2027=EDGE_LOOP('',(#8559,#8560,#8561,#8562));
#2028=EDGE_LOOP('',(#8563));
#2029=EDGE_LOOP('',(#8564));
#2030=EDGE_LOOP('',(#8565,#8566,#8567,#8568));
#2031=EDGE_LOOP('',(#8569));
#2032=EDGE_LOOP('',(#8570));
#2033=EDGE_LOOP('',(#8571,#8572,#8573,#8574));
#2034=EDGE_LOOP('',(#8575));
#2035=EDGE_LOOP('',(#8576));
#2036=EDGE_LOOP('',(#8577,#8578,#8579,#8580));
#2037=EDGE_LOOP('',(#8581));
#2038=EDGE_LOOP('',(#8582));
#2039=EDGE_LOOP('',(#8583,#8584,#8585,#8586));
#2040=EDGE_LOOP('',(#8587));
#2041=EDGE_LOOP('',(#8588));
#2042=EDGE_LOOP('',(#8589,#8590,#8591,#8592));
#2043=EDGE_LOOP('',(#8593));
#2044=EDGE_LOOP('',(#8594));
#2045=EDGE_LOOP('',(#8595,#8596,#8597,#8598));
#2046=EDGE_LOOP('',(#8599));
#2047=EDGE_LOOP('',(#8600));
#2048=EDGE_LOOP('',(#8601,#8602,#8603,#8604));
#2049=EDGE_LOOP('',(#8605));
#2050=EDGE_LOOP('',(#8606));
#2051=EDGE_LOOP('',(#8607,#8608,#8609,#8610));
#2052=EDGE_LOOP('',(#8611,#8612,#8613,#8614));
#2053=EDGE_LOOP('',(#8615,#8616,#8617,#8618));
#2054=EDGE_LOOP('',(#8619,#8620,#8621,#8622));
#2055=EDGE_LOOP('',(#8623,#8624,#8625,#8626));
#2056=EDGE_LOOP('',(#8627,#8628,#8629,#8630));
#2057=EDGE_LOOP('',(#8631,#8632,#8633,#8634));
#2058=EDGE_LOOP('',(#8635,#8636,#8637,#8638));
#2059=EDGE_LOOP('',(#8639,#8640,#8641,#8642));
#2060=EDGE_LOOP('',(#8643,#8644,#8645,#8646));
#2061=EDGE_LOOP('',(#8647,#8648,#8649,#8650));
#2062=EDGE_LOOP('',(#8651,#8652,#8653,#8654));
#2063=EDGE_LOOP('',(#8655,#8656,#8657,#8658));
#2064=EDGE_LOOP('',(#8659,#8660,#8661,#8662));
#2065=EDGE_LOOP('',(#8663,#8664,#8665,#8666));
#2066=EDGE_LOOP('',(#8667,#8668,#8669,#8670));
#2067=EDGE_LOOP('',(#8671,#8672,#8673,#8674));
#2068=EDGE_LOOP('',(#8675,#8676,#8677,#8678));
#2069=EDGE_LOOP('',(#8679,#8680,#8681,#8682));
#2070=EDGE_LOOP('',(#8683,#8684,#8685,#8686));
#2071=EDGE_LOOP('',(#8687,#8688,#8689,#8690));
#2072=EDGE_LOOP('',(#8691,#8692,#8693,#8694));
#2073=EDGE_LOOP('',(#8695,#8696,#8697,#8698));
#2074=EDGE_LOOP('',(#8699,#8700,#8701,#8702));
#2075=EDGE_LOOP('',(#8703,#8704,#8705,#8706));
#2076=EDGE_LOOP('',(#8707,#8708,#8709,#8710));
#2077=EDGE_LOOP('',(#8711,#8712,#8713,#8714));
#2078=EDGE_LOOP('',(#8715,#8716,#8717,#8718));
#2079=EDGE_LOOP('',(#8719,#8720,#8721,#8722));
#2080=EDGE_LOOP('',(#8723,#8724,#8725,#8726));
#2081=EDGE_LOOP('',(#8727,#8728,#8729,#8730));
#2082=EDGE_LOOP('',(#8731,#8732,#8733,#8734));
#2083=EDGE_LOOP('',(#8735,#8736,#8737,#8738));
#2084=EDGE_LOOP('',(#8739,#8740,#8741,#8742));
#2085=EDGE_LOOP('',(#8743,#8744,#8745,#8746));
#2086=EDGE_LOOP('',(#8747,#8748,#8749,#8750));
#2087=EDGE_LOOP('',(#8751,#8752,#8753,#8754));
#2088=EDGE_LOOP('',(#8755,#8756,#8757,#8758));
#2089=EDGE_LOOP('',(#8759,#8760,#8761,#8762));
#2090=EDGE_LOOP('',(#8763,#8764,#8765,#8766));
#2091=EDGE_LOOP('',(#8767,#8768,#8769,#8770));
#2092=EDGE_LOOP('',(#8771,#8772,#8773,#8774));
#2093=EDGE_LOOP('',(#8775,#8776,#8777,#8778));
#2094=EDGE_LOOP('',(#8779,#8780,#8781,#8782));
#2095=EDGE_LOOP('',(#8783,#8784,#8785,#8786));
#2096=EDGE_LOOP('',(#8787,#8788,#8789,#8790));
#2097=EDGE_LOOP('',(#8791,#8792,#8793,#8794));
#2098=EDGE_LOOP('',(#8795,#8796,#8797,#8798));
#2099=EDGE_LOOP('',(#8799,#8800,#8801,#8802));
#2100=EDGE_LOOP('',(#8803,#8804,#8805,#8806));
#2101=EDGE_LOOP('',(#8807,#8808,#8809,#8810));
#2102=EDGE_LOOP('',(#8811,#8812,#8813,#8814));
#2103=EDGE_LOOP('',(#8815,#8816,#8817,#8818));
#2104=EDGE_LOOP('',(#8819,#8820,#8821,#8822));
#2105=EDGE_LOOP('',(#8823,#8824,#8825,#8826));
#2106=EDGE_LOOP('',(#8827,#8828,#8829,#8830));
#2107=EDGE_LOOP('',(#8831,#8832,#8833,#8834));
#2108=EDGE_LOOP('',(#8835,#8836,#8837,#8838));
#2109=EDGE_LOOP('',(#8839,#8840,#8841,#8842));
#2110=EDGE_LOOP('',(#8843,#8844,#8845,#8846));
#2111=EDGE_LOOP('',(#8847,#8848,#8849,#8850));
#2112=EDGE_LOOP('',(#8851,#8852,#8853,#8854));
#2113=EDGE_LOOP('',(#8855,#8856,#8857,#8858));
#2114=EDGE_LOOP('',(#8859,#8860,#8861,#8862));
#2115=EDGE_LOOP('',(#8863,#8864,#8865,#8866));
#2116=EDGE_LOOP('',(#8867,#8868,#8869,#8870));
#2117=EDGE_LOOP('',(#8871,#8872,#8873,#8874));
#2118=EDGE_LOOP('',(#8875,#8876,#8877,#8878));
#2119=EDGE_LOOP('',(#8879,#8880,#8881,#8882));
#2120=EDGE_LOOP('',(#8883,#8884,#8885,#8886));
#2121=EDGE_LOOP('',(#8887,#8888,#8889,#8890));
#2122=EDGE_LOOP('',(#8891,#8892,#8893,#8894));
#2123=EDGE_LOOP('',(#8895,#8896,#8897,#8898));
#2124=EDGE_LOOP('',(#8899,#8900,#8901,#8902));
#2125=EDGE_LOOP('',(#8903,#8904,#8905,#8906));
#2126=EDGE_LOOP('',(#8907,#8908,#8909,#8910));
#2127=EDGE_LOOP('',(#8911,#8912,#8913,#8914));
#2128=EDGE_LOOP('',(#8915,#8916,#8917,#8918));
#2129=EDGE_LOOP('',(#8919,#8920,#8921,#8922));
#2130=EDGE_LOOP('',(#8923,#8924,#8925,#8926));
#2131=EDGE_LOOP('',(#8927,#8928,#8929,#8930));
#2132=EDGE_LOOP('',(#8931,#8932,#8933,#8934));
#2133=EDGE_LOOP('',(#8935,#8936,#8937,#8938));
#2134=EDGE_LOOP('',(#8939,#8940,#8941,#8942));
#2135=EDGE_LOOP('',(#8943,#8944,#8945,#8946));
#2136=EDGE_LOOP('',(#8947,#8948,#8949,#8950));
#2137=EDGE_LOOP('',(#8951,#8952,#8953,#8954));
#2138=EDGE_LOOP('',(#8955,#8956,#8957,#8958));
#2139=EDGE_LOOP('',(#8959,#8960,#8961,#8962));
#2140=EDGE_LOOP('',(#8963,#8964,#8965,#8966));
#2141=EDGE_LOOP('',(#8967,#8968,#8969,#8970));
#2142=EDGE_LOOP('',(#8971,#8972,#8973,#8974));
#2143=EDGE_LOOP('',(#8975,#8976,#8977,#8978));
#2144=EDGE_LOOP('',(#8979,#8980,#8981,#8982));
#2145=EDGE_LOOP('',(#8983,#8984,#8985,#8986));
#2146=EDGE_LOOP('',(#8987,#8988,#8989,#8990));
#2147=EDGE_LOOP('',(#8991,#8992,#8993,#8994));
#2148=EDGE_LOOP('',(#8995,#8996,#8997,#8998));
#2149=EDGE_LOOP('',(#8999,#9000,#9001,#9002));
#2150=EDGE_LOOP('',(#9003,#9004,#9005,#9006));
#2151=EDGE_LOOP('',(#9007,#9008,#9009,#9010));
#2152=EDGE_LOOP('',(#9011,#9012,#9013,#9014));
#2153=EDGE_LOOP('',(#9015,#9016,#9017,#9018));
#2154=EDGE_LOOP('',(#9019,#9020,#9021,#9022));
#2155=EDGE_LOOP('',(#9023,#9024,#9025,#9026));
#2156=EDGE_LOOP('',(#9027,#9028,#9029,#9030));
#2157=EDGE_LOOP('',(#9031,#9032,#9033,#9034));
#2158=EDGE_LOOP('',(#9035,#9036,#9037,#9038));
#2159=EDGE_LOOP('',(#9039,#9040,#9041,#9042));
#2160=EDGE_LOOP('',(#9043,#9044,#9045,#9046));
#2161=EDGE_LOOP('',(#9047,#9048,#9049,#9050));
#2162=EDGE_LOOP('',(#9051,#9052,#9053,#9054));
#2163=EDGE_LOOP('',(#9055,#9056,#9057,#9058));
#2164=EDGE_LOOP('',(#9059,#9060,#9061,#9062));
#2165=EDGE_LOOP('',(#9063,#9064,#9065,#9066));
#2166=EDGE_LOOP('',(#9067,#9068,#9069,#9070));
#2167=EDGE_LOOP('',(#9071,#9072,#9073,#9074));
#2168=EDGE_LOOP('',(#9075,#9076,#9077,#9078));
#2169=EDGE_LOOP('',(#9079,#9080,#9081,#9082));
#2170=EDGE_LOOP('',(#9083,#9084,#9085,#9086));
#2171=EDGE_LOOP('',(#9087,#9088,#9089,#9090));
#2172=EDGE_LOOP('',(#9091,#9092,#9093,#9094));
#2173=EDGE_LOOP('',(#9095,#9096,#9097,#9098));
#2174=EDGE_LOOP('',(#9099,#9100,#9101,#9102));
#2175=EDGE_LOOP('',(#9103,#9104,#9105,#9106));
#2176=EDGE_LOOP('',(#9107,#9108,#9109,#9110));
#2177=EDGE_LOOP('',(#9111,#9112,#9113,#9114));
#2178=EDGE_LOOP('',(#9115,#9116,#9117,#9118));
#2179=EDGE_LOOP('',(#9119,#9120,#9121,#9122));
#2180=EDGE_LOOP('',(#9123,#9124,#9125,#9126));
#2181=EDGE_LOOP('',(#9127,#9128,#9129,#9130));
#2182=EDGE_LOOP('',(#9131,#9132,#9133,#9134));
#2183=EDGE_LOOP('',(#9135,#9136,#9137,#9138));
#2184=EDGE_LOOP('',(#9139,#9140,#9141,#9142));
#2185=EDGE_LOOP('',(#9143,#9144,#9145,#9146));
#2186=EDGE_LOOP('',(#9147,#9148,#9149,#9150));
#2187=EDGE_LOOP('',(#9151,#9152,#9153,#9154));
#2188=EDGE_LOOP('',(#9155,#9156,#9157,#9158));
#2189=EDGE_LOOP('',(#9159,#9160,#9161,#9162));
#2190=EDGE_LOOP('',(#9163,#9164,#9165,#9166));
#2191=EDGE_LOOP('',(#9167,#9168,#9169,#9170));
#2192=EDGE_LOOP('',(#9171,#9172,#9173,#9174));
#2193=EDGE_LOOP('',(#9175,#9176,#9177,#9178));
#2194=EDGE_LOOP('',(#9179,#9180,#9181,#9182));
#2195=EDGE_LOOP('',(#9183,#9184,#9185,#9186));
#2196=EDGE_LOOP('',(#9187,#9188,#9189,#9190));
#2197=EDGE_LOOP('',(#9191,#9192,#9193,#9194));
#2198=EDGE_LOOP('',(#9195,#9196,#9197,#9198));
#2199=EDGE_LOOP('',(#9199,#9200,#9201,#9202));
#2200=EDGE_LOOP('',(#9203,#9204,#9205,#9206));
#2201=EDGE_LOOP('',(#9207,#9208,#9209,#9210,#9211,#9212,#9213,#9214));
#2202=EDGE_LOOP('',(#9215,#9216,#9217,#9218,#9219,#9220,#9221,#9222));
#2203=EDGE_LOOP('',(#9223));
#2204=EDGE_LOOP('',(#9224));
#2205=EDGE_LOOP('',(#9225));
#2206=EDGE_LOOP('',(#9226));
#2207=EDGE_LOOP('',(#9227,#9228,#9229,#9230));
#2208=EDGE_LOOP('',(#9231));
#2209=EDGE_LOOP('',(#9232));
#2210=EDGE_LOOP('',(#9233));
#2211=EDGE_LOOP('',(#9234));
#2212=EDGE_LOOP('',(#9235,#9236,#9237,#9238));
#2213=EDGE_LOOP('',(#9239,#9240,#9241,#9242));
#2214=EDGE_LOOP('',(#9243,#9244,#9245,#9246));
#2215=EDGE_LOOP('',(#9247,#9248,#9249,#9250));
#2216=EDGE_LOOP('',(#9251,#9252,#9253,#9254));
#2217=EDGE_LOOP('',(#9255));
#2218=EDGE_LOOP('',(#9256));
#2219=EDGE_LOOP('',(#9257));
#2220=EDGE_LOOP('',(#9258,#9259,#9260,#9261,#9262,#9263,#9264,#9265,#9266,
#9267));
#2221=EDGE_LOOP('',(#9268,#9269,#9270,#9271,#9272,#9273,#9274,#9275,#9276,
#9277,#9278,#9279));
#2222=EDGE_LOOP('',(#9280));
#2223=EDGE_LOOP('',(#9281,#9282,#9283,#9284,#9285,#9286,#9287,#9288,#9289,
#9290));
#2224=EDGE_LOOP('',(#9291,#9292,#9293,#9294));
#2225=EDGE_LOOP('',(#9295,#9296,#9297,#9298));
#2226=EDGE_LOOP('',(#9299,#9300,#9301,#9302,#9303,#9304,#9305,#9306));
#2227=EDGE_LOOP('',(#9307));
#2228=EDGE_LOOP('',(#9308));
#2229=EDGE_LOOP('',(#9309));
#2230=EDGE_LOOP('',(#9310));
#2231=EDGE_LOOP('',(#9311,#9312,#9313,#9314));
#2232=EDGE_LOOP('',(#9315,#9316,#9317,#9318));
#2233=EDGE_LOOP('',(#9319));
#2234=EDGE_LOOP('',(#9320,#9321,#9322,#9323));
#2235=EDGE_LOOP('',(#9324));
#2236=EDGE_LOOP('',(#9325,#9326,#9327,#9328));
#2237=EDGE_LOOP('',(#9329));
#2238=EDGE_LOOP('',(#9330,#9331,#9332,#9333));
#2239=EDGE_LOOP('',(#9334));
#2240=EDGE_LOOP('',(#9335,#9336,#9337,#9338,#9339,#9340,#9341,#9342));
#2241=EDGE_LOOP('',(#9343,#9344,#9345,#9346));
#2242=EDGE_LOOP('',(#9347,#9348,#9349,#9350));
#2243=EDGE_LOOP('',(#9351,#9352,#9353,#9354));
#2244=EDGE_LOOP('',(#9355,#9356,#9357,#9358));
#2245=EDGE_LOOP('',(#9359,#9360,#9361,#9362));
#2246=EDGE_LOOP('',(#9363,#9364,#9365,#9366));
#2247=EDGE_LOOP('',(#9367,#9368,#9369,#9370));
#2248=EDGE_LOOP('',(#9371,#9372,#9373,#9374));
#2249=EDGE_LOOP('',(#9375,#9376,#9377,#9378,#9379,#9380));
#2250=EDGE_LOOP('',(#9381,#9382,#9383,#9384,#9385,#9386));
#2251=EDGE_LOOP('',(#9387,#9388,#9389,#9390));
#2252=EDGE_LOOP('',(#9391,#9392,#9393,#9394));
#2253=EDGE_LOOP('',(#9395,#9396,#9397,#9398));
#2254=EDGE_LOOP('',(#9399,#9400,#9401,#9402));
#2255=EDGE_LOOP('',(#9403,#9404,#9405,#9406));
#2256=EDGE_LOOP('',(#9407,#9408,#9409,#9410));
#2257=EDGE_LOOP('',(#9411,#9412,#9413,#9414));
#2258=EDGE_LOOP('',(#9415,#9416,#9417,#9418));
#2259=EDGE_LOOP('',(#9419,#9420,#9421,#9422));
#2260=EDGE_LOOP('',(#9423,#9424,#9425,#9426));
#2261=EDGE_LOOP('',(#9427,#9428,#9429,#9430));
#2262=EDGE_LOOP('',(#9431,#9432,#9433,#9434));
#2263=EDGE_LOOP('',(#9435,#9436,#9437,#9438));
#2264=EDGE_LOOP('',(#9439,#9440,#9441,#9442));
#2265=EDGE_LOOP('',(#9443,#9444,#9445,#9446));
#2266=EDGE_LOOP('',(#9447,#9448,#9449,#9450));
#2267=EDGE_LOOP('',(#9451,#9452,#9453,#9454));
#2268=EDGE_LOOP('',(#9455,#9456,#9457,#9458));
#2269=EDGE_LOOP('',(#9459));
#2270=EDGE_LOOP('',(#9460));
#2271=EDGE_LOOP('',(#9461,#9462,#9463,#9464));
#2272=EDGE_LOOP('',(#9465));
#2273=EDGE_LOOP('',(#9466,#9467,#9468,#9469));
#2274=EDGE_LOOP('',(#9470,#9471,#9472,#9473));
#2275=EDGE_LOOP('',(#9474,#9475,#9476,#9477,#9478));
#2276=EDGE_LOOP('',(#9479,#9480,#9481,#9482));
#2277=EDGE_LOOP('',(#9483,#9484,#9485,#9486,#9487));
#2278=EDGE_LOOP('',(#9488,#9489,#9490));
#2279=EDGE_LOOP('',(#9491,#9492,#9493,#9494));
#2280=EDGE_LOOP('',(#9495,#9496,#9497));
#2281=EDGE_LOOP('',(#9498,#9499,#9500,#9501));
#2282=EDGE_LOOP('',(#9502,#9503,#9504,#9505,#9506,#9507,#9508,#9509));
#2283=EDGE_LOOP('',(#9510,#9511,#9512));
#2284=CIRCLE('',#11556,0.112204724409449);
#2285=CIRCLE('',#11557,0.112204724409449);
#2286=CIRCLE('',#11558,0.112204724409449);
#2287=CIRCLE('',#11559,0.112204724409449);
#2288=CIRCLE('',#11560,0.112204724409449);
#2289=CIRCLE('',#11561,0.112204724409449);
#2290=CIRCLE('',#11562,0.112204724409449);
#2291=CIRCLE('',#11563,0.112204724409449);
#2292=CIRCLE('',#11564,0.112204724409449);
#2293=CIRCLE('',#11565,0.112204724409449);
#2294=CIRCLE('',#11566,0.112204724409449);
#2295=CIRCLE('',#11567,0.112204724409449);
#2296=CIRCLE('',#11573,0.0669291338582673);
#2297=CIRCLE('',#11574,0.0669291338582673);
#2298=CIRCLE('',#11575,0.0669291338582677);
#2299=CIRCLE('',#11576,0.0669291338582677);
#2300=CIRCLE('',#11577,0.112204724409449);
#2301=CIRCLE('',#11578,0.112204724409449);
#2302=CIRCLE('',#11579,0.112204724409449);
#2303=CIRCLE('',#11580,0.112204724409449);
#2304=CIRCLE('',#11581,0.112204724409449);
#2305=CIRCLE('',#11582,0.112204724409449);
#2306=CIRCLE('',#11583,0.112204724409449);
#2307=CIRCLE('',#11584,0.112204724409449);
#2308=CIRCLE('',#11605,0.0669291338582673);
#2309=CIRCLE('',#11606,0.0314960629921255);
#2310=CIRCLE('',#11608,0.0669291338582673);
#2311=CIRCLE('',#11609,0.0314960629921255);
#2312=CIRCLE('',#11611,0.0314960629921255);
#2313=CIRCLE('',#11612,0.0314960629921255);
#2314=CIRCLE('',#11618,0.0314960629921255);
#2315=CIRCLE('',#11622,0.0314960629921255);
#2316=CIRCLE('',#11626,0.0669291338582677);
#2317=CIRCLE('',#11627,0.0669291338582677);
#2318=CIRCLE('',#11631,0.112204724409449);
#2319=CIRCLE('',#11633,0.112204724409449);
#2320=CIRCLE('',#11634,0.112204724409449);
#2321=CIRCLE('',#11636,0.112204724409449);
#2322=CIRCLE('',#11638,0.112204724409449);
#2323=CIRCLE('',#11639,0.112204724409449);
#2324=CIRCLE('',#11641,0.112204724409449);
#2325=CIRCLE('',#11642,0.112204724409449);
#2326=CIRCLE('',#11644,0.112204724409449);
#2327=CIRCLE('',#11646,0.112204724409449);
#2328=CIRCLE('',#11647,0.112204724409449);
#2329=CIRCLE('',#11649,0.112204724409449);
#2330=CIRCLE('',#11656,0.0314960629921254);
#2331=CIRCLE('',#11661,0.0314960629921254);
#2332=CIRCLE('',#11694,0.0413386);
#2333=CIRCLE('',#11695,0.07874015);
#2334=CIRCLE('',#11696,0.0147638);
#2335=CIRCLE('',#11697,0.0147638);
#2336=CIRCLE('',#11698,0.0147638);
#2337=CIRCLE('',#11699,0.0147638);
#2338=CIRCLE('',#11700,0.0147638);
#2339=CIRCLE('',#11701,0.0147638);
#2340=CIRCLE('',#11702,0.0147638);
#2341=CIRCLE('',#11703,0.0147638);
#2342=CIRCLE('',#11704,0.0147638);
#2343=CIRCLE('',#11705,0.0147638);
#2344=CIRCLE('',#11706,0.0413386);
#2345=CIRCLE('',#11707,0.07874015);
#2346=CIRCLE('',#11708,0.0147638);
#2347=CIRCLE('',#11709,0.0147638);
#2348=CIRCLE('',#11710,0.0147638);
#2349=CIRCLE('',#11711,0.0147638);
#2350=CIRCLE('',#11712,0.0147638);
#2351=CIRCLE('',#11713,0.0147638);
#2352=CIRCLE('',#11714,0.0147638);
#2353=CIRCLE('',#11715,0.0147638);
#2354=CIRCLE('',#11716,0.0147638);
#2355=CIRCLE('',#11717,0.0147638);
#2356=CIRCLE('',#11718,0.0147638);
#2357=CIRCLE('',#11719,0.0147638);
#2358=CIRCLE('',#11720,0.0147638);
#2359=CIRCLE('',#11721,0.0147638);
#2360=CIRCLE('',#11722,0.0147638);
#2361=CIRCLE('',#11723,0.0147638);
#2362=CIRCLE('',#11724,0.0147638);
#2363=CIRCLE('',#11725,0.0147638);
#2364=CIRCLE('',#11726,0.0147638);
#2365=CIRCLE('',#11727,0.0147638);
#2366=CIRCLE('',#11728,0.0413386);
#2367=CIRCLE('',#11729,0.0147638);
#2368=CIRCLE('',#11730,0.0147638);
#2369=CIRCLE('',#11731,0.0147638);
#2370=CIRCLE('',#11732,0.0147638);
#2371=CIRCLE('',#11733,0.0147638);
#2372=CIRCLE('',#11734,0.0147638);
#2373=CIRCLE('',#11735,0.0147638);
#2374=CIRCLE('',#11736,0.0147638);
#2375=CIRCLE('',#11737,0.0147638);
#2376=CIRCLE('',#11738,0.0147638);
#2377=CIRCLE('',#11739,0.0413386);
#2378=CIRCLE('',#11742,0.0413386);
#2379=CIRCLE('',#11743,0.07874015);
#2380=CIRCLE('',#11744,0.0147638);
#2381=CIRCLE('',#11745,0.0147638);
#2382=CIRCLE('',#11746,0.0147638);
#2383=CIRCLE('',#11747,0.0147638);
#2384=CIRCLE('',#11748,0.0147638);
#2385=CIRCLE('',#11749,0.0147638);
#2386=CIRCLE('',#11750,0.0147638);
#2387=CIRCLE('',#11751,0.0147638);
#2388=CIRCLE('',#11752,0.0147638);
#2389=CIRCLE('',#11753,0.0147638);
#2390=CIRCLE('',#11754,0.0413386);
#2391=CIRCLE('',#11755,0.07874015);
#2392=CIRCLE('',#11756,0.0147638);
#2393=CIRCLE('',#11757,0.0147638);
#2394=CIRCLE('',#11758,0.0147638);
#2395=CIRCLE('',#11759,0.0147638);
#2396=CIRCLE('',#11760,0.0147638);
#2397=CIRCLE('',#11761,0.0147638);
#2398=CIRCLE('',#11762,0.0147638);
#2399=CIRCLE('',#11763,0.0147638);
#2400=CIRCLE('',#11764,0.0147638);
#2401=CIRCLE('',#11765,0.0147638);
#2402=CIRCLE('',#11766,0.0147638);
#2403=CIRCLE('',#11767,0.0147638);
#2404=CIRCLE('',#11768,0.0147638);
#2405=CIRCLE('',#11769,0.0147638);
#2406=CIRCLE('',#11770,0.0147638);
#2407=CIRCLE('',#11771,0.0147638);
#2408=CIRCLE('',#11772,0.0147638);
#2409=CIRCLE('',#11773,0.0147638);
#2410=CIRCLE('',#11774,0.0147638);
#2411=CIRCLE('',#11775,0.0147638);
#2412=CIRCLE('',#11776,0.0413386);
#2413=CIRCLE('',#11777,0.0196850393700787);
#2414=CIRCLE('',#11778,0.0196850393700787);
#2415=CIRCLE('',#11779,0.0196850393700787);
#2416=CIRCLE('',#11780,0.0196850393700787);
#2417=CIRCLE('',#11781,0.0147638);
#2418=CIRCLE('',#11782,0.0147638);
#2419=CIRCLE('',#11783,0.0147638);
#2420=CIRCLE('',#11784,0.0147638);
#2421=CIRCLE('',#11785,0.0147638);
#2422=CIRCLE('',#11786,0.0147638);
#2423=CIRCLE('',#11787,0.0147638);
#2424=CIRCLE('',#11788,0.0147638);
#2425=CIRCLE('',#11789,0.0147638);
#2426=CIRCLE('',#11790,0.0147638);
#2427=CIRCLE('',#11791,0.0413386);
#2428=CIRCLE('',#11840,0.0196850393700787);
#2429=CIRCLE('',#11843,0.0196850393700787);
#2430=CIRCLE('',#11846,0.0196850393700787);
#2431=CIRCLE('',#11849,0.0196850393700787);
#2432=CIRCLE('',#11853,0.0196850393700787);
#2433=CIRCLE('',#11854,0.0196850393700787);
#2434=CIRCLE('',#11857,0.0196850393700787);
#2435=CIRCLE('',#11858,0.0196850393700787);
#2436=CIRCLE('',#11861,0.0196850393700787);
#2437=CIRCLE('',#11862,0.0196850393700787);
#2438=CIRCLE('',#11865,0.0196850393700787);
#2439=CIRCLE('',#11866,0.0196850393700787);
#2440=CIRCLE('',#11870,0.0196850393700787);
#2441=CIRCLE('',#11871,0.0196850393700787);
#2442=CIRCLE('',#11872,0.0196850393700787);
#2443=CIRCLE('',#11873,0.0196850393700787);
#2444=CIRCLE('',#11935,0.108267716535433);
#2445=CIRCLE('',#11936,0.108267716535433);
#2446=CIRCLE('',#11938,0.0720472440944882);
#2447=CIRCLE('',#11941,0.0720472440944882);
#2448=CIRCLE('',#11944,0.0118110236220472);
#2449=CIRCLE('',#11945,0.0118110236220472);
#2450=CIRCLE('',#11949,0.0118110236220472);
#2451=CIRCLE('',#11950,0.0118110236220472);
#2452=CIRCLE('',#11954,0.0216535433070866);
#2453=CIRCLE('',#11955,0.0216535433070866);
#2454=CIRCLE('',#11959,0.0118110236220472);
#2455=CIRCLE('',#11960,0.0118110236220472);
#2456=CIRCLE('',#11964,0.0216535433070866);
#2457=CIRCLE('',#11965,0.0216535433070866);
#2458=CIRCLE('',#11969,0.0118110236220472);
#2459=CIRCLE('',#11970,0.0118110236220472);
#2460=CIRCLE('',#11974,0.0216535433070866);
#2461=CIRCLE('',#11975,0.0216535433070866);
#2462=CIRCLE('',#11979,0.0118110236220472);
#2463=CIRCLE('',#11980,0.0118110236220472);
#2464=CIRCLE('',#11984,0.0216535433070866);
#2465=CIRCLE('',#11985,0.0216535433070866);
#2466=CIRCLE('',#11997,0.108267716535433);
#2467=CIRCLE('',#11998,0.108267716535433);
#2468=CIRCLE('',#12000,0.0720472440944882);
#2469=CIRCLE('',#12003,0.0720472440944882);
#2470=CIRCLE('',#12006,0.0118110236220472);
#2471=CIRCLE('',#12007,0.0118110236220472);
#2472=CIRCLE('',#12011,0.0118110236220472);
#2473=CIRCLE('',#12012,0.0118110236220472);
#2474=CIRCLE('',#12016,0.0216535433070866);
#2475=CIRCLE('',#12017,0.0216535433070866);
#2476=CIRCLE('',#12021,0.0118110236220472);
#2477=CIRCLE('',#12022,0.0118110236220472);
#2478=CIRCLE('',#12026,0.0216535433070866);
#2479=CIRCLE('',#12027,0.0216535433070866);
#2480=CIRCLE('',#12031,0.0118110236220472);
#2481=CIRCLE('',#12032,0.0118110236220472);
#2482=CIRCLE('',#12036,0.0216535433070866);
#2483=CIRCLE('',#12037,0.0216535433070866);
#2484=CIRCLE('',#12041,0.0118110236220472);
#2485=CIRCLE('',#12042,0.0118110236220472);
#2486=CIRCLE('',#12046,0.0216535433070866);
#2487=CIRCLE('',#12047,0.0216535433070866);
#2488=CIRCLE('',#12080,0.108267716535433);
#2489=CIRCLE('',#12081,0.108267716535433);
#2490=CIRCLE('',#12083,0.0720472440944882);
#2491=CIRCLE('',#12086,0.0720472440944882);
#2492=CIRCLE('',#12089,0.0118110236220472);
#2493=CIRCLE('',#12090,0.0118110236220472);
#2494=CIRCLE('',#12094,0.0216535433070866);
#2495=CIRCLE('',#12095,0.0216535433070866);
#2496=CIRCLE('',#12099,0.0118110236220472);
#2497=CIRCLE('',#12100,0.0118110236220472);
#2498=CIRCLE('',#12104,0.0216535433070866);
#2499=CIRCLE('',#12105,0.0216535433070866);
#2500=CIRCLE('',#12109,0.0118110236220472);
#2501=CIRCLE('',#12110,0.0118110236220472);
#2502=CIRCLE('',#12114,0.0216535433070866);
#2503=CIRCLE('',#12115,0.0216535433070866);
#2504=CIRCLE('',#12119,0.0118110236220472);
#2505=CIRCLE('',#12120,0.0118110236220472);
#2506=CIRCLE('',#12124,0.0216535433070866);
#2507=CIRCLE('',#12125,0.0216535433070866);
#2508=CIRCLE('',#12129,0.0118110236220472);
#2509=CIRCLE('',#12130,0.0118110236220472);
#2510=CIRCLE('',#12135,0.108267716535433);
#2511=CIRCLE('',#12136,0.108267716535433);
#2512=CIRCLE('',#12138,0.0720472440944882);
#2513=CIRCLE('',#12141,0.0720472440944882);
#2514=CIRCLE('',#12144,0.0118110236220472);
#2515=CIRCLE('',#12145,0.0118110236220472);
#2516=CIRCLE('',#12149,0.0216535433070866);
#2517=CIRCLE('',#12150,0.0216535433070866);
#2518=CIRCLE('',#12154,0.0118110236220472);
#2519=CIRCLE('',#12155,0.0118110236220472);
#2520=CIRCLE('',#12159,0.0216535433070866);
#2521=CIRCLE('',#12160,0.0216535433070866);
#2522=CIRCLE('',#12164,0.0118110236220472);
#2523=CIRCLE('',#12165,0.0118110236220472);
#2524=CIRCLE('',#12169,0.0216535433070866);
#2525=CIRCLE('',#12170,0.0216535433070866);
#2526=CIRCLE('',#12174,0.0118110236220472);
#2527=CIRCLE('',#12175,0.0118110236220472);
#2528=CIRCLE('',#12179,0.0216535433070866);
#2529=CIRCLE('',#12180,0.0216535433070866);
#2530=CIRCLE('',#12184,0.0118110236220472);
#2531=CIRCLE('',#12185,0.0118110236220472);
#2532=CIRCLE('',#12190,0.108267716535433);
#2533=CIRCLE('',#12191,0.108267716535433);
#2534=CIRCLE('',#12193,0.0720472440944882);
#2535=CIRCLE('',#12196,0.0720472440944882);
#2536=CIRCLE('',#12199,0.0118110236220472);
#2537=CIRCLE('',#12200,0.0118110236220472);
#2538=CIRCLE('',#12204,0.0216535433070866);
#2539=CIRCLE('',#12205,0.0216535433070866);
#2540=CIRCLE('',#12209,0.0118110236220472);
#2541=CIRCLE('',#12210,0.0118110236220472);
#2542=CIRCLE('',#12214,0.0216535433070866);
#2543=CIRCLE('',#12215,0.0216535433070866);
#2544=CIRCLE('',#12219,0.0118110236220472);
#2545=CIRCLE('',#12220,0.0118110236220472);
#2546=CIRCLE('',#12224,0.0216535433070866);
#2547=CIRCLE('',#12225,0.0216535433070866);
#2548=CIRCLE('',#12229,0.0118110236220472);
#2549=CIRCLE('',#12230,0.0118110236220472);
#2550=CIRCLE('',#12234,0.0216535433070866);
#2551=CIRCLE('',#12235,0.0216535433070866);
#2552=CIRCLE('',#12239,0.0118110236220472);
#2553=CIRCLE('',#12240,0.0118110236220472);
#2554=CIRCLE('',#12245,0.108267716535433);
#2555=CIRCLE('',#12246,0.108267716535433);
#2556=CIRCLE('',#12248,0.0720472440944882);
#2557=CIRCLE('',#12251,0.0720472440944882);
#2558=CIRCLE('',#12254,0.0118110236220472);
#2559=CIRCLE('',#12255,0.0118110236220472);
#2560=CIRCLE('',#12259,0.0216535433070866);
#2561=CIRCLE('',#12260,0.0216535433070866);
#2562=CIRCLE('',#12264,0.0118110236220472);
#2563=CIRCLE('',#12265,0.0118110236220472);
#2564=CIRCLE('',#12269,0.0216535433070866);
#2565=CIRCLE('',#12270,0.0216535433070866);
#2566=CIRCLE('',#12274,0.0118110236220472);
#2567=CIRCLE('',#12275,0.0118110236220472);
#2568=CIRCLE('',#12279,0.0216535433070866);
#2569=CIRCLE('',#12280,0.0216535433070866);
#2570=CIRCLE('',#12284,0.0118110236220472);
#2571=CIRCLE('',#12285,0.0118110236220472);
#2572=CIRCLE('',#12289,0.0216535433070866);
#2573=CIRCLE('',#12290,0.0216535433070866);
#2574=CIRCLE('',#12294,0.0118110236220472);
#2575=CIRCLE('',#12295,0.0118110236220472);
#2576=CIRCLE('',#12300,0.108267716535433);
#2577=CIRCLE('',#12301,0.108267716535433);
#2578=CIRCLE('',#12303,0.0720472440944882);
#2579=CIRCLE('',#12306,0.0720472440944882);
#2580=CIRCLE('',#12309,0.0118110236220472);
#2581=CIRCLE('',#12310,0.0118110236220472);
#2582=CIRCLE('',#12314,0.0216535433070866);
#2583=CIRCLE('',#12315,0.0216535433070866);
#2584=CIRCLE('',#12319,0.0118110236220472);
#2585=CIRCLE('',#12320,0.0118110236220472);
#2586=CIRCLE('',#12324,0.0216535433070866);
#2587=CIRCLE('',#12325,0.0216535433070866);
#2588=CIRCLE('',#12329,0.0118110236220472);
#2589=CIRCLE('',#12330,0.0118110236220472);
#2590=CIRCLE('',#12334,0.0216535433070866);
#2591=CIRCLE('',#12335,0.0216535433070866);
#2592=CIRCLE('',#12339,0.0118110236220472);
#2593=CIRCLE('',#12340,0.0118110236220472);
#2594=CIRCLE('',#12344,0.0216535433070866);
#2595=CIRCLE('',#12345,0.0216535433070866);
#2596=CIRCLE('',#12349,0.0118110236220472);
#2597=CIRCLE('',#12350,0.0118110236220472);
#2598=CIRCLE('',#12355,0.108267716535433);
#2599=CIRCLE('',#12356,0.108267716535433);
#2600=CIRCLE('',#12358,0.0720472440944882);
#2601=CIRCLE('',#12361,0.0720472440944882);
#2602=CIRCLE('',#12364,0.0118110236220472);
#2603=CIRCLE('',#12365,0.0118110236220472);
#2604=CIRCLE('',#12369,0.0216535433070866);
#2605=CIRCLE('',#12370,0.0216535433070866);
#2606=CIRCLE('',#12374,0.0118110236220472);
#2607=CIRCLE('',#12375,0.0118110236220472);
#2608=CIRCLE('',#12379,0.0216535433070866);
#2609=CIRCLE('',#12380,0.0216535433070866);
#2610=CIRCLE('',#12384,0.0118110236220472);
#2611=CIRCLE('',#12385,0.0118110236220472);
#2612=CIRCLE('',#12389,0.0216535433070866);
#2613=CIRCLE('',#12390,0.0216535433070866);
#2614=CIRCLE('',#12394,0.0118110236220472);
#2615=CIRCLE('',#12395,0.0118110236220472);
#2616=CIRCLE('',#12399,0.0216535433070866);
#2617=CIRCLE('',#12400,0.0216535433070866);
#2618=CIRCLE('',#12404,0.0118110236220472);
#2619=CIRCLE('',#12405,0.0118110236220472);
#2620=CIRCLE('',#12586,0.0826771653543309);
#2621=CIRCLE('',#12587,0.0826771653543307);
#2622=CIRCLE('',#12588,0.0492125984251968);
#2623=CIRCLE('',#12589,0.0492125984251964);
#2624=CIRCLE('',#12591,0.0492125984251968);
#2625=CIRCLE('',#12592,0.0492125984251968);
#2626=CIRCLE('',#12593,0.0492125984251966);
#2627=CIRCLE('',#12594,0.0492125984251965);
#2628=CIRCLE('',#12599,0.0314960629921256);
#2629=CIRCLE('',#12600,0.0314960629921256);
#2630=CIRCLE('',#12601,0.114173228346457);
#2631=CIRCLE('',#12604,0.0393700787401575);
#2632=CIRCLE('',#12606,0.0393700787401575);
#2633=CIRCLE('',#12610,0.0492125984251963);
#2634=CIRCLE('',#12611,0.0492125984251968);
#2635=CIRCLE('',#12612,0.0826771653543308);
#2636=CIRCLE('',#12613,0.0826771653543309);
#2637=CIRCLE('',#12616,0.0826771653543309);
#2638=CIRCLE('',#12619,0.0826771653543309);
#2639=CIRCLE('',#12622,0.0826771653543307);
#2640=CIRCLE('',#12625,0.0826771653543308);
#2641=CIRCLE('',#12639,0.0787401574803145);
#2642=CIRCLE('',#12640,0.0787401574803145);
#2643=CIRCLE('',#12641,0.0787401574803145);
#2644=CIRCLE('',#12642,0.0787401574803145);
#2645=CIRCLE('',#12645,0.0787401574803146);
#2646=CIRCLE('',#12646,0.0787401574803146);
#2647=CIRCLE('',#12647,0.0787401574803146);
#2648=CIRCLE('',#12648,0.0787401574803146);
#2649=CIRCLE('',#12660,0.114173228346457);
#2650=CIRCLE('',#12662,0.0846456692913385);
#2651=CIRCLE('',#12664,0.0846456692913385);
#2652=CIRCLE('',#12671,0.0314960629921259);
#2653=CIRCLE('',#12674,0.0314960629921259);
#2654=CIRCLE('',#12677,0.0393700787401575);
#2655=CIRCLE('',#12678,0.0393700787401575);
#2656=LINE('',#15919,#3627);
#2657=LINE('',#15921,#3628);
#2658=LINE('',#15923,#3629);
#2659=LINE('',#15925,#3630);
#2660=LINE('',#15927,#3631);
#2661=LINE('',#15929,#3632);
#2662=LINE('',#15933,#3633);
#2663=LINE('',#15937,#3634);
#2664=LINE('',#15939,#3635);
#2665=LINE('',#15941,#3636);
#2666=LINE('',#15943,#3637);
#2667=LINE('',#15945,#3638);
#2668=LINE('',#15949,#3639);
#2669=LINE('',#15953,#3640);
#2670=LINE('',#15955,#3641);
#2671=LINE('',#15957,#3642);
#2672=LINE('',#15963,#3643);
#2673=LINE('',#15969,#3644);
#2674=LINE('',#15971,#3645);
#2675=LINE('',#15973,#3646);
#2676=LINE('',#15975,#3647);
#2677=LINE('',#15977,#3648);
#2678=LINE('',#15983,#3649);
#2679=LINE('',#15989,#3650);
#2680=LINE('',#15991,#3651);
#2681=LINE('',#15993,#3652);
#2682=LINE('',#15995,#3653);
#2683=LINE('',#15996,#3654);
#2684=LINE('',#16000,#3655);
#2685=LINE('',#16001,#3656);
#2686=LINE('',#16003,#3657);
#2687=LINE('',#16005,#3658);
#2688=LINE('',#16006,#3659);
#2689=LINE('',#16008,#3660);
#2690=LINE('',#16010,#3661);
#2691=LINE('',#16011,#3662);
#2692=LINE('',#16013,#3663);
#2693=LINE('',#16015,#3664);
#2694=LINE('',#16016,#3665);
#2695=LINE('',#16017,#3666);
#2696=LINE('',#16020,#3667);
#2697=LINE('',#16022,#3668);
#2698=LINE('',#16024,#3669);
#2699=LINE('',#16026,#3670);
#2700=LINE('',#16027,#3671);
#2701=LINE('',#16029,#3672);
#2702=LINE('',#16031,#3673);
#2703=LINE('',#16032,#3674);
#2704=LINE('',#16034,#3675);
#2705=LINE('',#16036,#3676);
#2706=LINE('',#16037,#3677);
#2707=LINE('',#16039,#3678);
#2708=LINE('',#16041,#3679);
#2709=LINE('',#16042,#3680);
#2710=LINE('',#16044,#3681);
#2711=LINE('',#16046,#3682);
#2712=LINE('',#16047,#3683);
#2713=LINE('',#16049,#3684);
#2714=LINE('',#16051,#3685);
#2715=LINE('',#16052,#3686);
#2716=LINE('',#16054,#3687);
#2717=LINE('',#16056,#3688);
#2718=LINE('',#16057,#3689);
#2719=LINE('',#16061,#3690);
#2720=LINE('',#16063,#3691);
#2721=LINE('',#16065,#3692);
#2722=LINE('',#16066,#3693);
#2723=LINE('',#16070,#3694);
#2724=LINE('',#16072,#3695);
#2725=LINE('',#16074,#3696);
#2726=LINE('',#16075,#3697);
#2727=LINE('',#16079,#3698);
#2728=LINE('',#16081,#3699);
#2729=LINE('',#16083,#3700);
#2730=LINE('',#16085,#3701);
#2731=LINE('',#16087,#3702);
#2732=LINE('',#16089,#3703);
#2733=LINE('',#16091,#3704);
#2734=LINE('',#16093,#3705);
#2735=LINE('',#16095,#3706);
#2736=LINE('',#16097,#3707);
#2737=LINE('',#16099,#3708);
#2738=LINE('',#16101,#3709);
#2739=LINE('',#16103,#3710);
#2740=LINE('',#16105,#3711);
#2741=LINE('',#16107,#3712);
#2742=LINE('',#16109,#3713);
#2743=LINE('',#16111,#3714);
#2744=LINE('',#16113,#3715);
#2745=LINE('',#16115,#3716);
#2746=LINE('',#16116,#3717);
#2747=LINE('',#16142,#3718);
#2748=LINE('',#16144,#3719);
#2749=LINE('',#16146,#3720);
#2750=LINE('',#16147,#3721);
#2751=LINE('',#16149,#3722);
#2752=LINE('',#16151,#3723);
#2753=LINE('',#16152,#3724);
#2754=LINE('',#16154,#3725);
#2755=LINE('',#16156,#3726);
#2756=LINE('',#16158,#3727);
#2757=LINE('',#16160,#3728);
#2758=LINE('',#16162,#3729);
#2759=LINE('',#16164,#3730);
#2760=LINE('',#16166,#3731);
#2761=LINE('',#16168,#3732);
#2762=LINE('',#16169,#3733);
#2763=LINE('',#16171,#3734);
#2764=LINE('',#16173,#3735);
#2765=LINE('',#16175,#3736);
#2766=LINE('',#16177,#3737);
#2767=LINE('',#16179,#3738);
#2768=LINE('',#16181,#3739);
#2769=LINE('',#16183,#3740);
#2770=LINE('',#16185,#3741);
#2771=LINE('',#16187,#3742);
#2772=LINE('',#16188,#3743);
#2773=LINE('',#16190,#3744);
#2774=LINE('',#16192,#3745);
#2775=LINE('',#16193,#3746);
#2776=LINE('',#16195,#3747);
#2777=LINE('',#16197,#3748);
#2778=LINE('',#16198,#3749);
#2779=LINE('',#16202,#3750);
#2780=LINE('',#16203,#3751);
#2781=LINE('',#16205,#3752);
#2782=LINE('',#16207,#3753);
#2783=LINE('',#16209,#3754);
#2784=LINE('',#16211,#3755);
#2785=LINE('',#16212,#3756);
#2786=LINE('',#16214,#3757);
#2787=LINE('',#16216,#3758);
#2788=LINE('',#16218,#3759);
#2789=LINE('',#16220,#3760);
#2790=LINE('',#16222,#3761);
#2791=LINE('',#16224,#3762);
#2792=LINE('',#16226,#3763);
#2793=LINE('',#16227,#3764);
#2794=LINE('',#16231,#3765);
#2795=LINE('',#16232,#3766);
#2796=LINE('',#16234,#3767);
#2797=LINE('',#16236,#3768);
#2798=LINE('',#16238,#3769);
#2799=LINE('',#16240,#3770);
#2800=LINE('',#16242,#3771);
#2801=LINE('',#16244,#3772);
#2802=LINE('',#16245,#3773);
#2803=LINE('',#16247,#3774);
#2804=LINE('',#16248,#3775);
#2805=LINE('',#16250,#3776);
#2806=LINE('',#16252,#3777);
#2807=LINE('',#16254,#3778);
#2808=LINE('',#16255,#3779);
#2809=LINE('',#16257,#3780);
#2810=LINE('',#16259,#3781);
#2811=LINE('',#16260,#3782);
#2812=LINE('',#16262,#3783);
#2813=LINE('',#16264,#3784);
#2814=LINE('',#16265,#3785);
#2815=LINE('',#16267,#3786);
#2816=LINE('',#16268,#3787);
#2817=LINE('',#16270,#3788);
#2818=LINE('',#16271,#3789);
#2819=LINE('',#16273,#3790);
#2820=LINE('',#16274,#3791);
#2821=LINE('',#16279,#3792);
#2822=LINE('',#16280,#3793);
#2823=LINE('',#16282,#3794);
#2824=LINE('',#16283,#3795);
#2825=LINE('',#16285,#3796);
#2826=LINE('',#16286,#3797);
#2827=LINE('',#16292,#3798);
#2828=LINE('',#16294,#3799);
#2829=LINE('',#16295,#3800);
#2830=LINE('',#16302,#3801);
#2831=LINE('',#16304,#3802);
#2832=LINE('',#16305,#3803);
#2833=LINE('',#16311,#3804);
#2834=LINE('',#16312,#3805);
#2835=LINE('',#16318,#3806);
#2836=LINE('',#16320,#3807);
#2837=LINE('',#16323,#3808);
#2838=LINE('',#16324,#3809);
#2839=LINE('',#16327,#3810);
#2840=LINE('',#16328,#3811);
#2841=LINE('',#16330,#3812);
#2842=LINE('',#16335,#3813);
#2843=LINE('',#16336,#3814);
#2844=LINE('',#16339,#3815);
#2845=LINE('',#16340,#3816);
#2846=LINE('',#16342,#3817);
#2847=LINE('',#16346,#3818);
#2848=LINE('',#16349,#3819);
#2849=LINE('',#16356,#3820);
#2850=LINE('',#16358,#3821);
#2851=LINE('',#16364,#3822);
#2852=LINE('',#16366,#3823);
#2853=LINE('',#16372,#3824);
#2854=LINE('',#16377,#3825);
#2855=LINE('',#16379,#3826);
#2856=LINE('',#16385,#3827);
#2857=LINE('',#16387,#3828);
#2858=LINE('',#16393,#3829);
#2859=LINE('',#16394,#3830);
#2860=LINE('',#16397,#3831);
#2861=LINE('',#16398,#3832);
#2862=LINE('',#16400,#3833);
#2863=LINE('',#16406,#3834);
#2864=LINE('',#16408,#3835);
#2865=LINE('',#16409,#3836);
#2866=LINE('',#16411,#3837);
#2867=LINE('',#16413,#3838);
#2868=LINE('',#16419,#3839);
#2869=LINE('',#16422,#3840);
#2870=LINE('',#16424,#3841);
#2871=LINE('',#16426,#3842);
#2872=LINE('',#16428,#3843);
#2873=LINE('',#16438,#3844);
#2874=LINE('',#16440,#3845);
#2875=LINE('',#16442,#3846);
#2876=LINE('',#16444,#3847);
#2877=LINE('',#16447,#3848);
#2878=LINE('',#16448,#3849);
#2879=LINE('',#16451,#3850);
#2880=LINE('',#16452,#3851);
#2881=LINE('',#16454,#3852);
#2882=LINE('',#16457,#3853);
#2883=LINE('',#16458,#3854);
#2884=LINE('',#16467,#3855);
#2885=LINE('',#16469,#3856);
#2886=LINE('',#16471,#3857);
#2887=LINE('',#16472,#3858);
#2888=LINE('',#16475,#3859);
#2889=LINE('',#16477,#3860);
#2890=LINE('',#16478,#3861);
#2891=LINE('',#16481,#3862);
#2892=LINE('',#16482,#3863);
#2893=LINE('',#16577,#3864);
#2894=LINE('',#16578,#3865);
#2895=LINE('',#16580,#3866);
#2896=LINE('',#16655,#3867);
#2897=LINE('',#16659,#3868);
#2898=LINE('',#16663,#3869);
#2899=LINE('',#16666,#3870);
#2900=LINE('',#16691,#3871);
#2901=LINE('',#16693,#3872);
#2902=LINE('',#16695,#3873);
#2903=LINE('',#16697,#3874);
#2904=LINE('',#16699,#3875);
#2905=LINE('',#16701,#3876);
#2906=LINE('',#16703,#3877);
#2907=LINE('',#16705,#3878);
#2908=LINE('',#16707,#3879);
#2909=LINE('',#16709,#3880);
#2910=LINE('',#16711,#3881);
#2911=LINE('',#16713,#3882);
#2912=LINE('',#16715,#3883);
#2913=LINE('',#16717,#3884);
#2914=LINE('',#16719,#3885);
#2915=LINE('',#16721,#3886);
#2916=LINE('',#16723,#3887);
#2917=LINE('',#16725,#3888);
#2918=LINE('',#16727,#3889);
#2919=LINE('',#16729,#3890);
#2920=LINE('',#16731,#3891);
#2921=LINE('',#16733,#3892);
#2922=LINE('',#16735,#3893);
#2923=LINE('',#16737,#3894);
#2924=LINE('',#16739,#3895);
#2925=LINE('',#16741,#3896);
#2926=LINE('',#16743,#3897);
#2927=LINE('',#16745,#3898);
#2928=LINE('',#16747,#3899);
#2929=LINE('',#16749,#3900);
#2930=LINE('',#16751,#3901);
#2931=LINE('',#16753,#3902);
#2932=LINE('',#16755,#3903);
#2933=LINE('',#16757,#3904);
#2934=LINE('',#16759,#3905);
#2935=LINE('',#16761,#3906);
#2936=LINE('',#16763,#3907);
#2937=LINE('',#16765,#3908);
#2938=LINE('',#16767,#3909);
#2939=LINE('',#16769,#3910);
#2940=LINE('',#16771,#3911);
#2941=LINE('',#16773,#3912);
#2942=LINE('',#16775,#3913);
#2943=LINE('',#16777,#3914);
#2944=LINE('',#16779,#3915);
#2945=LINE('',#16781,#3916);
#2946=LINE('',#16786,#3917);
#2947=LINE('',#16787,#3918);
#2948=LINE('',#16790,#3919);
#2949=LINE('',#16791,#3920);
#2950=LINE('',#16795,#3921);
#2951=LINE('',#16798,#3922);
#2952=LINE('',#16799,#3923);
#2953=LINE('',#16803,#3924);
#2954=LINE('',#16806,#3925);
#2955=LINE('',#16807,#3926);
#2956=LINE('',#16811,#3927);
#2957=LINE('',#16813,#3928);
#2958=LINE('',#16816,#3929);
#2959=LINE('',#16817,#3930);
#2960=LINE('',#16822,#3931);
#2961=LINE('',#16826,#3932);
#2962=LINE('',#16827,#3933);
#2963=LINE('',#16832,#3934);
#2964=LINE('',#16836,#3935);
#2965=LINE('',#16837,#3936);
#2966=LINE('',#16842,#3937);
#2967=LINE('',#16846,#3938);
#2968=LINE('',#16847,#3939);
#2969=LINE('',#16852,#3940);
#2970=LINE('',#16855,#3941);
#2971=LINE('',#16857,#3942);
#2972=LINE('',#16864,#3943);
#2973=LINE('',#16866,#3944);
#2974=LINE('',#16868,#3945);
#2975=LINE('',#16870,#3946);
#2976=LINE('',#16872,#3947);
#2977=LINE('',#16874,#3948);
#2978=LINE('',#16883,#3949);
#2979=LINE('',#16885,#3950);
#2980=LINE('',#16887,#3951);
#2981=LINE('',#16888,#3952);
#2982=LINE('',#16892,#3953);
#2983=LINE('',#16894,#3954);
#2984=LINE('',#16896,#3955);
#2985=LINE('',#16897,#3956);
#2986=LINE('',#16899,#3957);
#2987=LINE('',#16900,#3958);
#2988=LINE('',#16902,#3959);
#2989=LINE('',#16903,#3960);
#2990=LINE('',#16910,#3961);
#2991=LINE('',#16912,#3962);
#2992=LINE('',#16914,#3963);
#2993=LINE('',#16915,#3964);
#2994=LINE('',#16919,#3965);
#2995=LINE('',#16921,#3966);
#2996=LINE('',#16923,#3967);
#2997=LINE('',#16924,#3968);
#2998=LINE('',#16926,#3969);
#2999=LINE('',#16927,#3970);
#3000=LINE('',#16929,#3971);
#3001=LINE('',#16930,#3972);
#3002=LINE('',#16937,#3973);
#3003=LINE('',#16939,#3974);
#3004=LINE('',#16941,#3975);
#3005=LINE('',#16942,#3976);
#3006=LINE('',#16946,#3977);
#3007=LINE('',#16948,#3978);
#3008=LINE('',#16950,#3979);
#3009=LINE('',#16951,#3980);
#3010=LINE('',#16953,#3981);
#3011=LINE('',#16954,#3982);
#3012=LINE('',#16956,#3983);
#3013=LINE('',#16957,#3984);
#3014=LINE('',#16964,#3985);
#3015=LINE('',#16966,#3986);
#3016=LINE('',#16968,#3987);
#3017=LINE('',#16969,#3988);
#3018=LINE('',#16973,#3989);
#3019=LINE('',#16975,#3990);
#3020=LINE('',#16977,#3991);
#3021=LINE('',#16978,#3992);
#3022=LINE('',#16980,#3993);
#3023=LINE('',#16981,#3994);
#3024=LINE('',#16983,#3995);
#3025=LINE('',#16984,#3996);
#3026=LINE('',#16991,#3997);
#3027=LINE('',#16993,#3998);
#3028=LINE('',#16995,#3999);
#3029=LINE('',#16996,#4000);
#3030=LINE('',#17000,#4001);
#3031=LINE('',#17002,#4002);
#3032=LINE('',#17004,#4003);
#3033=LINE('',#17005,#4004);
#3034=LINE('',#17007,#4005);
#3035=LINE('',#17008,#4006);
#3036=LINE('',#17010,#4007);
#3037=LINE('',#17011,#4008);
#3038=LINE('',#17018,#4009);
#3039=LINE('',#17020,#4010);
#3040=LINE('',#17022,#4011);
#3041=LINE('',#17023,#4012);
#3042=LINE('',#17027,#4013);
#3043=LINE('',#17029,#4014);
#3044=LINE('',#17031,#4015);
#3045=LINE('',#17032,#4016);
#3046=LINE('',#17034,#4017);
#3047=LINE('',#17035,#4018);
#3048=LINE('',#17037,#4019);
#3049=LINE('',#17038,#4020);
#3050=LINE('',#17045,#4021);
#3051=LINE('',#17047,#4022);
#3052=LINE('',#17049,#4023);
#3053=LINE('',#17050,#4024);
#3054=LINE('',#17054,#4025);
#3055=LINE('',#17056,#4026);
#3056=LINE('',#17058,#4027);
#3057=LINE('',#17059,#4028);
#3058=LINE('',#17061,#4029);
#3059=LINE('',#17062,#4030);
#3060=LINE('',#17064,#4031);
#3061=LINE('',#17065,#4032);
#3062=LINE('',#17073,#4033);
#3063=LINE('',#17082,#4034);
#3064=LINE('',#17088,#4035);
#3065=LINE('',#17096,#4036);
#3066=LINE('',#17104,#4037);
#3067=LINE('',#17112,#4038);
#3068=LINE('',#17120,#4039);
#3069=LINE('',#17128,#4040);
#3070=LINE('',#17136,#4041);
#3071=LINE('',#17144,#4042);
#3072=LINE('',#17152,#4043);
#3073=LINE('',#17160,#4044);
#3074=LINE('',#17162,#4045);
#3075=LINE('',#17164,#4046);
#3076=LINE('',#17165,#4047);
#3077=LINE('',#17169,#4048);
#3078=LINE('',#17171,#4049);
#3079=LINE('',#17173,#4050);
#3080=LINE('',#17174,#4051);
#3081=LINE('',#17176,#4052);
#3082=LINE('',#17177,#4053);
#3083=LINE('',#17179,#4054);
#3084=LINE('',#17180,#4055);
#3085=LINE('',#17188,#4056);
#3086=LINE('',#17197,#4057);
#3087=LINE('',#17203,#4058);
#3088=LINE('',#17211,#4059);
#3089=LINE('',#17219,#4060);
#3090=LINE('',#17227,#4061);
#3091=LINE('',#17235,#4062);
#3092=LINE('',#17243,#4063);
#3093=LINE('',#17251,#4064);
#3094=LINE('',#17259,#4065);
#3095=LINE('',#17267,#4066);
#3096=LINE('',#17275,#4067);
#3097=LINE('',#17277,#4068);
#3098=LINE('',#17279,#4069);
#3099=LINE('',#17280,#4070);
#3100=LINE('',#17284,#4071);
#3101=LINE('',#17286,#4072);
#3102=LINE('',#17288,#4073);
#3103=LINE('',#17289,#4074);
#3104=LINE('',#17291,#4075);
#3105=LINE('',#17292,#4076);
#3106=LINE('',#17294,#4077);
#3107=LINE('',#17295,#4078);
#3108=LINE('',#17302,#4079);
#3109=LINE('',#17304,#4080);
#3110=LINE('',#17306,#4081);
#3111=LINE('',#17307,#4082);
#3112=LINE('',#17311,#4083);
#3113=LINE('',#17313,#4084);
#3114=LINE('',#17315,#4085);
#3115=LINE('',#17316,#4086);
#3116=LINE('',#17318,#4087);
#3117=LINE('',#17319,#4088);
#3118=LINE('',#17321,#4089);
#3119=LINE('',#17322,#4090);
#3120=LINE('',#17329,#4091);
#3121=LINE('',#17331,#4092);
#3122=LINE('',#17333,#4093);
#3123=LINE('',#17334,#4094);
#3124=LINE('',#17338,#4095);
#3125=LINE('',#17340,#4096);
#3126=LINE('',#17342,#4097);
#3127=LINE('',#17343,#4098);
#3128=LINE('',#17345,#4099);
#3129=LINE('',#17346,#4100);
#3130=LINE('',#17348,#4101);
#3131=LINE('',#17349,#4102);
#3132=LINE('',#17356,#4103);
#3133=LINE('',#17358,#4104);
#3134=LINE('',#17360,#4105);
#3135=LINE('',#17361,#4106);
#3136=LINE('',#17365,#4107);
#3137=LINE('',#17367,#4108);
#3138=LINE('',#17369,#4109);
#3139=LINE('',#17370,#4110);
#3140=LINE('',#17372,#4111);
#3141=LINE('',#17373,#4112);
#3142=LINE('',#17375,#4113);
#3143=LINE('',#17376,#4114);
#3144=LINE('',#17384,#4115);
#3145=LINE('',#17393,#4116);
#3146=LINE('',#17399,#4117);
#3147=LINE('',#17407,#4118);
#3148=LINE('',#17415,#4119);
#3149=LINE('',#17423,#4120);
#3150=LINE('',#17431,#4121);
#3151=LINE('',#17439,#4122);
#3152=LINE('',#17447,#4123);
#3153=LINE('',#17455,#4124);
#3154=LINE('',#17463,#4125);
#3155=LINE('',#17472,#4126);
#3156=LINE('',#17481,#4127);
#3157=LINE('',#17487,#4128);
#3158=LINE('',#17495,#4129);
#3159=LINE('',#17503,#4130);
#3160=LINE('',#17511,#4131);
#3161=LINE('',#17519,#4132);
#3162=LINE('',#17527,#4133);
#3163=LINE('',#17535,#4134);
#3164=LINE('',#17543,#4135);
#3165=LINE('',#17551,#4136);
#3166=LINE('',#17560,#4137);
#3167=LINE('',#17569,#4138);
#3168=LINE('',#17575,#4139);
#3169=LINE('',#17583,#4140);
#3170=LINE('',#17591,#4141);
#3171=LINE('',#17599,#4142);
#3172=LINE('',#17607,#4143);
#3173=LINE('',#17615,#4144);
#3174=LINE('',#17623,#4145);
#3175=LINE('',#17631,#4146);
#3176=LINE('',#17639,#4147);
#3177=LINE('',#17648,#4148);
#3178=LINE('',#17657,#4149);
#3179=LINE('',#17663,#4150);
#3180=LINE('',#17671,#4151);
#3181=LINE('',#17679,#4152);
#3182=LINE('',#17687,#4153);
#3183=LINE('',#17695,#4154);
#3184=LINE('',#17703,#4155);
#3185=LINE('',#17711,#4156);
#3186=LINE('',#17719,#4157);
#3187=LINE('',#17727,#4158);
#3188=LINE('',#17736,#4159);
#3189=LINE('',#17745,#4160);
#3190=LINE('',#17751,#4161);
#3191=LINE('',#17759,#4162);
#3192=LINE('',#17767,#4163);
#3193=LINE('',#17775,#4164);
#3194=LINE('',#17783,#4165);
#3195=LINE('',#17791,#4166);
#3196=LINE('',#17799,#4167);
#3197=LINE('',#17807,#4168);
#3198=LINE('',#17815,#4169);
#3199=LINE('',#17824,#4170);
#3200=LINE('',#17833,#4171);
#3201=LINE('',#17839,#4172);
#3202=LINE('',#17847,#4173);
#3203=LINE('',#17855,#4174);
#3204=LINE('',#17863,#4175);
#3205=LINE('',#17871,#4176);
#3206=LINE('',#17879,#4177);
#3207=LINE('',#17887,#4178);
#3208=LINE('',#17895,#4179);
#3209=LINE('',#17903,#4180);
#3210=LINE('',#17911,#4181);
#3211=LINE('',#17913,#4182);
#3212=LINE('',#17915,#4183);
#3213=LINE('',#17916,#4184);
#3214=LINE('',#17920,#4185);
#3215=LINE('',#17922,#4186);
#3216=LINE('',#17924,#4187);
#3217=LINE('',#17925,#4188);
#3218=LINE('',#17927,#4189);
#3219=LINE('',#17928,#4190);
#3220=LINE('',#17930,#4191);
#3221=LINE('',#17931,#4192);
#3222=LINE('',#17938,#4193);
#3223=LINE('',#17940,#4194);
#3224=LINE('',#17942,#4195);
#3225=LINE('',#17943,#4196);
#3226=LINE('',#17947,#4197);
#3227=LINE('',#17949,#4198);
#3228=LINE('',#17951,#4199);
#3229=LINE('',#17952,#4200);
#3230=LINE('',#17954,#4201);
#3231=LINE('',#17955,#4202);
#3232=LINE('',#17957,#4203);
#3233=LINE('',#17958,#4204);
#3234=LINE('',#17964,#4205);
#3235=LINE('',#17966,#4206);
#3236=LINE('',#17968,#4207);
#3237=LINE('',#17969,#4208);
#3238=LINE('',#17973,#4209);
#3239=LINE('',#17975,#4210);
#3240=LINE('',#17977,#4211);
#3241=LINE('',#17978,#4212);
#3242=LINE('',#17980,#4213);
#3243=LINE('',#17981,#4214);
#3244=LINE('',#17983,#4215);
#3245=LINE('',#17984,#4216);
#3246=LINE('',#17990,#4217);
#3247=LINE('',#17992,#4218);
#3248=LINE('',#17994,#4219);
#3249=LINE('',#17995,#4220);
#3250=LINE('',#17999,#4221);
#3251=LINE('',#18001,#4222);
#3252=LINE('',#18003,#4223);
#3253=LINE('',#18004,#4224);
#3254=LINE('',#18006,#4225);
#3255=LINE('',#18007,#4226);
#3256=LINE('',#18009,#4227);
#3257=LINE('',#18010,#4228);
#3258=LINE('',#18016,#4229);
#3259=LINE('',#18018,#4230);
#3260=LINE('',#18020,#4231);
#3261=LINE('',#18021,#4232);
#3262=LINE('',#18025,#4233);
#3263=LINE('',#18027,#4234);
#3264=LINE('',#18029,#4235);
#3265=LINE('',#18030,#4236);
#3266=LINE('',#18032,#4237);
#3267=LINE('',#18033,#4238);
#3268=LINE('',#18035,#4239);
#3269=LINE('',#18036,#4240);
#3270=LINE('',#18042,#4241);
#3271=LINE('',#18044,#4242);
#3272=LINE('',#18046,#4243);
#3273=LINE('',#18047,#4244);
#3274=LINE('',#18051,#4245);
#3275=LINE('',#18053,#4246);
#3276=LINE('',#18055,#4247);
#3277=LINE('',#18056,#4248);
#3278=LINE('',#18058,#4249);
#3279=LINE('',#18059,#4250);
#3280=LINE('',#18061,#4251);
#3281=LINE('',#18062,#4252);
#3282=LINE('',#18068,#4253);
#3283=LINE('',#18070,#4254);
#3284=LINE('',#18072,#4255);
#3285=LINE('',#18073,#4256);
#3286=LINE('',#18077,#4257);
#3287=LINE('',#18079,#4258);
#3288=LINE('',#18081,#4259);
#3289=LINE('',#18082,#4260);
#3290=LINE('',#18084,#4261);
#3291=LINE('',#18085,#4262);
#3292=LINE('',#18087,#4263);
#3293=LINE('',#18088,#4264);
#3294=LINE('',#18094,#4265);
#3295=LINE('',#18096,#4266);
#3296=LINE('',#18098,#4267);
#3297=LINE('',#18099,#4268);
#3298=LINE('',#18103,#4269);
#3299=LINE('',#18105,#4270);
#3300=LINE('',#18107,#4271);
#3301=LINE('',#18108,#4272);
#3302=LINE('',#18110,#4273);
#3303=LINE('',#18111,#4274);
#3304=LINE('',#18113,#4275);
#3305=LINE('',#18114,#4276);
#3306=LINE('',#18120,#4277);
#3307=LINE('',#18122,#4278);
#3308=LINE('',#18124,#4279);
#3309=LINE('',#18125,#4280);
#3310=LINE('',#18129,#4281);
#3311=LINE('',#18131,#4282);
#3312=LINE('',#18133,#4283);
#3313=LINE('',#18134,#4284);
#3314=LINE('',#18136,#4285);
#3315=LINE('',#18137,#4286);
#3316=LINE('',#18139,#4287);
#3317=LINE('',#18140,#4288);
#3318=LINE('',#18146,#4289);
#3319=LINE('',#18148,#4290);
#3320=LINE('',#18150,#4291);
#3321=LINE('',#18151,#4292);
#3322=LINE('',#18155,#4293);
#3323=LINE('',#18157,#4294);
#3324=LINE('',#18159,#4295);
#3325=LINE('',#18160,#4296);
#3326=LINE('',#18162,#4297);
#3327=LINE('',#18163,#4298);
#3328=LINE('',#18165,#4299);
#3329=LINE('',#18166,#4300);
#3330=LINE('',#18172,#4301);
#3331=LINE('',#18174,#4302);
#3332=LINE('',#18176,#4303);
#3333=LINE('',#18177,#4304);
#3334=LINE('',#18181,#4305);
#3335=LINE('',#18183,#4306);
#3336=LINE('',#18185,#4307);
#3337=LINE('',#18186,#4308);
#3338=LINE('',#18188,#4309);
#3339=LINE('',#18189,#4310);
#3340=LINE('',#18191,#4311);
#3341=LINE('',#18192,#4312);
#3342=LINE('',#18198,#4313);
#3343=LINE('',#18200,#4314);
#3344=LINE('',#18202,#4315);
#3345=LINE('',#18203,#4316);
#3346=LINE('',#18207,#4317);
#3347=LINE('',#18209,#4318);
#3348=LINE('',#18211,#4319);
#3349=LINE('',#18212,#4320);
#3350=LINE('',#18214,#4321);
#3351=LINE('',#18215,#4322);
#3352=LINE('',#18217,#4323);
#3353=LINE('',#18218,#4324);
#3354=LINE('',#18224,#4325);
#3355=LINE('',#18226,#4326);
#3356=LINE('',#18228,#4327);
#3357=LINE('',#18229,#4328);
#3358=LINE('',#18233,#4329);
#3359=LINE('',#18235,#4330);
#3360=LINE('',#18237,#4331);
#3361=LINE('',#18238,#4332);
#3362=LINE('',#18240,#4333);
#3363=LINE('',#18241,#4334);
#3364=LINE('',#18243,#4335);
#3365=LINE('',#18244,#4336);
#3366=LINE('',#18250,#4337);
#3367=LINE('',#18252,#4338);
#3368=LINE('',#18254,#4339);
#3369=LINE('',#18255,#4340);
#3370=LINE('',#18259,#4341);
#3371=LINE('',#18261,#4342);
#3372=LINE('',#18263,#4343);
#3373=LINE('',#18264,#4344);
#3374=LINE('',#18266,#4345);
#3375=LINE('',#18267,#4346);
#3376=LINE('',#18269,#4347);
#3377=LINE('',#18270,#4348);
#3378=LINE('',#18276,#4349);
#3379=LINE('',#18278,#4350);
#3380=LINE('',#18280,#4351);
#3381=LINE('',#18281,#4352);
#3382=LINE('',#18285,#4353);
#3383=LINE('',#18287,#4354);
#3384=LINE('',#18289,#4355);
#3385=LINE('',#18290,#4356);
#3386=LINE('',#18292,#4357);
#3387=LINE('',#18293,#4358);
#3388=LINE('',#18295,#4359);
#3389=LINE('',#18296,#4360);
#3390=LINE('',#18302,#4361);
#3391=LINE('',#18304,#4362);
#3392=LINE('',#18306,#4363);
#3393=LINE('',#18307,#4364);
#3394=LINE('',#18311,#4365);
#3395=LINE('',#18313,#4366);
#3396=LINE('',#18315,#4367);
#3397=LINE('',#18316,#4368);
#3398=LINE('',#18318,#4369);
#3399=LINE('',#18319,#4370);
#3400=LINE('',#18321,#4371);
#3401=LINE('',#18322,#4372);
#3402=LINE('',#18328,#4373);
#3403=LINE('',#18330,#4374);
#3404=LINE('',#18332,#4375);
#3405=LINE('',#18333,#4376);
#3406=LINE('',#18337,#4377);
#3407=LINE('',#18339,#4378);
#3408=LINE('',#18341,#4379);
#3409=LINE('',#18342,#4380);
#3410=LINE('',#18344,#4381);
#3411=LINE('',#18345,#4382);
#3412=LINE('',#18347,#4383);
#3413=LINE('',#18348,#4384);
#3414=LINE('',#18354,#4385);
#3415=LINE('',#18356,#4386);
#3416=LINE('',#18358,#4387);
#3417=LINE('',#18359,#4388);
#3418=LINE('',#18363,#4389);
#3419=LINE('',#18365,#4390);
#3420=LINE('',#18367,#4391);
#3421=LINE('',#18368,#4392);
#3422=LINE('',#18370,#4393);
#3423=LINE('',#18371,#4394);
#3424=LINE('',#18373,#4395);
#3425=LINE('',#18374,#4396);
#3426=LINE('',#18380,#4397);
#3427=LINE('',#18382,#4398);
#3428=LINE('',#18384,#4399);
#3429=LINE('',#18385,#4400);
#3430=LINE('',#18389,#4401);
#3431=LINE('',#18391,#4402);
#3432=LINE('',#18393,#4403);
#3433=LINE('',#18394,#4404);
#3434=LINE('',#18396,#4405);
#3435=LINE('',#18397,#4406);
#3436=LINE('',#18399,#4407);
#3437=LINE('',#18400,#4408);
#3438=LINE('',#18406,#4409);
#3439=LINE('',#18408,#4410);
#3440=LINE('',#18410,#4411);
#3441=LINE('',#18411,#4412);
#3442=LINE('',#18415,#4413);
#3443=LINE('',#18417,#4414);
#3444=LINE('',#18419,#4415);
#3445=LINE('',#18420,#4416);
#3446=LINE('',#18422,#4417);
#3447=LINE('',#18423,#4418);
#3448=LINE('',#18425,#4419);
#3449=LINE('',#18426,#4420);
#3450=LINE('',#18432,#4421);
#3451=LINE('',#18434,#4422);
#3452=LINE('',#18436,#4423);
#3453=LINE('',#18437,#4424);
#3454=LINE('',#18441,#4425);
#3455=LINE('',#18443,#4426);
#3456=LINE('',#18445,#4427);
#3457=LINE('',#18446,#4428);
#3458=LINE('',#18448,#4429);
#3459=LINE('',#18449,#4430);
#3460=LINE('',#18451,#4431);
#3461=LINE('',#18452,#4432);
#3462=LINE('',#18458,#4433);
#3463=LINE('',#18460,#4434);
#3464=LINE('',#18462,#4435);
#3465=LINE('',#18463,#4436);
#3466=LINE('',#18467,#4437);
#3467=LINE('',#18469,#4438);
#3468=LINE('',#18471,#4439);
#3469=LINE('',#18472,#4440);
#3470=LINE('',#18474,#4441);
#3471=LINE('',#18475,#4442);
#3472=LINE('',#18477,#4443);
#3473=LINE('',#18478,#4444);
#3474=LINE('',#18484,#4445);
#3475=LINE('',#18486,#4446);
#3476=LINE('',#18488,#4447);
#3477=LINE('',#18489,#4448);
#3478=LINE('',#18493,#4449);
#3479=LINE('',#18495,#4450);
#3480=LINE('',#18497,#4451);
#3481=LINE('',#18498,#4452);
#3482=LINE('',#18500,#4453);
#3483=LINE('',#18501,#4454);
#3484=LINE('',#18503,#4455);
#3485=LINE('',#18504,#4456);
#3486=LINE('',#18510,#4457);
#3487=LINE('',#18512,#4458);
#3488=LINE('',#18514,#4459);
#3489=LINE('',#18515,#4460);
#3490=LINE('',#18519,#4461);
#3491=LINE('',#18521,#4462);
#3492=LINE('',#18523,#4463);
#3493=LINE('',#18524,#4464);
#3494=LINE('',#18526,#4465);
#3495=LINE('',#18527,#4466);
#3496=LINE('',#18529,#4467);
#3497=LINE('',#18530,#4468);
#3498=LINE('',#18536,#4469);
#3499=LINE('',#18538,#4470);
#3500=LINE('',#18540,#4471);
#3501=LINE('',#18541,#4472);
#3502=LINE('',#18545,#4473);
#3503=LINE('',#18547,#4474);
#3504=LINE('',#18549,#4475);
#3505=LINE('',#18550,#4476);
#3506=LINE('',#18552,#4477);
#3507=LINE('',#18553,#4478);
#3508=LINE('',#18555,#4479);
#3509=LINE('',#18556,#4480);
#3510=LINE('',#18586,#4481);
#3511=LINE('',#18588,#4482);
#3512=LINE('',#18590,#4483);
#3513=LINE('',#18592,#4484);
#3514=LINE('',#18594,#4485);
#3515=LINE('',#18596,#4486);
#3516=LINE('',#18598,#4487);
#3517=LINE('',#18599,#4488);
#3518=LINE('',#18603,#4489);
#3519=LINE('',#18604,#4490);
#3520=LINE('',#18606,#4491);
#3521=LINE('',#18608,#4492);
#3522=LINE('',#18610,#4493);
#3523=LINE('',#18612,#4494);
#3524=LINE('',#18613,#4495);
#3525=LINE('',#18625,#4496);
#3526=LINE('',#18627,#4497);
#3527=LINE('',#18629,#4498);
#3528=LINE('',#18630,#4499);
#3529=LINE('',#18641,#4500);
#3530=LINE('',#18643,#4501);
#3531=LINE('',#18645,#4502);
#3532=LINE('',#18646,#4503);
#3533=LINE('',#18650,#4504);
#3534=LINE('',#18652,#4505);
#3535=LINE('',#18654,#4506);
#3536=LINE('',#18655,#4507);
#3537=LINE('',#18659,#4508);
#3538=LINE('',#18660,#4509);
#3539=LINE('',#18661,#4510);
#3540=LINE('',#18665,#4511);
#3541=LINE('',#18667,#4512);
#3542=LINE('',#18669,#4513);
#3543=LINE('',#18670,#4514);
#3544=LINE('',#18672,#4515);
#3545=LINE('',#18673,#4516);
#3546=LINE('',#18682,#4517);
#3547=LINE('',#18684,#4518);
#3548=LINE('',#18686,#4519);
#3549=LINE('',#18688,#4520);
#3550=LINE('',#18689,#4521);
#3551=LINE('',#18691,#4522);
#3552=LINE('',#18693,#4523);
#3553=LINE('',#18694,#4524);
#3554=LINE('',#18698,#4525);
#3555=LINE('',#18699,#4526);
#3556=LINE('',#18701,#4527);
#3557=LINE('',#18703,#4528);
#3558=LINE('',#18704,#4529);
#3559=LINE('',#18705,#4530);
#3560=LINE('',#18707,#4531);
#3561=LINE('',#18708,#4532);
#3562=LINE('',#18714,#4533);
#3563=LINE('',#18718,#4534);
#3564=LINE('',#18720,#4535);
#3565=LINE('',#18721,#4536);
#3566=LINE('',#18722,#4537);
#3567=LINE('',#18723,#4538);
#3568=LINE('',#18725,#4539);
#3569=LINE('',#18726,#4540);
#3570=LINE('',#18728,#4541);
#3571=LINE('',#18730,#4542);
#3572=LINE('',#18731,#4543);
#3573=LINE('',#18744,#4544);
#3574=LINE('',#18749,#4545);
#3575=LINE('',#18754,#4546);
#3576=LINE('',#18759,#4547);
#3577=LINE('',#18763,#4548);
#3578=LINE('',#18765,#4549);
#3579=LINE('',#18766,#4550);
#3580=LINE('',#18768,#4551);
#3581=LINE('',#18770,#4552);
#3582=LINE('',#18772,#4553);
#3583=LINE('',#18774,#4554);
#3584=LINE('',#18776,#4555);
#3585=LINE('',#18778,#4556);
#3586=LINE('',#18780,#4557);
#3587=LINE('',#18781,#4558);
#3588=LINE('',#18787,#4559);
#3589=LINE('',#18789,#4560);
#3590=LINE('',#18790,#4561);
#3591=LINE('',#18793,#4562);
#3592=LINE('',#18797,#4563);
#3593=LINE('',#18801,#4564);
#3594=LINE('',#18805,#4565);
#3595=LINE('',#18809,#4566);
#3596=LINE('',#18810,#4567);
#3597=LINE('',#18813,#4568);
#3598=LINE('',#18814,#4569);
#3599=LINE('',#18817,#4570);
#3600=LINE('',#18821,#4571);
#3601=LINE('',#18827,#4572);
#3602=LINE('',#18830,#4573);
#3603=LINE('',#18832,#4574);
#3604=LINE('',#18835,#4575);
#3605=LINE('',#18836,#4576);
#3606=LINE('',#18838,#4577);
#3607=LINE('',#18839,#4578);
#3608=LINE('',#18843,#4579);
#3609=LINE('',#18844,#4580);
#3610=LINE('',#18846,#4581);
#3611=LINE('',#18848,#4582);
#3612=LINE('',#18853,#4583);
#3613=LINE('',#18860,#4584);
#3614=LINE('',#18864,#4585);
#3615=LINE('',#18866,#4586);
#3616=LINE('',#18868,#4587);
#3617=LINE('',#18869,#4588);
#3618=LINE('',#18871,#4589);
#3619=LINE('',#18872,#4590);
#3620=LINE('',#18874,#4591);
#3621=LINE('',#18876,#4592);
#3622=LINE('',#18881,#4593);
#3623=LINE('',#18884,#4594);
#3624=LINE('',#18888,#4595);
#3625=LINE('',#18891,#4596);
#3626=LINE('',#18896,#4597);
#3627=VECTOR('',#12689,0.739979458830571);
#3628=VECTOR('',#12690,0.0301181375846076);
#3629=VECTOR('',#12691,0.248631606015427);
#3630=VECTOR('',#12692,0.501968503937008);
#3631=VECTOR('',#12693,0.248631606015427);
#3632=VECTOR('',#12694,0.138041606738954);
#3633=VECTOR('',#12697,0.248524158359798);
#3634=VECTOR('',#12700,0.186567652838626);
#3635=VECTOR('',#12701,0.0426844814065429);
#3636=VECTOR('',#12702,0.143573045453291);
#3637=VECTOR('',#12703,0.0426844814065429);
#3638=VECTOR('',#12704,0.20578503487103);
#3639=VECTOR('',#12707,0.260335181981846);
#3640=VECTOR('',#12710,0.134104598864939);
#3641=VECTOR('',#12711,0.739979458830571);
#3642=VECTOR('',#12712,0.113427698275353);
#3643=VECTOR('',#12717,0.218981380802674);
#3644=VECTOR('',#12722,0.182325336070628);
#3645=VECTOR('',#12723,0.0439673433606339);
#3646=VECTOR('',#12724,0.144633926721607);
#3647=VECTOR('',#12725,0.0439673433606339);
#3648=VECTOR('',#12726,0.16761266919154);
#3649=VECTOR('',#12731,0.207170357180628);
#3650=VECTOR('',#12736,0.117364706149368);
#3651=VECTOR('',#12737,0.24528486068916);
#3652=VECTOR('',#12738,0.501968503937008);
#3653=VECTOR('',#12739,0.24528486068916);
#3654=VECTOR('',#12740,0.0301181375846076);
#3655=VECTOR('',#12743,1.17682279354017);
#3656=VECTOR('',#12744,0.0394865148001374);
#3657=VECTOR('',#12745,0.0393700787401575);
#3658=VECTOR('',#12746,0.501968503937008);
#3659=VECTOR('',#12747,0.0393700787401575);
#3660=VECTOR('',#12748,0.0393694046563721);
#3661=VECTOR('',#12749,0.0762942097485071);
#3662=VECTOR('',#12750,0.0393694046563721);
#3663=VECTOR('',#12751,0.0393694046563721);
#3664=VECTOR('',#12752,0.0762942097485071);
#3665=VECTOR('',#12753,0.0393694046563721);
#3666=VECTOR('',#12754,0.0394865148001374);
#3667=VECTOR('',#12757,0.039806705704689);
#3668=VECTOR('',#12758,2.29783467301768);
#3669=VECTOR('',#12759,0.000436626964531524);
#3670=VECTOR('',#12760,0.309055118110236);
#3671=VECTOR('',#12761,0.0393700787401575);
#3672=VECTOR('',#12762,0.0390492155551535);
#3673=VECTOR('',#12763,0.034940408569335);
#3674=VECTOR('',#12764,0.0390492155551535);
#3675=VECTOR('',#12765,0.0390492155551535);
#3676=VECTOR('',#12766,0.034940408569335);
#3677=VECTOR('',#12767,0.0390492155551535);
#3678=VECTOR('',#12768,0.0394865148001374);
#3679=VECTOR('',#12769,0.143573045453291);
#3680=VECTOR('',#12770,0.0394865148001374);
#3681=VECTOR('',#12771,0.0390492155551535);
#3682=VECTOR('',#12772,0.034940408569336);
#3683=VECTOR('',#12773,0.0390492155551535);
#3684=VECTOR('',#12774,0.0390492155551535);
#3685=VECTOR('',#12775,0.0349404085693366);
#3686=VECTOR('',#12776,0.0390492155551535);
#3687=VECTOR('',#12777,0.0393700787401575);
#3688=VECTOR('',#12778,0.501968503937008);
#3689=VECTOR('',#12779,0.0393700787401575);
#3690=VECTOR('',#12782,0.000114068537362889);
#3691=VECTOR('',#12783,0.0301181375846076);
#3692=VECTOR('',#12784,0.000114068537362889);
#3693=VECTOR('',#12785,0.0301181375846076);
#3694=VECTOR('',#12788,3.1479996422473E-5);
#3695=VECTOR('',#12789,0.0301181375846076);
#3696=VECTOR('',#12790,3.14799964223856E-5);
#3697=VECTOR('',#12791,0.0301181375846076);
#3698=VECTOR('',#12794,0.0222441218365759);
#3699=VECTOR('',#12795,0.772108902847488);
#3700=VECTOR('',#12796,0.0222441218365759);
#3701=VECTOR('',#12797,0.17325754295176);
#3702=VECTOR('',#12798,0.15748031496063);
#3703=VECTOR('',#12799,0.17325754295176);
#3704=VECTOR('',#12800,1.89763779527559);
#3705=VECTOR('',#12801,0.173257542951759);
#3706=VECTOR('',#12802,0.236220472440945);
#3707=VECTOR('',#12803,0.173257542951759);
#3708=VECTOR('',#12804,0.275590551181103);
#3709=VECTOR('',#12805,0.772108902847488);
#3710=VECTOR('',#12806,0.275590551181103);
#3711=VECTOR('',#12807,0.17956002131305);
#3712=VECTOR('',#12808,0.236220472440945);
#3713=VECTOR('',#12809,0.17956002131305);
#3714=VECTOR('',#12810,1.89763779527559);
#3715=VECTOR('',#12811,0.17956002131305);
#3716=VECTOR('',#12812,0.15748031496063);
#3717=VECTOR('',#12813,0.17956002131305);
#3718=VECTOR('',#12840,0.0393700787401575);
#3719=VECTOR('',#12841,0.118110236220472);
#3720=VECTOR('',#12842,0.15748031496063);
#3721=VECTOR('',#12843,0.118110236220472);
#3722=VECTOR('',#12844,0.118110236220472);
#3723=VECTOR('',#12845,0.236220472440945);
#3724=VECTOR('',#12846,0.118110236220472);
#3725=VECTOR('',#12847,0.118110236220472);
#3726=VECTOR('',#12848,0.291338582677166);
#3727=VECTOR('',#12849,0.0393700787401575);
#3728=VECTOR('',#12850,0.309055118110236);
#3729=VECTOR('',#12851,0.0393700787401575);
#3730=VECTOR('',#12852,1.45669291338583);
#3731=VECTOR('',#12853,0.0393700787401575);
#3732=VECTOR('',#12854,0.501968503937008);
#3733=VECTOR('',#12855,0.0393700787401575);
#3734=VECTOR('',#12858,0.0393700787401575);
#3735=VECTOR('',#12859,0.0393700787401575);
#3736=VECTOR('',#12860,0.501968503937008);
#3737=VECTOR('',#12861,0.0393700787401575);
#3738=VECTOR('',#12862,1.45669291338583);
#3739=VECTOR('',#12863,0.0393700787401575);
#3740=VECTOR('',#12864,0.309055118110236);
#3741=VECTOR('',#12865,0.0393700787401575);
#3742=VECTOR('',#12866,0.291338582677166);
#3743=VECTOR('',#12867,0.118110236220472);
#3744=VECTOR('',#12868,0.118110236220472);
#3745=VECTOR('',#12869,0.236220472440945);
#3746=VECTOR('',#12870,0.118110236220472);
#3747=VECTOR('',#12871,0.118110236220472);
#3748=VECTOR('',#12872,0.15748031496063);
#3749=VECTOR('',#12873,0.118110236220472);
#3750=VECTOR('',#12876,2.29783467301768);
#3751=VECTOR('',#12877,0.0155396274630279);
#3752=VECTOR('',#12878,0.0439673433606339);
#3753=VECTOR('',#12879,0.144633926721607);
#3754=VECTOR('',#12880,0.0439673433606339);
#3755=VECTOR('',#12881,0.976377952755906);
#3756=VECTOR('',#12882,0.0155396274630282);
#3757=VECTOR('',#12885,0.0394865148001374);
#3758=VECTOR('',#12886,0.000116436059980102);
#3759=VECTOR('',#12887,0.309055118110236);
#3760=VECTOR('',#12888,0.0393700787401575);
#3761=VECTOR('',#12889,1.45669291338583);
#3762=VECTOR('',#12890,0.0393700787401575);
#3763=VECTOR('',#12891,0.501968503937008);
#3764=VECTOR('',#12892,0.0393700787401575);
#3765=VECTOR('',#12895,2.29783467301768);
#3766=VECTOR('',#12896,0.039806705704689);
#3767=VECTOR('',#12897,0.0393700787401575);
#3768=VECTOR('',#12898,0.501968503937008);
#3769=VECTOR('',#12899,0.0393700787401575);
#3770=VECTOR('',#12900,1.45669291338583);
#3771=VECTOR('',#12901,0.0393700787401575);
#3772=VECTOR('',#12902,0.309055118110236);
#3773=VECTOR('',#12903,0.000436626964531524);
#3774=VECTOR('',#12906,0.016444268020103);
#3775=VECTOR('',#12907,0.0164442680201032);
#3776=VECTOR('',#12910,0.0394865148001374);
#3777=VECTOR('',#12911,0.0393694046563721);
#3778=VECTOR('',#12912,0.0762942097485079);
#3779=VECTOR('',#12913,0.0393694046563721);
#3780=VECTOR('',#12914,0.0393694046563721);
#3781=VECTOR('',#12915,0.0762942097485075);
#3782=VECTOR('',#12916,0.0393694046563721);
#3783=VECTOR('',#12917,0.0393700787401575);
#3784=VECTOR('',#12918,0.309055118110236);
#3785=VECTOR('',#12919,0.000116436059980102);
#3786=VECTOR('',#12922,0.000114068537362889);
#3787=VECTOR('',#12923,0.000114068537362889);
#3788=VECTOR('',#12926,0.000114068537362889);
#3789=VECTOR('',#12927,0.000114068537362889);
#3790=VECTOR('',#12930,0.000114068537362889);
#3791=VECTOR('',#12931,0.000114068537362889);
#3792=VECTOR('',#12940,3.14799964223856E-5);
#3793=VECTOR('',#12941,3.14799964223856E-5);
#3794=VECTOR('',#12944,3.14799964223856E-5);
#3795=VECTOR('',#12945,3.14799964223856E-5);
#3796=VECTOR('',#12948,3.14799964223856E-5);
#3797=VECTOR('',#12949,3.14799964223856E-5);
#3798=VECTOR('',#12958,0.24528486068916);
#3799=VECTOR('',#12959,0.501968503937008);
#3800=VECTOR('',#12960,0.24528486068916);
#3801=VECTOR('',#12967,0.248631606015427);
#3802=VECTOR('',#12968,0.501968503937008);
#3803=VECTOR('',#12969,0.248631606015427);
#3804=VECTOR('',#12976,0.739979458830571);
#3805=VECTOR('',#12977,0.739979458830571);
#3806=VECTOR('',#12984,0.0393700787401575);
#3807=VECTOR('',#12987,0.772108902847488);
#3808=VECTOR('',#12990,0.17956002131305);
#3809=VECTOR('',#12991,0.118110236220472);
#3810=VECTOR('',#12994,0.17956002131305);
#3811=VECTOR('',#12995,0.118110236220472);
#3812=VECTOR('',#12998,0.15748031496063);
#3813=VECTOR('',#13003,0.17956002131305);
#3814=VECTOR('',#13004,0.118110236220472);
#3815=VECTOR('',#13007,0.118110236220472);
#3816=VECTOR('',#13008,0.17956002131305);
#3817=VECTOR('',#13011,0.236220472440945);
#3818=VECTOR('',#13016,0.0393700787401575);
#3819=VECTOR('',#13021,0.772108902847488);
#3820=VECTOR('',#13030,0.0393700787401575);
#3821=VECTOR('',#13033,0.112204724409449);
#3822=VECTOR('',#13042,0.112204724409449);
#3823=VECTOR('',#13045,0.112204724409449);
#3824=VECTOR('',#13054,0.112204724409449);
#3825=VECTOR('',#13061,0.112204724409449);
#3826=VECTOR('',#13064,0.112204724409449);
#3827=VECTOR('',#13073,0.112204724409449);
#3828=VECTOR('',#13076,0.112204724409449);
#3829=VECTOR('',#13085,0.118110236220472);
#3830=VECTOR('',#13086,0.173257542951759);
#3831=VECTOR('',#13089,0.118110236220472);
#3832=VECTOR('',#13090,0.236220472440945);
#3833=VECTOR('',#13093,0.173257542951759);
#3834=VECTOR('',#13100,0.118110236220472);
#3835=VECTOR('',#13101,0.15748031496063);
#3836=VECTOR('',#13102,0.118110236220472);
#3837=VECTOR('',#13105,0.17325754295176);
#3838=VECTOR('',#13108,0.17325754295176);
#3839=VECTOR('',#13117,0.0393700787401575);
#3840=VECTOR('',#13122,0.0669291338582677);
#3841=VECTOR('',#13125,0.0669291338582677);
#3842=VECTOR('',#13128,0.0669291338582673);
#3843=VECTOR('',#13131,0.0669291338582673);
#3844=VECTOR('',#13150,0.0314960629921255);
#3845=VECTOR('',#13153,0.0314960629921255);
#3846=VECTOR('',#13156,0.0314960629921255);
#3847=VECTOR('',#13159,0.0314960629921255);
#3848=VECTOR('',#13162,0.0394865148001374);
#3849=VECTOR('',#13163,0.0426844814065429);
#3850=VECTOR('',#13166,0.143573045453291);
#3851=VECTOR('',#13167,0.0394865148001374);
#3852=VECTOR('',#13170,0.0426844814065429);
#3853=VECTOR('',#13175,0.0394865148001374);
#3854=VECTOR('',#13176,0.0394865148001374);
#3855=VECTOR('',#13189,0.0393700787401575);
#3856=VECTOR('',#13190,0.0393700787401575);
#3857=VECTOR('',#13191,0.0393700787401575);
#3858=VECTOR('',#13192,0.0393700787401575);
#3859=VECTOR('',#13195,0.0393700787401575);
#3860=VECTOR('',#13196,0.0393700787401575);
#3861=VECTOR('',#13197,0.0393700787401575);
#3862=VECTOR('',#13200,0.0393700787401575);
#3863=VECTOR('',#13201,0.0393700787401575);
#3864=VECTOR('',#13296,0.0393700787401575);
#3865=VECTOR('',#13297,0.0393700787401575);
#3866=VECTOR('',#13300,0.0393700787401575);
#3867=VECTOR('',#13373,0.0393700787401575);
#3868=VECTOR('',#13376,0.0393700787401575);
#3869=VECTOR('',#13379,0.0393700787401575);
#3870=VECTOR('',#13382,0.0393700787401575);
#3871=VECTOR('',#13409,0.0413386);
#3872=VECTOR('',#13412,0.07874015);
#3873=VECTOR('',#13415,0.0147638);
#3874=VECTOR('',#13418,0.0147638);
#3875=VECTOR('',#13421,0.0147638);
#3876=VECTOR('',#13424,0.0147638);
#3877=VECTOR('',#13427,0.0147638);
#3878=VECTOR('',#13430,0.0147638);
#3879=VECTOR('',#13433,0.0147638);
#3880=VECTOR('',#13436,0.0147638);
#3881=VECTOR('',#13439,0.0147638);
#3882=VECTOR('',#13442,0.0147638);
#3883=VECTOR('',#13445,0.0413386);
#3884=VECTOR('',#13448,0.07874015);
#3885=VECTOR('',#13451,0.0147638);
#3886=VECTOR('',#13454,0.0147638);
#3887=VECTOR('',#13457,0.0147638);
#3888=VECTOR('',#13460,0.0147638);
#3889=VECTOR('',#13463,0.0147638);
#3890=VECTOR('',#13466,0.0147638);
#3891=VECTOR('',#13469,0.0147638);
#3892=VECTOR('',#13472,0.0147638);
#3893=VECTOR('',#13475,0.0147638);
#3894=VECTOR('',#13478,0.0147638);
#3895=VECTOR('',#13481,0.0147638);
#3896=VECTOR('',#13484,0.0147638);
#3897=VECTOR('',#13487,0.0147638);
#3898=VECTOR('',#13490,0.0147638);
#3899=VECTOR('',#13493,0.0147638);
#3900=VECTOR('',#13496,0.0147638);
#3901=VECTOR('',#13499,0.0147638);
#3902=VECTOR('',#13502,0.0147638);
#3903=VECTOR('',#13505,0.0147638);
#3904=VECTOR('',#13508,0.0147638);
#3905=VECTOR('',#13511,0.0413386);
#3906=VECTOR('',#13514,0.0147638);
#3907=VECTOR('',#13517,0.0147638);
#3908=VECTOR('',#13520,0.0147638);
#3909=VECTOR('',#13523,0.0147638);
#3910=VECTOR('',#13526,0.0147638);
#3911=VECTOR('',#13529,0.0147638);
#3912=VECTOR('',#13532,0.0147638);
#3913=VECTOR('',#13535,0.0147638);
#3914=VECTOR('',#13538,0.0147638);
#3915=VECTOR('',#13541,0.0147638);
#3916=VECTOR('',#13544,0.0413386);
#3917=VECTOR('',#13549,0.0393700787401575);
#3918=VECTOR('',#13550,0.0393700787401575);
#3919=VECTOR('',#13553,0.0393700787401575);
#3920=VECTOR('',#13554,0.0393700787401575);
#3921=VECTOR('',#13559,0.0393700787401575);
#3922=VECTOR('',#13562,0.0393700787401575);
#3923=VECTOR('',#13563,0.0393700787401575);
#3924=VECTOR('',#13568,0.0393700787401575);
#3925=VECTOR('',#13571,0.0393700787401575);
#3926=VECTOR('',#13572,0.0393700787401575);
#3927=VECTOR('',#13577,0.0393700787401575);
#3928=VECTOR('',#13580,0.0393700787401575);
#3929=VECTOR('',#13583,0.0393700787401575);
#3930=VECTOR('',#13584,0.0393700787401575);
#3931=VECTOR('',#13589,0.0393700787401575);
#3932=VECTOR('',#13594,0.0393700787401575);
#3933=VECTOR('',#13595,0.0393700787401575);
#3934=VECTOR('',#13600,0.0393700787401575);
#3935=VECTOR('',#13605,0.0393700787401575);
#3936=VECTOR('',#13606,0.0393700787401575);
#3937=VECTOR('',#13611,0.0393700787401575);
#3938=VECTOR('',#13616,0.0393700787401575);
#3939=VECTOR('',#13617,0.0393700787401575);
#3940=VECTOR('',#13622,0.0393700787401575);
#3941=VECTOR('',#13627,0.0393700787401575);
#3942=VECTOR('',#13630,0.0393700787401575);
#3943=VECTOR('',#13643,0.0393700787401575);
#3944=VECTOR('',#13646,0.0393700787401575);
#3945=VECTOR('',#13649,0.0393700787401575);
#3946=VECTOR('',#13652,0.0393700787401575);
#3947=VECTOR('',#13655,0.0393700787401575);
#3948=VECTOR('',#13658,0.0393700787401575);
#3949=VECTOR('',#13671,0.0393700787401575);
#3950=VECTOR('',#13672,0.0393700787401575);
#3951=VECTOR('',#13673,0.0393700787401575);
#3952=VECTOR('',#13674,0.0393700787401575);
#3953=VECTOR('',#13677,0.0393700787401575);
#3954=VECTOR('',#13678,0.0393700787401575);
#3955=VECTOR('',#13679,0.0393700787401575);
#3956=VECTOR('',#13680,0.0393700787401575);
#3957=VECTOR('',#13683,0.0393700787401575);
#3958=VECTOR('',#13684,0.0393700787401575);
#3959=VECTOR('',#13687,0.0393700787401575);
#3960=VECTOR('',#13688,0.0393700787401575);
#3961=VECTOR('',#13697,0.0393700787401575);
#3962=VECTOR('',#13698,0.0393700787401575);
#3963=VECTOR('',#13699,0.0393700787401575);
#3964=VECTOR('',#13700,0.0393700787401575);
#3965=VECTOR('',#13703,0.0393700787401575);
#3966=VECTOR('',#13704,0.0393700787401575);
#3967=VECTOR('',#13705,0.0393700787401575);
#3968=VECTOR('',#13706,0.0393700787401575);
#3969=VECTOR('',#13709,0.0393700787401575);
#3970=VECTOR('',#13710,0.0393700787401575);
#3971=VECTOR('',#13713,0.0393700787401575);
#3972=VECTOR('',#13714,0.0393700787401575);
#3973=VECTOR('',#13723,0.0393700787401575);
#3974=VECTOR('',#13724,0.0393700787401575);
#3975=VECTOR('',#13725,0.0393700787401575);
#3976=VECTOR('',#13726,0.0393700787401575);
#3977=VECTOR('',#13729,0.0393700787401575);
#3978=VECTOR('',#13730,0.0393700787401575);
#3979=VECTOR('',#13731,0.0393700787401575);
#3980=VECTOR('',#13732,0.0393700787401575);
#3981=VECTOR('',#13735,0.0393700787401575);
#3982=VECTOR('',#13736,0.0393700787401575);
#3983=VECTOR('',#13739,0.0393700787401575);
#3984=VECTOR('',#13740,0.0393700787401575);
#3985=VECTOR('',#13749,0.0393700787401575);
#3986=VECTOR('',#13750,0.0393700787401575);
#3987=VECTOR('',#13751,0.0393700787401575);
#3988=VECTOR('',#13752,0.0393700787401575);
#3989=VECTOR('',#13755,0.0393700787401575);
#3990=VECTOR('',#13756,0.0393700787401575);
#3991=VECTOR('',#13757,0.0393700787401575);
#3992=VECTOR('',#13758,0.0393700787401575);
#3993=VECTOR('',#13761,0.0393700787401575);
#3994=VECTOR('',#13762,0.0393700787401575);
#3995=VECTOR('',#13765,0.0393700787401575);
#3996=VECTOR('',#13766,0.0393700787401575);
#3997=VECTOR('',#13775,0.0393700787401575);
#3998=VECTOR('',#13776,0.0393700787401575);
#3999=VECTOR('',#13777,0.0393700787401575);
#4000=VECTOR('',#13778,0.0393700787401575);
#4001=VECTOR('',#13781,0.0393700787401575);
#4002=VECTOR('',#13782,0.0393700787401575);
#4003=VECTOR('',#13783,0.0393700787401575);
#4004=VECTOR('',#13784,0.0393700787401575);
#4005=VECTOR('',#13787,0.0393700787401575);
#4006=VECTOR('',#13788,0.0393700787401575);
#4007=VECTOR('',#13791,0.0393700787401575);
#4008=VECTOR('',#13792,0.0393700787401575);
#4009=VECTOR('',#13801,0.0393700787401575);
#4010=VECTOR('',#13802,0.0393700787401575);
#4011=VECTOR('',#13803,0.0393700787401575);
#4012=VECTOR('',#13804,0.0393700787401575);
#4013=VECTOR('',#13807,0.0393700787401575);
#4014=VECTOR('',#13808,0.0393700787401575);
#4015=VECTOR('',#13809,0.0393700787401575);
#4016=VECTOR('',#13810,0.0393700787401575);
#4017=VECTOR('',#13813,0.0393700787401575);
#4018=VECTOR('',#13814,0.0393700787401575);
#4019=VECTOR('',#13817,0.0393700787401575);
#4020=VECTOR('',#13818,0.0393700787401575);
#4021=VECTOR('',#13827,0.0393700787401575);
#4022=VECTOR('',#13828,0.0393700787401575);
#4023=VECTOR('',#13829,0.0393700787401575);
#4024=VECTOR('',#13830,0.0393700787401575);
#4025=VECTOR('',#13833,0.0393700787401575);
#4026=VECTOR('',#13834,0.0393700787401575);
#4027=VECTOR('',#13835,0.0393700787401575);
#4028=VECTOR('',#13836,0.0393700787401575);
#4029=VECTOR('',#13839,0.0393700787401575);
#4030=VECTOR('',#13840,0.0393700787401575);
#4031=VECTOR('',#13843,0.0393700787401575);
#4032=VECTOR('',#13844,0.0393700787401575);
#4033=VECTOR('',#13855,0.108267716535433);
#4034=VECTOR('',#13868,0.0720472440944882);
#4035=VECTOR('',#13875,0.0118110236220472);
#4036=VECTOR('',#13886,0.0118110236220472);
#4037=VECTOR('',#13897,0.0216535433070866);
#4038=VECTOR('',#13908,0.0118110236220472);
#4039=VECTOR('',#13919,0.0216535433070866);
#4040=VECTOR('',#13930,0.0118110236220472);
#4041=VECTOR('',#13941,0.0216535433070866);
#4042=VECTOR('',#13952,0.0118110236220472);
#4043=VECTOR('',#13963,0.0216535433070866);
#4044=VECTOR('',#13974,0.0393700787401575);
#4045=VECTOR('',#13975,0.0393700787401575);
#4046=VECTOR('',#13976,0.0393700787401575);
#4047=VECTOR('',#13977,0.0393700787401575);
#4048=VECTOR('',#13980,0.0393700787401575);
#4049=VECTOR('',#13981,0.0393700787401575);
#4050=VECTOR('',#13982,0.0393700787401575);
#4051=VECTOR('',#13983,0.0393700787401575);
#4052=VECTOR('',#13986,0.0393700787401575);
#4053=VECTOR('',#13987,0.0393700787401575);
#4054=VECTOR('',#13990,0.0393700787401575);
#4055=VECTOR('',#13991,0.0393700787401575);
#4056=VECTOR('',#14002,0.108267716535433);
#4057=VECTOR('',#14015,0.0720472440944882);
#4058=VECTOR('',#14022,0.0118110236220472);
#4059=VECTOR('',#14033,0.0118110236220472);
#4060=VECTOR('',#14044,0.0216535433070866);
#4061=VECTOR('',#14055,0.0118110236220472);
#4062=VECTOR('',#14066,0.0216535433070866);
#4063=VECTOR('',#14077,0.0118110236220472);
#4064=VECTOR('',#14088,0.0216535433070866);
#4065=VECTOR('',#14099,0.0118110236220472);
#4066=VECTOR('',#14110,0.0216535433070866);
#4067=VECTOR('',#14121,0.0393700787401575);
#4068=VECTOR('',#14122,0.0393700787401575);
#4069=VECTOR('',#14123,0.0393700787401575);
#4070=VECTOR('',#14124,0.0393700787401575);
#4071=VECTOR('',#14127,0.0393700787401575);
#4072=VECTOR('',#14128,0.0393700787401575);
#4073=VECTOR('',#14129,0.0393700787401575);
#4074=VECTOR('',#14130,0.0393700787401575);
#4075=VECTOR('',#14133,0.0393700787401575);
#4076=VECTOR('',#14134,0.0393700787401575);
#4077=VECTOR('',#14137,0.0393700787401575);
#4078=VECTOR('',#14138,0.0393700787401575);
#4079=VECTOR('',#14147,0.0393700787401575);
#4080=VECTOR('',#14148,0.0393700787401575);
#4081=VECTOR('',#14149,0.0393700787401575);
#4082=VECTOR('',#14150,0.0393700787401575);
#4083=VECTOR('',#14153,0.0393700787401575);
#4084=VECTOR('',#14154,0.0393700787401575);
#4085=VECTOR('',#14155,0.0393700787401575);
#4086=VECTOR('',#14156,0.0393700787401575);
#4087=VECTOR('',#14159,0.0393700787401575);
#4088=VECTOR('',#14160,0.0393700787401575);
#4089=VECTOR('',#14163,0.0393700787401575);
#4090=VECTOR('',#14164,0.0393700787401575);
#4091=VECTOR('',#14173,0.0393700787401575);
#4092=VECTOR('',#14174,0.0393700787401575);
#4093=VECTOR('',#14175,0.0393700787401575);
#4094=VECTOR('',#14176,0.0393700787401575);
#4095=VECTOR('',#14179,0.0393700787401575);
#4096=VECTOR('',#14180,0.0393700787401575);
#4097=VECTOR('',#14181,0.0393700787401575);
#4098=VECTOR('',#14182,0.0393700787401575);
#4099=VECTOR('',#14185,0.0393700787401575);
#4100=VECTOR('',#14186,0.0393700787401575);
#4101=VECTOR('',#14189,0.0393700787401575);
#4102=VECTOR('',#14190,0.0393700787401575);
#4103=VECTOR('',#14199,0.0393700787401575);
#4104=VECTOR('',#14200,0.0393700787401575);
#4105=VECTOR('',#14201,0.0393700787401575);
#4106=VECTOR('',#14202,0.0393700787401575);
#4107=VECTOR('',#14205,0.0393700787401575);
#4108=VECTOR('',#14206,0.0393700787401575);
#4109=VECTOR('',#14207,0.0393700787401575);
#4110=VECTOR('',#14208,0.0393700787401575);
#4111=VECTOR('',#14211,0.0393700787401575);
#4112=VECTOR('',#14212,0.0393700787401575);
#4113=VECTOR('',#14215,0.0393700787401575);
#4114=VECTOR('',#14216,0.0393700787401575);
#4115=VECTOR('',#14227,0.108267716535433);
#4116=VECTOR('',#14240,0.0720472440944882);
#4117=VECTOR('',#14247,0.0118110236220472);
#4118=VECTOR('',#14258,0.0216535433070866);
#4119=VECTOR('',#14269,0.0118110236220472);
#4120=VECTOR('',#14280,0.0216535433070866);
#4121=VECTOR('',#14291,0.0118110236220472);
#4122=VECTOR('',#14302,0.0216535433070866);
#4123=VECTOR('',#14313,0.0118110236220472);
#4124=VECTOR('',#14324,0.0216535433070866);
#4125=VECTOR('',#14335,0.0118110236220472);
#4126=VECTOR('',#14348,0.108267716535433);
#4127=VECTOR('',#14361,0.0720472440944882);
#4128=VECTOR('',#14368,0.0118110236220472);
#4129=VECTOR('',#14379,0.0216535433070866);
#4130=VECTOR('',#14390,0.0118110236220472);
#4131=VECTOR('',#14401,0.0216535433070866);
#4132=VECTOR('',#14412,0.0118110236220472);
#4133=VECTOR('',#14423,0.0216535433070866);
#4134=VECTOR('',#14434,0.0118110236220472);
#4135=VECTOR('',#14445,0.0216535433070866);
#4136=VECTOR('',#14456,0.0118110236220472);
#4137=VECTOR('',#14469,0.108267716535433);
#4138=VECTOR('',#14482,0.0720472440944882);
#4139=VECTOR('',#14489,0.0118110236220472);
#4140=VECTOR('',#14500,0.0216535433070866);
#4141=VECTOR('',#14511,0.0118110236220472);
#4142=VECTOR('',#14522,0.0216535433070866);
#4143=VECTOR('',#14533,0.0118110236220472);
#4144=VECTOR('',#14544,0.0216535433070866);
#4145=VECTOR('',#14555,0.0118110236220472);
#4146=VECTOR('',#14566,0.0216535433070866);
#4147=VECTOR('',#14577,0.0118110236220472);
#4148=VECTOR('',#14590,0.108267716535433);
#4149=VECTOR('',#14603,0.0720472440944882);
#4150=VECTOR('',#14610,0.0118110236220472);
#4151=VECTOR('',#14621,0.0216535433070866);
#4152=VECTOR('',#14632,0.0118110236220472);
#4153=VECTOR('',#14643,0.0216535433070866);
#4154=VECTOR('',#14654,0.0118110236220472);
#4155=VECTOR('',#14665,0.0216535433070866);
#4156=VECTOR('',#14676,0.0118110236220472);
#4157=VECTOR('',#14687,0.0216535433070866);
#4158=VECTOR('',#14698,0.0118110236220472);
#4159=VECTOR('',#14711,0.108267716535433);
#4160=VECTOR('',#14724,0.0720472440944882);
#4161=VECTOR('',#14731,0.0118110236220472);
#4162=VECTOR('',#14742,0.0216535433070866);
#4163=VECTOR('',#14753,0.0118110236220472);
#4164=VECTOR('',#14764,0.0216535433070866);
#4165=VECTOR('',#14775,0.0118110236220472);
#4166=VECTOR('',#14786,0.0216535433070866);
#4167=VECTOR('',#14797,0.0118110236220472);
#4168=VECTOR('',#14808,0.0216535433070866);
#4169=VECTOR('',#14819,0.0118110236220472);
#4170=VECTOR('',#14832,0.108267716535433);
#4171=VECTOR('',#14845,0.0720472440944882);
#4172=VECTOR('',#14852,0.0118110236220472);
#4173=VECTOR('',#14863,0.0216535433070866);
#4174=VECTOR('',#14874,0.0118110236220472);
#4175=VECTOR('',#14885,0.0216535433070866);
#4176=VECTOR('',#14896,0.0118110236220472);
#4177=VECTOR('',#14907,0.0216535433070866);
#4178=VECTOR('',#14918,0.0118110236220472);
#4179=VECTOR('',#14929,0.0216535433070866);
#4180=VECTOR('',#14940,0.0118110236220472);
#4181=VECTOR('',#14951,0.0393700787401575);
#4182=VECTOR('',#14952,0.0393700787401575);
#4183=VECTOR('',#14953,0.0393700787401575);
#4184=VECTOR('',#14954,0.0393700787401575);
#4185=VECTOR('',#14957,0.0393700787401575);
#4186=VECTOR('',#14958,0.0393700787401575);
#4187=VECTOR('',#14959,0.0393700787401575);
#4188=VECTOR('',#14960,0.0393700787401575);
#4189=VECTOR('',#14963,0.0393700787401575);
#4190=VECTOR('',#14964,0.0393700787401575);
#4191=VECTOR('',#14967,0.0393700787401575);
#4192=VECTOR('',#14968,0.0393700787401575);
#4193=VECTOR('',#14977,0.0393700787401575);
#4194=VECTOR('',#14978,0.0393700787401575);
#4195=VECTOR('',#14979,0.0393700787401575);
#4196=VECTOR('',#14980,0.0393700787401575);
#4197=VECTOR('',#14983,0.0393700787401575);
#4198=VECTOR('',#14984,0.0393700787401575);
#4199=VECTOR('',#14985,0.0393700787401575);
#4200=VECTOR('',#14986,0.0393700787401575);
#4201=VECTOR('',#14989,0.0393700787401575);
#4202=VECTOR('',#14990,0.0393700787401575);
#4203=VECTOR('',#14993,0.0393700787401575);
#4204=VECTOR('',#14994,0.0393700787401575);
#4205=VECTOR('',#15001,0.0393700787401575);
#4206=VECTOR('',#15002,0.0393700787401575);
#4207=VECTOR('',#15003,0.0393700787401575);
#4208=VECTOR('',#15004,0.0393700787401575);
#4209=VECTOR('',#15007,0.0393700787401575);
#4210=VECTOR('',#15008,0.0393700787401575);
#4211=VECTOR('',#15009,0.0393700787401575);
#4212=VECTOR('',#15010,0.0393700787401575);
#4213=VECTOR('',#15013,0.0393700787401575);
#4214=VECTOR('',#15014,0.0393700787401575);
#4215=VECTOR('',#15017,0.0393700787401575);
#4216=VECTOR('',#15018,0.0393700787401575);
#4217=VECTOR('',#15025,0.0393700787401575);
#4218=VECTOR('',#15026,0.0393700787401575);
#4219=VECTOR('',#15027,0.0393700787401575);
#4220=VECTOR('',#15028,0.0393700787401575);
#4221=VECTOR('',#15031,0.0393700787401575);
#4222=VECTOR('',#15032,0.0393700787401575);
#4223=VECTOR('',#15033,0.0393700787401575);
#4224=VECTOR('',#15034,0.0393700787401575);
#4225=VECTOR('',#15037,0.0393700787401575);
#4226=VECTOR('',#15038,0.0393700787401575);
#4227=VECTOR('',#15041,0.0393700787401575);
#4228=VECTOR('',#15042,0.0393700787401575);
#4229=VECTOR('',#15049,0.0393700787401575);
#4230=VECTOR('',#15050,0.0393700787401575);
#4231=VECTOR('',#15051,0.0393700787401575);
#4232=VECTOR('',#15052,0.0393700787401575);
#4233=VECTOR('',#15055,0.0393700787401575);
#4234=VECTOR('',#15056,0.0393700787401575);
#4235=VECTOR('',#15057,0.0393700787401575);
#4236=VECTOR('',#15058,0.0393700787401575);
#4237=VECTOR('',#15061,0.0393700787401575);
#4238=VECTOR('',#15062,0.0393700787401575);
#4239=VECTOR('',#15065,0.0393700787401575);
#4240=VECTOR('',#15066,0.0393700787401575);
#4241=VECTOR('',#15073,0.0393700787401575);
#4242=VECTOR('',#15074,0.0393700787401575);
#4243=VECTOR('',#15075,0.0393700787401575);
#4244=VECTOR('',#15076,0.0393700787401575);
#4245=VECTOR('',#15079,0.0393700787401575);
#4246=VECTOR('',#15080,0.0393700787401575);
#4247=VECTOR('',#15081,0.0393700787401575);
#4248=VECTOR('',#15082,0.0393700787401575);
#4249=VECTOR('',#15085,0.0393700787401575);
#4250=VECTOR('',#15086,0.0393700787401575);
#4251=VECTOR('',#15089,0.0393700787401575);
#4252=VECTOR('',#15090,0.0393700787401575);
#4253=VECTOR('',#15097,0.0393700787401575);
#4254=VECTOR('',#15098,0.0393700787401575);
#4255=VECTOR('',#15099,0.0393700787401575);
#4256=VECTOR('',#15100,0.0393700787401575);
#4257=VECTOR('',#15103,0.0393700787401575);
#4258=VECTOR('',#15104,0.0393700787401575);
#4259=VECTOR('',#15105,0.0393700787401575);
#4260=VECTOR('',#15106,0.0393700787401575);
#4261=VECTOR('',#15109,0.0393700787401575);
#4262=VECTOR('',#15110,0.0393700787401575);
#4263=VECTOR('',#15113,0.0393700787401575);
#4264=VECTOR('',#15114,0.0393700787401575);
#4265=VECTOR('',#15121,0.0393700787401575);
#4266=VECTOR('',#15122,0.0393700787401575);
#4267=VECTOR('',#15123,0.0393700787401575);
#4268=VECTOR('',#15124,0.0393700787401575);
#4269=VECTOR('',#15127,0.0393700787401575);
#4270=VECTOR('',#15128,0.0393700787401575);
#4271=VECTOR('',#15129,0.0393700787401575);
#4272=VECTOR('',#15130,0.0393700787401575);
#4273=VECTOR('',#15133,0.0393700787401575);
#4274=VECTOR('',#15134,0.0393700787401575);
#4275=VECTOR('',#15137,0.0393700787401575);
#4276=VECTOR('',#15138,0.0393700787401575);
#4277=VECTOR('',#15145,0.0393700787401575);
#4278=VECTOR('',#15146,0.0393700787401575);
#4279=VECTOR('',#15147,0.0393700787401575);
#4280=VECTOR('',#15148,0.0393700787401575);
#4281=VECTOR('',#15151,0.0393700787401575);
#4282=VECTOR('',#15152,0.0393700787401575);
#4283=VECTOR('',#15153,0.0393700787401575);
#4284=VECTOR('',#15154,0.0393700787401575);
#4285=VECTOR('',#15157,0.0393700787401575);
#4286=VECTOR('',#15158,0.0393700787401575);
#4287=VECTOR('',#15161,0.0393700787401575);
#4288=VECTOR('',#15162,0.0393700787401575);
#4289=VECTOR('',#15169,0.0393700787401575);
#4290=VECTOR('',#15170,0.0393700787401575);
#4291=VECTOR('',#15171,0.0393700787401575);
#4292=VECTOR('',#15172,0.0393700787401575);
#4293=VECTOR('',#15175,0.0393700787401575);
#4294=VECTOR('',#15176,0.0393700787401575);
#4295=VECTOR('',#15177,0.0393700787401575);
#4296=VECTOR('',#15178,0.0393700787401575);
#4297=VECTOR('',#15181,0.0393700787401575);
#4298=VECTOR('',#15182,0.0393700787401575);
#4299=VECTOR('',#15185,0.0393700787401575);
#4300=VECTOR('',#15186,0.0393700787401575);
#4301=VECTOR('',#15193,0.0393700787401575);
#4302=VECTOR('',#15194,0.0393700787401575);
#4303=VECTOR('',#15195,0.0393700787401575);
#4304=VECTOR('',#15196,0.0393700787401575);
#4305=VECTOR('',#15199,0.0393700787401575);
#4306=VECTOR('',#15200,0.0393700787401575);
#4307=VECTOR('',#15201,0.0393700787401575);
#4308=VECTOR('',#15202,0.0393700787401575);
#4309=VECTOR('',#15205,0.0393700787401575);
#4310=VECTOR('',#15206,0.0393700787401575);
#4311=VECTOR('',#15209,0.0393700787401575);
#4312=VECTOR('',#15210,0.0393700787401575);
#4313=VECTOR('',#15217,0.0393700787401575);
#4314=VECTOR('',#15218,0.0393700787401575);
#4315=VECTOR('',#15219,0.0393700787401575);
#4316=VECTOR('',#15220,0.0393700787401575);
#4317=VECTOR('',#15223,0.0393700787401575);
#4318=VECTOR('',#15224,0.0393700787401575);
#4319=VECTOR('',#15225,0.0393700787401575);
#4320=VECTOR('',#15226,0.0393700787401575);
#4321=VECTOR('',#15229,0.0393700787401575);
#4322=VECTOR('',#15230,0.0393700787401575);
#4323=VECTOR('',#15233,0.0393700787401575);
#4324=VECTOR('',#15234,0.0393700787401575);
#4325=VECTOR('',#15241,0.0393700787401575);
#4326=VECTOR('',#15242,0.0393700787401575);
#4327=VECTOR('',#15243,0.0393700787401575);
#4328=VECTOR('',#15244,0.0393700787401575);
#4329=VECTOR('',#15247,0.0393700787401575);
#4330=VECTOR('',#15248,0.0393700787401575);
#4331=VECTOR('',#15249,0.0393700787401575);
#4332=VECTOR('',#15250,0.0393700787401575);
#4333=VECTOR('',#15253,0.0393700787401575);
#4334=VECTOR('',#15254,0.0393700787401575);
#4335=VECTOR('',#15257,0.0393700787401575);
#4336=VECTOR('',#15258,0.0393700787401575);
#4337=VECTOR('',#15265,0.0393700787401575);
#4338=VECTOR('',#15266,0.0393700787401575);
#4339=VECTOR('',#15267,0.0393700787401575);
#4340=VECTOR('',#15268,0.0393700787401575);
#4341=VECTOR('',#15271,0.0393700787401575);
#4342=VECTOR('',#15272,0.0393700787401575);
#4343=VECTOR('',#15273,0.0393700787401575);
#4344=VECTOR('',#15274,0.0393700787401575);
#4345=VECTOR('',#15277,0.0393700787401575);
#4346=VECTOR('',#15278,0.0393700787401575);
#4347=VECTOR('',#15281,0.0393700787401575);
#4348=VECTOR('',#15282,0.0393700787401575);
#4349=VECTOR('',#15289,0.0393700787401575);
#4350=VECTOR('',#15290,0.0393700787401575);
#4351=VECTOR('',#15291,0.0393700787401575);
#4352=VECTOR('',#15292,0.0393700787401575);
#4353=VECTOR('',#15295,0.0393700787401575);
#4354=VECTOR('',#15296,0.0393700787401575);
#4355=VECTOR('',#15297,0.0393700787401575);
#4356=VECTOR('',#15298,0.0393700787401575);
#4357=VECTOR('',#15301,0.0393700787401575);
#4358=VECTOR('',#15302,0.0393700787401575);
#4359=VECTOR('',#15305,0.0393700787401575);
#4360=VECTOR('',#15306,0.0393700787401575);
#4361=VECTOR('',#15313,0.0393700787401575);
#4362=VECTOR('',#15314,0.0393700787401575);
#4363=VECTOR('',#15315,0.0393700787401575);
#4364=VECTOR('',#15316,0.0393700787401575);
#4365=VECTOR('',#15319,0.0393700787401575);
#4366=VECTOR('',#15320,0.0393700787401575);
#4367=VECTOR('',#15321,0.0393700787401575);
#4368=VECTOR('',#15322,0.0393700787401575);
#4369=VECTOR('',#15325,0.0393700787401575);
#4370=VECTOR('',#15326,0.0393700787401575);
#4371=VECTOR('',#15329,0.0393700787401575);
#4372=VECTOR('',#15330,0.0393700787401575);
#4373=VECTOR('',#15337,0.0393700787401575);
#4374=VECTOR('',#15338,0.0393700787401575);
#4375=VECTOR('',#15339,0.0393700787401575);
#4376=VECTOR('',#15340,0.0393700787401575);
#4377=VECTOR('',#15343,0.0393700787401575);
#4378=VECTOR('',#15344,0.0393700787401575);
#4379=VECTOR('',#15345,0.0393700787401575);
#4380=VECTOR('',#15346,0.0393700787401575);
#4381=VECTOR('',#15349,0.0393700787401575);
#4382=VECTOR('',#15350,0.0393700787401575);
#4383=VECTOR('',#15353,0.0393700787401575);
#4384=VECTOR('',#15354,0.0393700787401575);
#4385=VECTOR('',#15361,0.0393700787401575);
#4386=VECTOR('',#15362,0.0393700787401575);
#4387=VECTOR('',#15363,0.0393700787401575);
#4388=VECTOR('',#15364,0.0393700787401575);
#4389=VECTOR('',#15367,0.0393700787401575);
#4390=VECTOR('',#15368,0.0393700787401575);
#4391=VECTOR('',#15369,0.0393700787401575);
#4392=VECTOR('',#15370,0.0393700787401575);
#4393=VECTOR('',#15373,0.0393700787401575);
#4394=VECTOR('',#15374,0.0393700787401575);
#4395=VECTOR('',#15377,0.0393700787401575);
#4396=VECTOR('',#15378,0.0393700787401575);
#4397=VECTOR('',#15385,0.0393700787401575);
#4398=VECTOR('',#15386,0.0393700787401575);
#4399=VECTOR('',#15387,0.0393700787401575);
#4400=VECTOR('',#15388,0.0393700787401575);
#4401=VECTOR('',#15391,0.0393700787401575);
#4402=VECTOR('',#15392,0.0393700787401575);
#4403=VECTOR('',#15393,0.0393700787401575);
#4404=VECTOR('',#15394,0.0393700787401575);
#4405=VECTOR('',#15397,0.0393700787401575);
#4406=VECTOR('',#15398,0.0393700787401575);
#4407=VECTOR('',#15401,0.0393700787401575);
#4408=VECTOR('',#15402,0.0393700787401575);
#4409=VECTOR('',#15409,0.0393700787401575);
#4410=VECTOR('',#15410,0.0393700787401575);
#4411=VECTOR('',#15411,0.0393700787401575);
#4412=VECTOR('',#15412,0.0393700787401575);
#4413=VECTOR('',#15415,0.0393700787401575);
#4414=VECTOR('',#15416,0.0393700787401575);
#4415=VECTOR('',#15417,0.0393700787401575);
#4416=VECTOR('',#15418,0.0393700787401575);
#4417=VECTOR('',#15421,0.0393700787401575);
#4418=VECTOR('',#15422,0.0393700787401575);
#4419=VECTOR('',#15425,0.0393700787401575);
#4420=VECTOR('',#15426,0.0393700787401575);
#4421=VECTOR('',#15433,0.0393700787401575);
#4422=VECTOR('',#15434,0.0393700787401575);
#4423=VECTOR('',#15435,0.0393700787401575);
#4424=VECTOR('',#15436,0.0393700787401575);
#4425=VECTOR('',#15439,0.0393700787401575);
#4426=VECTOR('',#15440,0.0393700787401575);
#4427=VECTOR('',#15441,0.0393700787401575);
#4428=VECTOR('',#15442,0.0393700787401575);
#4429=VECTOR('',#15445,0.0393700787401575);
#4430=VECTOR('',#15446,0.0393700787401575);
#4431=VECTOR('',#15449,0.0393700787401575);
#4432=VECTOR('',#15450,0.0393700787401575);
#4433=VECTOR('',#15457,0.0393700787401575);
#4434=VECTOR('',#15458,0.0393700787401575);
#4435=VECTOR('',#15459,0.0393700787401575);
#4436=VECTOR('',#15460,0.0393700787401575);
#4437=VECTOR('',#15463,0.0393700787401575);
#4438=VECTOR('',#15464,0.0393700787401575);
#4439=VECTOR('',#15465,0.0393700787401575);
#4440=VECTOR('',#15466,0.0393700787401575);
#4441=VECTOR('',#15469,0.0393700787401575);
#4442=VECTOR('',#15470,0.0393700787401575);
#4443=VECTOR('',#15473,0.0393700787401575);
#4444=VECTOR('',#15474,0.0393700787401575);
#4445=VECTOR('',#15481,0.0393700787401575);
#4446=VECTOR('',#15482,0.0393700787401575);
#4447=VECTOR('',#15483,0.0393700787401575);
#4448=VECTOR('',#15484,0.0393700787401575);
#4449=VECTOR('',#15487,0.0393700787401575);
#4450=VECTOR('',#15488,0.0393700787401575);
#4451=VECTOR('',#15489,0.0393700787401575);
#4452=VECTOR('',#15490,0.0393700787401575);
#4453=VECTOR('',#15493,0.0393700787401575);
#4454=VECTOR('',#15494,0.0393700787401575);
#4455=VECTOR('',#15497,0.0393700787401575);
#4456=VECTOR('',#15498,0.0393700787401575);
#4457=VECTOR('',#15505,0.0393700787401575);
#4458=VECTOR('',#15506,0.0393700787401575);
#4459=VECTOR('',#15507,0.0393700787401575);
#4460=VECTOR('',#15508,0.0393700787401575);
#4461=VECTOR('',#15511,0.0393700787401575);
#4462=VECTOR('',#15512,0.0393700787401575);
#4463=VECTOR('',#15513,0.0393700787401575);
#4464=VECTOR('',#15514,0.0393700787401575);
#4465=VECTOR('',#15517,0.0393700787401575);
#4466=VECTOR('',#15518,0.0393700787401575);
#4467=VECTOR('',#15521,0.0393700787401575);
#4468=VECTOR('',#15522,0.0393700787401575);
#4469=VECTOR('',#15529,0.0393700787401575);
#4470=VECTOR('',#15530,0.0393700787401575);
#4471=VECTOR('',#15531,0.0393700787401575);
#4472=VECTOR('',#15532,0.0393700787401575);
#4473=VECTOR('',#15535,0.0393700787401575);
#4474=VECTOR('',#15536,0.0393700787401575);
#4475=VECTOR('',#15537,0.0393700787401575);
#4476=VECTOR('',#15538,0.0393700787401575);
#4477=VECTOR('',#15541,0.0393700787401575);
#4478=VECTOR('',#15542,0.0393700787401575);
#4479=VECTOR('',#15545,0.0393700787401575);
#4480=VECTOR('',#15546,0.0393700787401575);
#4481=VECTOR('',#15601,0.348330513331752);
#4482=VECTOR('',#15602,0.0637799924442287);
#4483=VECTOR('',#15603,0.0643906042332085);
#4484=VECTOR('',#15604,0.0637799924442287);
#4485=VECTOR('',#15605,0.335310378498032);
#4486=VECTOR('',#15606,0.110236220472441);
#4487=VECTOR('',#15607,0.748031496062992);
#4488=VECTOR('',#15608,0.110236220472441);
#4489=VECTOR('',#15611,0.35478294288122);
#4490=VECTOR('',#15612,0.639763779527559);
#4491=VECTOR('',#15613,1.37795275590551);
#4492=VECTOR('',#15614,0.250984251968504);
#4493=VECTOR('',#15615,0.573201913454881);
#4494=VECTOR('',#15616,0.257436681517972);
#4495=VECTOR('',#15617,2.59091844888795);
#4496=VECTOR('',#15628,2.74839903442997);
#4497=VECTOR('',#15629,0.393700787401575);
#4498=VECTOR('',#15630,2.74839903442997);
#4499=VECTOR('',#15631,0.393700787401575);
#4500=VECTOR('',#15640,1.72789471701491);
#4501=VECTOR('',#15641,0.119678764444902);
#4502=VECTOR('',#15642,1.72789471701491);
#4503=VECTOR('',#15643,0.119678764444902);
#4504=VECTOR('',#15646,0.0236220472440944);
#4505=VECTOR('',#15647,0.573201913454881);
#4506=VECTOR('',#15648,0.0236220472440945);
#4507=VECTOR('',#15649,0.573201913454881);
#4508=VECTOR('',#15652,0.573201913454881);
#4509=VECTOR('',#15653,0.0236220472440945);
#4510=VECTOR('',#15654,0.0236220472440945);
#4511=VECTOR('',#15657,0.804427456730403);
#4512=VECTOR('',#15658,0.15748031496063);
#4513=VECTOR('',#15659,0.804427456730403);
#4514=VECTOR('',#15660,0.15748031496063);
#4515=VECTOR('',#15663,0.298571923496936);
#4516=VECTOR('',#15664,0.298571923496936);
#4517=VECTOR('',#15673,5.19085876644603E-6);
#4518=VECTOR('',#15674,0.0170288066150235);
#4519=VECTOR('',#15675,0.117464137990859);
#4520=VECTOR('',#15676,0.352941245599081);
#4521=VECTOR('',#15677,0.0643906042332085);
#4522=VECTOR('',#15678,0.116965957300877);
#4523=VECTOR('',#15679,0.0152838574018693);
#4524=VECTOR('',#15680,0.000503371548747928);
#4525=VECTOR('',#15683,0.0170288066150235);
#4526=VECTOR('',#15684,0.298566500195583);
#4527=VECTOR('',#15685,0.298068319505602);
#4528=VECTOR('',#15686,0.0152838574018693);
#4529=VECTOR('',#15687,0.116965957300877);
#4530=VECTOR('',#15688,0.246062992125984);
#4531=VECTOR('',#15689,0.268615119069553);
#4532=VECTOR('',#15690,0.117464137990859);
#4533=VECTOR('',#15695,0.341155736708199);
#4534=VECTOR('',#15698,0.328135601874478);
#4535=VECTOR('',#15699,0.110236220472441);
#4536=VECTOR('',#15700,0.250984251968504);
#4537=VECTOR('',#15701,0.246062992125984);
#4538=VECTOR('',#15702,0.110236220472441);
#4539=VECTOR('',#15705,1.37795275590551);
#4540=VECTOR('',#15706,1.37795275590551);
#4541=VECTOR('',#15709,1.37795275590551);
#4542=VECTOR('',#15712,0.639763779527559);
#4543=VECTOR('',#15713,2.59091844888795);
#4544=VECTOR('',#15728,0.0826771653543309);
#4545=VECTOR('',#15735,0.0826771653543309);
#4546=VECTOR('',#15742,0.0826771653543307);
#4547=VECTOR('',#15749,0.0826771653543308);
#4548=VECTOR('',#15754,0.00553824402543384);
#4549=VECTOR('',#15755,0.078740157480315);
#4550=VECTOR('',#15756,0.00553824402543384);
#4551=VECTOR('',#15759,0.0492125984251968);
#4552=VECTOR('',#15762,0.0492125984251968);
#4553=VECTOR('',#15765,0.0492125984251966);
#4554=VECTOR('',#15768,0.0492125984251965);
#4555=VECTOR('',#15771,2.59091844888795);
#4556=VECTOR('',#15774,2.59091844888795);
#4557=VECTOR('',#15777,2.59091844888795);
#4558=VECTOR('',#15778,2.59091844888795);
#4559=VECTOR('',#15787,0.236220472440945);
#4560=VECTOR('',#15788,1.72789471701491);
#4561=VECTOR('',#15789,0.236220472440945);
#4562=VECTOR('',#15790,0.31496062992126);
#4563=VECTOR('',#15793,0.31496062992126);
#4564=VECTOR('',#15796,0.31496062992126);
#4565=VECTOR('',#15799,0.31496062992126);
#4566=VECTOR('',#15804,0.236220472440945);
#4567=VECTOR('',#15805,0.119678764444902);
#4568=VECTOR('',#15808,0.236220472440945);
#4569=VECTOR('',#15809,1.72789471701491);
#4570=VECTOR('',#15810,0.31496062992126);
#4571=VECTOR('',#15813,0.31496062992126);
#4572=VECTOR('',#15818,0.31496062992126);
#4573=VECTOR('',#15821,0.31496062992126);
#4574=VECTOR('',#15824,0.119678764444902);
#4575=VECTOR('',#15829,0.119678764444902);
#4576=VECTOR('',#15830,0.119678764444902);
#4577=VECTOR('',#15833,0.119678764444902);
#4578=VECTOR('',#15834,0.119678764444902);
#4579=VECTOR('',#15841,0.119678764444902);
#4580=VECTOR('',#15842,0.119678764444902);
#4581=VECTOR('',#15845,0.119678764444902);
#4582=VECTOR('',#15848,0.119678764444902);
#4583=VECTOR('',#15855,0.114173228346457);
#4584=VECTOR('',#15864,0.0846456692913385);
#4585=VECTOR('',#15867,0.0637799924442287);
#4586=VECTOR('',#15868,0.0643906042332085);
#4587=VECTOR('',#15869,0.0637799924442287);
#4588=VECTOR('',#15870,0.0643906042332085);
#4589=VECTOR('',#15873,0.659448818897638);
#4590=VECTOR('',#15874,0.659448818897638);
#4591=VECTOR('',#15877,0.0196850393700783);
#4592=VECTOR('',#15880,0.0196850393700783);
#4593=VECTOR('',#15885,0.0314960629921259);
#4594=VECTOR('',#15890,0.0314960629921258);
#4595=VECTOR('',#15893,0.0314960629921259);
#4596=VECTOR('',#15898,0.0314960629921258);
#4597=VECTOR('',#15905,0.0393700787401575);
#4598=VERTEX_POINT('',#15917);
#4599=VERTEX_POINT('',#15918);
#4600=VERTEX_POINT('',#15920);
#4601=VERTEX_POINT('',#15922);
#4602=VERTEX_POINT('',#15924);
#4603=VERTEX_POINT('',#15926);
#4604=VERTEX_POINT('',#15928);
#4605=VERTEX_POINT('',#15930);
#4606=VERTEX_POINT('',#15932);
#4607=VERTEX_POINT('',#15934);
#4608=VERTEX_POINT('',#15936);
#4609=VERTEX_POINT('',#15938);
#4610=VERTEX_POINT('',#15940);
#4611=VERTEX_POINT('',#15942);
#4612=VERTEX_POINT('',#15944);
#4613=VERTEX_POINT('',#15946);
#4614=VERTEX_POINT('',#15948);
#4615=VERTEX_POINT('',#15950);
#4616=VERTEX_POINT('',#15952);
#4617=VERTEX_POINT('',#15954);
#4618=VERTEX_POINT('',#15956);
#4619=VERTEX_POINT('',#15958);
#4620=VERTEX_POINT('',#15960);
#4621=VERTEX_POINT('',#15962);
#4622=VERTEX_POINT('',#15964);
#4623=VERTEX_POINT('',#15966);
#4624=VERTEX_POINT('',#15968);
#4625=VERTEX_POINT('',#15970);
#4626=VERTEX_POINT('',#15972);
#4627=VERTEX_POINT('',#15974);
#4628=VERTEX_POINT('',#15976);
#4629=VERTEX_POINT('',#15978);
#4630=VERTEX_POINT('',#15980);
#4631=VERTEX_POINT('',#15982);
#4632=VERTEX_POINT('',#15984);
#4633=VERTEX_POINT('',#15986);
#4634=VERTEX_POINT('',#15988);
#4635=VERTEX_POINT('',#15990);
#4636=VERTEX_POINT('',#15992);
#4637=VERTEX_POINT('',#15994);
#4638=VERTEX_POINT('',#15998);
#4639=VERTEX_POINT('',#15999);
#4640=VERTEX_POINT('',#16002);
#4641=VERTEX_POINT('',#16004);
#4642=VERTEX_POINT('',#16007);
#4643=VERTEX_POINT('',#16009);
#4644=VERTEX_POINT('',#16012);
#4645=VERTEX_POINT('',#16014);
#4646=VERTEX_POINT('',#16019);
#4647=VERTEX_POINT('',#16021);
#4648=VERTEX_POINT('',#16023);
#4649=VERTEX_POINT('',#16025);
#4650=VERTEX_POINT('',#16028);
#4651=VERTEX_POINT('',#16030);
#4652=VERTEX_POINT('',#16033);
#4653=VERTEX_POINT('',#16035);
#4654=VERTEX_POINT('',#16038);
#4655=VERTEX_POINT('',#16040);
#4656=VERTEX_POINT('',#16043);
#4657=VERTEX_POINT('',#16045);
#4658=VERTEX_POINT('',#16048);
#4659=VERTEX_POINT('',#16050);
#4660=VERTEX_POINT('',#16053);
#4661=VERTEX_POINT('',#16055);
#4662=VERTEX_POINT('',#16059);
#4663=VERTEX_POINT('',#16060);
#4664=VERTEX_POINT('',#16062);
#4665=VERTEX_POINT('',#16064);
#4666=VERTEX_POINT('',#16068);
#4667=VERTEX_POINT('',#16069);
#4668=VERTEX_POINT('',#16071);
#4669=VERTEX_POINT('',#16073);
#4670=VERTEX_POINT('',#16077);
#4671=VERTEX_POINT('',#16078);
#4672=VERTEX_POINT('',#16080);
#4673=VERTEX_POINT('',#16082);
#4674=VERTEX_POINT('',#16084);
#4675=VERTEX_POINT('',#16086);
#4676=VERTEX_POINT('',#16088);
#4677=VERTEX_POINT('',#16090);
#4678=VERTEX_POINT('',#16092);
#4679=VERTEX_POINT('',#16094);
#4680=VERTEX_POINT('',#16096);
#4681=VERTEX_POINT('',#16098);
#4682=VERTEX_POINT('',#16100);
#4683=VERTEX_POINT('',#16102);
#4684=VERTEX_POINT('',#16104);
#4685=VERTEX_POINT('',#16106);
#4686=VERTEX_POINT('',#16108);
#4687=VERTEX_POINT('',#16110);
#4688=VERTEX_POINT('',#16112);
#4689=VERTEX_POINT('',#16114);
#4690=VERTEX_POINT('',#16117);
#4691=VERTEX_POINT('',#16119);
#4692=VERTEX_POINT('',#16121);
#4693=VERTEX_POINT('',#16123);
#4694=VERTEX_POINT('',#16125);
#4695=VERTEX_POINT('',#16127);
#4696=VERTEX_POINT('',#16129);
#4697=VERTEX_POINT('',#16131);
#4698=VERTEX_POINT('',#16133);
#4699=VERTEX_POINT('',#16135);
#4700=VERTEX_POINT('',#16137);
#4701=VERTEX_POINT('',#16139);
#4702=VERTEX_POINT('',#16143);
#4703=VERTEX_POINT('',#16145);
#4704=VERTEX_POINT('',#16148);
#4705=VERTEX_POINT('',#16150);
#4706=VERTEX_POINT('',#16153);
#4707=VERTEX_POINT('',#16155);
#4708=VERTEX_POINT('',#16157);
#4709=VERTEX_POINT('',#16159);
#4710=VERTEX_POINT('',#16161);
#4711=VERTEX_POINT('',#16163);
#4712=VERTEX_POINT('',#16165);
#4713=VERTEX_POINT('',#16167);
#4714=VERTEX_POINT('',#16172);
#4715=VERTEX_POINT('',#16174);
#4716=VERTEX_POINT('',#16176);
#4717=VERTEX_POINT('',#16178);
#4718=VERTEX_POINT('',#16180);
#4719=VERTEX_POINT('',#16182);
#4720=VERTEX_POINT('',#16184);
#4721=VERTEX_POINT('',#16186);
#4722=VERTEX_POINT('',#16189);
#4723=VERTEX_POINT('',#16191);
#4724=VERTEX_POINT('',#16194);
#4725=VERTEX_POINT('',#16196);
#4726=VERTEX_POINT('',#16200);
#4727=VERTEX_POINT('',#16201);
#4728=VERTEX_POINT('',#16204);
#4729=VERTEX_POINT('',#16206);
#4730=VERTEX_POINT('',#16208);
#4731=VERTEX_POINT('',#16210);
#4732=VERTEX_POINT('',#16215);
#4733=VERTEX_POINT('',#16217);
#4734=VERTEX_POINT('',#16219);
#4735=VERTEX_POINT('',#16221);
#4736=VERTEX_POINT('',#16223);
#4737=VERTEX_POINT('',#16225);
#4738=VERTEX_POINT('',#16229);
#4739=VERTEX_POINT('',#16230);
#4740=VERTEX_POINT('',#16233);
#4741=VERTEX_POINT('',#16235);
#4742=VERTEX_POINT('',#16237);
#4743=VERTEX_POINT('',#16239);
#4744=VERTEX_POINT('',#16241);
#4745=VERTEX_POINT('',#16243);
#4746=VERTEX_POINT('',#16251);
#4747=VERTEX_POINT('',#16253);
#4748=VERTEX_POINT('',#16256);
#4749=VERTEX_POINT('',#16258);
#4750=VERTEX_POINT('',#16261);
#4751=VERTEX_POINT('',#16263);
#4752=VERTEX_POINT('',#16291);
#4753=VERTEX_POINT('',#16293);
#4754=VERTEX_POINT('',#16296);
#4755=VERTEX_POINT('',#16298);
#4756=VERTEX_POINT('',#16301);
#4757=VERTEX_POINT('',#16303);
#4758=VERTEX_POINT('',#16306);
#4759=VERTEX_POINT('',#16308);
#4760=VERTEX_POINT('',#16313);
#4761=VERTEX_POINT('',#16315);
#4762=VERTEX_POINT('',#16322);
#4763=VERTEX_POINT('',#16326);
#4764=VERTEX_POINT('',#16331);
#4765=VERTEX_POINT('',#16334);
#4766=VERTEX_POINT('',#16338);
#4767=VERTEX_POINT('',#16343);
#4768=VERTEX_POINT('',#16350);
#4769=VERTEX_POINT('',#16352);
#4770=VERTEX_POINT('',#16361);
#4771=VERTEX_POINT('',#16369);
#4772=VERTEX_POINT('',#16374);
#4773=VERTEX_POINT('',#16382);
#4774=VERTEX_POINT('',#16392);
#4775=VERTEX_POINT('',#16396);
#4776=VERTEX_POINT('',#16402);
#4777=VERTEX_POINT('',#16405);
#4778=VERTEX_POINT('',#16407);
#4779=VERTEX_POINT('',#16415);
#4780=VERTEX_POINT('',#16446);
#4781=VERTEX_POINT('',#16450);
#4782=VERTEX_POINT('',#16465);
#4783=VERTEX_POINT('',#16466);
#4784=VERTEX_POINT('',#16468);
#4785=VERTEX_POINT('',#16470);
#4786=VERTEX_POINT('',#16474);
#4787=VERTEX_POINT('',#16476);
#4788=VERTEX_POINT('',#16480);
#4789=VERTEX_POINT('',#16483);
#4790=VERTEX_POINT('',#16485);
#4791=VERTEX_POINT('',#16487);
#4792=VERTEX_POINT('',#16489);
#4793=VERTEX_POINT('',#16491);
#4794=VERTEX_POINT('',#16493);
#4795=VERTEX_POINT('',#16495);
#4796=VERTEX_POINT('',#16497);
#4797=VERTEX_POINT('',#16499);
#4798=VERTEX_POINT('',#16501);
#4799=VERTEX_POINT('',#16503);
#4800=VERTEX_POINT('',#16505);
#4801=VERTEX_POINT('',#16507);
#4802=VERTEX_POINT('',#16509);
#4803=VERTEX_POINT('',#16511);
#4804=VERTEX_POINT('',#16513);
#4805=VERTEX_POINT('',#16515);
#4806=VERTEX_POINT('',#16517);
#4807=VERTEX_POINT('',#16519);
#4808=VERTEX_POINT('',#16521);
#4809=VERTEX_POINT('',#16523);
#4810=VERTEX_POINT('',#16525);
#4811=VERTEX_POINT('',#16527);
#4812=VERTEX_POINT('',#16529);
#4813=VERTEX_POINT('',#16531);
#4814=VERTEX_POINT('',#16533);
#4815=VERTEX_POINT('',#16535);
#4816=VERTEX_POINT('',#16537);
#4817=VERTEX_POINT('',#16539);
#4818=VERTEX_POINT('',#16541);
#4819=VERTEX_POINT('',#16543);
#4820=VERTEX_POINT('',#16545);
#4821=VERTEX_POINT('',#16547);
#4822=VERTEX_POINT('',#16549);
#4823=VERTEX_POINT('',#16551);
#4824=VERTEX_POINT('',#16553);
#4825=VERTEX_POINT('',#16555);
#4826=VERTEX_POINT('',#16557);
#4827=VERTEX_POINT('',#16559);
#4828=VERTEX_POINT('',#16561);
#4829=VERTEX_POINT('',#16563);
#4830=VERTEX_POINT('',#16565);
#4831=VERTEX_POINT('',#16567);
#4832=VERTEX_POINT('',#16569);
#4833=VERTEX_POINT('',#16571);
#4834=VERTEX_POINT('',#16573);
#4835=VERTEX_POINT('',#16576);
#4836=VERTEX_POINT('',#16581);
#4837=VERTEX_POINT('',#16583);
#4838=VERTEX_POINT('',#16585);
#4839=VERTEX_POINT('',#16587);
#4840=VERTEX_POINT('',#16589);
#4841=VERTEX_POINT('',#16591);
#4842=VERTEX_POINT('',#16593);
#4843=VERTEX_POINT('',#16595);
#4844=VERTEX_POINT('',#16597);
#4845=VERTEX_POINT('',#16599);
#4846=VERTEX_POINT('',#16601);
#4847=VERTEX_POINT('',#16603);
#4848=VERTEX_POINT('',#16605);
#4849=VERTEX_POINT('',#16607);
#4850=VERTEX_POINT('',#16609);
#4851=VERTEX_POINT('',#16611);
#4852=VERTEX_POINT('',#16613);
#4853=VERTEX_POINT('',#16615);
#4854=VERTEX_POINT('',#16617);
#4855=VERTEX_POINT('',#16619);
#4856=VERTEX_POINT('',#16621);
#4857=VERTEX_POINT('',#16623);
#4858=VERTEX_POINT('',#16625);
#4859=VERTEX_POINT('',#16627);
#4860=VERTEX_POINT('',#16629);
#4861=VERTEX_POINT('',#16631);
#4862=VERTEX_POINT('',#16633);
#4863=VERTEX_POINT('',#16635);
#4864=VERTEX_POINT('',#16637);
#4865=VERTEX_POINT('',#16639);
#4866=VERTEX_POINT('',#16641);
#4867=VERTEX_POINT('',#16643);
#4868=VERTEX_POINT('',#16645);
#4869=VERTEX_POINT('',#16647);
#4870=VERTEX_POINT('',#16649);
#4871=VERTEX_POINT('',#16651);
#4872=VERTEX_POINT('',#16652);
#4873=VERTEX_POINT('',#16654);
#4874=VERTEX_POINT('',#16656);
#4875=VERTEX_POINT('',#16658);
#4876=VERTEX_POINT('',#16660);
#4877=VERTEX_POINT('',#16662);
#4878=VERTEX_POINT('',#16664);
#4879=VERTEX_POINT('',#16667);
#4880=VERTEX_POINT('',#16669);
#4881=VERTEX_POINT('',#16671);
#4882=VERTEX_POINT('',#16673);
#4883=VERTEX_POINT('',#16675);
#4884=VERTEX_POINT('',#16677);
#4885=VERTEX_POINT('',#16679);
#4886=VERTEX_POINT('',#16681);
#4887=VERTEX_POINT('',#16683);
#4888=VERTEX_POINT('',#16685);
#4889=VERTEX_POINT('',#16687);
#4890=VERTEX_POINT('',#16783);
#4891=VERTEX_POINT('',#16784);
#4892=VERTEX_POINT('',#16789);
#4893=VERTEX_POINT('',#16793);
#4894=VERTEX_POINT('',#16797);
#4895=VERTEX_POINT('',#16801);
#4896=VERTEX_POINT('',#16805);
#4897=VERTEX_POINT('',#16809);
#4898=VERTEX_POINT('',#16815);
#4899=VERTEX_POINT('',#16819);
#4900=VERTEX_POINT('',#16821);
#4901=VERTEX_POINT('',#16825);
#4902=VERTEX_POINT('',#16829);
#4903=VERTEX_POINT('',#16831);
#4904=VERTEX_POINT('',#16835);
#4905=VERTEX_POINT('',#16839);
#4906=VERTEX_POINT('',#16841);
#4907=VERTEX_POINT('',#16845);
#4908=VERTEX_POINT('',#16849);
#4909=VERTEX_POINT('',#16851);
#4910=VERTEX_POINT('',#16881);
#4911=VERTEX_POINT('',#16882);
#4912=VERTEX_POINT('',#16884);
#4913=VERTEX_POINT('',#16886);
#4914=VERTEX_POINT('',#16890);
#4915=VERTEX_POINT('',#16891);
#4916=VERTEX_POINT('',#16893);
#4917=VERTEX_POINT('',#16895);
#4918=VERTEX_POINT('',#16908);
#4919=VERTEX_POINT('',#16909);
#4920=VERTEX_POINT('',#16911);
#4921=VERTEX_POINT('',#16913);
#4922=VERTEX_POINT('',#16917);
#4923=VERTEX_POINT('',#16918);
#4924=VERTEX_POINT('',#16920);
#4925=VERTEX_POINT('',#16922);
#4926=VERTEX_POINT('',#16935);
#4927=VERTEX_POINT('',#16936);
#4928=VERTEX_POINT('',#16938);
#4929=VERTEX_POINT('',#16940);
#4930=VERTEX_POINT('',#16944);
#4931=VERTEX_POINT('',#16945);
#4932=VERTEX_POINT('',#16947);
#4933=VERTEX_POINT('',#16949);
#4934=VERTEX_POINT('',#16962);
#4935=VERTEX_POINT('',#16963);
#4936=VERTEX_POINT('',#16965);
#4937=VERTEX_POINT('',#16967);
#4938=VERTEX_POINT('',#16971);
#4939=VERTEX_POINT('',#16972);
#4940=VERTEX_POINT('',#16974);
#4941=VERTEX_POINT('',#16976);
#4942=VERTEX_POINT('',#16989);
#4943=VERTEX_POINT('',#16990);
#4944=VERTEX_POINT('',#16992);
#4945=VERTEX_POINT('',#16994);
#4946=VERTEX_POINT('',#16998);
#4947=VERTEX_POINT('',#16999);
#4948=VERTEX_POINT('',#17001);
#4949=VERTEX_POINT('',#17003);
#4950=VERTEX_POINT('',#17016);
#4951=VERTEX_POINT('',#17017);
#4952=VERTEX_POINT('',#17019);
#4953=VERTEX_POINT('',#17021);
#4954=VERTEX_POINT('',#17025);
#4955=VERTEX_POINT('',#17026);
#4956=VERTEX_POINT('',#17028);
#4957=VERTEX_POINT('',#17030);
#4958=VERTEX_POINT('',#17043);
#4959=VERTEX_POINT('',#17044);
#4960=VERTEX_POINT('',#17046);
#4961=VERTEX_POINT('',#17048);
#4962=VERTEX_POINT('',#17052);
#4963=VERTEX_POINT('',#17053);
#4964=VERTEX_POINT('',#17055);
#4965=VERTEX_POINT('',#17057);
#4966=VERTEX_POINT('',#17070);
#4967=VERTEX_POINT('',#17072);
#4968=VERTEX_POINT('',#17076);
#4969=VERTEX_POINT('',#17080);
#4970=VERTEX_POINT('',#17085);
#4971=VERTEX_POINT('',#17087);
#4972=VERTEX_POINT('',#17093);
#4973=VERTEX_POINT('',#17095);
#4974=VERTEX_POINT('',#17101);
#4975=VERTEX_POINT('',#17103);
#4976=VERTEX_POINT('',#17109);
#4977=VERTEX_POINT('',#17111);
#4978=VERTEX_POINT('',#17117);
#4979=VERTEX_POINT('',#17119);
#4980=VERTEX_POINT('',#17125);
#4981=VERTEX_POINT('',#17127);
#4982=VERTEX_POINT('',#17133);
#4983=VERTEX_POINT('',#17135);
#4984=VERTEX_POINT('',#17141);
#4985=VERTEX_POINT('',#17143);
#4986=VERTEX_POINT('',#17149);
#4987=VERTEX_POINT('',#17151);
#4988=VERTEX_POINT('',#17158);
#4989=VERTEX_POINT('',#17159);
#4990=VERTEX_POINT('',#17161);
#4991=VERTEX_POINT('',#17163);
#4992=VERTEX_POINT('',#17167);
#4993=VERTEX_POINT('',#17168);
#4994=VERTEX_POINT('',#17170);
#4995=VERTEX_POINT('',#17172);
#4996=VERTEX_POINT('',#17185);
#4997=VERTEX_POINT('',#17187);
#4998=VERTEX_POINT('',#17191);
#4999=VERTEX_POINT('',#17195);
#5000=VERTEX_POINT('',#17200);
#5001=VERTEX_POINT('',#17202);
#5002=VERTEX_POINT('',#17208);
#5003=VERTEX_POINT('',#17210);
#5004=VERTEX_POINT('',#17216);
#5005=VERTEX_POINT('',#17218);
#5006=VERTEX_POINT('',#17224);
#5007=VERTEX_POINT('',#17226);
#5008=VERTEX_POINT('',#17232);
#5009=VERTEX_POINT('',#17234);
#5010=VERTEX_POINT('',#17240);
#5011=VERTEX_POINT('',#17242);
#5012=VERTEX_POINT('',#17248);
#5013=VERTEX_POINT('',#17250);
#5014=VERTEX_POINT('',#17256);
#5015=VERTEX_POINT('',#17258);
#5016=VERTEX_POINT('',#17264);
#5017=VERTEX_POINT('',#17266);
#5018=VERTEX_POINT('',#17273);
#5019=VERTEX_POINT('',#17274);
#5020=VERTEX_POINT('',#17276);
#5021=VERTEX_POINT('',#17278);
#5022=VERTEX_POINT('',#17282);
#5023=VERTEX_POINT('',#17283);
#5024=VERTEX_POINT('',#17285);
#5025=VERTEX_POINT('',#17287);
#5026=VERTEX_POINT('',#17300);
#5027=VERTEX_POINT('',#17301);
#5028=VERTEX_POINT('',#17303);
#5029=VERTEX_POINT('',#17305);
#5030=VERTEX_POINT('',#17309);
#5031=VERTEX_POINT('',#17310);
#5032=VERTEX_POINT('',#17312);
#5033=VERTEX_POINT('',#17314);
#5034=VERTEX_POINT('',#17327);
#5035=VERTEX_POINT('',#17328);
#5036=VERTEX_POINT('',#17330);
#5037=VERTEX_POINT('',#17332);
#5038=VERTEX_POINT('',#17336);
#5039=VERTEX_POINT('',#17337);
#5040=VERTEX_POINT('',#17339);
#5041=VERTEX_POINT('',#17341);
#5042=VERTEX_POINT('',#17354);
#5043=VERTEX_POINT('',#17355);
#5044=VERTEX_POINT('',#17357);
#5045=VERTEX_POINT('',#17359);
#5046=VERTEX_POINT('',#17363);
#5047=VERTEX_POINT('',#17364);
#5048=VERTEX_POINT('',#17366);
#5049=VERTEX_POINT('',#17368);
#5050=VERTEX_POINT('',#17381);
#5051=VERTEX_POINT('',#17383);
#5052=VERTEX_POINT('',#17387);
#5053=VERTEX_POINT('',#17391);
#5054=VERTEX_POINT('',#17396);
#5055=VERTEX_POINT('',#17398);
#5056=VERTEX_POINT('',#17404);
#5057=VERTEX_POINT('',#17406);
#5058=VERTEX_POINT('',#17412);
#5059=VERTEX_POINT('',#17414);
#5060=VERTEX_POINT('',#17420);
#5061=VERTEX_POINT('',#17422);
#5062=VERTEX_POINT('',#17428);
#5063=VERTEX_POINT('',#17430);
#5064=VERTEX_POINT('',#17436);
#5065=VERTEX_POINT('',#17438);
#5066=VERTEX_POINT('',#17444);
#5067=VERTEX_POINT('',#17446);
#5068=VERTEX_POINT('',#17452);
#5069=VERTEX_POINT('',#17454);
#5070=VERTEX_POINT('',#17460);
#5071=VERTEX_POINT('',#17462);
#5072=VERTEX_POINT('',#17469);
#5073=VERTEX_POINT('',#17471);
#5074=VERTEX_POINT('',#17475);
#5075=VERTEX_POINT('',#17479);
#5076=VERTEX_POINT('',#17484);
#5077=VERTEX_POINT('',#17486);
#5078=VERTEX_POINT('',#17492);
#5079=VERTEX_POINT('',#17494);
#5080=VERTEX_POINT('',#17500);
#5081=VERTEX_POINT('',#17502);
#5082=VERTEX_POINT('',#17508);
#5083=VERTEX_POINT('',#17510);
#5084=VERTEX_POINT('',#17516);
#5085=VERTEX_POINT('',#17518);
#5086=VERTEX_POINT('',#17524);
#5087=VERTEX_POINT('',#17526);
#5088=VERTEX_POINT('',#17532);
#5089=VERTEX_POINT('',#17534);
#5090=VERTEX_POINT('',#17540);
#5091=VERTEX_POINT('',#17542);
#5092=VERTEX_POINT('',#17548);
#5093=VERTEX_POINT('',#17550);
#5094=VERTEX_POINT('',#17557);
#5095=VERTEX_POINT('',#17559);
#5096=VERTEX_POINT('',#17563);
#5097=VERTEX_POINT('',#17567);
#5098=VERTEX_POINT('',#17572);
#5099=VERTEX_POINT('',#17574);
#5100=VERTEX_POINT('',#17580);
#5101=VERTEX_POINT('',#17582);
#5102=VERTEX_POINT('',#17588);
#5103=VERTEX_POINT('',#17590);
#5104=VERTEX_POINT('',#17596);
#5105=VERTEX_POINT('',#17598);
#5106=VERTEX_POINT('',#17604);
#5107=VERTEX_POINT('',#17606);
#5108=VERTEX_POINT('',#17612);
#5109=VERTEX_POINT('',#17614);
#5110=VERTEX_POINT('',#17620);
#5111=VERTEX_POINT('',#17622);
#5112=VERTEX_POINT('',#17628);
#5113=VERTEX_POINT('',#17630);
#5114=VERTEX_POINT('',#17636);
#5115=VERTEX_POINT('',#17638);
#5116=VERTEX_POINT('',#17645);
#5117=VERTEX_POINT('',#17647);
#5118=VERTEX_POINT('',#17651);
#5119=VERTEX_POINT('',#17655);
#5120=VERTEX_POINT('',#17660);
#5121=VERTEX_POINT('',#17662);
#5122=VERTEX_POINT('',#17668);
#5123=VERTEX_POINT('',#17670);
#5124=VERTEX_POINT('',#17676);
#5125=VERTEX_POINT('',#17678);
#5126=VERTEX_POINT('',#17684);
#5127=VERTEX_POINT('',#17686);
#5128=VERTEX_POINT('',#17692);
#5129=VERTEX_POINT('',#17694);
#5130=VERTEX_POINT('',#17700);
#5131=VERTEX_POINT('',#17702);
#5132=VERTEX_POINT('',#17708);
#5133=VERTEX_POINT('',#17710);
#5134=VERTEX_POINT('',#17716);
#5135=VERTEX_POINT('',#17718);
#5136=VERTEX_POINT('',#17724);
#5137=VERTEX_POINT('',#17726);
#5138=VERTEX_POINT('',#17733);
#5139=VERTEX_POINT('',#17735);
#5140=VERTEX_POINT('',#17739);
#5141=VERTEX_POINT('',#17743);
#5142=VERTEX_POINT('',#17748);
#5143=VERTEX_POINT('',#17750);
#5144=VERTEX_POINT('',#17756);
#5145=VERTEX_POINT('',#17758);
#5146=VERTEX_POINT('',#17764);
#5147=VERTEX_POINT('',#17766);
#5148=VERTEX_POINT('',#17772);
#5149=VERTEX_POINT('',#17774);
#5150=VERTEX_POINT('',#17780);
#5151=VERTEX_POINT('',#17782);
#5152=VERTEX_POINT('',#17788);
#5153=VERTEX_POINT('',#17790);
#5154=VERTEX_POINT('',#17796);
#5155=VERTEX_POINT('',#17798);
#5156=VERTEX_POINT('',#17804);
#5157=VERTEX_POINT('',#17806);
#5158=VERTEX_POINT('',#17812);
#5159=VERTEX_POINT('',#17814);
#5160=VERTEX_POINT('',#17821);
#5161=VERTEX_POINT('',#17823);
#5162=VERTEX_POINT('',#17827);
#5163=VERTEX_POINT('',#17831);
#5164=VERTEX_POINT('',#17836);
#5165=VERTEX_POINT('',#17838);
#5166=VERTEX_POINT('',#17844);
#5167=VERTEX_POINT('',#17846);
#5168=VERTEX_POINT('',#17852);
#5169=VERTEX_POINT('',#17854);
#5170=VERTEX_POINT('',#17860);
#5171=VERTEX_POINT('',#17862);
#5172=VERTEX_POINT('',#17868);
#5173=VERTEX_POINT('',#17870);
#5174=VERTEX_POINT('',#17876);
#5175=VERTEX_POINT('',#17878);
#5176=VERTEX_POINT('',#17884);
#5177=VERTEX_POINT('',#17886);
#5178=VERTEX_POINT('',#17892);
#5179=VERTEX_POINT('',#17894);
#5180=VERTEX_POINT('',#17900);
#5181=VERTEX_POINT('',#17902);
#5182=VERTEX_POINT('',#17909);
#5183=VERTEX_POINT('',#17910);
#5184=VERTEX_POINT('',#17912);
#5185=VERTEX_POINT('',#17914);
#5186=VERTEX_POINT('',#17918);
#5187=VERTEX_POINT('',#17919);
#5188=VERTEX_POINT('',#17921);
#5189=VERTEX_POINT('',#17923);
#5190=VERTEX_POINT('',#17936);
#5191=VERTEX_POINT('',#17937);
#5192=VERTEX_POINT('',#17939);
#5193=VERTEX_POINT('',#17941);
#5194=VERTEX_POINT('',#17945);
#5195=VERTEX_POINT('',#17946);
#5196=VERTEX_POINT('',#17948);
#5197=VERTEX_POINT('',#17950);
#5198=VERTEX_POINT('',#17962);
#5199=VERTEX_POINT('',#17963);
#5200=VERTEX_POINT('',#17965);
#5201=VERTEX_POINT('',#17967);
#5202=VERTEX_POINT('',#17971);
#5203=VERTEX_POINT('',#17972);
#5204=VERTEX_POINT('',#17974);
#5205=VERTEX_POINT('',#17976);
#5206=VERTEX_POINT('',#17988);
#5207=VERTEX_POINT('',#17989);
#5208=VERTEX_POINT('',#17991);
#5209=VERTEX_POINT('',#17993);
#5210=VERTEX_POINT('',#17997);
#5211=VERTEX_POINT('',#17998);
#5212=VERTEX_POINT('',#18000);
#5213=VERTEX_POINT('',#18002);
#5214=VERTEX_POINT('',#18014);
#5215=VERTEX_POINT('',#18015);
#5216=VERTEX_POINT('',#18017);
#5217=VERTEX_POINT('',#18019);
#5218=VERTEX_POINT('',#18023);
#5219=VERTEX_POINT('',#18024);
#5220=VERTEX_POINT('',#18026);
#5221=VERTEX_POINT('',#18028);
#5222=VERTEX_POINT('',#18040);
#5223=VERTEX_POINT('',#18041);
#5224=VERTEX_POINT('',#18043);
#5225=VERTEX_POINT('',#18045);
#5226=VERTEX_POINT('',#18049);
#5227=VERTEX_POINT('',#18050);
#5228=VERTEX_POINT('',#18052);
#5229=VERTEX_POINT('',#18054);
#5230=VERTEX_POINT('',#18066);
#5231=VERTEX_POINT('',#18067);
#5232=VERTEX_POINT('',#18069);
#5233=VERTEX_POINT('',#18071);
#5234=VERTEX_POINT('',#18075);
#5235=VERTEX_POINT('',#18076);
#5236=VERTEX_POINT('',#18078);
#5237=VERTEX_POINT('',#18080);
#5238=VERTEX_POINT('',#18092);
#5239=VERTEX_POINT('',#18093);
#5240=VERTEX_POINT('',#18095);
#5241=VERTEX_POINT('',#18097);
#5242=VERTEX_POINT('',#18101);
#5243=VERTEX_POINT('',#18102);
#5244=VERTEX_POINT('',#18104);
#5245=VERTEX_POINT('',#18106);
#5246=VERTEX_POINT('',#18118);
#5247=VERTEX_POINT('',#18119);
#5248=VERTEX_POINT('',#18121);
#5249=VERTEX_POINT('',#18123);
#5250=VERTEX_POINT('',#18127);
#5251=VERTEX_POINT('',#18128);
#5252=VERTEX_POINT('',#18130);
#5253=VERTEX_POINT('',#18132);
#5254=VERTEX_POINT('',#18144);
#5255=VERTEX_POINT('',#18145);
#5256=VERTEX_POINT('',#18147);
#5257=VERTEX_POINT('',#18149);
#5258=VERTEX_POINT('',#18153);
#5259=VERTEX_POINT('',#18154);
#5260=VERTEX_POINT('',#18156);
#5261=VERTEX_POINT('',#18158);
#5262=VERTEX_POINT('',#18170);
#5263=VERTEX_POINT('',#18171);
#5264=VERTEX_POINT('',#18173);
#5265=VERTEX_POINT('',#18175);
#5266=VERTEX_POINT('',#18179);
#5267=VERTEX_POINT('',#18180);
#5268=VERTEX_POINT('',#18182);
#5269=VERTEX_POINT('',#18184);
#5270=VERTEX_POINT('',#18196);
#5271=VERTEX_POINT('',#18197);
#5272=VERTEX_POINT('',#18199);
#5273=VERTEX_POINT('',#18201);
#5274=VERTEX_POINT('',#18205);
#5275=VERTEX_POINT('',#18206);
#5276=VERTEX_POINT('',#18208);
#5277=VERTEX_POINT('',#18210);
#5278=VERTEX_POINT('',#18222);
#5279=VERTEX_POINT('',#18223);
#5280=VERTEX_POINT('',#18225);
#5281=VERTEX_POINT('',#18227);
#5282=VERTEX_POINT('',#18231);
#5283=VERTEX_POINT('',#18232);
#5284=VERTEX_POINT('',#18234);
#5285=VERTEX_POINT('',#18236);
#5286=VERTEX_POINT('',#18248);
#5287=VERTEX_POINT('',#18249);
#5288=VERTEX_POINT('',#18251);
#5289=VERTEX_POINT('',#18253);
#5290=VERTEX_POINT('',#18257);
#5291=VERTEX_POINT('',#18258);
#5292=VERTEX_POINT('',#18260);
#5293=VERTEX_POINT('',#18262);
#5294=VERTEX_POINT('',#18274);
#5295=VERTEX_POINT('',#18275);
#5296=VERTEX_POINT('',#18277);
#5297=VERTEX_POINT('',#18279);
#5298=VERTEX_POINT('',#18283);
#5299=VERTEX_POINT('',#18284);
#5300=VERTEX_POINT('',#18286);
#5301=VERTEX_POINT('',#18288);
#5302=VERTEX_POINT('',#18300);
#5303=VERTEX_POINT('',#18301);
#5304=VERTEX_POINT('',#18303);
#5305=VERTEX_POINT('',#18305);
#5306=VERTEX_POINT('',#18309);
#5307=VERTEX_POINT('',#18310);
#5308=VERTEX_POINT('',#18312);
#5309=VERTEX_POINT('',#18314);
#5310=VERTEX_POINT('',#18326);
#5311=VERTEX_POINT('',#18327);
#5312=VERTEX_POINT('',#18329);
#5313=VERTEX_POINT('',#18331);
#5314=VERTEX_POINT('',#18335);
#5315=VERTEX_POINT('',#18336);
#5316=VERTEX_POINT('',#18338);
#5317=VERTEX_POINT('',#18340);
#5318=VERTEX_POINT('',#18352);
#5319=VERTEX_POINT('',#18353);
#5320=VERTEX_POINT('',#18355);
#5321=VERTEX_POINT('',#18357);
#5322=VERTEX_POINT('',#18361);
#5323=VERTEX_POINT('',#18362);
#5324=VERTEX_POINT('',#18364);
#5325=VERTEX_POINT('',#18366);
#5326=VERTEX_POINT('',#18378);
#5327=VERTEX_POINT('',#18379);
#5328=VERTEX_POINT('',#18381);
#5329=VERTEX_POINT('',#18383);
#5330=VERTEX_POINT('',#18387);
#5331=VERTEX_POINT('',#18388);
#5332=VERTEX_POINT('',#18390);
#5333=VERTEX_POINT('',#18392);
#5334=VERTEX_POINT('',#18404);
#5335=VERTEX_POINT('',#18405);
#5336=VERTEX_POINT('',#18407);
#5337=VERTEX_POINT('',#18409);
#5338=VERTEX_POINT('',#18413);
#5339=VERTEX_POINT('',#18414);
#5340=VERTEX_POINT('',#18416);
#5341=VERTEX_POINT('',#18418);
#5342=VERTEX_POINT('',#18430);
#5343=VERTEX_POINT('',#18431);
#5344=VERTEX_POINT('',#18433);
#5345=VERTEX_POINT('',#18435);
#5346=VERTEX_POINT('',#18439);
#5347=VERTEX_POINT('',#18440);
#5348=VERTEX_POINT('',#18442);
#5349=VERTEX_POINT('',#18444);
#5350=VERTEX_POINT('',#18456);
#5351=VERTEX_POINT('',#18457);
#5352=VERTEX_POINT('',#18459);
#5353=VERTEX_POINT('',#18461);
#5354=VERTEX_POINT('',#18465);
#5355=VERTEX_POINT('',#18466);
#5356=VERTEX_POINT('',#18468);
#5357=VERTEX_POINT('',#18470);
#5358=VERTEX_POINT('',#18482);
#5359=VERTEX_POINT('',#18483);
#5360=VERTEX_POINT('',#18485);
#5361=VERTEX_POINT('',#18487);
#5362=VERTEX_POINT('',#18491);
#5363=VERTEX_POINT('',#18492);
#5364=VERTEX_POINT('',#18494);
#5365=VERTEX_POINT('',#18496);
#5366=VERTEX_POINT('',#18508);
#5367=VERTEX_POINT('',#18509);
#5368=VERTEX_POINT('',#18511);
#5369=VERTEX_POINT('',#18513);
#5370=VERTEX_POINT('',#18517);
#5371=VERTEX_POINT('',#18518);
#5372=VERTEX_POINT('',#18520);
#5373=VERTEX_POINT('',#18522);
#5374=VERTEX_POINT('',#18534);
#5375=VERTEX_POINT('',#18535);
#5376=VERTEX_POINT('',#18537);
#5377=VERTEX_POINT('',#18539);
#5378=VERTEX_POINT('',#18543);
#5379=VERTEX_POINT('',#18544);
#5380=VERTEX_POINT('',#18546);
#5381=VERTEX_POINT('',#18548);
#5382=VERTEX_POINT('',#18584);
#5383=VERTEX_POINT('',#18585);
#5384=VERTEX_POINT('',#18587);
#5385=VERTEX_POINT('',#18589);
#5386=VERTEX_POINT('',#18591);
#5387=VERTEX_POINT('',#18593);
#5388=VERTEX_POINT('',#18595);
#5389=VERTEX_POINT('',#18597);
#5390=VERTEX_POINT('',#18601);
#5391=VERTEX_POINT('',#18602);
#5392=VERTEX_POINT('',#18605);
#5393=VERTEX_POINT('',#18607);
#5394=VERTEX_POINT('',#18609);
#5395=VERTEX_POINT('',#18611);
#5396=VERTEX_POINT('',#18614);
#5397=VERTEX_POINT('',#18616);
#5398=VERTEX_POINT('',#18618);
#5399=VERTEX_POINT('',#18620);
#5400=VERTEX_POINT('',#18623);
#5401=VERTEX_POINT('',#18624);
#5402=VERTEX_POINT('',#18626);
#5403=VERTEX_POINT('',#18628);
#5404=VERTEX_POINT('',#18631);
#5405=VERTEX_POINT('',#18633);
#5406=VERTEX_POINT('',#18635);
#5407=VERTEX_POINT('',#18637);
#5408=VERTEX_POINT('',#18639);
#5409=VERTEX_POINT('',#18640);
#5410=VERTEX_POINT('',#18642);
#5411=VERTEX_POINT('',#18644);
#5412=VERTEX_POINT('',#18648);
#5413=VERTEX_POINT('',#18649);
#5414=VERTEX_POINT('',#18651);
#5415=VERTEX_POINT('',#18653);
#5416=VERTEX_POINT('',#18657);
#5417=VERTEX_POINT('',#18658);
#5418=VERTEX_POINT('',#18663);
#5419=VERTEX_POINT('',#18664);
#5420=VERTEX_POINT('',#18666);
#5421=VERTEX_POINT('',#18668);
#5422=VERTEX_POINT('',#18674);
#5423=VERTEX_POINT('',#18676);
#5424=VERTEX_POINT('',#18678);
#5425=VERTEX_POINT('',#18681);
#5426=VERTEX_POINT('',#18683);
#5427=VERTEX_POINT('',#18685);
#5428=VERTEX_POINT('',#18687);
#5429=VERTEX_POINT('',#18690);
#5430=VERTEX_POINT('',#18692);
#5431=VERTEX_POINT('',#18696);
#5432=VERTEX_POINT('',#18697);
#5433=VERTEX_POINT('',#18700);
#5434=VERTEX_POINT('',#18702);
#5435=VERTEX_POINT('',#18706);
#5436=VERTEX_POINT('',#18709);
#5437=VERTEX_POINT('',#18712);
#5438=VERTEX_POINT('',#18713);
#5439=VERTEX_POINT('',#18715);
#5440=VERTEX_POINT('',#18717);
#5441=VERTEX_POINT('',#18719);
#5442=VERTEX_POINT('',#18732);
#5443=VERTEX_POINT('',#18734);
#5444=VERTEX_POINT('',#18736);
#5445=VERTEX_POINT('',#18738);
#5446=VERTEX_POINT('',#18742);
#5447=VERTEX_POINT('',#18747);
#5448=VERTEX_POINT('',#18752);
#5449=VERTEX_POINT('',#18757);
#5450=VERTEX_POINT('',#18762);
#5451=VERTEX_POINT('',#18764);
#5452=VERTEX_POINT('',#18786);
#5453=VERTEX_POINT('',#18788);
#5454=VERTEX_POINT('',#18791);
#5455=VERTEX_POINT('',#18792);
#5456=VERTEX_POINT('',#18794);
#5457=VERTEX_POINT('',#18796);
#5458=VERTEX_POINT('',#18799);
#5459=VERTEX_POINT('',#18800);
#5460=VERTEX_POINT('',#18802);
#5461=VERTEX_POINT('',#18804);
#5462=VERTEX_POINT('',#18808);
#5463=VERTEX_POINT('',#18812);
#5464=VERTEX_POINT('',#18815);
#5465=VERTEX_POINT('',#18816);
#5466=VERTEX_POINT('',#18818);
#5467=VERTEX_POINT('',#18820);
#5468=VERTEX_POINT('',#18823);
#5469=VERTEX_POINT('',#18824);
#5470=VERTEX_POINT('',#18826);
#5471=VERTEX_POINT('',#18828);
#5472=VERTEX_POINT('',#18851);
#5473=VERTEX_POINT('',#18855);
#5474=VERTEX_POINT('',#18858);
#5475=VERTEX_POINT('',#18862);
#5476=VERTEX_POINT('',#18863);
#5477=VERTEX_POINT('',#18865);
#5478=VERTEX_POINT('',#18867);
#5479=VERTEX_POINT('',#18879);
#5480=VERTEX_POINT('',#18880);
#5481=VERTEX_POINT('',#18886);
#5482=VERTEX_POINT('',#18887);
#5483=VERTEX_POINT('',#18893);
#5484=EDGE_CURVE('',#4598,#4599,#2656,.T.);
#5485=EDGE_CURVE('',#4598,#4600,#2657,.T.);
#5486=EDGE_CURVE('',#4600,#4601,#2658,.T.);
#5487=EDGE_CURVE('',#4601,#4602,#2659,.T.);
#5488=EDGE_CURVE('',#4602,#4603,#2660,.T.);
#5489=EDGE_CURVE('',#4603,#4604,#2661,.T.);
#5490=EDGE_CURVE('',#4605,#4604,#2284,.T.);
#5491=EDGE_CURVE('',#4605,#4606,#2662,.T.);
#5492=EDGE_CURVE('',#4607,#4606,#2285,.T.);
#5493=EDGE_CURVE('',#4607,#4608,#2663,.T.);
#5494=EDGE_CURVE('',#4609,#4608,#2664,.T.);
#5495=EDGE_CURVE('',#4610,#4609,#2665,.T.);
#5496=EDGE_CURVE('',#4611,#4610,#2666,.T.);
#5497=EDGE_CURVE('',#4611,#4612,#2667,.T.);
#5498=EDGE_CURVE('',#4613,#4612,#2286,.T.);
#5499=EDGE_CURVE('',#4613,#4614,#2668,.T.);
#5500=EDGE_CURVE('',#4615,#4614,#2287,.T.);
#5501=EDGE_CURVE('',#4615,#4616,#2669,.T.);
#5502=EDGE_CURVE('',#4617,#4616,#2670,.T.);
#5503=EDGE_CURVE('',#4617,#4618,#2671,.T.);
#5504=EDGE_CURVE('',#4619,#4618,#2288,.T.);
#5505=EDGE_CURVE('',#4620,#4619,#2289,.T.);
#5506=EDGE_CURVE('',#4620,#4621,#2672,.T.);
#5507=EDGE_CURVE('',#4622,#4621,#2290,.T.);
#5508=EDGE_CURVE('',#4623,#4622,#2291,.T.);
#5509=EDGE_CURVE('',#4623,#4624,#2673,.T.);
#5510=EDGE_CURVE('',#4625,#4624,#2674,.T.);
#5511=EDGE_CURVE('',#4626,#4625,#2675,.T.);
#5512=EDGE_CURVE('',#4627,#4626,#2676,.T.);
#5513=EDGE_CURVE('',#4627,#4628,#2677,.T.);
#5514=EDGE_CURVE('',#4629,#4628,#2292,.T.);
#5515=EDGE_CURVE('',#4630,#4629,#2293,.T.);
#5516=EDGE_CURVE('',#4630,#4631,#2678,.T.);
#5517=EDGE_CURVE('',#4632,#4631,#2294,.T.);
#5518=EDGE_CURVE('',#4633,#4632,#2295,.T.);
#5519=EDGE_CURVE('',#4633,#4634,#2679,.T.);
#5520=EDGE_CURVE('',#4634,#4635,#2680,.T.);
#5521=EDGE_CURVE('',#4635,#4636,#2681,.T.);
#5522=EDGE_CURVE('',#4637,#4636,#2682,.T.);
#5523=EDGE_CURVE('',#4637,#4599,#2683,.T.);
#5524=EDGE_CURVE('',#4638,#4639,#2684,.T.);
#5525=EDGE_CURVE('',#4638,#4599,#2685,.T.);
#5526=EDGE_CURVE('',#4640,#4637,#2686,.T.);
#5527=EDGE_CURVE('',#4640,#4641,#2687,.T.);
#5528=EDGE_CURVE('',#4641,#4634,#2688,.T.);
#5529=EDGE_CURVE('',#4633,#4642,#2689,.T.);
#5530=EDGE_CURVE('',#4642,#4643,#2690,.T.);
#5531=EDGE_CURVE('',#4643,#4631,#2691,.F.);
#5532=EDGE_CURVE('',#4630,#4644,#2692,.T.);
#5533=EDGE_CURVE('',#4644,#4645,#2693,.T.);
#5534=EDGE_CURVE('',#4645,#4628,#2694,.F.);
#5535=EDGE_CURVE('',#4627,#4639,#2695,.T.);
#5536=EDGE_CURVE('',#4598,#4646,#2696,.T.);
#5537=EDGE_CURVE('',#4646,#4647,#2697,.T.);
#5538=EDGE_CURVE('',#4648,#4647,#2698,.T.);
#5539=EDGE_CURVE('',#4648,#4649,#2699,.T.);
#5540=EDGE_CURVE('',#4616,#4649,#2700,.T.);
#5541=EDGE_CURVE('',#4615,#4650,#2701,.T.);
#5542=EDGE_CURVE('',#4651,#4650,#2702,.T.);
#5543=EDGE_CURVE('',#4651,#4614,#2703,.F.);
#5544=EDGE_CURVE('',#4613,#4652,#2704,.T.);
#5545=EDGE_CURVE('',#4653,#4652,#2705,.T.);
#5546=EDGE_CURVE('',#4653,#4612,#2706,.F.);
#5547=EDGE_CURVE('',#4611,#4654,#2707,.T.);
#5548=EDGE_CURVE('',#4655,#4654,#2708,.T.);
#5549=EDGE_CURVE('',#4655,#4608,#2709,.T.);
#5550=EDGE_CURVE('',#4607,#4656,#2710,.T.);
#5551=EDGE_CURVE('',#4657,#4656,#2711,.T.);
#5552=EDGE_CURVE('',#4657,#4606,#2712,.F.);
#5553=EDGE_CURVE('',#4605,#4658,#2713,.T.);
#5554=EDGE_CURVE('',#4659,#4658,#2714,.T.);
#5555=EDGE_CURVE('',#4659,#4604,#2715,.F.);
#5556=EDGE_CURVE('',#4603,#4660,#2716,.T.);
#5557=EDGE_CURVE('',#4660,#4661,#2717,.T.);
#5558=EDGE_CURVE('',#4661,#4600,#2718,.T.);
#5559=EDGE_CURVE('',#4662,#4663,#2719,.T.);
#5560=EDGE_CURVE('',#4664,#4662,#2720,.T.);
#5561=EDGE_CURVE('',#4664,#4665,#2721,.T.);
#5562=EDGE_CURVE('',#4665,#4663,#2722,.T.);
#5563=EDGE_CURVE('',#4666,#4667,#2723,.T.);
#5564=EDGE_CURVE('',#4666,#4668,#2724,.T.);
#5565=EDGE_CURVE('',#4669,#4668,#2725,.T.);
#5566=EDGE_CURVE('',#4669,#4667,#2726,.T.);
#5567=EDGE_CURVE('',#4670,#4671,#2727,.T.);
#5568=EDGE_CURVE('',#4671,#4672,#2728,.T.);
#5569=EDGE_CURVE('',#4673,#4672,#2729,.T.);
#5570=EDGE_CURVE('',#4673,#4674,#2730,.T.);
#5571=EDGE_CURVE('',#4674,#4675,#2731,.T.);
#5572=EDGE_CURVE('',#4675,#4676,#2732,.T.);
#5573=EDGE_CURVE('',#4677,#4676,#2733,.T.);
#5574=EDGE_CURVE('',#4678,#4677,#2734,.T.);
#5575=EDGE_CURVE('',#4679,#4678,#2735,.T.);
#5576=EDGE_CURVE('',#4679,#4680,#2736,.T.);
#5577=EDGE_CURVE('',#4681,#4680,#2737,.T.);
#5578=EDGE_CURVE('',#4681,#4682,#2738,.T.);
#5579=EDGE_CURVE('',#4682,#4683,#2739,.T.);
#5580=EDGE_CURVE('',#4683,#4684,#2740,.T.);
#5581=EDGE_CURVE('',#4685,#4684,#2741,.T.);
#5582=EDGE_CURVE('',#4686,#4685,#2742,.T.);
#5583=EDGE_CURVE('',#4686,#4687,#2743,.T.);
#5584=EDGE_CURVE('',#4687,#4688,#2744,.T.);
#5585=EDGE_CURVE('',#4688,#4689,#2745,.T.);
#5586=EDGE_CURVE('',#4689,#4670,#2746,.T.);
#5587=EDGE_CURVE('',#4690,#4690,#2296,.T.);
#5588=EDGE_CURVE('',#4691,#4691,#2297,.T.);
#5589=EDGE_CURVE('',#4692,#4692,#2298,.T.);
#5590=EDGE_CURVE('',#4693,#4693,#2299,.T.);
#5591=EDGE_CURVE('',#4694,#4694,#2300,.F.);
#5592=EDGE_CURVE('',#4695,#4695,#2301,.F.);
#5593=EDGE_CURVE('',#4696,#4696,#2302,.F.);
#5594=EDGE_CURVE('',#4697,#4697,#2303,.F.);
#5595=EDGE_CURVE('',#4698,#4698,#2304,.F.);
#5596=EDGE_CURVE('',#4699,#4699,#2305,.F.);
#5597=EDGE_CURVE('',#4700,#4700,#2306,.F.);
#5598=EDGE_CURVE('',#4701,#4701,#2307,.F.);
#5599=EDGE_CURVE('',#4662,#4671,#2747,.T.);
#5600=EDGE_CURVE('',#4702,#4670,#2748,.T.);
#5601=EDGE_CURVE('',#4703,#4702,#2749,.T.);
#5602=EDGE_CURVE('',#4687,#4703,#2750,.T.);
#5603=EDGE_CURVE('',#4686,#4704,#2751,.T.);
#5604=EDGE_CURVE('',#4705,#4704,#2752,.T.);
#5605=EDGE_CURVE('',#4683,#4705,#2753,.T.);
#5606=EDGE_CURVE('',#4706,#4682,#2754,.T.);
#5607=EDGE_CURVE('',#4707,#4706,#2755,.T.);
#5608=EDGE_CURVE('',#4707,#4708,#2756,.T.);
#5609=EDGE_CURVE('',#4709,#4708,#2757,.T.);
#5610=EDGE_CURVE('',#4709,#4710,#2758,.T.);
#5611=EDGE_CURVE('',#4710,#4711,#2759,.T.);
#5612=EDGE_CURVE('',#4712,#4711,#2760,.T.);
#5613=EDGE_CURVE('',#4713,#4712,#2761,.T.);
#5614=EDGE_CURVE('',#4664,#4713,#2762,.T.);
#5615=EDGE_CURVE('',#4667,#4672,#2763,.T.);
#5616=EDGE_CURVE('',#4714,#4669,#2764,.T.);
#5617=EDGE_CURVE('',#4714,#4715,#2765,.T.);
#5618=EDGE_CURVE('',#4715,#4716,#2766,.T.);
#5619=EDGE_CURVE('',#4717,#4716,#2767,.T.);
#5620=EDGE_CURVE('',#4718,#4717,#2768,.T.);
#5621=EDGE_CURVE('',#4718,#4719,#2769,.T.);
#5622=EDGE_CURVE('',#4720,#4719,#2770,.T.);
#5623=EDGE_CURVE('',#4720,#4721,#2771,.T.);
#5624=EDGE_CURVE('',#4721,#4681,#2772,.T.);
#5625=EDGE_CURVE('',#4680,#4722,#2773,.T.);
#5626=EDGE_CURVE('',#4722,#4723,#2774,.T.);
#5627=EDGE_CURVE('',#4677,#4723,#2775,.T.);
#5628=EDGE_CURVE('',#4676,#4724,#2776,.T.);
#5629=EDGE_CURVE('',#4725,#4724,#2777,.T.);
#5630=EDGE_CURVE('',#4725,#4673,#2778,.T.);
#5631=EDGE_CURVE('',#4726,#4727,#2779,.T.);
#5632=EDGE_CURVE('',#4726,#4638,#2780,.T.);
#5633=EDGE_CURVE('',#4639,#4728,#2781,.T.);
#5634=EDGE_CURVE('',#4728,#4729,#2782,.T.);
#5635=EDGE_CURVE('',#4729,#4730,#2783,.T.);
#5636=EDGE_CURVE('',#4730,#4731,#2784,.T.);
#5637=EDGE_CURVE('',#4727,#4731,#2785,.T.);
#5638=EDGE_CURVE('',#4666,#4726,#2786,.T.);
#5639=EDGE_CURVE('',#4732,#4727,#2787,.T.);
#5640=EDGE_CURVE('',#4732,#4733,#2788,.T.);
#5641=EDGE_CURVE('',#4734,#4733,#2789,.T.);
#5642=EDGE_CURVE('',#4735,#4734,#2790,.T.);
#5643=EDGE_CURVE('',#4735,#4736,#2791,.T.);
#5644=EDGE_CURVE('',#4736,#4737,#2792,.T.);
#5645=EDGE_CURVE('',#4668,#4737,#2793,.T.);
#5646=EDGE_CURVE('',#4738,#4739,#2794,.T.);
#5647=EDGE_CURVE('',#4738,#4663,#2795,.T.);
#5648=EDGE_CURVE('',#4665,#4740,#2796,.T.);
#5649=EDGE_CURVE('',#4740,#4741,#2797,.T.);
#5650=EDGE_CURVE('',#4741,#4742,#2798,.T.);
#5651=EDGE_CURVE('',#4743,#4742,#2799,.T.);
#5652=EDGE_CURVE('',#4744,#4743,#2800,.T.);
#5653=EDGE_CURVE('',#4744,#4745,#2801,.T.);
#5654=EDGE_CURVE('',#4739,#4745,#2802,.T.);
#5655=EDGE_CURVE('',#4646,#4738,#2803,.T.);
#5656=EDGE_CURVE('',#4647,#4739,#2804,.T.);
#5657=EDGE_CURVE('',#4730,#4624,#2805,.T.);
#5658=EDGE_CURVE('',#4623,#4746,#2806,.T.);
#5659=EDGE_CURVE('',#4746,#4747,#2807,.T.);
#5660=EDGE_CURVE('',#4747,#4621,#2808,.F.);
#5661=EDGE_CURVE('',#4620,#4748,#2809,.T.);
#5662=EDGE_CURVE('',#4748,#4749,#2810,.T.);
#5663=EDGE_CURVE('',#4749,#4618,#2811,.F.);
#5664=EDGE_CURVE('',#4750,#4617,#2812,.T.);
#5665=EDGE_CURVE('',#4750,#4751,#2813,.T.);
#5666=EDGE_CURVE('',#4731,#4751,#2814,.T.);
#5667=EDGE_CURVE('',#4713,#4740,#2815,.T.);
#5668=EDGE_CURVE('',#4741,#4712,#2816,.T.);
#5669=EDGE_CURVE('',#4744,#4709,#2817,.T.);
#5670=EDGE_CURVE('',#4745,#4708,#2818,.T.);
#5671=EDGE_CURVE('',#4743,#4710,#2819,.T.);
#5672=EDGE_CURVE('',#4742,#4711,#2820,.T.);
#5673=EDGE_CURVE('',#4715,#4736,#2821,.T.);
#5674=EDGE_CURVE('',#4714,#4737,#2822,.T.);
#5675=EDGE_CURVE('',#4719,#4732,#2823,.T.);
#5676=EDGE_CURVE('',#4718,#4733,#2824,.T.);
#5677=EDGE_CURVE('',#4716,#4735,#2825,.T.);
#5678=EDGE_CURVE('',#4717,#4734,#2826,.T.);
#5679=EDGE_CURVE('',#4640,#4752,#2827,.T.);
#5680=EDGE_CURVE('',#4753,#4752,#2828,.T.);
#5681=EDGE_CURVE('',#4641,#4753,#2829,.T.);
#5682=EDGE_CURVE('',#4754,#4754,#2308,.T.);
#5683=EDGE_CURVE('',#4755,#4755,#2309,.T.);
#5684=EDGE_CURVE('',#4756,#4660,#2830,.T.);
#5685=EDGE_CURVE('',#4757,#4756,#2831,.T.);
#5686=EDGE_CURVE('',#4661,#4757,#2832,.T.);
#5687=EDGE_CURVE('',#4758,#4758,#2310,.T.);
#5688=EDGE_CURVE('',#4759,#4759,#2311,.T.);
#5689=EDGE_CURVE('',#4751,#4648,#2833,.T.);
#5690=EDGE_CURVE('',#4750,#4649,#2834,.T.);
#5691=EDGE_CURVE('',#4760,#4760,#2312,.T.);
#5692=EDGE_CURVE('',#4761,#4761,#2313,.T.);
#5693=EDGE_CURVE('',#4757,#4601,#2835,.T.);
#5694=EDGE_CURVE('',#4706,#4721,#2836,.T.);
#5695=EDGE_CURVE('',#4762,#4702,#2837,.T.);
#5696=EDGE_CURVE('',#4762,#4689,#2838,.T.);
#5697=EDGE_CURVE('',#4703,#4763,#2839,.T.);
#5698=EDGE_CURVE('',#4763,#4688,#2840,.T.);
#5699=EDGE_CURVE('',#4763,#4762,#2841,.T.);
#5700=EDGE_CURVE('',#4764,#4764,#2314,.T.);
#5701=EDGE_CURVE('',#4705,#4765,#2842,.T.);
#5702=EDGE_CURVE('',#4765,#4684,#2843,.T.);
#5703=EDGE_CURVE('',#4766,#4685,#2844,.T.);
#5704=EDGE_CURVE('',#4704,#4766,#2845,.T.);
#5705=EDGE_CURVE('',#4766,#4765,#2846,.T.);
#5706=EDGE_CURVE('',#4767,#4767,#2315,.T.);
#5707=EDGE_CURVE('',#4756,#4602,#2847,.T.);
#5708=EDGE_CURVE('',#4720,#4707,#2848,.T.);
#5709=EDGE_CURVE('',#4768,#4768,#2316,.T.);
#5710=EDGE_CURVE('',#4769,#4769,#2317,.T.);
#5711=EDGE_CURVE('',#4752,#4636,#2849,.T.);
#5712=EDGE_CURVE('',#4619,#4701,#2850,.T.);
#5713=EDGE_CURVE('',#4748,#4749,#2318,.T.);
#5714=EDGE_CURVE('',#4656,#4770,#2319,.T.);
#5715=EDGE_CURVE('',#4770,#4657,#2320,.T.);
#5716=EDGE_CURVE('',#4770,#4700,#2851,.T.);
#5717=EDGE_CURVE('',#4632,#4699,#2852,.T.);
#5718=EDGE_CURVE('',#4642,#4643,#2321,.T.);
#5719=EDGE_CURVE('',#4658,#4771,#2322,.T.);
#5720=EDGE_CURVE('',#4771,#4659,#2323,.T.);
#5721=EDGE_CURVE('',#4771,#4698,#2853,.T.);
#5722=EDGE_CURVE('',#4650,#4772,#2324,.T.);
#5723=EDGE_CURVE('',#4772,#4651,#2325,.T.);
#5724=EDGE_CURVE('',#4772,#4697,#2854,.T.);
#5725=EDGE_CURVE('',#4622,#4696,#2855,.T.);
#5726=EDGE_CURVE('',#4746,#4747,#2326,.T.);
#5727=EDGE_CURVE('',#4652,#4773,#2327,.T.);
#5728=EDGE_CURVE('',#4773,#4653,#2328,.T.);
#5729=EDGE_CURVE('',#4773,#4695,#2856,.T.);
#5730=EDGE_CURVE('',#4629,#4694,#2857,.T.);
#5731=EDGE_CURVE('',#4644,#4645,#2329,.T.);
#5732=EDGE_CURVE('',#4774,#4679,#2858,.T.);
#5733=EDGE_CURVE('',#4774,#4722,#2859,.T.);
#5734=EDGE_CURVE('',#4775,#4678,#2860,.T.);
#5735=EDGE_CURVE('',#4774,#4775,#2861,.T.);
#5736=EDGE_CURVE('',#4775,#4723,#2862,.T.);
#5737=EDGE_CURVE('',#4776,#4776,#2330,.T.);
#5738=EDGE_CURVE('',#4777,#4674,#2863,.T.);
#5739=EDGE_CURVE('',#4777,#4778,#2864,.T.);
#5740=EDGE_CURVE('',#4778,#4675,#2865,.T.);
#5741=EDGE_CURVE('',#4725,#4777,#2866,.T.);
#5742=EDGE_CURVE('',#4778,#4724,#2867,.T.);
#5743=EDGE_CURVE('',#4779,#4779,#2331,.T.);
#5744=EDGE_CURVE('',#4753,#4635,#2868,.T.);
#5745=EDGE_CURVE('',#4693,#4769,#2869,.T.);
#5746=EDGE_CURVE('',#4692,#4768,#2870,.T.);
#5747=EDGE_CURVE('',#4691,#4758,#2871,.T.);
#5748=EDGE_CURVE('',#4690,#4754,#2872,.T.);
#5749=EDGE_CURVE('',#4764,#4759,#2873,.T.);
#5750=EDGE_CURVE('',#4779,#4755,#2874,.T.);
#5751=EDGE_CURVE('',#4776,#4761,#2875,.T.);
#5752=EDGE_CURVE('',#4767,#4760,#2876,.T.);
#5753=EDGE_CURVE('',#4780,#4610,#2877,.T.);
#5754=EDGE_CURVE('',#4654,#4780,#2878,.T.);
#5755=EDGE_CURVE('',#4780,#4781,#2879,.T.);
#5756=EDGE_CURVE('',#4781,#4609,#2880,.T.);
#5757=EDGE_CURVE('',#4781,#4655,#2881,.T.);
#5758=EDGE_CURVE('',#4728,#4626,#2882,.T.);
#5759=EDGE_CURVE('',#4729,#4625,#2883,.T.);
#5760=EDGE_CURVE('',#4782,#4783,#2884,.T.);
#5761=EDGE_CURVE('',#4783,#4784,#2885,.T.);
#5762=EDGE_CURVE('',#4785,#4784,#2886,.T.);
#5763=EDGE_CURVE('',#4782,#4785,#2887,.T.);
#5764=EDGE_CURVE('',#4782,#4786,#2888,.T.);
#5765=EDGE_CURVE('',#4786,#4787,#2889,.T.);
#5766=EDGE_CURVE('',#4783,#4787,#2890,.T.);
#5767=EDGE_CURVE('',#4787,#4788,#2891,.T.);
#5768=EDGE_CURVE('',#4784,#4788,#2892,.T.);
#5769=EDGE_CURVE('',#4789,#4789,#2332,.T.);
#5770=EDGE_CURVE('',#4790,#4790,#2333,.T.);
#5771=EDGE_CURVE('',#4791,#4791,#2334,.T.);
#5772=EDGE_CURVE('',#4792,#4792,#2335,.T.);
#5773=EDGE_CURVE('',#4793,#4793,#2336,.T.);
#5774=EDGE_CURVE('',#4794,#4794,#2337,.T.);
#5775=EDGE_CURVE('',#4795,#4795,#2338,.T.);
#5776=EDGE_CURVE('',#4796,#4796,#2339,.T.);
#5777=EDGE_CURVE('',#4797,#4797,#2340,.T.);
#5778=EDGE_CURVE('',#4798,#4798,#2341,.T.);
#5779=EDGE_CURVE('',#4799,#4799,#2342,.T.);
#5780=EDGE_CURVE('',#4800,#4800,#2343,.T.);
#5781=EDGE_CURVE('',#4801,#4801,#2344,.T.);
#5782=EDGE_CURVE('',#4802,#4802,#2345,.T.);
#5783=EDGE_CURVE('',#4803,#4803,#2346,.T.);
#5784=EDGE_CURVE('',#4804,#4804,#2347,.T.);
#5785=EDGE_CURVE('',#4805,#4805,#2348,.T.);
#5786=EDGE_CURVE('',#4806,#4806,#2349,.T.);
#5787=EDGE_CURVE('',#4807,#4807,#2350,.T.);
#5788=EDGE_CURVE('',#4808,#4808,#2351,.T.);
#5789=EDGE_CURVE('',#4809,#4809,#2352,.T.);
#5790=EDGE_CURVE('',#4810,#4810,#2353,.T.);
#5791=EDGE_CURVE('',#4811,#4811,#2354,.T.);
#5792=EDGE_CURVE('',#4812,#4812,#2355,.T.);
#5793=EDGE_CURVE('',#4813,#4813,#2356,.T.);
#5794=EDGE_CURVE('',#4814,#4814,#2357,.T.);
#5795=EDGE_CURVE('',#4815,#4815,#2358,.T.);
#5796=EDGE_CURVE('',#4816,#4816,#2359,.T.);
#5797=EDGE_CURVE('',#4817,#4817,#2360,.T.);
#5798=EDGE_CURVE('',#4818,#4818,#2361,.T.);
#5799=EDGE_CURVE('',#4819,#4819,#2362,.T.);
#5800=EDGE_CURVE('',#4820,#4820,#2363,.T.);
#5801=EDGE_CURVE('',#4821,#4821,#2364,.T.);
#5802=EDGE_CURVE('',#4822,#4822,#2365,.T.);
#5803=EDGE_CURVE('',#4823,#4823,#2366,.T.);
#5804=EDGE_CURVE('',#4824,#4824,#2367,.T.);
#5805=EDGE_CURVE('',#4825,#4825,#2368,.T.);
#5806=EDGE_CURVE('',#4826,#4826,#2369,.T.);
#5807=EDGE_CURVE('',#4827,#4827,#2370,.T.);
#5808=EDGE_CURVE('',#4828,#4828,#2371,.T.);
#5809=EDGE_CURVE('',#4829,#4829,#2372,.T.);
#5810=EDGE_CURVE('',#4830,#4830,#2373,.T.);
#5811=EDGE_CURVE('',#4831,#4831,#2374,.T.);
#5812=EDGE_CURVE('',#4832,#4832,#2375,.T.);
#5813=EDGE_CURVE('',#4833,#4833,#2376,.T.);
#5814=EDGE_CURVE('',#4834,#4834,#2377,.T.);
#5815=EDGE_CURVE('',#4785,#4835,#2893,.T.);
#5816=EDGE_CURVE('',#4835,#4788,#2894,.T.);
#5817=EDGE_CURVE('',#4786,#4835,#2895,.T.);
#5818=EDGE_CURVE('',#4836,#4836,#2378,.T.);
#5819=EDGE_CURVE('',#4837,#4837,#2379,.T.);
#5820=EDGE_CURVE('',#4838,#4838,#2380,.T.);
#5821=EDGE_CURVE('',#4839,#4839,#2381,.T.);
#5822=EDGE_CURVE('',#4840,#4840,#2382,.T.);
#5823=EDGE_CURVE('',#4841,#4841,#2383,.T.);
#5824=EDGE_CURVE('',#4842,#4842,#2384,.T.);
#5825=EDGE_CURVE('',#4843,#4843,#2385,.T.);
#5826=EDGE_CURVE('',#4844,#4844,#2386,.T.);
#5827=EDGE_CURVE('',#4845,#4845,#2387,.T.);
#5828=EDGE_CURVE('',#4846,#4846,#2388,.T.);
#5829=EDGE_CURVE('',#4847,#4847,#2389,.T.);
#5830=EDGE_CURVE('',#4848,#4848,#2390,.T.);
#5831=EDGE_CURVE('',#4849,#4849,#2391,.T.);
#5832=EDGE_CURVE('',#4850,#4850,#2392,.T.);
#5833=EDGE_CURVE('',#4851,#4851,#2393,.T.);
#5834=EDGE_CURVE('',#4852,#4852,#2394,.T.);
#5835=EDGE_CURVE('',#4853,#4853,#2395,.T.);
#5836=EDGE_CURVE('',#4854,#4854,#2396,.T.);
#5837=EDGE_CURVE('',#4855,#4855,#2397,.T.);
#5838=EDGE_CURVE('',#4856,#4856,#2398,.T.);
#5839=EDGE_CURVE('',#4857,#4857,#2399,.T.);
#5840=EDGE_CURVE('',#4858,#4858,#2400,.T.);
#5841=EDGE_CURVE('',#4859,#4859,#2401,.T.);
#5842=EDGE_CURVE('',#4860,#4860,#2402,.T.);
#5843=EDGE_CURVE('',#4861,#4861,#2403,.T.);
#5844=EDGE_CURVE('',#4862,#4862,#2404,.T.);
#5845=EDGE_CURVE('',#4863,#4863,#2405,.T.);
#5846=EDGE_CURVE('',#4864,#4864,#2406,.T.);
#5847=EDGE_CURVE('',#4865,#4865,#2407,.T.);
#5848=EDGE_CURVE('',#4866,#4866,#2408,.T.);
#5849=EDGE_CURVE('',#4867,#4867,#2409,.T.);
#5850=EDGE_CURVE('',#4868,#4868,#2410,.T.);
#5851=EDGE_CURVE('',#4869,#4869,#2411,.T.);
#5852=EDGE_CURVE('',#4870,#4870,#2412,.T.);
#5853=EDGE_CURVE('',#4871,#4872,#2413,.T.);
#5854=EDGE_CURVE('',#4872,#4873,#2896,.T.);
#5855=EDGE_CURVE('',#4873,#4874,#2414,.T.);
#5856=EDGE_CURVE('',#4875,#4874,#2897,.T.);
#5857=EDGE_CURVE('',#4875,#4876,#2415,.T.);
#5858=EDGE_CURVE('',#4877,#4876,#2898,.T.);
#5859=EDGE_CURVE('',#4877,#4878,#2416,.T.);
#5860=EDGE_CURVE('',#4878,#4871,#2899,.T.);
#5861=EDGE_CURVE('',#4879,#4879,#2417,.T.);
#5862=EDGE_CURVE('',#4880,#4880,#2418,.T.);
#5863=EDGE_CURVE('',#4881,#4881,#2419,.T.);
#5864=EDGE_CURVE('',#4882,#4882,#2420,.T.);
#5865=EDGE_CURVE('',#4883,#4883,#2421,.T.);
#5866=EDGE_CURVE('',#4884,#4884,#2422,.T.);
#5867=EDGE_CURVE('',#4885,#4885,#2423,.T.);
#5868=EDGE_CURVE('',#4886,#4886,#2424,.T.);
#5869=EDGE_CURVE('',#4887,#4887,#2425,.T.);
#5870=EDGE_CURVE('',#4888,#4888,#2426,.T.);
#5871=EDGE_CURVE('',#4889,#4889,#2427,.T.);
#5872=EDGE_CURVE('',#4836,#4789,#2900,.T.);
#5873=EDGE_CURVE('',#4837,#4790,#2901,.T.);
#5874=EDGE_CURVE('',#4838,#4791,#2902,.T.);
#5875=EDGE_CURVE('',#4839,#4792,#2903,.T.);
#5876=EDGE_CURVE('',#4840,#4793,#2904,.T.);
#5877=EDGE_CURVE('',#4841,#4794,#2905,.T.);
#5878=EDGE_CURVE('',#4842,#4795,#2906,.T.);
#5879=EDGE_CURVE('',#4843,#4796,#2907,.T.);
#5880=EDGE_CURVE('',#4844,#4797,#2908,.T.);
#5881=EDGE_CURVE('',#4845,#4798,#2909,.T.);
#5882=EDGE_CURVE('',#4846,#4799,#2910,.T.);
#5883=EDGE_CURVE('',#4847,#4800,#2911,.T.);
#5884=EDGE_CURVE('',#4848,#4801,#2912,.T.);
#5885=EDGE_CURVE('',#4849,#4802,#2913,.T.);
#5886=EDGE_CURVE('',#4850,#4803,#2914,.T.);
#5887=EDGE_CURVE('',#4851,#4804,#2915,.T.);
#5888=EDGE_CURVE('',#4852,#4805,#2916,.T.);
#5889=EDGE_CURVE('',#4853,#4806,#2917,.T.);
#5890=EDGE_CURVE('',#4854,#4807,#2918,.T.);
#5891=EDGE_CURVE('',#4855,#4808,#2919,.T.);
#5892=EDGE_CURVE('',#4856,#4809,#2920,.T.);
#5893=EDGE_CURVE('',#4857,#4810,#2921,.T.);
#5894=EDGE_CURVE('',#4858,#4811,#2922,.T.);
#5895=EDGE_CURVE('',#4859,#4812,#2923,.T.);
#5896=EDGE_CURVE('',#4860,#4813,#2924,.T.);
#5897=EDGE_CURVE('',#4861,#4814,#2925,.T.);
#5898=EDGE_CURVE('',#4862,#4815,#2926,.T.);
#5899=EDGE_CURVE('',#4863,#4816,#2927,.T.);
#5900=EDGE_CURVE('',#4864,#4817,#2928,.T.);
#5901=EDGE_CURVE('',#4865,#4818,#2929,.T.);
#5902=EDGE_CURVE('',#4866,#4819,#2930,.T.);
#5903=EDGE_CURVE('',#4867,#4820,#2931,.T.);
#5904=EDGE_CURVE('',#4868,#4821,#2932,.T.);
#5905=EDGE_CURVE('',#4869,#4822,#2933,.T.);
#5906=EDGE_CURVE('',#4870,#4823,#2934,.T.);
#5907=EDGE_CURVE('',#4879,#4824,#2935,.T.);
#5908=EDGE_CURVE('',#4880,#4825,#2936,.T.);
#5909=EDGE_CURVE('',#4881,#4826,#2937,.T.);
#5910=EDGE_CURVE('',#4882,#4827,#2938,.T.);
#5911=EDGE_CURVE('',#4883,#4828,#2939,.T.);
#5912=EDGE_CURVE('',#4884,#4829,#2940,.T.);
#5913=EDGE_CURVE('',#4885,#4830,#2941,.T.);
#5914=EDGE_CURVE('',#4886,#4831,#2942,.T.);
#5915=EDGE_CURVE('',#4887,#4832,#2943,.T.);
#5916=EDGE_CURVE('',#4888,#4833,#2944,.T.);
#5917=EDGE_CURVE('',#4889,#4834,#2945,.T.);
#5918=EDGE_CURVE('',#4890,#4891,#2428,.T.);
#5919=EDGE_CURVE('',#4872,#4891,#2946,.T.);
#5920=EDGE_CURVE('',#4871,#4890,#2947,.T.);
#5921=EDGE_CURVE('',#4892,#4891,#2948,.T.);
#5922=EDGE_CURVE('',#4873,#4892,#2949,.T.);
#5923=EDGE_CURVE('',#4892,#4893,#2429,.T.);
#5924=EDGE_CURVE('',#4874,#4893,#2950,.T.);
#5925=EDGE_CURVE('',#4875,#4894,#2951,.T.);
#5926=EDGE_CURVE('',#4894,#4893,#2952,.T.);
#5927=EDGE_CURVE('',#4894,#4895,#2430,.T.);
#5928=EDGE_CURVE('',#4876,#4895,#2953,.T.);
#5929=EDGE_CURVE('',#4877,#4896,#2954,.T.);
#5930=EDGE_CURVE('',#4895,#4896,#2955,.T.);
#5931=EDGE_CURVE('',#4896,#4897,#2431,.T.);
#5932=EDGE_CURVE('',#4878,#4897,#2956,.T.);
#5933=EDGE_CURVE('',#4897,#4890,#2957,.T.);
#5934=EDGE_CURVE('',#4898,#4890,#2958,.T.);
#5935=EDGE_CURVE('',#4898,#4891,#2959,.T.);
#5936=EDGE_CURVE('',#4891,#4899,#2432,.T.);
#5937=EDGE_CURVE('',#4900,#4899,#2960,.T.);
#5938=EDGE_CURVE('',#4900,#4892,#2433,.T.);
#5939=EDGE_CURVE('',#4901,#4892,#2961,.T.);
#5940=EDGE_CURVE('',#4893,#4901,#2962,.T.);
#5941=EDGE_CURVE('',#4893,#4902,#2434,.T.);
#5942=EDGE_CURVE('',#4903,#4902,#2963,.T.);
#5943=EDGE_CURVE('',#4903,#4894,#2435,.T.);
#5944=EDGE_CURVE('',#4894,#4904,#2964,.T.);
#5945=EDGE_CURVE('',#4895,#4904,#2965,.T.);
#5946=EDGE_CURVE('',#4895,#4905,#2436,.T.);
#5947=EDGE_CURVE('',#4905,#4906,#2966,.T.);
#5948=EDGE_CURVE('',#4906,#4896,#2437,.T.);
#5949=EDGE_CURVE('',#4896,#4907,#2967,.T.);
#5950=EDGE_CURVE('',#4907,#4897,#2968,.T.);
#5951=EDGE_CURVE('',#4897,#4908,#2438,.T.);
#5952=EDGE_CURVE('',#4908,#4909,#2969,.T.);
#5953=EDGE_CURVE('',#4909,#4890,#2439,.T.);
#5954=EDGE_CURVE('',#4909,#4898,#2970,.T.);
#5955=EDGE_CURVE('',#4899,#4898,#2971,.T.);
#5956=EDGE_CURVE('',#4902,#4900,#2440,.T.);
#5957=EDGE_CURVE('',#4899,#4909,#2441,.T.);
#5958=EDGE_CURVE('',#4908,#4906,#2442,.T.);
#5959=EDGE_CURVE('',#4905,#4903,#2443,.T.);
#5960=EDGE_CURVE('',#4901,#4900,#2972,.T.);
#5961=EDGE_CURVE('',#4902,#4901,#2973,.T.);
#5962=EDGE_CURVE('',#4904,#4903,#2974,.T.);
#5963=EDGE_CURVE('',#4904,#4905,#2975,.T.);
#5964=EDGE_CURVE('',#4906,#4907,#2976,.T.);
#5965=EDGE_CURVE('',#4907,#4908,#2977,.T.);
#5966=EDGE_CURVE('',#4910,#4911,#2978,.T.);
#5967=EDGE_CURVE('',#4911,#4912,#2979,.T.);
#5968=EDGE_CURVE('',#4913,#4912,#2980,.T.);
#5969=EDGE_CURVE('',#4910,#4913,#2981,.T.);
#5970=EDGE_CURVE('',#4914,#4915,#2982,.T.);
#5971=EDGE_CURVE('',#4914,#4916,#2983,.T.);
#5972=EDGE_CURVE('',#4916,#4917,#2984,.T.);
#5973=EDGE_CURVE('',#4915,#4917,#2985,.T.);
#5974=EDGE_CURVE('',#4910,#4914,#2986,.T.);
#5975=EDGE_CURVE('',#4911,#4915,#2987,.T.);
#5976=EDGE_CURVE('',#4913,#4916,#2988,.T.);
#5977=EDGE_CURVE('',#4912,#4917,#2989,.T.);
#5978=EDGE_CURVE('',#4918,#4919,#2990,.T.);
#5979=EDGE_CURVE('',#4919,#4920,#2991,.T.);
#5980=EDGE_CURVE('',#4921,#4920,#2992,.T.);
#5981=EDGE_CURVE('',#4918,#4921,#2993,.T.);
#5982=EDGE_CURVE('',#4922,#4923,#2994,.T.);
#5983=EDGE_CURVE('',#4922,#4924,#2995,.T.);
#5984=EDGE_CURVE('',#4924,#4925,#2996,.T.);
#5985=EDGE_CURVE('',#4923,#4925,#2997,.T.);
#5986=EDGE_CURVE('',#4918,#4922,#2998,.T.);
#5987=EDGE_CURVE('',#4919,#4923,#2999,.T.);
#5988=EDGE_CURVE('',#4921,#4924,#3000,.T.);
#5989=EDGE_CURVE('',#4920,#4925,#3001,.T.);
#5990=EDGE_CURVE('',#4926,#4927,#3002,.T.);
#5991=EDGE_CURVE('',#4927,#4928,#3003,.T.);
#5992=EDGE_CURVE('',#4929,#4928,#3004,.T.);
#5993=EDGE_CURVE('',#4926,#4929,#3005,.T.);
#5994=EDGE_CURVE('',#4930,#4931,#3006,.T.);
#5995=EDGE_CURVE('',#4930,#4932,#3007,.T.);
#5996=EDGE_CURVE('',#4932,#4933,#3008,.T.);
#5997=EDGE_CURVE('',#4931,#4933,#3009,.T.);
#5998=EDGE_CURVE('',#4926,#4930,#3010,.T.);
#5999=EDGE_CURVE('',#4927,#4931,#3011,.T.);
#6000=EDGE_CURVE('',#4929,#4932,#3012,.T.);
#6001=EDGE_CURVE('',#4928,#4933,#3013,.T.);
#6002=EDGE_CURVE('',#4934,#4935,#3014,.T.);
#6003=EDGE_CURVE('',#4935,#4936,#3015,.T.);
#6004=EDGE_CURVE('',#4937,#4936,#3016,.T.);
#6005=EDGE_CURVE('',#4934,#4937,#3017,.T.);
#6006=EDGE_CURVE('',#4938,#4939,#3018,.T.);
#6007=EDGE_CURVE('',#4938,#4940,#3019,.T.);
#6008=EDGE_CURVE('',#4940,#4941,#3020,.T.);
#6009=EDGE_CURVE('',#4939,#4941,#3021,.T.);
#6010=EDGE_CURVE('',#4934,#4938,#3022,.T.);
#6011=EDGE_CURVE('',#4935,#4939,#3023,.T.);
#6012=EDGE_CURVE('',#4937,#4940,#3024,.T.);
#6013=EDGE_CURVE('',#4936,#4941,#3025,.T.);
#6014=EDGE_CURVE('',#4942,#4943,#3026,.T.);
#6015=EDGE_CURVE('',#4943,#4944,#3027,.T.);
#6016=EDGE_CURVE('',#4945,#4944,#3028,.T.);
#6017=EDGE_CURVE('',#4942,#4945,#3029,.T.);
#6018=EDGE_CURVE('',#4946,#4947,#3030,.T.);
#6019=EDGE_CURVE('',#4946,#4948,#3031,.T.);
#6020=EDGE_CURVE('',#4948,#4949,#3032,.T.);
#6021=EDGE_CURVE('',#4947,#4949,#3033,.T.);
#6022=EDGE_CURVE('',#4942,#4946,#3034,.T.);
#6023=EDGE_CURVE('',#4943,#4947,#3035,.T.);
#6024=EDGE_CURVE('',#4945,#4948,#3036,.T.);
#6025=EDGE_CURVE('',#4944,#4949,#3037,.T.);
#6026=EDGE_CURVE('',#4950,#4951,#3038,.T.);
#6027=EDGE_CURVE('',#4951,#4952,#3039,.T.);
#6028=EDGE_CURVE('',#4953,#4952,#3040,.T.);
#6029=EDGE_CURVE('',#4950,#4953,#3041,.T.);
#6030=EDGE_CURVE('',#4954,#4955,#3042,.T.);
#6031=EDGE_CURVE('',#4954,#4956,#3043,.T.);
#6032=EDGE_CURVE('',#4956,#4957,#3044,.T.);
#6033=EDGE_CURVE('',#4955,#4957,#3045,.T.);
#6034=EDGE_CURVE('',#4950,#4954,#3046,.T.);
#6035=EDGE_CURVE('',#4951,#4955,#3047,.T.);
#6036=EDGE_CURVE('',#4953,#4956,#3048,.T.);
#6037=EDGE_CURVE('',#4952,#4957,#3049,.T.);
#6038=EDGE_CURVE('',#4958,#4959,#3050,.T.);
#6039=EDGE_CURVE('',#4959,#4960,#3051,.T.);
#6040=EDGE_CURVE('',#4961,#4960,#3052,.T.);
#6041=EDGE_CURVE('',#4958,#4961,#3053,.T.);
#6042=EDGE_CURVE('',#4962,#4963,#3054,.T.);
#6043=EDGE_CURVE('',#4962,#4964,#3055,.T.);
#6044=EDGE_CURVE('',#4964,#4965,#3056,.T.);
#6045=EDGE_CURVE('',#4963,#4965,#3057,.T.);
#6046=EDGE_CURVE('',#4958,#4962,#3058,.T.);
#6047=EDGE_CURVE('',#4959,#4963,#3059,.T.);
#6048=EDGE_CURVE('',#4961,#4964,#3060,.T.);
#6049=EDGE_CURVE('',#4960,#4965,#3061,.T.);
#6050=EDGE_CURVE('',#4966,#4966,#2444,.T.);
#6051=EDGE_CURVE('',#4966,#4967,#3062,.T.);
#6052=EDGE_CURVE('',#4967,#4967,#2445,.T.);
#6053=EDGE_CURVE('',#4968,#4968,#2446,.T.);
#6054=EDGE_CURVE('',#4969,#4969,#2447,.T.);
#6055=EDGE_CURVE('',#4969,#4968,#3063,.T.);
#6056=EDGE_CURVE('',#4970,#4970,#2448,.T.);
#6057=EDGE_CURVE('',#4970,#4971,#3064,.T.);
#6058=EDGE_CURVE('',#4971,#4971,#2449,.T.);
#6059=EDGE_CURVE('',#4972,#4972,#2450,.T.);
#6060=EDGE_CURVE('',#4972,#4973,#3065,.T.);
#6061=EDGE_CURVE('',#4973,#4973,#2451,.T.);
#6062=EDGE_CURVE('',#4974,#4974,#2452,.T.);
#6063=EDGE_CURVE('',#4974,#4975,#3066,.T.);
#6064=EDGE_CURVE('',#4975,#4975,#2453,.T.);
#6065=EDGE_CURVE('',#4976,#4976,#2454,.T.);
#6066=EDGE_CURVE('',#4976,#4977,#3067,.T.);
#6067=EDGE_CURVE('',#4977,#4977,#2455,.T.);
#6068=EDGE_CURVE('',#4978,#4978,#2456,.T.);
#6069=EDGE_CURVE('',#4978,#4979,#3068,.T.);
#6070=EDGE_CURVE('',#4979,#4979,#2457,.T.);
#6071=EDGE_CURVE('',#4980,#4980,#2458,.T.);
#6072=EDGE_CURVE('',#4980,#4981,#3069,.T.);
#6073=EDGE_CURVE('',#4981,#4981,#2459,.T.);
#6074=EDGE_CURVE('',#4982,#4982,#2460,.T.);
#6075=EDGE_CURVE('',#4982,#4983,#3070,.T.);
#6076=EDGE_CURVE('',#4983,#4983,#2461,.T.);
#6077=EDGE_CURVE('',#4984,#4984,#2462,.T.);
#6078=EDGE_CURVE('',#4984,#4985,#3071,.T.);
#6079=EDGE_CURVE('',#4985,#4985,#2463,.T.);
#6080=EDGE_CURVE('',#4986,#4986,#2464,.T.);
#6081=EDGE_CURVE('',#4986,#4987,#3072,.T.);
#6082=EDGE_CURVE('',#4987,#4987,#2465,.T.);
#6083=EDGE_CURVE('',#4988,#4989,#3073,.T.);
#6084=EDGE_CURVE('',#4989,#4990,#3074,.T.);
#6085=EDGE_CURVE('',#4991,#4990,#3075,.T.);
#6086=EDGE_CURVE('',#4988,#4991,#3076,.T.);
#6087=EDGE_CURVE('',#4992,#4993,#3077,.T.);
#6088=EDGE_CURVE('',#4992,#4994,#3078,.T.);
#6089=EDGE_CURVE('',#4994,#4995,#3079,.T.);
#6090=EDGE_CURVE('',#4993,#4995,#3080,.T.);
#6091=EDGE_CURVE('',#4988,#4992,#3081,.T.);
#6092=EDGE_CURVE('',#4989,#4993,#3082,.T.);
#6093=EDGE_CURVE('',#4991,#4994,#3083,.T.);
#6094=EDGE_CURVE('',#4990,#4995,#3084,.T.);
#6095=EDGE_CURVE('',#4996,#4996,#2466,.T.);
#6096=EDGE_CURVE('',#4996,#4997,#3085,.T.);
#6097=EDGE_CURVE('',#4997,#4997,#2467,.T.);
#6098=EDGE_CURVE('',#4998,#4998,#2468,.T.);
#6099=EDGE_CURVE('',#4999,#4999,#2469,.T.);
#6100=EDGE_CURVE('',#4999,#4998,#3086,.T.);
#6101=EDGE_CURVE('',#5000,#5000,#2470,.T.);
#6102=EDGE_CURVE('',#5000,#5001,#3087,.T.);
#6103=EDGE_CURVE('',#5001,#5001,#2471,.T.);
#6104=EDGE_CURVE('',#5002,#5002,#2472,.T.);
#6105=EDGE_CURVE('',#5002,#5003,#3088,.T.);
#6106=EDGE_CURVE('',#5003,#5003,#2473,.T.);
#6107=EDGE_CURVE('',#5004,#5004,#2474,.T.);
#6108=EDGE_CURVE('',#5004,#5005,#3089,.T.);
#6109=EDGE_CURVE('',#5005,#5005,#2475,.T.);
#6110=EDGE_CURVE('',#5006,#5006,#2476,.T.);
#6111=EDGE_CURVE('',#5006,#5007,#3090,.T.);
#6112=EDGE_CURVE('',#5007,#5007,#2477,.T.);
#6113=EDGE_CURVE('',#5008,#5008,#2478,.T.);
#6114=EDGE_CURVE('',#5008,#5009,#3091,.T.);
#6115=EDGE_CURVE('',#5009,#5009,#2479,.T.);
#6116=EDGE_CURVE('',#5010,#5010,#2480,.T.);
#6117=EDGE_CURVE('',#5010,#5011,#3092,.T.);
#6118=EDGE_CURVE('',#5011,#5011,#2481,.T.);
#6119=EDGE_CURVE('',#5012,#5012,#2482,.T.);
#6120=EDGE_CURVE('',#5012,#5013,#3093,.T.);
#6121=EDGE_CURVE('',#5013,#5013,#2483,.T.);
#6122=EDGE_CURVE('',#5014,#5014,#2484,.T.);
#6123=EDGE_CURVE('',#5014,#5015,#3094,.T.);
#6124=EDGE_CURVE('',#5015,#5015,#2485,.T.);
#6125=EDGE_CURVE('',#5016,#5016,#2486,.T.);
#6126=EDGE_CURVE('',#5016,#5017,#3095,.T.);
#6127=EDGE_CURVE('',#5017,#5017,#2487,.T.);
#6128=EDGE_CURVE('',#5018,#5019,#3096,.T.);
#6129=EDGE_CURVE('',#5019,#5020,#3097,.T.);
#6130=EDGE_CURVE('',#5021,#5020,#3098,.T.);
#6131=EDGE_CURVE('',#5018,#5021,#3099,.T.);
#6132=EDGE_CURVE('',#5022,#5023,#3100,.T.);
#6133=EDGE_CURVE('',#5022,#5024,#3101,.T.);
#6134=EDGE_CURVE('',#5024,#5025,#3102,.T.);
#6135=EDGE_CURVE('',#5023,#5025,#3103,.T.);
#6136=EDGE_CURVE('',#5018,#5022,#3104,.T.);
#6137=EDGE_CURVE('',#5019,#5023,#3105,.T.);
#6138=EDGE_CURVE('',#5021,#5024,#3106,.T.);
#6139=EDGE_CURVE('',#5020,#5025,#3107,.T.);
#6140=EDGE_CURVE('',#5026,#5027,#3108,.T.);
#6141=EDGE_CURVE('',#5027,#5028,#3109,.T.);
#6142=EDGE_CURVE('',#5029,#5028,#3110,.T.);
#6143=EDGE_CURVE('',#5026,#5029,#3111,.T.);
#6144=EDGE_CURVE('',#5030,#5031,#3112,.T.);
#6145=EDGE_CURVE('',#5030,#5032,#3113,.T.);
#6146=EDGE_CURVE('',#5032,#5033,#3114,.T.);
#6147=EDGE_CURVE('',#5031,#5033,#3115,.T.);
#6148=EDGE_CURVE('',#5026,#5030,#3116,.T.);
#6149=EDGE_CURVE('',#5027,#5031,#3117,.T.);
#6150=EDGE_CURVE('',#5029,#5032,#3118,.T.);
#6151=EDGE_CURVE('',#5028,#5033,#3119,.T.);
#6152=EDGE_CURVE('',#5034,#5035,#3120,.T.);
#6153=EDGE_CURVE('',#5035,#5036,#3121,.T.);
#6154=EDGE_CURVE('',#5037,#5036,#3122,.T.);
#6155=EDGE_CURVE('',#5034,#5037,#3123,.T.);
#6156=EDGE_CURVE('',#5038,#5039,#3124,.T.);
#6157=EDGE_CURVE('',#5038,#5040,#3125,.T.);
#6158=EDGE_CURVE('',#5040,#5041,#3126,.T.);
#6159=EDGE_CURVE('',#5039,#5041,#3127,.T.);
#6160=EDGE_CURVE('',#5034,#5038,#3128,.T.);
#6161=EDGE_CURVE('',#5035,#5039,#3129,.T.);
#6162=EDGE_CURVE('',#5037,#5040,#3130,.T.);
#6163=EDGE_CURVE('',#5036,#5041,#3131,.T.);
#6164=EDGE_CURVE('',#5042,#5043,#3132,.T.);
#6165=EDGE_CURVE('',#5043,#5044,#3133,.T.);
#6166=EDGE_CURVE('',#5045,#5044,#3134,.T.);
#6167=EDGE_CURVE('',#5042,#5045,#3135,.T.);
#6168=EDGE_CURVE('',#5046,#5047,#3136,.T.);
#6169=EDGE_CURVE('',#5046,#5048,#3137,.T.);
#6170=EDGE_CURVE('',#5048,#5049,#3138,.T.);
#6171=EDGE_CURVE('',#5047,#5049,#3139,.T.);
#6172=EDGE_CURVE('',#5042,#5046,#3140,.T.);
#6173=EDGE_CURVE('',#5043,#5047,#3141,.T.);
#6174=EDGE_CURVE('',#5045,#5048,#3142,.T.);
#6175=EDGE_CURVE('',#5044,#5049,#3143,.T.);
#6176=EDGE_CURVE('',#5050,#5050,#2488,.T.);
#6177=EDGE_CURVE('',#5050,#5051,#3144,.T.);
#6178=EDGE_CURVE('',#5051,#5051,#2489,.T.);
#6179=EDGE_CURVE('',#5052,#5052,#2490,.T.);
#6180=EDGE_CURVE('',#5053,#5053,#2491,.T.);
#6181=EDGE_CURVE('',#5053,#5052,#3145,.T.);
#6182=EDGE_CURVE('',#5054,#5054,#2492,.T.);
#6183=EDGE_CURVE('',#5054,#5055,#3146,.T.);
#6184=EDGE_CURVE('',#5055,#5055,#2493,.T.);
#6185=EDGE_CURVE('',#5056,#5056,#2494,.T.);
#6186=EDGE_CURVE('',#5056,#5057,#3147,.T.);
#6187=EDGE_CURVE('',#5057,#5057,#2495,.T.);
#6188=EDGE_CURVE('',#5058,#5058,#2496,.T.);
#6189=EDGE_CURVE('',#5058,#5059,#3148,.T.);
#6190=EDGE_CURVE('',#5059,#5059,#2497,.T.);
#6191=EDGE_CURVE('',#5060,#5060,#2498,.T.);
#6192=EDGE_CURVE('',#5060,#5061,#3149,.T.);
#6193=EDGE_CURVE('',#5061,#5061,#2499,.T.);
#6194=EDGE_CURVE('',#5062,#5062,#2500,.T.);
#6195=EDGE_CURVE('',#5062,#5063,#3150,.T.);
#6196=EDGE_CURVE('',#5063,#5063,#2501,.T.);
#6197=EDGE_CURVE('',#5064,#5064,#2502,.T.);
#6198=EDGE_CURVE('',#5064,#5065,#3151,.T.);
#6199=EDGE_CURVE('',#5065,#5065,#2503,.T.);
#6200=EDGE_CURVE('',#5066,#5066,#2504,.T.);
#6201=EDGE_CURVE('',#5066,#5067,#3152,.T.);
#6202=EDGE_CURVE('',#5067,#5067,#2505,.T.);
#6203=EDGE_CURVE('',#5068,#5068,#2506,.T.);
#6204=EDGE_CURVE('',#5068,#5069,#3153,.T.);
#6205=EDGE_CURVE('',#5069,#5069,#2507,.T.);
#6206=EDGE_CURVE('',#5070,#5070,#2508,.T.);
#6207=EDGE_CURVE('',#5070,#5071,#3154,.T.);
#6208=EDGE_CURVE('',#5071,#5071,#2509,.T.);
#6209=EDGE_CURVE('',#5072,#5072,#2510,.T.);
#6210=EDGE_CURVE('',#5072,#5073,#3155,.T.);
#6211=EDGE_CURVE('',#5073,#5073,#2511,.T.);
#6212=EDGE_CURVE('',#5074,#5074,#2512,.T.);
#6213=EDGE_CURVE('',#5075,#5075,#2513,.T.);
#6214=EDGE_CURVE('',#5075,#5074,#3156,.T.);
#6215=EDGE_CURVE('',#5076,#5076,#2514,.T.);
#6216=EDGE_CURVE('',#5076,#5077,#3157,.T.);
#6217=EDGE_CURVE('',#5077,#5077,#2515,.T.);
#6218=EDGE_CURVE('',#5078,#5078,#2516,.T.);
#6219=EDGE_CURVE('',#5078,#5079,#3158,.T.);
#6220=EDGE_CURVE('',#5079,#5079,#2517,.T.);
#6221=EDGE_CURVE('',#5080,#5080,#2518,.T.);
#6222=EDGE_CURVE('',#5080,#5081,#3159,.T.);
#6223=EDGE_CURVE('',#5081,#5081,#2519,.T.);
#6224=EDGE_CURVE('',#5082,#5082,#2520,.T.);
#6225=EDGE_CURVE('',#5082,#5083,#3160,.T.);
#6226=EDGE_CURVE('',#5083,#5083,#2521,.T.);
#6227=EDGE_CURVE('',#5084,#5084,#2522,.T.);
#6228=EDGE_CURVE('',#5084,#5085,#3161,.T.);
#6229=EDGE_CURVE('',#5085,#5085,#2523,.T.);
#6230=EDGE_CURVE('',#5086,#5086,#2524,.T.);
#6231=EDGE_CURVE('',#5086,#5087,#3162,.T.);
#6232=EDGE_CURVE('',#5087,#5087,#2525,.T.);
#6233=EDGE_CURVE('',#5088,#5088,#2526,.T.);
#6234=EDGE_CURVE('',#5088,#5089,#3163,.T.);
#6235=EDGE_CURVE('',#5089,#5089,#2527,.T.);
#6236=EDGE_CURVE('',#5090,#5090,#2528,.T.);
#6237=EDGE_CURVE('',#5090,#5091,#3164,.T.);
#6238=EDGE_CURVE('',#5091,#5091,#2529,.T.);
#6239=EDGE_CURVE('',#5092,#5092,#2530,.T.);
#6240=EDGE_CURVE('',#5092,#5093,#3165,.T.);
#6241=EDGE_CURVE('',#5093,#5093,#2531,.T.);
#6242=EDGE_CURVE('',#5094,#5094,#2532,.T.);
#6243=EDGE_CURVE('',#5094,#5095,#3166,.T.);
#6244=EDGE_CURVE('',#5095,#5095,#2533,.T.);
#6245=EDGE_CURVE('',#5096,#5096,#2534,.T.);
#6246=EDGE_CURVE('',#5097,#5097,#2535,.T.);
#6247=EDGE_CURVE('',#5097,#5096,#3167,.T.);
#6248=EDGE_CURVE('',#5098,#5098,#2536,.T.);
#6249=EDGE_CURVE('',#5098,#5099,#3168,.T.);
#6250=EDGE_CURVE('',#5099,#5099,#2537,.T.);
#6251=EDGE_CURVE('',#5100,#5100,#2538,.T.);
#6252=EDGE_CURVE('',#5100,#5101,#3169,.T.);
#6253=EDGE_CURVE('',#5101,#5101,#2539,.T.);
#6254=EDGE_CURVE('',#5102,#5102,#2540,.T.);
#6255=EDGE_CURVE('',#5102,#5103,#3170,.T.);
#6256=EDGE_CURVE('',#5103,#5103,#2541,.T.);
#6257=EDGE_CURVE('',#5104,#5104,#2542,.T.);
#6258=EDGE_CURVE('',#5104,#5105,#3171,.T.);
#6259=EDGE_CURVE('',#5105,#5105,#2543,.T.);
#6260=EDGE_CURVE('',#5106,#5106,#2544,.T.);
#6261=EDGE_CURVE('',#5106,#5107,#3172,.T.);
#6262=EDGE_CURVE('',#5107,#5107,#2545,.T.);
#6263=EDGE_CURVE('',#5108,#5108,#2546,.T.);
#6264=EDGE_CURVE('',#5108,#5109,#3173,.T.);
#6265=EDGE_CURVE('',#5109,#5109,#2547,.T.);
#6266=EDGE_CURVE('',#5110,#5110,#2548,.T.);
#6267=EDGE_CURVE('',#5110,#5111,#3174,.T.);
#6268=EDGE_CURVE('',#5111,#5111,#2549,.T.);
#6269=EDGE_CURVE('',#5112,#5112,#2550,.T.);
#6270=EDGE_CURVE('',#5112,#5113,#3175,.T.);
#6271=EDGE_CURVE('',#5113,#5113,#2551,.T.);
#6272=EDGE_CURVE('',#5114,#5114,#2552,.T.);
#6273=EDGE_CURVE('',#5114,#5115,#3176,.T.);
#6274=EDGE_CURVE('',#5115,#5115,#2553,.T.);
#6275=EDGE_CURVE('',#5116,#5116,#2554,.T.);
#6276=EDGE_CURVE('',#5116,#5117,#3177,.T.);
#6277=EDGE_CURVE('',#5117,#5117,#2555,.T.);
#6278=EDGE_CURVE('',#5118,#5118,#2556,.T.);
#6279=EDGE_CURVE('',#5119,#5119,#2557,.T.);
#6280=EDGE_CURVE('',#5119,#5118,#3178,.T.);
#6281=EDGE_CURVE('',#5120,#5120,#2558,.T.);
#6282=EDGE_CURVE('',#5120,#5121,#3179,.T.);
#6283=EDGE_CURVE('',#5121,#5121,#2559,.T.);
#6284=EDGE_CURVE('',#5122,#5122,#2560,.T.);
#6285=EDGE_CURVE('',#5122,#5123,#3180,.T.);
#6286=EDGE_CURVE('',#5123,#5123,#2561,.T.);
#6287=EDGE_CURVE('',#5124,#5124,#2562,.T.);
#6288=EDGE_CURVE('',#5124,#5125,#3181,.T.);
#6289=EDGE_CURVE('',#5125,#5125,#2563,.T.);
#6290=EDGE_CURVE('',#5126,#5126,#2564,.T.);
#6291=EDGE_CURVE('',#5126,#5127,#3182,.T.);
#6292=EDGE_CURVE('',#5127,#5127,#2565,.T.);
#6293=EDGE_CURVE('',#5128,#5128,#2566,.T.);
#6294=EDGE_CURVE('',#5128,#5129,#3183,.T.);
#6295=EDGE_CURVE('',#5129,#5129,#2567,.T.);
#6296=EDGE_CURVE('',#5130,#5130,#2568,.T.);
#6297=EDGE_CURVE('',#5130,#5131,#3184,.T.);
#6298=EDGE_CURVE('',#5131,#5131,#2569,.T.);
#6299=EDGE_CURVE('',#5132,#5132,#2570,.T.);
#6300=EDGE_CURVE('',#5132,#5133,#3185,.T.);
#6301=EDGE_CURVE('',#5133,#5133,#2571,.T.);
#6302=EDGE_CURVE('',#5134,#5134,#2572,.T.);
#6303=EDGE_CURVE('',#5134,#5135,#3186,.T.);
#6304=EDGE_CURVE('',#5135,#5135,#2573,.T.);
#6305=EDGE_CURVE('',#5136,#5136,#2574,.T.);
#6306=EDGE_CURVE('',#5136,#5137,#3187,.T.);
#6307=EDGE_CURVE('',#5137,#5137,#2575,.T.);
#6308=EDGE_CURVE('',#5138,#5138,#2576,.T.);
#6309=EDGE_CURVE('',#5138,#5139,#3188,.T.);
#6310=EDGE_CURVE('',#5139,#5139,#2577,.T.);
#6311=EDGE_CURVE('',#5140,#5140,#2578,.T.);
#6312=EDGE_CURVE('',#5141,#5141,#2579,.T.);
#6313=EDGE_CURVE('',#5141,#5140,#3189,.T.);
#6314=EDGE_CURVE('',#5142,#5142,#2580,.T.);
#6315=EDGE_CURVE('',#5142,#5143,#3190,.T.);
#6316=EDGE_CURVE('',#5143,#5143,#2581,.T.);
#6317=EDGE_CURVE('',#5144,#5144,#2582,.T.);
#6318=EDGE_CURVE('',#5144,#5145,#3191,.T.);
#6319=EDGE_CURVE('',#5145,#5145,#2583,.T.);
#6320=EDGE_CURVE('',#5146,#5146,#2584,.T.);
#6321=EDGE_CURVE('',#5146,#5147,#3192,.T.);
#6322=EDGE_CURVE('',#5147,#5147,#2585,.T.);
#6323=EDGE_CURVE('',#5148,#5148,#2586,.T.);
#6324=EDGE_CURVE('',#5148,#5149,#3193,.T.);
#6325=EDGE_CURVE('',#5149,#5149,#2587,.T.);
#6326=EDGE_CURVE('',#5150,#5150,#2588,.T.);
#6327=EDGE_CURVE('',#5150,#5151,#3194,.T.);
#6328=EDGE_CURVE('',#5151,#5151,#2589,.T.);
#6329=EDGE_CURVE('',#5152,#5152,#2590,.T.);
#6330=EDGE_CURVE('',#5152,#5153,#3195,.T.);
#6331=EDGE_CURVE('',#5153,#5153,#2591,.T.);
#6332=EDGE_CURVE('',#5154,#5154,#2592,.T.);
#6333=EDGE_CURVE('',#5154,#5155,#3196,.T.);
#6334=EDGE_CURVE('',#5155,#5155,#2593,.T.);
#6335=EDGE_CURVE('',#5156,#5156,#2594,.T.);
#6336=EDGE_CURVE('',#5156,#5157,#3197,.T.);
#6337=EDGE_CURVE('',#5157,#5157,#2595,.T.);
#6338=EDGE_CURVE('',#5158,#5158,#2596,.T.);
#6339=EDGE_CURVE('',#5158,#5159,#3198,.T.);
#6340=EDGE_CURVE('',#5159,#5159,#2597,.T.);
#6341=EDGE_CURVE('',#5160,#5160,#2598,.T.);
#6342=EDGE_CURVE('',#5160,#5161,#3199,.T.);
#6343=EDGE_CURVE('',#5161,#5161,#2599,.T.);
#6344=EDGE_CURVE('',#5162,#5162,#2600,.T.);
#6345=EDGE_CURVE('',#5163,#5163,#2601,.T.);
#6346=EDGE_CURVE('',#5163,#5162,#3200,.T.);
#6347=EDGE_CURVE('',#5164,#5164,#2602,.T.);
#6348=EDGE_CURVE('',#5164,#5165,#3201,.T.);
#6349=EDGE_CURVE('',#5165,#5165,#2603,.T.);
#6350=EDGE_CURVE('',#5166,#5166,#2604,.T.);
#6351=EDGE_CURVE('',#5166,#5167,#3202,.T.);
#6352=EDGE_CURVE('',#5167,#5167,#2605,.T.);
#6353=EDGE_CURVE('',#5168,#5168,#2606,.T.);
#6354=EDGE_CURVE('',#5168,#5169,#3203,.T.);
#6355=EDGE_CURVE('',#5169,#5169,#2607,.T.);
#6356=EDGE_CURVE('',#5170,#5170,#2608,.T.);
#6357=EDGE_CURVE('',#5170,#5171,#3204,.T.);
#6358=EDGE_CURVE('',#5171,#5171,#2609,.T.);
#6359=EDGE_CURVE('',#5172,#5172,#2610,.T.);
#6360=EDGE_CURVE('',#5172,#5173,#3205,.T.);
#6361=EDGE_CURVE('',#5173,#5173,#2611,.T.);
#6362=EDGE_CURVE('',#5174,#5174,#2612,.T.);
#6363=EDGE_CURVE('',#5174,#5175,#3206,.T.);
#6364=EDGE_CURVE('',#5175,#5175,#2613,.T.);
#6365=EDGE_CURVE('',#5176,#5176,#2614,.T.);
#6366=EDGE_CURVE('',#5176,#5177,#3207,.T.);
#6367=EDGE_CURVE('',#5177,#5177,#2615,.T.);
#6368=EDGE_CURVE('',#5178,#5178,#2616,.T.);
#6369=EDGE_CURVE('',#5178,#5179,#3208,.T.);
#6370=EDGE_CURVE('',#5179,#5179,#2617,.T.);
#6371=EDGE_CURVE('',#5180,#5180,#2618,.T.);
#6372=EDGE_CURVE('',#5180,#5181,#3209,.T.);
#6373=EDGE_CURVE('',#5181,#5181,#2619,.T.);
#6374=EDGE_CURVE('',#5182,#5183,#3210,.T.);
#6375=EDGE_CURVE('',#5183,#5184,#3211,.T.);
#6376=EDGE_CURVE('',#5185,#5184,#3212,.T.);
#6377=EDGE_CURVE('',#5182,#5185,#3213,.T.);
#6378=EDGE_CURVE('',#5186,#5187,#3214,.T.);
#6379=EDGE_CURVE('',#5186,#5188,#3215,.T.);
#6380=EDGE_CURVE('',#5188,#5189,#3216,.T.);
#6381=EDGE_CURVE('',#5187,#5189,#3217,.T.);
#6382=EDGE_CURVE('',#5182,#5186,#3218,.T.);
#6383=EDGE_CURVE('',#5183,#5187,#3219,.T.);
#6384=EDGE_CURVE('',#5185,#5188,#3220,.T.);
#6385=EDGE_CURVE('',#5184,#5189,#3221,.T.);
#6386=EDGE_CURVE('',#5190,#5191,#3222,.T.);
#6387=EDGE_CURVE('',#5191,#5192,#3223,.T.);
#6388=EDGE_CURVE('',#5193,#5192,#3224,.T.);
#6389=EDGE_CURVE('',#5190,#5193,#3225,.T.);
#6390=EDGE_CURVE('',#5194,#5195,#3226,.T.);
#6391=EDGE_CURVE('',#5194,#5196,#3227,.T.);
#6392=EDGE_CURVE('',#5196,#5197,#3228,.T.);
#6393=EDGE_CURVE('',#5195,#5197,#3229,.T.);
#6394=EDGE_CURVE('',#5190,#5194,#3230,.T.);
#6395=EDGE_CURVE('',#5191,#5195,#3231,.T.);
#6396=EDGE_CURVE('',#5193,#5196,#3232,.T.);
#6397=EDGE_CURVE('',#5192,#5197,#3233,.T.);
#6398=EDGE_CURVE('',#5198,#5199,#3234,.T.);
#6399=EDGE_CURVE('',#5199,#5200,#3235,.T.);
#6400=EDGE_CURVE('',#5201,#5200,#3236,.T.);
#6401=EDGE_CURVE('',#5198,#5201,#3237,.T.);
#6402=EDGE_CURVE('',#5202,#5203,#3238,.T.);
#6403=EDGE_CURVE('',#5202,#5204,#3239,.T.);
#6404=EDGE_CURVE('',#5204,#5205,#3240,.T.);
#6405=EDGE_CURVE('',#5203,#5205,#3241,.T.);
#6406=EDGE_CURVE('',#5198,#5202,#3242,.T.);
#6407=EDGE_CURVE('',#5199,#5203,#3243,.T.);
#6408=EDGE_CURVE('',#5201,#5204,#3244,.T.);
#6409=EDGE_CURVE('',#5200,#5205,#3245,.T.);
#6410=EDGE_CURVE('',#5206,#5207,#3246,.T.);
#6411=EDGE_CURVE('',#5207,#5208,#3247,.T.);
#6412=EDGE_CURVE('',#5209,#5208,#3248,.T.);
#6413=EDGE_CURVE('',#5206,#5209,#3249,.T.);
#6414=EDGE_CURVE('',#5210,#5211,#3250,.T.);
#6415=EDGE_CURVE('',#5210,#5212,#3251,.T.);
#6416=EDGE_CURVE('',#5212,#5213,#3252,.T.);
#6417=EDGE_CURVE('',#5211,#5213,#3253,.T.);
#6418=EDGE_CURVE('',#5206,#5210,#3254,.T.);
#6419=EDGE_CURVE('',#5207,#5211,#3255,.T.);
#6420=EDGE_CURVE('',#5209,#5212,#3256,.T.);
#6421=EDGE_CURVE('',#5208,#5213,#3257,.T.);
#6422=EDGE_CURVE('',#5214,#5215,#3258,.T.);
#6423=EDGE_CURVE('',#5215,#5216,#3259,.T.);
#6424=EDGE_CURVE('',#5217,#5216,#3260,.T.);
#6425=EDGE_CURVE('',#5214,#5217,#3261,.T.);
#6426=EDGE_CURVE('',#5218,#5219,#3262,.T.);
#6427=EDGE_CURVE('',#5218,#5220,#3263,.T.);
#6428=EDGE_CURVE('',#5220,#5221,#3264,.T.);
#6429=EDGE_CURVE('',#5219,#5221,#3265,.T.);
#6430=EDGE_CURVE('',#5214,#5218,#3266,.T.);
#6431=EDGE_CURVE('',#5215,#5219,#3267,.T.);
#6432=EDGE_CURVE('',#5217,#5220,#3268,.T.);
#6433=EDGE_CURVE('',#5216,#5221,#3269,.T.);
#6434=EDGE_CURVE('',#5222,#5223,#3270,.T.);
#6435=EDGE_CURVE('',#5223,#5224,#3271,.T.);
#6436=EDGE_CURVE('',#5225,#5224,#3272,.T.);
#6437=EDGE_CURVE('',#5222,#5225,#3273,.T.);
#6438=EDGE_CURVE('',#5226,#5227,#3274,.T.);
#6439=EDGE_CURVE('',#5226,#5228,#3275,.T.);
#6440=EDGE_CURVE('',#5228,#5229,#3276,.T.);
#6441=EDGE_CURVE('',#5227,#5229,#3277,.T.);
#6442=EDGE_CURVE('',#5222,#5226,#3278,.T.);
#6443=EDGE_CURVE('',#5223,#5227,#3279,.T.);
#6444=EDGE_CURVE('',#5225,#5228,#3280,.T.);
#6445=EDGE_CURVE('',#5224,#5229,#3281,.T.);
#6446=EDGE_CURVE('',#5230,#5231,#3282,.T.);
#6447=EDGE_CURVE('',#5231,#5232,#3283,.T.);
#6448=EDGE_CURVE('',#5233,#5232,#3284,.T.);
#6449=EDGE_CURVE('',#5230,#5233,#3285,.T.);
#6450=EDGE_CURVE('',#5234,#5235,#3286,.T.);
#6451=EDGE_CURVE('',#5234,#5236,#3287,.T.);
#6452=EDGE_CURVE('',#5236,#5237,#3288,.T.);
#6453=EDGE_CURVE('',#5235,#5237,#3289,.T.);
#6454=EDGE_CURVE('',#5230,#5234,#3290,.T.);
#6455=EDGE_CURVE('',#5231,#5235,#3291,.T.);
#6456=EDGE_CURVE('',#5233,#5236,#3292,.T.);
#6457=EDGE_CURVE('',#5232,#5237,#3293,.T.);
#6458=EDGE_CURVE('',#5238,#5239,#3294,.T.);
#6459=EDGE_CURVE('',#5239,#5240,#3295,.T.);
#6460=EDGE_CURVE('',#5241,#5240,#3296,.T.);
#6461=EDGE_CURVE('',#5238,#5241,#3297,.T.);
#6462=EDGE_CURVE('',#5242,#5243,#3298,.T.);
#6463=EDGE_CURVE('',#5242,#5244,#3299,.T.);
#6464=EDGE_CURVE('',#5244,#5245,#3300,.T.);
#6465=EDGE_CURVE('',#5243,#5245,#3301,.T.);
#6466=EDGE_CURVE('',#5238,#5242,#3302,.T.);
#6467=EDGE_CURVE('',#5239,#5243,#3303,.T.);
#6468=EDGE_CURVE('',#5241,#5244,#3304,.T.);
#6469=EDGE_CURVE('',#5240,#5245,#3305,.T.);
#6470=EDGE_CURVE('',#5246,#5247,#3306,.T.);
#6471=EDGE_CURVE('',#5247,#5248,#3307,.T.);
#6472=EDGE_CURVE('',#5249,#5248,#3308,.T.);
#6473=EDGE_CURVE('',#5246,#5249,#3309,.T.);
#6474=EDGE_CURVE('',#5250,#5251,#3310,.T.);
#6475=EDGE_CURVE('',#5250,#5252,#3311,.T.);
#6476=EDGE_CURVE('',#5252,#5253,#3312,.T.);
#6477=EDGE_CURVE('',#5251,#5253,#3313,.T.);
#6478=EDGE_CURVE('',#5246,#5250,#3314,.T.);
#6479=EDGE_CURVE('',#5247,#5251,#3315,.T.);
#6480=EDGE_CURVE('',#5249,#5252,#3316,.T.);
#6481=EDGE_CURVE('',#5248,#5253,#3317,.T.);
#6482=EDGE_CURVE('',#5254,#5255,#3318,.T.);
#6483=EDGE_CURVE('',#5255,#5256,#3319,.T.);
#6484=EDGE_CURVE('',#5257,#5256,#3320,.T.);
#6485=EDGE_CURVE('',#5254,#5257,#3321,.T.);
#6486=EDGE_CURVE('',#5258,#5259,#3322,.T.);
#6487=EDGE_CURVE('',#5258,#5260,#3323,.T.);
#6488=EDGE_CURVE('',#5260,#5261,#3324,.T.);
#6489=EDGE_CURVE('',#5259,#5261,#3325,.T.);
#6490=EDGE_CURVE('',#5254,#5258,#3326,.T.);
#6491=EDGE_CURVE('',#5255,#5259,#3327,.T.);
#6492=EDGE_CURVE('',#5257,#5260,#3328,.T.);
#6493=EDGE_CURVE('',#5256,#5261,#3329,.T.);
#6494=EDGE_CURVE('',#5262,#5263,#3330,.T.);
#6495=EDGE_CURVE('',#5263,#5264,#3331,.T.);
#6496=EDGE_CURVE('',#5265,#5264,#3332,.T.);
#6497=EDGE_CURVE('',#5262,#5265,#3333,.T.);
#6498=EDGE_CURVE('',#5266,#5267,#3334,.T.);
#6499=EDGE_CURVE('',#5266,#5268,#3335,.T.);
#6500=EDGE_CURVE('',#5268,#5269,#3336,.T.);
#6501=EDGE_CURVE('',#5267,#5269,#3337,.T.);
#6502=EDGE_CURVE('',#5262,#5266,#3338,.T.);
#6503=EDGE_CURVE('',#5263,#5267,#3339,.T.);
#6504=EDGE_CURVE('',#5265,#5268,#3340,.T.);
#6505=EDGE_CURVE('',#5264,#5269,#3341,.T.);
#6506=EDGE_CURVE('',#5270,#5271,#3342,.T.);
#6507=EDGE_CURVE('',#5271,#5272,#3343,.T.);
#6508=EDGE_CURVE('',#5273,#5272,#3344,.T.);
#6509=EDGE_CURVE('',#5270,#5273,#3345,.T.);
#6510=EDGE_CURVE('',#5274,#5275,#3346,.T.);
#6511=EDGE_CURVE('',#5274,#5276,#3347,.T.);
#6512=EDGE_CURVE('',#5276,#5277,#3348,.T.);
#6513=EDGE_CURVE('',#5275,#5277,#3349,.T.);
#6514=EDGE_CURVE('',#5270,#5274,#3350,.T.);
#6515=EDGE_CURVE('',#5271,#5275,#3351,.T.);
#6516=EDGE_CURVE('',#5273,#5276,#3352,.T.);
#6517=EDGE_CURVE('',#5272,#5277,#3353,.T.);
#6518=EDGE_CURVE('',#5278,#5279,#3354,.T.);
#6519=EDGE_CURVE('',#5279,#5280,#3355,.T.);
#6520=EDGE_CURVE('',#5281,#5280,#3356,.T.);
#6521=EDGE_CURVE('',#5278,#5281,#3357,.T.);
#6522=EDGE_CURVE('',#5282,#5283,#3358,.T.);
#6523=EDGE_CURVE('',#5282,#5284,#3359,.T.);
#6524=EDGE_CURVE('',#5284,#5285,#3360,.T.);
#6525=EDGE_CURVE('',#5283,#5285,#3361,.T.);
#6526=EDGE_CURVE('',#5278,#5282,#3362,.T.);
#6527=EDGE_CURVE('',#5279,#5283,#3363,.T.);
#6528=EDGE_CURVE('',#5281,#5284,#3364,.T.);
#6529=EDGE_CURVE('',#5280,#5285,#3365,.T.);
#6530=EDGE_CURVE('',#5286,#5287,#3366,.T.);
#6531=EDGE_CURVE('',#5287,#5288,#3367,.T.);
#6532=EDGE_CURVE('',#5289,#5288,#3368,.T.);
#6533=EDGE_CURVE('',#5286,#5289,#3369,.T.);
#6534=EDGE_CURVE('',#5290,#5291,#3370,.T.);
#6535=EDGE_CURVE('',#5290,#5292,#3371,.T.);
#6536=EDGE_CURVE('',#5292,#5293,#3372,.T.);
#6537=EDGE_CURVE('',#5291,#5293,#3373,.T.);
#6538=EDGE_CURVE('',#5286,#5290,#3374,.T.);
#6539=EDGE_CURVE('',#5287,#5291,#3375,.T.);
#6540=EDGE_CURVE('',#5289,#5292,#3376,.T.);
#6541=EDGE_CURVE('',#5288,#5293,#3377,.T.);
#6542=EDGE_CURVE('',#5294,#5295,#3378,.T.);
#6543=EDGE_CURVE('',#5295,#5296,#3379,.T.);
#6544=EDGE_CURVE('',#5297,#5296,#3380,.T.);
#6545=EDGE_CURVE('',#5294,#5297,#3381,.T.);
#6546=EDGE_CURVE('',#5298,#5299,#3382,.T.);
#6547=EDGE_CURVE('',#5298,#5300,#3383,.T.);
#6548=EDGE_CURVE('',#5300,#5301,#3384,.T.);
#6549=EDGE_CURVE('',#5299,#5301,#3385,.T.);
#6550=EDGE_CURVE('',#5294,#5298,#3386,.T.);
#6551=EDGE_CURVE('',#5295,#5299,#3387,.T.);
#6552=EDGE_CURVE('',#5297,#5300,#3388,.T.);
#6553=EDGE_CURVE('',#5296,#5301,#3389,.T.);
#6554=EDGE_CURVE('',#5302,#5303,#3390,.T.);
#6555=EDGE_CURVE('',#5303,#5304,#3391,.T.);
#6556=EDGE_CURVE('',#5305,#5304,#3392,.T.);
#6557=EDGE_CURVE('',#5302,#5305,#3393,.T.);
#6558=EDGE_CURVE('',#5306,#5307,#3394,.T.);
#6559=EDGE_CURVE('',#5306,#5308,#3395,.T.);
#6560=EDGE_CURVE('',#5308,#5309,#3396,.T.);
#6561=EDGE_CURVE('',#5307,#5309,#3397,.T.);
#6562=EDGE_CURVE('',#5302,#5306,#3398,.T.);
#6563=EDGE_CURVE('',#5303,#5307,#3399,.T.);
#6564=EDGE_CURVE('',#5305,#5308,#3400,.T.);
#6565=EDGE_CURVE('',#5304,#5309,#3401,.T.);
#6566=EDGE_CURVE('',#5310,#5311,#3402,.T.);
#6567=EDGE_CURVE('',#5311,#5312,#3403,.T.);
#6568=EDGE_CURVE('',#5313,#5312,#3404,.T.);
#6569=EDGE_CURVE('',#5310,#5313,#3405,.T.);
#6570=EDGE_CURVE('',#5314,#5315,#3406,.T.);
#6571=EDGE_CURVE('',#5314,#5316,#3407,.T.);
#6572=EDGE_CURVE('',#5316,#5317,#3408,.T.);
#6573=EDGE_CURVE('',#5315,#5317,#3409,.T.);
#6574=EDGE_CURVE('',#5310,#5314,#3410,.T.);
#6575=EDGE_CURVE('',#5311,#5315,#3411,.T.);
#6576=EDGE_CURVE('',#5313,#5316,#3412,.T.);
#6577=EDGE_CURVE('',#5312,#5317,#3413,.T.);
#6578=EDGE_CURVE('',#5318,#5319,#3414,.T.);
#6579=EDGE_CURVE('',#5319,#5320,#3415,.T.);
#6580=EDGE_CURVE('',#5321,#5320,#3416,.T.);
#6581=EDGE_CURVE('',#5318,#5321,#3417,.T.);
#6582=EDGE_CURVE('',#5322,#5323,#3418,.T.);
#6583=EDGE_CURVE('',#5322,#5324,#3419,.T.);
#6584=EDGE_CURVE('',#5324,#5325,#3420,.T.);
#6585=EDGE_CURVE('',#5323,#5325,#3421,.T.);
#6586=EDGE_CURVE('',#5318,#5322,#3422,.T.);
#6587=EDGE_CURVE('',#5319,#5323,#3423,.T.);
#6588=EDGE_CURVE('',#5321,#5324,#3424,.T.);
#6589=EDGE_CURVE('',#5320,#5325,#3425,.T.);
#6590=EDGE_CURVE('',#5326,#5327,#3426,.T.);
#6591=EDGE_CURVE('',#5327,#5328,#3427,.T.);
#6592=EDGE_CURVE('',#5329,#5328,#3428,.T.);
#6593=EDGE_CURVE('',#5326,#5329,#3429,.T.);
#6594=EDGE_CURVE('',#5330,#5331,#3430,.T.);
#6595=EDGE_CURVE('',#5330,#5332,#3431,.T.);
#6596=EDGE_CURVE('',#5332,#5333,#3432,.T.);
#6597=EDGE_CURVE('',#5331,#5333,#3433,.T.);
#6598=EDGE_CURVE('',#5326,#5330,#3434,.T.);
#6599=EDGE_CURVE('',#5327,#5331,#3435,.T.);
#6600=EDGE_CURVE('',#5329,#5332,#3436,.T.);
#6601=EDGE_CURVE('',#5328,#5333,#3437,.T.);
#6602=EDGE_CURVE('',#5334,#5335,#3438,.T.);
#6603=EDGE_CURVE('',#5335,#5336,#3439,.T.);
#6604=EDGE_CURVE('',#5337,#5336,#3440,.T.);
#6605=EDGE_CURVE('',#5334,#5337,#3441,.T.);
#6606=EDGE_CURVE('',#5338,#5339,#3442,.T.);
#6607=EDGE_CURVE('',#5338,#5340,#3443,.T.);
#6608=EDGE_CURVE('',#5340,#5341,#3444,.T.);
#6609=EDGE_CURVE('',#5339,#5341,#3445,.T.);
#6610=EDGE_CURVE('',#5334,#5338,#3446,.T.);
#6611=EDGE_CURVE('',#5335,#5339,#3447,.T.);
#6612=EDGE_CURVE('',#5337,#5340,#3448,.T.);
#6613=EDGE_CURVE('',#5336,#5341,#3449,.T.);
#6614=EDGE_CURVE('',#5342,#5343,#3450,.T.);
#6615=EDGE_CURVE('',#5343,#5344,#3451,.T.);
#6616=EDGE_CURVE('',#5345,#5344,#3452,.T.);
#6617=EDGE_CURVE('',#5342,#5345,#3453,.T.);
#6618=EDGE_CURVE('',#5346,#5347,#3454,.T.);
#6619=EDGE_CURVE('',#5346,#5348,#3455,.T.);
#6620=EDGE_CURVE('',#5348,#5349,#3456,.T.);
#6621=EDGE_CURVE('',#5347,#5349,#3457,.T.);
#6622=EDGE_CURVE('',#5342,#5346,#3458,.T.);
#6623=EDGE_CURVE('',#5343,#5347,#3459,.T.);
#6624=EDGE_CURVE('',#5345,#5348,#3460,.T.);
#6625=EDGE_CURVE('',#5344,#5349,#3461,.T.);
#6626=EDGE_CURVE('',#5350,#5351,#3462,.T.);
#6627=EDGE_CURVE('',#5351,#5352,#3463,.T.);
#6628=EDGE_CURVE('',#5353,#5352,#3464,.T.);
#6629=EDGE_CURVE('',#5350,#5353,#3465,.T.);
#6630=EDGE_CURVE('',#5354,#5355,#3466,.T.);
#6631=EDGE_CURVE('',#5354,#5356,#3467,.T.);
#6632=EDGE_CURVE('',#5356,#5357,#3468,.T.);
#6633=EDGE_CURVE('',#5355,#5357,#3469,.T.);
#6634=EDGE_CURVE('',#5350,#5354,#3470,.T.);
#6635=EDGE_CURVE('',#5351,#5355,#3471,.T.);
#6636=EDGE_CURVE('',#5353,#5356,#3472,.T.);
#6637=EDGE_CURVE('',#5352,#5357,#3473,.T.);
#6638=EDGE_CURVE('',#5358,#5359,#3474,.T.);
#6639=EDGE_CURVE('',#5359,#5360,#3475,.T.);
#6640=EDGE_CURVE('',#5361,#5360,#3476,.T.);
#6641=EDGE_CURVE('',#5358,#5361,#3477,.T.);
#6642=EDGE_CURVE('',#5362,#5363,#3478,.T.);
#6643=EDGE_CURVE('',#5362,#5364,#3479,.T.);
#6644=EDGE_CURVE('',#5364,#5365,#3480,.T.);
#6645=EDGE_CURVE('',#5363,#5365,#3481,.T.);
#6646=EDGE_CURVE('',#5358,#5362,#3482,.T.);
#6647=EDGE_CURVE('',#5359,#5363,#3483,.T.);
#6648=EDGE_CURVE('',#5361,#5364,#3484,.T.);
#6649=EDGE_CURVE('',#5360,#5365,#3485,.T.);
#6650=EDGE_CURVE('',#5366,#5367,#3486,.T.);
#6651=EDGE_CURVE('',#5367,#5368,#3487,.T.);
#6652=EDGE_CURVE('',#5369,#5368,#3488,.T.);
#6653=EDGE_CURVE('',#5366,#5369,#3489,.T.);
#6654=EDGE_CURVE('',#5370,#5371,#3490,.T.);
#6655=EDGE_CURVE('',#5370,#5372,#3491,.T.);
#6656=EDGE_CURVE('',#5372,#5373,#3492,.T.);
#6657=EDGE_CURVE('',#5371,#5373,#3493,.T.);
#6658=EDGE_CURVE('',#5366,#5370,#3494,.T.);
#6659=EDGE_CURVE('',#5367,#5371,#3495,.T.);
#6660=EDGE_CURVE('',#5369,#5372,#3496,.T.);
#6661=EDGE_CURVE('',#5368,#5373,#3497,.T.);
#6662=EDGE_CURVE('',#5374,#5375,#3498,.T.);
#6663=EDGE_CURVE('',#5375,#5376,#3499,.T.);
#6664=EDGE_CURVE('',#5377,#5376,#3500,.T.);
#6665=EDGE_CURVE('',#5374,#5377,#3501,.T.);
#6666=EDGE_CURVE('',#5378,#5379,#3502,.T.);
#6667=EDGE_CURVE('',#5378,#5380,#3503,.T.);
#6668=EDGE_CURVE('',#5380,#5381,#3504,.T.);
#6669=EDGE_CURVE('',#5379,#5381,#3505,.T.);
#6670=EDGE_CURVE('',#5374,#5378,#3506,.T.);
#6671=EDGE_CURVE('',#5375,#5379,#3507,.T.);
#6672=EDGE_CURVE('',#5377,#5380,#3508,.T.);
#6673=EDGE_CURVE('',#5376,#5381,#3509,.T.);
#6674=EDGE_CURVE('',#5382,#5383,#3510,.T.);
#6675=EDGE_CURVE('',#5383,#5384,#3511,.T.);
#6676=EDGE_CURVE('',#5385,#5384,#3512,.T.);
#6677=EDGE_CURVE('',#5386,#5385,#3513,.T.);
#6678=EDGE_CURVE('',#5386,#5387,#3514,.T.);
#6679=EDGE_CURVE('',#5387,#5388,#3515,.T.);
#6680=EDGE_CURVE('',#5389,#5388,#3516,.T.);
#6681=EDGE_CURVE('',#5382,#5389,#3517,.T.);
#6682=EDGE_CURVE('',#5390,#5391,#3518,.T.);
#6683=EDGE_CURVE('',#5383,#5391,#3519,.T.);
#6684=EDGE_CURVE('',#5382,#5392,#3520,.T.);
#6685=EDGE_CURVE('',#5392,#5393,#3521,.T.);
#6686=EDGE_CURVE('',#5393,#5394,#3522,.T.);
#6687=EDGE_CURVE('',#5394,#5395,#3523,.T.);
#6688=EDGE_CURVE('',#5390,#5395,#3524,.T.);
#6689=EDGE_CURVE('',#5396,#5396,#2620,.T.);
#6690=EDGE_CURVE('',#5397,#5397,#2621,.T.);
#6691=EDGE_CURVE('',#5398,#5398,#2622,.T.);
#6692=EDGE_CURVE('',#5399,#5399,#2623,.T.);
#6693=EDGE_CURVE('',#5400,#5401,#3525,.T.);
#6694=EDGE_CURVE('',#5401,#5402,#3526,.F.);
#6695=EDGE_CURVE('',#5402,#5403,#3527,.T.);
#6696=EDGE_CURVE('',#5400,#5403,#3528,.T.);
#6697=EDGE_CURVE('',#5404,#5404,#2624,.T.);
#6698=EDGE_CURVE('',#5405,#5405,#2625,.T.);
#6699=EDGE_CURVE('',#5406,#5406,#2626,.T.);
#6700=EDGE_CURVE('',#5407,#5407,#2627,.T.);
#6701=EDGE_CURVE('',#5408,#5409,#3529,.T.);
#6702=EDGE_CURVE('',#5410,#5408,#3530,.T.);
#6703=EDGE_CURVE('',#5411,#5410,#3531,.T.);
#6704=EDGE_CURVE('',#5409,#5411,#3532,.T.);
#6705=EDGE_CURVE('',#5412,#5413,#3533,.T.);
#6706=EDGE_CURVE('',#5414,#5413,#3534,.T.);
#6707=EDGE_CURVE('',#5415,#5414,#3535,.T.);
#6708=EDGE_CURVE('',#5415,#5412,#3536,.T.);
#6709=EDGE_CURVE('',#5416,#5417,#3537,.T.);
#6710=EDGE_CURVE('',#5394,#5416,#3538,.T.);
#6711=EDGE_CURVE('',#5393,#5417,#3539,.T.);
#6712=EDGE_CURVE('',#5418,#5419,#3540,.T.);
#6713=EDGE_CURVE('',#5418,#5420,#3541,.T.);
#6714=EDGE_CURVE('',#5420,#5421,#3542,.T.);
#6715=EDGE_CURVE('',#5421,#5419,#3543,.T.);
#6716=EDGE_CURVE('',#5418,#5403,#3544,.T.);
#6717=EDGE_CURVE('',#5400,#5419,#3545,.T.);
#6718=EDGE_CURVE('',#5422,#5422,#2628,.T.);
#6719=EDGE_CURVE('',#5423,#5423,#2629,.T.);
#6720=EDGE_CURVE('',#5424,#5424,#2630,.T.);
#6721=EDGE_CURVE('',#5425,#5420,#3546,.T.);
#6722=EDGE_CURVE('',#5426,#5425,#3547,.T.);
#6723=EDGE_CURVE('',#5427,#5426,#3548,.T.);
#6724=EDGE_CURVE('',#5428,#5427,#3549,.T.);
#6725=EDGE_CURVE('',#5428,#5391,#3550,.T.);
#6726=EDGE_CURVE('',#5429,#5390,#3551,.T.);
#6727=EDGE_CURVE('',#5430,#5429,#3552,.T.);
#6728=EDGE_CURVE('',#5421,#5430,#3553,.T.);
#6729=EDGE_CURVE('',#5431,#5432,#3554,.T.);
#6730=EDGE_CURVE('',#5432,#5402,#3555,.T.);
#6731=EDGE_CURVE('',#5401,#5433,#3556,.T.);
#6732=EDGE_CURVE('',#5433,#5434,#3557,.T.);
#6733=EDGE_CURVE('',#5434,#5395,#3558,.T.);
#6734=EDGE_CURVE('',#5413,#5416,#3559,.T.);
#6735=EDGE_CURVE('',#5435,#5412,#3560,.T.);
#6736=EDGE_CURVE('',#5435,#5431,#3561,.T.);
#6737=EDGE_CURVE('',#5436,#5436,#2631,.T.);
#6738=EDGE_CURVE('',#5437,#5438,#3562,.T.);
#6739=EDGE_CURVE('',#5437,#5439,#2632,.T.);
#6740=EDGE_CURVE('',#5440,#5439,#3563,.T.);
#6741=EDGE_CURVE('',#5441,#5440,#3564,.T.);
#6742=EDGE_CURVE('',#5415,#5441,#3565,.T.);
#6743=EDGE_CURVE('',#5417,#5414,#3566,.T.);
#6744=EDGE_CURVE('',#5392,#5438,#3567,.T.);
#6745=EDGE_CURVE('',#5388,#5440,#3568,.T.);
#6746=EDGE_CURVE('',#5387,#5441,#3569,.T.);
#6747=EDGE_CURVE('',#5438,#5389,#3570,.T.);
#6748=EDGE_CURVE('',#5386,#5428,#3571,.T.);
#6749=EDGE_CURVE('',#5435,#5427,#3572,.T.);
#6750=EDGE_CURVE('',#5442,#5442,#2633,.T.);
#6751=EDGE_CURVE('',#5443,#5443,#2634,.T.);
#6752=EDGE_CURVE('',#5444,#5444,#2635,.T.);
#6753=EDGE_CURVE('',#5445,#5445,#2636,.T.);
#6754=EDGE_CURVE('',#5446,#5446,#2637,.T.);
#6755=EDGE_CURVE('',#5446,#5445,#3573,.T.);
#6756=EDGE_CURVE('',#5447,#5447,#2638,.T.);
#6757=EDGE_CURVE('',#5447,#5396,#3574,.T.);
#6758=EDGE_CURVE('',#5448,#5448,#2639,.T.);
#6759=EDGE_CURVE('',#5448,#5397,#3575,.T.);
#6760=EDGE_CURVE('',#5449,#5449,#2640,.T.);
#6761=EDGE_CURVE('',#5449,#5444,#3576,.T.);
#6762=EDGE_CURVE('',#5450,#5439,#3577,.T.);
#6763=EDGE_CURVE('',#5450,#5451,#3578,.T.);
#6764=EDGE_CURVE('',#5437,#5451,#3579,.F.);
#6765=EDGE_CURVE('',#5404,#5398,#3580,.T.);
#6766=EDGE_CURVE('',#5405,#5443,#3581,.T.);
#6767=EDGE_CURVE('',#5406,#5399,#3582,.T.);
#6768=EDGE_CURVE('',#5407,#5442,#3583,.T.);
#6769=EDGE_CURVE('',#5431,#5426,#3584,.T.);
#6770=EDGE_CURVE('',#5432,#5425,#3585,.T.);
#6771=EDGE_CURVE('',#5430,#5433,#3586,.T.);
#6772=EDGE_CURVE('',#5434,#5429,#3587,.T.);
#6773=EDGE_CURVE('',#5452,#5409,#3588,.T.);
#6774=EDGE_CURVE('',#5453,#5452,#3589,.T.);
#6775=EDGE_CURVE('',#5453,#5408,#3590,.T.);
#6776=EDGE_CURVE('',#5454,#5455,#3591,.T.);
#6777=EDGE_CURVE('',#5456,#5454,#2641,.T.);
#6778=EDGE_CURVE('',#5456,#5457,#3592,.T.);
#6779=EDGE_CURVE('',#5455,#5457,#2642,.T.);
#6780=EDGE_CURVE('',#5458,#5459,#3593,.T.);
#6781=EDGE_CURVE('',#5460,#5459,#2643,.T.);
#6782=EDGE_CURVE('',#5461,#5460,#3594,.T.);
#6783=EDGE_CURVE('',#5458,#5461,#2644,.T.);
#6784=EDGE_CURVE('',#5462,#5411,#3595,.T.);
#6785=EDGE_CURVE('',#5452,#5462,#3596,.T.);
#6786=EDGE_CURVE('',#5463,#5410,#3597,.T.);
#6787=EDGE_CURVE('',#5462,#5463,#3598,.T.);
#6788=EDGE_CURVE('',#5464,#5465,#3599,.T.);
#6789=EDGE_CURVE('',#5465,#5466,#2645,.T.);
#6790=EDGE_CURVE('',#5466,#5467,#3600,.T.);
#6791=EDGE_CURVE('',#5467,#5464,#2646,.T.);
#6792=EDGE_CURVE('',#5468,#5469,#2647,.T.);
#6793=EDGE_CURVE('',#5469,#5470,#3601,.T.);
#6794=EDGE_CURVE('',#5470,#5471,#2648,.T.);
#6795=EDGE_CURVE('',#5471,#5468,#3602,.T.);
#6796=EDGE_CURVE('',#5463,#5453,#3603,.T.);
#6797=EDGE_CURVE('',#5458,#5468,#3604,.F.);
#6798=EDGE_CURVE('',#5469,#5461,#3605,.T.);
#6799=EDGE_CURVE('',#5460,#5470,#3606,.F.);
#6800=EDGE_CURVE('',#5471,#5459,#3607,.T.);
#6801=EDGE_CURVE('',#5456,#5465,#3608,.F.);
#6802=EDGE_CURVE('',#5466,#5454,#3609,.T.);
#6803=EDGE_CURVE('',#5455,#5467,#3610,.F.);
#6804=EDGE_CURVE('',#5464,#5457,#3611,.T.);
#6805=EDGE_CURVE('',#5472,#5472,#2649,.T.);
#6806=EDGE_CURVE('',#5472,#5424,#3612,.T.);
#6807=EDGE_CURVE('',#5473,#5473,#2650,.T.);
#6808=EDGE_CURVE('',#5474,#5474,#2651,.T.);
#6809=EDGE_CURVE('',#5474,#5473,#3613,.T.);
#6810=EDGE_CURVE('',#5475,#5476,#3614,.T.);
#6811=EDGE_CURVE('',#5476,#5477,#3615,.T.);
#6812=EDGE_CURVE('',#5478,#5477,#3616,.T.);
#6813=EDGE_CURVE('',#5475,#5478,#3617,.T.);
#6814=EDGE_CURVE('',#5384,#5477,#3618,.T.);
#6815=EDGE_CURVE('',#5385,#5476,#3619,.T.);
#6816=EDGE_CURVE('',#5391,#5478,#3620,.T.);
#6817=EDGE_CURVE('',#5428,#5475,#3621,.T.);
#6818=EDGE_CURVE('',#5479,#5480,#3622,.T.);
#6819=EDGE_CURVE('',#5480,#5480,#2652,.T.);
#6820=EDGE_CURVE('',#5480,#5423,#3623,.T.);
#6821=EDGE_CURVE('',#5481,#5482,#3624,.T.);
#6822=EDGE_CURVE('',#5482,#5482,#2653,.T.);
#6823=EDGE_CURVE('',#5482,#5422,#3625,.T.);
#6824=EDGE_CURVE('',#5450,#5483,#2654,.T.);
#6825=EDGE_CURVE('',#5483,#5451,#2655,.T.);
#6826=EDGE_CURVE('',#5483,#5436,#3626,.T.);
#6827=ORIENTED_EDGE('',*,*,#5484,.F.);
#6828=ORIENTED_EDGE('',*,*,#5485,.T.);
#6829=ORIENTED_EDGE('',*,*,#5486,.T.);
#6830=ORIENTED_EDGE('',*,*,#5487,.T.);
#6831=ORIENTED_EDGE('',*,*,#5488,.T.);
#6832=ORIENTED_EDGE('',*,*,#5489,.T.);
#6833=ORIENTED_EDGE('',*,*,#5490,.F.);
#6834=ORIENTED_EDGE('',*,*,#5491,.T.);
#6835=ORIENTED_EDGE('',*,*,#5492,.F.);
#6836=ORIENTED_EDGE('',*,*,#5493,.T.);
#6837=ORIENTED_EDGE('',*,*,#5494,.F.);
#6838=ORIENTED_EDGE('',*,*,#5495,.F.);
#6839=ORIENTED_EDGE('',*,*,#5496,.F.);
#6840=ORIENTED_EDGE('',*,*,#5497,.T.);
#6841=ORIENTED_EDGE('',*,*,#5498,.F.);
#6842=ORIENTED_EDGE('',*,*,#5499,.T.);
#6843=ORIENTED_EDGE('',*,*,#5500,.F.);
#6844=ORIENTED_EDGE('',*,*,#5501,.T.);
#6845=ORIENTED_EDGE('',*,*,#5502,.F.);
#6846=ORIENTED_EDGE('',*,*,#5503,.T.);
#6847=ORIENTED_EDGE('',*,*,#5504,.F.);
#6848=ORIENTED_EDGE('',*,*,#5505,.F.);
#6849=ORIENTED_EDGE('',*,*,#5506,.T.);
#6850=ORIENTED_EDGE('',*,*,#5507,.F.);
#6851=ORIENTED_EDGE('',*,*,#5508,.F.);
#6852=ORIENTED_EDGE('',*,*,#5509,.T.);
#6853=ORIENTED_EDGE('',*,*,#5510,.F.);
#6854=ORIENTED_EDGE('',*,*,#5511,.F.);
#6855=ORIENTED_EDGE('',*,*,#5512,.F.);
#6856=ORIENTED_EDGE('',*,*,#5513,.T.);
#6857=ORIENTED_EDGE('',*,*,#5514,.F.);
#6858=ORIENTED_EDGE('',*,*,#5515,.F.);
#6859=ORIENTED_EDGE('',*,*,#5516,.T.);
#6860=ORIENTED_EDGE('',*,*,#5517,.F.);
#6861=ORIENTED_EDGE('',*,*,#5518,.F.);
#6862=ORIENTED_EDGE('',*,*,#5519,.T.);
#6863=ORIENTED_EDGE('',*,*,#5520,.T.);
#6864=ORIENTED_EDGE('',*,*,#5521,.T.);
#6865=ORIENTED_EDGE('',*,*,#5522,.F.);
#6866=ORIENTED_EDGE('',*,*,#5523,.T.);
#6867=ORIENTED_EDGE('',*,*,#5524,.F.);
#6868=ORIENTED_EDGE('',*,*,#5525,.T.);
#6869=ORIENTED_EDGE('',*,*,#5523,.F.);
#6870=ORIENTED_EDGE('',*,*,#5526,.F.);
#6871=ORIENTED_EDGE('',*,*,#5527,.T.);
#6872=ORIENTED_EDGE('',*,*,#5528,.T.);
#6873=ORIENTED_EDGE('',*,*,#5519,.F.);
#6874=ORIENTED_EDGE('',*,*,#5529,.T.);
#6875=ORIENTED_EDGE('',*,*,#5530,.T.);
#6876=ORIENTED_EDGE('',*,*,#5531,.T.);
#6877=ORIENTED_EDGE('',*,*,#5516,.F.);
#6878=ORIENTED_EDGE('',*,*,#5532,.T.);
#6879=ORIENTED_EDGE('',*,*,#5533,.T.);
#6880=ORIENTED_EDGE('',*,*,#5534,.T.);
#6881=ORIENTED_EDGE('',*,*,#5513,.F.);
#6882=ORIENTED_EDGE('',*,*,#5535,.T.);
#6883=ORIENTED_EDGE('',*,*,#5485,.F.);
#6884=ORIENTED_EDGE('',*,*,#5536,.T.);
#6885=ORIENTED_EDGE('',*,*,#5537,.T.);
#6886=ORIENTED_EDGE('',*,*,#5538,.F.);
#6887=ORIENTED_EDGE('',*,*,#5539,.T.);
#6888=ORIENTED_EDGE('',*,*,#5540,.F.);
#6889=ORIENTED_EDGE('',*,*,#5501,.F.);
#6890=ORIENTED_EDGE('',*,*,#5541,.T.);
#6891=ORIENTED_EDGE('',*,*,#5542,.F.);
#6892=ORIENTED_EDGE('',*,*,#5543,.T.);
#6893=ORIENTED_EDGE('',*,*,#5499,.F.);
#6894=ORIENTED_EDGE('',*,*,#5544,.T.);
#6895=ORIENTED_EDGE('',*,*,#5545,.F.);
#6896=ORIENTED_EDGE('',*,*,#5546,.T.);
#6897=ORIENTED_EDGE('',*,*,#5497,.F.);
#6898=ORIENTED_EDGE('',*,*,#5547,.T.);
#6899=ORIENTED_EDGE('',*,*,#5548,.F.);
#6900=ORIENTED_EDGE('',*,*,#5549,.T.);
#6901=ORIENTED_EDGE('',*,*,#5493,.F.);
#6902=ORIENTED_EDGE('',*,*,#5550,.T.);
#6903=ORIENTED_EDGE('',*,*,#5551,.F.);
#6904=ORIENTED_EDGE('',*,*,#5552,.T.);
#6905=ORIENTED_EDGE('',*,*,#5491,.F.);
#6906=ORIENTED_EDGE('',*,*,#5553,.T.);
#6907=ORIENTED_EDGE('',*,*,#5554,.F.);
#6908=ORIENTED_EDGE('',*,*,#5555,.T.);
#6909=ORIENTED_EDGE('',*,*,#5489,.F.);
#6910=ORIENTED_EDGE('',*,*,#5556,.T.);
#6911=ORIENTED_EDGE('',*,*,#5557,.T.);
#6912=ORIENTED_EDGE('',*,*,#5558,.T.);
#6913=ORIENTED_EDGE('',*,*,#5559,.F.);
#6914=ORIENTED_EDGE('',*,*,#5560,.F.);
#6915=ORIENTED_EDGE('',*,*,#5561,.T.);
#6916=ORIENTED_EDGE('',*,*,#5562,.T.);
#6917=ORIENTED_EDGE('',*,*,#5563,.F.);
#6918=ORIENTED_EDGE('',*,*,#5564,.T.);
#6919=ORIENTED_EDGE('',*,*,#5565,.F.);
#6920=ORIENTED_EDGE('',*,*,#5566,.T.);
#6921=ORIENTED_EDGE('',*,*,#5567,.T.);
#6922=ORIENTED_EDGE('',*,*,#5568,.T.);
#6923=ORIENTED_EDGE('',*,*,#5569,.F.);
#6924=ORIENTED_EDGE('',*,*,#5570,.T.);
#6925=ORIENTED_EDGE('',*,*,#5571,.T.);
#6926=ORIENTED_EDGE('',*,*,#5572,.T.);
#6927=ORIENTED_EDGE('',*,*,#5573,.F.);
#6928=ORIENTED_EDGE('',*,*,#5574,.F.);
#6929=ORIENTED_EDGE('',*,*,#5575,.F.);
#6930=ORIENTED_EDGE('',*,*,#5576,.T.);
#6931=ORIENTED_EDGE('',*,*,#5577,.F.);
#6932=ORIENTED_EDGE('',*,*,#5578,.T.);
#6933=ORIENTED_EDGE('',*,*,#5579,.T.);
#6934=ORIENTED_EDGE('',*,*,#5580,.T.);
#6935=ORIENTED_EDGE('',*,*,#5581,.F.);
#6936=ORIENTED_EDGE('',*,*,#5582,.F.);
#6937=ORIENTED_EDGE('',*,*,#5583,.T.);
#6938=ORIENTED_EDGE('',*,*,#5584,.T.);
#6939=ORIENTED_EDGE('',*,*,#5585,.T.);
#6940=ORIENTED_EDGE('',*,*,#5586,.T.);
#6941=ORIENTED_EDGE('',*,*,#5587,.F.);
#6942=ORIENTED_EDGE('',*,*,#5588,.F.);
#6943=ORIENTED_EDGE('',*,*,#5589,.F.);
#6944=ORIENTED_EDGE('',*,*,#5590,.F.);
#6945=ORIENTED_EDGE('',*,*,#5591,.T.);
#6946=ORIENTED_EDGE('',*,*,#5592,.T.);
#6947=ORIENTED_EDGE('',*,*,#5593,.T.);
#6948=ORIENTED_EDGE('',*,*,#5594,.T.);
#6949=ORIENTED_EDGE('',*,*,#5595,.T.);
#6950=ORIENTED_EDGE('',*,*,#5596,.T.);
#6951=ORIENTED_EDGE('',*,*,#5597,.T.);
#6952=ORIENTED_EDGE('',*,*,#5598,.T.);
#6953=ORIENTED_EDGE('',*,*,#5560,.T.);
#6954=ORIENTED_EDGE('',*,*,#5599,.T.);
#6955=ORIENTED_EDGE('',*,*,#5567,.F.);
#6956=ORIENTED_EDGE('',*,*,#5600,.F.);
#6957=ORIENTED_EDGE('',*,*,#5601,.F.);
#6958=ORIENTED_EDGE('',*,*,#5602,.F.);
#6959=ORIENTED_EDGE('',*,*,#5583,.F.);
#6960=ORIENTED_EDGE('',*,*,#5603,.T.);
#6961=ORIENTED_EDGE('',*,*,#5604,.F.);
#6962=ORIENTED_EDGE('',*,*,#5605,.F.);
#6963=ORIENTED_EDGE('',*,*,#5579,.F.);
#6964=ORIENTED_EDGE('',*,*,#5606,.F.);
#6965=ORIENTED_EDGE('',*,*,#5607,.F.);
#6966=ORIENTED_EDGE('',*,*,#5608,.T.);
#6967=ORIENTED_EDGE('',*,*,#5609,.F.);
#6968=ORIENTED_EDGE('',*,*,#5610,.T.);
#6969=ORIENTED_EDGE('',*,*,#5611,.T.);
#6970=ORIENTED_EDGE('',*,*,#5612,.F.);
#6971=ORIENTED_EDGE('',*,*,#5613,.F.);
#6972=ORIENTED_EDGE('',*,*,#5614,.F.);
#6973=ORIENTED_EDGE('',*,*,#5615,.F.);
#6974=ORIENTED_EDGE('',*,*,#5566,.F.);
#6975=ORIENTED_EDGE('',*,*,#5616,.F.);
#6976=ORIENTED_EDGE('',*,*,#5617,.T.);
#6977=ORIENTED_EDGE('',*,*,#5618,.T.);
#6978=ORIENTED_EDGE('',*,*,#5619,.F.);
#6979=ORIENTED_EDGE('',*,*,#5620,.F.);
#6980=ORIENTED_EDGE('',*,*,#5621,.T.);
#6981=ORIENTED_EDGE('',*,*,#5622,.F.);
#6982=ORIENTED_EDGE('',*,*,#5623,.T.);
#6983=ORIENTED_EDGE('',*,*,#5624,.T.);
#6984=ORIENTED_EDGE('',*,*,#5577,.T.);
#6985=ORIENTED_EDGE('',*,*,#5625,.T.);
#6986=ORIENTED_EDGE('',*,*,#5626,.T.);
#6987=ORIENTED_EDGE('',*,*,#5627,.F.);
#6988=ORIENTED_EDGE('',*,*,#5573,.T.);
#6989=ORIENTED_EDGE('',*,*,#5628,.T.);
#6990=ORIENTED_EDGE('',*,*,#5629,.F.);
#6991=ORIENTED_EDGE('',*,*,#5630,.T.);
#6992=ORIENTED_EDGE('',*,*,#5569,.T.);
#6993=ORIENTED_EDGE('',*,*,#5631,.F.);
#6994=ORIENTED_EDGE('',*,*,#5632,.T.);
#6995=ORIENTED_EDGE('',*,*,#5524,.T.);
#6996=ORIENTED_EDGE('',*,*,#5633,.T.);
#6997=ORIENTED_EDGE('',*,*,#5634,.T.);
#6998=ORIENTED_EDGE('',*,*,#5635,.T.);
#6999=ORIENTED_EDGE('',*,*,#5636,.T.);
#7000=ORIENTED_EDGE('',*,*,#5637,.F.);
#7001=ORIENTED_EDGE('',*,*,#5564,.F.);
#7002=ORIENTED_EDGE('',*,*,#5638,.T.);
#7003=ORIENTED_EDGE('',*,*,#5631,.T.);
#7004=ORIENTED_EDGE('',*,*,#5639,.F.);
#7005=ORIENTED_EDGE('',*,*,#5640,.T.);
#7006=ORIENTED_EDGE('',*,*,#5641,.F.);
#7007=ORIENTED_EDGE('',*,*,#5642,.F.);
#7008=ORIENTED_EDGE('',*,*,#5643,.T.);
#7009=ORIENTED_EDGE('',*,*,#5644,.T.);
#7010=ORIENTED_EDGE('',*,*,#5645,.F.);
#7011=ORIENTED_EDGE('',*,*,#5646,.F.);
#7012=ORIENTED_EDGE('',*,*,#5647,.T.);
#7013=ORIENTED_EDGE('',*,*,#5562,.F.);
#7014=ORIENTED_EDGE('',*,*,#5648,.T.);
#7015=ORIENTED_EDGE('',*,*,#5649,.T.);
#7016=ORIENTED_EDGE('',*,*,#5650,.T.);
#7017=ORIENTED_EDGE('',*,*,#5651,.F.);
#7018=ORIENTED_EDGE('',*,*,#5652,.F.);
#7019=ORIENTED_EDGE('',*,*,#5653,.T.);
#7020=ORIENTED_EDGE('',*,*,#5654,.F.);
#7021=ORIENTED_EDGE('',*,*,#5537,.F.);
#7022=ORIENTED_EDGE('',*,*,#5655,.T.);
#7023=ORIENTED_EDGE('',*,*,#5646,.T.);
#7024=ORIENTED_EDGE('',*,*,#5656,.F.);
#7025=ORIENTED_EDGE('',*,*,#5636,.F.);
#7026=ORIENTED_EDGE('',*,*,#5657,.T.);
#7027=ORIENTED_EDGE('',*,*,#5509,.F.);
#7028=ORIENTED_EDGE('',*,*,#5658,.T.);
#7029=ORIENTED_EDGE('',*,*,#5659,.T.);
#7030=ORIENTED_EDGE('',*,*,#5660,.T.);
#7031=ORIENTED_EDGE('',*,*,#5506,.F.);
#7032=ORIENTED_EDGE('',*,*,#5661,.T.);
#7033=ORIENTED_EDGE('',*,*,#5662,.T.);
#7034=ORIENTED_EDGE('',*,*,#5663,.T.);
#7035=ORIENTED_EDGE('',*,*,#5503,.F.);
#7036=ORIENTED_EDGE('',*,*,#5664,.F.);
#7037=ORIENTED_EDGE('',*,*,#5665,.T.);
#7038=ORIENTED_EDGE('',*,*,#5666,.F.);
#7039=ORIENTED_EDGE('',*,*,#5649,.F.);
#7040=ORIENTED_EDGE('',*,*,#5667,.F.);
#7041=ORIENTED_EDGE('',*,*,#5613,.T.);
#7042=ORIENTED_EDGE('',*,*,#5668,.F.);
#7043=ORIENTED_EDGE('',*,*,#5653,.F.);
#7044=ORIENTED_EDGE('',*,*,#5669,.T.);
#7045=ORIENTED_EDGE('',*,*,#5609,.T.);
#7046=ORIENTED_EDGE('',*,*,#5670,.F.);
#7047=ORIENTED_EDGE('',*,*,#5671,.F.);
#7048=ORIENTED_EDGE('',*,*,#5651,.T.);
#7049=ORIENTED_EDGE('',*,*,#5672,.T.);
#7050=ORIENTED_EDGE('',*,*,#5611,.F.);
#7051=ORIENTED_EDGE('',*,*,#5648,.F.);
#7052=ORIENTED_EDGE('',*,*,#5561,.F.);
#7053=ORIENTED_EDGE('',*,*,#5614,.T.);
#7054=ORIENTED_EDGE('',*,*,#5667,.T.);
#7055=ORIENTED_EDGE('',*,*,#5650,.F.);
#7056=ORIENTED_EDGE('',*,*,#5668,.T.);
#7057=ORIENTED_EDGE('',*,*,#5612,.T.);
#7058=ORIENTED_EDGE('',*,*,#5672,.F.);
#7059=ORIENTED_EDGE('',*,*,#5669,.F.);
#7060=ORIENTED_EDGE('',*,*,#5652,.T.);
#7061=ORIENTED_EDGE('',*,*,#5671,.T.);
#7062=ORIENTED_EDGE('',*,*,#5610,.F.);
#7063=ORIENTED_EDGE('',*,*,#5644,.F.);
#7064=ORIENTED_EDGE('',*,*,#5673,.F.);
#7065=ORIENTED_EDGE('',*,*,#5617,.F.);
#7066=ORIENTED_EDGE('',*,*,#5674,.T.);
#7067=ORIENTED_EDGE('',*,*,#5640,.F.);
#7068=ORIENTED_EDGE('',*,*,#5675,.F.);
#7069=ORIENTED_EDGE('',*,*,#5621,.F.);
#7070=ORIENTED_EDGE('',*,*,#5676,.T.);
#7071=ORIENTED_EDGE('',*,*,#5677,.T.);
#7072=ORIENTED_EDGE('',*,*,#5642,.T.);
#7073=ORIENTED_EDGE('',*,*,#5678,.F.);
#7074=ORIENTED_EDGE('',*,*,#5619,.T.);
#7075=ORIENTED_EDGE('',*,*,#5678,.T.);
#7076=ORIENTED_EDGE('',*,*,#5641,.T.);
#7077=ORIENTED_EDGE('',*,*,#5676,.F.);
#7078=ORIENTED_EDGE('',*,*,#5620,.T.);
#7079=ORIENTED_EDGE('',*,*,#5565,.T.);
#7080=ORIENTED_EDGE('',*,*,#5645,.T.);
#7081=ORIENTED_EDGE('',*,*,#5674,.F.);
#7082=ORIENTED_EDGE('',*,*,#5616,.T.);
#7083=ORIENTED_EDGE('',*,*,#5643,.F.);
#7084=ORIENTED_EDGE('',*,*,#5677,.F.);
#7085=ORIENTED_EDGE('',*,*,#5618,.F.);
#7086=ORIENTED_EDGE('',*,*,#5673,.T.);
#7087=ORIENTED_EDGE('',*,*,#5527,.F.);
#7088=ORIENTED_EDGE('',*,*,#5679,.T.);
#7089=ORIENTED_EDGE('',*,*,#5680,.F.);
#7090=ORIENTED_EDGE('',*,*,#5681,.F.);
#7091=ORIENTED_EDGE('',*,*,#5682,.F.);
#7092=ORIENTED_EDGE('',*,*,#5683,.F.);
#7093=ORIENTED_EDGE('',*,*,#5557,.F.);
#7094=ORIENTED_EDGE('',*,*,#5684,.F.);
#7095=ORIENTED_EDGE('',*,*,#5685,.F.);
#7096=ORIENTED_EDGE('',*,*,#5686,.F.);
#7097=ORIENTED_EDGE('',*,*,#5687,.F.);
#7098=ORIENTED_EDGE('',*,*,#5688,.F.);
#7099=ORIENTED_EDGE('',*,*,#5539,.F.);
#7100=ORIENTED_EDGE('',*,*,#5689,.F.);
#7101=ORIENTED_EDGE('',*,*,#5665,.F.);
#7102=ORIENTED_EDGE('',*,*,#5690,.T.);
#7103=ORIENTED_EDGE('',*,*,#5691,.F.);
#7104=ORIENTED_EDGE('',*,*,#5692,.F.);
#7105=ORIENTED_EDGE('',*,*,#5558,.F.);
#7106=ORIENTED_EDGE('',*,*,#5686,.T.);
#7107=ORIENTED_EDGE('',*,*,#5693,.T.);
#7108=ORIENTED_EDGE('',*,*,#5486,.F.);
#7109=ORIENTED_EDGE('',*,*,#5578,.F.);
#7110=ORIENTED_EDGE('',*,*,#5624,.F.);
#7111=ORIENTED_EDGE('',*,*,#5694,.F.);
#7112=ORIENTED_EDGE('',*,*,#5606,.T.);
#7113=ORIENTED_EDGE('',*,*,#5695,.T.);
#7114=ORIENTED_EDGE('',*,*,#5600,.T.);
#7115=ORIENTED_EDGE('',*,*,#5586,.F.);
#7116=ORIENTED_EDGE('',*,*,#5696,.F.);
#7117=ORIENTED_EDGE('',*,*,#5584,.F.);
#7118=ORIENTED_EDGE('',*,*,#5602,.T.);
#7119=ORIENTED_EDGE('',*,*,#5697,.T.);
#7120=ORIENTED_EDGE('',*,*,#5698,.T.);
#7121=ORIENTED_EDGE('',*,*,#5697,.F.);
#7122=ORIENTED_EDGE('',*,*,#5601,.T.);
#7123=ORIENTED_EDGE('',*,*,#5695,.F.);
#7124=ORIENTED_EDGE('',*,*,#5699,.F.);
#7125=ORIENTED_EDGE('',*,*,#5700,.T.);
#7126=ORIENTED_EDGE('',*,*,#5580,.F.);
#7127=ORIENTED_EDGE('',*,*,#5605,.T.);
#7128=ORIENTED_EDGE('',*,*,#5701,.T.);
#7129=ORIENTED_EDGE('',*,*,#5702,.T.);
#7130=ORIENTED_EDGE('',*,*,#5603,.F.);
#7131=ORIENTED_EDGE('',*,*,#5582,.T.);
#7132=ORIENTED_EDGE('',*,*,#5703,.F.);
#7133=ORIENTED_EDGE('',*,*,#5704,.F.);
#7134=ORIENTED_EDGE('',*,*,#5701,.F.);
#7135=ORIENTED_EDGE('',*,*,#5604,.T.);
#7136=ORIENTED_EDGE('',*,*,#5704,.T.);
#7137=ORIENTED_EDGE('',*,*,#5705,.T.);
#7138=ORIENTED_EDGE('',*,*,#5706,.T.);
#7139=ORIENTED_EDGE('',*,*,#5556,.F.);
#7140=ORIENTED_EDGE('',*,*,#5488,.F.);
#7141=ORIENTED_EDGE('',*,*,#5707,.F.);
#7142=ORIENTED_EDGE('',*,*,#5684,.T.);
#7143=ORIENTED_EDGE('',*,*,#5502,.T.);
#7144=ORIENTED_EDGE('',*,*,#5540,.T.);
#7145=ORIENTED_EDGE('',*,*,#5690,.F.);
#7146=ORIENTED_EDGE('',*,*,#5664,.T.);
#7147=ORIENTED_EDGE('',*,*,#5623,.F.);
#7148=ORIENTED_EDGE('',*,*,#5708,.T.);
#7149=ORIENTED_EDGE('',*,*,#5607,.T.);
#7150=ORIENTED_EDGE('',*,*,#5694,.T.);
#7151=ORIENTED_EDGE('',*,*,#5709,.F.);
#7152=ORIENTED_EDGE('',*,*,#5710,.F.);
#7153=ORIENTED_EDGE('',*,*,#5656,.T.);
#7154=ORIENTED_EDGE('',*,*,#5654,.T.);
#7155=ORIENTED_EDGE('',*,*,#5670,.T.);
#7156=ORIENTED_EDGE('',*,*,#5608,.F.);
#7157=ORIENTED_EDGE('',*,*,#5708,.F.);
#7158=ORIENTED_EDGE('',*,*,#5622,.T.);
#7159=ORIENTED_EDGE('',*,*,#5675,.T.);
#7160=ORIENTED_EDGE('',*,*,#5639,.T.);
#7161=ORIENTED_EDGE('',*,*,#5637,.T.);
#7162=ORIENTED_EDGE('',*,*,#5666,.T.);
#7163=ORIENTED_EDGE('',*,*,#5689,.T.);
#7164=ORIENTED_EDGE('',*,*,#5538,.T.);
#7165=ORIENTED_EDGE('',*,*,#5679,.F.);
#7166=ORIENTED_EDGE('',*,*,#5526,.T.);
#7167=ORIENTED_EDGE('',*,*,#5522,.T.);
#7168=ORIENTED_EDGE('',*,*,#5711,.F.);
#7169=ORIENTED_EDGE('',*,*,#5505,.T.);
#7170=ORIENTED_EDGE('',*,*,#5712,.T.);
#7171=ORIENTED_EDGE('',*,*,#5598,.F.);
#7172=ORIENTED_EDGE('',*,*,#5712,.F.);
#7173=ORIENTED_EDGE('',*,*,#5504,.T.);
#7174=ORIENTED_EDGE('',*,*,#5663,.F.);
#7175=ORIENTED_EDGE('',*,*,#5713,.F.);
#7176=ORIENTED_EDGE('',*,*,#5661,.F.);
#7177=ORIENTED_EDGE('',*,*,#5714,.F.);
#7178=ORIENTED_EDGE('',*,*,#5550,.F.);
#7179=ORIENTED_EDGE('',*,*,#5492,.T.);
#7180=ORIENTED_EDGE('',*,*,#5552,.F.);
#7181=ORIENTED_EDGE('',*,*,#5715,.F.);
#7182=ORIENTED_EDGE('',*,*,#5716,.T.);
#7183=ORIENTED_EDGE('',*,*,#5597,.F.);
#7184=ORIENTED_EDGE('',*,*,#5716,.F.);
#7185=ORIENTED_EDGE('',*,*,#5518,.T.);
#7186=ORIENTED_EDGE('',*,*,#5717,.T.);
#7187=ORIENTED_EDGE('',*,*,#5596,.F.);
#7188=ORIENTED_EDGE('',*,*,#5717,.F.);
#7189=ORIENTED_EDGE('',*,*,#5517,.T.);
#7190=ORIENTED_EDGE('',*,*,#5531,.F.);
#7191=ORIENTED_EDGE('',*,*,#5718,.F.);
#7192=ORIENTED_EDGE('',*,*,#5529,.F.);
#7193=ORIENTED_EDGE('',*,*,#5719,.F.);
#7194=ORIENTED_EDGE('',*,*,#5553,.F.);
#7195=ORIENTED_EDGE('',*,*,#5490,.T.);
#7196=ORIENTED_EDGE('',*,*,#5555,.F.);
#7197=ORIENTED_EDGE('',*,*,#5720,.F.);
#7198=ORIENTED_EDGE('',*,*,#5721,.T.);
#7199=ORIENTED_EDGE('',*,*,#5595,.F.);
#7200=ORIENTED_EDGE('',*,*,#5721,.F.);
#7201=ORIENTED_EDGE('',*,*,#5722,.F.);
#7202=ORIENTED_EDGE('',*,*,#5541,.F.);
#7203=ORIENTED_EDGE('',*,*,#5500,.T.);
#7204=ORIENTED_EDGE('',*,*,#5543,.F.);
#7205=ORIENTED_EDGE('',*,*,#5723,.F.);
#7206=ORIENTED_EDGE('',*,*,#5724,.T.);
#7207=ORIENTED_EDGE('',*,*,#5594,.F.);
#7208=ORIENTED_EDGE('',*,*,#5724,.F.);
#7209=ORIENTED_EDGE('',*,*,#5508,.T.);
#7210=ORIENTED_EDGE('',*,*,#5725,.T.);
#7211=ORIENTED_EDGE('',*,*,#5593,.F.);
#7212=ORIENTED_EDGE('',*,*,#5725,.F.);
#7213=ORIENTED_EDGE('',*,*,#5507,.T.);
#7214=ORIENTED_EDGE('',*,*,#5660,.F.);
#7215=ORIENTED_EDGE('',*,*,#5726,.F.);
#7216=ORIENTED_EDGE('',*,*,#5658,.F.);
#7217=ORIENTED_EDGE('',*,*,#5727,.F.);
#7218=ORIENTED_EDGE('',*,*,#5544,.F.);
#7219=ORIENTED_EDGE('',*,*,#5498,.T.);
#7220=ORIENTED_EDGE('',*,*,#5546,.F.);
#7221=ORIENTED_EDGE('',*,*,#5728,.F.);
#7222=ORIENTED_EDGE('',*,*,#5729,.T.);
#7223=ORIENTED_EDGE('',*,*,#5592,.F.);
#7224=ORIENTED_EDGE('',*,*,#5729,.F.);
#7225=ORIENTED_EDGE('',*,*,#5515,.T.);
#7226=ORIENTED_EDGE('',*,*,#5730,.T.);
#7227=ORIENTED_EDGE('',*,*,#5591,.F.);
#7228=ORIENTED_EDGE('',*,*,#5730,.F.);
#7229=ORIENTED_EDGE('',*,*,#5514,.T.);
#7230=ORIENTED_EDGE('',*,*,#5534,.F.);
#7231=ORIENTED_EDGE('',*,*,#5731,.F.);
#7232=ORIENTED_EDGE('',*,*,#5532,.F.);
#7233=ORIENTED_EDGE('',*,*,#5585,.F.);
#7234=ORIENTED_EDGE('',*,*,#5698,.F.);
#7235=ORIENTED_EDGE('',*,*,#5699,.T.);
#7236=ORIENTED_EDGE('',*,*,#5696,.T.);
#7237=ORIENTED_EDGE('',*,*,#5581,.T.);
#7238=ORIENTED_EDGE('',*,*,#5702,.F.);
#7239=ORIENTED_EDGE('',*,*,#5705,.F.);
#7240=ORIENTED_EDGE('',*,*,#5703,.T.);
#7241=ORIENTED_EDGE('',*,*,#5625,.F.);
#7242=ORIENTED_EDGE('',*,*,#5576,.F.);
#7243=ORIENTED_EDGE('',*,*,#5732,.F.);
#7244=ORIENTED_EDGE('',*,*,#5733,.T.);
#7245=ORIENTED_EDGE('',*,*,#5575,.T.);
#7246=ORIENTED_EDGE('',*,*,#5734,.F.);
#7247=ORIENTED_EDGE('',*,*,#5735,.F.);
#7248=ORIENTED_EDGE('',*,*,#5732,.T.);
#7249=ORIENTED_EDGE('',*,*,#5574,.T.);
#7250=ORIENTED_EDGE('',*,*,#5627,.T.);
#7251=ORIENTED_EDGE('',*,*,#5736,.F.);
#7252=ORIENTED_EDGE('',*,*,#5734,.T.);
#7253=ORIENTED_EDGE('',*,*,#5626,.F.);
#7254=ORIENTED_EDGE('',*,*,#5733,.F.);
#7255=ORIENTED_EDGE('',*,*,#5735,.T.);
#7256=ORIENTED_EDGE('',*,*,#5736,.T.);
#7257=ORIENTED_EDGE('',*,*,#5737,.T.);
#7258=ORIENTED_EDGE('',*,*,#5571,.F.);
#7259=ORIENTED_EDGE('',*,*,#5738,.F.);
#7260=ORIENTED_EDGE('',*,*,#5739,.T.);
#7261=ORIENTED_EDGE('',*,*,#5740,.T.);
#7262=ORIENTED_EDGE('',*,*,#5630,.F.);
#7263=ORIENTED_EDGE('',*,*,#5741,.T.);
#7264=ORIENTED_EDGE('',*,*,#5738,.T.);
#7265=ORIENTED_EDGE('',*,*,#5570,.F.);
#7266=ORIENTED_EDGE('',*,*,#5628,.F.);
#7267=ORIENTED_EDGE('',*,*,#5572,.F.);
#7268=ORIENTED_EDGE('',*,*,#5740,.F.);
#7269=ORIENTED_EDGE('',*,*,#5742,.T.);
#7270=ORIENTED_EDGE('',*,*,#5741,.F.);
#7271=ORIENTED_EDGE('',*,*,#5629,.T.);
#7272=ORIENTED_EDGE('',*,*,#5742,.F.);
#7273=ORIENTED_EDGE('',*,*,#5739,.F.);
#7274=ORIENTED_EDGE('',*,*,#5743,.T.);
#7275=ORIENTED_EDGE('',*,*,#5487,.F.);
#7276=ORIENTED_EDGE('',*,*,#5693,.F.);
#7277=ORIENTED_EDGE('',*,*,#5685,.T.);
#7278=ORIENTED_EDGE('',*,*,#5707,.T.);
#7279=ORIENTED_EDGE('',*,*,#5521,.F.);
#7280=ORIENTED_EDGE('',*,*,#5744,.F.);
#7281=ORIENTED_EDGE('',*,*,#5680,.T.);
#7282=ORIENTED_EDGE('',*,*,#5711,.T.);
#7283=ORIENTED_EDGE('',*,*,#5528,.F.);
#7284=ORIENTED_EDGE('',*,*,#5681,.T.);
#7285=ORIENTED_EDGE('',*,*,#5744,.T.);
#7286=ORIENTED_EDGE('',*,*,#5520,.F.);
#7287=ORIENTED_EDGE('',*,*,#5590,.T.);
#7288=ORIENTED_EDGE('',*,*,#5745,.T.);
#7289=ORIENTED_EDGE('',*,*,#5710,.T.);
#7290=ORIENTED_EDGE('',*,*,#5745,.F.);
#7291=ORIENTED_EDGE('',*,*,#5589,.T.);
#7292=ORIENTED_EDGE('',*,*,#5746,.T.);
#7293=ORIENTED_EDGE('',*,*,#5709,.T.);
#7294=ORIENTED_EDGE('',*,*,#5746,.F.);
#7295=ORIENTED_EDGE('',*,*,#5588,.T.);
#7296=ORIENTED_EDGE('',*,*,#5747,.T.);
#7297=ORIENTED_EDGE('',*,*,#5687,.T.);
#7298=ORIENTED_EDGE('',*,*,#5747,.F.);
#7299=ORIENTED_EDGE('',*,*,#5587,.T.);
#7300=ORIENTED_EDGE('',*,*,#5748,.T.);
#7301=ORIENTED_EDGE('',*,*,#5682,.T.);
#7302=ORIENTED_EDGE('',*,*,#5748,.F.);
#7303=ORIENTED_EDGE('',*,*,#5662,.F.);
#7304=ORIENTED_EDGE('',*,*,#5713,.T.);
#7305=ORIENTED_EDGE('',*,*,#5530,.F.);
#7306=ORIENTED_EDGE('',*,*,#5718,.T.);
#7307=ORIENTED_EDGE('',*,*,#5659,.F.);
#7308=ORIENTED_EDGE('',*,*,#5726,.T.);
#7309=ORIENTED_EDGE('',*,*,#5533,.F.);
#7310=ORIENTED_EDGE('',*,*,#5731,.T.);
#7311=ORIENTED_EDGE('',*,*,#5551,.T.);
#7312=ORIENTED_EDGE('',*,*,#5714,.T.);
#7313=ORIENTED_EDGE('',*,*,#5715,.T.);
#7314=ORIENTED_EDGE('',*,*,#5554,.T.);
#7315=ORIENTED_EDGE('',*,*,#5719,.T.);
#7316=ORIENTED_EDGE('',*,*,#5720,.T.);
#7317=ORIENTED_EDGE('',*,*,#5542,.T.);
#7318=ORIENTED_EDGE('',*,*,#5722,.T.);
#7319=ORIENTED_EDGE('',*,*,#5723,.T.);
#7320=ORIENTED_EDGE('',*,*,#5545,.T.);
#7321=ORIENTED_EDGE('',*,*,#5727,.T.);
#7322=ORIENTED_EDGE('',*,*,#5728,.T.);
#7323=ORIENTED_EDGE('',*,*,#5700,.F.);
#7324=ORIENTED_EDGE('',*,*,#5749,.T.);
#7325=ORIENTED_EDGE('',*,*,#5688,.T.);
#7326=ORIENTED_EDGE('',*,*,#5749,.F.);
#7327=ORIENTED_EDGE('',*,*,#5743,.F.);
#7328=ORIENTED_EDGE('',*,*,#5750,.T.);
#7329=ORIENTED_EDGE('',*,*,#5683,.T.);
#7330=ORIENTED_EDGE('',*,*,#5750,.F.);
#7331=ORIENTED_EDGE('',*,*,#5737,.F.);
#7332=ORIENTED_EDGE('',*,*,#5751,.T.);
#7333=ORIENTED_EDGE('',*,*,#5692,.T.);
#7334=ORIENTED_EDGE('',*,*,#5751,.F.);
#7335=ORIENTED_EDGE('',*,*,#5706,.F.);
#7336=ORIENTED_EDGE('',*,*,#5752,.T.);
#7337=ORIENTED_EDGE('',*,*,#5691,.T.);
#7338=ORIENTED_EDGE('',*,*,#5752,.F.);
#7339=ORIENTED_EDGE('',*,*,#5547,.F.);
#7340=ORIENTED_EDGE('',*,*,#5496,.T.);
#7341=ORIENTED_EDGE('',*,*,#5753,.F.);
#7342=ORIENTED_EDGE('',*,*,#5754,.F.);
#7343=ORIENTED_EDGE('',*,*,#5755,.F.);
#7344=ORIENTED_EDGE('',*,*,#5753,.T.);
#7345=ORIENTED_EDGE('',*,*,#5495,.T.);
#7346=ORIENTED_EDGE('',*,*,#5756,.F.);
#7347=ORIENTED_EDGE('',*,*,#5549,.F.);
#7348=ORIENTED_EDGE('',*,*,#5757,.F.);
#7349=ORIENTED_EDGE('',*,*,#5756,.T.);
#7350=ORIENTED_EDGE('',*,*,#5494,.T.);
#7351=ORIENTED_EDGE('',*,*,#5757,.T.);
#7352=ORIENTED_EDGE('',*,*,#5548,.T.);
#7353=ORIENTED_EDGE('',*,*,#5754,.T.);
#7354=ORIENTED_EDGE('',*,*,#5755,.T.);
#7355=ORIENTED_EDGE('',*,*,#5634,.F.);
#7356=ORIENTED_EDGE('',*,*,#5758,.T.);
#7357=ORIENTED_EDGE('',*,*,#5511,.T.);
#7358=ORIENTED_EDGE('',*,*,#5759,.F.);
#7359=ORIENTED_EDGE('',*,*,#5657,.F.);
#7360=ORIENTED_EDGE('',*,*,#5635,.F.);
#7361=ORIENTED_EDGE('',*,*,#5759,.T.);
#7362=ORIENTED_EDGE('',*,*,#5510,.T.);
#7363=ORIENTED_EDGE('',*,*,#5535,.F.);
#7364=ORIENTED_EDGE('',*,*,#5512,.T.);
#7365=ORIENTED_EDGE('',*,*,#5758,.F.);
#7366=ORIENTED_EDGE('',*,*,#5633,.F.);
#7367=ORIENTED_EDGE('',*,*,#5615,.T.);
#7368=ORIENTED_EDGE('',*,*,#5568,.F.);
#7369=ORIENTED_EDGE('',*,*,#5599,.F.);
#7370=ORIENTED_EDGE('',*,*,#5559,.T.);
#7371=ORIENTED_EDGE('',*,*,#5647,.F.);
#7372=ORIENTED_EDGE('',*,*,#5655,.F.);
#7373=ORIENTED_EDGE('',*,*,#5536,.F.);
#7374=ORIENTED_EDGE('',*,*,#5484,.T.);
#7375=ORIENTED_EDGE('',*,*,#5525,.F.);
#7376=ORIENTED_EDGE('',*,*,#5632,.F.);
#7377=ORIENTED_EDGE('',*,*,#5638,.F.);
#7378=ORIENTED_EDGE('',*,*,#5563,.T.);
#7379=ORIENTED_EDGE('',*,*,#5760,.T.);
#7380=ORIENTED_EDGE('',*,*,#5761,.T.);
#7381=ORIENTED_EDGE('',*,*,#5762,.F.);
#7382=ORIENTED_EDGE('',*,*,#5763,.F.);
#7383=ORIENTED_EDGE('',*,*,#5764,.T.);
#7384=ORIENTED_EDGE('',*,*,#5765,.T.);
#7385=ORIENTED_EDGE('',*,*,#5766,.F.);
#7386=ORIENTED_EDGE('',*,*,#5760,.F.);
#7387=ORIENTED_EDGE('',*,*,#5761,.F.);
#7388=ORIENTED_EDGE('',*,*,#5766,.T.);
#7389=ORIENTED_EDGE('',*,*,#5767,.T.);
#7390=ORIENTED_EDGE('',*,*,#5768,.F.);
#7391=ORIENTED_EDGE('',*,*,#5769,.F.);
#7392=ORIENTED_EDGE('',*,*,#5770,.F.);
#7393=ORIENTED_EDGE('',*,*,#5771,.F.);
#7394=ORIENTED_EDGE('',*,*,#5772,.F.);
#7395=ORIENTED_EDGE('',*,*,#5773,.F.);
#7396=ORIENTED_EDGE('',*,*,#5774,.F.);
#7397=ORIENTED_EDGE('',*,*,#5775,.F.);
#7398=ORIENTED_EDGE('',*,*,#5776,.F.);
#7399=ORIENTED_EDGE('',*,*,#5777,.F.);
#7400=ORIENTED_EDGE('',*,*,#5778,.F.);
#7401=ORIENTED_EDGE('',*,*,#5779,.F.);
#7402=ORIENTED_EDGE('',*,*,#5780,.F.);
#7403=ORIENTED_EDGE('',*,*,#5781,.F.);
#7404=ORIENTED_EDGE('',*,*,#5782,.F.);
#7405=ORIENTED_EDGE('',*,*,#5783,.F.);
#7406=ORIENTED_EDGE('',*,*,#5784,.F.);
#7407=ORIENTED_EDGE('',*,*,#5785,.F.);
#7408=ORIENTED_EDGE('',*,*,#5786,.F.);
#7409=ORIENTED_EDGE('',*,*,#5787,.F.);
#7410=ORIENTED_EDGE('',*,*,#5788,.F.);
#7411=ORIENTED_EDGE('',*,*,#5789,.F.);
#7412=ORIENTED_EDGE('',*,*,#5790,.F.);
#7413=ORIENTED_EDGE('',*,*,#5791,.F.);
#7414=ORIENTED_EDGE('',*,*,#5792,.F.);
#7415=ORIENTED_EDGE('',*,*,#5793,.F.);
#7416=ORIENTED_EDGE('',*,*,#5794,.F.);
#7417=ORIENTED_EDGE('',*,*,#5795,.F.);
#7418=ORIENTED_EDGE('',*,*,#5796,.F.);
#7419=ORIENTED_EDGE('',*,*,#5797,.F.);
#7420=ORIENTED_EDGE('',*,*,#5798,.F.);
#7421=ORIENTED_EDGE('',*,*,#5799,.F.);
#7422=ORIENTED_EDGE('',*,*,#5800,.F.);
#7423=ORIENTED_EDGE('',*,*,#5801,.F.);
#7424=ORIENTED_EDGE('',*,*,#5802,.F.);
#7425=ORIENTED_EDGE('',*,*,#5803,.F.);
#7426=ORIENTED_EDGE('',*,*,#5804,.F.);
#7427=ORIENTED_EDGE('',*,*,#5805,.F.);
#7428=ORIENTED_EDGE('',*,*,#5806,.F.);
#7429=ORIENTED_EDGE('',*,*,#5807,.F.);
#7430=ORIENTED_EDGE('',*,*,#5808,.F.);
#7431=ORIENTED_EDGE('',*,*,#5809,.F.);
#7432=ORIENTED_EDGE('',*,*,#5810,.F.);
#7433=ORIENTED_EDGE('',*,*,#5811,.F.);
#7434=ORIENTED_EDGE('',*,*,#5812,.F.);
#7435=ORIENTED_EDGE('',*,*,#5813,.F.);
#7436=ORIENTED_EDGE('',*,*,#5814,.F.);
#7437=ORIENTED_EDGE('',*,*,#5815,.F.);
#7438=ORIENTED_EDGE('',*,*,#5762,.T.);
#7439=ORIENTED_EDGE('',*,*,#5768,.T.);
#7440=ORIENTED_EDGE('',*,*,#5816,.F.);
#7441=ORIENTED_EDGE('',*,*,#5763,.T.);
#7442=ORIENTED_EDGE('',*,*,#5815,.T.);
#7443=ORIENTED_EDGE('',*,*,#5817,.F.);
#7444=ORIENTED_EDGE('',*,*,#5764,.F.);
#7445=ORIENTED_EDGE('',*,*,#5818,.T.);
#7446=ORIENTED_EDGE('',*,*,#5819,.T.);
#7447=ORIENTED_EDGE('',*,*,#5820,.T.);
#7448=ORIENTED_EDGE('',*,*,#5821,.T.);
#7449=ORIENTED_EDGE('',*,*,#5822,.T.);
#7450=ORIENTED_EDGE('',*,*,#5823,.T.);
#7451=ORIENTED_EDGE('',*,*,#5824,.T.);
#7452=ORIENTED_EDGE('',*,*,#5825,.T.);
#7453=ORIENTED_EDGE('',*,*,#5826,.T.);
#7454=ORIENTED_EDGE('',*,*,#5827,.T.);
#7455=ORIENTED_EDGE('',*,*,#5828,.T.);
#7456=ORIENTED_EDGE('',*,*,#5829,.T.);
#7457=ORIENTED_EDGE('',*,*,#5830,.T.);
#7458=ORIENTED_EDGE('',*,*,#5831,.T.);
#7459=ORIENTED_EDGE('',*,*,#5832,.T.);
#7460=ORIENTED_EDGE('',*,*,#5833,.T.);
#7461=ORIENTED_EDGE('',*,*,#5834,.T.);
#7462=ORIENTED_EDGE('',*,*,#5835,.T.);
#7463=ORIENTED_EDGE('',*,*,#5836,.T.);
#7464=ORIENTED_EDGE('',*,*,#5837,.T.);
#7465=ORIENTED_EDGE('',*,*,#5838,.T.);
#7466=ORIENTED_EDGE('',*,*,#5839,.T.);
#7467=ORIENTED_EDGE('',*,*,#5840,.T.);
#7468=ORIENTED_EDGE('',*,*,#5841,.T.);
#7469=ORIENTED_EDGE('',*,*,#5842,.T.);
#7470=ORIENTED_EDGE('',*,*,#5843,.T.);
#7471=ORIENTED_EDGE('',*,*,#5844,.T.);
#7472=ORIENTED_EDGE('',*,*,#5845,.T.);
#7473=ORIENTED_EDGE('',*,*,#5846,.T.);
#7474=ORIENTED_EDGE('',*,*,#5847,.T.);
#7475=ORIENTED_EDGE('',*,*,#5848,.T.);
#7476=ORIENTED_EDGE('',*,*,#5849,.T.);
#7477=ORIENTED_EDGE('',*,*,#5850,.T.);
#7478=ORIENTED_EDGE('',*,*,#5851,.T.);
#7479=ORIENTED_EDGE('',*,*,#5852,.T.);
#7480=ORIENTED_EDGE('',*,*,#5853,.T.);
#7481=ORIENTED_EDGE('',*,*,#5854,.T.);
#7482=ORIENTED_EDGE('',*,*,#5855,.T.);
#7483=ORIENTED_EDGE('',*,*,#5856,.F.);
#7484=ORIENTED_EDGE('',*,*,#5857,.T.);
#7485=ORIENTED_EDGE('',*,*,#5858,.F.);
#7486=ORIENTED_EDGE('',*,*,#5859,.T.);
#7487=ORIENTED_EDGE('',*,*,#5860,.T.);
#7488=ORIENTED_EDGE('',*,*,#5861,.T.);
#7489=ORIENTED_EDGE('',*,*,#5862,.T.);
#7490=ORIENTED_EDGE('',*,*,#5863,.T.);
#7491=ORIENTED_EDGE('',*,*,#5864,.T.);
#7492=ORIENTED_EDGE('',*,*,#5865,.T.);
#7493=ORIENTED_EDGE('',*,*,#5866,.T.);
#7494=ORIENTED_EDGE('',*,*,#5867,.T.);
#7495=ORIENTED_EDGE('',*,*,#5868,.T.);
#7496=ORIENTED_EDGE('',*,*,#5869,.T.);
#7497=ORIENTED_EDGE('',*,*,#5870,.T.);
#7498=ORIENTED_EDGE('',*,*,#5871,.T.);
#7499=ORIENTED_EDGE('',*,*,#5765,.F.);
#7500=ORIENTED_EDGE('',*,*,#5817,.T.);
#7501=ORIENTED_EDGE('',*,*,#5816,.T.);
#7502=ORIENTED_EDGE('',*,*,#5767,.F.);
#7503=ORIENTED_EDGE('',*,*,#5818,.F.);
#7504=ORIENTED_EDGE('',*,*,#5872,.T.);
#7505=ORIENTED_EDGE('',*,*,#5769,.T.);
#7506=ORIENTED_EDGE('',*,*,#5872,.F.);
#7507=ORIENTED_EDGE('',*,*,#5819,.F.);
#7508=ORIENTED_EDGE('',*,*,#5873,.T.);
#7509=ORIENTED_EDGE('',*,*,#5770,.T.);
#7510=ORIENTED_EDGE('',*,*,#5873,.F.);
#7511=ORIENTED_EDGE('',*,*,#5820,.F.);
#7512=ORIENTED_EDGE('',*,*,#5874,.T.);
#7513=ORIENTED_EDGE('',*,*,#5771,.T.);
#7514=ORIENTED_EDGE('',*,*,#5874,.F.);
#7515=ORIENTED_EDGE('',*,*,#5821,.F.);
#7516=ORIENTED_EDGE('',*,*,#5875,.T.);
#7517=ORIENTED_EDGE('',*,*,#5772,.T.);
#7518=ORIENTED_EDGE('',*,*,#5875,.F.);
#7519=ORIENTED_EDGE('',*,*,#5822,.F.);
#7520=ORIENTED_EDGE('',*,*,#5876,.T.);
#7521=ORIENTED_EDGE('',*,*,#5773,.T.);
#7522=ORIENTED_EDGE('',*,*,#5876,.F.);
#7523=ORIENTED_EDGE('',*,*,#5823,.F.);
#7524=ORIENTED_EDGE('',*,*,#5877,.T.);
#7525=ORIENTED_EDGE('',*,*,#5774,.T.);
#7526=ORIENTED_EDGE('',*,*,#5877,.F.);
#7527=ORIENTED_EDGE('',*,*,#5824,.F.);
#7528=ORIENTED_EDGE('',*,*,#5878,.T.);
#7529=ORIENTED_EDGE('',*,*,#5775,.T.);
#7530=ORIENTED_EDGE('',*,*,#5878,.F.);
#7531=ORIENTED_EDGE('',*,*,#5825,.F.);
#7532=ORIENTED_EDGE('',*,*,#5879,.T.);
#7533=ORIENTED_EDGE('',*,*,#5776,.T.);
#7534=ORIENTED_EDGE('',*,*,#5879,.F.);
#7535=ORIENTED_EDGE('',*,*,#5826,.F.);
#7536=ORIENTED_EDGE('',*,*,#5880,.T.);
#7537=ORIENTED_EDGE('',*,*,#5777,.T.);
#7538=ORIENTED_EDGE('',*,*,#5880,.F.);
#7539=ORIENTED_EDGE('',*,*,#5827,.F.);
#7540=ORIENTED_EDGE('',*,*,#5881,.T.);
#7541=ORIENTED_EDGE('',*,*,#5778,.T.);
#7542=ORIENTED_EDGE('',*,*,#5881,.F.);
#7543=ORIENTED_EDGE('',*,*,#5828,.F.);
#7544=ORIENTED_EDGE('',*,*,#5882,.T.);
#7545=ORIENTED_EDGE('',*,*,#5779,.T.);
#7546=ORIENTED_EDGE('',*,*,#5882,.F.);
#7547=ORIENTED_EDGE('',*,*,#5829,.F.);
#7548=ORIENTED_EDGE('',*,*,#5883,.T.);
#7549=ORIENTED_EDGE('',*,*,#5780,.T.);
#7550=ORIENTED_EDGE('',*,*,#5883,.F.);
#7551=ORIENTED_EDGE('',*,*,#5830,.F.);
#7552=ORIENTED_EDGE('',*,*,#5884,.T.);
#7553=ORIENTED_EDGE('',*,*,#5781,.T.);
#7554=ORIENTED_EDGE('',*,*,#5884,.F.);
#7555=ORIENTED_EDGE('',*,*,#5831,.F.);
#7556=ORIENTED_EDGE('',*,*,#5885,.T.);
#7557=ORIENTED_EDGE('',*,*,#5782,.T.);
#7558=ORIENTED_EDGE('',*,*,#5885,.F.);
#7559=ORIENTED_EDGE('',*,*,#5832,.F.);
#7560=ORIENTED_EDGE('',*,*,#5886,.T.);
#7561=ORIENTED_EDGE('',*,*,#5783,.T.);
#7562=ORIENTED_EDGE('',*,*,#5886,.F.);
#7563=ORIENTED_EDGE('',*,*,#5833,.F.);
#7564=ORIENTED_EDGE('',*,*,#5887,.T.);
#7565=ORIENTED_EDGE('',*,*,#5784,.T.);
#7566=ORIENTED_EDGE('',*,*,#5887,.F.);
#7567=ORIENTED_EDGE('',*,*,#5834,.F.);
#7568=ORIENTED_EDGE('',*,*,#5888,.T.);
#7569=ORIENTED_EDGE('',*,*,#5785,.T.);
#7570=ORIENTED_EDGE('',*,*,#5888,.F.);
#7571=ORIENTED_EDGE('',*,*,#5835,.F.);
#7572=ORIENTED_EDGE('',*,*,#5889,.T.);
#7573=ORIENTED_EDGE('',*,*,#5786,.T.);
#7574=ORIENTED_EDGE('',*,*,#5889,.F.);
#7575=ORIENTED_EDGE('',*,*,#5836,.F.);
#7576=ORIENTED_EDGE('',*,*,#5890,.T.);
#7577=ORIENTED_EDGE('',*,*,#5787,.T.);
#7578=ORIENTED_EDGE('',*,*,#5890,.F.);
#7579=ORIENTED_EDGE('',*,*,#5837,.F.);
#7580=ORIENTED_EDGE('',*,*,#5891,.T.);
#7581=ORIENTED_EDGE('',*,*,#5788,.T.);
#7582=ORIENTED_EDGE('',*,*,#5891,.F.);
#7583=ORIENTED_EDGE('',*,*,#5838,.F.);
#7584=ORIENTED_EDGE('',*,*,#5892,.T.);
#7585=ORIENTED_EDGE('',*,*,#5789,.T.);
#7586=ORIENTED_EDGE('',*,*,#5892,.F.);
#7587=ORIENTED_EDGE('',*,*,#5839,.F.);
#7588=ORIENTED_EDGE('',*,*,#5893,.T.);
#7589=ORIENTED_EDGE('',*,*,#5790,.T.);
#7590=ORIENTED_EDGE('',*,*,#5893,.F.);
#7591=ORIENTED_EDGE('',*,*,#5840,.F.);
#7592=ORIENTED_EDGE('',*,*,#5894,.T.);
#7593=ORIENTED_EDGE('',*,*,#5791,.T.);
#7594=ORIENTED_EDGE('',*,*,#5894,.F.);
#7595=ORIENTED_EDGE('',*,*,#5841,.F.);
#7596=ORIENTED_EDGE('',*,*,#5895,.T.);
#7597=ORIENTED_EDGE('',*,*,#5792,.T.);
#7598=ORIENTED_EDGE('',*,*,#5895,.F.);
#7599=ORIENTED_EDGE('',*,*,#5842,.F.);
#7600=ORIENTED_EDGE('',*,*,#5896,.T.);
#7601=ORIENTED_EDGE('',*,*,#5793,.T.);
#7602=ORIENTED_EDGE('',*,*,#5896,.F.);
#7603=ORIENTED_EDGE('',*,*,#5843,.F.);
#7604=ORIENTED_EDGE('',*,*,#5897,.T.);
#7605=ORIENTED_EDGE('',*,*,#5794,.T.);
#7606=ORIENTED_EDGE('',*,*,#5897,.F.);
#7607=ORIENTED_EDGE('',*,*,#5844,.F.);
#7608=ORIENTED_EDGE('',*,*,#5898,.T.);
#7609=ORIENTED_EDGE('',*,*,#5795,.T.);
#7610=ORIENTED_EDGE('',*,*,#5898,.F.);
#7611=ORIENTED_EDGE('',*,*,#5845,.F.);
#7612=ORIENTED_EDGE('',*,*,#5899,.T.);
#7613=ORIENTED_EDGE('',*,*,#5796,.T.);
#7614=ORIENTED_EDGE('',*,*,#5899,.F.);
#7615=ORIENTED_EDGE('',*,*,#5846,.F.);
#7616=ORIENTED_EDGE('',*,*,#5900,.T.);
#7617=ORIENTED_EDGE('',*,*,#5797,.T.);
#7618=ORIENTED_EDGE('',*,*,#5900,.F.);
#7619=ORIENTED_EDGE('',*,*,#5847,.F.);
#7620=ORIENTED_EDGE('',*,*,#5901,.T.);
#7621=ORIENTED_EDGE('',*,*,#5798,.T.);
#7622=ORIENTED_EDGE('',*,*,#5901,.F.);
#7623=ORIENTED_EDGE('',*,*,#5848,.F.);
#7624=ORIENTED_EDGE('',*,*,#5902,.T.);
#7625=ORIENTED_EDGE('',*,*,#5799,.T.);
#7626=ORIENTED_EDGE('',*,*,#5902,.F.);
#7627=ORIENTED_EDGE('',*,*,#5849,.F.);
#7628=ORIENTED_EDGE('',*,*,#5903,.T.);
#7629=ORIENTED_EDGE('',*,*,#5800,.T.);
#7630=ORIENTED_EDGE('',*,*,#5903,.F.);
#7631=ORIENTED_EDGE('',*,*,#5850,.F.);
#7632=ORIENTED_EDGE('',*,*,#5904,.T.);
#7633=ORIENTED_EDGE('',*,*,#5801,.T.);
#7634=ORIENTED_EDGE('',*,*,#5904,.F.);
#7635=ORIENTED_EDGE('',*,*,#5851,.F.);
#7636=ORIENTED_EDGE('',*,*,#5905,.T.);
#7637=ORIENTED_EDGE('',*,*,#5802,.T.);
#7638=ORIENTED_EDGE('',*,*,#5905,.F.);
#7639=ORIENTED_EDGE('',*,*,#5852,.F.);
#7640=ORIENTED_EDGE('',*,*,#5906,.T.);
#7641=ORIENTED_EDGE('',*,*,#5803,.T.);
#7642=ORIENTED_EDGE('',*,*,#5906,.F.);
#7643=ORIENTED_EDGE('',*,*,#5861,.F.);
#7644=ORIENTED_EDGE('',*,*,#5907,.T.);
#7645=ORIENTED_EDGE('',*,*,#5804,.T.);
#7646=ORIENTED_EDGE('',*,*,#5907,.F.);
#7647=ORIENTED_EDGE('',*,*,#5862,.F.);
#7648=ORIENTED_EDGE('',*,*,#5908,.T.);
#7649=ORIENTED_EDGE('',*,*,#5805,.T.);
#7650=ORIENTED_EDGE('',*,*,#5908,.F.);
#7651=ORIENTED_EDGE('',*,*,#5863,.F.);
#7652=ORIENTED_EDGE('',*,*,#5909,.T.);
#7653=ORIENTED_EDGE('',*,*,#5806,.T.);
#7654=ORIENTED_EDGE('',*,*,#5909,.F.);
#7655=ORIENTED_EDGE('',*,*,#5864,.F.);
#7656=ORIENTED_EDGE('',*,*,#5910,.T.);
#7657=ORIENTED_EDGE('',*,*,#5807,.T.);
#7658=ORIENTED_EDGE('',*,*,#5910,.F.);
#7659=ORIENTED_EDGE('',*,*,#5865,.F.);
#7660=ORIENTED_EDGE('',*,*,#5911,.T.);
#7661=ORIENTED_EDGE('',*,*,#5808,.T.);
#7662=ORIENTED_EDGE('',*,*,#5911,.F.);
#7663=ORIENTED_EDGE('',*,*,#5866,.F.);
#7664=ORIENTED_EDGE('',*,*,#5912,.T.);
#7665=ORIENTED_EDGE('',*,*,#5809,.T.);
#7666=ORIENTED_EDGE('',*,*,#5912,.F.);
#7667=ORIENTED_EDGE('',*,*,#5867,.F.);
#7668=ORIENTED_EDGE('',*,*,#5913,.T.);
#7669=ORIENTED_EDGE('',*,*,#5810,.T.);
#7670=ORIENTED_EDGE('',*,*,#5913,.F.);
#7671=ORIENTED_EDGE('',*,*,#5868,.F.);
#7672=ORIENTED_EDGE('',*,*,#5914,.T.);
#7673=ORIENTED_EDGE('',*,*,#5811,.T.);
#7674=ORIENTED_EDGE('',*,*,#5914,.F.);
#7675=ORIENTED_EDGE('',*,*,#5869,.F.);
#7676=ORIENTED_EDGE('',*,*,#5915,.T.);
#7677=ORIENTED_EDGE('',*,*,#5812,.T.);
#7678=ORIENTED_EDGE('',*,*,#5915,.F.);
#7679=ORIENTED_EDGE('',*,*,#5870,.F.);
#7680=ORIENTED_EDGE('',*,*,#5916,.T.);
#7681=ORIENTED_EDGE('',*,*,#5813,.T.);
#7682=ORIENTED_EDGE('',*,*,#5916,.F.);
#7683=ORIENTED_EDGE('',*,*,#5871,.F.);
#7684=ORIENTED_EDGE('',*,*,#5917,.T.);
#7685=ORIENTED_EDGE('',*,*,#5814,.T.);
#7686=ORIENTED_EDGE('',*,*,#5917,.F.);
#7687=ORIENTED_EDGE('',*,*,#5918,.T.);
#7688=ORIENTED_EDGE('',*,*,#5919,.F.);
#7689=ORIENTED_EDGE('',*,*,#5853,.F.);
#7690=ORIENTED_EDGE('',*,*,#5920,.T.);
#7691=ORIENTED_EDGE('',*,*,#5919,.T.);
#7692=ORIENTED_EDGE('',*,*,#5921,.F.);
#7693=ORIENTED_EDGE('',*,*,#5922,.F.);
#7694=ORIENTED_EDGE('',*,*,#5854,.F.);
#7695=ORIENTED_EDGE('',*,*,#5923,.T.);
#7696=ORIENTED_EDGE('',*,*,#5924,.F.);
#7697=ORIENTED_EDGE('',*,*,#5855,.F.);
#7698=ORIENTED_EDGE('',*,*,#5922,.T.);
#7699=ORIENTED_EDGE('',*,*,#5925,.F.);
#7700=ORIENTED_EDGE('',*,*,#5856,.T.);
#7701=ORIENTED_EDGE('',*,*,#5924,.T.);
#7702=ORIENTED_EDGE('',*,*,#5926,.F.);
#7703=ORIENTED_EDGE('',*,*,#5927,.T.);
#7704=ORIENTED_EDGE('',*,*,#5928,.F.);
#7705=ORIENTED_EDGE('',*,*,#5857,.F.);
#7706=ORIENTED_EDGE('',*,*,#5925,.T.);
#7707=ORIENTED_EDGE('',*,*,#5929,.F.);
#7708=ORIENTED_EDGE('',*,*,#5858,.T.);
#7709=ORIENTED_EDGE('',*,*,#5928,.T.);
#7710=ORIENTED_EDGE('',*,*,#5930,.T.);
#7711=ORIENTED_EDGE('',*,*,#5931,.T.);
#7712=ORIENTED_EDGE('',*,*,#5932,.F.);
#7713=ORIENTED_EDGE('',*,*,#5859,.F.);
#7714=ORIENTED_EDGE('',*,*,#5929,.T.);
#7715=ORIENTED_EDGE('',*,*,#5932,.T.);
#7716=ORIENTED_EDGE('',*,*,#5933,.T.);
#7717=ORIENTED_EDGE('',*,*,#5920,.F.);
#7718=ORIENTED_EDGE('',*,*,#5860,.F.);
#7719=ORIENTED_EDGE('',*,*,#5934,.F.);
#7720=ORIENTED_EDGE('',*,*,#5935,.T.);
#7721=ORIENTED_EDGE('',*,*,#5918,.F.);
#7722=ORIENTED_EDGE('',*,*,#5936,.T.);
#7723=ORIENTED_EDGE('',*,*,#5937,.F.);
#7724=ORIENTED_EDGE('',*,*,#5938,.T.);
#7725=ORIENTED_EDGE('',*,*,#5921,.T.);
#7726=ORIENTED_EDGE('',*,*,#5939,.F.);
#7727=ORIENTED_EDGE('',*,*,#5940,.F.);
#7728=ORIENTED_EDGE('',*,*,#5923,.F.);
#7729=ORIENTED_EDGE('',*,*,#5941,.T.);
#7730=ORIENTED_EDGE('',*,*,#5942,.F.);
#7731=ORIENTED_EDGE('',*,*,#5943,.T.);
#7732=ORIENTED_EDGE('',*,*,#5926,.T.);
#7733=ORIENTED_EDGE('',*,*,#5944,.T.);
#7734=ORIENTED_EDGE('',*,*,#5945,.F.);
#7735=ORIENTED_EDGE('',*,*,#5927,.F.);
#7736=ORIENTED_EDGE('',*,*,#5946,.T.);
#7737=ORIENTED_EDGE('',*,*,#5947,.T.);
#7738=ORIENTED_EDGE('',*,*,#5948,.T.);
#7739=ORIENTED_EDGE('',*,*,#5930,.F.);
#7740=ORIENTED_EDGE('',*,*,#5949,.T.);
#7741=ORIENTED_EDGE('',*,*,#5950,.T.);
#7742=ORIENTED_EDGE('',*,*,#5931,.F.);
#7743=ORIENTED_EDGE('',*,*,#5933,.F.);
#7744=ORIENTED_EDGE('',*,*,#5951,.T.);
#7745=ORIENTED_EDGE('',*,*,#5952,.T.);
#7746=ORIENTED_EDGE('',*,*,#5953,.T.);
#7747=ORIENTED_EDGE('',*,*,#5934,.T.);
#7748=ORIENTED_EDGE('',*,*,#5953,.F.);
#7749=ORIENTED_EDGE('',*,*,#5954,.T.);
#7750=ORIENTED_EDGE('',*,*,#5935,.F.);
#7751=ORIENTED_EDGE('',*,*,#5955,.F.);
#7752=ORIENTED_EDGE('',*,*,#5936,.F.);
#7753=ORIENTED_EDGE('',*,*,#5942,.T.);
#7754=ORIENTED_EDGE('',*,*,#5956,.T.);
#7755=ORIENTED_EDGE('',*,*,#5937,.T.);
#7756=ORIENTED_EDGE('',*,*,#5957,.T.);
#7757=ORIENTED_EDGE('',*,*,#5952,.F.);
#7758=ORIENTED_EDGE('',*,*,#5958,.T.);
#7759=ORIENTED_EDGE('',*,*,#5947,.F.);
#7760=ORIENTED_EDGE('',*,*,#5959,.T.);
#7761=ORIENTED_EDGE('',*,*,#5939,.T.);
#7762=ORIENTED_EDGE('',*,*,#5938,.F.);
#7763=ORIENTED_EDGE('',*,*,#5960,.F.);
#7764=ORIENTED_EDGE('',*,*,#5940,.T.);
#7765=ORIENTED_EDGE('',*,*,#5961,.F.);
#7766=ORIENTED_EDGE('',*,*,#5941,.F.);
#7767=ORIENTED_EDGE('',*,*,#5943,.F.);
#7768=ORIENTED_EDGE('',*,*,#5962,.F.);
#7769=ORIENTED_EDGE('',*,*,#5944,.F.);
#7770=ORIENTED_EDGE('',*,*,#5945,.T.);
#7771=ORIENTED_EDGE('',*,*,#5963,.T.);
#7772=ORIENTED_EDGE('',*,*,#5946,.F.);
#7773=ORIENTED_EDGE('',*,*,#5948,.F.);
#7774=ORIENTED_EDGE('',*,*,#5964,.T.);
#7775=ORIENTED_EDGE('',*,*,#5949,.F.);
#7776=ORIENTED_EDGE('',*,*,#5951,.F.);
#7777=ORIENTED_EDGE('',*,*,#5950,.F.);
#7778=ORIENTED_EDGE('',*,*,#5965,.T.);
#7779=ORIENTED_EDGE('',*,*,#5955,.T.);
#7780=ORIENTED_EDGE('',*,*,#5954,.F.);
#7781=ORIENTED_EDGE('',*,*,#5957,.F.);
#7782=ORIENTED_EDGE('',*,*,#5961,.T.);
#7783=ORIENTED_EDGE('',*,*,#5960,.T.);
#7784=ORIENTED_EDGE('',*,*,#5956,.F.);
#7785=ORIENTED_EDGE('',*,*,#5958,.F.);
#7786=ORIENTED_EDGE('',*,*,#5965,.F.);
#7787=ORIENTED_EDGE('',*,*,#5964,.F.);
#7788=ORIENTED_EDGE('',*,*,#5962,.T.);
#7789=ORIENTED_EDGE('',*,*,#5959,.F.);
#7790=ORIENTED_EDGE('',*,*,#5963,.F.);
#7791=ORIENTED_EDGE('',*,*,#5966,.T.);
#7792=ORIENTED_EDGE('',*,*,#5967,.T.);
#7793=ORIENTED_EDGE('',*,*,#5968,.F.);
#7794=ORIENTED_EDGE('',*,*,#5969,.F.);
#7795=ORIENTED_EDGE('',*,*,#5970,.F.);
#7796=ORIENTED_EDGE('',*,*,#5971,.T.);
#7797=ORIENTED_EDGE('',*,*,#5972,.T.);
#7798=ORIENTED_EDGE('',*,*,#5973,.F.);
#7799=ORIENTED_EDGE('',*,*,#5974,.T.);
#7800=ORIENTED_EDGE('',*,*,#5970,.T.);
#7801=ORIENTED_EDGE('',*,*,#5975,.F.);
#7802=ORIENTED_EDGE('',*,*,#5966,.F.);
#7803=ORIENTED_EDGE('',*,*,#5976,.F.);
#7804=ORIENTED_EDGE('',*,*,#5968,.T.);
#7805=ORIENTED_EDGE('',*,*,#5977,.T.);
#7806=ORIENTED_EDGE('',*,*,#5972,.F.);
#7807=ORIENTED_EDGE('',*,*,#5969,.T.);
#7808=ORIENTED_EDGE('',*,*,#5976,.T.);
#7809=ORIENTED_EDGE('',*,*,#5971,.F.);
#7810=ORIENTED_EDGE('',*,*,#5974,.F.);
#7811=ORIENTED_EDGE('',*,*,#5967,.F.);
#7812=ORIENTED_EDGE('',*,*,#5975,.T.);
#7813=ORIENTED_EDGE('',*,*,#5973,.T.);
#7814=ORIENTED_EDGE('',*,*,#5977,.F.);
#7815=ORIENTED_EDGE('',*,*,#5978,.T.);
#7816=ORIENTED_EDGE('',*,*,#5979,.T.);
#7817=ORIENTED_EDGE('',*,*,#5980,.F.);
#7818=ORIENTED_EDGE('',*,*,#5981,.F.);
#7819=ORIENTED_EDGE('',*,*,#5982,.F.);
#7820=ORIENTED_EDGE('',*,*,#5983,.T.);
#7821=ORIENTED_EDGE('',*,*,#5984,.T.);
#7822=ORIENTED_EDGE('',*,*,#5985,.F.);
#7823=ORIENTED_EDGE('',*,*,#5986,.T.);
#7824=ORIENTED_EDGE('',*,*,#5982,.T.);
#7825=ORIENTED_EDGE('',*,*,#5987,.F.);
#7826=ORIENTED_EDGE('',*,*,#5978,.F.);
#7827=ORIENTED_EDGE('',*,*,#5988,.F.);
#7828=ORIENTED_EDGE('',*,*,#5980,.T.);
#7829=ORIENTED_EDGE('',*,*,#5989,.T.);
#7830=ORIENTED_EDGE('',*,*,#5984,.F.);
#7831=ORIENTED_EDGE('',*,*,#5981,.T.);
#7832=ORIENTED_EDGE('',*,*,#5988,.T.);
#7833=ORIENTED_EDGE('',*,*,#5983,.F.);
#7834=ORIENTED_EDGE('',*,*,#5986,.F.);
#7835=ORIENTED_EDGE('',*,*,#5979,.F.);
#7836=ORIENTED_EDGE('',*,*,#5987,.T.);
#7837=ORIENTED_EDGE('',*,*,#5985,.T.);
#7838=ORIENTED_EDGE('',*,*,#5989,.F.);
#7839=ORIENTED_EDGE('',*,*,#5990,.T.);
#7840=ORIENTED_EDGE('',*,*,#5991,.T.);
#7841=ORIENTED_EDGE('',*,*,#5992,.F.);
#7842=ORIENTED_EDGE('',*,*,#5993,.F.);
#7843=ORIENTED_EDGE('',*,*,#5994,.F.);
#7844=ORIENTED_EDGE('',*,*,#5995,.T.);
#7845=ORIENTED_EDGE('',*,*,#5996,.T.);
#7846=ORIENTED_EDGE('',*,*,#5997,.F.);
#7847=ORIENTED_EDGE('',*,*,#5998,.T.);
#7848=ORIENTED_EDGE('',*,*,#5994,.T.);
#7849=ORIENTED_EDGE('',*,*,#5999,.F.);
#7850=ORIENTED_EDGE('',*,*,#5990,.F.);
#7851=ORIENTED_EDGE('',*,*,#6000,.F.);
#7852=ORIENTED_EDGE('',*,*,#5992,.T.);
#7853=ORIENTED_EDGE('',*,*,#6001,.T.);
#7854=ORIENTED_EDGE('',*,*,#5996,.F.);
#7855=ORIENTED_EDGE('',*,*,#5993,.T.);
#7856=ORIENTED_EDGE('',*,*,#6000,.T.);
#7857=ORIENTED_EDGE('',*,*,#5995,.F.);
#7858=ORIENTED_EDGE('',*,*,#5998,.F.);
#7859=ORIENTED_EDGE('',*,*,#5991,.F.);
#7860=ORIENTED_EDGE('',*,*,#5999,.T.);
#7861=ORIENTED_EDGE('',*,*,#5997,.T.);
#7862=ORIENTED_EDGE('',*,*,#6001,.F.);
#7863=ORIENTED_EDGE('',*,*,#6002,.T.);
#7864=ORIENTED_EDGE('',*,*,#6003,.T.);
#7865=ORIENTED_EDGE('',*,*,#6004,.F.);
#7866=ORIENTED_EDGE('',*,*,#6005,.F.);
#7867=ORIENTED_EDGE('',*,*,#6006,.F.);
#7868=ORIENTED_EDGE('',*,*,#6007,.T.);
#7869=ORIENTED_EDGE('',*,*,#6008,.T.);
#7870=ORIENTED_EDGE('',*,*,#6009,.F.);
#7871=ORIENTED_EDGE('',*,*,#6010,.T.);
#7872=ORIENTED_EDGE('',*,*,#6006,.T.);
#7873=ORIENTED_EDGE('',*,*,#6011,.F.);
#7874=ORIENTED_EDGE('',*,*,#6002,.F.);
#7875=ORIENTED_EDGE('',*,*,#6012,.F.);
#7876=ORIENTED_EDGE('',*,*,#6004,.T.);
#7877=ORIENTED_EDGE('',*,*,#6013,.T.);
#7878=ORIENTED_EDGE('',*,*,#6008,.F.);
#7879=ORIENTED_EDGE('',*,*,#6005,.T.);
#7880=ORIENTED_EDGE('',*,*,#6012,.T.);
#7881=ORIENTED_EDGE('',*,*,#6007,.F.);
#7882=ORIENTED_EDGE('',*,*,#6010,.F.);
#7883=ORIENTED_EDGE('',*,*,#6003,.F.);
#7884=ORIENTED_EDGE('',*,*,#6011,.T.);
#7885=ORIENTED_EDGE('',*,*,#6009,.T.);
#7886=ORIENTED_EDGE('',*,*,#6013,.F.);
#7887=ORIENTED_EDGE('',*,*,#6014,.T.);
#7888=ORIENTED_EDGE('',*,*,#6015,.T.);
#7889=ORIENTED_EDGE('',*,*,#6016,.F.);
#7890=ORIENTED_EDGE('',*,*,#6017,.F.);
#7891=ORIENTED_EDGE('',*,*,#6018,.F.);
#7892=ORIENTED_EDGE('',*,*,#6019,.T.);
#7893=ORIENTED_EDGE('',*,*,#6020,.T.);
#7894=ORIENTED_EDGE('',*,*,#6021,.F.);
#7895=ORIENTED_EDGE('',*,*,#6022,.T.);
#7896=ORIENTED_EDGE('',*,*,#6018,.T.);
#7897=ORIENTED_EDGE('',*,*,#6023,.F.);
#7898=ORIENTED_EDGE('',*,*,#6014,.F.);
#7899=ORIENTED_EDGE('',*,*,#6024,.F.);
#7900=ORIENTED_EDGE('',*,*,#6016,.T.);
#7901=ORIENTED_EDGE('',*,*,#6025,.T.);
#7902=ORIENTED_EDGE('',*,*,#6020,.F.);
#7903=ORIENTED_EDGE('',*,*,#6017,.T.);
#7904=ORIENTED_EDGE('',*,*,#6024,.T.);
#7905=ORIENTED_EDGE('',*,*,#6019,.F.);
#7906=ORIENTED_EDGE('',*,*,#6022,.F.);
#7907=ORIENTED_EDGE('',*,*,#6015,.F.);
#7908=ORIENTED_EDGE('',*,*,#6023,.T.);
#7909=ORIENTED_EDGE('',*,*,#6021,.T.);
#7910=ORIENTED_EDGE('',*,*,#6025,.F.);
#7911=ORIENTED_EDGE('',*,*,#6026,.T.);
#7912=ORIENTED_EDGE('',*,*,#6027,.T.);
#7913=ORIENTED_EDGE('',*,*,#6028,.F.);
#7914=ORIENTED_EDGE('',*,*,#6029,.F.);
#7915=ORIENTED_EDGE('',*,*,#6030,.F.);
#7916=ORIENTED_EDGE('',*,*,#6031,.T.);
#7917=ORIENTED_EDGE('',*,*,#6032,.T.);
#7918=ORIENTED_EDGE('',*,*,#6033,.F.);
#7919=ORIENTED_EDGE('',*,*,#6034,.T.);
#7920=ORIENTED_EDGE('',*,*,#6030,.T.);
#7921=ORIENTED_EDGE('',*,*,#6035,.F.);
#7922=ORIENTED_EDGE('',*,*,#6026,.F.);
#7923=ORIENTED_EDGE('',*,*,#6036,.F.);
#7924=ORIENTED_EDGE('',*,*,#6028,.T.);
#7925=ORIENTED_EDGE('',*,*,#6037,.T.);
#7926=ORIENTED_EDGE('',*,*,#6032,.F.);
#7927=ORIENTED_EDGE('',*,*,#6029,.T.);
#7928=ORIENTED_EDGE('',*,*,#6036,.T.);
#7929=ORIENTED_EDGE('',*,*,#6031,.F.);
#7930=ORIENTED_EDGE('',*,*,#6034,.F.);
#7931=ORIENTED_EDGE('',*,*,#6027,.F.);
#7932=ORIENTED_EDGE('',*,*,#6035,.T.);
#7933=ORIENTED_EDGE('',*,*,#6033,.T.);
#7934=ORIENTED_EDGE('',*,*,#6037,.F.);
#7935=ORIENTED_EDGE('',*,*,#6038,.T.);
#7936=ORIENTED_EDGE('',*,*,#6039,.T.);
#7937=ORIENTED_EDGE('',*,*,#6040,.F.);
#7938=ORIENTED_EDGE('',*,*,#6041,.F.);
#7939=ORIENTED_EDGE('',*,*,#6042,.F.);
#7940=ORIENTED_EDGE('',*,*,#6043,.T.);
#7941=ORIENTED_EDGE('',*,*,#6044,.T.);
#7942=ORIENTED_EDGE('',*,*,#6045,.F.);
#7943=ORIENTED_EDGE('',*,*,#6046,.T.);
#7944=ORIENTED_EDGE('',*,*,#6042,.T.);
#7945=ORIENTED_EDGE('',*,*,#6047,.F.);
#7946=ORIENTED_EDGE('',*,*,#6038,.F.);
#7947=ORIENTED_EDGE('',*,*,#6048,.F.);
#7948=ORIENTED_EDGE('',*,*,#6040,.T.);
#7949=ORIENTED_EDGE('',*,*,#6049,.T.);
#7950=ORIENTED_EDGE('',*,*,#6044,.F.);
#7951=ORIENTED_EDGE('',*,*,#6041,.T.);
#7952=ORIENTED_EDGE('',*,*,#6048,.T.);
#7953=ORIENTED_EDGE('',*,*,#6043,.F.);
#7954=ORIENTED_EDGE('',*,*,#6046,.F.);
#7955=ORIENTED_EDGE('',*,*,#6039,.F.);
#7956=ORIENTED_EDGE('',*,*,#6047,.T.);
#7957=ORIENTED_EDGE('',*,*,#6045,.T.);
#7958=ORIENTED_EDGE('',*,*,#6049,.F.);
#7959=ORIENTED_EDGE('',*,*,#6050,.F.);
#7960=ORIENTED_EDGE('',*,*,#6051,.T.);
#7961=ORIENTED_EDGE('',*,*,#6052,.T.);
#7962=ORIENTED_EDGE('',*,*,#6051,.F.);
#7963=ORIENTED_EDGE('',*,*,#6050,.T.);
#7964=ORIENTED_EDGE('',*,*,#6053,.F.);
#7965=ORIENTED_EDGE('',*,*,#6052,.F.);
#7966=ORIENTED_EDGE('',*,*,#6054,.F.);
#7967=ORIENTED_EDGE('',*,*,#6055,.T.);
#7968=ORIENTED_EDGE('',*,*,#6053,.T.);
#7969=ORIENTED_EDGE('',*,*,#6055,.F.);
#7970=ORIENTED_EDGE('',*,*,#6054,.T.);
#7971=ORIENTED_EDGE('',*,*,#6056,.F.);
#7972=ORIENTED_EDGE('',*,*,#6057,.T.);
#7973=ORIENTED_EDGE('',*,*,#6058,.T.);
#7974=ORIENTED_EDGE('',*,*,#6057,.F.);
#7975=ORIENTED_EDGE('',*,*,#6056,.T.);
#7976=ORIENTED_EDGE('',*,*,#6058,.F.);
#7977=ORIENTED_EDGE('',*,*,#6059,.F.);
#7978=ORIENTED_EDGE('',*,*,#6060,.T.);
#7979=ORIENTED_EDGE('',*,*,#6061,.T.);
#7980=ORIENTED_EDGE('',*,*,#6060,.F.);
#7981=ORIENTED_EDGE('',*,*,#6059,.T.);
#7982=ORIENTED_EDGE('',*,*,#6061,.F.);
#7983=ORIENTED_EDGE('',*,*,#6062,.F.);
#7984=ORIENTED_EDGE('',*,*,#6063,.T.);
#7985=ORIENTED_EDGE('',*,*,#6064,.T.);
#7986=ORIENTED_EDGE('',*,*,#6063,.F.);
#7987=ORIENTED_EDGE('',*,*,#6062,.T.);
#7988=ORIENTED_EDGE('',*,*,#6064,.F.);
#7989=ORIENTED_EDGE('',*,*,#6065,.F.);
#7990=ORIENTED_EDGE('',*,*,#6066,.T.);
#7991=ORIENTED_EDGE('',*,*,#6067,.T.);
#7992=ORIENTED_EDGE('',*,*,#6066,.F.);
#7993=ORIENTED_EDGE('',*,*,#6065,.T.);
#7994=ORIENTED_EDGE('',*,*,#6067,.F.);
#7995=ORIENTED_EDGE('',*,*,#6068,.F.);
#7996=ORIENTED_EDGE('',*,*,#6069,.T.);
#7997=ORIENTED_EDGE('',*,*,#6070,.T.);
#7998=ORIENTED_EDGE('',*,*,#6069,.F.);
#7999=ORIENTED_EDGE('',*,*,#6068,.T.);
#8000=ORIENTED_EDGE('',*,*,#6070,.F.);
#8001=ORIENTED_EDGE('',*,*,#6071,.F.);
#8002=ORIENTED_EDGE('',*,*,#6072,.T.);
#8003=ORIENTED_EDGE('',*,*,#6073,.T.);
#8004=ORIENTED_EDGE('',*,*,#6072,.F.);
#8005=ORIENTED_EDGE('',*,*,#6071,.T.);
#8006=ORIENTED_EDGE('',*,*,#6073,.F.);
#8007=ORIENTED_EDGE('',*,*,#6074,.F.);
#8008=ORIENTED_EDGE('',*,*,#6075,.T.);
#8009=ORIENTED_EDGE('',*,*,#6076,.T.);
#8010=ORIENTED_EDGE('',*,*,#6075,.F.);
#8011=ORIENTED_EDGE('',*,*,#6074,.T.);
#8012=ORIENTED_EDGE('',*,*,#6076,.F.);
#8013=ORIENTED_EDGE('',*,*,#6077,.F.);
#8014=ORIENTED_EDGE('',*,*,#6078,.T.);
#8015=ORIENTED_EDGE('',*,*,#6079,.T.);
#8016=ORIENTED_EDGE('',*,*,#6078,.F.);
#8017=ORIENTED_EDGE('',*,*,#6077,.T.);
#8018=ORIENTED_EDGE('',*,*,#6079,.F.);
#8019=ORIENTED_EDGE('',*,*,#6080,.F.);
#8020=ORIENTED_EDGE('',*,*,#6081,.T.);
#8021=ORIENTED_EDGE('',*,*,#6082,.T.);
#8022=ORIENTED_EDGE('',*,*,#6081,.F.);
#8023=ORIENTED_EDGE('',*,*,#6080,.T.);
#8024=ORIENTED_EDGE('',*,*,#6082,.F.);
#8025=ORIENTED_EDGE('',*,*,#6083,.T.);
#8026=ORIENTED_EDGE('',*,*,#6084,.T.);
#8027=ORIENTED_EDGE('',*,*,#6085,.F.);
#8028=ORIENTED_EDGE('',*,*,#6086,.F.);
#8029=ORIENTED_EDGE('',*,*,#6087,.F.);
#8030=ORIENTED_EDGE('',*,*,#6088,.T.);
#8031=ORIENTED_EDGE('',*,*,#6089,.T.);
#8032=ORIENTED_EDGE('',*,*,#6090,.F.);
#8033=ORIENTED_EDGE('',*,*,#6091,.T.);
#8034=ORIENTED_EDGE('',*,*,#6087,.T.);
#8035=ORIENTED_EDGE('',*,*,#6092,.F.);
#8036=ORIENTED_EDGE('',*,*,#6083,.F.);
#8037=ORIENTED_EDGE('',*,*,#6093,.F.);
#8038=ORIENTED_EDGE('',*,*,#6085,.T.);
#8039=ORIENTED_EDGE('',*,*,#6094,.T.);
#8040=ORIENTED_EDGE('',*,*,#6089,.F.);
#8041=ORIENTED_EDGE('',*,*,#6086,.T.);
#8042=ORIENTED_EDGE('',*,*,#6093,.T.);
#8043=ORIENTED_EDGE('',*,*,#6088,.F.);
#8044=ORIENTED_EDGE('',*,*,#6091,.F.);
#8045=ORIENTED_EDGE('',*,*,#6084,.F.);
#8046=ORIENTED_EDGE('',*,*,#6092,.T.);
#8047=ORIENTED_EDGE('',*,*,#6090,.T.);
#8048=ORIENTED_EDGE('',*,*,#6094,.F.);
#8049=ORIENTED_EDGE('',*,*,#6095,.F.);
#8050=ORIENTED_EDGE('',*,*,#6096,.T.);
#8051=ORIENTED_EDGE('',*,*,#6097,.T.);
#8052=ORIENTED_EDGE('',*,*,#6096,.F.);
#8053=ORIENTED_EDGE('',*,*,#6095,.T.);
#8054=ORIENTED_EDGE('',*,*,#6098,.F.);
#8055=ORIENTED_EDGE('',*,*,#6097,.F.);
#8056=ORIENTED_EDGE('',*,*,#6099,.F.);
#8057=ORIENTED_EDGE('',*,*,#6100,.T.);
#8058=ORIENTED_EDGE('',*,*,#6098,.T.);
#8059=ORIENTED_EDGE('',*,*,#6100,.F.);
#8060=ORIENTED_EDGE('',*,*,#6099,.T.);
#8061=ORIENTED_EDGE('',*,*,#6101,.F.);
#8062=ORIENTED_EDGE('',*,*,#6102,.T.);
#8063=ORIENTED_EDGE('',*,*,#6103,.T.);
#8064=ORIENTED_EDGE('',*,*,#6102,.F.);
#8065=ORIENTED_EDGE('',*,*,#6101,.T.);
#8066=ORIENTED_EDGE('',*,*,#6103,.F.);
#8067=ORIENTED_EDGE('',*,*,#6104,.F.);
#8068=ORIENTED_EDGE('',*,*,#6105,.T.);
#8069=ORIENTED_EDGE('',*,*,#6106,.T.);
#8070=ORIENTED_EDGE('',*,*,#6105,.F.);
#8071=ORIENTED_EDGE('',*,*,#6104,.T.);
#8072=ORIENTED_EDGE('',*,*,#6106,.F.);
#8073=ORIENTED_EDGE('',*,*,#6107,.F.);
#8074=ORIENTED_EDGE('',*,*,#6108,.T.);
#8075=ORIENTED_EDGE('',*,*,#6109,.T.);
#8076=ORIENTED_EDGE('',*,*,#6108,.F.);
#8077=ORIENTED_EDGE('',*,*,#6107,.T.);
#8078=ORIENTED_EDGE('',*,*,#6109,.F.);
#8079=ORIENTED_EDGE('',*,*,#6110,.F.);
#8080=ORIENTED_EDGE('',*,*,#6111,.T.);
#8081=ORIENTED_EDGE('',*,*,#6112,.T.);
#8082=ORIENTED_EDGE('',*,*,#6111,.F.);
#8083=ORIENTED_EDGE('',*,*,#6110,.T.);
#8084=ORIENTED_EDGE('',*,*,#6112,.F.);
#8085=ORIENTED_EDGE('',*,*,#6113,.F.);
#8086=ORIENTED_EDGE('',*,*,#6114,.T.);
#8087=ORIENTED_EDGE('',*,*,#6115,.T.);
#8088=ORIENTED_EDGE('',*,*,#6114,.F.);
#8089=ORIENTED_EDGE('',*,*,#6113,.T.);
#8090=ORIENTED_EDGE('',*,*,#6115,.F.);
#8091=ORIENTED_EDGE('',*,*,#6116,.F.);
#8092=ORIENTED_EDGE('',*,*,#6117,.T.);
#8093=ORIENTED_EDGE('',*,*,#6118,.T.);
#8094=ORIENTED_EDGE('',*,*,#6117,.F.);
#8095=ORIENTED_EDGE('',*,*,#6116,.T.);
#8096=ORIENTED_EDGE('',*,*,#6118,.F.);
#8097=ORIENTED_EDGE('',*,*,#6119,.F.);
#8098=ORIENTED_EDGE('',*,*,#6120,.T.);
#8099=ORIENTED_EDGE('',*,*,#6121,.T.);
#8100=ORIENTED_EDGE('',*,*,#6120,.F.);
#8101=ORIENTED_EDGE('',*,*,#6119,.T.);
#8102=ORIENTED_EDGE('',*,*,#6121,.F.);
#8103=ORIENTED_EDGE('',*,*,#6122,.F.);
#8104=ORIENTED_EDGE('',*,*,#6123,.T.);
#8105=ORIENTED_EDGE('',*,*,#6124,.T.);
#8106=ORIENTED_EDGE('',*,*,#6123,.F.);
#8107=ORIENTED_EDGE('',*,*,#6122,.T.);
#8108=ORIENTED_EDGE('',*,*,#6124,.F.);
#8109=ORIENTED_EDGE('',*,*,#6125,.F.);
#8110=ORIENTED_EDGE('',*,*,#6126,.T.);
#8111=ORIENTED_EDGE('',*,*,#6127,.T.);
#8112=ORIENTED_EDGE('',*,*,#6126,.F.);
#8113=ORIENTED_EDGE('',*,*,#6125,.T.);
#8114=ORIENTED_EDGE('',*,*,#6127,.F.);
#8115=ORIENTED_EDGE('',*,*,#6128,.T.);
#8116=ORIENTED_EDGE('',*,*,#6129,.T.);
#8117=ORIENTED_EDGE('',*,*,#6130,.F.);
#8118=ORIENTED_EDGE('',*,*,#6131,.F.);
#8119=ORIENTED_EDGE('',*,*,#6132,.F.);
#8120=ORIENTED_EDGE('',*,*,#6133,.T.);
#8121=ORIENTED_EDGE('',*,*,#6134,.T.);
#8122=ORIENTED_EDGE('',*,*,#6135,.F.);
#8123=ORIENTED_EDGE('',*,*,#6136,.T.);
#8124=ORIENTED_EDGE('',*,*,#6132,.T.);
#8125=ORIENTED_EDGE('',*,*,#6137,.F.);
#8126=ORIENTED_EDGE('',*,*,#6128,.F.);
#8127=ORIENTED_EDGE('',*,*,#6138,.F.);
#8128=ORIENTED_EDGE('',*,*,#6130,.T.);
#8129=ORIENTED_EDGE('',*,*,#6139,.T.);
#8130=ORIENTED_EDGE('',*,*,#6134,.F.);
#8131=ORIENTED_EDGE('',*,*,#6131,.T.);
#8132=ORIENTED_EDGE('',*,*,#6138,.T.);
#8133=ORIENTED_EDGE('',*,*,#6133,.F.);
#8134=ORIENTED_EDGE('',*,*,#6136,.F.);
#8135=ORIENTED_EDGE('',*,*,#6129,.F.);
#8136=ORIENTED_EDGE('',*,*,#6137,.T.);
#8137=ORIENTED_EDGE('',*,*,#6135,.T.);
#8138=ORIENTED_EDGE('',*,*,#6139,.F.);
#8139=ORIENTED_EDGE('',*,*,#6140,.T.);
#8140=ORIENTED_EDGE('',*,*,#6141,.T.);
#8141=ORIENTED_EDGE('',*,*,#6142,.F.);
#8142=ORIENTED_EDGE('',*,*,#6143,.F.);
#8143=ORIENTED_EDGE('',*,*,#6144,.F.);
#8144=ORIENTED_EDGE('',*,*,#6145,.T.);
#8145=ORIENTED_EDGE('',*,*,#6146,.T.);
#8146=ORIENTED_EDGE('',*,*,#6147,.F.);
#8147=ORIENTED_EDGE('',*,*,#6148,.T.);
#8148=ORIENTED_EDGE('',*,*,#6144,.T.);
#8149=ORIENTED_EDGE('',*,*,#6149,.F.);
#8150=ORIENTED_EDGE('',*,*,#6140,.F.);
#8151=ORIENTED_EDGE('',*,*,#6150,.F.);
#8152=ORIENTED_EDGE('',*,*,#6142,.T.);
#8153=ORIENTED_EDGE('',*,*,#6151,.T.);
#8154=ORIENTED_EDGE('',*,*,#6146,.F.);
#8155=ORIENTED_EDGE('',*,*,#6143,.T.);
#8156=ORIENTED_EDGE('',*,*,#6150,.T.);
#8157=ORIENTED_EDGE('',*,*,#6145,.F.);
#8158=ORIENTED_EDGE('',*,*,#6148,.F.);
#8159=ORIENTED_EDGE('',*,*,#6141,.F.);
#8160=ORIENTED_EDGE('',*,*,#6149,.T.);
#8161=ORIENTED_EDGE('',*,*,#6147,.T.);
#8162=ORIENTED_EDGE('',*,*,#6151,.F.);
#8163=ORIENTED_EDGE('',*,*,#6152,.T.);
#8164=ORIENTED_EDGE('',*,*,#6153,.T.);
#8165=ORIENTED_EDGE('',*,*,#6154,.F.);
#8166=ORIENTED_EDGE('',*,*,#6155,.F.);
#8167=ORIENTED_EDGE('',*,*,#6156,.F.);
#8168=ORIENTED_EDGE('',*,*,#6157,.T.);
#8169=ORIENTED_EDGE('',*,*,#6158,.T.);
#8170=ORIENTED_EDGE('',*,*,#6159,.F.);
#8171=ORIENTED_EDGE('',*,*,#6160,.T.);
#8172=ORIENTED_EDGE('',*,*,#6156,.T.);
#8173=ORIENTED_EDGE('',*,*,#6161,.F.);
#8174=ORIENTED_EDGE('',*,*,#6152,.F.);
#8175=ORIENTED_EDGE('',*,*,#6162,.F.);
#8176=ORIENTED_EDGE('',*,*,#6154,.T.);
#8177=ORIENTED_EDGE('',*,*,#6163,.T.);
#8178=ORIENTED_EDGE('',*,*,#6158,.F.);
#8179=ORIENTED_EDGE('',*,*,#6155,.T.);
#8180=ORIENTED_EDGE('',*,*,#6162,.T.);
#8181=ORIENTED_EDGE('',*,*,#6157,.F.);
#8182=ORIENTED_EDGE('',*,*,#6160,.F.);
#8183=ORIENTED_EDGE('',*,*,#6153,.F.);
#8184=ORIENTED_EDGE('',*,*,#6161,.T.);
#8185=ORIENTED_EDGE('',*,*,#6159,.T.);
#8186=ORIENTED_EDGE('',*,*,#6163,.F.);
#8187=ORIENTED_EDGE('',*,*,#6164,.T.);
#8188=ORIENTED_EDGE('',*,*,#6165,.T.);
#8189=ORIENTED_EDGE('',*,*,#6166,.F.);
#8190=ORIENTED_EDGE('',*,*,#6167,.F.);
#8191=ORIENTED_EDGE('',*,*,#6168,.F.);
#8192=ORIENTED_EDGE('',*,*,#6169,.T.);
#8193=ORIENTED_EDGE('',*,*,#6170,.T.);
#8194=ORIENTED_EDGE('',*,*,#6171,.F.);
#8195=ORIENTED_EDGE('',*,*,#6172,.T.);
#8196=ORIENTED_EDGE('',*,*,#6168,.T.);
#8197=ORIENTED_EDGE('',*,*,#6173,.F.);
#8198=ORIENTED_EDGE('',*,*,#6164,.F.);
#8199=ORIENTED_EDGE('',*,*,#6174,.F.);
#8200=ORIENTED_EDGE('',*,*,#6166,.T.);
#8201=ORIENTED_EDGE('',*,*,#6175,.T.);
#8202=ORIENTED_EDGE('',*,*,#6170,.F.);
#8203=ORIENTED_EDGE('',*,*,#6167,.T.);
#8204=ORIENTED_EDGE('',*,*,#6174,.T.);
#8205=ORIENTED_EDGE('',*,*,#6169,.F.);
#8206=ORIENTED_EDGE('',*,*,#6172,.F.);
#8207=ORIENTED_EDGE('',*,*,#6165,.F.);
#8208=ORIENTED_EDGE('',*,*,#6173,.T.);
#8209=ORIENTED_EDGE('',*,*,#6171,.T.);
#8210=ORIENTED_EDGE('',*,*,#6175,.F.);
#8211=ORIENTED_EDGE('',*,*,#6176,.F.);
#8212=ORIENTED_EDGE('',*,*,#6177,.T.);
#8213=ORIENTED_EDGE('',*,*,#6178,.T.);
#8214=ORIENTED_EDGE('',*,*,#6177,.F.);
#8215=ORIENTED_EDGE('',*,*,#6176,.T.);
#8216=ORIENTED_EDGE('',*,*,#6179,.F.);
#8217=ORIENTED_EDGE('',*,*,#6178,.F.);
#8218=ORIENTED_EDGE('',*,*,#6180,.F.);
#8219=ORIENTED_EDGE('',*,*,#6181,.T.);
#8220=ORIENTED_EDGE('',*,*,#6179,.T.);
#8221=ORIENTED_EDGE('',*,*,#6181,.F.);
#8222=ORIENTED_EDGE('',*,*,#6180,.T.);
#8223=ORIENTED_EDGE('',*,*,#6182,.F.);
#8224=ORIENTED_EDGE('',*,*,#6183,.T.);
#8225=ORIENTED_EDGE('',*,*,#6184,.T.);
#8226=ORIENTED_EDGE('',*,*,#6183,.F.);
#8227=ORIENTED_EDGE('',*,*,#6182,.T.);
#8228=ORIENTED_EDGE('',*,*,#6184,.F.);
#8229=ORIENTED_EDGE('',*,*,#6185,.F.);
#8230=ORIENTED_EDGE('',*,*,#6186,.T.);
#8231=ORIENTED_EDGE('',*,*,#6187,.T.);
#8232=ORIENTED_EDGE('',*,*,#6186,.F.);
#8233=ORIENTED_EDGE('',*,*,#6185,.T.);
#8234=ORIENTED_EDGE('',*,*,#6187,.F.);
#8235=ORIENTED_EDGE('',*,*,#6188,.F.);
#8236=ORIENTED_EDGE('',*,*,#6189,.T.);
#8237=ORIENTED_EDGE('',*,*,#6190,.T.);
#8238=ORIENTED_EDGE('',*,*,#6189,.F.);
#8239=ORIENTED_EDGE('',*,*,#6188,.T.);
#8240=ORIENTED_EDGE('',*,*,#6190,.F.);
#8241=ORIENTED_EDGE('',*,*,#6191,.F.);
#8242=ORIENTED_EDGE('',*,*,#6192,.T.);
#8243=ORIENTED_EDGE('',*,*,#6193,.T.);
#8244=ORIENTED_EDGE('',*,*,#6192,.F.);
#8245=ORIENTED_EDGE('',*,*,#6191,.T.);
#8246=ORIENTED_EDGE('',*,*,#6193,.F.);
#8247=ORIENTED_EDGE('',*,*,#6194,.F.);
#8248=ORIENTED_EDGE('',*,*,#6195,.T.);
#8249=ORIENTED_EDGE('',*,*,#6196,.T.);
#8250=ORIENTED_EDGE('',*,*,#6195,.F.);
#8251=ORIENTED_EDGE('',*,*,#6194,.T.);
#8252=ORIENTED_EDGE('',*,*,#6196,.F.);
#8253=ORIENTED_EDGE('',*,*,#6197,.F.);
#8254=ORIENTED_EDGE('',*,*,#6198,.T.);
#8255=ORIENTED_EDGE('',*,*,#6199,.T.);
#8256=ORIENTED_EDGE('',*,*,#6198,.F.);
#8257=ORIENTED_EDGE('',*,*,#6197,.T.);
#8258=ORIENTED_EDGE('',*,*,#6199,.F.);
#8259=ORIENTED_EDGE('',*,*,#6200,.F.);
#8260=ORIENTED_EDGE('',*,*,#6201,.T.);
#8261=ORIENTED_EDGE('',*,*,#6202,.T.);
#8262=ORIENTED_EDGE('',*,*,#6201,.F.);
#8263=ORIENTED_EDGE('',*,*,#6200,.T.);
#8264=ORIENTED_EDGE('',*,*,#6202,.F.);
#8265=ORIENTED_EDGE('',*,*,#6203,.F.);
#8266=ORIENTED_EDGE('',*,*,#6204,.T.);
#8267=ORIENTED_EDGE('',*,*,#6205,.T.);
#8268=ORIENTED_EDGE('',*,*,#6204,.F.);
#8269=ORIENTED_EDGE('',*,*,#6203,.T.);
#8270=ORIENTED_EDGE('',*,*,#6205,.F.);
#8271=ORIENTED_EDGE('',*,*,#6206,.F.);
#8272=ORIENTED_EDGE('',*,*,#6207,.T.);
#8273=ORIENTED_EDGE('',*,*,#6208,.T.);
#8274=ORIENTED_EDGE('',*,*,#6207,.F.);
#8275=ORIENTED_EDGE('',*,*,#6206,.T.);
#8276=ORIENTED_EDGE('',*,*,#6208,.F.);
#8277=ORIENTED_EDGE('',*,*,#6209,.F.);
#8278=ORIENTED_EDGE('',*,*,#6210,.T.);
#8279=ORIENTED_EDGE('',*,*,#6211,.T.);
#8280=ORIENTED_EDGE('',*,*,#6210,.F.);
#8281=ORIENTED_EDGE('',*,*,#6209,.T.);
#8282=ORIENTED_EDGE('',*,*,#6212,.F.);
#8283=ORIENTED_EDGE('',*,*,#6211,.F.);
#8284=ORIENTED_EDGE('',*,*,#6213,.F.);
#8285=ORIENTED_EDGE('',*,*,#6214,.T.);
#8286=ORIENTED_EDGE('',*,*,#6212,.T.);
#8287=ORIENTED_EDGE('',*,*,#6214,.F.);
#8288=ORIENTED_EDGE('',*,*,#6213,.T.);
#8289=ORIENTED_EDGE('',*,*,#6215,.F.);
#8290=ORIENTED_EDGE('',*,*,#6216,.T.);
#8291=ORIENTED_EDGE('',*,*,#6217,.T.);
#8292=ORIENTED_EDGE('',*,*,#6216,.F.);
#8293=ORIENTED_EDGE('',*,*,#6215,.T.);
#8294=ORIENTED_EDGE('',*,*,#6217,.F.);
#8295=ORIENTED_EDGE('',*,*,#6218,.F.);
#8296=ORIENTED_EDGE('',*,*,#6219,.T.);
#8297=ORIENTED_EDGE('',*,*,#6220,.T.);
#8298=ORIENTED_EDGE('',*,*,#6219,.F.);
#8299=ORIENTED_EDGE('',*,*,#6218,.T.);
#8300=ORIENTED_EDGE('',*,*,#6220,.F.);
#8301=ORIENTED_EDGE('',*,*,#6221,.F.);
#8302=ORIENTED_EDGE('',*,*,#6222,.T.);
#8303=ORIENTED_EDGE('',*,*,#6223,.T.);
#8304=ORIENTED_EDGE('',*,*,#6222,.F.);
#8305=ORIENTED_EDGE('',*,*,#6221,.T.);
#8306=ORIENTED_EDGE('',*,*,#6223,.F.);
#8307=ORIENTED_EDGE('',*,*,#6224,.F.);
#8308=ORIENTED_EDGE('',*,*,#6225,.T.);
#8309=ORIENTED_EDGE('',*,*,#6226,.T.);
#8310=ORIENTED_EDGE('',*,*,#6225,.F.);
#8311=ORIENTED_EDGE('',*,*,#6224,.T.);
#8312=ORIENTED_EDGE('',*,*,#6226,.F.);
#8313=ORIENTED_EDGE('',*,*,#6227,.F.);
#8314=ORIENTED_EDGE('',*,*,#6228,.T.);
#8315=ORIENTED_EDGE('',*,*,#6229,.T.);
#8316=ORIENTED_EDGE('',*,*,#6228,.F.);
#8317=ORIENTED_EDGE('',*,*,#6227,.T.);
#8318=ORIENTED_EDGE('',*,*,#6229,.F.);
#8319=ORIENTED_EDGE('',*,*,#6230,.F.);
#8320=ORIENTED_EDGE('',*,*,#6231,.T.);
#8321=ORIENTED_EDGE('',*,*,#6232,.T.);
#8322=ORIENTED_EDGE('',*,*,#6231,.F.);
#8323=ORIENTED_EDGE('',*,*,#6230,.T.);
#8324=ORIENTED_EDGE('',*,*,#6232,.F.);
#8325=ORIENTED_EDGE('',*,*,#6233,.F.);
#8326=ORIENTED_EDGE('',*,*,#6234,.T.);
#8327=ORIENTED_EDGE('',*,*,#6235,.T.);
#8328=ORIENTED_EDGE('',*,*,#6234,.F.);
#8329=ORIENTED_EDGE('',*,*,#6233,.T.);
#8330=ORIENTED_EDGE('',*,*,#6235,.F.);
#8331=ORIENTED_EDGE('',*,*,#6236,.F.);
#8332=ORIENTED_EDGE('',*,*,#6237,.T.);
#8333=ORIENTED_EDGE('',*,*,#6238,.T.);
#8334=ORIENTED_EDGE('',*,*,#6237,.F.);
#8335=ORIENTED_EDGE('',*,*,#6236,.T.);
#8336=ORIENTED_EDGE('',*,*,#6238,.F.);
#8337=ORIENTED_EDGE('',*,*,#6239,.F.);
#8338=ORIENTED_EDGE('',*,*,#6240,.T.);
#8339=ORIENTED_EDGE('',*,*,#6241,.T.);
#8340=ORIENTED_EDGE('',*,*,#6240,.F.);
#8341=ORIENTED_EDGE('',*,*,#6239,.T.);
#8342=ORIENTED_EDGE('',*,*,#6241,.F.);
#8343=ORIENTED_EDGE('',*,*,#6242,.F.);
#8344=ORIENTED_EDGE('',*,*,#6243,.T.);
#8345=ORIENTED_EDGE('',*,*,#6244,.T.);
#8346=ORIENTED_EDGE('',*,*,#6243,.F.);
#8347=ORIENTED_EDGE('',*,*,#6242,.T.);
#8348=ORIENTED_EDGE('',*,*,#6245,.F.);
#8349=ORIENTED_EDGE('',*,*,#6244,.F.);
#8350=ORIENTED_EDGE('',*,*,#6246,.F.);
#8351=ORIENTED_EDGE('',*,*,#6247,.T.);
#8352=ORIENTED_EDGE('',*,*,#6245,.T.);
#8353=ORIENTED_EDGE('',*,*,#6247,.F.);
#8354=ORIENTED_EDGE('',*,*,#6246,.T.);
#8355=ORIENTED_EDGE('',*,*,#6248,.F.);
#8356=ORIENTED_EDGE('',*,*,#6249,.T.);
#8357=ORIENTED_EDGE('',*,*,#6250,.T.);
#8358=ORIENTED_EDGE('',*,*,#6249,.F.);
#8359=ORIENTED_EDGE('',*,*,#6248,.T.);
#8360=ORIENTED_EDGE('',*,*,#6250,.F.);
#8361=ORIENTED_EDGE('',*,*,#6251,.F.);
#8362=ORIENTED_EDGE('',*,*,#6252,.T.);
#8363=ORIENTED_EDGE('',*,*,#6253,.T.);
#8364=ORIENTED_EDGE('',*,*,#6252,.F.);
#8365=ORIENTED_EDGE('',*,*,#6251,.T.);
#8366=ORIENTED_EDGE('',*,*,#6253,.F.);
#8367=ORIENTED_EDGE('',*,*,#6254,.F.);
#8368=ORIENTED_EDGE('',*,*,#6255,.T.);
#8369=ORIENTED_EDGE('',*,*,#6256,.T.);
#8370=ORIENTED_EDGE('',*,*,#6255,.F.);
#8371=ORIENTED_EDGE('',*,*,#6254,.T.);
#8372=ORIENTED_EDGE('',*,*,#6256,.F.);
#8373=ORIENTED_EDGE('',*,*,#6257,.F.);
#8374=ORIENTED_EDGE('',*,*,#6258,.T.);
#8375=ORIENTED_EDGE('',*,*,#6259,.T.);
#8376=ORIENTED_EDGE('',*,*,#6258,.F.);
#8377=ORIENTED_EDGE('',*,*,#6257,.T.);
#8378=ORIENTED_EDGE('',*,*,#6259,.F.);
#8379=ORIENTED_EDGE('',*,*,#6260,.F.);
#8380=ORIENTED_EDGE('',*,*,#6261,.T.);
#8381=ORIENTED_EDGE('',*,*,#6262,.T.);
#8382=ORIENTED_EDGE('',*,*,#6261,.F.);
#8383=ORIENTED_EDGE('',*,*,#6260,.T.);
#8384=ORIENTED_EDGE('',*,*,#6262,.F.);
#8385=ORIENTED_EDGE('',*,*,#6263,.F.);
#8386=ORIENTED_EDGE('',*,*,#6264,.T.);
#8387=ORIENTED_EDGE('',*,*,#6265,.T.);
#8388=ORIENTED_EDGE('',*,*,#6264,.F.);
#8389=ORIENTED_EDGE('',*,*,#6263,.T.);
#8390=ORIENTED_EDGE('',*,*,#6265,.F.);
#8391=ORIENTED_EDGE('',*,*,#6266,.F.);
#8392=ORIENTED_EDGE('',*,*,#6267,.T.);
#8393=ORIENTED_EDGE('',*,*,#6268,.T.);
#8394=ORIENTED_EDGE('',*,*,#6267,.F.);
#8395=ORIENTED_EDGE('',*,*,#6266,.T.);
#8396=ORIENTED_EDGE('',*,*,#6268,.F.);
#8397=ORIENTED_EDGE('',*,*,#6269,.F.);
#8398=ORIENTED_EDGE('',*,*,#6270,.T.);
#8399=ORIENTED_EDGE('',*,*,#6271,.T.);
#8400=ORIENTED_EDGE('',*,*,#6270,.F.);
#8401=ORIENTED_EDGE('',*,*,#6269,.T.);
#8402=ORIENTED_EDGE('',*,*,#6271,.F.);
#8403=ORIENTED_EDGE('',*,*,#6272,.F.);
#8404=ORIENTED_EDGE('',*,*,#6273,.T.);
#8405=ORIENTED_EDGE('',*,*,#6274,.T.);
#8406=ORIENTED_EDGE('',*,*,#6273,.F.);
#8407=ORIENTED_EDGE('',*,*,#6272,.T.);
#8408=ORIENTED_EDGE('',*,*,#6274,.F.);
#8409=ORIENTED_EDGE('',*,*,#6275,.F.);
#8410=ORIENTED_EDGE('',*,*,#6276,.T.);
#8411=ORIENTED_EDGE('',*,*,#6277,.T.);
#8412=ORIENTED_EDGE('',*,*,#6276,.F.);
#8413=ORIENTED_EDGE('',*,*,#6275,.T.);
#8414=ORIENTED_EDGE('',*,*,#6278,.F.);
#8415=ORIENTED_EDGE('',*,*,#6277,.F.);
#8416=ORIENTED_EDGE('',*,*,#6279,.F.);
#8417=ORIENTED_EDGE('',*,*,#6280,.T.);
#8418=ORIENTED_EDGE('',*,*,#6278,.T.);
#8419=ORIENTED_EDGE('',*,*,#6280,.F.);
#8420=ORIENTED_EDGE('',*,*,#6279,.T.);
#8421=ORIENTED_EDGE('',*,*,#6281,.F.);
#8422=ORIENTED_EDGE('',*,*,#6282,.T.);
#8423=ORIENTED_EDGE('',*,*,#6283,.T.);
#8424=ORIENTED_EDGE('',*,*,#6282,.F.);
#8425=ORIENTED_EDGE('',*,*,#6281,.T.);
#8426=ORIENTED_EDGE('',*,*,#6283,.F.);
#8427=ORIENTED_EDGE('',*,*,#6284,.F.);
#8428=ORIENTED_EDGE('',*,*,#6285,.T.);
#8429=ORIENTED_EDGE('',*,*,#6286,.T.);
#8430=ORIENTED_EDGE('',*,*,#6285,.F.);
#8431=ORIENTED_EDGE('',*,*,#6284,.T.);
#8432=ORIENTED_EDGE('',*,*,#6286,.F.);
#8433=ORIENTED_EDGE('',*,*,#6287,.F.);
#8434=ORIENTED_EDGE('',*,*,#6288,.T.);
#8435=ORIENTED_EDGE('',*,*,#6289,.T.);
#8436=ORIENTED_EDGE('',*,*,#6288,.F.);
#8437=ORIENTED_EDGE('',*,*,#6287,.T.);
#8438=ORIENTED_EDGE('',*,*,#6289,.F.);
#8439=ORIENTED_EDGE('',*,*,#6290,.F.);
#8440=ORIENTED_EDGE('',*,*,#6291,.T.);
#8441=ORIENTED_EDGE('',*,*,#6292,.T.);
#8442=ORIENTED_EDGE('',*,*,#6291,.F.);
#8443=ORIENTED_EDGE('',*,*,#6290,.T.);
#8444=ORIENTED_EDGE('',*,*,#6292,.F.);
#8445=ORIENTED_EDGE('',*,*,#6293,.F.);
#8446=ORIENTED_EDGE('',*,*,#6294,.T.);
#8447=ORIENTED_EDGE('',*,*,#6295,.T.);
#8448=ORIENTED_EDGE('',*,*,#6294,.F.);
#8449=ORIENTED_EDGE('',*,*,#6293,.T.);
#8450=ORIENTED_EDGE('',*,*,#6295,.F.);
#8451=ORIENTED_EDGE('',*,*,#6296,.F.);
#8452=ORIENTED_EDGE('',*,*,#6297,.T.);
#8453=ORIENTED_EDGE('',*,*,#6298,.T.);
#8454=ORIENTED_EDGE('',*,*,#6297,.F.);
#8455=ORIENTED_EDGE('',*,*,#6296,.T.);
#8456=ORIENTED_EDGE('',*,*,#6298,.F.);
#8457=ORIENTED_EDGE('',*,*,#6299,.F.);
#8458=ORIENTED_EDGE('',*,*,#6300,.T.);
#8459=ORIENTED_EDGE('',*,*,#6301,.T.);
#8460=ORIENTED_EDGE('',*,*,#6300,.F.);
#8461=ORIENTED_EDGE('',*,*,#6299,.T.);
#8462=ORIENTED_EDGE('',*,*,#6301,.F.);
#8463=ORIENTED_EDGE('',*,*,#6302,.F.);
#8464=ORIENTED_EDGE('',*,*,#6303,.T.);
#8465=ORIENTED_EDGE('',*,*,#6304,.T.);
#8466=ORIENTED_EDGE('',*,*,#6303,.F.);
#8467=ORIENTED_EDGE('',*,*,#6302,.T.);
#8468=ORIENTED_EDGE('',*,*,#6304,.F.);
#8469=ORIENTED_EDGE('',*,*,#6305,.F.);
#8470=ORIENTED_EDGE('',*,*,#6306,.T.);
#8471=ORIENTED_EDGE('',*,*,#6307,.T.);
#8472=ORIENTED_EDGE('',*,*,#6306,.F.);
#8473=ORIENTED_EDGE('',*,*,#6305,.T.);
#8474=ORIENTED_EDGE('',*,*,#6307,.F.);
#8475=ORIENTED_EDGE('',*,*,#6308,.F.);
#8476=ORIENTED_EDGE('',*,*,#6309,.T.);
#8477=ORIENTED_EDGE('',*,*,#6310,.T.);
#8478=ORIENTED_EDGE('',*,*,#6309,.F.);
#8479=ORIENTED_EDGE('',*,*,#6308,.T.);
#8480=ORIENTED_EDGE('',*,*,#6311,.F.);
#8481=ORIENTED_EDGE('',*,*,#6310,.F.);
#8482=ORIENTED_EDGE('',*,*,#6312,.F.);
#8483=ORIENTED_EDGE('',*,*,#6313,.T.);
#8484=ORIENTED_EDGE('',*,*,#6311,.T.);
#8485=ORIENTED_EDGE('',*,*,#6313,.F.);
#8486=ORIENTED_EDGE('',*,*,#6312,.T.);
#8487=ORIENTED_EDGE('',*,*,#6314,.F.);
#8488=ORIENTED_EDGE('',*,*,#6315,.T.);
#8489=ORIENTED_EDGE('',*,*,#6316,.T.);
#8490=ORIENTED_EDGE('',*,*,#6315,.F.);
#8491=ORIENTED_EDGE('',*,*,#6314,.T.);
#8492=ORIENTED_EDGE('',*,*,#6316,.F.);
#8493=ORIENTED_EDGE('',*,*,#6317,.F.);
#8494=ORIENTED_EDGE('',*,*,#6318,.T.);
#8495=ORIENTED_EDGE('',*,*,#6319,.T.);
#8496=ORIENTED_EDGE('',*,*,#6318,.F.);
#8497=ORIENTED_EDGE('',*,*,#6317,.T.);
#8498=ORIENTED_EDGE('',*,*,#6319,.F.);
#8499=ORIENTED_EDGE('',*,*,#6320,.F.);
#8500=ORIENTED_EDGE('',*,*,#6321,.T.);
#8501=ORIENTED_EDGE('',*,*,#6322,.T.);
#8502=ORIENTED_EDGE('',*,*,#6321,.F.);
#8503=ORIENTED_EDGE('',*,*,#6320,.T.);
#8504=ORIENTED_EDGE('',*,*,#6322,.F.);
#8505=ORIENTED_EDGE('',*,*,#6323,.F.);
#8506=ORIENTED_EDGE('',*,*,#6324,.T.);
#8507=ORIENTED_EDGE('',*,*,#6325,.T.);
#8508=ORIENTED_EDGE('',*,*,#6324,.F.);
#8509=ORIENTED_EDGE('',*,*,#6323,.T.);
#8510=ORIENTED_EDGE('',*,*,#6325,.F.);
#8511=ORIENTED_EDGE('',*,*,#6326,.F.);
#8512=ORIENTED_EDGE('',*,*,#6327,.T.);
#8513=ORIENTED_EDGE('',*,*,#6328,.T.);
#8514=ORIENTED_EDGE('',*,*,#6327,.F.);
#8515=ORIENTED_EDGE('',*,*,#6326,.T.);
#8516=ORIENTED_EDGE('',*,*,#6328,.F.);
#8517=ORIENTED_EDGE('',*,*,#6329,.F.);
#8518=ORIENTED_EDGE('',*,*,#6330,.T.);
#8519=ORIENTED_EDGE('',*,*,#6331,.T.);
#8520=ORIENTED_EDGE('',*,*,#6330,.F.);
#8521=ORIENTED_EDGE('',*,*,#6329,.T.);
#8522=ORIENTED_EDGE('',*,*,#6331,.F.);
#8523=ORIENTED_EDGE('',*,*,#6332,.F.);
#8524=ORIENTED_EDGE('',*,*,#6333,.T.);
#8525=ORIENTED_EDGE('',*,*,#6334,.T.);
#8526=ORIENTED_EDGE('',*,*,#6333,.F.);
#8527=ORIENTED_EDGE('',*,*,#6332,.T.);
#8528=ORIENTED_EDGE('',*,*,#6334,.F.);
#8529=ORIENTED_EDGE('',*,*,#6335,.F.);
#8530=ORIENTED_EDGE('',*,*,#6336,.T.);
#8531=ORIENTED_EDGE('',*,*,#6337,.T.);
#8532=ORIENTED_EDGE('',*,*,#6336,.F.);
#8533=ORIENTED_EDGE('',*,*,#6335,.T.);
#8534=ORIENTED_EDGE('',*,*,#6337,.F.);
#8535=ORIENTED_EDGE('',*,*,#6338,.F.);
#8536=ORIENTED_EDGE('',*,*,#6339,.T.);
#8537=ORIENTED_EDGE('',*,*,#6340,.T.);
#8538=ORIENTED_EDGE('',*,*,#6339,.F.);
#8539=ORIENTED_EDGE('',*,*,#6338,.T.);
#8540=ORIENTED_EDGE('',*,*,#6340,.F.);
#8541=ORIENTED_EDGE('',*,*,#6341,.F.);
#8542=ORIENTED_EDGE('',*,*,#6342,.T.);
#8543=ORIENTED_EDGE('',*,*,#6343,.T.);
#8544=ORIENTED_EDGE('',*,*,#6342,.F.);
#8545=ORIENTED_EDGE('',*,*,#6341,.T.);
#8546=ORIENTED_EDGE('',*,*,#6344,.F.);
#8547=ORIENTED_EDGE('',*,*,#6343,.F.);
#8548=ORIENTED_EDGE('',*,*,#6345,.F.);
#8549=ORIENTED_EDGE('',*,*,#6346,.T.);
#8550=ORIENTED_EDGE('',*,*,#6344,.T.);
#8551=ORIENTED_EDGE('',*,*,#6346,.F.);
#8552=ORIENTED_EDGE('',*,*,#6345,.T.);
#8553=ORIENTED_EDGE('',*,*,#6347,.F.);
#8554=ORIENTED_EDGE('',*,*,#6348,.T.);
#8555=ORIENTED_EDGE('',*,*,#6349,.T.);
#8556=ORIENTED_EDGE('',*,*,#6348,.F.);
#8557=ORIENTED_EDGE('',*,*,#6347,.T.);
#8558=ORIENTED_EDGE('',*,*,#6349,.F.);
#8559=ORIENTED_EDGE('',*,*,#6350,.F.);
#8560=ORIENTED_EDGE('',*,*,#6351,.T.);
#8561=ORIENTED_EDGE('',*,*,#6352,.T.);
#8562=ORIENTED_EDGE('',*,*,#6351,.F.);
#8563=ORIENTED_EDGE('',*,*,#6350,.T.);
#8564=ORIENTED_EDGE('',*,*,#6352,.F.);
#8565=ORIENTED_EDGE('',*,*,#6353,.F.);
#8566=ORIENTED_EDGE('',*,*,#6354,.T.);
#8567=ORIENTED_EDGE('',*,*,#6355,.T.);
#8568=ORIENTED_EDGE('',*,*,#6354,.F.);
#8569=ORIENTED_EDGE('',*,*,#6353,.T.);
#8570=ORIENTED_EDGE('',*,*,#6355,.F.);
#8571=ORIENTED_EDGE('',*,*,#6356,.F.);
#8572=ORIENTED_EDGE('',*,*,#6357,.T.);
#8573=ORIENTED_EDGE('',*,*,#6358,.T.);
#8574=ORIENTED_EDGE('',*,*,#6357,.F.);
#8575=ORIENTED_EDGE('',*,*,#6356,.T.);
#8576=ORIENTED_EDGE('',*,*,#6358,.F.);
#8577=ORIENTED_EDGE('',*,*,#6359,.F.);
#8578=ORIENTED_EDGE('',*,*,#6360,.T.);
#8579=ORIENTED_EDGE('',*,*,#6361,.T.);
#8580=ORIENTED_EDGE('',*,*,#6360,.F.);
#8581=ORIENTED_EDGE('',*,*,#6359,.T.);
#8582=ORIENTED_EDGE('',*,*,#6361,.F.);
#8583=ORIENTED_EDGE('',*,*,#6362,.F.);
#8584=ORIENTED_EDGE('',*,*,#6363,.T.);
#8585=ORIENTED_EDGE('',*,*,#6364,.T.);
#8586=ORIENTED_EDGE('',*,*,#6363,.F.);
#8587=ORIENTED_EDGE('',*,*,#6362,.T.);
#8588=ORIENTED_EDGE('',*,*,#6364,.F.);
#8589=ORIENTED_EDGE('',*,*,#6365,.F.);
#8590=ORIENTED_EDGE('',*,*,#6366,.T.);
#8591=ORIENTED_EDGE('',*,*,#6367,.T.);
#8592=ORIENTED_EDGE('',*,*,#6366,.F.);
#8593=ORIENTED_EDGE('',*,*,#6365,.T.);
#8594=ORIENTED_EDGE('',*,*,#6367,.F.);
#8595=ORIENTED_EDGE('',*,*,#6368,.F.);
#8596=ORIENTED_EDGE('',*,*,#6369,.T.);
#8597=ORIENTED_EDGE('',*,*,#6370,.T.);
#8598=ORIENTED_EDGE('',*,*,#6369,.F.);
#8599=ORIENTED_EDGE('',*,*,#6368,.T.);
#8600=ORIENTED_EDGE('',*,*,#6370,.F.);
#8601=ORIENTED_EDGE('',*,*,#6371,.F.);
#8602=ORIENTED_EDGE('',*,*,#6372,.T.);
#8603=ORIENTED_EDGE('',*,*,#6373,.T.);
#8604=ORIENTED_EDGE('',*,*,#6372,.F.);
#8605=ORIENTED_EDGE('',*,*,#6371,.T.);
#8606=ORIENTED_EDGE('',*,*,#6373,.F.);
#8607=ORIENTED_EDGE('',*,*,#6374,.T.);
#8608=ORIENTED_EDGE('',*,*,#6375,.T.);
#8609=ORIENTED_EDGE('',*,*,#6376,.F.);
#8610=ORIENTED_EDGE('',*,*,#6377,.F.);
#8611=ORIENTED_EDGE('',*,*,#6378,.F.);
#8612=ORIENTED_EDGE('',*,*,#6379,.T.);
#8613=ORIENTED_EDGE('',*,*,#6380,.T.);
#8614=ORIENTED_EDGE('',*,*,#6381,.F.);
#8615=ORIENTED_EDGE('',*,*,#6382,.T.);
#8616=ORIENTED_EDGE('',*,*,#6378,.T.);
#8617=ORIENTED_EDGE('',*,*,#6383,.F.);
#8618=ORIENTED_EDGE('',*,*,#6374,.F.);
#8619=ORIENTED_EDGE('',*,*,#6384,.F.);
#8620=ORIENTED_EDGE('',*,*,#6376,.T.);
#8621=ORIENTED_EDGE('',*,*,#6385,.T.);
#8622=ORIENTED_EDGE('',*,*,#6380,.F.);
#8623=ORIENTED_EDGE('',*,*,#6377,.T.);
#8624=ORIENTED_EDGE('',*,*,#6384,.T.);
#8625=ORIENTED_EDGE('',*,*,#6379,.F.);
#8626=ORIENTED_EDGE('',*,*,#6382,.F.);
#8627=ORIENTED_EDGE('',*,*,#6375,.F.);
#8628=ORIENTED_EDGE('',*,*,#6383,.T.);
#8629=ORIENTED_EDGE('',*,*,#6381,.T.);
#8630=ORIENTED_EDGE('',*,*,#6385,.F.);
#8631=ORIENTED_EDGE('',*,*,#6386,.T.);
#8632=ORIENTED_EDGE('',*,*,#6387,.T.);
#8633=ORIENTED_EDGE('',*,*,#6388,.F.);
#8634=ORIENTED_EDGE('',*,*,#6389,.F.);
#8635=ORIENTED_EDGE('',*,*,#6390,.F.);
#8636=ORIENTED_EDGE('',*,*,#6391,.T.);
#8637=ORIENTED_EDGE('',*,*,#6392,.T.);
#8638=ORIENTED_EDGE('',*,*,#6393,.F.);
#8639=ORIENTED_EDGE('',*,*,#6394,.T.);
#8640=ORIENTED_EDGE('',*,*,#6390,.T.);
#8641=ORIENTED_EDGE('',*,*,#6395,.F.);
#8642=ORIENTED_EDGE('',*,*,#6386,.F.);
#8643=ORIENTED_EDGE('',*,*,#6396,.F.);
#8644=ORIENTED_EDGE('',*,*,#6388,.T.);
#8645=ORIENTED_EDGE('',*,*,#6397,.T.);
#8646=ORIENTED_EDGE('',*,*,#6392,.F.);
#8647=ORIENTED_EDGE('',*,*,#6389,.T.);
#8648=ORIENTED_EDGE('',*,*,#6396,.T.);
#8649=ORIENTED_EDGE('',*,*,#6391,.F.);
#8650=ORIENTED_EDGE('',*,*,#6394,.F.);
#8651=ORIENTED_EDGE('',*,*,#6387,.F.);
#8652=ORIENTED_EDGE('',*,*,#6395,.T.);
#8653=ORIENTED_EDGE('',*,*,#6393,.T.);
#8654=ORIENTED_EDGE('',*,*,#6397,.F.);
#8655=ORIENTED_EDGE('',*,*,#6398,.T.);
#8656=ORIENTED_EDGE('',*,*,#6399,.T.);
#8657=ORIENTED_EDGE('',*,*,#6400,.F.);
#8658=ORIENTED_EDGE('',*,*,#6401,.F.);
#8659=ORIENTED_EDGE('',*,*,#6402,.F.);
#8660=ORIENTED_EDGE('',*,*,#6403,.T.);
#8661=ORIENTED_EDGE('',*,*,#6404,.T.);
#8662=ORIENTED_EDGE('',*,*,#6405,.F.);
#8663=ORIENTED_EDGE('',*,*,#6406,.T.);
#8664=ORIENTED_EDGE('',*,*,#6402,.T.);
#8665=ORIENTED_EDGE('',*,*,#6407,.F.);
#8666=ORIENTED_EDGE('',*,*,#6398,.F.);
#8667=ORIENTED_EDGE('',*,*,#6408,.F.);
#8668=ORIENTED_EDGE('',*,*,#6400,.T.);
#8669=ORIENTED_EDGE('',*,*,#6409,.T.);
#8670=ORIENTED_EDGE('',*,*,#6404,.F.);
#8671=ORIENTED_EDGE('',*,*,#6401,.T.);
#8672=ORIENTED_EDGE('',*,*,#6408,.T.);
#8673=ORIENTED_EDGE('',*,*,#6403,.F.);
#8674=ORIENTED_EDGE('',*,*,#6406,.F.);
#8675=ORIENTED_EDGE('',*,*,#6399,.F.);
#8676=ORIENTED_EDGE('',*,*,#6407,.T.);
#8677=ORIENTED_EDGE('',*,*,#6405,.T.);
#8678=ORIENTED_EDGE('',*,*,#6409,.F.);
#8679=ORIENTED_EDGE('',*,*,#6410,.T.);
#8680=ORIENTED_EDGE('',*,*,#6411,.T.);
#8681=ORIENTED_EDGE('',*,*,#6412,.F.);
#8682=ORIENTED_EDGE('',*,*,#6413,.F.);
#8683=ORIENTED_EDGE('',*,*,#6414,.F.);
#8684=ORIENTED_EDGE('',*,*,#6415,.T.);
#8685=ORIENTED_EDGE('',*,*,#6416,.T.);
#8686=ORIENTED_EDGE('',*,*,#6417,.F.);
#8687=ORIENTED_EDGE('',*,*,#6418,.T.);
#8688=ORIENTED_EDGE('',*,*,#6414,.T.);
#8689=ORIENTED_EDGE('',*,*,#6419,.F.);
#8690=ORIENTED_EDGE('',*,*,#6410,.F.);
#8691=ORIENTED_EDGE('',*,*,#6420,.F.);
#8692=ORIENTED_EDGE('',*,*,#6412,.T.);
#8693=ORIENTED_EDGE('',*,*,#6421,.T.);
#8694=ORIENTED_EDGE('',*,*,#6416,.F.);
#8695=ORIENTED_EDGE('',*,*,#6413,.T.);
#8696=ORIENTED_EDGE('',*,*,#6420,.T.);
#8697=ORIENTED_EDGE('',*,*,#6415,.F.);
#8698=ORIENTED_EDGE('',*,*,#6418,.F.);
#8699=ORIENTED_EDGE('',*,*,#6411,.F.);
#8700=ORIENTED_EDGE('',*,*,#6419,.T.);
#8701=ORIENTED_EDGE('',*,*,#6417,.T.);
#8702=ORIENTED_EDGE('',*,*,#6421,.F.);
#8703=ORIENTED_EDGE('',*,*,#6422,.T.);
#8704=ORIENTED_EDGE('',*,*,#6423,.T.);
#8705=ORIENTED_EDGE('',*,*,#6424,.F.);
#8706=ORIENTED_EDGE('',*,*,#6425,.F.);
#8707=ORIENTED_EDGE('',*,*,#6426,.F.);
#8708=ORIENTED_EDGE('',*,*,#6427,.T.);
#8709=ORIENTED_EDGE('',*,*,#6428,.T.);
#8710=ORIENTED_EDGE('',*,*,#6429,.F.);
#8711=ORIENTED_EDGE('',*,*,#6430,.T.);
#8712=ORIENTED_EDGE('',*,*,#6426,.T.);
#8713=ORIENTED_EDGE('',*,*,#6431,.F.);
#8714=ORIENTED_EDGE('',*,*,#6422,.F.);
#8715=ORIENTED_EDGE('',*,*,#6432,.F.);
#8716=ORIENTED_EDGE('',*,*,#6424,.T.);
#8717=ORIENTED_EDGE('',*,*,#6433,.T.);
#8718=ORIENTED_EDGE('',*,*,#6428,.F.);
#8719=ORIENTED_EDGE('',*,*,#6425,.T.);
#8720=ORIENTED_EDGE('',*,*,#6432,.T.);
#8721=ORIENTED_EDGE('',*,*,#6427,.F.);
#8722=ORIENTED_EDGE('',*,*,#6430,.F.);
#8723=ORIENTED_EDGE('',*,*,#6423,.F.);
#8724=ORIENTED_EDGE('',*,*,#6431,.T.);
#8725=ORIENTED_EDGE('',*,*,#6429,.T.);
#8726=ORIENTED_EDGE('',*,*,#6433,.F.);
#8727=ORIENTED_EDGE('',*,*,#6434,.T.);
#8728=ORIENTED_EDGE('',*,*,#6435,.T.);
#8729=ORIENTED_EDGE('',*,*,#6436,.F.);
#8730=ORIENTED_EDGE('',*,*,#6437,.F.);
#8731=ORIENTED_EDGE('',*,*,#6438,.F.);
#8732=ORIENTED_EDGE('',*,*,#6439,.T.);
#8733=ORIENTED_EDGE('',*,*,#6440,.T.);
#8734=ORIENTED_EDGE('',*,*,#6441,.F.);
#8735=ORIENTED_EDGE('',*,*,#6442,.T.);
#8736=ORIENTED_EDGE('',*,*,#6438,.T.);
#8737=ORIENTED_EDGE('',*,*,#6443,.F.);
#8738=ORIENTED_EDGE('',*,*,#6434,.F.);
#8739=ORIENTED_EDGE('',*,*,#6444,.F.);
#8740=ORIENTED_EDGE('',*,*,#6436,.T.);
#8741=ORIENTED_EDGE('',*,*,#6445,.T.);
#8742=ORIENTED_EDGE('',*,*,#6440,.F.);
#8743=ORIENTED_EDGE('',*,*,#6437,.T.);
#8744=ORIENTED_EDGE('',*,*,#6444,.T.);
#8745=ORIENTED_EDGE('',*,*,#6439,.F.);
#8746=ORIENTED_EDGE('',*,*,#6442,.F.);
#8747=ORIENTED_EDGE('',*,*,#6435,.F.);
#8748=ORIENTED_EDGE('',*,*,#6443,.T.);
#8749=ORIENTED_EDGE('',*,*,#6441,.T.);
#8750=ORIENTED_EDGE('',*,*,#6445,.F.);
#8751=ORIENTED_EDGE('',*,*,#6446,.T.);
#8752=ORIENTED_EDGE('',*,*,#6447,.T.);
#8753=ORIENTED_EDGE('',*,*,#6448,.F.);
#8754=ORIENTED_EDGE('',*,*,#6449,.F.);
#8755=ORIENTED_EDGE('',*,*,#6450,.F.);
#8756=ORIENTED_EDGE('',*,*,#6451,.T.);
#8757=ORIENTED_EDGE('',*,*,#6452,.T.);
#8758=ORIENTED_EDGE('',*,*,#6453,.F.);
#8759=ORIENTED_EDGE('',*,*,#6454,.T.);
#8760=ORIENTED_EDGE('',*,*,#6450,.T.);
#8761=ORIENTED_EDGE('',*,*,#6455,.F.);
#8762=ORIENTED_EDGE('',*,*,#6446,.F.);
#8763=ORIENTED_EDGE('',*,*,#6456,.F.);
#8764=ORIENTED_EDGE('',*,*,#6448,.T.);
#8765=ORIENTED_EDGE('',*,*,#6457,.T.);
#8766=ORIENTED_EDGE('',*,*,#6452,.F.);
#8767=ORIENTED_EDGE('',*,*,#6449,.T.);
#8768=ORIENTED_EDGE('',*,*,#6456,.T.);
#8769=ORIENTED_EDGE('',*,*,#6451,.F.);
#8770=ORIENTED_EDGE('',*,*,#6454,.F.);
#8771=ORIENTED_EDGE('',*,*,#6447,.F.);
#8772=ORIENTED_EDGE('',*,*,#6455,.T.);
#8773=ORIENTED_EDGE('',*,*,#6453,.T.);
#8774=ORIENTED_EDGE('',*,*,#6457,.F.);
#8775=ORIENTED_EDGE('',*,*,#6458,.T.);
#8776=ORIENTED_EDGE('',*,*,#6459,.T.);
#8777=ORIENTED_EDGE('',*,*,#6460,.F.);
#8778=ORIENTED_EDGE('',*,*,#6461,.F.);
#8779=ORIENTED_EDGE('',*,*,#6462,.F.);
#8780=ORIENTED_EDGE('',*,*,#6463,.T.);
#8781=ORIENTED_EDGE('',*,*,#6464,.T.);
#8782=ORIENTED_EDGE('',*,*,#6465,.F.);
#8783=ORIENTED_EDGE('',*,*,#6466,.T.);
#8784=ORIENTED_EDGE('',*,*,#6462,.T.);
#8785=ORIENTED_EDGE('',*,*,#6467,.F.);
#8786=ORIENTED_EDGE('',*,*,#6458,.F.);
#8787=ORIENTED_EDGE('',*,*,#6468,.F.);
#8788=ORIENTED_EDGE('',*,*,#6460,.T.);
#8789=ORIENTED_EDGE('',*,*,#6469,.T.);
#8790=ORIENTED_EDGE('',*,*,#6464,.F.);
#8791=ORIENTED_EDGE('',*,*,#6461,.T.);
#8792=ORIENTED_EDGE('',*,*,#6468,.T.);
#8793=ORIENTED_EDGE('',*,*,#6463,.F.);
#8794=ORIENTED_EDGE('',*,*,#6466,.F.);
#8795=ORIENTED_EDGE('',*,*,#6459,.F.);
#8796=ORIENTED_EDGE('',*,*,#6467,.T.);
#8797=ORIENTED_EDGE('',*,*,#6465,.T.);
#8798=ORIENTED_EDGE('',*,*,#6469,.F.);
#8799=ORIENTED_EDGE('',*,*,#6470,.T.);
#8800=ORIENTED_EDGE('',*,*,#6471,.T.);
#8801=ORIENTED_EDGE('',*,*,#6472,.F.);
#8802=ORIENTED_EDGE('',*,*,#6473,.F.);
#8803=ORIENTED_EDGE('',*,*,#6474,.F.);
#8804=ORIENTED_EDGE('',*,*,#6475,.T.);
#8805=ORIENTED_EDGE('',*,*,#6476,.T.);
#8806=ORIENTED_EDGE('',*,*,#6477,.F.);
#8807=ORIENTED_EDGE('',*,*,#6478,.T.);
#8808=ORIENTED_EDGE('',*,*,#6474,.T.);
#8809=ORIENTED_EDGE('',*,*,#6479,.F.);
#8810=ORIENTED_EDGE('',*,*,#6470,.F.);
#8811=ORIENTED_EDGE('',*,*,#6480,.F.);
#8812=ORIENTED_EDGE('',*,*,#6472,.T.);
#8813=ORIENTED_EDGE('',*,*,#6481,.T.);
#8814=ORIENTED_EDGE('',*,*,#6476,.F.);
#8815=ORIENTED_EDGE('',*,*,#6473,.T.);
#8816=ORIENTED_EDGE('',*,*,#6480,.T.);
#8817=ORIENTED_EDGE('',*,*,#6475,.F.);
#8818=ORIENTED_EDGE('',*,*,#6478,.F.);
#8819=ORIENTED_EDGE('',*,*,#6471,.F.);
#8820=ORIENTED_EDGE('',*,*,#6479,.T.);
#8821=ORIENTED_EDGE('',*,*,#6477,.T.);
#8822=ORIENTED_EDGE('',*,*,#6481,.F.);
#8823=ORIENTED_EDGE('',*,*,#6482,.T.);
#8824=ORIENTED_EDGE('',*,*,#6483,.T.);
#8825=ORIENTED_EDGE('',*,*,#6484,.F.);
#8826=ORIENTED_EDGE('',*,*,#6485,.F.);
#8827=ORIENTED_EDGE('',*,*,#6486,.F.);
#8828=ORIENTED_EDGE('',*,*,#6487,.T.);
#8829=ORIENTED_EDGE('',*,*,#6488,.T.);
#8830=ORIENTED_EDGE('',*,*,#6489,.F.);
#8831=ORIENTED_EDGE('',*,*,#6490,.T.);
#8832=ORIENTED_EDGE('',*,*,#6486,.T.);
#8833=ORIENTED_EDGE('',*,*,#6491,.F.);
#8834=ORIENTED_EDGE('',*,*,#6482,.F.);
#8835=ORIENTED_EDGE('',*,*,#6492,.F.);
#8836=ORIENTED_EDGE('',*,*,#6484,.T.);
#8837=ORIENTED_EDGE('',*,*,#6493,.T.);
#8838=ORIENTED_EDGE('',*,*,#6488,.F.);
#8839=ORIENTED_EDGE('',*,*,#6485,.T.);
#8840=ORIENTED_EDGE('',*,*,#6492,.T.);
#8841=ORIENTED_EDGE('',*,*,#6487,.F.);
#8842=ORIENTED_EDGE('',*,*,#6490,.F.);
#8843=ORIENTED_EDGE('',*,*,#6483,.F.);
#8844=ORIENTED_EDGE('',*,*,#6491,.T.);
#8845=ORIENTED_EDGE('',*,*,#6489,.T.);
#8846=ORIENTED_EDGE('',*,*,#6493,.F.);
#8847=ORIENTED_EDGE('',*,*,#6494,.T.);
#8848=ORIENTED_EDGE('',*,*,#6495,.T.);
#8849=ORIENTED_EDGE('',*,*,#6496,.F.);
#8850=ORIENTED_EDGE('',*,*,#6497,.F.);
#8851=ORIENTED_EDGE('',*,*,#6498,.F.);
#8852=ORIENTED_EDGE('',*,*,#6499,.T.);
#8853=ORIENTED_EDGE('',*,*,#6500,.T.);
#8854=ORIENTED_EDGE('',*,*,#6501,.F.);
#8855=ORIENTED_EDGE('',*,*,#6502,.T.);
#8856=ORIENTED_EDGE('',*,*,#6498,.T.);
#8857=ORIENTED_EDGE('',*,*,#6503,.F.);
#8858=ORIENTED_EDGE('',*,*,#6494,.F.);
#8859=ORIENTED_EDGE('',*,*,#6504,.F.);
#8860=ORIENTED_EDGE('',*,*,#6496,.T.);
#8861=ORIENTED_EDGE('',*,*,#6505,.T.);
#8862=ORIENTED_EDGE('',*,*,#6500,.F.);
#8863=ORIENTED_EDGE('',*,*,#6497,.T.);
#8864=ORIENTED_EDGE('',*,*,#6504,.T.);
#8865=ORIENTED_EDGE('',*,*,#6499,.F.);
#8866=ORIENTED_EDGE('',*,*,#6502,.F.);
#8867=ORIENTED_EDGE('',*,*,#6495,.F.);
#8868=ORIENTED_EDGE('',*,*,#6503,.T.);
#8869=ORIENTED_EDGE('',*,*,#6501,.T.);
#8870=ORIENTED_EDGE('',*,*,#6505,.F.);
#8871=ORIENTED_EDGE('',*,*,#6506,.T.);
#8872=ORIENTED_EDGE('',*,*,#6507,.T.);
#8873=ORIENTED_EDGE('',*,*,#6508,.F.);
#8874=ORIENTED_EDGE('',*,*,#6509,.F.);
#8875=ORIENTED_EDGE('',*,*,#6510,.F.);
#8876=ORIENTED_EDGE('',*,*,#6511,.T.);
#8877=ORIENTED_EDGE('',*,*,#6512,.T.);
#8878=ORIENTED_EDGE('',*,*,#6513,.F.);
#8879=ORIENTED_EDGE('',*,*,#6514,.T.);
#8880=ORIENTED_EDGE('',*,*,#6510,.T.);
#8881=ORIENTED_EDGE('',*,*,#6515,.F.);
#8882=ORIENTED_EDGE('',*,*,#6506,.F.);
#8883=ORIENTED_EDGE('',*,*,#6516,.F.);
#8884=ORIENTED_EDGE('',*,*,#6508,.T.);
#8885=ORIENTED_EDGE('',*,*,#6517,.T.);
#8886=ORIENTED_EDGE('',*,*,#6512,.F.);
#8887=ORIENTED_EDGE('',*,*,#6509,.T.);
#8888=ORIENTED_EDGE('',*,*,#6516,.T.);
#8889=ORIENTED_EDGE('',*,*,#6511,.F.);
#8890=ORIENTED_EDGE('',*,*,#6514,.F.);
#8891=ORIENTED_EDGE('',*,*,#6507,.F.);
#8892=ORIENTED_EDGE('',*,*,#6515,.T.);
#8893=ORIENTED_EDGE('',*,*,#6513,.T.);
#8894=ORIENTED_EDGE('',*,*,#6517,.F.);
#8895=ORIENTED_EDGE('',*,*,#6518,.T.);
#8896=ORIENTED_EDGE('',*,*,#6519,.T.);
#8897=ORIENTED_EDGE('',*,*,#6520,.F.);
#8898=ORIENTED_EDGE('',*,*,#6521,.F.);
#8899=ORIENTED_EDGE('',*,*,#6522,.F.);
#8900=ORIENTED_EDGE('',*,*,#6523,.T.);
#8901=ORIENTED_EDGE('',*,*,#6524,.T.);
#8902=ORIENTED_EDGE('',*,*,#6525,.F.);
#8903=ORIENTED_EDGE('',*,*,#6526,.T.);
#8904=ORIENTED_EDGE('',*,*,#6522,.T.);
#8905=ORIENTED_EDGE('',*,*,#6527,.F.);
#8906=ORIENTED_EDGE('',*,*,#6518,.F.);
#8907=ORIENTED_EDGE('',*,*,#6528,.F.);
#8908=ORIENTED_EDGE('',*,*,#6520,.T.);
#8909=ORIENTED_EDGE('',*,*,#6529,.T.);
#8910=ORIENTED_EDGE('',*,*,#6524,.F.);
#8911=ORIENTED_EDGE('',*,*,#6521,.T.);
#8912=ORIENTED_EDGE('',*,*,#6528,.T.);
#8913=ORIENTED_EDGE('',*,*,#6523,.F.);
#8914=ORIENTED_EDGE('',*,*,#6526,.F.);
#8915=ORIENTED_EDGE('',*,*,#6519,.F.);
#8916=ORIENTED_EDGE('',*,*,#6527,.T.);
#8917=ORIENTED_EDGE('',*,*,#6525,.T.);
#8918=ORIENTED_EDGE('',*,*,#6529,.F.);
#8919=ORIENTED_EDGE('',*,*,#6530,.T.);
#8920=ORIENTED_EDGE('',*,*,#6531,.T.);
#8921=ORIENTED_EDGE('',*,*,#6532,.F.);
#8922=ORIENTED_EDGE('',*,*,#6533,.F.);
#8923=ORIENTED_EDGE('',*,*,#6534,.F.);
#8924=ORIENTED_EDGE('',*,*,#6535,.T.);
#8925=ORIENTED_EDGE('',*,*,#6536,.T.);
#8926=ORIENTED_EDGE('',*,*,#6537,.F.);
#8927=ORIENTED_EDGE('',*,*,#6538,.T.);
#8928=ORIENTED_EDGE('',*,*,#6534,.T.);
#8929=ORIENTED_EDGE('',*,*,#6539,.F.);
#8930=ORIENTED_EDGE('',*,*,#6530,.F.);
#8931=ORIENTED_EDGE('',*,*,#6540,.F.);
#8932=ORIENTED_EDGE('',*,*,#6532,.T.);
#8933=ORIENTED_EDGE('',*,*,#6541,.T.);
#8934=ORIENTED_EDGE('',*,*,#6536,.F.);
#8935=ORIENTED_EDGE('',*,*,#6533,.T.);
#8936=ORIENTED_EDGE('',*,*,#6540,.T.);
#8937=ORIENTED_EDGE('',*,*,#6535,.F.);
#8938=ORIENTED_EDGE('',*,*,#6538,.F.);
#8939=ORIENTED_EDGE('',*,*,#6531,.F.);
#8940=ORIENTED_EDGE('',*,*,#6539,.T.);
#8941=ORIENTED_EDGE('',*,*,#6537,.T.);
#8942=ORIENTED_EDGE('',*,*,#6541,.F.);
#8943=ORIENTED_EDGE('',*,*,#6542,.T.);
#8944=ORIENTED_EDGE('',*,*,#6543,.T.);
#8945=ORIENTED_EDGE('',*,*,#6544,.F.);
#8946=ORIENTED_EDGE('',*,*,#6545,.F.);
#8947=ORIENTED_EDGE('',*,*,#6546,.F.);
#8948=ORIENTED_EDGE('',*,*,#6547,.T.);
#8949=ORIENTED_EDGE('',*,*,#6548,.T.);
#8950=ORIENTED_EDGE('',*,*,#6549,.F.);
#8951=ORIENTED_EDGE('',*,*,#6550,.T.);
#8952=ORIENTED_EDGE('',*,*,#6546,.T.);
#8953=ORIENTED_EDGE('',*,*,#6551,.F.);
#8954=ORIENTED_EDGE('',*,*,#6542,.F.);
#8955=ORIENTED_EDGE('',*,*,#6552,.F.);
#8956=ORIENTED_EDGE('',*,*,#6544,.T.);
#8957=ORIENTED_EDGE('',*,*,#6553,.T.);
#8958=ORIENTED_EDGE('',*,*,#6548,.F.);
#8959=ORIENTED_EDGE('',*,*,#6545,.T.);
#8960=ORIENTED_EDGE('',*,*,#6552,.T.);
#8961=ORIENTED_EDGE('',*,*,#6547,.F.);
#8962=ORIENTED_EDGE('',*,*,#6550,.F.);
#8963=ORIENTED_EDGE('',*,*,#6543,.F.);
#8964=ORIENTED_EDGE('',*,*,#6551,.T.);
#8965=ORIENTED_EDGE('',*,*,#6549,.T.);
#8966=ORIENTED_EDGE('',*,*,#6553,.F.);
#8967=ORIENTED_EDGE('',*,*,#6554,.T.);
#8968=ORIENTED_EDGE('',*,*,#6555,.T.);
#8969=ORIENTED_EDGE('',*,*,#6556,.F.);
#8970=ORIENTED_EDGE('',*,*,#6557,.F.);
#8971=ORIENTED_EDGE('',*,*,#6558,.F.);
#8972=ORIENTED_EDGE('',*,*,#6559,.T.);
#8973=ORIENTED_EDGE('',*,*,#6560,.T.);
#8974=ORIENTED_EDGE('',*,*,#6561,.F.);
#8975=ORIENTED_EDGE('',*,*,#6562,.T.);
#8976=ORIENTED_EDGE('',*,*,#6558,.T.);
#8977=ORIENTED_EDGE('',*,*,#6563,.F.);
#8978=ORIENTED_EDGE('',*,*,#6554,.F.);
#8979=ORIENTED_EDGE('',*,*,#6564,.F.);
#8980=ORIENTED_EDGE('',*,*,#6556,.T.);
#8981=ORIENTED_EDGE('',*,*,#6565,.T.);
#8982=ORIENTED_EDGE('',*,*,#6560,.F.);
#8983=ORIENTED_EDGE('',*,*,#6557,.T.);
#8984=ORIENTED_EDGE('',*,*,#6564,.T.);
#8985=ORIENTED_EDGE('',*,*,#6559,.F.);
#8986=ORIENTED_EDGE('',*,*,#6562,.F.);
#8987=ORIENTED_EDGE('',*,*,#6555,.F.);
#8988=ORIENTED_EDGE('',*,*,#6563,.T.);
#8989=ORIENTED_EDGE('',*,*,#6561,.T.);
#8990=ORIENTED_EDGE('',*,*,#6565,.F.);
#8991=ORIENTED_EDGE('',*,*,#6566,.T.);
#8992=ORIENTED_EDGE('',*,*,#6567,.T.);
#8993=ORIENTED_EDGE('',*,*,#6568,.F.);
#8994=ORIENTED_EDGE('',*,*,#6569,.F.);
#8995=ORIENTED_EDGE('',*,*,#6570,.F.);
#8996=ORIENTED_EDGE('',*,*,#6571,.T.);
#8997=ORIENTED_EDGE('',*,*,#6572,.T.);
#8998=ORIENTED_EDGE('',*,*,#6573,.F.);
#8999=ORIENTED_EDGE('',*,*,#6574,.T.);
#9000=ORIENTED_EDGE('',*,*,#6570,.T.);
#9001=ORIENTED_EDGE('',*,*,#6575,.F.);
#9002=ORIENTED_EDGE('',*,*,#6566,.F.);
#9003=ORIENTED_EDGE('',*,*,#6576,.F.);
#9004=ORIENTED_EDGE('',*,*,#6568,.T.);
#9005=ORIENTED_EDGE('',*,*,#6577,.T.);
#9006=ORIENTED_EDGE('',*,*,#6572,.F.);
#9007=ORIENTED_EDGE('',*,*,#6569,.T.);
#9008=ORIENTED_EDGE('',*,*,#6576,.T.);
#9009=ORIENTED_EDGE('',*,*,#6571,.F.);
#9010=ORIENTED_EDGE('',*,*,#6574,.F.);
#9011=ORIENTED_EDGE('',*,*,#6567,.F.);
#9012=ORIENTED_EDGE('',*,*,#6575,.T.);
#9013=ORIENTED_EDGE('',*,*,#6573,.T.);
#9014=ORIENTED_EDGE('',*,*,#6577,.F.);
#9015=ORIENTED_EDGE('',*,*,#6578,.T.);
#9016=ORIENTED_EDGE('',*,*,#6579,.T.);
#9017=ORIENTED_EDGE('',*,*,#6580,.F.);
#9018=ORIENTED_EDGE('',*,*,#6581,.F.);
#9019=ORIENTED_EDGE('',*,*,#6582,.F.);
#9020=ORIENTED_EDGE('',*,*,#6583,.T.);
#9021=ORIENTED_EDGE('',*,*,#6584,.T.);
#9022=ORIENTED_EDGE('',*,*,#6585,.F.);
#9023=ORIENTED_EDGE('',*,*,#6586,.T.);
#9024=ORIENTED_EDGE('',*,*,#6582,.T.);
#9025=ORIENTED_EDGE('',*,*,#6587,.F.);
#9026=ORIENTED_EDGE('',*,*,#6578,.F.);
#9027=ORIENTED_EDGE('',*,*,#6588,.F.);
#9028=ORIENTED_EDGE('',*,*,#6580,.T.);
#9029=ORIENTED_EDGE('',*,*,#6589,.T.);
#9030=ORIENTED_EDGE('',*,*,#6584,.F.);
#9031=ORIENTED_EDGE('',*,*,#6581,.T.);
#9032=ORIENTED_EDGE('',*,*,#6588,.T.);
#9033=ORIENTED_EDGE('',*,*,#6583,.F.);
#9034=ORIENTED_EDGE('',*,*,#6586,.F.);
#9035=ORIENTED_EDGE('',*,*,#6579,.F.);
#9036=ORIENTED_EDGE('',*,*,#6587,.T.);
#9037=ORIENTED_EDGE('',*,*,#6585,.T.);
#9038=ORIENTED_EDGE('',*,*,#6589,.F.);
#9039=ORIENTED_EDGE('',*,*,#6590,.T.);
#9040=ORIENTED_EDGE('',*,*,#6591,.T.);
#9041=ORIENTED_EDGE('',*,*,#6592,.F.);
#9042=ORIENTED_EDGE('',*,*,#6593,.F.);
#9043=ORIENTED_EDGE('',*,*,#6594,.F.);
#9044=ORIENTED_EDGE('',*,*,#6595,.T.);
#9045=ORIENTED_EDGE('',*,*,#6596,.T.);
#9046=ORIENTED_EDGE('',*,*,#6597,.F.);
#9047=ORIENTED_EDGE('',*,*,#6598,.T.);
#9048=ORIENTED_EDGE('',*,*,#6594,.T.);
#9049=ORIENTED_EDGE('',*,*,#6599,.F.);
#9050=ORIENTED_EDGE('',*,*,#6590,.F.);
#9051=ORIENTED_EDGE('',*,*,#6600,.F.);
#9052=ORIENTED_EDGE('',*,*,#6592,.T.);
#9053=ORIENTED_EDGE('',*,*,#6601,.T.);
#9054=ORIENTED_EDGE('',*,*,#6596,.F.);
#9055=ORIENTED_EDGE('',*,*,#6593,.T.);
#9056=ORIENTED_EDGE('',*,*,#6600,.T.);
#9057=ORIENTED_EDGE('',*,*,#6595,.F.);
#9058=ORIENTED_EDGE('',*,*,#6598,.F.);
#9059=ORIENTED_EDGE('',*,*,#6591,.F.);
#9060=ORIENTED_EDGE('',*,*,#6599,.T.);
#9061=ORIENTED_EDGE('',*,*,#6597,.T.);
#9062=ORIENTED_EDGE('',*,*,#6601,.F.);
#9063=ORIENTED_EDGE('',*,*,#6602,.T.);
#9064=ORIENTED_EDGE('',*,*,#6603,.T.);
#9065=ORIENTED_EDGE('',*,*,#6604,.F.);
#9066=ORIENTED_EDGE('',*,*,#6605,.F.);
#9067=ORIENTED_EDGE('',*,*,#6606,.F.);
#9068=ORIENTED_EDGE('',*,*,#6607,.T.);
#9069=ORIENTED_EDGE('',*,*,#6608,.T.);
#9070=ORIENTED_EDGE('',*,*,#6609,.F.);
#9071=ORIENTED_EDGE('',*,*,#6610,.T.);
#9072=ORIENTED_EDGE('',*,*,#6606,.T.);
#9073=ORIENTED_EDGE('',*,*,#6611,.F.);
#9074=ORIENTED_EDGE('',*,*,#6602,.F.);
#9075=ORIENTED_EDGE('',*,*,#6612,.F.);
#9076=ORIENTED_EDGE('',*,*,#6604,.T.);
#9077=ORIENTED_EDGE('',*,*,#6613,.T.);
#9078=ORIENTED_EDGE('',*,*,#6608,.F.);
#9079=ORIENTED_EDGE('',*,*,#6605,.T.);
#9080=ORIENTED_EDGE('',*,*,#6612,.T.);
#9081=ORIENTED_EDGE('',*,*,#6607,.F.);
#9082=ORIENTED_EDGE('',*,*,#6610,.F.);
#9083=ORIENTED_EDGE('',*,*,#6603,.F.);
#9084=ORIENTED_EDGE('',*,*,#6611,.T.);
#9085=ORIENTED_EDGE('',*,*,#6609,.T.);
#9086=ORIENTED_EDGE('',*,*,#6613,.F.);
#9087=ORIENTED_EDGE('',*,*,#6614,.T.);
#9088=ORIENTED_EDGE('',*,*,#6615,.T.);
#9089=ORIENTED_EDGE('',*,*,#6616,.F.);
#9090=ORIENTED_EDGE('',*,*,#6617,.F.);
#9091=ORIENTED_EDGE('',*,*,#6618,.F.);
#9092=ORIENTED_EDGE('',*,*,#6619,.T.);
#9093=ORIENTED_EDGE('',*,*,#6620,.T.);
#9094=ORIENTED_EDGE('',*,*,#6621,.F.);
#9095=ORIENTED_EDGE('',*,*,#6622,.T.);
#9096=ORIENTED_EDGE('',*,*,#6618,.T.);
#9097=ORIENTED_EDGE('',*,*,#6623,.F.);
#9098=ORIENTED_EDGE('',*,*,#6614,.F.);
#9099=ORIENTED_EDGE('',*,*,#6624,.F.);
#9100=ORIENTED_EDGE('',*,*,#6616,.T.);
#9101=ORIENTED_EDGE('',*,*,#6625,.T.);
#9102=ORIENTED_EDGE('',*,*,#6620,.F.);
#9103=ORIENTED_EDGE('',*,*,#6617,.T.);
#9104=ORIENTED_EDGE('',*,*,#6624,.T.);
#9105=ORIENTED_EDGE('',*,*,#6619,.F.);
#9106=ORIENTED_EDGE('',*,*,#6622,.F.);
#9107=ORIENTED_EDGE('',*,*,#6615,.F.);
#9108=ORIENTED_EDGE('',*,*,#6623,.T.);
#9109=ORIENTED_EDGE('',*,*,#6621,.T.);
#9110=ORIENTED_EDGE('',*,*,#6625,.F.);
#9111=ORIENTED_EDGE('',*,*,#6626,.T.);
#9112=ORIENTED_EDGE('',*,*,#6627,.T.);
#9113=ORIENTED_EDGE('',*,*,#6628,.F.);
#9114=ORIENTED_EDGE('',*,*,#6629,.F.);
#9115=ORIENTED_EDGE('',*,*,#6630,.F.);
#9116=ORIENTED_EDGE('',*,*,#6631,.T.);
#9117=ORIENTED_EDGE('',*,*,#6632,.T.);
#9118=ORIENTED_EDGE('',*,*,#6633,.F.);
#9119=ORIENTED_EDGE('',*,*,#6634,.T.);
#9120=ORIENTED_EDGE('',*,*,#6630,.T.);
#9121=ORIENTED_EDGE('',*,*,#6635,.F.);
#9122=ORIENTED_EDGE('',*,*,#6626,.F.);
#9123=ORIENTED_EDGE('',*,*,#6636,.F.);
#9124=ORIENTED_EDGE('',*,*,#6628,.T.);
#9125=ORIENTED_EDGE('',*,*,#6637,.T.);
#9126=ORIENTED_EDGE('',*,*,#6632,.F.);
#9127=ORIENTED_EDGE('',*,*,#6629,.T.);
#9128=ORIENTED_EDGE('',*,*,#6636,.T.);
#9129=ORIENTED_EDGE('',*,*,#6631,.F.);
#9130=ORIENTED_EDGE('',*,*,#6634,.F.);
#9131=ORIENTED_EDGE('',*,*,#6627,.F.);
#9132=ORIENTED_EDGE('',*,*,#6635,.T.);
#9133=ORIENTED_EDGE('',*,*,#6633,.T.);
#9134=ORIENTED_EDGE('',*,*,#6637,.F.);
#9135=ORIENTED_EDGE('',*,*,#6638,.T.);
#9136=ORIENTED_EDGE('',*,*,#6639,.T.);
#9137=ORIENTED_EDGE('',*,*,#6640,.F.);
#9138=ORIENTED_EDGE('',*,*,#6641,.F.);
#9139=ORIENTED_EDGE('',*,*,#6642,.F.);
#9140=ORIENTED_EDGE('',*,*,#6643,.T.);
#9141=ORIENTED_EDGE('',*,*,#6644,.T.);
#9142=ORIENTED_EDGE('',*,*,#6645,.F.);
#9143=ORIENTED_EDGE('',*,*,#6646,.T.);
#9144=ORIENTED_EDGE('',*,*,#6642,.T.);
#9145=ORIENTED_EDGE('',*,*,#6647,.F.);
#9146=ORIENTED_EDGE('',*,*,#6638,.F.);
#9147=ORIENTED_EDGE('',*,*,#6648,.F.);
#9148=ORIENTED_EDGE('',*,*,#6640,.T.);
#9149=ORIENTED_EDGE('',*,*,#6649,.T.);
#9150=ORIENTED_EDGE('',*,*,#6644,.F.);
#9151=ORIENTED_EDGE('',*,*,#6641,.T.);
#9152=ORIENTED_EDGE('',*,*,#6648,.T.);
#9153=ORIENTED_EDGE('',*,*,#6643,.F.);
#9154=ORIENTED_EDGE('',*,*,#6646,.F.);
#9155=ORIENTED_EDGE('',*,*,#6639,.F.);
#9156=ORIENTED_EDGE('',*,*,#6647,.T.);
#9157=ORIENTED_EDGE('',*,*,#6645,.T.);
#9158=ORIENTED_EDGE('',*,*,#6649,.F.);
#9159=ORIENTED_EDGE('',*,*,#6650,.T.);
#9160=ORIENTED_EDGE('',*,*,#6651,.T.);
#9161=ORIENTED_EDGE('',*,*,#6652,.F.);
#9162=ORIENTED_EDGE('',*,*,#6653,.F.);
#9163=ORIENTED_EDGE('',*,*,#6654,.F.);
#9164=ORIENTED_EDGE('',*,*,#6655,.T.);
#9165=ORIENTED_EDGE('',*,*,#6656,.T.);
#9166=ORIENTED_EDGE('',*,*,#6657,.F.);
#9167=ORIENTED_EDGE('',*,*,#6658,.T.);
#9168=ORIENTED_EDGE('',*,*,#6654,.T.);
#9169=ORIENTED_EDGE('',*,*,#6659,.F.);
#9170=ORIENTED_EDGE('',*,*,#6650,.F.);
#9171=ORIENTED_EDGE('',*,*,#6660,.F.);
#9172=ORIENTED_EDGE('',*,*,#6652,.T.);
#9173=ORIENTED_EDGE('',*,*,#6661,.T.);
#9174=ORIENTED_EDGE('',*,*,#6656,.F.);
#9175=ORIENTED_EDGE('',*,*,#6653,.T.);
#9176=ORIENTED_EDGE('',*,*,#6660,.T.);
#9177=ORIENTED_EDGE('',*,*,#6655,.F.);
#9178=ORIENTED_EDGE('',*,*,#6658,.F.);
#9179=ORIENTED_EDGE('',*,*,#6651,.F.);
#9180=ORIENTED_EDGE('',*,*,#6659,.T.);
#9181=ORIENTED_EDGE('',*,*,#6657,.T.);
#9182=ORIENTED_EDGE('',*,*,#6661,.F.);
#9183=ORIENTED_EDGE('',*,*,#6662,.T.);
#9184=ORIENTED_EDGE('',*,*,#6663,.T.);
#9185=ORIENTED_EDGE('',*,*,#6664,.F.);
#9186=ORIENTED_EDGE('',*,*,#6665,.F.);
#9187=ORIENTED_EDGE('',*,*,#6666,.F.);
#9188=ORIENTED_EDGE('',*,*,#6667,.T.);
#9189=ORIENTED_EDGE('',*,*,#6668,.T.);
#9190=ORIENTED_EDGE('',*,*,#6669,.F.);
#9191=ORIENTED_EDGE('',*,*,#6670,.T.);
#9192=ORIENTED_EDGE('',*,*,#6666,.T.);
#9193=ORIENTED_EDGE('',*,*,#6671,.F.);
#9194=ORIENTED_EDGE('',*,*,#6662,.F.);
#9195=ORIENTED_EDGE('',*,*,#6672,.F.);
#9196=ORIENTED_EDGE('',*,*,#6664,.T.);
#9197=ORIENTED_EDGE('',*,*,#6673,.T.);
#9198=ORIENTED_EDGE('',*,*,#6668,.F.);
#9199=ORIENTED_EDGE('',*,*,#6665,.T.);
#9200=ORIENTED_EDGE('',*,*,#6672,.T.);
#9201=ORIENTED_EDGE('',*,*,#6667,.F.);
#9202=ORIENTED_EDGE('',*,*,#6670,.F.);
#9203=ORIENTED_EDGE('',*,*,#6663,.F.);
#9204=ORIENTED_EDGE('',*,*,#6671,.T.);
#9205=ORIENTED_EDGE('',*,*,#6669,.T.);
#9206=ORIENTED_EDGE('',*,*,#6673,.F.);
#9207=ORIENTED_EDGE('',*,*,#6674,.T.);
#9208=ORIENTED_EDGE('',*,*,#6675,.T.);
#9209=ORIENTED_EDGE('',*,*,#6676,.F.);
#9210=ORIENTED_EDGE('',*,*,#6677,.F.);
#9211=ORIENTED_EDGE('',*,*,#6678,.T.);
#9212=ORIENTED_EDGE('',*,*,#6679,.T.);
#9213=ORIENTED_EDGE('',*,*,#6680,.F.);
#9214=ORIENTED_EDGE('',*,*,#6681,.F.);
#9215=ORIENTED_EDGE('',*,*,#6682,.T.);
#9216=ORIENTED_EDGE('',*,*,#6683,.F.);
#9217=ORIENTED_EDGE('',*,*,#6674,.F.);
#9218=ORIENTED_EDGE('',*,*,#6684,.T.);
#9219=ORIENTED_EDGE('',*,*,#6685,.T.);
#9220=ORIENTED_EDGE('',*,*,#6686,.T.);
#9221=ORIENTED_EDGE('',*,*,#6687,.T.);
#9222=ORIENTED_EDGE('',*,*,#6688,.F.);
#9223=ORIENTED_EDGE('',*,*,#6689,.F.);
#9224=ORIENTED_EDGE('',*,*,#6690,.F.);
#9225=ORIENTED_EDGE('',*,*,#6691,.F.);
#9226=ORIENTED_EDGE('',*,*,#6692,.F.);
#9227=ORIENTED_EDGE('',*,*,#6693,.T.);
#9228=ORIENTED_EDGE('',*,*,#6694,.T.);
#9229=ORIENTED_EDGE('',*,*,#6695,.T.);
#9230=ORIENTED_EDGE('',*,*,#6696,.F.);
#9231=ORIENTED_EDGE('',*,*,#6697,.T.);
#9232=ORIENTED_EDGE('',*,*,#6698,.T.);
#9233=ORIENTED_EDGE('',*,*,#6699,.T.);
#9234=ORIENTED_EDGE('',*,*,#6700,.T.);
#9235=ORIENTED_EDGE('',*,*,#6701,.F.);
#9236=ORIENTED_EDGE('',*,*,#6702,.F.);
#9237=ORIENTED_EDGE('',*,*,#6703,.F.);
#9238=ORIENTED_EDGE('',*,*,#6704,.F.);
#9239=ORIENTED_EDGE('',*,*,#6705,.T.);
#9240=ORIENTED_EDGE('',*,*,#6706,.F.);
#9241=ORIENTED_EDGE('',*,*,#6707,.F.);
#9242=ORIENTED_EDGE('',*,*,#6708,.T.);
#9243=ORIENTED_EDGE('',*,*,#6709,.F.);
#9244=ORIENTED_EDGE('',*,*,#6710,.F.);
#9245=ORIENTED_EDGE('',*,*,#6686,.F.);
#9246=ORIENTED_EDGE('',*,*,#6711,.T.);
#9247=ORIENTED_EDGE('',*,*,#6712,.F.);
#9248=ORIENTED_EDGE('',*,*,#6713,.T.);
#9249=ORIENTED_EDGE('',*,*,#6714,.T.);
#9250=ORIENTED_EDGE('',*,*,#6715,.T.);
#9251=ORIENTED_EDGE('',*,*,#6696,.T.);
#9252=ORIENTED_EDGE('',*,*,#6716,.F.);
#9253=ORIENTED_EDGE('',*,*,#6712,.T.);
#9254=ORIENTED_EDGE('',*,*,#6717,.F.);
#9255=ORIENTED_EDGE('',*,*,#6718,.F.);
#9256=ORIENTED_EDGE('',*,*,#6719,.F.);
#9257=ORIENTED_EDGE('',*,*,#6720,.T.);
#9258=ORIENTED_EDGE('',*,*,#6721,.F.);
#9259=ORIENTED_EDGE('',*,*,#6722,.F.);
#9260=ORIENTED_EDGE('',*,*,#6723,.F.);
#9261=ORIENTED_EDGE('',*,*,#6724,.F.);
#9262=ORIENTED_EDGE('',*,*,#6725,.T.);
#9263=ORIENTED_EDGE('',*,*,#6682,.F.);
#9264=ORIENTED_EDGE('',*,*,#6726,.F.);
#9265=ORIENTED_EDGE('',*,*,#6727,.F.);
#9266=ORIENTED_EDGE('',*,*,#6728,.F.);
#9267=ORIENTED_EDGE('',*,*,#6714,.F.);
#9268=ORIENTED_EDGE('',*,*,#6729,.T.);
#9269=ORIENTED_EDGE('',*,*,#6730,.T.);
#9270=ORIENTED_EDGE('',*,*,#6694,.F.);
#9271=ORIENTED_EDGE('',*,*,#6731,.T.);
#9272=ORIENTED_EDGE('',*,*,#6732,.T.);
#9273=ORIENTED_EDGE('',*,*,#6733,.T.);
#9274=ORIENTED_EDGE('',*,*,#6687,.F.);
#9275=ORIENTED_EDGE('',*,*,#6710,.T.);
#9276=ORIENTED_EDGE('',*,*,#6734,.F.);
#9277=ORIENTED_EDGE('',*,*,#6705,.F.);
#9278=ORIENTED_EDGE('',*,*,#6735,.F.);
#9279=ORIENTED_EDGE('',*,*,#6736,.T.);
#9280=ORIENTED_EDGE('',*,*,#6737,.F.);
#9281=ORIENTED_EDGE('',*,*,#6738,.F.);
#9282=ORIENTED_EDGE('',*,*,#6739,.T.);
#9283=ORIENTED_EDGE('',*,*,#6740,.F.);
#9284=ORIENTED_EDGE('',*,*,#6741,.F.);
#9285=ORIENTED_EDGE('',*,*,#6742,.F.);
#9286=ORIENTED_EDGE('',*,*,#6707,.T.);
#9287=ORIENTED_EDGE('',*,*,#6743,.F.);
#9288=ORIENTED_EDGE('',*,*,#6711,.F.);
#9289=ORIENTED_EDGE('',*,*,#6685,.F.);
#9290=ORIENTED_EDGE('',*,*,#6744,.T.);
#9291=ORIENTED_EDGE('',*,*,#6745,.F.);
#9292=ORIENTED_EDGE('',*,*,#6679,.F.);
#9293=ORIENTED_EDGE('',*,*,#6746,.T.);
#9294=ORIENTED_EDGE('',*,*,#6741,.T.);
#9295=ORIENTED_EDGE('',*,*,#6681,.T.);
#9296=ORIENTED_EDGE('',*,*,#6747,.F.);
#9297=ORIENTED_EDGE('',*,*,#6744,.F.);
#9298=ORIENTED_EDGE('',*,*,#6684,.F.);
#9299=ORIENTED_EDGE('',*,*,#6748,.T.);
#9300=ORIENTED_EDGE('',*,*,#6724,.T.);
#9301=ORIENTED_EDGE('',*,*,#6749,.F.);
#9302=ORIENTED_EDGE('',*,*,#6735,.T.);
#9303=ORIENTED_EDGE('',*,*,#6708,.F.);
#9304=ORIENTED_EDGE('',*,*,#6742,.T.);
#9305=ORIENTED_EDGE('',*,*,#6746,.F.);
#9306=ORIENTED_EDGE('',*,*,#6678,.F.);
#9307=ORIENTED_EDGE('',*,*,#6750,.F.);
#9308=ORIENTED_EDGE('',*,*,#6751,.F.);
#9309=ORIENTED_EDGE('',*,*,#6752,.F.);
#9310=ORIENTED_EDGE('',*,*,#6753,.F.);
#9311=ORIENTED_EDGE('',*,*,#6706,.T.);
#9312=ORIENTED_EDGE('',*,*,#6734,.T.);
#9313=ORIENTED_EDGE('',*,*,#6709,.T.);
#9314=ORIENTED_EDGE('',*,*,#6743,.T.);
#9315=ORIENTED_EDGE('',*,*,#6754,.F.);
#9316=ORIENTED_EDGE('',*,*,#6755,.T.);
#9317=ORIENTED_EDGE('',*,*,#6753,.T.);
#9318=ORIENTED_EDGE('',*,*,#6755,.F.);
#9319=ORIENTED_EDGE('',*,*,#6754,.T.);
#9320=ORIENTED_EDGE('',*,*,#6756,.F.);
#9321=ORIENTED_EDGE('',*,*,#6757,.T.);
#9322=ORIENTED_EDGE('',*,*,#6689,.T.);
#9323=ORIENTED_EDGE('',*,*,#6757,.F.);
#9324=ORIENTED_EDGE('',*,*,#6756,.T.);
#9325=ORIENTED_EDGE('',*,*,#6758,.F.);
#9326=ORIENTED_EDGE('',*,*,#6759,.T.);
#9327=ORIENTED_EDGE('',*,*,#6690,.T.);
#9328=ORIENTED_EDGE('',*,*,#6759,.F.);
#9329=ORIENTED_EDGE('',*,*,#6758,.T.);
#9330=ORIENTED_EDGE('',*,*,#6760,.F.);
#9331=ORIENTED_EDGE('',*,*,#6761,.T.);
#9332=ORIENTED_EDGE('',*,*,#6752,.T.);
#9333=ORIENTED_EDGE('',*,*,#6761,.F.);
#9334=ORIENTED_EDGE('',*,*,#6760,.T.);
#9335=ORIENTED_EDGE('',*,*,#6762,.F.);
#9336=ORIENTED_EDGE('',*,*,#6763,.T.);
#9337=ORIENTED_EDGE('',*,*,#6764,.F.);
#9338=ORIENTED_EDGE('',*,*,#6738,.T.);
#9339=ORIENTED_EDGE('',*,*,#6747,.T.);
#9340=ORIENTED_EDGE('',*,*,#6680,.T.);
#9341=ORIENTED_EDGE('',*,*,#6745,.T.);
#9342=ORIENTED_EDGE('',*,*,#6740,.T.);
#9343=ORIENTED_EDGE('',*,*,#6697,.F.);
#9344=ORIENTED_EDGE('',*,*,#6765,.T.);
#9345=ORIENTED_EDGE('',*,*,#6691,.T.);
#9346=ORIENTED_EDGE('',*,*,#6765,.F.);
#9347=ORIENTED_EDGE('',*,*,#6698,.F.);
#9348=ORIENTED_EDGE('',*,*,#6766,.T.);
#9349=ORIENTED_EDGE('',*,*,#6751,.T.);
#9350=ORIENTED_EDGE('',*,*,#6766,.F.);
#9351=ORIENTED_EDGE('',*,*,#6699,.F.);
#9352=ORIENTED_EDGE('',*,*,#6767,.T.);
#9353=ORIENTED_EDGE('',*,*,#6692,.T.);
#9354=ORIENTED_EDGE('',*,*,#6767,.F.);
#9355=ORIENTED_EDGE('',*,*,#6700,.F.);
#9356=ORIENTED_EDGE('',*,*,#6768,.T.);
#9357=ORIENTED_EDGE('',*,*,#6750,.T.);
#9358=ORIENTED_EDGE('',*,*,#6768,.F.);
#9359=ORIENTED_EDGE('',*,*,#6749,.T.);
#9360=ORIENTED_EDGE('',*,*,#6723,.T.);
#9361=ORIENTED_EDGE('',*,*,#6769,.F.);
#9362=ORIENTED_EDGE('',*,*,#6736,.F.);
#9363=ORIENTED_EDGE('',*,*,#6770,.F.);
#9364=ORIENTED_EDGE('',*,*,#6729,.F.);
#9365=ORIENTED_EDGE('',*,*,#6769,.T.);
#9366=ORIENTED_EDGE('',*,*,#6722,.T.);
#9367=ORIENTED_EDGE('',*,*,#6771,.F.);
#9368=ORIENTED_EDGE('',*,*,#6727,.T.);
#9369=ORIENTED_EDGE('',*,*,#6772,.F.);
#9370=ORIENTED_EDGE('',*,*,#6732,.F.);
#9371=ORIENTED_EDGE('',*,*,#6772,.T.);
#9372=ORIENTED_EDGE('',*,*,#6726,.T.);
#9373=ORIENTED_EDGE('',*,*,#6688,.T.);
#9374=ORIENTED_EDGE('',*,*,#6733,.F.);
#9375=ORIENTED_EDGE('',*,*,#6731,.F.);
#9376=ORIENTED_EDGE('',*,*,#6693,.F.);
#9377=ORIENTED_EDGE('',*,*,#6717,.T.);
#9378=ORIENTED_EDGE('',*,*,#6715,.F.);
#9379=ORIENTED_EDGE('',*,*,#6728,.T.);
#9380=ORIENTED_EDGE('',*,*,#6771,.T.);
#9381=ORIENTED_EDGE('',*,*,#6695,.F.);
#9382=ORIENTED_EDGE('',*,*,#6730,.F.);
#9383=ORIENTED_EDGE('',*,*,#6770,.T.);
#9384=ORIENTED_EDGE('',*,*,#6721,.T.);
#9385=ORIENTED_EDGE('',*,*,#6713,.F.);
#9386=ORIENTED_EDGE('',*,*,#6716,.T.);
#9387=ORIENTED_EDGE('',*,*,#6701,.T.);
#9388=ORIENTED_EDGE('',*,*,#6773,.F.);
#9389=ORIENTED_EDGE('',*,*,#6774,.F.);
#9390=ORIENTED_EDGE('',*,*,#6775,.T.);
#9391=ORIENTED_EDGE('',*,*,#6776,.F.);
#9392=ORIENTED_EDGE('',*,*,#6777,.F.);
#9393=ORIENTED_EDGE('',*,*,#6778,.T.);
#9394=ORIENTED_EDGE('',*,*,#6779,.F.);
#9395=ORIENTED_EDGE('',*,*,#6780,.T.);
#9396=ORIENTED_EDGE('',*,*,#6781,.F.);
#9397=ORIENTED_EDGE('',*,*,#6782,.F.);
#9398=ORIENTED_EDGE('',*,*,#6783,.F.);
#9399=ORIENTED_EDGE('',*,*,#6704,.T.);
#9400=ORIENTED_EDGE('',*,*,#6784,.F.);
#9401=ORIENTED_EDGE('',*,*,#6785,.F.);
#9402=ORIENTED_EDGE('',*,*,#6773,.T.);
#9403=ORIENTED_EDGE('',*,*,#6703,.T.);
#9404=ORIENTED_EDGE('',*,*,#6786,.F.);
#9405=ORIENTED_EDGE('',*,*,#6787,.F.);
#9406=ORIENTED_EDGE('',*,*,#6784,.T.);
#9407=ORIENTED_EDGE('',*,*,#6788,.T.);
#9408=ORIENTED_EDGE('',*,*,#6789,.T.);
#9409=ORIENTED_EDGE('',*,*,#6790,.T.);
#9410=ORIENTED_EDGE('',*,*,#6791,.T.);
#9411=ORIENTED_EDGE('',*,*,#6792,.T.);
#9412=ORIENTED_EDGE('',*,*,#6793,.T.);
#9413=ORIENTED_EDGE('',*,*,#6794,.T.);
#9414=ORIENTED_EDGE('',*,*,#6795,.T.);
#9415=ORIENTED_EDGE('',*,*,#6702,.T.);
#9416=ORIENTED_EDGE('',*,*,#6775,.F.);
#9417=ORIENTED_EDGE('',*,*,#6796,.F.);
#9418=ORIENTED_EDGE('',*,*,#6786,.T.);
#9419=ORIENTED_EDGE('',*,*,#6774,.T.);
#9420=ORIENTED_EDGE('',*,*,#6785,.T.);
#9421=ORIENTED_EDGE('',*,*,#6787,.T.);
#9422=ORIENTED_EDGE('',*,*,#6796,.T.);
#9423=ORIENTED_EDGE('',*,*,#6797,.F.);
#9424=ORIENTED_EDGE('',*,*,#6783,.T.);
#9425=ORIENTED_EDGE('',*,*,#6798,.F.);
#9426=ORIENTED_EDGE('',*,*,#6792,.F.);
#9427=ORIENTED_EDGE('',*,*,#6799,.F.);
#9428=ORIENTED_EDGE('',*,*,#6781,.T.);
#9429=ORIENTED_EDGE('',*,*,#6800,.F.);
#9430=ORIENTED_EDGE('',*,*,#6794,.F.);
#9431=ORIENTED_EDGE('',*,*,#6798,.T.);
#9432=ORIENTED_EDGE('',*,*,#6782,.T.);
#9433=ORIENTED_EDGE('',*,*,#6799,.T.);
#9434=ORIENTED_EDGE('',*,*,#6793,.F.);
#9435=ORIENTED_EDGE('',*,*,#6800,.T.);
#9436=ORIENTED_EDGE('',*,*,#6780,.F.);
#9437=ORIENTED_EDGE('',*,*,#6797,.T.);
#9438=ORIENTED_EDGE('',*,*,#6795,.F.);
#9439=ORIENTED_EDGE('',*,*,#6801,.F.);
#9440=ORIENTED_EDGE('',*,*,#6777,.T.);
#9441=ORIENTED_EDGE('',*,*,#6802,.F.);
#9442=ORIENTED_EDGE('',*,*,#6789,.F.);
#9443=ORIENTED_EDGE('',*,*,#6802,.T.);
#9444=ORIENTED_EDGE('',*,*,#6776,.T.);
#9445=ORIENTED_EDGE('',*,*,#6803,.T.);
#9446=ORIENTED_EDGE('',*,*,#6790,.F.);
#9447=ORIENTED_EDGE('',*,*,#6803,.F.);
#9448=ORIENTED_EDGE('',*,*,#6779,.T.);
#9449=ORIENTED_EDGE('',*,*,#6804,.F.);
#9450=ORIENTED_EDGE('',*,*,#6791,.F.);
#9451=ORIENTED_EDGE('',*,*,#6804,.T.);
#9452=ORIENTED_EDGE('',*,*,#6778,.F.);
#9453=ORIENTED_EDGE('',*,*,#6801,.T.);
#9454=ORIENTED_EDGE('',*,*,#6788,.F.);
#9455=ORIENTED_EDGE('',*,*,#6805,.T.);
#9456=ORIENTED_EDGE('',*,*,#6806,.T.);
#9457=ORIENTED_EDGE('',*,*,#6720,.F.);
#9458=ORIENTED_EDGE('',*,*,#6806,.F.);
#9459=ORIENTED_EDGE('',*,*,#6805,.F.);
#9460=ORIENTED_EDGE('',*,*,#6807,.T.);
#9461=ORIENTED_EDGE('',*,*,#6808,.T.);
#9462=ORIENTED_EDGE('',*,*,#6809,.T.);
#9463=ORIENTED_EDGE('',*,*,#6807,.F.);
#9464=ORIENTED_EDGE('',*,*,#6809,.F.);
#9465=ORIENTED_EDGE('',*,*,#6808,.F.);
#9466=ORIENTED_EDGE('',*,*,#6810,.T.);
#9467=ORIENTED_EDGE('',*,*,#6811,.T.);
#9468=ORIENTED_EDGE('',*,*,#6812,.F.);
#9469=ORIENTED_EDGE('',*,*,#6813,.F.);
#9470=ORIENTED_EDGE('',*,*,#6676,.T.);
#9471=ORIENTED_EDGE('',*,*,#6814,.T.);
#9472=ORIENTED_EDGE('',*,*,#6811,.F.);
#9473=ORIENTED_EDGE('',*,*,#6815,.F.);
#9474=ORIENTED_EDGE('',*,*,#6683,.T.);
#9475=ORIENTED_EDGE('',*,*,#6816,.T.);
#9476=ORIENTED_EDGE('',*,*,#6812,.T.);
#9477=ORIENTED_EDGE('',*,*,#6814,.F.);
#9478=ORIENTED_EDGE('',*,*,#6675,.F.);
#9479=ORIENTED_EDGE('',*,*,#6817,.T.);
#9480=ORIENTED_EDGE('',*,*,#6813,.T.);
#9481=ORIENTED_EDGE('',*,*,#6816,.F.);
#9482=ORIENTED_EDGE('',*,*,#6725,.F.);
#9483=ORIENTED_EDGE('',*,*,#6677,.T.);
#9484=ORIENTED_EDGE('',*,*,#6815,.T.);
#9485=ORIENTED_EDGE('',*,*,#6810,.F.);
#9486=ORIENTED_EDGE('',*,*,#6817,.F.);
#9487=ORIENTED_EDGE('',*,*,#6748,.F.);
#9488=ORIENTED_EDGE('',*,*,#6818,.T.);
#9489=ORIENTED_EDGE('',*,*,#6819,.T.);
#9490=ORIENTED_EDGE('',*,*,#6818,.F.);
#9491=ORIENTED_EDGE('',*,*,#6819,.F.);
#9492=ORIENTED_EDGE('',*,*,#6820,.T.);
#9493=ORIENTED_EDGE('',*,*,#6719,.T.);
#9494=ORIENTED_EDGE('',*,*,#6820,.F.);
#9495=ORIENTED_EDGE('',*,*,#6821,.T.);
#9496=ORIENTED_EDGE('',*,*,#6822,.T.);
#9497=ORIENTED_EDGE('',*,*,#6821,.F.);
#9498=ORIENTED_EDGE('',*,*,#6822,.F.);
#9499=ORIENTED_EDGE('',*,*,#6823,.T.);
#9500=ORIENTED_EDGE('',*,*,#6718,.T.);
#9501=ORIENTED_EDGE('',*,*,#6823,.F.);
#9502=ORIENTED_EDGE('',*,*,#6824,.F.);
#9503=ORIENTED_EDGE('',*,*,#6762,.T.);
#9504=ORIENTED_EDGE('',*,*,#6739,.F.);
#9505=ORIENTED_EDGE('',*,*,#6764,.T.);
#9506=ORIENTED_EDGE('',*,*,#6825,.F.);
#9507=ORIENTED_EDGE('',*,*,#6826,.T.);
#9508=ORIENTED_EDGE('',*,*,#6737,.T.);
#9509=ORIENTED_EDGE('',*,*,#6826,.F.);
#9510=ORIENTED_EDGE('',*,*,#6824,.T.);
#9511=ORIENTED_EDGE('',*,*,#6825,.T.);
#9512=ORIENTED_EDGE('',*,*,#6763,.F.);
#9513=PLANE('',#11555);
#9514=PLANE('',#11568);
#9515=PLANE('',#11569);
#9516=PLANE('',#11570);
#9517=PLANE('',#11571);
#9518=PLANE('',#11572);
#9519=PLANE('',#11585);
#9520=PLANE('',#11586);
#9521=PLANE('',#11587);
#9522=PLANE('',#11588);
#9523=PLANE('',#11589);
#9524=PLANE('',#11590);
#9525=PLANE('',#11591);
#9526=PLANE('',#11592);
#9527=PLANE('',#11593);
#9528=PLANE('',#11594);
#9529=PLANE('',#11595);
#9530=PLANE('',#11596);
#9531=PLANE('',#11597);
#9532=PLANE('',#11598);
#9533=PLANE('',#11599);
#9534=PLANE('',#11600);
#9535=PLANE('',#11601);
#9536=PLANE('',#11602);
#9537=PLANE('',#11603);
#9538=PLANE('',#11604);
#9539=PLANE('',#11607);
#9540=PLANE('',#11610);
#9541=PLANE('',#11613);
#9542=PLANE('',#11614);
#9543=PLANE('',#11615);
#9544=PLANE('',#11616);
#9545=PLANE('',#11617);
#9546=PLANE('',#11619);
#9547=PLANE('',#11620);
#9548=PLANE('',#11621);
#9549=PLANE('',#11623);
#9550=PLANE('',#11624);
#9551=PLANE('',#11625);
#9552=PLANE('',#11628);
#9553=PLANE('',#11629);
#9554=PLANE('',#11650);
#9555=PLANE('',#11651);
#9556=PLANE('',#11652);
#9557=PLANE('',#11653);
#9558=PLANE('',#11654);
#9559=PLANE('',#11655);
#9560=PLANE('',#11657);
#9561=PLANE('',#11658);
#9562=PLANE('',#11659);
#9563=PLANE('',#11660);
#9564=PLANE('',#11662);
#9565=PLANE('',#11663);
#9566=PLANE('',#11664);
#9567=PLANE('',#11669);
#9568=PLANE('',#11670);
#9569=PLANE('',#11671);
#9570=PLANE('',#11672);
#9571=PLANE('',#11673);
#9572=PLANE('',#11674);
#9573=PLANE('',#11675);
#9574=PLANE('',#11676);
#9575=PLANE('',#11681);
#9576=PLANE('',#11682);
#9577=PLANE('',#11683);
#9578=PLANE('',#11684);
#9579=PLANE('',#11685);
#9580=PLANE('',#11686);
#9581=PLANE('',#11687);
#9582=PLANE('',#11688);
#9583=PLANE('',#11691);
#9584=PLANE('',#11692);
#9585=PLANE('',#11693);
#9586=PLANE('',#11740);
#9587=PLANE('',#11741);
#9588=PLANE('',#11792);
#9589=PLANE('',#11841);
#9590=PLANE('',#11844);
#9591=PLANE('',#11847);
#9592=PLANE('',#11850);
#9593=PLANE('',#11851);
#9594=PLANE('',#11852);
#9595=PLANE('',#11855);
#9596=PLANE('',#11856);
#9597=PLANE('',#11859);
#9598=PLANE('',#11860);
#9599=PLANE('',#11863);
#9600=PLANE('',#11864);
#9601=PLANE('',#11867);
#9602=PLANE('',#11868);
#9603=PLANE('',#11869);
#9604=PLANE('',#11874);
#9605=PLANE('',#11875);
#9606=PLANE('',#11876);
#9607=PLANE('',#11877);
#9608=PLANE('',#11878);
#9609=PLANE('',#11879);
#9610=PLANE('',#11880);
#9611=PLANE('',#11881);
#9612=PLANE('',#11882);
#9613=PLANE('',#11883);
#9614=PLANE('',#11885);
#9615=PLANE('',#11886);
#9616=PLANE('',#11887);
#9617=PLANE('',#11888);
#9618=PLANE('',#11889);
#9619=PLANE('',#11890);
#9620=PLANE('',#11892);
#9621=PLANE('',#11893);
#9622=PLANE('',#11894);
#9623=PLANE('',#11895);
#9624=PLANE('',#11896);
#9625=PLANE('',#11897);
#9626=PLANE('',#11899);
#9627=PLANE('',#11900);
#9628=PLANE('',#11901);
#9629=PLANE('',#11902);
#9630=PLANE('',#11903);
#9631=PLANE('',#11904);
#9632=PLANE('',#11906);
#9633=PLANE('',#11907);
#9634=PLANE('',#11908);
#9635=PLANE('',#11909);
#9636=PLANE('',#11910);
#9637=PLANE('',#11911);
#9638=PLANE('',#11913);
#9639=PLANE('',#11914);
#9640=PLANE('',#11915);
#9641=PLANE('',#11916);
#9642=PLANE('',#11917);
#9643=PLANE('',#11918);
#9644=PLANE('',#11920);
#9645=PLANE('',#11921);
#9646=PLANE('',#11922);
#9647=PLANE('',#11923);
#9648=PLANE('',#11924);
#9649=PLANE('',#11925);
#9650=PLANE('',#11927);
#9651=PLANE('',#11928);
#9652=PLANE('',#11929);
#9653=PLANE('',#11930);
#9654=PLANE('',#11931);
#9655=PLANE('',#11932);
#9656=PLANE('',#11937);
#9657=PLANE('',#11939);
#9658=PLANE('',#11942);
#9659=PLANE('',#11946);
#9660=PLANE('',#11947);
#9661=PLANE('',#11951);
#9662=PLANE('',#11952);
#9663=PLANE('',#11956);
#9664=PLANE('',#11957);
#9665=PLANE('',#11961);
#9666=PLANE('',#11962);
#9667=PLANE('',#11966);
#9668=PLANE('',#11967);
#9669=PLANE('',#11971);
#9670=PLANE('',#11972);
#9671=PLANE('',#11976);
#9672=PLANE('',#11977);
#9673=PLANE('',#11981);
#9674=PLANE('',#11982);
#9675=PLANE('',#11986);
#9676=PLANE('',#11987);
#9677=PLANE('',#11989);
#9678=PLANE('',#11990);
#9679=PLANE('',#11991);
#9680=PLANE('',#11992);
#9681=PLANE('',#11993);
#9682=PLANE('',#11994);
#9683=PLANE('',#11999);
#9684=PLANE('',#12001);
#9685=PLANE('',#12004);
#9686=PLANE('',#12008);
#9687=PLANE('',#12009);
#9688=PLANE('',#12013);
#9689=PLANE('',#12014);
#9690=PLANE('',#12018);
#9691=PLANE('',#12019);
#9692=PLANE('',#12023);
#9693=PLANE('',#12024);
#9694=PLANE('',#12028);
#9695=PLANE('',#12029);
#9696=PLANE('',#12033);
#9697=PLANE('',#12034);
#9698=PLANE('',#12038);
#9699=PLANE('',#12039);
#9700=PLANE('',#12043);
#9701=PLANE('',#12044);
#9702=PLANE('',#12048);
#9703=PLANE('',#12049);
#9704=PLANE('',#12051);
#9705=PLANE('',#12052);
#9706=PLANE('',#12053);
#9707=PLANE('',#12054);
#9708=PLANE('',#12055);
#9709=PLANE('',#12056);
#9710=PLANE('',#12058);
#9711=PLANE('',#12059);
#9712=PLANE('',#12060);
#9713=PLANE('',#12061);
#9714=PLANE('',#12062);
#9715=PLANE('',#12063);
#9716=PLANE('',#12065);
#9717=PLANE('',#12066);
#9718=PLANE('',#12067);
#9719=PLANE('',#12068);
#9720=PLANE('',#12069);
#9721=PLANE('',#12070);
#9722=PLANE('',#12072);
#9723=PLANE('',#12073);
#9724=PLANE('',#12074);
#9725=PLANE('',#12075);
#9726=PLANE('',#12076);
#9727=PLANE('',#12077);
#9728=PLANE('',#12082);
#9729=PLANE('',#12084);
#9730=PLANE('',#12087);
#9731=PLANE('',#12091);
#9732=PLANE('',#12092);
#9733=PLANE('',#12096);
#9734=PLANE('',#12097);
#9735=PLANE('',#12101);
#9736=PLANE('',#12102);
#9737=PLANE('',#12106);
#9738=PLANE('',#12107);
#9739=PLANE('',#12111);
#9740=PLANE('',#12112);
#9741=PLANE('',#12116);
#9742=PLANE('',#12117);
#9743=PLANE('',#12121);
#9744=PLANE('',#12122);
#9745=PLANE('',#12126);
#9746=PLANE('',#12127);
#9747=PLANE('',#12131);
#9748=PLANE('',#12132);
#9749=PLANE('',#12137);
#9750=PLANE('',#12139);
#9751=PLANE('',#12142);
#9752=PLANE('',#12146);
#9753=PLANE('',#12147);
#9754=PLANE('',#12151);
#9755=PLANE('',#12152);
#9756=PLANE('',#12156);
#9757=PLANE('',#12157);
#9758=PLANE('',#12161);
#9759=PLANE('',#12162);
#9760=PLANE('',#12166);
#9761=PLANE('',#12167);
#9762=PLANE('',#12171);
#9763=PLANE('',#12172);
#9764=PLANE('',#12176);
#9765=PLANE('',#12177);
#9766=PLANE('',#12181);
#9767=PLANE('',#12182);
#9768=PLANE('',#12186);
#9769=PLANE('',#12187);
#9770=PLANE('',#12192);
#9771=PLANE('',#12194);
#9772=PLANE('',#12197);
#9773=PLANE('',#12201);
#9774=PLANE('',#12202);
#9775=PLANE('',#12206);
#9776=PLANE('',#12207);
#9777=PLANE('',#12211);
#9778=PLANE('',#12212);
#9779=PLANE('',#12216);
#9780=PLANE('',#12217);
#9781=PLANE('',#12221);
#9782=PLANE('',#12222);
#9783=PLANE('',#12226);
#9784=PLANE('',#12227);
#9785=PLANE('',#12231);
#9786=PLANE('',#12232);
#9787=PLANE('',#12236);
#9788=PLANE('',#12237);
#9789=PLANE('',#12241);
#9790=PLANE('',#12242);
#9791=PLANE('',#12247);
#9792=PLANE('',#12249);
#9793=PLANE('',#12252);
#9794=PLANE('',#12256);
#9795=PLANE('',#12257);
#9796=PLANE('',#12261);
#9797=PLANE('',#12262);
#9798=PLANE('',#12266);
#9799=PLANE('',#12267);
#9800=PLANE('',#12271);
#9801=PLANE('',#12272);
#9802=PLANE('',#12276);
#9803=PLANE('',#12277);
#9804=PLANE('',#12281);
#9805=PLANE('',#12282);
#9806=PLANE('',#12286);
#9807=PLANE('',#12287);
#9808=PLANE('',#12291);
#9809=PLANE('',#12292);
#9810=PLANE('',#12296);
#9811=PLANE('',#12297);
#9812=PLANE('',#12302);
#9813=PLANE('',#12304);
#9814=PLANE('',#12307);
#9815=PLANE('',#12311);
#9816=PLANE('',#12312);
#9817=PLANE('',#12316);
#9818=PLANE('',#12317);
#9819=PLANE('',#12321);
#9820=PLANE('',#12322);
#9821=PLANE('',#12326);
#9822=PLANE('',#12327);
#9823=PLANE('',#12331);
#9824=PLANE('',#12332);
#9825=PLANE('',#12336);
#9826=PLANE('',#12337);
#9827=PLANE('',#12341);
#9828=PLANE('',#12342);
#9829=PLANE('',#12346);
#9830=PLANE('',#12347);
#9831=PLANE('',#12351);
#9832=PLANE('',#12352);
#9833=PLANE('',#12357);
#9834=PLANE('',#12359);
#9835=PLANE('',#12362);
#9836=PLANE('',#12366);
#9837=PLANE('',#12367);
#9838=PLANE('',#12371);
#9839=PLANE('',#12372);
#9840=PLANE('',#12376);
#9841=PLANE('',#12377);
#9842=PLANE('',#12381);
#9843=PLANE('',#12382);
#9844=PLANE('',#12386);
#9845=PLANE('',#12387);
#9846=PLANE('',#12391);
#9847=PLANE('',#12392);
#9848=PLANE('',#12396);
#9849=PLANE('',#12397);
#9850=PLANE('',#12401);
#9851=PLANE('',#12402);
#9852=PLANE('',#12406);
#9853=PLANE('',#12407);
#9854=PLANE('',#12409);
#9855=PLANE('',#12410);
#9856=PLANE('',#12411);
#9857=PLANE('',#12412);
#9858=PLANE('',#12413);
#9859=PLANE('',#12414);
#9860=PLANE('',#12416);
#9861=PLANE('',#12417);
#9862=PLANE('',#12418);
#9863=PLANE('',#12419);
#9864=PLANE('',#12420);
#9865=PLANE('',#12421);
#9866=PLANE('',#12422);
#9867=PLANE('',#12423);
#9868=PLANE('',#12424);
#9869=PLANE('',#12425);
#9870=PLANE('',#12426);
#9871=PLANE('',#12427);
#9872=PLANE('',#12428);
#9873=PLANE('',#12429);
#9874=PLANE('',#12430);
#9875=PLANE('',#12431);
#9876=PLANE('',#12432);
#9877=PLANE('',#12433);
#9878=PLANE('',#12434);
#9879=PLANE('',#12435);
#9880=PLANE('',#12436);
#9881=PLANE('',#12437);
#9882=PLANE('',#12438);
#9883=PLANE('',#12439);
#9884=PLANE('',#12440);
#9885=PLANE('',#12441);
#9886=PLANE('',#12442);
#9887=PLANE('',#12443);
#9888=PLANE('',#12444);
#9889=PLANE('',#12445);
#9890=PLANE('',#12446);
#9891=PLANE('',#12447);
#9892=PLANE('',#12448);
#9893=PLANE('',#12449);
#9894=PLANE('',#12450);
#9895=PLANE('',#12451);
#9896=PLANE('',#12452);
#9897=PLANE('',#12453);
#9898=PLANE('',#12454);
#9899=PLANE('',#12455);
#9900=PLANE('',#12456);
#9901=PLANE('',#12457);
#9902=PLANE('',#12458);
#9903=PLANE('',#12459);
#9904=PLANE('',#12460);
#9905=PLANE('',#12461);
#9906=PLANE('',#12462);
#9907=PLANE('',#12463);
#9908=PLANE('',#12464);
#9909=PLANE('',#12465);
#9910=PLANE('',#12466);
#9911=PLANE('',#12467);
#9912=PLANE('',#12468);
#9913=PLANE('',#12469);
#9914=PLANE('',#12470);
#9915=PLANE('',#12471);
#9916=PLANE('',#12472);
#9917=PLANE('',#12473);
#9918=PLANE('',#12474);
#9919=PLANE('',#12475);
#9920=PLANE('',#12476);
#9921=PLANE('',#12477);
#9922=PLANE('',#12478);
#9923=PLANE('',#12479);
#9924=PLANE('',#12480);
#9925=PLANE('',#12481);
#9926=PLANE('',#12482);
#9927=PLANE('',#12483);
#9928=PLANE('',#12484);
#9929=PLANE('',#12485);
#9930=PLANE('',#12486);
#9931=PLANE('',#12487);
#9932=PLANE('',#12488);
#9933=PLANE('',#12489);
#9934=PLANE('',#12490);
#9935=PLANE('',#12491);
#9936=PLANE('',#12492);
#9937=PLANE('',#12493);
#9938=PLANE('',#12494);
#9939=PLANE('',#12495);
#9940=PLANE('',#12496);
#9941=PLANE('',#12497);
#9942=PLANE('',#12498);
#9943=PLANE('',#12499);
#9944=PLANE('',#12500);
#9945=PLANE('',#12501);
#9946=PLANE('',#12502);
#9947=PLANE('',#12503);
#9948=PLANE('',#12504);
#9949=PLANE('',#12505);
#9950=PLANE('',#12506);
#9951=PLANE('',#12507);
#9952=PLANE('',#12508);
#9953=PLANE('',#12509);
#9954=PLANE('',#12510);
#9955=PLANE('',#12511);
#9956=PLANE('',#12512);
#9957=PLANE('',#12513);
#9958=PLANE('',#12514);
#9959=PLANE('',#12515);
#9960=PLANE('',#12516);
#9961=PLANE('',#12517);
#9962=PLANE('',#12518);
#9963=PLANE('',#12519);
#9964=PLANE('',#12520);
#9965=PLANE('',#12521);
#9966=PLANE('',#12522);
#9967=PLANE('',#12523);
#9968=PLANE('',#12524);
#9969=PLANE('',#12525);
#9970=PLANE('',#12526);
#9971=PLANE('',#12527);
#9972=PLANE('',#12528);
#9973=PLANE('',#12529);
#9974=PLANE('',#12530);
#9975=PLANE('',#12531);
#9976=PLANE('',#12532);
#9977=PLANE('',#12533);
#9978=PLANE('',#12534);
#9979=PLANE('',#12535);
#9980=PLANE('',#12536);
#9981=PLANE('',#12537);
#9982=PLANE('',#12538);
#9983=PLANE('',#12539);
#9984=PLANE('',#12540);
#9985=PLANE('',#12541);
#9986=PLANE('',#12542);
#9987=PLANE('',#12543);
#9988=PLANE('',#12544);
#9989=PLANE('',#12545);
#9990=PLANE('',#12546);
#9991=PLANE('',#12547);
#9992=PLANE('',#12548);
#9993=PLANE('',#12549);
#9994=PLANE('',#12550);
#9995=PLANE('',#12551);
#9996=PLANE('',#12552);
#9997=PLANE('',#12553);
#9998=PLANE('',#12554);
#9999=PLANE('',#12555);
#10000=PLANE('',#12556);
#10001=PLANE('',#12557);
#10002=PLANE('',#12558);
#10003=PLANE('',#12559);
#10004=PLANE('',#12584);
#10005=PLANE('',#12585);
#10006=PLANE('',#12590);
#10007=PLANE('',#12595);
#10008=PLANE('',#12596);
#10009=PLANE('',#12597);
#10010=PLANE('',#12598);
#10011=PLANE('',#12602);
#10012=PLANE('',#12603);
#10013=PLANE('',#12605);
#10014=PLANE('',#12607);
#10015=PLANE('',#12608);
#10016=PLANE('',#12609);
#10017=PLANE('',#12614);
#10018=PLANE('',#12617);
#10019=PLANE('',#12620);
#10020=PLANE('',#12623);
#10021=PLANE('',#12626);
#10022=PLANE('',#12627);
#10023=PLANE('',#12632);
#10024=PLANE('',#12633);
#10025=PLANE('',#12634);
#10026=PLANE('',#12635);
#10027=PLANE('',#12636);
#10028=PLANE('',#12637);
#10029=PLANE('',#12638);
#10030=PLANE('',#12643);
#10031=PLANE('',#12644);
#10032=PLANE('',#12649);
#10033=PLANE('',#12650);
#10034=PLANE('',#12653);
#10035=PLANE('',#12654);
#10036=PLANE('',#12656);
#10037=PLANE('',#12658);
#10038=PLANE('',#12661);
#10039=PLANE('',#12665);
#10040=PLANE('',#12666);
#10041=PLANE('',#12667);
#10042=PLANE('',#12668);
#10043=PLANE('',#12669);
#10044=PLANE('',#12679);
#10045=ADVANCED_FACE('',(#726),#9513,.F.);
#10046=ADVANCED_FACE('',(#727),#9514,.T.);
#10047=ADVANCED_FACE('',(#728),#9515,.T.);
#10048=ADVANCED_FACE('',(#729),#9516,.F.);
#10049=ADVANCED_FACE('',(#730),#9517,.F.);
#10050=ADVANCED_FACE('',(#731,#578,#579,#580,#581,#582,#583,#584,#585,#586,
#587,#588,#589),#9518,.T.);
#10051=ADVANCED_FACE('',(#732),#9519,.T.);
#10052=ADVANCED_FACE('',(#733),#9520,.F.);
#10053=ADVANCED_FACE('',(#734),#9521,.T.);
#10054=ADVANCED_FACE('',(#735),#9522,.T.);
#10055=ADVANCED_FACE('',(#736),#9523,.T.);
#10056=ADVANCED_FACE('',(#737),#9524,.T.);
#10057=ADVANCED_FACE('',(#738),#9525,.T.);
#10058=ADVANCED_FACE('',(#739),#9526,.T.);
#10059=ADVANCED_FACE('',(#740),#9527,.T.);
#10060=ADVANCED_FACE('',(#741),#9528,.F.);
#10061=ADVANCED_FACE('',(#742),#9529,.T.);
#10062=ADVANCED_FACE('',(#743),#9530,.T.);
#10063=ADVANCED_FACE('',(#744),#9531,.F.);
#10064=ADVANCED_FACE('',(#745),#9532,.T.);
#10065=ADVANCED_FACE('',(#746),#9533,.T.);
#10066=ADVANCED_FACE('',(#747),#9534,.F.);
#10067=ADVANCED_FACE('',(#748),#9535,.F.);
#10068=ADVANCED_FACE('',(#749),#9536,.F.);
#10069=ADVANCED_FACE('',(#750),#9537,.T.);
#10070=ADVANCED_FACE('',(#751,#590,#591),#9538,.T.);
#10071=ADVANCED_FACE('',(#752,#592,#593),#9539,.T.);
#10072=ADVANCED_FACE('',(#753,#594,#595),#9540,.T.);
#10073=ADVANCED_FACE('',(#754),#9541,.T.);
#10074=ADVANCED_FACE('',(#755),#9542,.F.);
#10075=ADVANCED_FACE('',(#756),#9543,.T.);
#10076=ADVANCED_FACE('',(#757),#9544,.T.);
#10077=ADVANCED_FACE('',(#758,#596),#9545,.T.);
#10078=ADVANCED_FACE('',(#759),#9546,.T.);
#10079=ADVANCED_FACE('',(#760),#9547,.F.);
#10080=ADVANCED_FACE('',(#761,#597),#9548,.T.);
#10081=ADVANCED_FACE('',(#762),#9549,.T.);
#10082=ADVANCED_FACE('',(#763),#9550,.F.);
#10083=ADVANCED_FACE('',(#764,#598,#599),#9551,.T.);
#10084=ADVANCED_FACE('',(#765),#9552,.F.);
#10085=ADVANCED_FACE('',(#766),#9553,.F.);
#10086=ADVANCED_FACE('',(#767),#407,.F.);
#10087=ADVANCED_FACE('',(#768),#408,.F.);
#10088=ADVANCED_FACE('',(#769),#409,.F.);
#10089=ADVANCED_FACE('',(#770),#410,.F.);
#10090=ADVANCED_FACE('',(#771),#411,.F.);
#10091=ADVANCED_FACE('',(#772),#412,.F.);
#10092=ADVANCED_FACE('',(#773),#413,.F.);
#10093=ADVANCED_FACE('',(#774),#414,.F.);
#10094=ADVANCED_FACE('',(#775),#9554,.T.);
#10095=ADVANCED_FACE('',(#776),#9555,.F.);
#10096=ADVANCED_FACE('',(#777),#9556,.T.);
#10097=ADVANCED_FACE('',(#778),#9557,.F.);
#10098=ADVANCED_FACE('',(#779),#9558,.F.);
#10099=ADVANCED_FACE('',(#780,#600),#9559,.T.);
#10100=ADVANCED_FACE('',(#781),#9560,.T.);
#10101=ADVANCED_FACE('',(#782),#9561,.T.);
#10102=ADVANCED_FACE('',(#783),#9562,.T.);
#10103=ADVANCED_FACE('',(#784,#601),#9563,.F.);
#10104=ADVANCED_FACE('',(#785),#9564,.T.);
#10105=ADVANCED_FACE('',(#786),#9565,.T.);
#10106=ADVANCED_FACE('',(#787),#9566,.T.);
#10107=ADVANCED_FACE('',(#788),#415,.F.);
#10108=ADVANCED_FACE('',(#789),#416,.F.);
#10109=ADVANCED_FACE('',(#790),#417,.F.);
#10110=ADVANCED_FACE('',(#791),#418,.F.);
#10111=ADVANCED_FACE('',(#792),#9567,.T.);
#10112=ADVANCED_FACE('',(#793),#9568,.T.);
#10113=ADVANCED_FACE('',(#794),#9569,.T.);
#10114=ADVANCED_FACE('',(#795),#9570,.T.);
#10115=ADVANCED_FACE('',(#796),#9571,.T.);
#10116=ADVANCED_FACE('',(#797),#9572,.T.);
#10117=ADVANCED_FACE('',(#798),#9573,.T.);
#10118=ADVANCED_FACE('',(#799),#9574,.T.);
#10119=ADVANCED_FACE('',(#800),#419,.F.);
#10120=ADVANCED_FACE('',(#801),#420,.F.);
#10121=ADVANCED_FACE('',(#802),#421,.F.);
#10122=ADVANCED_FACE('',(#803),#422,.F.);
#10123=ADVANCED_FACE('',(#804),#9575,.F.);
#10124=ADVANCED_FACE('',(#805),#9576,.F.);
#10125=ADVANCED_FACE('',(#806),#9577,.F.);
#10126=ADVANCED_FACE('',(#807),#9578,.T.);
#10127=ADVANCED_FACE('',(#808),#9579,.F.);
#10128=ADVANCED_FACE('',(#809),#9580,.F.);
#10129=ADVANCED_FACE('',(#810),#9581,.F.);
#10130=ADVANCED_FACE('',(#811),#9582,.T.);
#10131=ADVANCED_FACE('',(#812),#9583,.F.);
#10132=ADVANCED_FACE('',(#813),#9584,.F.);
#10133=ADVANCED_FACE('',(#814,#602,#603,#604,#605,#606,#607,#608,#609,#610,
#611,#612,#613,#614,#615,#616,#617,#618,#619,#620,#621,#622,#623,#624,#625,
#626,#627,#628,#629,#630,#631,#632,#633,#634,#635,#636,#637,#638,#639,#640,
#641,#642,#643,#644,#645,#646,#647),#9585,.T.);
#10134=ADVANCED_FACE('',(#815),#9586,.T.);
#10135=ADVANCED_FACE('',(#816,#648,#649,#650,#651,#652,#653,#654,#655,#656,
#657,#658,#659,#660,#661,#662,#663,#664,#665,#666,#667,#668,#669,#670,#671,
#672,#673,#674,#675,#676,#677,#678,#679,#680,#681,#682,#683,#684,#685,#686,
#687,#688,#689,#690,#691,#692,#693,#694),#9587,.F.);
#10136=ADVANCED_FACE('',(#817),#9588,.T.);
#10137=ADVANCED_FACE('',(#818),#423,.F.);
#10138=ADVANCED_FACE('',(#819),#424,.F.);
#10139=ADVANCED_FACE('',(#820),#425,.F.);
#10140=ADVANCED_FACE('',(#821),#426,.F.);
#10141=ADVANCED_FACE('',(#822),#427,.F.);
#10142=ADVANCED_FACE('',(#823),#428,.F.);
#10143=ADVANCED_FACE('',(#824),#429,.F.);
#10144=ADVANCED_FACE('',(#825),#430,.F.);
#10145=ADVANCED_FACE('',(#826),#431,.F.);
#10146=ADVANCED_FACE('',(#827),#432,.F.);
#10147=ADVANCED_FACE('',(#828),#433,.F.);
#10148=ADVANCED_FACE('',(#829),#434,.F.);
#10149=ADVANCED_FACE('',(#830),#435,.F.);
#10150=ADVANCED_FACE('',(#831),#436,.F.);
#10151=ADVANCED_FACE('',(#832),#437,.F.);
#10152=ADVANCED_FACE('',(#833),#438,.F.);
#10153=ADVANCED_FACE('',(#834),#439,.F.);
#10154=ADVANCED_FACE('',(#835),#440,.F.);
#10155=ADVANCED_FACE('',(#836),#441,.F.);
#10156=ADVANCED_FACE('',(#837),#442,.F.);
#10157=ADVANCED_FACE('',(#838),#443,.F.);
#10158=ADVANCED_FACE('',(#839),#444,.F.);
#10159=ADVANCED_FACE('',(#840),#445,.F.);
#10160=ADVANCED_FACE('',(#841),#446,.F.);
#10161=ADVANCED_FACE('',(#842),#447,.F.);
#10162=ADVANCED_FACE('',(#843),#448,.F.);
#10163=ADVANCED_FACE('',(#844),#449,.F.);
#10164=ADVANCED_FACE('',(#845),#450,.F.);
#10165=ADVANCED_FACE('',(#846),#451,.F.);
#10166=ADVANCED_FACE('',(#847),#452,.F.);
#10167=ADVANCED_FACE('',(#848),#453,.F.);
#10168=ADVANCED_FACE('',(#849),#454,.F.);
#10169=ADVANCED_FACE('',(#850),#455,.F.);
#10170=ADVANCED_FACE('',(#851),#456,.F.);
#10171=ADVANCED_FACE('',(#852),#457,.F.);
#10172=ADVANCED_FACE('',(#853),#458,.F.);
#10173=ADVANCED_FACE('',(#854),#459,.F.);
#10174=ADVANCED_FACE('',(#855),#460,.F.);
#10175=ADVANCED_FACE('',(#856),#461,.F.);
#10176=ADVANCED_FACE('',(#857),#462,.F.);
#10177=ADVANCED_FACE('',(#858),#463,.F.);
#10178=ADVANCED_FACE('',(#859),#464,.F.);
#10179=ADVANCED_FACE('',(#860),#465,.F.);
#10180=ADVANCED_FACE('',(#861),#466,.F.);
#10181=ADVANCED_FACE('',(#862),#467,.F.);
#10182=ADVANCED_FACE('',(#863),#468,.F.);
#10183=ADVANCED_FACE('',(#864),#469,.F.);
#10184=ADVANCED_FACE('',(#865),#9589,.F.);
#10185=ADVANCED_FACE('',(#866),#470,.F.);
#10186=ADVANCED_FACE('',(#867),#9590,.T.);
#10187=ADVANCED_FACE('',(#868),#471,.F.);
#10188=ADVANCED_FACE('',(#869),#9591,.T.);
#10189=ADVANCED_FACE('',(#870),#472,.F.);
#10190=ADVANCED_FACE('',(#871),#9592,.F.);
#10191=ADVANCED_FACE('',(#872),#9593,.F.);
#10192=ADVANCED_FACE('',(#873),#9594,.F.);
#10193=ADVANCED_FACE('',(#874),#9595,.F.);
#10194=ADVANCED_FACE('',(#875),#9596,.F.);
#10195=ADVANCED_FACE('',(#876),#9597,.F.);
#10196=ADVANCED_FACE('',(#877),#9598,.F.);
#10197=ADVANCED_FACE('',(#878),#9599,.F.);
#10198=ADVANCED_FACE('',(#879),#9600,.F.);
#10199=ADVANCED_FACE('',(#880),#9601,.F.);
#10200=ADVANCED_FACE('',(#881),#9602,.F.);
#10201=ADVANCED_FACE('',(#882),#9603,.F.);
#10202=ADVANCED_FACE('',(#883),#9604,.F.);
#10203=ADVANCED_FACE('',(#884),#9605,.F.);
#10204=ADVANCED_FACE('',(#885),#9606,.F.);
#10205=ADVANCED_FACE('',(#886),#9607,.F.);
#10206=ADVANCED_FACE('',(#887),#9608,.F.);
#10207=ADVANCED_FACE('',(#888),#9609,.F.);
#10208=ADVANCED_FACE('',(#889),#9610,.F.);
#10209=ADVANCED_FACE('',(#890),#9611,.F.);
#10210=ADVANCED_FACE('',(#891),#9612,.F.);
#10211=ADVANCED_FACE('',(#892),#9613,.F.);
#10212=ADVANCED_FACE('',(#893),#9614,.F.);
#10213=ADVANCED_FACE('',(#894),#9615,.T.);
#10214=ADVANCED_FACE('',(#895),#9616,.F.);
#10215=ADVANCED_FACE('',(#896),#9617,.T.);
#10216=ADVANCED_FACE('',(#897),#9618,.F.);
#10217=ADVANCED_FACE('',(#898),#9619,.T.);
#10218=ADVANCED_FACE('',(#899),#9620,.F.);
#10219=ADVANCED_FACE('',(#900),#9621,.T.);
#10220=ADVANCED_FACE('',(#901),#9622,.F.);
#10221=ADVANCED_FACE('',(#902),#9623,.T.);
#10222=ADVANCED_FACE('',(#903),#9624,.F.);
#10223=ADVANCED_FACE('',(#904),#9625,.T.);
#10224=ADVANCED_FACE('',(#905),#9626,.F.);
#10225=ADVANCED_FACE('',(#906),#9627,.T.);
#10226=ADVANCED_FACE('',(#907),#9628,.F.);
#10227=ADVANCED_FACE('',(#908),#9629,.T.);
#10228=ADVANCED_FACE('',(#909),#9630,.F.);
#10229=ADVANCED_FACE('',(#910),#9631,.T.);
#10230=ADVANCED_FACE('',(#911),#9632,.F.);
#10231=ADVANCED_FACE('',(#912),#9633,.T.);
#10232=ADVANCED_FACE('',(#913),#9634,.F.);
#10233=ADVANCED_FACE('',(#914),#9635,.T.);
#10234=ADVANCED_FACE('',(#915),#9636,.F.);
#10235=ADVANCED_FACE('',(#916),#9637,.T.);
#10236=ADVANCED_FACE('',(#917),#9638,.F.);
#10237=ADVANCED_FACE('',(#918),#9639,.T.);
#10238=ADVANCED_FACE('',(#919),#9640,.F.);
#10239=ADVANCED_FACE('',(#920),#9641,.T.);
#10240=ADVANCED_FACE('',(#921),#9642,.F.);
#10241=ADVANCED_FACE('',(#922),#9643,.T.);
#10242=ADVANCED_FACE('',(#923),#9644,.F.);
#10243=ADVANCED_FACE('',(#924),#9645,.T.);
#10244=ADVANCED_FACE('',(#925),#9646,.F.);
#10245=ADVANCED_FACE('',(#926),#9647,.T.);
#10246=ADVANCED_FACE('',(#927),#9648,.F.);
#10247=ADVANCED_FACE('',(#928),#9649,.T.);
#10248=ADVANCED_FACE('',(#929),#9650,.F.);
#10249=ADVANCED_FACE('',(#930),#9651,.T.);
#10250=ADVANCED_FACE('',(#931),#9652,.F.);
#10251=ADVANCED_FACE('',(#932),#9653,.T.);
#10252=ADVANCED_FACE('',(#933),#9654,.F.);
#10253=ADVANCED_FACE('',(#934),#9655,.T.);
#10254=ADVANCED_FACE('',(#935),#473,.T.);
#10255=ADVANCED_FACE('',(#936,#695),#9656,.T.);
#10256=ADVANCED_FACE('',(#937),#9657,.F.);
#10257=ADVANCED_FACE('',(#938),#474,.F.);
#10258=ADVANCED_FACE('',(#939),#9658,.T.);
#10259=ADVANCED_FACE('',(#940),#475,.T.);
#10260=ADVANCED_FACE('',(#941),#9659,.T.);
#10261=ADVANCED_FACE('',(#942),#9660,.F.);
#10262=ADVANCED_FACE('',(#943),#476,.T.);
#10263=ADVANCED_FACE('',(#944),#9661,.T.);
#10264=ADVANCED_FACE('',(#945),#9662,.F.);
#10265=ADVANCED_FACE('',(#946),#477,.T.);
#10266=ADVANCED_FACE('',(#947),#9663,.T.);
#10267=ADVANCED_FACE('',(#948),#9664,.F.);
#10268=ADVANCED_FACE('',(#949),#478,.T.);
#10269=ADVANCED_FACE('',(#950),#9665,.T.);
#10270=ADVANCED_FACE('',(#951),#9666,.F.);
#10271=ADVANCED_FACE('',(#952),#479,.T.);
#10272=ADVANCED_FACE('',(#953),#9667,.T.);
#10273=ADVANCED_FACE('',(#954),#9668,.F.);
#10274=ADVANCED_FACE('',(#955),#480,.T.);
#10275=ADVANCED_FACE('',(#956),#9669,.T.);
#10276=ADVANCED_FACE('',(#957),#9670,.F.);
#10277=ADVANCED_FACE('',(#958),#481,.T.);
#10278=ADVANCED_FACE('',(#959),#9671,.T.);
#10279=ADVANCED_FACE('',(#960),#9672,.F.);
#10280=ADVANCED_FACE('',(#961),#482,.T.);
#10281=ADVANCED_FACE('',(#962),#9673,.T.);
#10282=ADVANCED_FACE('',(#963),#9674,.F.);
#10283=ADVANCED_FACE('',(#964),#483,.T.);
#10284=ADVANCED_FACE('',(#965),#9675,.T.);
#10285=ADVANCED_FACE('',(#966),#9676,.F.);
#10286=ADVANCED_FACE('',(#967),#9677,.F.);
#10287=ADVANCED_FACE('',(#968),#9678,.T.);
#10288=ADVANCED_FACE('',(#969),#9679,.F.);
#10289=ADVANCED_FACE('',(#970),#9680,.T.);
#10290=ADVANCED_FACE('',(#971),#9681,.F.);
#10291=ADVANCED_FACE('',(#972),#9682,.T.);
#10292=ADVANCED_FACE('',(#973),#484,.T.);
#10293=ADVANCED_FACE('',(#974,#696),#9683,.T.);
#10294=ADVANCED_FACE('',(#975),#9684,.F.);
#10295=ADVANCED_FACE('',(#976),#485,.F.);
#10296=ADVANCED_FACE('',(#977),#9685,.T.);
#10297=ADVANCED_FACE('',(#978),#486,.T.);
#10298=ADVANCED_FACE('',(#979),#9686,.T.);
#10299=ADVANCED_FACE('',(#980),#9687,.F.);
#10300=ADVANCED_FACE('',(#981),#487,.T.);
#10301=ADVANCED_FACE('',(#982),#9688,.T.);
#10302=ADVANCED_FACE('',(#983),#9689,.F.);
#10303=ADVANCED_FACE('',(#984),#488,.T.);
#10304=ADVANCED_FACE('',(#985),#9690,.T.);
#10305=ADVANCED_FACE('',(#986),#9691,.F.);
#10306=ADVANCED_FACE('',(#987),#489,.T.);
#10307=ADVANCED_FACE('',(#988),#9692,.T.);
#10308=ADVANCED_FACE('',(#989),#9693,.F.);
#10309=ADVANCED_FACE('',(#990),#490,.T.);
#10310=ADVANCED_FACE('',(#991),#9694,.T.);
#10311=ADVANCED_FACE('',(#992),#9695,.F.);
#10312=ADVANCED_FACE('',(#993),#491,.T.);
#10313=ADVANCED_FACE('',(#994),#9696,.T.);
#10314=ADVANCED_FACE('',(#995),#9697,.F.);
#10315=ADVANCED_FACE('',(#996),#492,.T.);
#10316=ADVANCED_FACE('',(#997),#9698,.T.);
#10317=ADVANCED_FACE('',(#998),#9699,.F.);
#10318=ADVANCED_FACE('',(#999),#493,.T.);
#10319=ADVANCED_FACE('',(#1000),#9700,.T.);
#10320=ADVANCED_FACE('',(#1001),#9701,.F.);
#10321=ADVANCED_FACE('',(#1002),#494,.T.);
#10322=ADVANCED_FACE('',(#1003),#9702,.T.);
#10323=ADVANCED_FACE('',(#1004),#9703,.F.);
#10324=ADVANCED_FACE('',(#1005),#9704,.F.);
#10325=ADVANCED_FACE('',(#1006),#9705,.T.);
#10326=ADVANCED_FACE('',(#1007),#9706,.F.);
#10327=ADVANCED_FACE('',(#1008),#9707,.T.);
#10328=ADVANCED_FACE('',(#1009),#9708,.F.);
#10329=ADVANCED_FACE('',(#1010),#9709,.T.);
#10330=ADVANCED_FACE('',(#1011),#9710,.F.);
#10331=ADVANCED_FACE('',(#1012),#9711,.T.);
#10332=ADVANCED_FACE('',(#1013),#9712,.F.);
#10333=ADVANCED_FACE('',(#1014),#9713,.T.);
#10334=ADVANCED_FACE('',(#1015),#9714,.F.);
#10335=ADVANCED_FACE('',(#1016),#9715,.T.);
#10336=ADVANCED_FACE('',(#1017),#9716,.F.);
#10337=ADVANCED_FACE('',(#1018),#9717,.T.);
#10338=ADVANCED_FACE('',(#1019),#9718,.F.);
#10339=ADVANCED_FACE('',(#1020),#9719,.T.);
#10340=ADVANCED_FACE('',(#1021),#9720,.F.);
#10341=ADVANCED_FACE('',(#1022),#9721,.T.);
#10342=ADVANCED_FACE('',(#1023),#9722,.F.);
#10343=ADVANCED_FACE('',(#1024),#9723,.T.);
#10344=ADVANCED_FACE('',(#1025),#9724,.F.);
#10345=ADVANCED_FACE('',(#1026),#9725,.T.);
#10346=ADVANCED_FACE('',(#1027),#9726,.F.);
#10347=ADVANCED_FACE('',(#1028),#9727,.T.);
#10348=ADVANCED_FACE('',(#1029),#495,.T.);
#10349=ADVANCED_FACE('',(#1030,#697),#9728,.T.);
#10350=ADVANCED_FACE('',(#1031),#9729,.F.);
#10351=ADVANCED_FACE('',(#1032),#496,.F.);
#10352=ADVANCED_FACE('',(#1033),#9730,.T.);
#10353=ADVANCED_FACE('',(#1034),#497,.T.);
#10354=ADVANCED_FACE('',(#1035),#9731,.T.);
#10355=ADVANCED_FACE('',(#1036),#9732,.F.);
#10356=ADVANCED_FACE('',(#1037),#498,.T.);
#10357=ADVANCED_FACE('',(#1038),#9733,.T.);
#10358=ADVANCED_FACE('',(#1039),#9734,.F.);
#10359=ADVANCED_FACE('',(#1040),#499,.T.);
#10360=ADVANCED_FACE('',(#1041),#9735,.T.);
#10361=ADVANCED_FACE('',(#1042),#9736,.F.);
#10362=ADVANCED_FACE('',(#1043),#500,.T.);
#10363=ADVANCED_FACE('',(#1044),#9737,.T.);
#10364=ADVANCED_FACE('',(#1045),#9738,.F.);
#10365=ADVANCED_FACE('',(#1046),#501,.T.);
#10366=ADVANCED_FACE('',(#1047),#9739,.T.);
#10367=ADVANCED_FACE('',(#1048),#9740,.F.);
#10368=ADVANCED_FACE('',(#1049),#502,.T.);
#10369=ADVANCED_FACE('',(#1050),#9741,.T.);
#10370=ADVANCED_FACE('',(#1051),#9742,.F.);
#10371=ADVANCED_FACE('',(#1052),#503,.T.);
#10372=ADVANCED_FACE('',(#1053),#9743,.T.);
#10373=ADVANCED_FACE('',(#1054),#9744,.F.);
#10374=ADVANCED_FACE('',(#1055),#504,.T.);
#10375=ADVANCED_FACE('',(#1056),#9745,.T.);
#10376=ADVANCED_FACE('',(#1057),#9746,.F.);
#10377=ADVANCED_FACE('',(#1058),#505,.T.);
#10378=ADVANCED_FACE('',(#1059),#9747,.T.);
#10379=ADVANCED_FACE('',(#1060),#9748,.F.);
#10380=ADVANCED_FACE('',(#1061),#506,.T.);
#10381=ADVANCED_FACE('',(#1062,#698),#9749,.T.);
#10382=ADVANCED_FACE('',(#1063),#9750,.F.);
#10383=ADVANCED_FACE('',(#1064),#507,.F.);
#10384=ADVANCED_FACE('',(#1065),#9751,.T.);
#10385=ADVANCED_FACE('',(#1066),#508,.T.);
#10386=ADVANCED_FACE('',(#1067),#9752,.T.);
#10387=ADVANCED_FACE('',(#1068),#9753,.F.);
#10388=ADVANCED_FACE('',(#1069),#509,.T.);
#10389=ADVANCED_FACE('',(#1070),#9754,.T.);
#10390=ADVANCED_FACE('',(#1071),#9755,.F.);
#10391=ADVANCED_FACE('',(#1072),#510,.T.);
#10392=ADVANCED_FACE('',(#1073),#9756,.T.);
#10393=ADVANCED_FACE('',(#1074),#9757,.F.);
#10394=ADVANCED_FACE('',(#1075),#511,.T.);
#10395=ADVANCED_FACE('',(#1076),#9758,.T.);
#10396=ADVANCED_FACE('',(#1077),#9759,.F.);
#10397=ADVANCED_FACE('',(#1078),#512,.T.);
#10398=ADVANCED_FACE('',(#1079),#9760,.T.);
#10399=ADVANCED_FACE('',(#1080),#9761,.F.);
#10400=ADVANCED_FACE('',(#1081),#513,.T.);
#10401=ADVANCED_FACE('',(#1082),#9762,.T.);
#10402=ADVANCED_FACE('',(#1083),#9763,.F.);
#10403=ADVANCED_FACE('',(#1084),#514,.T.);
#10404=ADVANCED_FACE('',(#1085),#9764,.T.);
#10405=ADVANCED_FACE('',(#1086),#9765,.F.);
#10406=ADVANCED_FACE('',(#1087),#515,.T.);
#10407=ADVANCED_FACE('',(#1088),#9766,.T.);
#10408=ADVANCED_FACE('',(#1089),#9767,.F.);
#10409=ADVANCED_FACE('',(#1090),#516,.T.);
#10410=ADVANCED_FACE('',(#1091),#9768,.T.);
#10411=ADVANCED_FACE('',(#1092),#9769,.F.);
#10412=ADVANCED_FACE('',(#1093),#517,.T.);
#10413=ADVANCED_FACE('',(#1094,#699),#9770,.T.);
#10414=ADVANCED_FACE('',(#1095),#9771,.F.);
#10415=ADVANCED_FACE('',(#1096),#518,.F.);
#10416=ADVANCED_FACE('',(#1097),#9772,.T.);
#10417=ADVANCED_FACE('',(#1098),#519,.T.);
#10418=ADVANCED_FACE('',(#1099),#9773,.T.);
#10419=ADVANCED_FACE('',(#1100),#9774,.F.);
#10420=ADVANCED_FACE('',(#1101),#520,.T.);
#10421=ADVANCED_FACE('',(#1102),#9775,.T.);
#10422=ADVANCED_FACE('',(#1103),#9776,.F.);
#10423=ADVANCED_FACE('',(#1104),#521,.T.);
#10424=ADVANCED_FACE('',(#1105),#9777,.T.);
#10425=ADVANCED_FACE('',(#1106),#9778,.F.);
#10426=ADVANCED_FACE('',(#1107),#522,.T.);
#10427=ADVANCED_FACE('',(#1108),#9779,.T.);
#10428=ADVANCED_FACE('',(#1109),#9780,.F.);
#10429=ADVANCED_FACE('',(#1110),#523,.T.);
#10430=ADVANCED_FACE('',(#1111),#9781,.T.);
#10431=ADVANCED_FACE('',(#1112),#9782,.F.);
#10432=ADVANCED_FACE('',(#1113),#524,.T.);
#10433=ADVANCED_FACE('',(#1114),#9783,.T.);
#10434=ADVANCED_FACE('',(#1115),#9784,.F.);
#10435=ADVANCED_FACE('',(#1116),#525,.T.);
#10436=ADVANCED_FACE('',(#1117),#9785,.T.);
#10437=ADVANCED_FACE('',(#1118),#9786,.F.);
#10438=ADVANCED_FACE('',(#1119),#526,.T.);
#10439=ADVANCED_FACE('',(#1120),#9787,.T.);
#10440=ADVANCED_FACE('',(#1121),#9788,.F.);
#10441=ADVANCED_FACE('',(#1122),#527,.T.);
#10442=ADVANCED_FACE('',(#1123),#9789,.T.);
#10443=ADVANCED_FACE('',(#1124),#9790,.F.);
#10444=ADVANCED_FACE('',(#1125),#528,.T.);
#10445=ADVANCED_FACE('',(#1126,#700),#9791,.T.);
#10446=ADVANCED_FACE('',(#1127),#9792,.F.);
#10447=ADVANCED_FACE('',(#1128),#529,.F.);
#10448=ADVANCED_FACE('',(#1129),#9793,.T.);
#10449=ADVANCED_FACE('',(#1130),#530,.T.);
#10450=ADVANCED_FACE('',(#1131),#9794,.T.);
#10451=ADVANCED_FACE('',(#1132),#9795,.F.);
#10452=ADVANCED_FACE('',(#1133),#531,.T.);
#10453=ADVANCED_FACE('',(#1134),#9796,.T.);
#10454=ADVANCED_FACE('',(#1135),#9797,.F.);
#10455=ADVANCED_FACE('',(#1136),#532,.T.);
#10456=ADVANCED_FACE('',(#1137),#9798,.T.);
#10457=ADVANCED_FACE('',(#1138),#9799,.F.);
#10458=ADVANCED_FACE('',(#1139),#533,.T.);
#10459=ADVANCED_FACE('',(#1140),#9800,.T.);
#10460=ADVANCED_FACE('',(#1141),#9801,.F.);
#10461=ADVANCED_FACE('',(#1142),#534,.T.);
#10462=ADVANCED_FACE('',(#1143),#9802,.T.);
#10463=ADVANCED_FACE('',(#1144),#9803,.F.);
#10464=ADVANCED_FACE('',(#1145),#535,.T.);
#10465=ADVANCED_FACE('',(#1146),#9804,.T.);
#10466=ADVANCED_FACE('',(#1147),#9805,.F.);
#10467=ADVANCED_FACE('',(#1148),#536,.T.);
#10468=ADVANCED_FACE('',(#1149),#9806,.T.);
#10469=ADVANCED_FACE('',(#1150),#9807,.F.);
#10470=ADVANCED_FACE('',(#1151),#537,.T.);
#10471=ADVANCED_FACE('',(#1152),#9808,.T.);
#10472=ADVANCED_FACE('',(#1153),#9809,.F.);
#10473=ADVANCED_FACE('',(#1154),#538,.T.);
#10474=ADVANCED_FACE('',(#1155),#9810,.T.);
#10475=ADVANCED_FACE('',(#1156),#9811,.F.);
#10476=ADVANCED_FACE('',(#1157),#539,.T.);
#10477=ADVANCED_FACE('',(#1158,#701),#9812,.T.);
#10478=ADVANCED_FACE('',(#1159),#9813,.F.);
#10479=ADVANCED_FACE('',(#1160),#540,.F.);
#10480=ADVANCED_FACE('',(#1161),#9814,.T.);
#10481=ADVANCED_FACE('',(#1162),#541,.T.);
#10482=ADVANCED_FACE('',(#1163),#9815,.T.);
#10483=ADVANCED_FACE('',(#1164),#9816,.F.);
#10484=ADVANCED_FACE('',(#1165),#542,.T.);
#10485=ADVANCED_FACE('',(#1166),#9817,.T.);
#10486=ADVANCED_FACE('',(#1167),#9818,.F.);
#10487=ADVANCED_FACE('',(#1168),#543,.T.);
#10488=ADVANCED_FACE('',(#1169),#9819,.T.);
#10489=ADVANCED_FACE('',(#1170),#9820,.F.);
#10490=ADVANCED_FACE('',(#1171),#544,.T.);
#10491=ADVANCED_FACE('',(#1172),#9821,.T.);
#10492=ADVANCED_FACE('',(#1173),#9822,.F.);
#10493=ADVANCED_FACE('',(#1174),#545,.T.);
#10494=ADVANCED_FACE('',(#1175),#9823,.T.);
#10495=ADVANCED_FACE('',(#1176),#9824,.F.);
#10496=ADVANCED_FACE('',(#1177),#546,.T.);
#10497=ADVANCED_FACE('',(#1178),#9825,.T.);
#10498=ADVANCED_FACE('',(#1179),#9826,.F.);
#10499=ADVANCED_FACE('',(#1180),#547,.T.);
#10500=ADVANCED_FACE('',(#1181),#9827,.T.);
#10501=ADVANCED_FACE('',(#1182),#9828,.F.);
#10502=ADVANCED_FACE('',(#1183),#548,.T.);
#10503=ADVANCED_FACE('',(#1184),#9829,.T.);
#10504=ADVANCED_FACE('',(#1185),#9830,.F.);
#10505=ADVANCED_FACE('',(#1186),#549,.T.);
#10506=ADVANCED_FACE('',(#1187),#9831,.T.);
#10507=ADVANCED_FACE('',(#1188),#9832,.F.);
#10508=ADVANCED_FACE('',(#1189),#550,.T.);
#10509=ADVANCED_FACE('',(#1190,#702),#9833,.T.);
#10510=ADVANCED_FACE('',(#1191),#9834,.F.);
#10511=ADVANCED_FACE('',(#1192),#551,.F.);
#10512=ADVANCED_FACE('',(#1193),#9835,.T.);
#10513=ADVANCED_FACE('',(#1194),#552,.T.);
#10514=ADVANCED_FACE('',(#1195),#9836,.T.);
#10515=ADVANCED_FACE('',(#1196),#9837,.F.);
#10516=ADVANCED_FACE('',(#1197),#553,.T.);
#10517=ADVANCED_FACE('',(#1198),#9838,.T.);
#10518=ADVANCED_FACE('',(#1199),#9839,.F.);
#10519=ADVANCED_FACE('',(#1200),#554,.T.);
#10520=ADVANCED_FACE('',(#1201),#9840,.T.);
#10521=ADVANCED_FACE('',(#1202),#9841,.F.);
#10522=ADVANCED_FACE('',(#1203),#555,.T.);
#10523=ADVANCED_FACE('',(#1204),#9842,.T.);
#10524=ADVANCED_FACE('',(#1205),#9843,.F.);
#10525=ADVANCED_FACE('',(#1206),#556,.T.);
#10526=ADVANCED_FACE('',(#1207),#9844,.T.);
#10527=ADVANCED_FACE('',(#1208),#9845,.F.);
#10528=ADVANCED_FACE('',(#1209),#557,.T.);
#10529=ADVANCED_FACE('',(#1210),#9846,.T.);
#10530=ADVANCED_FACE('',(#1211),#9847,.F.);
#10531=ADVANCED_FACE('',(#1212),#558,.T.);
#10532=ADVANCED_FACE('',(#1213),#9848,.T.);
#10533=ADVANCED_FACE('',(#1214),#9849,.F.);
#10534=ADVANCED_FACE('',(#1215),#559,.T.);
#10535=ADVANCED_FACE('',(#1216),#9850,.T.);
#10536=ADVANCED_FACE('',(#1217),#9851,.F.);
#10537=ADVANCED_FACE('',(#1218),#560,.T.);
#10538=ADVANCED_FACE('',(#1219),#9852,.T.);
#10539=ADVANCED_FACE('',(#1220),#9853,.F.);
#10540=ADVANCED_FACE('',(#1221),#9854,.F.);
#10541=ADVANCED_FACE('',(#1222),#9855,.T.);
#10542=ADVANCED_FACE('',(#1223),#9856,.F.);
#10543=ADVANCED_FACE('',(#1224),#9857,.T.);
#10544=ADVANCED_FACE('',(#1225),#9858,.F.);
#10545=ADVANCED_FACE('',(#1226),#9859,.T.);
#10546=ADVANCED_FACE('',(#1227),#9860,.F.);
#10547=ADVANCED_FACE('',(#1228),#9861,.T.);
#10548=ADVANCED_FACE('',(#1229),#9862,.F.);
#10549=ADVANCED_FACE('',(#1230),#9863,.T.);
#10550=ADVANCED_FACE('',(#1231),#9864,.F.);
#10551=ADVANCED_FACE('',(#1232),#9865,.T.);
#10552=ADVANCED_FACE('',(#1233),#9866,.F.);
#10553=ADVANCED_FACE('',(#1234),#9867,.T.);
#10554=ADVANCED_FACE('',(#1235),#9868,.F.);
#10555=ADVANCED_FACE('',(#1236),#9869,.T.);
#10556=ADVANCED_FACE('',(#1237),#9870,.F.);
#10557=ADVANCED_FACE('',(#1238),#9871,.T.);
#10558=ADVANCED_FACE('',(#1239),#9872,.F.);
#10559=ADVANCED_FACE('',(#1240),#9873,.T.);
#10560=ADVANCED_FACE('',(#1241),#9874,.F.);
#10561=ADVANCED_FACE('',(#1242),#9875,.T.);
#10562=ADVANCED_FACE('',(#1243),#9876,.F.);
#10563=ADVANCED_FACE('',(#1244),#9877,.T.);
#10564=ADVANCED_FACE('',(#1245),#9878,.F.);
#10565=ADVANCED_FACE('',(#1246),#9879,.T.);
#10566=ADVANCED_FACE('',(#1247),#9880,.F.);
#10567=ADVANCED_FACE('',(#1248),#9881,.T.);
#10568=ADVANCED_FACE('',(#1249),#9882,.F.);
#10569=ADVANCED_FACE('',(#1250),#9883,.T.);
#10570=ADVANCED_FACE('',(#1251),#9884,.F.);
#10571=ADVANCED_FACE('',(#1252),#9885,.T.);
#10572=ADVANCED_FACE('',(#1253),#9886,.F.);
#10573=ADVANCED_FACE('',(#1254),#9887,.T.);
#10574=ADVANCED_FACE('',(#1255),#9888,.F.);
#10575=ADVANCED_FACE('',(#1256),#9889,.T.);
#10576=ADVANCED_FACE('',(#1257),#9890,.F.);
#10577=ADVANCED_FACE('',(#1258),#9891,.T.);
#10578=ADVANCED_FACE('',(#1259),#9892,.F.);
#10579=ADVANCED_FACE('',(#1260),#9893,.T.);
#10580=ADVANCED_FACE('',(#1261),#9894,.F.);
#10581=ADVANCED_FACE('',(#1262),#9895,.T.);
#10582=ADVANCED_FACE('',(#1263),#9896,.F.);
#10583=ADVANCED_FACE('',(#1264),#9897,.T.);
#10584=ADVANCED_FACE('',(#1265),#9898,.F.);
#10585=ADVANCED_FACE('',(#1266),#9899,.T.);
#10586=ADVANCED_FACE('',(#1267),#9900,.F.);
#10587=ADVANCED_FACE('',(#1268),#9901,.T.);
#10588=ADVANCED_FACE('',(#1269),#9902,.F.);
#10589=ADVANCED_FACE('',(#1270),#9903,.T.);
#10590=ADVANCED_FACE('',(#1271),#9904,.F.);
#10591=ADVANCED_FACE('',(#1272),#9905,.T.);
#10592=ADVANCED_FACE('',(#1273),#9906,.F.);
#10593=ADVANCED_FACE('',(#1274),#9907,.T.);
#10594=ADVANCED_FACE('',(#1275),#9908,.F.);
#10595=ADVANCED_FACE('',(#1276),#9909,.T.);
#10596=ADVANCED_FACE('',(#1277),#9910,.F.);
#10597=ADVANCED_FACE('',(#1278),#9911,.T.);
#10598=ADVANCED_FACE('',(#1279),#9912,.F.);
#10599=ADVANCED_FACE('',(#1280),#9913,.T.);
#10600=ADVANCED_FACE('',(#1281),#9914,.F.);
#10601=ADVANCED_FACE('',(#1282),#9915,.T.);
#10602=ADVANCED_FACE('',(#1283),#9916,.F.);
#10603=ADVANCED_FACE('',(#1284),#9917,.T.);
#10604=ADVANCED_FACE('',(#1285),#9918,.F.);
#10605=ADVANCED_FACE('',(#1286),#9919,.T.);
#10606=ADVANCED_FACE('',(#1287),#9920,.F.);
#10607=ADVANCED_FACE('',(#1288),#9921,.T.);
#10608=ADVANCED_FACE('',(#1289),#9922,.F.);
#10609=ADVANCED_FACE('',(#1290),#9923,.T.);
#10610=ADVANCED_FACE('',(#1291),#9924,.F.);
#10611=ADVANCED_FACE('',(#1292),#9925,.T.);
#10612=ADVANCED_FACE('',(#1293),#9926,.F.);
#10613=ADVANCED_FACE('',(#1294),#9927,.T.);
#10614=ADVANCED_FACE('',(#1295),#9928,.F.);
#10615=ADVANCED_FACE('',(#1296),#9929,.T.);
#10616=ADVANCED_FACE('',(#1297),#9930,.F.);
#10617=ADVANCED_FACE('',(#1298),#9931,.T.);
#10618=ADVANCED_FACE('',(#1299),#9932,.F.);
#10619=ADVANCED_FACE('',(#1300),#9933,.T.);
#10620=ADVANCED_FACE('',(#1301),#9934,.F.);
#10621=ADVANCED_FACE('',(#1302),#9935,.T.);
#10622=ADVANCED_FACE('',(#1303),#9936,.F.);
#10623=ADVANCED_FACE('',(#1304),#9937,.T.);
#10624=ADVANCED_FACE('',(#1305),#9938,.F.);
#10625=ADVANCED_FACE('',(#1306),#9939,.T.);
#10626=ADVANCED_FACE('',(#1307),#9940,.F.);
#10627=ADVANCED_FACE('',(#1308),#9941,.T.);
#10628=ADVANCED_FACE('',(#1309),#9942,.F.);
#10629=ADVANCED_FACE('',(#1310),#9943,.T.);
#10630=ADVANCED_FACE('',(#1311),#9944,.F.);
#10631=ADVANCED_FACE('',(#1312),#9945,.T.);
#10632=ADVANCED_FACE('',(#1313),#9946,.F.);
#10633=ADVANCED_FACE('',(#1314),#9947,.T.);
#10634=ADVANCED_FACE('',(#1315),#9948,.F.);
#10635=ADVANCED_FACE('',(#1316),#9949,.T.);
#10636=ADVANCED_FACE('',(#1317),#9950,.F.);
#10637=ADVANCED_FACE('',(#1318),#9951,.T.);
#10638=ADVANCED_FACE('',(#1319),#9952,.F.);
#10639=ADVANCED_FACE('',(#1320),#9953,.T.);
#10640=ADVANCED_FACE('',(#1321),#9954,.F.);
#10641=ADVANCED_FACE('',(#1322),#9955,.T.);
#10642=ADVANCED_FACE('',(#1323),#9956,.F.);
#10643=ADVANCED_FACE('',(#1324),#9957,.T.);
#10644=ADVANCED_FACE('',(#1325),#9958,.F.);
#10645=ADVANCED_FACE('',(#1326),#9959,.T.);
#10646=ADVANCED_FACE('',(#1327),#9960,.F.);
#10647=ADVANCED_FACE('',(#1328),#9961,.T.);
#10648=ADVANCED_FACE('',(#1329),#9962,.F.);
#10649=ADVANCED_FACE('',(#1330),#9963,.T.);
#10650=ADVANCED_FACE('',(#1331),#9964,.F.);
#10651=ADVANCED_FACE('',(#1332),#9965,.T.);
#10652=ADVANCED_FACE('',(#1333),#9966,.F.);
#10653=ADVANCED_FACE('',(#1334),#9967,.T.);
#10654=ADVANCED_FACE('',(#1335),#9968,.F.);
#10655=ADVANCED_FACE('',(#1336),#9969,.T.);
#10656=ADVANCED_FACE('',(#1337),#9970,.F.);
#10657=ADVANCED_FACE('',(#1338),#9971,.T.);
#10658=ADVANCED_FACE('',(#1339),#9972,.F.);
#10659=ADVANCED_FACE('',(#1340),#9973,.T.);
#10660=ADVANCED_FACE('',(#1341),#9974,.F.);
#10661=ADVANCED_FACE('',(#1342),#9975,.T.);
#10662=ADVANCED_FACE('',(#1343),#9976,.F.);
#10663=ADVANCED_FACE('',(#1344),#9977,.T.);
#10664=ADVANCED_FACE('',(#1345),#9978,.F.);
#10665=ADVANCED_FACE('',(#1346),#9979,.T.);
#10666=ADVANCED_FACE('',(#1347),#9980,.F.);
#10667=ADVANCED_FACE('',(#1348),#9981,.T.);
#10668=ADVANCED_FACE('',(#1349),#9982,.F.);
#10669=ADVANCED_FACE('',(#1350),#9983,.T.);
#10670=ADVANCED_FACE('',(#1351),#9984,.F.);
#10671=ADVANCED_FACE('',(#1352),#9985,.T.);
#10672=ADVANCED_FACE('',(#1353),#9986,.F.);
#10673=ADVANCED_FACE('',(#1354),#9987,.T.);
#10674=ADVANCED_FACE('',(#1355),#9988,.F.);
#10675=ADVANCED_FACE('',(#1356),#9989,.T.);
#10676=ADVANCED_FACE('',(#1357),#9990,.F.);
#10677=ADVANCED_FACE('',(#1358),#9991,.T.);
#10678=ADVANCED_FACE('',(#1359),#9992,.F.);
#10679=ADVANCED_FACE('',(#1360),#9993,.T.);
#10680=ADVANCED_FACE('',(#1361),#9994,.F.);
#10681=ADVANCED_FACE('',(#1362),#9995,.T.);
#10682=ADVANCED_FACE('',(#1363),#9996,.F.);
#10683=ADVANCED_FACE('',(#1364),#9997,.T.);
#10684=ADVANCED_FACE('',(#1365),#9998,.F.);
#10685=ADVANCED_FACE('',(#1366),#9999,.T.);
#10686=ADVANCED_FACE('',(#1367),#10000,.F.);
#10687=ADVANCED_FACE('',(#1368),#10001,.T.);
#10688=ADVANCED_FACE('',(#1369),#10002,.F.);
#10689=ADVANCED_FACE('',(#1370),#10003,.T.);
#10690=ADVANCED_FACE('',(#1371),#10004,.T.);
#10691=ADVANCED_FACE('',(#1372,#703,#704,#705,#706),#10005,.T.);
#10692=ADVANCED_FACE('',(#1373,#707,#708,#709,#710,#711),#10006,.F.);
#10693=ADVANCED_FACE('',(#1374),#10007,.T.);
#10694=ADVANCED_FACE('',(#1375),#10008,.F.);
#10695=ADVANCED_FACE('',(#1376),#10009,.F.);
#10696=ADVANCED_FACE('',(#1377,#712,#713,#714),#10010,.F.);
#10697=ADVANCED_FACE('',(#1378),#10011,.T.);
#10698=ADVANCED_FACE('',(#1379,#715),#10012,.F.);
#10699=ADVANCED_FACE('',(#1380),#10013,.F.);
#10700=ADVANCED_FACE('',(#1381),#10014,.T.);
#10701=ADVANCED_FACE('',(#1382),#10015,.F.);
#10702=ADVANCED_FACE('',(#1383,#716,#717,#718,#719),#10016,.T.);
#10703=ADVANCED_FACE('',(#1384),#10017,.F.);
#10704=ADVANCED_FACE('',(#1385),#561,.F.);
#10705=ADVANCED_FACE('',(#1386),#10018,.T.);
#10706=ADVANCED_FACE('',(#1387),#562,.F.);
#10707=ADVANCED_FACE('',(#1388),#10019,.T.);
#10708=ADVANCED_FACE('',(#1389),#563,.F.);
#10709=ADVANCED_FACE('',(#1390),#10020,.T.);
#10710=ADVANCED_FACE('',(#1391),#564,.F.);
#10711=ADVANCED_FACE('',(#1392),#10021,.T.);
#10712=ADVANCED_FACE('',(#1393),#10022,.T.);
#10713=ADVANCED_FACE('',(#1394),#565,.F.);
#10714=ADVANCED_FACE('',(#1395),#566,.F.);
#10715=ADVANCED_FACE('',(#1396),#567,.F.);
#10716=ADVANCED_FACE('',(#1397),#568,.F.);
#10717=ADVANCED_FACE('',(#1398),#10023,.T.);
#10718=ADVANCED_FACE('',(#1399),#10024,.T.);
#10719=ADVANCED_FACE('',(#1400),#10025,.T.);
#10720=ADVANCED_FACE('',(#1401),#10026,.T.);
#10721=ADVANCED_FACE('',(#1402),#10027,.F.);
#10722=ADVANCED_FACE('',(#1403),#10028,.F.);
#10723=ADVANCED_FACE('',(#1404,#720,#721),#10029,.F.);
#10724=ADVANCED_FACE('',(#1405),#10030,.F.);
#10725=ADVANCED_FACE('',(#1406,#722,#723),#10031,.F.);
#10726=ADVANCED_FACE('',(#1407),#10032,.F.);
#10727=ADVANCED_FACE('',(#1408),#10033,.T.);
#10728=ADVANCED_FACE('',(#1409),#569,.F.);
#10729=ADVANCED_FACE('',(#1410),#570,.F.);
#10730=ADVANCED_FACE('',(#1411),#10034,.F.);
#10731=ADVANCED_FACE('',(#1412),#10035,.F.);
#10732=ADVANCED_FACE('',(#1413),#571,.F.);
#10733=ADVANCED_FACE('',(#1414),#10036,.F.);
#10734=ADVANCED_FACE('',(#1415),#572,.F.);
#10735=ADVANCED_FACE('',(#1416),#10037,.F.);
#10736=ADVANCED_FACE('',(#1417),#573,.F.);
#10737=ADVANCED_FACE('',(#1418,#724),#10038,.F.);
#10738=ADVANCED_FACE('',(#1419),#574,.F.);
#10739=ADVANCED_FACE('',(#1420,#725),#10039,.F.);
#10740=ADVANCED_FACE('',(#1421),#10040,.F.);
#10741=ADVANCED_FACE('',(#1422),#10041,.T.);
#10742=ADVANCED_FACE('',(#1423),#10042,.T.);
#10743=ADVANCED_FACE('',(#1424),#10043,.F.);
#10744=ADVANCED_FACE('',(#1425),#11,.F.);
#10745=ADVANCED_FACE('',(#1426),#575,.F.);
#10746=ADVANCED_FACE('',(#1427),#12,.F.);
#10747=ADVANCED_FACE('',(#1428),#576,.F.);
#10748=ADVANCED_FACE('',(#1429),#577,.F.);
#10749=ADVANCED_FACE('',(#1430),#10044,.T.);
#10750=CLOSED_SHELL('',(#10045,#10046,#10047,#10048,#10049,#10050,#10051,
#10052,#10053,#10054,#10055,#10056,#10057,#10058,#10059,#10060,#10061,#10062,
#10063,#10064,#10065,#10066,#10067,#10068,#10069,#10070,#10071,#10072,#10073,
#10074,#10075,#10076,#10077,#10078,#10079,#10080,#10081,#10082,#10083,#10084,
#10085,#10086,#10087,#10088,#10089,#10090,#10091,#10092,#10093,#10094,#10095,
#10096,#10097,#10098,#10099,#10100,#10101,#10102,#10103,#10104,#10105,#10106,
#10107,#10108,#10109,#10110,#10111,#10112,#10113,#10114,#10115,#10116,#10117,
#10118,#10119,#10120,#10121,#10122,#10123,#10124,#10125,#10126,#10127,#10128,
#10129,#10130));
#10751=CLOSED_SHELL('',(#10131,#10132,#10133,#10134,#10135,#10136,#10137,
#10138,#10139,#10140,#10141,#10142,#10143,#10144,#10145,#10146,#10147,#10148,
#10149,#10150,#10151,#10152,#10153,#10154,#10155,#10156,#10157,#10158,#10159,
#10160,#10161,#10162,#10163,#10164,#10165,#10166,#10167,#10168,#10169,#10170,
#10171,#10172,#10173,#10174,#10175,#10176,#10177,#10178,#10179,#10180,#10181,
#10182,#10183,#10184,#10185,#10186,#10187,#10188,#10189,#10190,#10191,#10192,
#10193,#10194,#10195,#10196,#10197,#10198,#10199,#10200,#10201,#10202,#10203,
#10204,#10205,#10206,#10207,#10208,#10209,#10210,#10211));
#10752=CLOSED_SHELL('',(#10212,#10213,#10214,#10215,#10216,#10217));
#10753=CLOSED_SHELL('',(#10218,#10219,#10220,#10221,#10222,#10223));
#10754=CLOSED_SHELL('',(#10224,#10225,#10226,#10227,#10228,#10229));
#10755=CLOSED_SHELL('',(#10230,#10231,#10232,#10233,#10234,#10235));
#10756=CLOSED_SHELL('',(#10236,#10237,#10238,#10239,#10240,#10241));
#10757=CLOSED_SHELL('',(#10242,#10243,#10244,#10245,#10246,#10247));
#10758=CLOSED_SHELL('',(#10248,#10249,#10250,#10251,#10252,#10253));
#10759=CLOSED_SHELL('',(#10254,#10255,#10256,#10257,#10258));
#10760=CLOSED_SHELL('',(#10259,#10260,#10261));
#10761=CLOSED_SHELL('',(#10262,#10263,#10264));
#10762=CLOSED_SHELL('',(#10265,#10266,#10267));
#10763=CLOSED_SHELL('',(#10268,#10269,#10270));
#10764=CLOSED_SHELL('',(#10271,#10272,#10273));
#10765=CLOSED_SHELL('',(#10274,#10275,#10276));
#10766=CLOSED_SHELL('',(#10277,#10278,#10279));
#10767=CLOSED_SHELL('',(#10280,#10281,#10282));
#10768=CLOSED_SHELL('',(#10283,#10284,#10285));
#10769=CLOSED_SHELL('',(#10286,#10287,#10288,#10289,#10290,#10291));
#10770=CLOSED_SHELL('',(#10292,#10293,#10294,#10295,#10296));
#10771=CLOSED_SHELL('',(#10297,#10298,#10299));
#10772=CLOSED_SHELL('',(#10300,#10301,#10302));
#10773=CLOSED_SHELL('',(#10303,#10304,#10305));
#10774=CLOSED_SHELL('',(#10306,#10307,#10308));
#10775=CLOSED_SHELL('',(#10309,#10310,#10311));
#10776=CLOSED_SHELL('',(#10312,#10313,#10314));
#10777=CLOSED_SHELL('',(#10315,#10316,#10317));
#10778=CLOSED_SHELL('',(#10318,#10319,#10320));
#10779=CLOSED_SHELL('',(#10321,#10322,#10323));
#10780=CLOSED_SHELL('',(#10324,#10325,#10326,#10327,#10328,#10329));
#10781=CLOSED_SHELL('',(#10330,#10331,#10332,#10333,#10334,#10335));
#10782=CLOSED_SHELL('',(#10336,#10337,#10338,#10339,#10340,#10341));
#10783=CLOSED_SHELL('',(#10342,#10343,#10344,#10345,#10346,#10347));
#10784=CLOSED_SHELL('',(#10348,#10349,#10350,#10351,#10352));
#10785=CLOSED_SHELL('',(#10353,#10354,#10355));
#10786=CLOSED_SHELL('',(#10356,#10357,#10358));
#10787=CLOSED_SHELL('',(#10359,#10360,#10361));
#10788=CLOSED_SHELL('',(#10362,#10363,#10364));
#10789=CLOSED_SHELL('',(#10365,#10366,#10367));
#10790=CLOSED_SHELL('',(#10368,#10369,#10370));
#10791=CLOSED_SHELL('',(#10371,#10372,#10373));
#10792=CLOSED_SHELL('',(#10374,#10375,#10376));
#10793=CLOSED_SHELL('',(#10377,#10378,#10379));
#10794=CLOSED_SHELL('',(#10380,#10381,#10382,#10383,#10384));
#10795=CLOSED_SHELL('',(#10385,#10386,#10387));
#10796=CLOSED_SHELL('',(#10388,#10389,#10390));
#10797=CLOSED_SHELL('',(#10391,#10392,#10393));
#10798=CLOSED_SHELL('',(#10394,#10395,#10396));
#10799=CLOSED_SHELL('',(#10397,#10398,#10399));
#10800=CLOSED_SHELL('',(#10400,#10401,#10402));
#10801=CLOSED_SHELL('',(#10403,#10404,#10405));
#10802=CLOSED_SHELL('',(#10406,#10407,#10408));
#10803=CLOSED_SHELL('',(#10409,#10410,#10411));
#10804=CLOSED_SHELL('',(#10412,#10413,#10414,#10415,#10416));
#10805=CLOSED_SHELL('',(#10417,#10418,#10419));
#10806=CLOSED_SHELL('',(#10420,#10421,#10422));
#10807=CLOSED_SHELL('',(#10423,#10424,#10425));
#10808=CLOSED_SHELL('',(#10426,#10427,#10428));
#10809=CLOSED_SHELL('',(#10429,#10430,#10431));
#10810=CLOSED_SHELL('',(#10432,#10433,#10434));
#10811=CLOSED_SHELL('',(#10435,#10436,#10437));
#10812=CLOSED_SHELL('',(#10438,#10439,#10440));
#10813=CLOSED_SHELL('',(#10441,#10442,#10443));
#10814=CLOSED_SHELL('',(#10444,#10445,#10446,#10447,#10448));
#10815=CLOSED_SHELL('',(#10449,#10450,#10451));
#10816=CLOSED_SHELL('',(#10452,#10453,#10454));
#10817=CLOSED_SHELL('',(#10455,#10456,#10457));
#10818=CLOSED_SHELL('',(#10458,#10459,#10460));
#10819=CLOSED_SHELL('',(#10461,#10462,#10463));
#10820=CLOSED_SHELL('',(#10464,#10465,#10466));
#10821=CLOSED_SHELL('',(#10467,#10468,#10469));
#10822=CLOSED_SHELL('',(#10470,#10471,#10472));
#10823=CLOSED_SHELL('',(#10473,#10474,#10475));
#10824=CLOSED_SHELL('',(#10476,#10477,#10478,#10479,#10480));
#10825=CLOSED_SHELL('',(#10481,#10482,#10483));
#10826=CLOSED_SHELL('',(#10484,#10485,#10486));
#10827=CLOSED_SHELL('',(#10487,#10488,#10489));
#10828=CLOSED_SHELL('',(#10490,#10491,#10492));
#10829=CLOSED_SHELL('',(#10493,#10494,#10495));
#10830=CLOSED_SHELL('',(#10496,#10497,#10498));
#10831=CLOSED_SHELL('',(#10499,#10500,#10501));
#10832=CLOSED_SHELL('',(#10502,#10503,#10504));
#10833=CLOSED_SHELL('',(#10505,#10506,#10507));
#10834=CLOSED_SHELL('',(#10508,#10509,#10510,#10511,#10512));
#10835=CLOSED_SHELL('',(#10513,#10514,#10515));
#10836=CLOSED_SHELL('',(#10516,#10517,#10518));
#10837=CLOSED_SHELL('',(#10519,#10520,#10521));
#10838=CLOSED_SHELL('',(#10522,#10523,#10524));
#10839=CLOSED_SHELL('',(#10525,#10526,#10527));
#10840=CLOSED_SHELL('',(#10528,#10529,#10530));
#10841=CLOSED_SHELL('',(#10531,#10532,#10533));
#10842=CLOSED_SHELL('',(#10534,#10535,#10536));
#10843=CLOSED_SHELL('',(#10537,#10538,#10539));
#10844=CLOSED_SHELL('',(#10540,#10541,#10542,#10543,#10544,#10545));
#10845=CLOSED_SHELL('',(#10546,#10547,#10548,#10549,#10550,#10551));
#10846=CLOSED_SHELL('',(#10552,#10553,#10554,#10555,#10556,#10557));
#10847=CLOSED_SHELL('',(#10558,#10559,#10560,#10561,#10562,#10563));
#10848=CLOSED_SHELL('',(#10564,#10565,#10566,#10567,#10568,#10569));
#10849=CLOSED_SHELL('',(#10570,#10571,#10572,#10573,#10574,#10575));
#10850=CLOSED_SHELL('',(#10576,#10577,#10578,#10579,#10580,#10581));
#10851=CLOSED_SHELL('',(#10582,#10583,#10584,#10585,#10586,#10587));
#10852=CLOSED_SHELL('',(#10588,#10589,#10590,#10591,#10592,#10593));
#10853=CLOSED_SHELL('',(#10594,#10595,#10596,#10597,#10598,#10599));
#10854=CLOSED_SHELL('',(#10600,#10601,#10602,#10603,#10604,#10605));
#10855=CLOSED_SHELL('',(#10606,#10607,#10608,#10609,#10610,#10611));
#10856=CLOSED_SHELL('',(#10612,#10613,#10614,#10615,#10616,#10617));
#10857=CLOSED_SHELL('',(#10618,#10619,#10620,#10621,#10622,#10623));
#10858=CLOSED_SHELL('',(#10624,#10625,#10626,#10627,#10628,#10629));
#10859=CLOSED_SHELL('',(#10630,#10631,#10632,#10633,#10634,#10635));
#10860=CLOSED_SHELL('',(#10636,#10637,#10638,#10639,#10640,#10641));
#10861=CLOSED_SHELL('',(#10642,#10643,#10644,#10645,#10646,#10647));
#10862=CLOSED_SHELL('',(#10648,#10649,#10650,#10651,#10652,#10653));
#10863=CLOSED_SHELL('',(#10654,#10655,#10656,#10657,#10658,#10659));
#10864=CLOSED_SHELL('',(#10660,#10661,#10662,#10663,#10664,#10665));
#10865=CLOSED_SHELL('',(#10666,#10667,#10668,#10669,#10670,#10671));
#10866=CLOSED_SHELL('',(#10672,#10673,#10674,#10675,#10676,#10677));
#10867=CLOSED_SHELL('',(#10678,#10679,#10680,#10681,#10682,#10683));
#10868=CLOSED_SHELL('',(#10684,#10685,#10686,#10687,#10688,#10689));
#10869=CLOSED_SHELL('',(#10690,#10691,#10692,#10693,#10694,#10695,#10696,
#10697,#10698,#10699,#10700,#10701,#10702,#10703,#10704,#10705,#10706,#10707,
#10708,#10709,#10710,#10711,#10712,#10713,#10714,#10715,#10716,#10717,#10718,
#10719,#10720,#10721,#10722,#10723,#10724,#10725,#10726,#10727,#10728,#10729,
#10730,#10731,#10732,#10733,#10734,#10735,#10736,#10737,#10738,#10739,#10740,
#10741,#10742,#10743,#10744,#10745,#10746,#10747,#10748,#10749));
#10870=DERIVED_UNIT_ELEMENT(#10920,1.);
#10871=DERIVED_UNIT_ELEMENT(#18961,-3.);
#10872=DERIVED_UNIT_ELEMENT(#10920,1.);
#10873=DERIVED_UNIT_ELEMENT(#18961,-3.);
#10874=DERIVED_UNIT_ELEMENT(#10920,1.);
#10875=DERIVED_UNIT_ELEMENT(#18961,-3.);
#10876=DERIVED_UNIT_ELEMENT(#10920,1.);
#10877=DERIVED_UNIT_ELEMENT(#18961,-3.);
#10878=DERIVED_UNIT_ELEMENT(#10920,1.);
#10879=DERIVED_UNIT_ELEMENT(#18961,-3.);
#10880=DERIVED_UNIT_ELEMENT(#10920,1.);
#10881=DERIVED_UNIT_ELEMENT(#18961,-3.);
#10882=DERIVED_UNIT_ELEMENT(#10920,1.);
#10883=DERIVED_UNIT_ELEMENT(#18961,-3.);
#10884=DERIVED_UNIT_ELEMENT(#10920,1.);
#10885=DERIVED_UNIT_ELEMENT(#18961,-3.);
#10886=DERIVED_UNIT_ELEMENT(#10920,1.);
#10887=DERIVED_UNIT_ELEMENT(#18961,-3.);
#10888=DERIVED_UNIT_ELEMENT(#10920,1.);
#10889=DERIVED_UNIT_ELEMENT(#18961,-3.);
#10890=DERIVED_UNIT_ELEMENT(#10920,1.);
#10891=DERIVED_UNIT_ELEMENT(#18961,-3.);
#10892=DERIVED_UNIT_ELEMENT(#10920,1.);
#10893=DERIVED_UNIT_ELEMENT(#18961,-3.);
#10894=DERIVED_UNIT_ELEMENT(#10920,1.);
#10895=DERIVED_UNIT_ELEMENT(#18961,-3.);
#10896=DERIVED_UNIT_ELEMENT(#10920,1.);
#10897=DERIVED_UNIT_ELEMENT(#18961,-3.);
#10898=DERIVED_UNIT_ELEMENT(#10920,1.);
#10899=DERIVED_UNIT_ELEMENT(#18961,-3.);
#10900=DERIVED_UNIT_ELEMENT(#10920,1.);
#10901=DERIVED_UNIT_ELEMENT(#18961,-3.);
#10902=DERIVED_UNIT_ELEMENT(#10920,1.);
#10903=DERIVED_UNIT_ELEMENT(#18961,-3.);
#10904=DERIVED_UNIT_ELEMENT(#10920,1.);
#10905=DERIVED_UNIT_ELEMENT(#18961,-3.);
#10906=DERIVED_UNIT_ELEMENT(#10920,1.);
#10907=DERIVED_UNIT_ELEMENT(#18961,-3.);
#10908=DERIVED_UNIT_ELEMENT(#10920,1.);
#10909=DERIVED_UNIT_ELEMENT(#18961,-3.);
#10910=DERIVED_UNIT_ELEMENT(#10920,1.);
#10911=DERIVED_UNIT_ELEMENT(#18961,-3.);
#10912=DERIVED_UNIT_ELEMENT(#10920,1.);
#10913=DERIVED_UNIT_ELEMENT(#18961,-3.);
#10914=DERIVED_UNIT_ELEMENT(#10920,1.);
#10915=DERIVED_UNIT_ELEMENT(#18961,-3.);
#10916=DERIVED_UNIT_ELEMENT(#10920,1.);
#10917=DERIVED_UNIT_ELEMENT(#18961,-3.);
#10918=DERIVED_UNIT_ELEMENT(#10920,1.);
#10919=DERIVED_UNIT_ELEMENT(#18961,-3.);
#10920=(
CONVERSION_BASED_UNIT('gram',#10922)
MASS_UNIT()
NAMED_UNIT(#18958)
);
#10921=(
MASS_UNIT()
NAMED_UNIT(*)
SI_UNIT(.KILO.,.GRAM.)
);
#10922=MASS_MEASURE_WITH_UNIT(MASS_MEASURE(0.001),#10921);
#10923=DERIVED_UNIT((#10870,#10871));
#10924=DERIVED_UNIT((#10872,#10873));
#10925=DERIVED_UNIT((#10874,#10875));
#10926=DERIVED_UNIT((#10876,#10877));
#10927=DERIVED_UNIT((#10878,#10879));
#10928=DERIVED_UNIT((#10880,#10881));
#10929=DERIVED_UNIT((#10882,#10883));
#10930=DERIVED_UNIT((#10884,#10885));
#10931=DERIVED_UNIT((#10886,#10887));
#10932=DERIVED_UNIT((#10888,#10889));
#10933=DERIVED_UNIT((#10890,#10891));
#10934=DERIVED_UNIT((#10892,#10893));
#10935=DERIVED_UNIT((#10894,#10895));
#10936=DERIVED_UNIT((#10896,#10897));
#10937=DERIVED_UNIT((#10898,#10899));
#10938=DERIVED_UNIT((#10900,#10901));
#10939=DERIVED_UNIT((#10902,#10903));
#10940=DERIVED_UNIT((#10904,#10905));
#10941=DERIVED_UNIT((#10906,#10907));
#10942=DERIVED_UNIT((#10908,#10909));
#10943=DERIVED_UNIT((#10910,#10911));
#10944=DERIVED_UNIT((#10912,#10913));
#10945=DERIVED_UNIT((#10914,#10915));
#10946=DERIVED_UNIT((#10916,#10917));
#10947=DERIVED_UNIT((#10918,#10919));
#10948=MEASURE_REPRESENTATION_ITEM('density measure',
POSITIVE_RATIO_MEASURE(1.),#10923);
#10949=MEASURE_REPRESENTATION_ITEM('density measure',
POSITIVE_RATIO_MEASURE(1.),#10924);
#10950=MEASURE_REPRESENTATION_ITEM('density measure',
POSITIVE_RATIO_MEASURE(1.),#10925);
#10951=MEASURE_REPRESENTATION_ITEM('density measure',
POSITIVE_RATIO_MEASURE(1.),#10926);
#10952=MEASURE_REPRESENTATION_ITEM('density measure',
POSITIVE_RATIO_MEASURE(1.),#10927);
#10953=MEASURE_REPRESENTATION_ITEM('density measure',
POSITIVE_RATIO_MEASURE(1.),#10928);
#10954=MEASURE_REPRESENTATION_ITEM('density measure',
POSITIVE_RATIO_MEASURE(1.),#10929);
#10955=MEASURE_REPRESENTATION_ITEM('density measure',
POSITIVE_RATIO_MEASURE(1.),#10930);
#10956=MEASURE_REPRESENTATION_ITEM('density measure',
POSITIVE_RATIO_MEASURE(1.),#10931);
#10957=MEASURE_REPRESENTATION_ITEM('density measure',
POSITIVE_RATIO_MEASURE(1.),#10932);
#10958=MEASURE_REPRESENTATION_ITEM('density measure',
POSITIVE_RATIO_MEASURE(1.),#10933);
#10959=MEASURE_REPRESENTATION_ITEM('density measure',
POSITIVE_RATIO_MEASURE(1.),#10934);
#10960=MEASURE_REPRESENTATION_ITEM('density measure',
POSITIVE_RATIO_MEASURE(1.),#10935);
#10961=MEASURE_REPRESENTATION_ITEM('density measure',
POSITIVE_RATIO_MEASURE(1.),#10936);
#10962=MEASURE_REPRESENTATION_ITEM('density measure',
POSITIVE_RATIO_MEASURE(1.),#10937);
#10963=MEASURE_REPRESENTATION_ITEM('density measure',
POSITIVE_RATIO_MEASURE(1.),#10938);
#10964=MEASURE_REPRESENTATION_ITEM('density measure',
POSITIVE_RATIO_MEASURE(1.),#10939);
#10965=MEASURE_REPRESENTATION_ITEM('density measure',
POSITIVE_RATIO_MEASURE(1.),#10940);
#10966=MEASURE_REPRESENTATION_ITEM('density measure',
POSITIVE_RATIO_MEASURE(1.),#10941);
#10967=MEASURE_REPRESENTATION_ITEM('density measure',
POSITIVE_RATIO_MEASURE(1.),#10942);
#10968=MEASURE_REPRESENTATION_ITEM('density measure',
POSITIVE_RATIO_MEASURE(1.),#10943);
#10969=MEASURE_REPRESENTATION_ITEM('density measure',
POSITIVE_RATIO_MEASURE(1.),#10944);
#10970=MEASURE_REPRESENTATION_ITEM('density measure',
POSITIVE_RATIO_MEASURE(1.),#10945);
#10971=MEASURE_REPRESENTATION_ITEM('density measure',
POSITIVE_RATIO_MEASURE(1.),#10946);
#10972=MEASURE_REPRESENTATION_ITEM('density measure',
POSITIVE_RATIO_MEASURE(1.),#10947);
#10973=PROPERTY_DEFINITION_REPRESENTATION(#11098,#11023);
#10974=PROPERTY_DEFINITION_REPRESENTATION(#11099,#11024);
#10975=PROPERTY_DEFINITION_REPRESENTATION(#11100,#11025);
#10976=PROPERTY_DEFINITION_REPRESENTATION(#11101,#11026);
#10977=PROPERTY_DEFINITION_REPRESENTATION(#11102,#11027);
#10978=PROPERTY_DEFINITION_REPRESENTATION(#11103,#11028);
#10979=PROPERTY_DEFINITION_REPRESENTATION(#11104,#11029);
#10980=PROPERTY_DEFINITION_REPRESENTATION(#11105,#11030);
#10981=PROPERTY_DEFINITION_REPRESENTATION(#11106,#11031);
#10982=PROPERTY_DEFINITION_REPRESENTATION(#11107,#11032);
#10983=PROPERTY_DEFINITION_REPRESENTATION(#11108,#11033);
#10984=PROPERTY_DEFINITION_REPRESENTATION(#11109,#11034);
#10985=PROPERTY_DEFINITION_REPRESENTATION(#11110,#11035);
#10986=PROPERTY_DEFINITION_REPRESENTATION(#11111,#11036);
#10987=PROPERTY_DEFINITION_REPRESENTATION(#11112,#11037);
#10988=PROPERTY_DEFINITION_REPRESENTATION(#11113,#11038);
#10989=PROPERTY_DEFINITION_REPRESENTATION(#11114,#11039);
#10990=PROPERTY_DEFINITION_REPRESENTATION(#11115,#11040);
#10991=PROPERTY_DEFINITION_REPRESENTATION(#11116,#11041);
#10992=PROPERTY_DEFINITION_REPRESENTATION(#11117,#11042);
#10993=PROPERTY_DEFINITION_REPRESENTATION(#11118,#11043);
#10994=PROPERTY_DEFINITION_REPRESENTATION(#11119,#11044);
#10995=PROPERTY_DEFINITION_REPRESENTATION(#11120,#11045);
#10996=PROPERTY_DEFINITION_REPRESENTATION(#11121,#11046);
#10997=PROPERTY_DEFINITION_REPRESENTATION(#11122,#11047);
#10998=PROPERTY_DEFINITION_REPRESENTATION(#11123,#11048);
#10999=PROPERTY_DEFINITION_REPRESENTATION(#11124,#11049);
#11000=PROPERTY_DEFINITION_REPRESENTATION(#11125,#11050);
#11001=PROPERTY_DEFINITION_REPRESENTATION(#11126,#11051);
#11002=PROPERTY_DEFINITION_REPRESENTATION(#11127,#11052);
#11003=PROPERTY_DEFINITION_REPRESENTATION(#11128,#11053);
#11004=PROPERTY_DEFINITION_REPRESENTATION(#11129,#11054);
#11005=PROPERTY_DEFINITION_REPRESENTATION(#11130,#11055);
#11006=PROPERTY_DEFINITION_REPRESENTATION(#11131,#11056);
#11007=PROPERTY_DEFINITION_REPRESENTATION(#11132,#11057);
#11008=PROPERTY_DEFINITION_REPRESENTATION(#11133,#11058);
#11009=PROPERTY_DEFINITION_REPRESENTATION(#11134,#11059);
#11010=PROPERTY_DEFINITION_REPRESENTATION(#11135,#11060);
#11011=PROPERTY_DEFINITION_REPRESENTATION(#11136,#11061);
#11012=PROPERTY_DEFINITION_REPRESENTATION(#11137,#11062);
#11013=PROPERTY_DEFINITION_REPRESENTATION(#11138,#11063);
#11014=PROPERTY_DEFINITION_REPRESENTATION(#11139,#11064);
#11015=PROPERTY_DEFINITION_REPRESENTATION(#11140,#11065);
#11016=PROPERTY_DEFINITION_REPRESENTATION(#11141,#11066);
#11017=PROPERTY_DEFINITION_REPRESENTATION(#11142,#11067);
#11018=PROPERTY_DEFINITION_REPRESENTATION(#11143,#11068);
#11019=PROPERTY_DEFINITION_REPRESENTATION(#11144,#11069);
#11020=PROPERTY_DEFINITION_REPRESENTATION(#11145,#11070);
#11021=PROPERTY_DEFINITION_REPRESENTATION(#11146,#11071);
#11022=PROPERTY_DEFINITION_REPRESENTATION(#11147,#11072);
#11023=REPRESENTATION('material name',(#11073),#18930);
#11024=REPRESENTATION('density',(#10948),#18930);
#11025=REPRESENTATION('material name',(#11074),#18932);
#11026=REPRESENTATION('density',(#10949),#18932);
#11027=REPRESENTATION('material name',(#11075),#18933);
#11028=REPRESENTATION('density',(#10950),#18933);
#11029=REPRESENTATION('material name',(#11076),#18934);
#11030=REPRESENTATION('density',(#10951),#18934);
#11031=REPRESENTATION('material name',(#11077),#18935);
#11032=REPRESENTATION('density',(#10952),#18935);
#11033=REPRESENTATION('material name',(#11078),#18936);
#11034=REPRESENTATION('density',(#10953),#18936);
#11035=REPRESENTATION('material name',(#11079),#18937);
#11036=REPRESENTATION('density',(#10954),#18937);
#11037=REPRESENTATION('material name',(#11080),#18938);
#11038=REPRESENTATION('density',(#10955),#18938);
#11039=REPRESENTATION('material name',(#11081),#18939);
#11040=REPRESENTATION('density',(#10956),#18939);
#11041=REPRESENTATION('material name',(#11082),#18940);
#11042=REPRESENTATION('density',(#10957),#18940);
#11043=REPRESENTATION('material name',(#11083),#18941);
#11044=REPRESENTATION('density',(#10958),#18941);
#11045=REPRESENTATION('material name',(#11084),#18942);
#11046=REPRESENTATION('density',(#10959),#18942);
#11047=REPRESENTATION('material name',(#11085),#18943);
#11048=REPRESENTATION('density',(#10960),#18943);
#11049=REPRESENTATION('material name',(#11086),#18944);
#11050=REPRESENTATION('density',(#10961),#18944);
#11051=REPRESENTATION('material name',(#11087),#18945);
#11052=REPRESENTATION('density',(#10962),#18945);
#11053=REPRESENTATION('material name',(#11088),#18946);
#11054=REPRESENTATION('density',(#10963),#18946);
#11055=REPRESENTATION('material name',(#11089),#18947);
#11056=REPRESENTATION('density',(#10964),#18947);
#11057=REPRESENTATION('material name',(#11090),#18948);
#11058=REPRESENTATION('density',(#10965),#18948);
#11059=REPRESENTATION('material name',(#11091),#18949);
#11060=REPRESENTATION('density',(#10966),#18949);
#11061=REPRESENTATION('material name',(#11092),#18950);
#11062=REPRESENTATION('density',(#10967),#18950);
#11063=REPRESENTATION('material name',(#11093),#18951);
#11064=REPRESENTATION('density',(#10968),#18951);
#11065=REPRESENTATION('material name',(#11094),#18952);
#11066=REPRESENTATION('density',(#10969),#18952);
#11067=REPRESENTATION('material name',(#11095),#18953);
#11068=REPRESENTATION('density',(#10970),#18953);
#11069=REPRESENTATION('material name',(#11096),#18954);
#11070=REPRESENTATION('density',(#10971),#18954);
#11071=REPRESENTATION('material name',(#11097),#18955);
#11072=REPRESENTATION('density',(#10972),#18955);
#11073=DESCRIPTIVE_REPRESENTATION_ITEM('Generic','Generic');
#11074=DESCRIPTIVE_REPRESENTATION_ITEM('Generic','Generic');
#11075=DESCRIPTIVE_REPRESENTATION_ITEM('Generic','Generic');
#11076=DESCRIPTIVE_REPRESENTATION_ITEM('Generic','Generic');
#11077=DESCRIPTIVE_REPRESENTATION_ITEM('Generic','Generic');
#11078=DESCRIPTIVE_REPRESENTATION_ITEM('Generic','Generic');
#11079=DESCRIPTIVE_REPRESENTATION_ITEM('Generic','Generic');
#11080=DESCRIPTIVE_REPRESENTATION_ITEM('Generic','Generic');
#11081=DESCRIPTIVE_REPRESENTATION_ITEM('Generic','Generic');
#11082=DESCRIPTIVE_REPRESENTATION_ITEM('Generic','Generic');
#11083=DESCRIPTIVE_REPRESENTATION_ITEM('Generic','Generic');
#11084=DESCRIPTIVE_REPRESENTATION_ITEM('Generic','Generic');
#11085=DESCRIPTIVE_REPRESENTATION_ITEM('Generic','Generic');
#11086=DESCRIPTIVE_REPRESENTATION_ITEM('Generic','Generic');
#11087=DESCRIPTIVE_REPRESENTATION_ITEM('Generic','Generic');
#11088=DESCRIPTIVE_REPRESENTATION_ITEM('Generic','Generic');
#11089=DESCRIPTIVE_REPRESENTATION_ITEM('Generic','Generic');
#11090=DESCRIPTIVE_REPRESENTATION_ITEM('Generic','Generic');
#11091=DESCRIPTIVE_REPRESENTATION_ITEM('Generic','Generic');
#11092=DESCRIPTIVE_REPRESENTATION_ITEM('Generic','Generic');
#11093=DESCRIPTIVE_REPRESENTATION_ITEM('Generic','Generic');
#11094=DESCRIPTIVE_REPRESENTATION_ITEM('Generic','Generic');
#11095=DESCRIPTIVE_REPRESENTATION_ITEM('Generic','Generic');
#11096=DESCRIPTIVE_REPRESENTATION_ITEM('Generic','Generic');
#11097=DESCRIPTIVE_REPRESENTATION_ITEM('Generic','Generic');
#11098=PROPERTY_DEFINITION('material property','material name',#19074);
#11099=PROPERTY_DEFINITION('material property','density of part',#19074);
#11100=PROPERTY_DEFINITION('material property','material name',#19076);
#11101=PROPERTY_DEFINITION('material property','density of part',#19076);
#11102=PROPERTY_DEFINITION('material property','material name',#19077);
#11103=PROPERTY_DEFINITION('material property','density of part',#19077);
#11104=PROPERTY_DEFINITION('material property','material name',#19078);
#11105=PROPERTY_DEFINITION('material property','density of part',#19078);
#11106=PROPERTY_DEFINITION('material property','material name',#19079);
#11107=PROPERTY_DEFINITION('material property','density of part',#19079);
#11108=PROPERTY_DEFINITION('material property','material name',#19080);
#11109=PROPERTY_DEFINITION('material property','density of part',#19080);
#11110=PROPERTY_DEFINITION('material property','material name',#19081);
#11111=PROPERTY_DEFINITION('material property','density of part',#19081);
#11112=PROPERTY_DEFINITION('material property','material name',#19082);
#11113=PROPERTY_DEFINITION('material property','density of part',#19082);
#11114=PROPERTY_DEFINITION('material property','material name',#19083);
#11115=PROPERTY_DEFINITION('material property','density of part',#19083);
#11116=PROPERTY_DEFINITION('material property','material name',#19084);
#11117=PROPERTY_DEFINITION('material property','density of part',#19084);
#11118=PROPERTY_DEFINITION('material property','material name',#19085);
#11119=PROPERTY_DEFINITION('material property','density of part',#19085);
#11120=PROPERTY_DEFINITION('material property','material name',#19086);
#11121=PROPERTY_DEFINITION('material property','density of part',#19086);
#11122=PROPERTY_DEFINITION('material property','material name',#19087);
#11123=PROPERTY_DEFINITION('material property','density of part',#19087);
#11124=PROPERTY_DEFINITION('material property','material name',#19088);
#11125=PROPERTY_DEFINITION('material property','density of part',#19088);
#11126=PROPERTY_DEFINITION('material property','material name',#19089);
#11127=PROPERTY_DEFINITION('material property','density of part',#19089);
#11128=PROPERTY_DEFINITION('material property','material name',#19090);
#11129=PROPERTY_DEFINITION('material property','density of part',#19090);
#11130=PROPERTY_DEFINITION('material property','material name',#19091);
#11131=PROPERTY_DEFINITION('material property','density of part',#19091);
#11132=PROPERTY_DEFINITION('material property','material name',#19092);
#11133=PROPERTY_DEFINITION('material property','density of part',#19092);
#11134=PROPERTY_DEFINITION('material property','material name',#19093);
#11135=PROPERTY_DEFINITION('material property','density of part',#19093);
#11136=PROPERTY_DEFINITION('material property','material name',#19094);
#11137=PROPERTY_DEFINITION('material property','density of part',#19094);
#11138=PROPERTY_DEFINITION('material property','material name',#19095);
#11139=PROPERTY_DEFINITION('material property','density of part',#19095);
#11140=PROPERTY_DEFINITION('material property','material name',#19096);
#11141=PROPERTY_DEFINITION('material property','density of part',#19096);
#11142=PROPERTY_DEFINITION('material property','material name',#19097);
#11143=PROPERTY_DEFINITION('material property','density of part',#19097);
#11144=PROPERTY_DEFINITION('material property','material name',#19098);
#11145=PROPERTY_DEFINITION('material property','density of part',#19098);
#11146=PROPERTY_DEFINITION('material property','material name',#19099);
#11147=PROPERTY_DEFINITION('material property','density of part',#19099);
#11148=PRESENTATION_STYLE_ASSIGNMENT((#11175));
#11149=PRESENTATION_STYLE_ASSIGNMENT((#11176));
#11150=PRESENTATION_STYLE_ASSIGNMENT((#11177));
#11151=PRESENTATION_STYLE_ASSIGNMENT((#11178));
#11152=PRESENTATION_STYLE_ASSIGNMENT((#11179));
#11153=PRESENTATION_STYLE_ASSIGNMENT((#11180));
#11154=PRESENTATION_STYLE_ASSIGNMENT((#11181));
#11155=PRESENTATION_STYLE_ASSIGNMENT((#11182));
#11156=PRESENTATION_STYLE_ASSIGNMENT((#11183));
#11157=PRESENTATION_STYLE_ASSIGNMENT((#11184));
#11158=PRESENTATION_STYLE_ASSIGNMENT((#11185));
#11159=PRESENTATION_STYLE_ASSIGNMENT((#11186));
#11160=PRESENTATION_STYLE_ASSIGNMENT((#11187));
#11161=PRESENTATION_STYLE_ASSIGNMENT((#11188));
#11162=PRESENTATION_STYLE_ASSIGNMENT((#11189));
#11163=PRESENTATION_STYLE_ASSIGNMENT((#11190));
#11164=PRESENTATION_STYLE_ASSIGNMENT((#11191));
#11165=PRESENTATION_STYLE_ASSIGNMENT((#11192));
#11166=PRESENTATION_STYLE_ASSIGNMENT((#11193));
#11167=PRESENTATION_STYLE_ASSIGNMENT((#11194));
#11168=PRESENTATION_STYLE_ASSIGNMENT((#11195));
#11169=PRESENTATION_STYLE_ASSIGNMENT((#11196));
#11170=PRESENTATION_STYLE_ASSIGNMENT((#11197));
#11171=PRESENTATION_STYLE_ASSIGNMENT((#11198));
#11172=PRESENTATION_STYLE_ASSIGNMENT((#11199));
#11173=PRESENTATION_STYLE_ASSIGNMENT((#11200));
#11174=PRESENTATION_STYLE_ASSIGNMENT((#11201));
#11175=SURFACE_STYLE_USAGE(.BOTH.,#11256);
#11176=SURFACE_STYLE_USAGE(.BOTH.,#11257);
#11177=SURFACE_STYLE_USAGE(.BOTH.,#11258);
#11178=SURFACE_STYLE_USAGE(.BOTH.,#11259);
#11179=SURFACE_STYLE_USAGE(.BOTH.,#11260);
#11180=SURFACE_STYLE_USAGE(.BOTH.,#11261);
#11181=SURFACE_STYLE_USAGE(.BOTH.,#11262);
#11182=SURFACE_STYLE_USAGE(.BOTH.,#11263);
#11183=SURFACE_STYLE_USAGE(.BOTH.,#11264);
#11184=SURFACE_STYLE_USAGE(.BOTH.,#11265);
#11185=SURFACE_STYLE_USAGE(.BOTH.,#11266);
#11186=SURFACE_STYLE_USAGE(.BOTH.,#11267);
#11187=SURFACE_STYLE_USAGE(.BOTH.,#11268);
#11188=SURFACE_STYLE_USAGE(.BOTH.,#11269);
#11189=SURFACE_STYLE_USAGE(.BOTH.,#11270);
#11190=SURFACE_STYLE_USAGE(.BOTH.,#11271);
#11191=SURFACE_STYLE_USAGE(.BOTH.,#11272);
#11192=SURFACE_STYLE_USAGE(.BOTH.,#11273);
#11193=SURFACE_STYLE_USAGE(.BOTH.,#11274);
#11194=SURFACE_STYLE_USAGE(.BOTH.,#11275);
#11195=SURFACE_STYLE_USAGE(.BOTH.,#11276);
#11196=SURFACE_STYLE_USAGE(.BOTH.,#11277);
#11197=SURFACE_STYLE_USAGE(.BOTH.,#11278);
#11198=SURFACE_STYLE_USAGE(.BOTH.,#11279);
#11199=SURFACE_STYLE_USAGE(.BOTH.,#11280);
#11200=SURFACE_STYLE_USAGE(.BOTH.,#11281);
#11201=SURFACE_STYLE_USAGE(.BOTH.,#11282);
#11202=SURFACE_STYLE_RENDERING_WITH_PROPERTIES($,#11364,(#11229));
#11203=SURFACE_STYLE_RENDERING_WITH_PROPERTIES($,#11365,(#11230));
#11204=SURFACE_STYLE_RENDERING_WITH_PROPERTIES($,#11366,(#11231));
#11205=SURFACE_STYLE_RENDERING_WITH_PROPERTIES($,#11367,(#11232));
#11206=SURFACE_STYLE_RENDERING_WITH_PROPERTIES($,#11368,(#11233));
#11207=SURFACE_STYLE_RENDERING_WITH_PROPERTIES($,#11369,(#11234));
#11208=SURFACE_STYLE_RENDERING_WITH_PROPERTIES($,#11370,(#11235));
#11209=SURFACE_STYLE_RENDERING_WITH_PROPERTIES($,#11371,(#11236));
#11210=SURFACE_STYLE_RENDERING_WITH_PROPERTIES($,#11372,(#11237));
#11211=SURFACE_STYLE_RENDERING_WITH_PROPERTIES($,#11373,(#11238));
#11212=SURFACE_STYLE_RENDERING_WITH_PROPERTIES($,#11374,(#11239));
#11213=SURFACE_STYLE_RENDERING_WITH_PROPERTIES($,#11375,(#11240));
#11214=SURFACE_STYLE_RENDERING_WITH_PROPERTIES($,#11376,(#11241));
#11215=SURFACE_STYLE_RENDERING_WITH_PROPERTIES($,#11377,(#11242));
#11216=SURFACE_STYLE_RENDERING_WITH_PROPERTIES($,#11378,(#11243));
#11217=SURFACE_STYLE_RENDERING_WITH_PROPERTIES($,#11379,(#11244));
#11218=SURFACE_STYLE_RENDERING_WITH_PROPERTIES($,#11380,(#11245));
#11219=SURFACE_STYLE_RENDERING_WITH_PROPERTIES($,#11381,(#11246));
#11220=SURFACE_STYLE_RENDERING_WITH_PROPERTIES($,#11382,(#11247));
#11221=SURFACE_STYLE_RENDERING_WITH_PROPERTIES($,#11383,(#11248));
#11222=SURFACE_STYLE_RENDERING_WITH_PROPERTIES($,#11384,(#11249));
#11223=SURFACE_STYLE_RENDERING_WITH_PROPERTIES($,#11385,(#11250));
#11224=SURFACE_STYLE_RENDERING_WITH_PROPERTIES($,#11386,(#11251));
#11225=SURFACE_STYLE_RENDERING_WITH_PROPERTIES($,#11387,(#11252));
#11226=SURFACE_STYLE_RENDERING_WITH_PROPERTIES($,#11388,(#11253));
#11227=SURFACE_STYLE_RENDERING_WITH_PROPERTIES($,#11389,(#11254));
#11228=SURFACE_STYLE_RENDERING_WITH_PROPERTIES($,#11390,(#11255));
#11229=SURFACE_STYLE_TRANSPARENT(0.);
#11230=SURFACE_STYLE_TRANSPARENT(0.);
#11231=SURFACE_STYLE_TRANSPARENT(0.);
#11232=SURFACE_STYLE_TRANSPARENT(0.);
#11233=SURFACE_STYLE_TRANSPARENT(0.);
#11234=SURFACE_STYLE_TRANSPARENT(0.);
#11235=SURFACE_STYLE_TRANSPARENT(0.);
#11236=SURFACE_STYLE_TRANSPARENT(0.);
#11237=SURFACE_STYLE_TRANSPARENT(0.);
#11238=SURFACE_STYLE_TRANSPARENT(0.);
#11239=SURFACE_STYLE_TRANSPARENT(0.);
#11240=SURFACE_STYLE_TRANSPARENT(0.);
#11241=SURFACE_STYLE_TRANSPARENT(0.);
#11242=SURFACE_STYLE_TRANSPARENT(0.);
#11243=SURFACE_STYLE_TRANSPARENT(0.);
#11244=SURFACE_STYLE_TRANSPARENT(0.);
#11245=SURFACE_STYLE_TRANSPARENT(0.);
#11246=SURFACE_STYLE_TRANSPARENT(0.);
#11247=SURFACE_STYLE_TRANSPARENT(0.);
#11248=SURFACE_STYLE_TRANSPARENT(0.);
#11249=SURFACE_STYLE_TRANSPARENT(0.);
#11250=SURFACE_STYLE_TRANSPARENT(0.);
#11251=SURFACE_STYLE_TRANSPARENT(0.);
#11252=SURFACE_STYLE_TRANSPARENT(0.);
#11253=SURFACE_STYLE_TRANSPARENT(0.);
#11254=SURFACE_STYLE_TRANSPARENT(0.);
#11255=SURFACE_STYLE_TRANSPARENT(0.);
#11256=SURFACE_SIDE_STYLE('',(#11283,#11202));
#11257=SURFACE_SIDE_STYLE('',(#11284,#11203));
#11258=SURFACE_SIDE_STYLE('',(#11285,#11204));
#11259=SURFACE_SIDE_STYLE('',(#11286,#11205));
#11260=SURFACE_SIDE_STYLE('',(#11287,#11206));
#11261=SURFACE_SIDE_STYLE('',(#11288,#11207));
#11262=SURFACE_SIDE_STYLE('',(#11289,#11208));
#11263=SURFACE_SIDE_STYLE('',(#11290,#11209));
#11264=SURFACE_SIDE_STYLE('',(#11291,#11210));
#11265=SURFACE_SIDE_STYLE('',(#11292,#11211));
#11266=SURFACE_SIDE_STYLE('',(#11293,#11212));
#11267=SURFACE_SIDE_STYLE('',(#11294,#11213));
#11268=SURFACE_SIDE_STYLE('',(#11295,#11214));
#11269=SURFACE_SIDE_STYLE('',(#11296,#11215));
#11270=SURFACE_SIDE_STYLE('',(#11297,#11216));
#11271=SURFACE_SIDE_STYLE('',(#11298,#11217));
#11272=SURFACE_SIDE_STYLE('',(#11299,#11218));
#11273=SURFACE_SIDE_STYLE('',(#11300,#11219));
#11274=SURFACE_SIDE_STYLE('',(#11301,#11220));
#11275=SURFACE_SIDE_STYLE('',(#11302,#11221));
#11276=SURFACE_SIDE_STYLE('',(#11303,#11222));
#11277=SURFACE_SIDE_STYLE('',(#11304,#11223));
#11278=SURFACE_SIDE_STYLE('',(#11305,#11224));
#11279=SURFACE_SIDE_STYLE('',(#11306,#11225));
#11280=SURFACE_SIDE_STYLE('',(#11307,#11226));
#11281=SURFACE_SIDE_STYLE('',(#11308,#11227));
#11282=SURFACE_SIDE_STYLE('',(#11309,#11228));
#11283=SURFACE_STYLE_FILL_AREA(#11310);
#11284=SURFACE_STYLE_FILL_AREA(#11311);
#11285=SURFACE_STYLE_FILL_AREA(#11312);
#11286=SURFACE_STYLE_FILL_AREA(#11313);
#11287=SURFACE_STYLE_FILL_AREA(#11314);
#11288=SURFACE_STYLE_FILL_AREA(#11315);
#11289=SURFACE_STYLE_FILL_AREA(#11316);
#11290=SURFACE_STYLE_FILL_AREA(#11317);
#11291=SURFACE_STYLE_FILL_AREA(#11318);
#11292=SURFACE_STYLE_FILL_AREA(#11319);
#11293=SURFACE_STYLE_FILL_AREA(#11320);
#11294=SURFACE_STYLE_FILL_AREA(#11321);
#11295=SURFACE_STYLE_FILL_AREA(#11322);
#11296=SURFACE_STYLE_FILL_AREA(#11323);
#11297=SURFACE_STYLE_FILL_AREA(#11324);
#11298=SURFACE_STYLE_FILL_AREA(#11325);
#11299=SURFACE_STYLE_FILL_AREA(#11326);
#11300=SURFACE_STYLE_FILL_AREA(#11327);
#11301=SURFACE_STYLE_FILL_AREA(#11328);
#11302=SURFACE_STYLE_FILL_AREA(#11329);
#11303=SURFACE_STYLE_FILL_AREA(#11330);
#11304=SURFACE_STYLE_FILL_AREA(#11331);
#11305=SURFACE_STYLE_FILL_AREA(#11332);
#11306=SURFACE_STYLE_FILL_AREA(#11333);
#11307=SURFACE_STYLE_FILL_AREA(#11334);
#11308=SURFACE_STYLE_FILL_AREA(#11335);
#11309=SURFACE_STYLE_FILL_AREA(#11336);
#11310=FILL_AREA_STYLE('',(#11337));
#11311=FILL_AREA_STYLE('',(#11338));
#11312=FILL_AREA_STYLE('',(#11339));
#11313=FILL_AREA_STYLE('',(#11340));
#11314=FILL_AREA_STYLE('',(#11341));
#11315=FILL_AREA_STYLE('',(#11342));
#11316=FILL_AREA_STYLE('',(#11343));
#11317=FILL_AREA_STYLE('',(#11344));
#11318=FILL_AREA_STYLE('',(#11345));
#11319=FILL_AREA_STYLE('',(#11346));
#11320=FILL_AREA_STYLE('',(#11347));
#11321=FILL_AREA_STYLE('',(#11348));
#11322=FILL_AREA_STYLE('',(#11349));
#11323=FILL_AREA_STYLE('',(#11350));
#11324=FILL_AREA_STYLE('',(#11351));
#11325=FILL_AREA_STYLE('',(#11352));
#11326=FILL_AREA_STYLE('',(#11353));
#11327=FILL_AREA_STYLE('',(#11354));
#11328=FILL_AREA_STYLE('',(#11355));
#11329=FILL_AREA_STYLE('',(#11356));
#11330=FILL_AREA_STYLE('',(#11357));
#11331=FILL_AREA_STYLE('',(#11358));
#11332=FILL_AREA_STYLE('',(#11359));
#11333=FILL_AREA_STYLE('',(#11360));
#11334=FILL_AREA_STYLE('',(#11361));
#11335=FILL_AREA_STYLE('',(#11362));
#11336=FILL_AREA_STYLE('',(#11363));
#11337=FILL_AREA_STYLE_COLOUR('',#11364);
#11338=FILL_AREA_STYLE_COLOUR('',#11365);
#11339=FILL_AREA_STYLE_COLOUR('',#11366);
#11340=FILL_AREA_STYLE_COLOUR('',#11367);
#11341=FILL_AREA_STYLE_COLOUR('',#11368);
#11342=FILL_AREA_STYLE_COLOUR('',#11369);
#11343=FILL_AREA_STYLE_COLOUR('',#11370);
#11344=FILL_AREA_STYLE_COLOUR('',#11371);
#11345=FILL_AREA_STYLE_COLOUR('',#11372);
#11346=FILL_AREA_STYLE_COLOUR('',#11373);
#11347=FILL_AREA_STYLE_COLOUR('',#11374);
#11348=FILL_AREA_STYLE_COLOUR('',#11375);
#11349=FILL_AREA_STYLE_COLOUR('',#11376);
#11350=FILL_AREA_STYLE_COLOUR('',#11377);
#11351=FILL_AREA_STYLE_COLOUR('',#11378);
#11352=FILL_AREA_STYLE_COLOUR('',#11379);
#11353=FILL_AREA_STYLE_COLOUR('',#11380);
#11354=FILL_AREA_STYLE_COLOUR('',#11381);
#11355=FILL_AREA_STYLE_COLOUR('',#11382);
#11356=FILL_AREA_STYLE_COLOUR('',#11383);
#11357=FILL_AREA_STYLE_COLOUR('',#11384);
#11358=FILL_AREA_STYLE_COLOUR('',#11385);
#11359=FILL_AREA_STYLE_COLOUR('',#11386);
#11360=FILL_AREA_STYLE_COLOUR('',#11387);
#11361=FILL_AREA_STYLE_COLOUR('',#11388);
#11362=FILL_AREA_STYLE_COLOUR('',#11389);
#11363=FILL_AREA_STYLE_COLOUR('',#11390);
#11364=COLOUR_RGB('',0.725490196078431,0.749019607843137,0.776470588235294);
#11365=COLOUR_RGB('',0.796078431372549,0.823529411764706,0.937254901960784);
#11366=COLOUR_RGB('',0.164705882352941,0.411764705882353,0.270588235294118);
#11367=COLOUR_RGB('',0.196078431372549,0.207843137254902,0.219607843137255);
#11368=COLOUR_RGB('',0.196078431372549,0.207843137254902,0.219607843137255);
#11369=COLOUR_RGB('',0.196078431372549,0.207843137254902,0.219607843137255);
#11370=COLOUR_RGB('',0.196078431372549,0.207843137254902,0.219607843137255);
#11371=COLOUR_RGB('',0.196078431372549,0.207843137254902,0.219607843137255);
#11372=COLOUR_RGB('',0.196078431372549,0.207843137254902,0.219607843137255);
#11373=COLOUR_RGB('',0.705882352941177,0.486274509803922,0.266666666666667);
#11374=COLOUR_RGB('',0.745098039215686,0.752941176470588,0.764705882352941);
#11375=COLOUR_RGB('',0.705882352941177,0.486274509803922,0.266666666666667);
#11376=COLOUR_RGB('',0.745098039215686,0.752941176470588,0.764705882352941);
#11377=COLOUR_RGB('',0.705882352941177,0.486274509803922,0.266666666666667);
#11378=COLOUR_RGB('',0.705882352941177,0.486274509803922,0.266666666666667);
#11379=COLOUR_RGB('',0.705882352941177,0.486274509803922,0.266666666666667);
#11380=COLOUR_RGB('',0.705882352941177,0.486274509803922,0.266666666666667);
#11381=COLOUR_RGB('',0.745098039215686,0.752941176470588,0.764705882352941);
#11382=COLOUR_RGB('',0.745098039215686,0.752941176470588,0.764705882352941);
#11383=COLOUR_RGB('',0.745098039215686,0.752941176470588,0.764705882352941);
#11384=COLOUR_RGB('',0.745098039215686,0.752941176470588,0.764705882352941);
#11385=COLOUR_RGB('',0.745098039215686,0.752941176470588,0.764705882352941);
#11386=COLOUR_RGB('',0.745098039215686,0.752941176470588,0.764705882352941);
#11387=COLOUR_RGB('',0.862745098039216,0.850980392156863,0.784313725490196);
#11388=COLOUR_RGB('',0.811764705882353,0.666666666666667,0.2);
#11389=COLOUR_RGB('',0.611764705882353,0.63921568627451,0.674509803921569);
#11390=COLOUR_RGB('',0.796078431372549,0.823529411764706,0.937254901960784);
#11391=DATE_TIME_ROLE('creation_date');
#11392=DATE_TIME_ROLE('creation_date');
#11393=DATE_TIME_ROLE('creation_date');
#11394=DATE_TIME_ROLE('creation_date');
#11395=DATE_TIME_ROLE('creation_date');
#11396=DATE_TIME_ROLE('creation_date');
#11397=DATE_TIME_ROLE('creation_date');
#11398=DATE_TIME_ROLE('creation_date');
#11399=DATE_TIME_ROLE('creation_date');
#11400=DATE_TIME_ROLE('creation_date');
#11401=DATE_TIME_ROLE('creation_date');
#11402=DATE_TIME_ROLE('creation_date');
#11403=DATE_TIME_ROLE('creation_date');
#11404=DATE_TIME_ROLE('creation_date');
#11405=DATE_TIME_ROLE('creation_date');
#11406=DATE_TIME_ROLE('creation_date');
#11407=DATE_TIME_ROLE('creation_date');
#11408=DATE_TIME_ROLE('creation_date');
#11409=DATE_TIME_ROLE('creation_date');
#11410=DATE_TIME_ROLE('creation_date');
#11411=DATE_TIME_ROLE('creation_date');
#11412=DATE_TIME_ROLE('creation_date');
#11413=DATE_TIME_ROLE('creation_date');
#11414=DATE_TIME_ROLE('creation_date');
#11415=DATE_TIME_ROLE('creation_date');
#11416=DATE_TIME_ROLE('creation_date');
#11417=DATE_TIME_ROLE('creation_date');
#11418=APPLIED_DATE_AND_TIME_ASSIGNMENT(#11445,#11391,(#19073));
#11419=APPLIED_DATE_AND_TIME_ASSIGNMENT(#11446,#11392,(#19074));
#11420=APPLIED_DATE_AND_TIME_ASSIGNMENT(#11447,#11393,(#19075));
#11421=APPLIED_DATE_AND_TIME_ASSIGNMENT(#11448,#11394,(#19076));
#11422=APPLIED_DATE_AND_TIME_ASSIGNMENT(#11449,#11395,(#19077));
#11423=APPLIED_DATE_AND_TIME_ASSIGNMENT(#11450,#11396,(#19078));
#11424=APPLIED_DATE_AND_TIME_ASSIGNMENT(#11451,#11397,(#19079));
#11425=APPLIED_DATE_AND_TIME_ASSIGNMENT(#11452,#11398,(#19080));
#11426=APPLIED_DATE_AND_TIME_ASSIGNMENT(#11453,#11399,(#19081));
#11427=APPLIED_DATE_AND_TIME_ASSIGNMENT(#11454,#11400,(#19082));
#11428=APPLIED_DATE_AND_TIME_ASSIGNMENT(#11455,#11401,(#19083));
#11429=APPLIED_DATE_AND_TIME_ASSIGNMENT(#11456,#11402,(#19084));
#11430=APPLIED_DATE_AND_TIME_ASSIGNMENT(#11457,#11403,(#19085));
#11431=APPLIED_DATE_AND_TIME_ASSIGNMENT(#11458,#11404,(#19086));
#11432=APPLIED_DATE_AND_TIME_ASSIGNMENT(#11459,#11405,(#19087));
#11433=APPLIED_DATE_AND_TIME_ASSIGNMENT(#11460,#11406,(#19088));
#11434=APPLIED_DATE_AND_TIME_ASSIGNMENT(#11461,#11407,(#19089));
#11435=APPLIED_DATE_AND_TIME_ASSIGNMENT(#11462,#11408,(#19090));
#11436=APPLIED_DATE_AND_TIME_ASSIGNMENT(#11463,#11409,(#19091));
#11437=APPLIED_DATE_AND_TIME_ASSIGNMENT(#11464,#11410,(#19092));
#11438=APPLIED_DATE_AND_TIME_ASSIGNMENT(#11465,#11411,(#19093));
#11439=APPLIED_DATE_AND_TIME_ASSIGNMENT(#11466,#11412,(#19094));
#11440=APPLIED_DATE_AND_TIME_ASSIGNMENT(#11467,#11413,(#19095));
#11441=APPLIED_DATE_AND_TIME_ASSIGNMENT(#11468,#11414,(#19096));
#11442=APPLIED_DATE_AND_TIME_ASSIGNMENT(#11469,#11415,(#19097));
#11443=APPLIED_DATE_AND_TIME_ASSIGNMENT(#11470,#11416,(#19098));
#11444=APPLIED_DATE_AND_TIME_ASSIGNMENT(#11471,#11417,(#19099));
#11445=DATE_AND_TIME(#11472,#11499);
#11446=DATE_AND_TIME(#11473,#11500);
#11447=DATE_AND_TIME(#11474,#11501);
#11448=DATE_AND_TIME(#11475,#11502);
#11449=DATE_AND_TIME(#11476,#11503);
#11450=DATE_AND_TIME(#11477,#11504);
#11451=DATE_AND_TIME(#11478,#11505);
#11452=DATE_AND_TIME(#11479,#11506);
#11453=DATE_AND_TIME(#11480,#11507);
#11454=DATE_AND_TIME(#11481,#11508);
#11455=DATE_AND_TIME(#11482,#11509);
#11456=DATE_AND_TIME(#11483,#11510);
#11457=DATE_AND_TIME(#11484,#11511);
#11458=DATE_AND_TIME(#11485,#11512);
#11459=DATE_AND_TIME(#11486,#11513);
#11460=DATE_AND_TIME(#11487,#11514);
#11461=DATE_AND_TIME(#11488,#11515);
#11462=DATE_AND_TIME(#11489,#11516);
#11463=DATE_AND_TIME(#11490,#11517);
#11464=DATE_AND_TIME(#11491,#11518);
#11465=DATE_AND_TIME(#11492,#11519);
#11466=DATE_AND_TIME(#11493,#11520);
#11467=DATE_AND_TIME(#11494,#11521);
#11468=DATE_AND_TIME(#11495,#11522);
#11469=DATE_AND_TIME(#11496,#11523);
#11470=DATE_AND_TIME(#11497,#11524);
#11471=DATE_AND_TIME(#11498,#11525);
#11472=CALENDAR_DATE(2026,21,9);
#11473=CALENDAR_DATE(2026,21,9);
#11474=CALENDAR_DATE(2026,21,9);
#11475=CALENDAR_DATE(2026,21,9);
#11476=CALENDAR_DATE(2026,21,9);
#11477=CALENDAR_DATE(2026,21,9);
#11478=CALENDAR_DATE(2026,21,9);
#11479=CALENDAR_DATE(2026,21,9);
#11480=CALENDAR_DATE(2026,21,9);
#11481=CALENDAR_DATE(2026,21,9);
#11482=CALENDAR_DATE(2026,21,9);
#11483=CALENDAR_DATE(2026,21,9);
#11484=CALENDAR_DATE(2026,21,9);
#11485=CALENDAR_DATE(2026,21,9);
#11486=CALENDAR_DATE(2026,21,9);
#11487=CALENDAR_DATE(2026,21,9);
#11488=CALENDAR_DATE(2026,21,9);
#11489=CALENDAR_DATE(2026,21,9);
#11490=CALENDAR_DATE(2026,21,9);
#11491=CALENDAR_DATE(2026,21,9);
#11492=CALENDAR_DATE(2026,21,9);
#11493=CALENDAR_DATE(2026,21,9);
#11494=CALENDAR_DATE(2026,21,9);
#11495=CALENDAR_DATE(2026,21,9);
#11496=CALENDAR_DATE(2026,21,9);
#11497=CALENDAR_DATE(2026,21,9);
#11498=CALENDAR_DATE(2026,21,9);
#11499=LOCAL_TIME(0,0,0.,#11526);
#11500=LOCAL_TIME(0,0,0.,#11527);
#11501=LOCAL_TIME(0,0,0.,#11528);
#11502=LOCAL_TIME(0,0,0.,#11529);
#11503=LOCAL_TIME(0,0,0.,#11530);
#11504=LOCAL_TIME(0,0,0.,#11531);
#11505=LOCAL_TIME(0,0,0.,#11532);
#11506=LOCAL_TIME(0,0,0.,#11533);
#11507=LOCAL_TIME(0,0,0.,#11534);
#11508=LOCAL_TIME(0,0,0.,#11535);
#11509=LOCAL_TIME(0,0,0.,#11536);
#11510=LOCAL_TIME(0,0,0.,#11537);
#11511=LOCAL_TIME(0,0,0.,#11538);
#11512=LOCAL_TIME(0,0,0.,#11539);
#11513=LOCAL_TIME(0,0,0.,#11540);
#11514=LOCAL_TIME(0,0,0.,#11541);
#11515=LOCAL_TIME(0,0,0.,#11542);
#11516=LOCAL_TIME(0,0,0.,#11543);
#11517=LOCAL_TIME(0,0,0.,#11544);
#11518=LOCAL_TIME(0,0,0.,#11545);
#11519=LOCAL_TIME(0,0,0.,#11546);
#11520=LOCAL_TIME(0,0,0.,#11547);
#11521=LOCAL_TIME(0,0,0.,#11548);
#11522=LOCAL_TIME(0,0,0.,#11549);
#11523=LOCAL_TIME(0,0,0.,#11550);
#11524=LOCAL_TIME(0,0,0.,#11551);
#11525=LOCAL_TIME(0,0,0.,#11552);
#11526=COORDINATED_UNIVERSAL_TIME_OFFSET(0,0,.BEHIND.);
#11527=COORDINATED_UNIVERSAL_TIME_OFFSET(0,0,.BEHIND.);
#11528=COORDINATED_UNIVERSAL_TIME_OFFSET(0,0,.BEHIND.);
#11529=COORDINATED_UNIVERSAL_TIME_OFFSET(0,0,.BEHIND.);
#11530=COORDINATED_UNIVERSAL_TIME_OFFSET(0,0,.BEHIND.);
#11531=COORDINATED_UNIVERSAL_TIME_OFFSET(0,0,.BEHIND.);
#11532=COORDINATED_UNIVERSAL_TIME_OFFSET(0,0,.BEHIND.);
#11533=COORDINATED_UNIVERSAL_TIME_OFFSET(0,0,.BEHIND.);
#11534=COORDINATED_UNIVERSAL_TIME_OFFSET(0,0,.BEHIND.);
#11535=COORDINATED_UNIVERSAL_TIME_OFFSET(0,0,.BEHIND.);
#11536=COORDINATED_UNIVERSAL_TIME_OFFSET(0,0,.BEHIND.);
#11537=COORDINATED_UNIVERSAL_TIME_OFFSET(0,0,.BEHIND.);
#11538=COORDINATED_UNIVERSAL_TIME_OFFSET(0,0,.BEHIND.);
#11539=COORDINATED_UNIVERSAL_TIME_OFFSET(0,0,.BEHIND.);
#11540=COORDINATED_UNIVERSAL_TIME_OFFSET(0,0,.BEHIND.);
#11541=COORDINATED_UNIVERSAL_TIME_OFFSET(0,0,.BEHIND.);
#11542=COORDINATED_UNIVERSAL_TIME_OFFSET(0,0,.BEHIND.);
#11543=COORDINATED_UNIVERSAL_TIME_OFFSET(0,0,.BEHIND.);
#11544=COORDINATED_UNIVERSAL_TIME_OFFSET(0,0,.BEHIND.);
#11545=COORDINATED_UNIVERSAL_TIME_OFFSET(0,0,.BEHIND.);
#11546=COORDINATED_UNIVERSAL_TIME_OFFSET(0,0,.BEHIND.);
#11547=COORDINATED_UNIVERSAL_TIME_OFFSET(0,0,.BEHIND.);
#11548=COORDINATED_UNIVERSAL_TIME_OFFSET(0,0,.BEHIND.);
#11549=COORDINATED_UNIVERSAL_TIME_OFFSET(0,0,.BEHIND.);
#11550=COORDINATED_UNIVERSAL_TIME_OFFSET(0,0,.BEHIND.);
#11551=COORDINATED_UNIVERSAL_TIME_OFFSET(0,0,.BEHIND.);
#11552=COORDINATED_UNIVERSAL_TIME_OFFSET(0,0,.BEHIND.);
#11553=AXIS2_PLACEMENT_3D('',#15914,#12683,#12684);
#11554=AXIS2_PLACEMENT_3D('',#15915,#12685,#12686);
#11555=AXIS2_PLACEMENT_3D('',#15916,#12687,#12688);
#11556=AXIS2_PLACEMENT_3D('',#15931,#12695,#12696);
#11557=AXIS2_PLACEMENT_3D('',#15935,#12698,#12699);
#11558=AXIS2_PLACEMENT_3D('',#15947,#12705,#12706);
#11559=AXIS2_PLACEMENT_3D('',#15951,#12708,#12709);
#11560=AXIS2_PLACEMENT_3D('',#15959,#12713,#12714);
#11561=AXIS2_PLACEMENT_3D('',#15961,#12715,#12716);
#11562=AXIS2_PLACEMENT_3D('',#15965,#12718,#12719);
#11563=AXIS2_PLACEMENT_3D('',#15967,#12720,#12721);
#11564=AXIS2_PLACEMENT_3D('',#15979,#12727,#12728);
#11565=AXIS2_PLACEMENT_3D('',#15981,#12729,#12730);
#11566=AXIS2_PLACEMENT_3D('',#15985,#12732,#12733);
#11567=AXIS2_PLACEMENT_3D('',#15987,#12734,#12735);
#11568=AXIS2_PLACEMENT_3D('',#15997,#12741,#12742);
#11569=AXIS2_PLACEMENT_3D('',#16018,#12755,#12756);
#11570=AXIS2_PLACEMENT_3D('',#16058,#12780,#12781);
#11571=AXIS2_PLACEMENT_3D('',#16067,#12786,#12787);
#11572=AXIS2_PLACEMENT_3D('',#16076,#12792,#12793);
#11573=AXIS2_PLACEMENT_3D('',#16118,#12814,#12815);
#11574=AXIS2_PLACEMENT_3D('',#16120,#12816,#12817);
#11575=AXIS2_PLACEMENT_3D('',#16122,#12818,#12819);
#11576=AXIS2_PLACEMENT_3D('',#16124,#12820,#12821);
#11577=AXIS2_PLACEMENT_3D('',#16126,#12822,#12823);
#11578=AXIS2_PLACEMENT_3D('',#16128,#12824,#12825);
#11579=AXIS2_PLACEMENT_3D('',#16130,#12826,#12827);
#11580=AXIS2_PLACEMENT_3D('',#16132,#12828,#12829);
#11581=AXIS2_PLACEMENT_3D('',#16134,#12830,#12831);
#11582=AXIS2_PLACEMENT_3D('',#16136,#12832,#12833);
#11583=AXIS2_PLACEMENT_3D('',#16138,#12834,#12835);
#11584=AXIS2_PLACEMENT_3D('',#16140,#12836,#12837);
#11585=AXIS2_PLACEMENT_3D('',#16141,#12838,#12839);
#11586=AXIS2_PLACEMENT_3D('',#16170,#12856,#12857);
#11587=AXIS2_PLACEMENT_3D('',#16199,#12874,#12875);
#11588=AXIS2_PLACEMENT_3D('',#16213,#12883,#12884);
#11589=AXIS2_PLACEMENT_3D('',#16228,#12893,#12894);
#11590=AXIS2_PLACEMENT_3D('',#16246,#12904,#12905);
#11591=AXIS2_PLACEMENT_3D('',#16249,#12908,#12909);
#11592=AXIS2_PLACEMENT_3D('',#16266,#12920,#12921);
#11593=AXIS2_PLACEMENT_3D('',#16269,#12924,#12925);
#11594=AXIS2_PLACEMENT_3D('',#16272,#12928,#12929);
#11595=AXIS2_PLACEMENT_3D('',#16275,#12932,#12933);
#11596=AXIS2_PLACEMENT_3D('',#16276,#12934,#12935);
#11597=AXIS2_PLACEMENT_3D('',#16277,#12936,#12937);
#11598=AXIS2_PLACEMENT_3D('',#16278,#12938,#12939);
#11599=AXIS2_PLACEMENT_3D('',#16281,#12942,#12943);
#11600=AXIS2_PLACEMENT_3D('',#16284,#12946,#12947);
#11601=AXIS2_PLACEMENT_3D('',#16287,#12950,#12951);
#11602=AXIS2_PLACEMENT_3D('',#16288,#12952,#12953);
#11603=AXIS2_PLACEMENT_3D('',#16289,#12954,#12955);
#11604=AXIS2_PLACEMENT_3D('',#16290,#12956,#12957);
#11605=AXIS2_PLACEMENT_3D('',#16297,#12961,#12962);
#11606=AXIS2_PLACEMENT_3D('',#16299,#12963,#12964);
#11607=AXIS2_PLACEMENT_3D('',#16300,#12965,#12966);
#11608=AXIS2_PLACEMENT_3D('',#16307,#12970,#12971);
#11609=AXIS2_PLACEMENT_3D('',#16309,#12972,#12973);
#11610=AXIS2_PLACEMENT_3D('',#16310,#12974,#12975);
#11611=AXIS2_PLACEMENT_3D('',#16314,#12978,#12979);
#11612=AXIS2_PLACEMENT_3D('',#16316,#12980,#12981);
#11613=AXIS2_PLACEMENT_3D('',#16317,#12982,#12983);
#11614=AXIS2_PLACEMENT_3D('',#16319,#12985,#12986);
#11615=AXIS2_PLACEMENT_3D('',#16321,#12988,#12989);
#11616=AXIS2_PLACEMENT_3D('',#16325,#12992,#12993);
#11617=AXIS2_PLACEMENT_3D('',#16329,#12996,#12997);
#11618=AXIS2_PLACEMENT_3D('',#16332,#12999,#13000);
#11619=AXIS2_PLACEMENT_3D('',#16333,#13001,#13002);
#11620=AXIS2_PLACEMENT_3D('',#16337,#13005,#13006);
#11621=AXIS2_PLACEMENT_3D('',#16341,#13009,#13010);
#11622=AXIS2_PLACEMENT_3D('',#16344,#13012,#13013);
#11623=AXIS2_PLACEMENT_3D('',#16345,#13014,#13015);
#11624=AXIS2_PLACEMENT_3D('',#16347,#13017,#13018);
#11625=AXIS2_PLACEMENT_3D('',#16348,#13019,#13020);
#11626=AXIS2_PLACEMENT_3D('',#16351,#13022,#13023);
#11627=AXIS2_PLACEMENT_3D('',#16353,#13024,#13025);
#11628=AXIS2_PLACEMENT_3D('',#16354,#13026,#13027);
#11629=AXIS2_PLACEMENT_3D('',#16355,#13028,#13029);
#11630=AXIS2_PLACEMENT_3D('',#16357,#13031,#13032);
#11631=AXIS2_PLACEMENT_3D('',#16359,#13034,#13035);
#11632=AXIS2_PLACEMENT_3D('',#16360,#13036,#13037);
#11633=AXIS2_PLACEMENT_3D('',#16362,#13038,#13039);
#11634=AXIS2_PLACEMENT_3D('',#16363,#13040,#13041);
#11635=AXIS2_PLACEMENT_3D('',#16365,#13043,#13044);
#11636=AXIS2_PLACEMENT_3D('',#16367,#13046,#13047);
#11637=AXIS2_PLACEMENT_3D('',#16368,#13048,#13049);
#11638=AXIS2_PLACEMENT_3D('',#16370,#13050,#13051);
#11639=AXIS2_PLACEMENT_3D('',#16371,#13052,#13053);
#11640=AXIS2_PLACEMENT_3D('',#16373,#13055,#13056);
#11641=AXIS2_PLACEMENT_3D('',#16375,#13057,#13058);
#11642=AXIS2_PLACEMENT_3D('',#16376,#13059,#13060);
#11643=AXIS2_PLACEMENT_3D('',#16378,#13062,#13063);
#11644=AXIS2_PLACEMENT_3D('',#16380,#13065,#13066);
#11645=AXIS2_PLACEMENT_3D('',#16381,#13067,#13068);
#11646=AXIS2_PLACEMENT_3D('',#16383,#13069,#13070);
#11647=AXIS2_PLACEMENT_3D('',#16384,#13071,#13072);
#11648=AXIS2_PLACEMENT_3D('',#16386,#13074,#13075);
#11649=AXIS2_PLACEMENT_3D('',#16388,#13077,#13078);
#11650=AXIS2_PLACEMENT_3D('',#16389,#13079,#13080);
#11651=AXIS2_PLACEMENT_3D('',#16390,#13081,#13082);
#11652=AXIS2_PLACEMENT_3D('',#16391,#13083,#13084);
#11653=AXIS2_PLACEMENT_3D('',#16395,#13087,#13088);
#11654=AXIS2_PLACEMENT_3D('',#16399,#13091,#13092);
#11655=AXIS2_PLACEMENT_3D('',#16401,#13094,#13095);
#11656=AXIS2_PLACEMENT_3D('',#16403,#13096,#13097);
#11657=AXIS2_PLACEMENT_3D('',#16404,#13098,#13099);
#11658=AXIS2_PLACEMENT_3D('',#16410,#13103,#13104);
#11659=AXIS2_PLACEMENT_3D('',#16412,#13106,#13107);
#11660=AXIS2_PLACEMENT_3D('',#16414,#13109,#13110);
#11661=AXIS2_PLACEMENT_3D('',#16416,#13111,#13112);
#11662=AXIS2_PLACEMENT_3D('',#16417,#13113,#13114);
#11663=AXIS2_PLACEMENT_3D('',#16418,#13115,#13116);
#11664=AXIS2_PLACEMENT_3D('',#16420,#13118,#13119);
#11665=AXIS2_PLACEMENT_3D('',#16421,#13120,#13121);
#11666=AXIS2_PLACEMENT_3D('',#16423,#13123,#13124);
#11667=AXIS2_PLACEMENT_3D('',#16425,#13126,#13127);
#11668=AXIS2_PLACEMENT_3D('',#16427,#13129,#13130);
#11669=AXIS2_PLACEMENT_3D('',#16429,#13132,#13133);
#11670=AXIS2_PLACEMENT_3D('',#16430,#13134,#13135);
#11671=AXIS2_PLACEMENT_3D('',#16431,#13136,#13137);
#11672=AXIS2_PLACEMENT_3D('',#16432,#13138,#13139);
#11673=AXIS2_PLACEMENT_3D('',#16433,#13140,#13141);
#11674=AXIS2_PLACEMENT_3D('',#16434,#13142,#13143);
#11675=AXIS2_PLACEMENT_3D('',#16435,#13144,#13145);
#11676=AXIS2_PLACEMENT_3D('',#16436,#13146,#13147);
#11677=AXIS2_PLACEMENT_3D('',#16437,#13148,#13149);
#11678=AXIS2_PLACEMENT_3D('',#16439,#13151,#13152);
#11679=AXIS2_PLACEMENT_3D('',#16441,#13154,#13155);
#11680=AXIS2_PLACEMENT_3D('',#16443,#13157,#13158);
#11681=AXIS2_PLACEMENT_3D('',#16445,#13160,#13161);
#11682=AXIS2_PLACEMENT_3D('',#16449,#13164,#13165);
#11683=AXIS2_PLACEMENT_3D('',#16453,#13168,#13169);
#11684=AXIS2_PLACEMENT_3D('',#16455,#13171,#13172);
#11685=AXIS2_PLACEMENT_3D('',#16456,#13173,#13174);
#11686=AXIS2_PLACEMENT_3D('',#16459,#13177,#13178);
#11687=AXIS2_PLACEMENT_3D('',#16460,#13179,#13180);
#11688=AXIS2_PLACEMENT_3D('',#16461,#13181,#13182);
#11689=AXIS2_PLACEMENT_3D('',#16462,#13183,#13184);
#11690=AXIS2_PLACEMENT_3D('',#16463,#13185,#13186);
#11691=AXIS2_PLACEMENT_3D('',#16464,#13187,#13188);
#11692=AXIS2_PLACEMENT_3D('',#16473,#13193,#13194);
#11693=AXIS2_PLACEMENT_3D('',#16479,#13198,#13199);
#11694=AXIS2_PLACEMENT_3D('',#16484,#13202,#13203);
#11695=AXIS2_PLACEMENT_3D('',#16486,#13204,#13205);
#11696=AXIS2_PLACEMENT_3D('',#16488,#13206,#13207);
#11697=AXIS2_PLACEMENT_3D('',#16490,#13208,#13209);
#11698=AXIS2_PLACEMENT_3D('',#16492,#13210,#13211);
#11699=AXIS2_PLACEMENT_3D('',#16494,#13212,#13213);
#11700=AXIS2_PLACEMENT_3D('',#16496,#13214,#13215);
#11701=AXIS2_PLACEMENT_3D('',#16498,#13216,#13217);
#11702=AXIS2_PLACEMENT_3D('',#16500,#13218,#13219);
#11703=AXIS2_PLACEMENT_3D('',#16502,#13220,#13221);
#11704=AXIS2_PLACEMENT_3D('',#16504,#13222,#13223);
#11705=AXIS2_PLACEMENT_3D('',#16506,#13224,#13225);
#11706=AXIS2_PLACEMENT_3D('',#16508,#13226,#13227);
#11707=AXIS2_PLACEMENT_3D('',#16510,#13228,#13229);
#11708=AXIS2_PLACEMENT_3D('',#16512,#13230,#13231);
#11709=AXIS2_PLACEMENT_3D('',#16514,#13232,#13233);
#11710=AXIS2_PLACEMENT_3D('',#16516,#13234,#13235);
#11711=AXIS2_PLACEMENT_3D('',#16518,#13236,#13237);
#11712=AXIS2_PLACEMENT_3D('',#16520,#13238,#13239);
#11713=AXIS2_PLACEMENT_3D('',#16522,#13240,#13241);
#11714=AXIS2_PLACEMENT_3D('',#16524,#13242,#13243);
#11715=AXIS2_PLACEMENT_3D('',#16526,#13244,#13245);
#11716=AXIS2_PLACEMENT_3D('',#16528,#13246,#13247);
#11717=AXIS2_PLACEMENT_3D('',#16530,#13248,#13249);
#11718=AXIS2_PLACEMENT_3D('',#16532,#13250,#13251);
#11719=AXIS2_PLACEMENT_3D('',#16534,#13252,#13253);
#11720=AXIS2_PLACEMENT_3D('',#16536,#13254,#13255);
#11721=AXIS2_PLACEMENT_3D('',#16538,#13256,#13257);
#11722=AXIS2_PLACEMENT_3D('',#16540,#13258,#13259);
#11723=AXIS2_PLACEMENT_3D('',#16542,#13260,#13261);
#11724=AXIS2_PLACEMENT_3D('',#16544,#13262,#13263);
#11725=AXIS2_PLACEMENT_3D('',#16546,#13264,#13265);
#11726=AXIS2_PLACEMENT_3D('',#16548,#13266,#13267);
#11727=AXIS2_PLACEMENT_3D('',#16550,#13268,#13269);
#11728=AXIS2_PLACEMENT_3D('',#16552,#13270,#13271);
#11729=AXIS2_PLACEMENT_3D('',#16554,#13272,#13273);
#11730=AXIS2_PLACEMENT_3D('',#16556,#13274,#13275);
#11731=AXIS2_PLACEMENT_3D('',#16558,#13276,#13277);
#11732=AXIS2_PLACEMENT_3D('',#16560,#13278,#13279);
#11733=AXIS2_PLACEMENT_3D('',#16562,#13280,#13281);
#11734=AXIS2_PLACEMENT_3D('',#16564,#13282,#13283);
#11735=AXIS2_PLACEMENT_3D('',#16566,#13284,#13285);
#11736=AXIS2_PLACEMENT_3D('',#16568,#13286,#13287);
#11737=AXIS2_PLACEMENT_3D('',#16570,#13288,#13289);
#11738=AXIS2_PLACEMENT_3D('',#16572,#13290,#13291);
#11739=AXIS2_PLACEMENT_3D('',#16574,#13292,#13293);
#11740=AXIS2_PLACEMENT_3D('',#16575,#13294,#13295);
#11741=AXIS2_PLACEMENT_3D('',#16579,#13298,#13299);
#11742=AXIS2_PLACEMENT_3D('',#16582,#13301,#13302);
#11743=AXIS2_PLACEMENT_3D('',#16584,#13303,#13304);
#11744=AXIS2_PLACEMENT_3D('',#16586,#13305,#13306);
#11745=AXIS2_PLACEMENT_3D('',#16588,#13307,#13308);
#11746=AXIS2_PLACEMENT_3D('',#16590,#13309,#13310);
#11747=AXIS2_PLACEMENT_3D('',#16592,#13311,#13312);
#11748=AXIS2_PLACEMENT_3D('',#16594,#13313,#13314);
#11749=AXIS2_PLACEMENT_3D('',#16596,#13315,#13316);
#11750=AXIS2_PLACEMENT_3D('',#16598,#13317,#13318);
#11751=AXIS2_PLACEMENT_3D('',#16600,#13319,#13320);
#11752=AXIS2_PLACEMENT_3D('',#16602,#13321,#13322);
#11753=AXIS2_PLACEMENT_3D('',#16604,#13323,#13324);
#11754=AXIS2_PLACEMENT_3D('',#16606,#13325,#13326);
#11755=AXIS2_PLACEMENT_3D('',#16608,#13327,#13328);
#11756=AXIS2_PLACEMENT_3D('',#16610,#13329,#13330);
#11757=AXIS2_PLACEMENT_3D('',#16612,#13331,#13332);
#11758=AXIS2_PLACEMENT_3D('',#16614,#13333,#13334);
#11759=AXIS2_PLACEMENT_3D('',#16616,#13335,#13336);
#11760=AXIS2_PLACEMENT_3D('',#16618,#13337,#13338);
#11761=AXIS2_PLACEMENT_3D('',#16620,#13339,#13340);
#11762=AXIS2_PLACEMENT_3D('',#16622,#13341,#13342);
#11763=AXIS2_PLACEMENT_3D('',#16624,#13343,#13344);
#11764=AXIS2_PLACEMENT_3D('',#16626,#13345,#13346);
#11765=AXIS2_PLACEMENT_3D('',#16628,#13347,#13348);
#11766=AXIS2_PLACEMENT_3D('',#16630,#13349,#13350);
#11767=AXIS2_PLACEMENT_3D('',#16632,#13351,#13352);
#11768=AXIS2_PLACEMENT_3D('',#16634,#13353,#13354);
#11769=AXIS2_PLACEMENT_3D('',#16636,#13355,#13356);
#11770=AXIS2_PLACEMENT_3D('',#16638,#13357,#13358);
#11771=AXIS2_PLACEMENT_3D('',#16640,#13359,#13360);
#11772=AXIS2_PLACEMENT_3D('',#16642,#13361,#13362);
#11773=AXIS2_PLACEMENT_3D('',#16644,#13363,#13364);
#11774=AXIS2_PLACEMENT_3D('',#16646,#13365,#13366);
#11775=AXIS2_PLACEMENT_3D('',#16648,#13367,#13368);
#11776=AXIS2_PLACEMENT_3D('',#16650,#13369,#13370);
#11777=AXIS2_PLACEMENT_3D('',#16653,#13371,#13372);
#11778=AXIS2_PLACEMENT_3D('',#16657,#13374,#13375);
#11779=AXIS2_PLACEMENT_3D('',#16661,#13377,#13378);
#11780=AXIS2_PLACEMENT_3D('',#16665,#13380,#13381);
#11781=AXIS2_PLACEMENT_3D('',#16668,#13383,#13384);
#11782=AXIS2_PLACEMENT_3D('',#16670,#13385,#13386);
#11783=AXIS2_PLACEMENT_3D('',#16672,#13387,#13388);
#11784=AXIS2_PLACEMENT_3D('',#16674,#13389,#13390);
#11785=AXIS2_PLACEMENT_3D('',#16676,#13391,#13392);
#11786=AXIS2_PLACEMENT_3D('',#16678,#13393,#13394);
#11787=AXIS2_PLACEMENT_3D('',#16680,#13395,#13396);
#11788=AXIS2_PLACEMENT_3D('',#16682,#13397,#13398);
#11789=AXIS2_PLACEMENT_3D('',#16684,#13399,#13400);
#11790=AXIS2_PLACEMENT_3D('',#16686,#13401,#13402);
#11791=AXIS2_PLACEMENT_3D('',#16688,#13403,#13404);
#11792=AXIS2_PLACEMENT_3D('',#16689,#13405,#13406);
#11793=AXIS2_PLACEMENT_3D('',#16690,#13407,#13408);
#11794=AXIS2_PLACEMENT_3D('',#16692,#13410,#13411);
#11795=AXIS2_PLACEMENT_3D('',#16694,#13413,#13414);
#11796=AXIS2_PLACEMENT_3D('',#16696,#13416,#13417);
#11797=AXIS2_PLACEMENT_3D('',#16698,#13419,#13420);
#11798=AXIS2_PLACEMENT_3D('',#16700,#13422,#13423);
#11799=AXIS2_PLACEMENT_3D('',#16702,#13425,#13426);
#11800=AXIS2_PLACEMENT_3D('',#16704,#13428,#13429);
#11801=AXIS2_PLACEMENT_3D('',#16706,#13431,#13432);
#11802=AXIS2_PLACEMENT_3D('',#16708,#13434,#13435);
#11803=AXIS2_PLACEMENT_3D('',#16710,#13437,#13438);
#11804=AXIS2_PLACEMENT_3D('',#16712,#13440,#13441);
#11805=AXIS2_PLACEMENT_3D('',#16714,#13443,#13444);
#11806=AXIS2_PLACEMENT_3D('',#16716,#13446,#13447);
#11807=AXIS2_PLACEMENT_3D('',#16718,#13449,#13450);
#11808=AXIS2_PLACEMENT_3D('',#16720,#13452,#13453);
#11809=AXIS2_PLACEMENT_3D('',#16722,#13455,#13456);
#11810=AXIS2_PLACEMENT_3D('',#16724,#13458,#13459);
#11811=AXIS2_PLACEMENT_3D('',#16726,#13461,#13462);
#11812=AXIS2_PLACEMENT_3D('',#16728,#13464,#13465);
#11813=AXIS2_PLACEMENT_3D('',#16730,#13467,#13468);
#11814=AXIS2_PLACEMENT_3D('',#16732,#13470,#13471);
#11815=AXIS2_PLACEMENT_3D('',#16734,#13473,#13474);
#11816=AXIS2_PLACEMENT_3D('',#16736,#13476,#13477);
#11817=AXIS2_PLACEMENT_3D('',#16738,#13479,#13480);
#11818=AXIS2_PLACEMENT_3D('',#16740,#13482,#13483);
#11819=AXIS2_PLACEMENT_3D('',#16742,#13485,#13486);
#11820=AXIS2_PLACEMENT_3D('',#16744,#13488,#13489);
#11821=AXIS2_PLACEMENT_3D('',#16746,#13491,#13492);
#11822=AXIS2_PLACEMENT_3D('',#16748,#13494,#13495);
#11823=AXIS2_PLACEMENT_3D('',#16750,#13497,#13498);
#11824=AXIS2_PLACEMENT_3D('',#16752,#13500,#13501);
#11825=AXIS2_PLACEMENT_3D('',#16754,#13503,#13504);
#11826=AXIS2_PLACEMENT_3D('',#16756,#13506,#13507);
#11827=AXIS2_PLACEMENT_3D('',#16758,#13509,#13510);
#11828=AXIS2_PLACEMENT_3D('',#16760,#13512,#13513);
#11829=AXIS2_PLACEMENT_3D('',#16762,#13515,#13516);
#11830=AXIS2_PLACEMENT_3D('',#16764,#13518,#13519);
#11831=AXIS2_PLACEMENT_3D('',#16766,#13521,#13522);
#11832=AXIS2_PLACEMENT_3D('',#16768,#13524,#13525);
#11833=AXIS2_PLACEMENT_3D('',#16770,#13527,#13528);
#11834=AXIS2_PLACEMENT_3D('',#16772,#13530,#13531);
#11835=AXIS2_PLACEMENT_3D('',#16774,#13533,#13534);
#11836=AXIS2_PLACEMENT_3D('',#16776,#13536,#13537);
#11837=AXIS2_PLACEMENT_3D('',#16778,#13539,#13540);
#11838=AXIS2_PLACEMENT_3D('',#16780,#13542,#13543);
#11839=AXIS2_PLACEMENT_3D('',#16782,#13545,#13546);
#11840=AXIS2_PLACEMENT_3D('',#16785,#13547,#13548);
#11841=AXIS2_PLACEMENT_3D('',#16788,#13551,#13552);
#11842=AXIS2_PLACEMENT_3D('',#16792,#13555,#13556);
#11843=AXIS2_PLACEMENT_3D('',#16794,#13557,#13558);
#11844=AXIS2_PLACEMENT_3D('',#16796,#13560,#13561);
#11845=AXIS2_PLACEMENT_3D('',#16800,#13564,#13565);
#11846=AXIS2_PLACEMENT_3D('',#16802,#13566,#13567);
#11847=AXIS2_PLACEMENT_3D('',#16804,#13569,#13570);
#11848=AXIS2_PLACEMENT_3D('',#16808,#13573,#13574);
#11849=AXIS2_PLACEMENT_3D('',#16810,#13575,#13576);
#11850=AXIS2_PLACEMENT_3D('',#16812,#13578,#13579);
#11851=AXIS2_PLACEMENT_3D('',#16814,#13581,#13582);
#11852=AXIS2_PLACEMENT_3D('',#16818,#13585,#13586);
#11853=AXIS2_PLACEMENT_3D('',#16820,#13587,#13588);
#11854=AXIS2_PLACEMENT_3D('',#16823,#13590,#13591);
#11855=AXIS2_PLACEMENT_3D('',#16824,#13592,#13593);
#11856=AXIS2_PLACEMENT_3D('',#16828,#13596,#13597);
#11857=AXIS2_PLACEMENT_3D('',#16830,#13598,#13599);
#11858=AXIS2_PLACEMENT_3D('',#16833,#13601,#13602);
#11859=AXIS2_PLACEMENT_3D('',#16834,#13603,#13604);
#11860=AXIS2_PLACEMENT_3D('',#16838,#13607,#13608);
#11861=AXIS2_PLACEMENT_3D('',#16840,#13609,#13610);
#11862=AXIS2_PLACEMENT_3D('',#16843,#13612,#13613);
#11863=AXIS2_PLACEMENT_3D('',#16844,#13614,#13615);
#11864=AXIS2_PLACEMENT_3D('',#16848,#13618,#13619);
#11865=AXIS2_PLACEMENT_3D('',#16850,#13620,#13621);
#11866=AXIS2_PLACEMENT_3D('',#16853,#13623,#13624);
#11867=AXIS2_PLACEMENT_3D('',#16854,#13625,#13626);
#11868=AXIS2_PLACEMENT_3D('',#16856,#13628,#13629);
#11869=AXIS2_PLACEMENT_3D('',#16858,#13631,#13632);
#11870=AXIS2_PLACEMENT_3D('',#16859,#13633,#13634);
#11871=AXIS2_PLACEMENT_3D('',#16860,#13635,#13636);
#11872=AXIS2_PLACEMENT_3D('',#16861,#13637,#13638);
#11873=AXIS2_PLACEMENT_3D('',#16862,#13639,#13640);
#11874=AXIS2_PLACEMENT_3D('',#16863,#13641,#13642);
#11875=AXIS2_PLACEMENT_3D('',#16865,#13644,#13645);
#11876=AXIS2_PLACEMENT_3D('',#16867,#13647,#13648);
#11877=AXIS2_PLACEMENT_3D('',#16869,#13650,#13651);
#11878=AXIS2_PLACEMENT_3D('',#16871,#13653,#13654);
#11879=AXIS2_PLACEMENT_3D('',#16873,#13656,#13657);
#11880=AXIS2_PLACEMENT_3D('',#16875,#13659,#13660);
#11881=AXIS2_PLACEMENT_3D('',#16876,#13661,#13662);
#11882=AXIS2_PLACEMENT_3D('',#16877,#13663,#13664);
#11883=AXIS2_PLACEMENT_3D('',#16878,#13665,#13666);
#11884=AXIS2_PLACEMENT_3D('',#16879,#13667,#13668);
#11885=AXIS2_PLACEMENT_3D('',#16880,#13669,#13670);
#11886=AXIS2_PLACEMENT_3D('',#16889,#13675,#13676);
#11887=AXIS2_PLACEMENT_3D('',#16898,#13681,#13682);
#11888=AXIS2_PLACEMENT_3D('',#16901,#13685,#13686);
#11889=AXIS2_PLACEMENT_3D('',#16904,#13689,#13690);
#11890=AXIS2_PLACEMENT_3D('',#16905,#13691,#13692);
#11891=AXIS2_PLACEMENT_3D('',#16906,#13693,#13694);
#11892=AXIS2_PLACEMENT_3D('',#16907,#13695,#13696);
#11893=AXIS2_PLACEMENT_3D('',#16916,#13701,#13702);
#11894=AXIS2_PLACEMENT_3D('',#16925,#13707,#13708);
#11895=AXIS2_PLACEMENT_3D('',#16928,#13711,#13712);
#11896=AXIS2_PLACEMENT_3D('',#16931,#13715,#13716);
#11897=AXIS2_PLACEMENT_3D('',#16932,#13717,#13718);
#11898=AXIS2_PLACEMENT_3D('',#16933,#13719,#13720);
#11899=AXIS2_PLACEMENT_3D('',#16934,#13721,#13722);
#11900=AXIS2_PLACEMENT_3D('',#16943,#13727,#13728);
#11901=AXIS2_PLACEMENT_3D('',#16952,#13733,#13734);
#11902=AXIS2_PLACEMENT_3D('',#16955,#13737,#13738);
#11903=AXIS2_PLACEMENT_3D('',#16958,#13741,#13742);
#11904=AXIS2_PLACEMENT_3D('',#16959,#13743,#13744);
#11905=AXIS2_PLACEMENT_3D('',#16960,#13745,#13746);
#11906=AXIS2_PLACEMENT_3D('',#16961,#13747,#13748);
#11907=AXIS2_PLACEMENT_3D('',#16970,#13753,#13754);
#11908=AXIS2_PLACEMENT_3D('',#16979,#13759,#13760);
#11909=AXIS2_PLACEMENT_3D('',#16982,#13763,#13764);
#11910=AXIS2_PLACEMENT_3D('',#16985,#13767,#13768);
#11911=AXIS2_PLACEMENT_3D('',#16986,#13769,#13770);
#11912=AXIS2_PLACEMENT_3D('',#16987,#13771,#13772);
#11913=AXIS2_PLACEMENT_3D('',#16988,#13773,#13774);
#11914=AXIS2_PLACEMENT_3D('',#16997,#13779,#13780);
#11915=AXIS2_PLACEMENT_3D('',#17006,#13785,#13786);
#11916=AXIS2_PLACEMENT_3D('',#17009,#13789,#13790);
#11917=AXIS2_PLACEMENT_3D('',#17012,#13793,#13794);
#11918=AXIS2_PLACEMENT_3D('',#17013,#13795,#13796);
#11919=AXIS2_PLACEMENT_3D('',#17014,#13797,#13798);
#11920=AXIS2_PLACEMENT_3D('',#17015,#13799,#13800);
#11921=AXIS2_PLACEMENT_3D('',#17024,#13805,#13806);
#11922=AXIS2_PLACEMENT_3D('',#17033,#13811,#13812);
#11923=AXIS2_PLACEMENT_3D('',#17036,#13815,#13816);
#11924=AXIS2_PLACEMENT_3D('',#17039,#13819,#13820);
#11925=AXIS2_PLACEMENT_3D('',#17040,#13821,#13822);
#11926=AXIS2_PLACEMENT_3D('',#17041,#13823,#13824);
#11927=AXIS2_PLACEMENT_3D('',#17042,#13825,#13826);
#11928=AXIS2_PLACEMENT_3D('',#17051,#13831,#13832);
#11929=AXIS2_PLACEMENT_3D('',#17060,#13837,#13838);
#11930=AXIS2_PLACEMENT_3D('',#17063,#13841,#13842);
#11931=AXIS2_PLACEMENT_3D('',#17066,#13845,#13846);
#11932=AXIS2_PLACEMENT_3D('',#17067,#13847,#13848);
#11933=AXIS2_PLACEMENT_3D('',#17068,#13849,#13850);
#11934=AXIS2_PLACEMENT_3D('',#17069,#13851,#13852);
#11935=AXIS2_PLACEMENT_3D('',#17071,#13853,#13854);
#11936=AXIS2_PLACEMENT_3D('',#17074,#13856,#13857);
#11937=AXIS2_PLACEMENT_3D('',#17075,#13858,#13859);
#11938=AXIS2_PLACEMENT_3D('',#17077,#13860,#13861);
#11939=AXIS2_PLACEMENT_3D('',#17078,#13862,#13863);
#11940=AXIS2_PLACEMENT_3D('',#17079,#13864,#13865);
#11941=AXIS2_PLACEMENT_3D('',#17081,#13866,#13867);
#11942=AXIS2_PLACEMENT_3D('',#17083,#13869,#13870);
#11943=AXIS2_PLACEMENT_3D('',#17084,#13871,#13872);
#11944=AXIS2_PLACEMENT_3D('',#17086,#13873,#13874);
#11945=AXIS2_PLACEMENT_3D('',#17089,#13876,#13877);
#11946=AXIS2_PLACEMENT_3D('',#17090,#13878,#13879);
#11947=AXIS2_PLACEMENT_3D('',#17091,#13880,#13881);
#11948=AXIS2_PLACEMENT_3D('',#17092,#13882,#13883);
#11949=AXIS2_PLACEMENT_3D('',#17094,#13884,#13885);
#11950=AXIS2_PLACEMENT_3D('',#17097,#13887,#13888);
#11951=AXIS2_PLACEMENT_3D('',#17098,#13889,#13890);
#11952=AXIS2_PLACEMENT_3D('',#17099,#13891,#13892);
#11953=AXIS2_PLACEMENT_3D('',#17100,#13893,#13894);
#11954=AXIS2_PLACEMENT_3D('',#17102,#13895,#13896);
#11955=AXIS2_PLACEMENT_3D('',#17105,#13898,#13899);
#11956=AXIS2_PLACEMENT_3D('',#17106,#13900,#13901);
#11957=AXIS2_PLACEMENT_3D('',#17107,#13902,#13903);
#11958=AXIS2_PLACEMENT_3D('',#17108,#13904,#13905);
#11959=AXIS2_PLACEMENT_3D('',#17110,#13906,#13907);
#11960=AXIS2_PLACEMENT_3D('',#17113,#13909,#13910);
#11961=AXIS2_PLACEMENT_3D('',#17114,#13911,#13912);
#11962=AXIS2_PLACEMENT_3D('',#17115,#13913,#13914);
#11963=AXIS2_PLACEMENT_3D('',#17116,#13915,#13916);
#11964=AXIS2_PLACEMENT_3D('',#17118,#13917,#13918);
#11965=AXIS2_PLACEMENT_3D('',#17121,#13920,#13921);
#11966=AXIS2_PLACEMENT_3D('',#17122,#13922,#13923);
#11967=AXIS2_PLACEMENT_3D('',#17123,#13924,#13925);
#11968=AXIS2_PLACEMENT_3D('',#17124,#13926,#13927);
#11969=AXIS2_PLACEMENT_3D('',#17126,#13928,#13929);
#11970=AXIS2_PLACEMENT_3D('',#17129,#13931,#13932);
#11971=AXIS2_PLACEMENT_3D('',#17130,#13933,#13934);
#11972=AXIS2_PLACEMENT_3D('',#17131,#13935,#13936);
#11973=AXIS2_PLACEMENT_3D('',#17132,#13937,#13938);
#11974=AXIS2_PLACEMENT_3D('',#17134,#13939,#13940);
#11975=AXIS2_PLACEMENT_3D('',#17137,#13942,#13943);
#11976=AXIS2_PLACEMENT_3D('',#17138,#13944,#13945);
#11977=AXIS2_PLACEMENT_3D('',#17139,#13946,#13947);
#11978=AXIS2_PLACEMENT_3D('',#17140,#13948,#13949);
#11979=AXIS2_PLACEMENT_3D('',#17142,#13950,#13951);
#11980=AXIS2_PLACEMENT_3D('',#17145,#13953,#13954);
#11981=AXIS2_PLACEMENT_3D('',#17146,#13955,#13956);
#11982=AXIS2_PLACEMENT_3D('',#17147,#13957,#13958);
#11983=AXIS2_PLACEMENT_3D('',#17148,#13959,#13960);
#11984=AXIS2_PLACEMENT_3D('',#17150,#13961,#13962);
#11985=AXIS2_PLACEMENT_3D('',#17153,#13964,#13965);
#11986=AXIS2_PLACEMENT_3D('',#17154,#13966,#13967);
#11987=AXIS2_PLACEMENT_3D('',#17155,#13968,#13969);
#11988=AXIS2_PLACEMENT_3D('',#17156,#13970,#13971);
#11989=AXIS2_PLACEMENT_3D('',#17157,#13972,#13973);
#11990=AXIS2_PLACEMENT_3D('',#17166,#13978,#13979);
#11991=AXIS2_PLACEMENT_3D('',#17175,#13984,#13985);
#11992=AXIS2_PLACEMENT_3D('',#17178,#13988,#13989);
#11993=AXIS2_PLACEMENT_3D('',#17181,#13992,#13993);
#11994=AXIS2_PLACEMENT_3D('',#17182,#13994,#13995);
#11995=AXIS2_PLACEMENT_3D('',#17183,#13996,#13997);
#11996=AXIS2_PLACEMENT_3D('',#17184,#13998,#13999);
#11997=AXIS2_PLACEMENT_3D('',#17186,#14000,#14001);
#11998=AXIS2_PLACEMENT_3D('',#17189,#14003,#14004);
#11999=AXIS2_PLACEMENT_3D('',#17190,#14005,#14006);
#12000=AXIS2_PLACEMENT_3D('',#17192,#14007,#14008);
#12001=AXIS2_PLACEMENT_3D('',#17193,#14009,#14010);
#12002=AXIS2_PLACEMENT_3D('',#17194,#14011,#14012);
#12003=AXIS2_PLACEMENT_3D('',#17196,#14013,#14014);
#12004=AXIS2_PLACEMENT_3D('',#17198,#14016,#14017);
#12005=AXIS2_PLACEMENT_3D('',#17199,#14018,#14019);
#12006=AXIS2_PLACEMENT_3D('',#17201,#14020,#14021);
#12007=AXIS2_PLACEMENT_3D('',#17204,#14023,#14024);
#12008=AXIS2_PLACEMENT_3D('',#17205,#14025,#14026);
#12009=AXIS2_PLACEMENT_3D('',#17206,#14027,#14028);
#12010=AXIS2_PLACEMENT_3D('',#17207,#14029,#14030);
#12011=AXIS2_PLACEMENT_3D('',#17209,#14031,#14032);
#12012=AXIS2_PLACEMENT_3D('',#17212,#14034,#14035);
#12013=AXIS2_PLACEMENT_3D('',#17213,#14036,#14037);
#12014=AXIS2_PLACEMENT_3D('',#17214,#14038,#14039);
#12015=AXIS2_PLACEMENT_3D('',#17215,#14040,#14041);
#12016=AXIS2_PLACEMENT_3D('',#17217,#14042,#14043);
#12017=AXIS2_PLACEMENT_3D('',#17220,#14045,#14046);
#12018=AXIS2_PLACEMENT_3D('',#17221,#14047,#14048);
#12019=AXIS2_PLACEMENT_3D('',#17222,#14049,#14050);
#12020=AXIS2_PLACEMENT_3D('',#17223,#14051,#14052);
#12021=AXIS2_PLACEMENT_3D('',#17225,#14053,#14054);
#12022=AXIS2_PLACEMENT_3D('',#17228,#14056,#14057);
#12023=AXIS2_PLACEMENT_3D('',#17229,#14058,#14059);
#12024=AXIS2_PLACEMENT_3D('',#17230,#14060,#14061);
#12025=AXIS2_PLACEMENT_3D('',#17231,#14062,#14063);
#12026=AXIS2_PLACEMENT_3D('',#17233,#14064,#14065);
#12027=AXIS2_PLACEMENT_3D('',#17236,#14067,#14068);
#12028=AXIS2_PLACEMENT_3D('',#17237,#14069,#14070);
#12029=AXIS2_PLACEMENT_3D('',#17238,#14071,#14072);
#12030=AXIS2_PLACEMENT_3D('',#17239,#14073,#14074);
#12031=AXIS2_PLACEMENT_3D('',#17241,#14075,#14076);
#12032=AXIS2_PLACEMENT_3D('',#17244,#14078,#14079);
#12033=AXIS2_PLACEMENT_3D('',#17245,#14080,#14081);
#12034=AXIS2_PLACEMENT_3D('',#17246,#14082,#14083);
#12035=AXIS2_PLACEMENT_3D('',#17247,#14084,#14085);
#12036=AXIS2_PLACEMENT_3D('',#17249,#14086,#14087);
#12037=AXIS2_PLACEMENT_3D('',#17252,#14089,#14090);
#12038=AXIS2_PLACEMENT_3D('',#17253,#14091,#14092);
#12039=AXIS2_PLACEMENT_3D('',#17254,#14093,#14094);
#12040=AXIS2_PLACEMENT_3D('',#17255,#14095,#14096);
#12041=AXIS2_PLACEMENT_3D('',#17257,#14097,#14098);
#12042=AXIS2_PLACEMENT_3D('',#17260,#14100,#14101);
#12043=AXIS2_PLACEMENT_3D('',#17261,#14102,#14103);
#12044=AXIS2_PLACEMENT_3D('',#17262,#14104,#14105);
#12045=AXIS2_PLACEMENT_3D('',#17263,#14106,#14107);
#12046=AXIS2_PLACEMENT_3D('',#17265,#14108,#14109);
#12047=AXIS2_PLACEMENT_3D('',#17268,#14111,#14112);
#12048=AXIS2_PLACEMENT_3D('',#17269,#14113,#14114);
#12049=AXIS2_PLACEMENT_3D('',#17270,#14115,#14116);
#12050=AXIS2_PLACEMENT_3D('',#17271,#14117,#14118);
#12051=AXIS2_PLACEMENT_3D('',#17272,#14119,#14120);
#12052=AXIS2_PLACEMENT_3D('',#17281,#14125,#14126);
#12053=AXIS2_PLACEMENT_3D('',#17290,#14131,#14132);
#12054=AXIS2_PLACEMENT_3D('',#17293,#14135,#14136);
#12055=AXIS2_PLACEMENT_3D('',#17296,#14139,#14140);
#12056=AXIS2_PLACEMENT_3D('',#17297,#14141,#14142);
#12057=AXIS2_PLACEMENT_3D('',#17298,#14143,#14144);
#12058=AXIS2_PLACEMENT_3D('',#17299,#14145,#14146);
#12059=AXIS2_PLACEMENT_3D('',#17308,#14151,#14152);
#12060=AXIS2_PLACEMENT_3D('',#17317,#14157,#14158);
#12061=AXIS2_PLACEMENT_3D('',#17320,#14161,#14162);
#12062=AXIS2_PLACEMENT_3D('',#17323,#14165,#14166);
#12063=AXIS2_PLACEMENT_3D('',#17324,#14167,#14168);
#12064=AXIS2_PLACEMENT_3D('',#17325,#14169,#14170);
#12065=AXIS2_PLACEMENT_3D('',#17326,#14171,#14172);
#12066=AXIS2_PLACEMENT_3D('',#17335,#14177,#14178);
#12067=AXIS2_PLACEMENT_3D('',#17344,#14183,#14184);
#12068=AXIS2_PLACEMENT_3D('',#17347,#14187,#14188);
#12069=AXIS2_PLACEMENT_3D('',#17350,#14191,#14192);
#12070=AXIS2_PLACEMENT_3D('',#17351,#14193,#14194);
#12071=AXIS2_PLACEMENT_3D('',#17352,#14195,#14196);
#12072=AXIS2_PLACEMENT_3D('',#17353,#14197,#14198);
#12073=AXIS2_PLACEMENT_3D('',#17362,#14203,#14204);
#12074=AXIS2_PLACEMENT_3D('',#17371,#14209,#14210);
#12075=AXIS2_PLACEMENT_3D('',#17374,#14213,#14214);
#12076=AXIS2_PLACEMENT_3D('',#17377,#14217,#14218);
#12077=AXIS2_PLACEMENT_3D('',#17378,#14219,#14220);
#12078=AXIS2_PLACEMENT_3D('',#17379,#14221,#14222);
#12079=AXIS2_PLACEMENT_3D('',#17380,#14223,#14224);
#12080=AXIS2_PLACEMENT_3D('',#17382,#14225,#14226);
#12081=AXIS2_PLACEMENT_3D('',#17385,#14228,#14229);
#12082=AXIS2_PLACEMENT_3D('',#17386,#14230,#14231);
#12083=AXIS2_PLACEMENT_3D('',#17388,#14232,#14233);
#12084=AXIS2_PLACEMENT_3D('',#17389,#14234,#14235);
#12085=AXIS2_PLACEMENT_3D('',#17390,#14236,#14237);
#12086=AXIS2_PLACEMENT_3D('',#17392,#14238,#14239);
#12087=AXIS2_PLACEMENT_3D('',#17394,#14241,#14242);
#12088=AXIS2_PLACEMENT_3D('',#17395,#14243,#14244);
#12089=AXIS2_PLACEMENT_3D('',#17397,#14245,#14246);
#12090=AXIS2_PLACEMENT_3D('',#17400,#14248,#14249);
#12091=AXIS2_PLACEMENT_3D('',#17401,#14250,#14251);
#12092=AXIS2_PLACEMENT_3D('',#17402,#14252,#14253);
#12093=AXIS2_PLACEMENT_3D('',#17403,#14254,#14255);
#12094=AXIS2_PLACEMENT_3D('',#17405,#14256,#14257);
#12095=AXIS2_PLACEMENT_3D('',#17408,#14259,#14260);
#12096=AXIS2_PLACEMENT_3D('',#17409,#14261,#14262);
#12097=AXIS2_PLACEMENT_3D('',#17410,#14263,#14264);
#12098=AXIS2_PLACEMENT_3D('',#17411,#14265,#14266);
#12099=AXIS2_PLACEMENT_3D('',#17413,#14267,#14268);
#12100=AXIS2_PLACEMENT_3D('',#17416,#14270,#14271);
#12101=AXIS2_PLACEMENT_3D('',#17417,#14272,#14273);
#12102=AXIS2_PLACEMENT_3D('',#17418,#14274,#14275);
#12103=AXIS2_PLACEMENT_3D('',#17419,#14276,#14277);
#12104=AXIS2_PLACEMENT_3D('',#17421,#14278,#14279);
#12105=AXIS2_PLACEMENT_3D('',#17424,#14281,#14282);
#12106=AXIS2_PLACEMENT_3D('',#17425,#14283,#14284);
#12107=AXIS2_PLACEMENT_3D('',#17426,#14285,#14286);
#12108=AXIS2_PLACEMENT_3D('',#17427,#14287,#14288);
#12109=AXIS2_PLACEMENT_3D('',#17429,#14289,#14290);
#12110=AXIS2_PLACEMENT_3D('',#17432,#14292,#14293);
#12111=AXIS2_PLACEMENT_3D('',#17433,#14294,#14295);
#12112=AXIS2_PLACEMENT_3D('',#17434,#14296,#14297);
#12113=AXIS2_PLACEMENT_3D('',#17435,#14298,#14299);
#12114=AXIS2_PLACEMENT_3D('',#17437,#14300,#14301);
#12115=AXIS2_PLACEMENT_3D('',#17440,#14303,#14304);
#12116=AXIS2_PLACEMENT_3D('',#17441,#14305,#14306);
#12117=AXIS2_PLACEMENT_3D('',#17442,#14307,#14308);
#12118=AXIS2_PLACEMENT_3D('',#17443,#14309,#14310);
#12119=AXIS2_PLACEMENT_3D('',#17445,#14311,#14312);
#12120=AXIS2_PLACEMENT_3D('',#17448,#14314,#14315);
#12121=AXIS2_PLACEMENT_3D('',#17449,#14316,#14317);
#12122=AXIS2_PLACEMENT_3D('',#17450,#14318,#14319);
#12123=AXIS2_PLACEMENT_3D('',#17451,#14320,#14321);
#12124=AXIS2_PLACEMENT_3D('',#17453,#14322,#14323);
#12125=AXIS2_PLACEMENT_3D('',#17456,#14325,#14326);
#12126=AXIS2_PLACEMENT_3D('',#17457,#14327,#14328);
#12127=AXIS2_PLACEMENT_3D('',#17458,#14329,#14330);
#12128=AXIS2_PLACEMENT_3D('',#17459,#14331,#14332);
#12129=AXIS2_PLACEMENT_3D('',#17461,#14333,#14334);
#12130=AXIS2_PLACEMENT_3D('',#17464,#14336,#14337);
#12131=AXIS2_PLACEMENT_3D('',#17465,#14338,#14339);
#12132=AXIS2_PLACEMENT_3D('',#17466,#14340,#14341);
#12133=AXIS2_PLACEMENT_3D('',#17467,#14342,#14343);
#12134=AXIS2_PLACEMENT_3D('',#17468,#14344,#14345);
#12135=AXIS2_PLACEMENT_3D('',#17470,#14346,#14347);
#12136=AXIS2_PLACEMENT_3D('',#17473,#14349,#14350);
#12137=AXIS2_PLACEMENT_3D('',#17474,#14351,#14352);
#12138=AXIS2_PLACEMENT_3D('',#17476,#14353,#14354);
#12139=AXIS2_PLACEMENT_3D('',#17477,#14355,#14356);
#12140=AXIS2_PLACEMENT_3D('',#17478,#14357,#14358);
#12141=AXIS2_PLACEMENT_3D('',#17480,#14359,#14360);
#12142=AXIS2_PLACEMENT_3D('',#17482,#14362,#14363);
#12143=AXIS2_PLACEMENT_3D('',#17483,#14364,#14365);
#12144=AXIS2_PLACEMENT_3D('',#17485,#14366,#14367);
#12145=AXIS2_PLACEMENT_3D('',#17488,#14369,#14370);
#12146=AXIS2_PLACEMENT_3D('',#17489,#14371,#14372);
#12147=AXIS2_PLACEMENT_3D('',#17490,#14373,#14374);
#12148=AXIS2_PLACEMENT_3D('',#17491,#14375,#14376);
#12149=AXIS2_PLACEMENT_3D('',#17493,#14377,#14378);
#12150=AXIS2_PLACEMENT_3D('',#17496,#14380,#14381);
#12151=AXIS2_PLACEMENT_3D('',#17497,#14382,#14383);
#12152=AXIS2_PLACEMENT_3D('',#17498,#14384,#14385);
#12153=AXIS2_PLACEMENT_3D('',#17499,#14386,#14387);
#12154=AXIS2_PLACEMENT_3D('',#17501,#14388,#14389);
#12155=AXIS2_PLACEMENT_3D('',#17504,#14391,#14392);
#12156=AXIS2_PLACEMENT_3D('',#17505,#14393,#14394);
#12157=AXIS2_PLACEMENT_3D('',#17506,#14395,#14396);
#12158=AXIS2_PLACEMENT_3D('',#17507,#14397,#14398);
#12159=AXIS2_PLACEMENT_3D('',#17509,#14399,#14400);
#12160=AXIS2_PLACEMENT_3D('',#17512,#14402,#14403);
#12161=AXIS2_PLACEMENT_3D('',#17513,#14404,#14405);
#12162=AXIS2_PLACEMENT_3D('',#17514,#14406,#14407);
#12163=AXIS2_PLACEMENT_3D('',#17515,#14408,#14409);
#12164=AXIS2_PLACEMENT_3D('',#17517,#14410,#14411);
#12165=AXIS2_PLACEMENT_3D('',#17520,#14413,#14414);
#12166=AXIS2_PLACEMENT_3D('',#17521,#14415,#14416);
#12167=AXIS2_PLACEMENT_3D('',#17522,#14417,#14418);
#12168=AXIS2_PLACEMENT_3D('',#17523,#14419,#14420);
#12169=AXIS2_PLACEMENT_3D('',#17525,#14421,#14422);
#12170=AXIS2_PLACEMENT_3D('',#17528,#14424,#14425);
#12171=AXIS2_PLACEMENT_3D('',#17529,#14426,#14427);
#12172=AXIS2_PLACEMENT_3D('',#17530,#14428,#14429);
#12173=AXIS2_PLACEMENT_3D('',#17531,#14430,#14431);
#12174=AXIS2_PLACEMENT_3D('',#17533,#14432,#14433);
#12175=AXIS2_PLACEMENT_3D('',#17536,#14435,#14436);
#12176=AXIS2_PLACEMENT_3D('',#17537,#14437,#14438);
#12177=AXIS2_PLACEMENT_3D('',#17538,#14439,#14440);
#12178=AXIS2_PLACEMENT_3D('',#17539,#14441,#14442);
#12179=AXIS2_PLACEMENT_3D('',#17541,#14443,#14444);
#12180=AXIS2_PLACEMENT_3D('',#17544,#14446,#14447);
#12181=AXIS2_PLACEMENT_3D('',#17545,#14448,#14449);
#12182=AXIS2_PLACEMENT_3D('',#17546,#14450,#14451);
#12183=AXIS2_PLACEMENT_3D('',#17547,#14452,#14453);
#12184=AXIS2_PLACEMENT_3D('',#17549,#14454,#14455);
#12185=AXIS2_PLACEMENT_3D('',#17552,#14457,#14458);
#12186=AXIS2_PLACEMENT_3D('',#17553,#14459,#14460);
#12187=AXIS2_PLACEMENT_3D('',#17554,#14461,#14462);
#12188=AXIS2_PLACEMENT_3D('',#17555,#14463,#14464);
#12189=AXIS2_PLACEMENT_3D('',#17556,#14465,#14466);
#12190=AXIS2_PLACEMENT_3D('',#17558,#14467,#14468);
#12191=AXIS2_PLACEMENT_3D('',#17561,#14470,#14471);
#12192=AXIS2_PLACEMENT_3D('',#17562,#14472,#14473);
#12193=AXIS2_PLACEMENT_3D('',#17564,#14474,#14475);
#12194=AXIS2_PLACEMENT_3D('',#17565,#14476,#14477);
#12195=AXIS2_PLACEMENT_3D('',#17566,#14478,#14479);
#12196=AXIS2_PLACEMENT_3D('',#17568,#14480,#14481);
#12197=AXIS2_PLACEMENT_3D('',#17570,#14483,#14484);
#12198=AXIS2_PLACEMENT_3D('',#17571,#14485,#14486);
#12199=AXIS2_PLACEMENT_3D('',#17573,#14487,#14488);
#12200=AXIS2_PLACEMENT_3D('',#17576,#14490,#14491);
#12201=AXIS2_PLACEMENT_3D('',#17577,#14492,#14493);
#12202=AXIS2_PLACEMENT_3D('',#17578,#14494,#14495);
#12203=AXIS2_PLACEMENT_3D('',#17579,#14496,#14497);
#12204=AXIS2_PLACEMENT_3D('',#17581,#14498,#14499);
#12205=AXIS2_PLACEMENT_3D('',#17584,#14501,#14502);
#12206=AXIS2_PLACEMENT_3D('',#17585,#14503,#14504);
#12207=AXIS2_PLACEMENT_3D('',#17586,#14505,#14506);
#12208=AXIS2_PLACEMENT_3D('',#17587,#14507,#14508);
#12209=AXIS2_PLACEMENT_3D('',#17589,#14509,#14510);
#12210=AXIS2_PLACEMENT_3D('',#17592,#14512,#14513);
#12211=AXIS2_PLACEMENT_3D('',#17593,#14514,#14515);
#12212=AXIS2_PLACEMENT_3D('',#17594,#14516,#14517);
#12213=AXIS2_PLACEMENT_3D('',#17595,#14518,#14519);
#12214=AXIS2_PLACEMENT_3D('',#17597,#14520,#14521);
#12215=AXIS2_PLACEMENT_3D('',#17600,#14523,#14524);
#12216=AXIS2_PLACEMENT_3D('',#17601,#14525,#14526);
#12217=AXIS2_PLACEMENT_3D('',#17602,#14527,#14528);
#12218=AXIS2_PLACEMENT_3D('',#17603,#14529,#14530);
#12219=AXIS2_PLACEMENT_3D('',#17605,#14531,#14532);
#12220=AXIS2_PLACEMENT_3D('',#17608,#14534,#14535);
#12221=AXIS2_PLACEMENT_3D('',#17609,#14536,#14537);
#12222=AXIS2_PLACEMENT_3D('',#17610,#14538,#14539);
#12223=AXIS2_PLACEMENT_3D('',#17611,#14540,#14541);
#12224=AXIS2_PLACEMENT_3D('',#17613,#14542,#14543);
#12225=AXIS2_PLACEMENT_3D('',#17616,#14545,#14546);
#12226=AXIS2_PLACEMENT_3D('',#17617,#14547,#14548);
#12227=AXIS2_PLACEMENT_3D('',#17618,#14549,#14550);
#12228=AXIS2_PLACEMENT_3D('',#17619,#14551,#14552);
#12229=AXIS2_PLACEMENT_3D('',#17621,#14553,#14554);
#12230=AXIS2_PLACEMENT_3D('',#17624,#14556,#14557);
#12231=AXIS2_PLACEMENT_3D('',#17625,#14558,#14559);
#12232=AXIS2_PLACEMENT_3D('',#17626,#14560,#14561);
#12233=AXIS2_PLACEMENT_3D('',#17627,#14562,#14563);
#12234=AXIS2_PLACEMENT_3D('',#17629,#14564,#14565);
#12235=AXIS2_PLACEMENT_3D('',#17632,#14567,#14568);
#12236=AXIS2_PLACEMENT_3D('',#17633,#14569,#14570);
#12237=AXIS2_PLACEMENT_3D('',#17634,#14571,#14572);
#12238=AXIS2_PLACEMENT_3D('',#17635,#14573,#14574);
#12239=AXIS2_PLACEMENT_3D('',#17637,#14575,#14576);
#12240=AXIS2_PLACEMENT_3D('',#17640,#14578,#14579);
#12241=AXIS2_PLACEMENT_3D('',#17641,#14580,#14581);
#12242=AXIS2_PLACEMENT_3D('',#17642,#14582,#14583);
#12243=AXIS2_PLACEMENT_3D('',#17643,#14584,#14585);
#12244=AXIS2_PLACEMENT_3D('',#17644,#14586,#14587);
#12245=AXIS2_PLACEMENT_3D('',#17646,#14588,#14589);
#12246=AXIS2_PLACEMENT_3D('',#17649,#14591,#14592);
#12247=AXIS2_PLACEMENT_3D('',#17650,#14593,#14594);
#12248=AXIS2_PLACEMENT_3D('',#17652,#14595,#14596);
#12249=AXIS2_PLACEMENT_3D('',#17653,#14597,#14598);
#12250=AXIS2_PLACEMENT_3D('',#17654,#14599,#14600);
#12251=AXIS2_PLACEMENT_3D('',#17656,#14601,#14602);
#12252=AXIS2_PLACEMENT_3D('',#17658,#14604,#14605);
#12253=AXIS2_PLACEMENT_3D('',#17659,#14606,#14607);
#12254=AXIS2_PLACEMENT_3D('',#17661,#14608,#14609);
#12255=AXIS2_PLACEMENT_3D('',#17664,#14611,#14612);
#12256=AXIS2_PLACEMENT_3D('',#17665,#14613,#14614);
#12257=AXIS2_PLACEMENT_3D('',#17666,#14615,#14616);
#12258=AXIS2_PLACEMENT_3D('',#17667,#14617,#14618);
#12259=AXIS2_PLACEMENT_3D('',#17669,#14619,#14620);
#12260=AXIS2_PLACEMENT_3D('',#17672,#14622,#14623);
#12261=AXIS2_PLACEMENT_3D('',#17673,#14624,#14625);
#12262=AXIS2_PLACEMENT_3D('',#17674,#14626,#14627);
#12263=AXIS2_PLACEMENT_3D('',#17675,#14628,#14629);
#12264=AXIS2_PLACEMENT_3D('',#17677,#14630,#14631);
#12265=AXIS2_PLACEMENT_3D('',#17680,#14633,#14634);
#12266=AXIS2_PLACEMENT_3D('',#17681,#14635,#14636);
#12267=AXIS2_PLACEMENT_3D('',#17682,#14637,#14638);
#12268=AXIS2_PLACEMENT_3D('',#17683,#14639,#14640);
#12269=AXIS2_PLACEMENT_3D('',#17685,#14641,#14642);
#12270=AXIS2_PLACEMENT_3D('',#17688,#14644,#14645);
#12271=AXIS2_PLACEMENT_3D('',#17689,#14646,#14647);
#12272=AXIS2_PLACEMENT_3D('',#17690,#14648,#14649);
#12273=AXIS2_PLACEMENT_3D('',#17691,#14650,#14651);
#12274=AXIS2_PLACEMENT_3D('',#17693,#14652,#14653);
#12275=AXIS2_PLACEMENT_3D('',#17696,#14655,#14656);
#12276=AXIS2_PLACEMENT_3D('',#17697,#14657,#14658);
#12277=AXIS2_PLACEMENT_3D('',#17698,#14659,#14660);
#12278=AXIS2_PLACEMENT_3D('',#17699,#14661,#14662);
#12279=AXIS2_PLACEMENT_3D('',#17701,#14663,#14664);
#12280=AXIS2_PLACEMENT_3D('',#17704,#14666,#14667);
#12281=AXIS2_PLACEMENT_3D('',#17705,#14668,#14669);
#12282=AXIS2_PLACEMENT_3D('',#17706,#14670,#14671);
#12283=AXIS2_PLACEMENT_3D('',#17707,#14672,#14673);
#12284=AXIS2_PLACEMENT_3D('',#17709,#14674,#14675);
#12285=AXIS2_PLACEMENT_3D('',#17712,#14677,#14678);
#12286=AXIS2_PLACEMENT_3D('',#17713,#14679,#14680);
#12287=AXIS2_PLACEMENT_3D('',#17714,#14681,#14682);
#12288=AXIS2_PLACEMENT_3D('',#17715,#14683,#14684);
#12289=AXIS2_PLACEMENT_3D('',#17717,#14685,#14686);
#12290=AXIS2_PLACEMENT_3D('',#17720,#14688,#14689);
#12291=AXIS2_PLACEMENT_3D('',#17721,#14690,#14691);
#12292=AXIS2_PLACEMENT_3D('',#17722,#14692,#14693);
#12293=AXIS2_PLACEMENT_3D('',#17723,#14694,#14695);
#12294=AXIS2_PLACEMENT_3D('',#17725,#14696,#14697);
#12295=AXIS2_PLACEMENT_3D('',#17728,#14699,#14700);
#12296=AXIS2_PLACEMENT_3D('',#17729,#14701,#14702);
#12297=AXIS2_PLACEMENT_3D('',#17730,#14703,#14704);
#12298=AXIS2_PLACEMENT_3D('',#17731,#14705,#14706);
#12299=AXIS2_PLACEMENT_3D('',#17732,#14707,#14708);
#12300=AXIS2_PLACEMENT_3D('',#17734,#14709,#14710);
#12301=AXIS2_PLACEMENT_3D('',#17737,#14712,#14713);
#12302=AXIS2_PLACEMENT_3D('',#17738,#14714,#14715);
#12303=AXIS2_PLACEMENT_3D('',#17740,#14716,#14717);
#12304=AXIS2_PLACEMENT_3D('',#17741,#14718,#14719);
#12305=AXIS2_PLACEMENT_3D('',#17742,#14720,#14721);
#12306=AXIS2_PLACEMENT_3D('',#17744,#14722,#14723);
#12307=AXIS2_PLACEMENT_3D('',#17746,#14725,#14726);
#12308=AXIS2_PLACEMENT_3D('',#17747,#14727,#14728);
#12309=AXIS2_PLACEMENT_3D('',#17749,#14729,#14730);
#12310=AXIS2_PLACEMENT_3D('',#17752,#14732,#14733);
#12311=AXIS2_PLACEMENT_3D('',#17753,#14734,#14735);
#12312=AXIS2_PLACEMENT_3D('',#17754,#14736,#14737);
#12313=AXIS2_PLACEMENT_3D('',#17755,#14738,#14739);
#12314=AXIS2_PLACEMENT_3D('',#17757,#14740,#14741);
#12315=AXIS2_PLACEMENT_3D('',#17760,#14743,#14744);
#12316=AXIS2_PLACEMENT_3D('',#17761,#14745,#14746);
#12317=AXIS2_PLACEMENT_3D('',#17762,#14747,#14748);
#12318=AXIS2_PLACEMENT_3D('',#17763,#14749,#14750);
#12319=AXIS2_PLACEMENT_3D('',#17765,#14751,#14752);
#12320=AXIS2_PLACEMENT_3D('',#17768,#14754,#14755);
#12321=AXIS2_PLACEMENT_3D('',#17769,#14756,#14757);
#12322=AXIS2_PLACEMENT_3D('',#17770,#14758,#14759);
#12323=AXIS2_PLACEMENT_3D('',#17771,#14760,#14761);
#12324=AXIS2_PLACEMENT_3D('',#17773,#14762,#14763);
#12325=AXIS2_PLACEMENT_3D('',#17776,#14765,#14766);
#12326=AXIS2_PLACEMENT_3D('',#17777,#14767,#14768);
#12327=AXIS2_PLACEMENT_3D('',#17778,#14769,#14770);
#12328=AXIS2_PLACEMENT_3D('',#17779,#14771,#14772);
#12329=AXIS2_PLACEMENT_3D('',#17781,#14773,#14774);
#12330=AXIS2_PLACEMENT_3D('',#17784,#14776,#14777);
#12331=AXIS2_PLACEMENT_3D('',#17785,#14778,#14779);
#12332=AXIS2_PLACEMENT_3D('',#17786,#14780,#14781);
#12333=AXIS2_PLACEMENT_3D('',#17787,#14782,#14783);
#12334=AXIS2_PLACEMENT_3D('',#17789,#14784,#14785);
#12335=AXIS2_PLACEMENT_3D('',#17792,#14787,#14788);
#12336=AXIS2_PLACEMENT_3D('',#17793,#14789,#14790);
#12337=AXIS2_PLACEMENT_3D('',#17794,#14791,#14792);
#12338=AXIS2_PLACEMENT_3D('',#17795,#14793,#14794);
#12339=AXIS2_PLACEMENT_3D('',#17797,#14795,#14796);
#12340=AXIS2_PLACEMENT_3D('',#17800,#14798,#14799);
#12341=AXIS2_PLACEMENT_3D('',#17801,#14800,#14801);
#12342=AXIS2_PLACEMENT_3D('',#17802,#14802,#14803);
#12343=AXIS2_PLACEMENT_3D('',#17803,#14804,#14805);
#12344=AXIS2_PLACEMENT_3D('',#17805,#14806,#14807);
#12345=AXIS2_PLACEMENT_3D('',#17808,#14809,#14810);
#12346=AXIS2_PLACEMENT_3D('',#17809,#14811,#14812);
#12347=AXIS2_PLACEMENT_3D('',#17810,#14813,#14814);
#12348=AXIS2_PLACEMENT_3D('',#17811,#14815,#14816);
#12349=AXIS2_PLACEMENT_3D('',#17813,#14817,#14818);
#12350=AXIS2_PLACEMENT_3D('',#17816,#14820,#14821);
#12351=AXIS2_PLACEMENT_3D('',#17817,#14822,#14823);
#12352=AXIS2_PLACEMENT_3D('',#17818,#14824,#14825);
#12353=AXIS2_PLACEMENT_3D('',#17819,#14826,#14827);
#12354=AXIS2_PLACEMENT_3D('',#17820,#14828,#14829);
#12355=AXIS2_PLACEMENT_3D('',#17822,#14830,#14831);
#12356=AXIS2_PLACEMENT_3D('',#17825,#14833,#14834);
#12357=AXIS2_PLACEMENT_3D('',#17826,#14835,#14836);
#12358=AXIS2_PLACEMENT_3D('',#17828,#14837,#14838);
#12359=AXIS2_PLACEMENT_3D('',#17829,#14839,#14840);
#12360=AXIS2_PLACEMENT_3D('',#17830,#14841,#14842);
#12361=AXIS2_PLACEMENT_3D('',#17832,#14843,#14844);
#12362=AXIS2_PLACEMENT_3D('',#17834,#14846,#14847);
#12363=AXIS2_PLACEMENT_3D('',#17835,#14848,#14849);
#12364=AXIS2_PLACEMENT_3D('',#17837,#14850,#14851);
#12365=AXIS2_PLACEMENT_3D('',#17840,#14853,#14854);
#12366=AXIS2_PLACEMENT_3D('',#17841,#14855,#14856);
#12367=AXIS2_PLACEMENT_3D('',#17842,#14857,#14858);
#12368=AXIS2_PLACEMENT_3D('',#17843,#14859,#14860);
#12369=AXIS2_PLACEMENT_3D('',#17845,#14861,#14862);
#12370=AXIS2_PLACEMENT_3D('',#17848,#14864,#14865);
#12371=AXIS2_PLACEMENT_3D('',#17849,#14866,#14867);
#12372=AXIS2_PLACEMENT_3D('',#17850,#14868,#14869);
#12373=AXIS2_PLACEMENT_3D('',#17851,#14870,#14871);
#12374=AXIS2_PLACEMENT_3D('',#17853,#14872,#14873);
#12375=AXIS2_PLACEMENT_3D('',#17856,#14875,#14876);
#12376=AXIS2_PLACEMENT_3D('',#17857,#14877,#14878);
#12377=AXIS2_PLACEMENT_3D('',#17858,#14879,#14880);
#12378=AXIS2_PLACEMENT_3D('',#17859,#14881,#14882);
#12379=AXIS2_PLACEMENT_3D('',#17861,#14883,#14884);
#12380=AXIS2_PLACEMENT_3D('',#17864,#14886,#14887);
#12381=AXIS2_PLACEMENT_3D('',#17865,#14888,#14889);
#12382=AXIS2_PLACEMENT_3D('',#17866,#14890,#14891);
#12383=AXIS2_PLACEMENT_3D('',#17867,#14892,#14893);
#12384=AXIS2_PLACEMENT_3D('',#17869,#14894,#14895);
#12385=AXIS2_PLACEMENT_3D('',#17872,#14897,#14898);
#12386=AXIS2_PLACEMENT_3D('',#17873,#14899,#14900);
#12387=AXIS2_PLACEMENT_3D('',#17874,#14901,#14902);
#12388=AXIS2_PLACEMENT_3D('',#17875,#14903,#14904);
#12389=AXIS2_PLACEMENT_3D('',#17877,#14905,#14906);
#12390=AXIS2_PLACEMENT_3D('',#17880,#14908,#14909);
#12391=AXIS2_PLACEMENT_3D('',#17881,#14910,#14911);
#12392=AXIS2_PLACEMENT_3D('',#17882,#14912,#14913);
#12393=AXIS2_PLACEMENT_3D('',#17883,#14914,#14915);
#12394=AXIS2_PLACEMENT_3D('',#17885,#14916,#14917);
#12395=AXIS2_PLACEMENT_3D('',#17888,#14919,#14920);
#12396=AXIS2_PLACEMENT_3D('',#17889,#14921,#14922);
#12397=AXIS2_PLACEMENT_3D('',#17890,#14923,#14924);
#12398=AXIS2_PLACEMENT_3D('',#17891,#14925,#14926);
#12399=AXIS2_PLACEMENT_3D('',#17893,#14927,#14928);
#12400=AXIS2_PLACEMENT_3D('',#17896,#14930,#14931);
#12401=AXIS2_PLACEMENT_3D('',#17897,#14932,#14933);
#12402=AXIS2_PLACEMENT_3D('',#17898,#14934,#14935);
#12403=AXIS2_PLACEMENT_3D('',#17899,#14936,#14937);
#12404=AXIS2_PLACEMENT_3D('',#17901,#14938,#14939);
#12405=AXIS2_PLACEMENT_3D('',#17904,#14941,#14942);
#12406=AXIS2_PLACEMENT_3D('',#17905,#14943,#14944);
#12407=AXIS2_PLACEMENT_3D('',#17906,#14945,#14946);
#12408=AXIS2_PLACEMENT_3D('',#17907,#14947,#14948);
#12409=AXIS2_PLACEMENT_3D('',#17908,#14949,#14950);
#12410=AXIS2_PLACEMENT_3D('',#17917,#14955,#14956);
#12411=AXIS2_PLACEMENT_3D('',#17926,#14961,#14962);
#12412=AXIS2_PLACEMENT_3D('',#17929,#14965,#14966);
#12413=AXIS2_PLACEMENT_3D('',#17932,#14969,#14970);
#12414=AXIS2_PLACEMENT_3D('',#17933,#14971,#14972);
#12415=AXIS2_PLACEMENT_3D('',#17934,#14973,#14974);
#12416=AXIS2_PLACEMENT_3D('',#17935,#14975,#14976);
#12417=AXIS2_PLACEMENT_3D('',#17944,#14981,#14982);
#12418=AXIS2_PLACEMENT_3D('',#17953,#14987,#14988);
#12419=AXIS2_PLACEMENT_3D('',#17956,#14991,#14992);
#12420=AXIS2_PLACEMENT_3D('',#17959,#14995,#14996);
#12421=AXIS2_PLACEMENT_3D('',#17960,#14997,#14998);
#12422=AXIS2_PLACEMENT_3D('',#17961,#14999,#15000);
#12423=AXIS2_PLACEMENT_3D('',#17970,#15005,#15006);
#12424=AXIS2_PLACEMENT_3D('',#17979,#15011,#15012);
#12425=AXIS2_PLACEMENT_3D('',#17982,#15015,#15016);
#12426=AXIS2_PLACEMENT_3D('',#17985,#15019,#15020);
#12427=AXIS2_PLACEMENT_3D('',#17986,#15021,#15022);
#12428=AXIS2_PLACEMENT_3D('',#17987,#15023,#15024);
#12429=AXIS2_PLACEMENT_3D('',#17996,#15029,#15030);
#12430=AXIS2_PLACEMENT_3D('',#18005,#15035,#15036);
#12431=AXIS2_PLACEMENT_3D('',#18008,#15039,#15040);
#12432=AXIS2_PLACEMENT_3D('',#18011,#15043,#15044);
#12433=AXIS2_PLACEMENT_3D('',#18012,#15045,#15046);
#12434=AXIS2_PLACEMENT_3D('',#18013,#15047,#15048);
#12435=AXIS2_PLACEMENT_3D('',#18022,#15053,#15054);
#12436=AXIS2_PLACEMENT_3D('',#18031,#15059,#15060);
#12437=AXIS2_PLACEMENT_3D('',#18034,#15063,#15064);
#12438=AXIS2_PLACEMENT_3D('',#18037,#15067,#15068);
#12439=AXIS2_PLACEMENT_3D('',#18038,#15069,#15070);
#12440=AXIS2_PLACEMENT_3D('',#18039,#15071,#15072);
#12441=AXIS2_PLACEMENT_3D('',#18048,#15077,#15078);
#12442=AXIS2_PLACEMENT_3D('',#18057,#15083,#15084);
#12443=AXIS2_PLACEMENT_3D('',#18060,#15087,#15088);
#12444=AXIS2_PLACEMENT_3D('',#18063,#15091,#15092);
#12445=AXIS2_PLACEMENT_3D('',#18064,#15093,#15094);
#12446=AXIS2_PLACEMENT_3D('',#18065,#15095,#15096);
#12447=AXIS2_PLACEMENT_3D('',#18074,#15101,#15102);
#12448=AXIS2_PLACEMENT_3D('',#18083,#15107,#15108);
#12449=AXIS2_PLACEMENT_3D('',#18086,#15111,#15112);
#12450=AXIS2_PLACEMENT_3D('',#18089,#15115,#15116);
#12451=AXIS2_PLACEMENT_3D('',#18090,#15117,#15118);
#12452=AXIS2_PLACEMENT_3D('',#18091,#15119,#15120);
#12453=AXIS2_PLACEMENT_3D('',#18100,#15125,#15126);
#12454=AXIS2_PLACEMENT_3D('',#18109,#15131,#15132);
#12455=AXIS2_PLACEMENT_3D('',#18112,#15135,#15136);
#12456=AXIS2_PLACEMENT_3D('',#18115,#15139,#15140);
#12457=AXIS2_PLACEMENT_3D('',#18116,#15141,#15142);
#12458=AXIS2_PLACEMENT_3D('',#18117,#15143,#15144);
#12459=AXIS2_PLACEMENT_3D('',#18126,#15149,#15150);
#12460=AXIS2_PLACEMENT_3D('',#18135,#15155,#15156);
#12461=AXIS2_PLACEMENT_3D('',#18138,#15159,#15160);
#12462=AXIS2_PLACEMENT_3D('',#18141,#15163,#15164);
#12463=AXIS2_PLACEMENT_3D('',#18142,#15165,#15166);
#12464=AXIS2_PLACEMENT_3D('',#18143,#15167,#15168);
#12465=AXIS2_PLACEMENT_3D('',#18152,#15173,#15174);
#12466=AXIS2_PLACEMENT_3D('',#18161,#15179,#15180);
#12467=AXIS2_PLACEMENT_3D('',#18164,#15183,#15184);
#12468=AXIS2_PLACEMENT_3D('',#18167,#15187,#15188);
#12469=AXIS2_PLACEMENT_3D('',#18168,#15189,#15190);
#12470=AXIS2_PLACEMENT_3D('',#18169,#15191,#15192);
#12471=AXIS2_PLACEMENT_3D('',#18178,#15197,#15198);
#12472=AXIS2_PLACEMENT_3D('',#18187,#15203,#15204);
#12473=AXIS2_PLACEMENT_3D('',#18190,#15207,#15208);
#12474=AXIS2_PLACEMENT_3D('',#18193,#15211,#15212);
#12475=AXIS2_PLACEMENT_3D('',#18194,#15213,#15214);
#12476=AXIS2_PLACEMENT_3D('',#18195,#15215,#15216);
#12477=AXIS2_PLACEMENT_3D('',#18204,#15221,#15222);
#12478=AXIS2_PLACEMENT_3D('',#18213,#15227,#15228);
#12479=AXIS2_PLACEMENT_3D('',#18216,#15231,#15232);
#12480=AXIS2_PLACEMENT_3D('',#18219,#15235,#15236);
#12481=AXIS2_PLACEMENT_3D('',#18220,#15237,#15238);
#12482=AXIS2_PLACEMENT_3D('',#18221,#15239,#15240);
#12483=AXIS2_PLACEMENT_3D('',#18230,#15245,#15246);
#12484=AXIS2_PLACEMENT_3D('',#18239,#15251,#15252);
#12485=AXIS2_PLACEMENT_3D('',#18242,#15255,#15256);
#12486=AXIS2_PLACEMENT_3D('',#18245,#15259,#15260);
#12487=AXIS2_PLACEMENT_3D('',#18246,#15261,#15262);
#12488=AXIS2_PLACEMENT_3D('',#18247,#15263,#15264);
#12489=AXIS2_PLACEMENT_3D('',#18256,#15269,#15270);
#12490=AXIS2_PLACEMENT_3D('',#18265,#15275,#15276);
#12491=AXIS2_PLACEMENT_3D('',#18268,#15279,#15280);
#12492=AXIS2_PLACEMENT_3D('',#18271,#15283,#15284);
#12493=AXIS2_PLACEMENT_3D('',#18272,#15285,#15286);
#12494=AXIS2_PLACEMENT_3D('',#18273,#15287,#15288);
#12495=AXIS2_PLACEMENT_3D('',#18282,#15293,#15294);
#12496=AXIS2_PLACEMENT_3D('',#18291,#15299,#15300);
#12497=AXIS2_PLACEMENT_3D('',#18294,#15303,#15304);
#12498=AXIS2_PLACEMENT_3D('',#18297,#15307,#15308);
#12499=AXIS2_PLACEMENT_3D('',#18298,#15309,#15310);
#12500=AXIS2_PLACEMENT_3D('',#18299,#15311,#15312);
#12501=AXIS2_PLACEMENT_3D('',#18308,#15317,#15318);
#12502=AXIS2_PLACEMENT_3D('',#18317,#15323,#15324);
#12503=AXIS2_PLACEMENT_3D('',#18320,#15327,#15328);
#12504=AXIS2_PLACEMENT_3D('',#18323,#15331,#15332);
#12505=AXIS2_PLACEMENT_3D('',#18324,#15333,#15334);
#12506=AXIS2_PLACEMENT_3D('',#18325,#15335,#15336);
#12507=AXIS2_PLACEMENT_3D('',#18334,#15341,#15342);
#12508=AXIS2_PLACEMENT_3D('',#18343,#15347,#15348);
#12509=AXIS2_PLACEMENT_3D('',#18346,#15351,#15352);
#12510=AXIS2_PLACEMENT_3D('',#18349,#15355,#15356);
#12511=AXIS2_PLACEMENT_3D('',#18350,#15357,#15358);
#12512=AXIS2_PLACEMENT_3D('',#18351,#15359,#15360);
#12513=AXIS2_PLACEMENT_3D('',#18360,#15365,#15366);
#12514=AXIS2_PLACEMENT_3D('',#18369,#15371,#15372);
#12515=AXIS2_PLACEMENT_3D('',#18372,#15375,#15376);
#12516=AXIS2_PLACEMENT_3D('',#18375,#15379,#15380);
#12517=AXIS2_PLACEMENT_3D('',#18376,#15381,#15382);
#12518=AXIS2_PLACEMENT_3D('',#18377,#15383,#15384);
#12519=AXIS2_PLACEMENT_3D('',#18386,#15389,#15390);
#12520=AXIS2_PLACEMENT_3D('',#18395,#15395,#15396);
#12521=AXIS2_PLACEMENT_3D('',#18398,#15399,#15400);
#12522=AXIS2_PLACEMENT_3D('',#18401,#15403,#15404);
#12523=AXIS2_PLACEMENT_3D('',#18402,#15405,#15406);
#12524=AXIS2_PLACEMENT_3D('',#18403,#15407,#15408);
#12525=AXIS2_PLACEMENT_3D('',#18412,#15413,#15414);
#12526=AXIS2_PLACEMENT_3D('',#18421,#15419,#15420);
#12527=AXIS2_PLACEMENT_3D('',#18424,#15423,#15424);
#12528=AXIS2_PLACEMENT_3D('',#18427,#15427,#15428);
#12529=AXIS2_PLACEMENT_3D('',#18428,#15429,#15430);
#12530=AXIS2_PLACEMENT_3D('',#18429,#15431,#15432);
#12531=AXIS2_PLACEMENT_3D('',#18438,#15437,#15438);
#12532=AXIS2_PLACEMENT_3D('',#18447,#15443,#15444);
#12533=AXIS2_PLACEMENT_3D('',#18450,#15447,#15448);
#12534=AXIS2_PLACEMENT_3D('',#18453,#15451,#15452);
#12535=AXIS2_PLACEMENT_3D('',#18454,#15453,#15454);
#12536=AXIS2_PLACEMENT_3D('',#18455,#15455,#15456);
#12537=AXIS2_PLACEMENT_3D('',#18464,#15461,#15462);
#12538=AXIS2_PLACEMENT_3D('',#18473,#15467,#15468);
#12539=AXIS2_PLACEMENT_3D('',#18476,#15471,#15472);
#12540=AXIS2_PLACEMENT_3D('',#18479,#15475,#15476);
#12541=AXIS2_PLACEMENT_3D('',#18480,#15477,#15478);
#12542=AXIS2_PLACEMENT_3D('',#18481,#15479,#15480);
#12543=AXIS2_PLACEMENT_3D('',#18490,#15485,#15486);
#12544=AXIS2_PLACEMENT_3D('',#18499,#15491,#15492);
#12545=AXIS2_PLACEMENT_3D('',#18502,#15495,#15496);
#12546=AXIS2_PLACEMENT_3D('',#18505,#15499,#15500);
#12547=AXIS2_PLACEMENT_3D('',#18506,#15501,#15502);
#12548=AXIS2_PLACEMENT_3D('',#18507,#15503,#15504);
#12549=AXIS2_PLACEMENT_3D('',#18516,#15509,#15510);
#12550=AXIS2_PLACEMENT_3D('',#18525,#15515,#15516);
#12551=AXIS2_PLACEMENT_3D('',#18528,#15519,#15520);
#12552=AXIS2_PLACEMENT_3D('',#18531,#15523,#15524);
#12553=AXIS2_PLACEMENT_3D('',#18532,#15525,#15526);
#12554=AXIS2_PLACEMENT_3D('',#18533,#15527,#15528);
#12555=AXIS2_PLACEMENT_3D('',#18542,#15533,#15534);
#12556=AXIS2_PLACEMENT_3D('',#18551,#15539,#15540);
#12557=AXIS2_PLACEMENT_3D('',#18554,#15543,#15544);
#12558=AXIS2_PLACEMENT_3D('',#18557,#15547,#15548);
#12559=AXIS2_PLACEMENT_3D('',#18558,#15549,#15550);
#12560=AXIS2_PLACEMENT_3D('',#18559,#15551,#15552);
#12561=AXIS2_PLACEMENT_3D('',#18560,#15553,#15554);
#12562=AXIS2_PLACEMENT_3D('',#18561,#15555,#15556);
#12563=AXIS2_PLACEMENT_3D('',#18562,#15557,#15558);
#12564=AXIS2_PLACEMENT_3D('',#18563,#15559,#15560);
#12565=AXIS2_PLACEMENT_3D('',#18564,#15561,#15562);
#12566=AXIS2_PLACEMENT_3D('',#18565,#15563,#15564);
#12567=AXIS2_PLACEMENT_3D('',#18566,#15565,#15566);
#12568=AXIS2_PLACEMENT_3D('',#18567,#15567,#15568);
#12569=AXIS2_PLACEMENT_3D('',#18568,#15569,#15570);
#12570=AXIS2_PLACEMENT_3D('',#18569,#15571,#15572);
#12571=AXIS2_PLACEMENT_3D('',#18570,#15573,#15574);
#12572=AXIS2_PLACEMENT_3D('',#18571,#15575,#15576);
#12573=AXIS2_PLACEMENT_3D('',#18572,#15577,#15578);
#12574=AXIS2_PLACEMENT_3D('',#18573,#15579,#15580);
#12575=AXIS2_PLACEMENT_3D('',#18574,#15581,#15582);
#12576=AXIS2_PLACEMENT_3D('',#18575,#15583,#15584);
#12577=AXIS2_PLACEMENT_3D('',#18576,#15585,#15586);
#12578=AXIS2_PLACEMENT_3D('',#18577,#15587,#15588);
#12579=AXIS2_PLACEMENT_3D('',#18578,#15589,#15590);
#12580=AXIS2_PLACEMENT_3D('',#18579,#15591,#15592);
#12581=AXIS2_PLACEMENT_3D('',#18580,#15593,#15594);
#12582=AXIS2_PLACEMENT_3D('',#18581,#15595,#15596);
#12583=AXIS2_PLACEMENT_3D('',#18582,#15597,#15598);
#12584=AXIS2_PLACEMENT_3D('',#18583,#15599,#15600);
#12585=AXIS2_PLACEMENT_3D('',#18600,#15609,#15610);
#12586=AXIS2_PLACEMENT_3D('',#18615,#15618,#15619);
#12587=AXIS2_PLACEMENT_3D('',#18617,#15620,#15621);
#12588=AXIS2_PLACEMENT_3D('',#18619,#15622,#15623);
#12589=AXIS2_PLACEMENT_3D('',#18621,#15624,#15625);
#12590=AXIS2_PLACEMENT_3D('',#18622,#15626,#15627);
#12591=AXIS2_PLACEMENT_3D('',#18632,#15632,#15633);
#12592=AXIS2_PLACEMENT_3D('',#18634,#15634,#15635);
#12593=AXIS2_PLACEMENT_3D('',#18636,#15636,#15637);
#12594=AXIS2_PLACEMENT_3D('',#18638,#15638,#15639);
#12595=AXIS2_PLACEMENT_3D('',#18647,#15644,#15645);
#12596=AXIS2_PLACEMENT_3D('',#18656,#15650,#15651);
#12597=AXIS2_PLACEMENT_3D('',#18662,#15655,#15656);
#12598=AXIS2_PLACEMENT_3D('',#18671,#15661,#15662);
#12599=AXIS2_PLACEMENT_3D('',#18675,#15665,#15666);
#12600=AXIS2_PLACEMENT_3D('',#18677,#15667,#15668);
#12601=AXIS2_PLACEMENT_3D('',#18679,#15669,#15670);
#12602=AXIS2_PLACEMENT_3D('',#18680,#15671,#15672);
#12603=AXIS2_PLACEMENT_3D('',#18695,#15681,#15682);
#12604=AXIS2_PLACEMENT_3D('',#18710,#15691,#15692);
#12605=AXIS2_PLACEMENT_3D('',#18711,#15693,#15694);
#12606=AXIS2_PLACEMENT_3D('',#18716,#15696,#15697);
#12607=AXIS2_PLACEMENT_3D('',#18724,#15703,#15704);
#12608=AXIS2_PLACEMENT_3D('',#18727,#15707,#15708);
#12609=AXIS2_PLACEMENT_3D('',#18729,#15710,#15711);
#12610=AXIS2_PLACEMENT_3D('',#18733,#15714,#15715);
#12611=AXIS2_PLACEMENT_3D('',#18735,#15716,#15717);
#12612=AXIS2_PLACEMENT_3D('',#18737,#15718,#15719);
#12613=AXIS2_PLACEMENT_3D('',#18739,#15720,#15721);
#12614=AXIS2_PLACEMENT_3D('',#18740,#15722,#15723);
#12615=AXIS2_PLACEMENT_3D('',#18741,#15724,#15725);
#12616=AXIS2_PLACEMENT_3D('',#18743,#15726,#15727);
#12617=AXIS2_PLACEMENT_3D('',#18745,#15729,#15730);
#12618=AXIS2_PLACEMENT_3D('',#18746,#15731,#15732);
#12619=AXIS2_PLACEMENT_3D('',#18748,#15733,#15734);
#12620=AXIS2_PLACEMENT_3D('',#18750,#15736,#15737);
#12621=AXIS2_PLACEMENT_3D('',#18751,#15738,#15739);
#12622=AXIS2_PLACEMENT_3D('',#18753,#15740,#15741);
#12623=AXIS2_PLACEMENT_3D('',#18755,#15743,#15744);
#12624=AXIS2_PLACEMENT_3D('',#18756,#15745,#15746);
#12625=AXIS2_PLACEMENT_3D('',#18758,#15747,#15748);
#12626=AXIS2_PLACEMENT_3D('',#18760,#15750,#15751);
#12627=AXIS2_PLACEMENT_3D('',#18761,#15752,#15753);
#12628=AXIS2_PLACEMENT_3D('',#18767,#15757,#15758);
#12629=AXIS2_PLACEMENT_3D('',#18769,#15760,#15761);
#12630=AXIS2_PLACEMENT_3D('',#18771,#15763,#15764);
#12631=AXIS2_PLACEMENT_3D('',#18773,#15766,#15767);
#12632=AXIS2_PLACEMENT_3D('',#18775,#15769,#15770);
#12633=AXIS2_PLACEMENT_3D('',#18777,#15772,#15773);
#12634=AXIS2_PLACEMENT_3D('',#18779,#15775,#15776);
#12635=AXIS2_PLACEMENT_3D('',#18782,#15779,#15780);
#12636=AXIS2_PLACEMENT_3D('',#18783,#15781,#15782);
#12637=AXIS2_PLACEMENT_3D('',#18784,#15783,#15784);
#12638=AXIS2_PLACEMENT_3D('',#18785,#15785,#15786);
#12639=AXIS2_PLACEMENT_3D('',#18795,#15791,#15792);
#12640=AXIS2_PLACEMENT_3D('',#18798,#15794,#15795);
#12641=AXIS2_PLACEMENT_3D('',#18803,#15797,#15798);
#12642=AXIS2_PLACEMENT_3D('',#18806,#15800,#15801);
#12643=AXIS2_PLACEMENT_3D('',#18807,#15802,#15803);
#12644=AXIS2_PLACEMENT_3D('',#18811,#15806,#15807);
#12645=AXIS2_PLACEMENT_3D('',#18819,#15811,#15812);
#12646=AXIS2_PLACEMENT_3D('',#18822,#15814,#15815);
#12647=AXIS2_PLACEMENT_3D('',#18825,#15816,#15817);
#12648=AXIS2_PLACEMENT_3D('',#18829,#15819,#15820);
#12649=AXIS2_PLACEMENT_3D('',#18831,#15822,#15823);
#12650=AXIS2_PLACEMENT_3D('',#18833,#15825,#15826);
#12651=AXIS2_PLACEMENT_3D('',#18834,#15827,#15828);
#12652=AXIS2_PLACEMENT_3D('',#18837,#15831,#15832);
#12653=AXIS2_PLACEMENT_3D('',#18840,#15835,#15836);
#12654=AXIS2_PLACEMENT_3D('',#18841,#15837,#15838);
#12655=AXIS2_PLACEMENT_3D('',#18842,#15839,#15840);
#12656=AXIS2_PLACEMENT_3D('',#18845,#15843,#15844);
#12657=AXIS2_PLACEMENT_3D('',#18847,#15846,#15847);
#12658=AXIS2_PLACEMENT_3D('',#18849,#15849,#15850);
#12659=AXIS2_PLACEMENT_3D('',#18850,#15851,#15852);
#12660=AXIS2_PLACEMENT_3D('',#18852,#15853,#15854);
#12661=AXIS2_PLACEMENT_3D('',#18854,#15856,#15857);
#12662=AXIS2_PLACEMENT_3D('',#18856,#15858,#15859);
#12663=AXIS2_PLACEMENT_3D('',#18857,#15860,#15861);
#12664=AXIS2_PLACEMENT_3D('',#18859,#15862,#15863);
#12665=AXIS2_PLACEMENT_3D('',#18861,#15865,#15866);
#12666=AXIS2_PLACEMENT_3D('',#18870,#15871,#15872);
#12667=AXIS2_PLACEMENT_3D('',#18873,#15875,#15876);
#12668=AXIS2_PLACEMENT_3D('',#18875,#15878,#15879);
#12669=AXIS2_PLACEMENT_3D('',#18877,#15881,#15882);
#12670=AXIS2_PLACEMENT_3D('',#18878,#15883,#15884);
#12671=AXIS2_PLACEMENT_3D('',#18882,#15886,#15887);
#12672=AXIS2_PLACEMENT_3D('',#18883,#15888,#15889);
#12673=AXIS2_PLACEMENT_3D('',#18885,#15891,#15892);
#12674=AXIS2_PLACEMENT_3D('',#18889,#15894,#15895);
#12675=AXIS2_PLACEMENT_3D('',#18890,#15896,#15897);
#12676=AXIS2_PLACEMENT_3D('',#18892,#15899,#15900);
#12677=AXIS2_PLACEMENT_3D('',#18894,#15901,#15902);
#12678=AXIS2_PLACEMENT_3D('',#18895,#15903,#15904);
#12679=AXIS2_PLACEMENT_3D('',#18897,#15906,#15907);
#12680=AXIS2_PLACEMENT_3D('',#18898,#15908,#15909);
#12681=AXIS2_PLACEMENT_3D('',#18899,#15910,#15911);
#12682=AXIS2_PLACEMENT_3D('',#18900,#15912,#15913);
#12683=DIRECTION('axis',(0.,0.,1.));
#12684=DIRECTION('refdir',(1.,0.,0.));
#12685=DIRECTION('axis',(0.,0.,1.));
#12686=DIRECTION('refdir',(1.,0.,0.));
#12687=DIRECTION('center_axis',(0.,0.,-1.));
#12688=DIRECTION('ref_axis',(-1.,0.,0.));
#12689=DIRECTION('',(-1.,0.,0.));
#12690=DIRECTION('',(0.,1.,0.));
#12691=DIRECTION('',(-1.,0.,0.));
#12692=DIRECTION('',(5.2245789394125E-16,1.,0.));
#12693=DIRECTION('',(1.,0.,0.));
#12694=DIRECTION('',(0.,1.,0.));
#12695=DIRECTION('center_axis',(0.,0.,1.));
#12696=DIRECTION('ref_axis',(1.,0.,0.));
#12697=DIRECTION('',(0.,1.,0.));
#12698=DIRECTION('center_axis',(0.,0.,1.));
#12699=DIRECTION('ref_axis',(1.,0.,0.));
#12700=DIRECTION('',(0.,1.,0.));
#12701=DIRECTION('',(1.,0.,0.));
#12702=DIRECTION('',(0.,-1.,0.));
#12703=DIRECTION('',(-1.,0.,0.));
#12704=DIRECTION('',(0.,1.,0.));
#12705=DIRECTION('center_axis',(0.,0.,1.));
#12706=DIRECTION('ref_axis',(1.,0.,0.));
#12707=DIRECTION('',(0.,1.,0.));
#12708=DIRECTION('center_axis',(0.,0.,1.));
#12709=DIRECTION('ref_axis',(1.,0.,0.));
#12710=DIRECTION('',(0.,1.,0.));
#12711=DIRECTION('',(1.,0.,0.));
#12712=DIRECTION('',(0.,-1.,0.));
#12713=DIRECTION('center_axis',(0.,0.,1.));
#12714=DIRECTION('ref_axis',(1.,0.,0.));
#12715=DIRECTION('center_axis',(0.,0.,1.));
#12716=DIRECTION('ref_axis',(1.,0.,0.));
#12717=DIRECTION('',(-1.99604038199099E-16,-1.,0.));
#12718=DIRECTION('center_axis',(0.,0.,1.));
#12719=DIRECTION('ref_axis',(1.,0.,0.));
#12720=DIRECTION('center_axis',(0.,0.,1.));
#12721=DIRECTION('ref_axis',(1.,0.,0.));
#12722=DIRECTION('',(0.,-1.,0.));
#12723=DIRECTION('',(-1.,0.,0.));
#12724=DIRECTION('',(0.,1.,0.));
#12725=DIRECTION('',(1.,0.,0.));
#12726=DIRECTION('',(-2.6077723187308E-16,-1.,0.));
#12727=DIRECTION('center_axis',(0.,0.,1.));
#12728=DIRECTION('ref_axis',(1.,0.,0.));
#12729=DIRECTION('center_axis',(0.,0.,1.));
#12730=DIRECTION('ref_axis',(1.,0.,0.));
#12731=DIRECTION('',(-2.10983697153733E-16,-1.,0.));
#12732=DIRECTION('center_axis',(0.,0.,1.));
#12733=DIRECTION('ref_axis',(1.,0.,0.));
#12734=DIRECTION('center_axis',(0.,0.,1.));
#12735=DIRECTION('ref_axis',(1.,0.,0.));
#12736=DIRECTION('',(0.,-1.,0.));
#12737=DIRECTION('',(1.,0.,0.));
#12738=DIRECTION('',(0.,-1.,0.));
#12739=DIRECTION('',(1.,0.,0.));
#12740=DIRECTION('',(0.,-1.,0.));
#12741=DIRECTION('center_axis',(1.,-1.12739566604961E-16,0.));
#12742=DIRECTION('ref_axis',(0.,0.,-1.));
#12743=DIRECTION('',(1.11426040025464E-16,1.,0.));
#12744=DIRECTION('',(0.,0.,-1.));
#12745=DIRECTION('',(0.,0.,-1.));
#12746=DIRECTION('',(8.7076315656875E-17,1.,0.));
#12747=DIRECTION('',(0.,0.,-1.));
#12748=DIRECTION('',(0.,0.,-1.));
#12749=DIRECTION('',(0.,1.,0.));
#12750=DIRECTION('',(0.,0.,-1.));
#12751=DIRECTION('',(0.,0.,-1.));
#12752=DIRECTION('',(0.,1.,0.));
#12753=DIRECTION('',(0.,0.,-1.));
#12754=DIRECTION('',(0.,0.,1.));
#12755=DIRECTION('center_axis',(-1.,1.12739566604961E-16,0.));
#12756=DIRECTION('ref_axis',(0.,0.,1.));
#12757=DIRECTION('',(0.,0.,1.));
#12758=DIRECTION('',(1.52176545725897E-16,1.,0.));
#12759=DIRECTION('',(0.,0.,1.));
#12760=DIRECTION('',(0.,-1.,0.));
#12761=DIRECTION('',(0.,0.,1.));
#12762=DIRECTION('',(0.,0.,-1.));
#12763=DIRECTION('',(0.,1.,0.));
#12764=DIRECTION('',(0.,0.,-1.));
#12765=DIRECTION('',(0.,0.,-1.));
#12766=DIRECTION('',(0.,1.,0.));
#12767=DIRECTION('',(0.,0.,-1.));
#12768=DIRECTION('',(0.,0.,1.));
#12769=DIRECTION('',(1.21776529182418E-15,1.,0.));
#12770=DIRECTION('',(0.,0.,-1.));
#12771=DIRECTION('',(0.,0.,-1.));
#12772=DIRECTION('',(0.,1.,0.));
#12773=DIRECTION('',(0.,0.,-1.));
#12774=DIRECTION('',(0.,0.,-1.));
#12775=DIRECTION('',(0.,1.,0.));
#12776=DIRECTION('',(0.,0.,-1.));
#12777=DIRECTION('',(0.,0.,1.));
#12778=DIRECTION('',(-3.483052626275E-16,-1.,0.));
#12779=DIRECTION('',(0.,0.,-1.));
#12780=DIRECTION('center_axis',(0.,0.,-1.));
#12781=DIRECTION('ref_axis',(-1.,0.,0.));
#12782=DIRECTION('',(-1.,0.,0.));
#12783=DIRECTION('',(0.,-1.,0.));
#12784=DIRECTION('',(-1.,0.,0.));
#12785=DIRECTION('',(0.,-1.,0.));
#12786=DIRECTION('center_axis',(0.,0.,-1.));
#12787=DIRECTION('ref_axis',(-1.,0.,0.));
#12788=DIRECTION('',(-1.,0.,0.));
#12789=DIRECTION('',(0.,1.,0.));
#12790=DIRECTION('',(1.,0.,0.));
#12791=DIRECTION('',(0.,-1.,0.));
#12792=DIRECTION('center_axis',(0.,0.,-1.));
#12793=DIRECTION('ref_axis',(-1.,0.,0.));
#12794=DIRECTION('',(0.,-1.,0.));
#12795=DIRECTION('',(-1.,0.,0.));
#12796=DIRECTION('',(0.,-1.,0.));
#12797=DIRECTION('',(1.,0.,0.));
#12798=DIRECTION('',(0.,1.,0.));
#12799=DIRECTION('',(-1.,0.,0.));
#12800=DIRECTION('',(-1.15168363550327E-16,-1.,0.));
#12801=DIRECTION('',(-1.,0.,0.));
#12802=DIRECTION('',(-3.70074341541719E-16,-1.,0.));
#12803=DIRECTION('',(-1.,0.,0.));
#12804=DIRECTION('',(0.,-1.,0.));
#12805=DIRECTION('',(1.,0.,0.));
#12806=DIRECTION('',(0.,-1.,0.));
#12807=DIRECTION('',(-1.,0.,0.));
#12808=DIRECTION('',(0.,1.,0.));
#12809=DIRECTION('',(-1.,0.,0.));
#12810=DIRECTION('',(-9.21346908402619E-17,-1.,0.));
#12811=DIRECTION('',(-1.,-9.73703780585406E-16,0.));
#12812=DIRECTION('',(0.,-1.,0.));
#12813=DIRECTION('',(1.,-4.86851890292703E-16,0.));
#12814=DIRECTION('center_axis',(0.,0.,-1.));
#12815=DIRECTION('ref_axis',(-1.,0.,0.));
#12816=DIRECTION('center_axis',(0.,0.,-1.));
#12817=DIRECTION('ref_axis',(-1.,0.,0.));
#12818=DIRECTION('center_axis',(0.,0.,-1.));
#12819=DIRECTION('ref_axis',(-1.,0.,0.));
#12820=DIRECTION('center_axis',(0.,0.,-1.));
#12821=DIRECTION('ref_axis',(-1.,0.,0.));
#12822=DIRECTION('center_axis',(0.,0.,-1.));
#12823=DIRECTION('ref_axis',(-1.,0.,0.));
#12824=DIRECTION('center_axis',(0.,0.,-1.));
#12825=DIRECTION('ref_axis',(-1.,0.,0.));
#12826=DIRECTION('center_axis',(0.,0.,-1.));
#12827=DIRECTION('ref_axis',(-1.,0.,0.));
#12828=DIRECTION('center_axis',(0.,0.,-1.));
#12829=DIRECTION('ref_axis',(-1.,0.,0.));
#12830=DIRECTION('center_axis',(0.,0.,-1.));
#12831=DIRECTION('ref_axis',(-1.,0.,0.));
#12832=DIRECTION('center_axis',(0.,0.,-1.));
#12833=DIRECTION('ref_axis',(-1.,0.,0.));
#12834=DIRECTION('center_axis',(0.,0.,-1.));
#12835=DIRECTION('ref_axis',(-1.,0.,0.));
#12836=DIRECTION('center_axis',(0.,0.,-1.));
#12837=DIRECTION('ref_axis',(-1.,0.,0.));
#12838=DIRECTION('center_axis',(1.,-1.12739566604961E-16,0.));
#12839=DIRECTION('ref_axis',(0.,0.,-1.));
#12840=DIRECTION('',(0.,0.,-1.));
#12841=DIRECTION('',(0.,0.,1.));
#12842=DIRECTION('',(-1.11022302462516E-15,-1.,0.));
#12843=DIRECTION('',(0.,0.,-1.));
#12844=DIRECTION('',(0.,0.,-1.));
#12845=DIRECTION('',(0.,-1.,0.));
#12846=DIRECTION('',(0.,0.,-1.));
#12847=DIRECTION('',(0.,0.,-1.));
#12848=DIRECTION('',(0.,1.,0.));
#12849=DIRECTION('',(0.,0.,-1.));
#12850=DIRECTION('',(0.,1.,0.));
#12851=DIRECTION('',(0.,0.,-1.));
#12852=DIRECTION('',(-1.20024110770287E-16,-1.,0.));
#12853=DIRECTION('',(0.,0.,-1.));
#12854=DIRECTION('',(3.483052626275E-16,1.,0.));
#12855=DIRECTION('',(0.,0.,1.));
#12856=DIRECTION('center_axis',(1.,-1.12739566604961E-16,0.));
#12857=DIRECTION('ref_axis',(0.,0.,-1.));
#12858=DIRECTION('',(0.,0.,-1.));
#12859=DIRECTION('',(0.,0.,-1.));
#12860=DIRECTION('',(8.7076315656875E-17,1.,0.));
#12861=DIRECTION('',(0.,0.,-1.));
#12862=DIRECTION('',(-9.00180830777154E-17,-1.,0.));
#12863=DIRECTION('',(0.,0.,-1.));
#12864=DIRECTION('',(1.41429684665625E-16,1.,0.));
#12865=DIRECTION('',(0.,0.,-1.));
#12866=DIRECTION('',(1.50030138462859E-16,1.,0.));
#12867=DIRECTION('',(0.,0.,-1.));
#12868=DIRECTION('',(0.,0.,-1.));
#12869=DIRECTION('',(-1.8503717077086E-16,-1.,0.));
#12870=DIRECTION('',(0.,0.,-1.));
#12871=DIRECTION('',(0.,0.,-1.));
#12872=DIRECTION('',(0.,1.,0.));
#12873=DIRECTION('',(0.,0.,1.));
#12874=DIRECTION('center_axis',(0.,0.,1.));
#12875=DIRECTION('ref_axis',(1.,0.,0.));
#12876=DIRECTION('',(9.51103410786855E-17,1.,0.));
#12877=DIRECTION('',(1.,0.,0.));
#12878=DIRECTION('',(1.,0.,0.));
#12879=DIRECTION('',(0.,1.,0.));
#12880=DIRECTION('',(-1.,0.,0.));
#12881=DIRECTION('',(8.95341148891255E-17,1.,0.));
#12882=DIRECTION('',(1.,0.,0.));
#12883=DIRECTION('center_axis',(-1.,1.12739566604961E-16,0.));
#12884=DIRECTION('ref_axis',(0.,0.,1.));
#12885=DIRECTION('',(0.,0.,1.));
#12886=DIRECTION('',(0.,0.,1.));
#12887=DIRECTION('',(-1.41429684665625E-16,-1.,0.));
#12888=DIRECTION('',(0.,0.,1.));
#12889=DIRECTION('',(9.00180830777154E-17,1.,0.));
#12890=DIRECTION('',(0.,0.,1.));
#12891=DIRECTION('',(-8.7076315656875E-17,-1.,0.));
#12892=DIRECTION('',(0.,0.,1.));
#12893=DIRECTION('center_axis',(1.,-1.12739566604961E-16,0.));
#12894=DIRECTION('ref_axis',(0.,0.,-1.));
#12895=DIRECTION('',(1.52176545725897E-16,1.,0.));
#12896=DIRECTION('',(0.,0.,-1.));
#12897=DIRECTION('',(0.,0.,1.));
#12898=DIRECTION('',(3.483052626275E-16,1.,0.));
#12899=DIRECTION('',(0.,0.,-1.));
#12900=DIRECTION('',(-1.20024110770287E-16,-1.,0.));
#12901=DIRECTION('',(0.,0.,-1.));
#12902=DIRECTION('',(0.,1.,0.));
#12903=DIRECTION('',(0.,0.,-1.));
#12904=DIRECTION('center_axis',(0.,0.,1.));
#12905=DIRECTION('ref_axis',(1.,0.,0.));
#12906=DIRECTION('',(1.,0.,0.));
#12907=DIRECTION('',(1.,0.,0.));
#12908=DIRECTION('center_axis',(1.,-1.12739566604961E-16,0.));
#12909=DIRECTION('ref_axis',(0.,0.,-1.));
#12910=DIRECTION('',(0.,0.,-1.));
#12911=DIRECTION('',(0.,0.,-1.));
#12912=DIRECTION('',(0.,1.,0.));
#12913=DIRECTION('',(0.,0.,-1.));
#12914=DIRECTION('',(0.,0.,-1.));
#12915=DIRECTION('',(0.,1.,0.));
#12916=DIRECTION('',(0.,0.,-1.));
#12917=DIRECTION('',(0.,0.,-1.));
#12918=DIRECTION('',(1.41429684665625E-16,1.,0.));
#12919=DIRECTION('',(0.,0.,-1.));
#12920=DIRECTION('center_axis',(0.,0.,1.));
#12921=DIRECTION('ref_axis',(1.,0.,0.));
#12922=DIRECTION('',(-1.,0.,0.));
#12923=DIRECTION('',(1.,0.,0.));
#12924=DIRECTION('center_axis',(0.,0.,1.));
#12925=DIRECTION('ref_axis',(1.,0.,0.));
#12926=DIRECTION('',(1.,0.,0.));
#12927=DIRECTION('',(1.,0.,0.));
#12928=DIRECTION('center_axis',(0.,0.,-1.));
#12929=DIRECTION('ref_axis',(-1.,0.,0.));
#12930=DIRECTION('',(1.,0.,0.));
#12931=DIRECTION('',(1.,0.,0.));
#12932=DIRECTION('center_axis',(0.,-1.,0.));
#12933=DIRECTION('ref_axis',(0.,0.,-1.));
#12934=DIRECTION('center_axis',(0.,1.,0.));
#12935=DIRECTION('ref_axis',(0.,0.,1.));
#12936=DIRECTION('center_axis',(0.,1.,0.));
#12937=DIRECTION('ref_axis',(0.,0.,1.));
#12938=DIRECTION('center_axis',(0.,0.,1.));
#12939=DIRECTION('ref_axis',(1.,0.,0.));
#12940=DIRECTION('',(1.,0.,0.));
#12941=DIRECTION('',(1.,0.,0.));
#12942=DIRECTION('center_axis',(0.,0.,1.));
#12943=DIRECTION('ref_axis',(1.,0.,0.));
#12944=DIRECTION('',(1.,0.,0.));
#12945=DIRECTION('',(1.,0.,0.));
#12946=DIRECTION('center_axis',(0.,0.,-1.));
#12947=DIRECTION('ref_axis',(-1.,0.,0.));
#12948=DIRECTION('',(1.,0.,0.));
#12949=DIRECTION('',(1.,0.,0.));
#12950=DIRECTION('center_axis',(0.,1.,0.));
#12951=DIRECTION('ref_axis',(0.,0.,1.));
#12952=DIRECTION('center_axis',(0.,1.,0.));
#12953=DIRECTION('ref_axis',(0.,0.,1.));
#12954=DIRECTION('center_axis',(0.,1.,0.));
#12955=DIRECTION('ref_axis',(0.,0.,1.));
#12956=DIRECTION('center_axis',(0.,0.,1.));
#12957=DIRECTION('ref_axis',(1.,0.,0.));
#12958=DIRECTION('',(1.,0.,0.));
#12959=DIRECTION('',(0.,-1.,0.));
#12960=DIRECTION('',(1.,0.,0.));
#12961=DIRECTION('center_axis',(0.,0.,1.));
#12962=DIRECTION('ref_axis',(1.,0.,0.));
#12963=DIRECTION('center_axis',(0.,0.,1.));
#12964=DIRECTION('ref_axis',(1.,0.,0.));
#12965=DIRECTION('center_axis',(0.,0.,1.));
#12966=DIRECTION('ref_axis',(1.,0.,0.));
#12967=DIRECTION('',(1.,0.,0.));
#12968=DIRECTION('',(5.2245789394125E-16,1.,0.));
#12969=DIRECTION('',(-1.,0.,0.));
#12970=DIRECTION('center_axis',(0.,0.,1.));
#12971=DIRECTION('ref_axis',(1.,0.,0.));
#12972=DIRECTION('center_axis',(0.,0.,1.));
#12973=DIRECTION('ref_axis',(1.,0.,0.));
#12974=DIRECTION('center_axis',(0.,0.,1.));
#12975=DIRECTION('ref_axis',(1.,0.,0.));
#12976=DIRECTION('',(1.,0.,0.));
#12977=DIRECTION('',(1.,0.,0.));
#12978=DIRECTION('center_axis',(0.,0.,1.));
#12979=DIRECTION('ref_axis',(1.,0.,0.));
#12980=DIRECTION('center_axis',(0.,0.,1.));
#12981=DIRECTION('ref_axis',(1.,0.,0.));
#12982=DIRECTION('center_axis',(0.,-1.,0.));
#12983=DIRECTION('ref_axis',(0.,0.,-1.));
#12984=DIRECTION('',(0.,0.,-1.));
#12985=DIRECTION('center_axis',(-1.12739566604961E-16,-1.,0.));
#12986=DIRECTION('ref_axis',(0.,0.,-1.));
#12987=DIRECTION('',(-1.,0.,0.));
#12988=DIRECTION('center_axis',(-1.73472347597681E-16,-1.,0.));
#12989=DIRECTION('ref_axis',(0.,0.,-1.));
#12990=DIRECTION('',(1.,-4.86851890292703E-16,0.));
#12991=DIRECTION('',(0.,0.,1.));
#12992=DIRECTION('center_axis',(-3.46944695195361E-16,1.,0.));
#12993=DIRECTION('ref_axis',(0.,0.,1.));
#12994=DIRECTION('',(-1.,-9.73703780585406E-16,0.));
#12995=DIRECTION('',(0.,0.,1.));
#12996=DIRECTION('center_axis',(0.,0.,-1.));
#12997=DIRECTION('ref_axis',(-1.,0.,0.));
#12998=DIRECTION('',(0.,-1.,0.));
#12999=DIRECTION('center_axis',(0.,0.,1.));
#13000=DIRECTION('ref_axis',(1.,0.,0.));
#13001=DIRECTION('center_axis',(0.,1.,0.));
#13002=DIRECTION('ref_axis',(0.,0.,1.));
#13003=DIRECTION('',(-1.,0.,0.));
#13004=DIRECTION('',(0.,0.,1.));
#13005=DIRECTION('center_axis',(0.,1.,0.));
#13006=DIRECTION('ref_axis',(0.,0.,1.));
#13007=DIRECTION('',(0.,0.,1.));
#13008=DIRECTION('',(-1.,0.,0.));
#13009=DIRECTION('center_axis',(0.,0.,-1.));
#13010=DIRECTION('ref_axis',(-1.,0.,0.));
#13011=DIRECTION('',(0.,1.,0.));
#13012=DIRECTION('center_axis',(0.,0.,1.));
#13013=DIRECTION('ref_axis',(1.,0.,0.));
#13014=DIRECTION('center_axis',(0.,1.,0.));
#13015=DIRECTION('ref_axis',(0.,0.,1.));
#13016=DIRECTION('',(0.,0.,-1.));
#13017=DIRECTION('center_axis',(0.,1.,0.));
#13018=DIRECTION('ref_axis',(0.,0.,1.));
#13019=DIRECTION('center_axis',(0.,0.,1.));
#13020=DIRECTION('ref_axis',(1.,0.,0.));
#13021=DIRECTION('',(1.,0.,0.));
#13022=DIRECTION('center_axis',(0.,0.,1.));
#13023=DIRECTION('ref_axis',(1.,0.,0.));
#13024=DIRECTION('center_axis',(0.,0.,1.));
#13025=DIRECTION('ref_axis',(1.,0.,0.));
#13026=DIRECTION('center_axis',(0.,1.,0.));
#13027=DIRECTION('ref_axis',(0.,0.,1.));
#13028=DIRECTION('center_axis',(0.,1.,0.));
#13029=DIRECTION('ref_axis',(0.,0.,1.));
#13030=DIRECTION('',(0.,0.,-1.));
#13031=DIRECTION('center_axis',(0.,0.,-1.));
#13032=DIRECTION('ref_axis',(-1.,0.,0.));
#13033=DIRECTION('',(0.,0.,-1.));
#13034=DIRECTION('center_axis',(0.,0.,-1.));
#13035=DIRECTION('ref_axis',(-1.,0.,0.));
#13036=DIRECTION('center_axis',(0.,0.,-1.));
#13037=DIRECTION('ref_axis',(-1.,0.,0.));
#13038=DIRECTION('center_axis',(-1.21675542340256E-16,1.37176479098641E-32,
-1.));
#13039=DIRECTION('ref_axis',(-1.,0.,1.21675542340256E-16));
#13040=DIRECTION('center_axis',(-1.21675542340256E-16,1.37176479098641E-32,
-1.));
#13041=DIRECTION('ref_axis',(-1.,0.,1.21675542340256E-16));
#13042=DIRECTION('',(0.,0.,-1.));
#13043=DIRECTION('center_axis',(0.,0.,-1.));
#13044=DIRECTION('ref_axis',(-1.,0.,0.));
#13045=DIRECTION('',(0.,0.,-1.));
#13046=DIRECTION('center_axis',(0.,0.,-1.));
#13047=DIRECTION('ref_axis',(-1.,0.,0.));
#13048=DIRECTION('center_axis',(0.,0.,-1.));
#13049=DIRECTION('ref_axis',(-1.,0.,0.));
#13050=DIRECTION('center_axis',(-1.21675542340256E-16,1.37176479098641E-32,
-1.));
#13051=DIRECTION('ref_axis',(-1.,0.,1.21675542340256E-16));
#13052=DIRECTION('center_axis',(-1.21675542340256E-16,1.37176479098641E-32,
-1.));
#13053=DIRECTION('ref_axis',(-1.,0.,1.21675542340256E-16));
#13054=DIRECTION('',(0.,0.,-1.));
#13055=DIRECTION('center_axis',(0.,0.,-1.));
#13056=DIRECTION('ref_axis',(-1.,0.,0.));
#13057=DIRECTION('center_axis',(-1.21675542340256E-16,1.37176479098641E-32,
-1.));
#13058=DIRECTION('ref_axis',(-1.,0.,1.21675542340256E-16));
#13059=DIRECTION('center_axis',(-1.21675542340256E-16,1.37176479098641E-32,
-1.));
#13060=DIRECTION('ref_axis',(-1.,0.,1.21675542340256E-16));
#13061=DIRECTION('',(0.,0.,-1.));
#13062=DIRECTION('center_axis',(0.,0.,-1.));
#13063=DIRECTION('ref_axis',(-1.,0.,0.));
#13064=DIRECTION('',(0.,0.,-1.));
#13065=DIRECTION('center_axis',(0.,0.,-1.));
#13066=DIRECTION('ref_axis',(-1.,0.,0.));
#13067=DIRECTION('center_axis',(0.,0.,-1.));
#13068=DIRECTION('ref_axis',(-1.,0.,0.));
#13069=DIRECTION('center_axis',(-1.21675542340256E-16,1.37176479098641E-32,
-1.));
#13070=DIRECTION('ref_axis',(-1.,0.,1.21675542340256E-16));
#13071=DIRECTION('center_axis',(-1.21675542340256E-16,1.37176479098641E-32,
-1.));
#13072=DIRECTION('ref_axis',(-1.,0.,1.21675542340256E-16));
#13073=DIRECTION('',(0.,0.,-1.));
#13074=DIRECTION('center_axis',(0.,0.,-1.));
#13075=DIRECTION('ref_axis',(-1.,0.,0.));
#13076=DIRECTION('',(0.,0.,-1.));
#13077=DIRECTION('center_axis',(0.,0.,-1.));
#13078=DIRECTION('ref_axis',(-1.,0.,0.));
#13079=DIRECTION('center_axis',(-1.,0.,0.));
#13080=DIRECTION('ref_axis',(0.,0.,1.));
#13081=DIRECTION('center_axis',(1.,0.,0.));
#13082=DIRECTION('ref_axis',(0.,0.,-1.));
#13083=DIRECTION('center_axis',(0.,1.,0.));
#13084=DIRECTION('ref_axis',(0.,0.,1.));
#13085=DIRECTION('',(0.,0.,1.));
#13086=DIRECTION('',(-1.,0.,0.));
#13087=DIRECTION('center_axis',(-1.,1.33440267382831E-16,0.));
#13088=DIRECTION('ref_axis',(0.,0.,1.));
#13089=DIRECTION('',(0.,0.,1.));
#13090=DIRECTION('',(-3.70074341541719E-16,-1.,0.));
#13091=DIRECTION('center_axis',(0.,1.,0.));
#13092=DIRECTION('ref_axis',(0.,0.,1.));
#13093=DIRECTION('',(-1.,0.,0.));
#13094=DIRECTION('center_axis',(0.,0.,-1.));
#13095=DIRECTION('ref_axis',(-1.,0.,0.));
#13096=DIRECTION('center_axis',(0.,0.,1.));
#13097=DIRECTION('ref_axis',(1.,0.,0.));
#13098=DIRECTION('center_axis',(1.,0.,0.));
#13099=DIRECTION('ref_axis',(0.,0.,-1.));
#13100=DIRECTION('',(0.,0.,1.));
#13101=DIRECTION('',(0.,1.,0.));
#13102=DIRECTION('',(0.,0.,1.));
#13103=DIRECTION('center_axis',(-1.73472347597681E-16,-1.,0.));
#13104=DIRECTION('ref_axis',(0.,0.,-1.));
#13105=DIRECTION('',(1.,0.,0.));
#13106=DIRECTION('center_axis',(0.,1.,0.));
#13107=DIRECTION('ref_axis',(0.,0.,1.));
#13108=DIRECTION('',(-1.,0.,0.));
#13109=DIRECTION('center_axis',(0.,0.,1.));
#13110=DIRECTION('ref_axis',(1.,0.,0.));
#13111=DIRECTION('center_axis',(0.,0.,1.));
#13112=DIRECTION('ref_axis',(1.,0.,0.));
#13113=DIRECTION('center_axis',(-1.,5.2968655755017E-16,0.));
#13114=DIRECTION('ref_axis',(0.,0.,1.));
#13115=DIRECTION('center_axis',(1.,0.,0.));
#13116=DIRECTION('ref_axis',(0.,0.,-1.));
#13117=DIRECTION('',(0.,0.,-1.));
#13118=DIRECTION('center_axis',(0.,1.,0.));
#13119=DIRECTION('ref_axis',(0.,0.,1.));
#13120=DIRECTION('center_axis',(0.,0.,1.));
#13121=DIRECTION('ref_axis',(1.,0.,0.));
#13122=DIRECTION('',(0.,0.,1.));
#13123=DIRECTION('center_axis',(0.,0.,1.));
#13124=DIRECTION('ref_axis',(1.,0.,0.));
#13125=DIRECTION('',(0.,0.,1.));
#13126=DIRECTION('center_axis',(0.,0.,1.));
#13127=DIRECTION('ref_axis',(1.,0.,0.));
#13128=DIRECTION('',(0.,0.,1.));
#13129=DIRECTION('center_axis',(0.,0.,1.));
#13130=DIRECTION('ref_axis',(1.,0.,0.));
#13131=DIRECTION('',(0.,0.,1.));
#13132=DIRECTION('center_axis',(0.,0.,-1.));
#13133=DIRECTION('ref_axis',(-1.,0.,0.));
#13134=DIRECTION('center_axis',(0.,0.,-1.));
#13135=DIRECTION('ref_axis',(-1.,0.,0.));
#13136=DIRECTION('center_axis',(0.,0.,-1.));
#13137=DIRECTION('ref_axis',(-1.,0.,0.));
#13138=DIRECTION('center_axis',(0.,0.,-1.));
#13139=DIRECTION('ref_axis',(-1.,0.,0.));
#13140=DIRECTION('center_axis',(-1.21675542340256E-16,1.37176479098641E-32,
-1.));
#13141=DIRECTION('ref_axis',(-1.,0.,1.21675542340256E-16));
#13142=DIRECTION('center_axis',(-1.21675542340256E-16,1.37176479098641E-32,
-1.));
#13143=DIRECTION('ref_axis',(-1.,0.,1.21675542340256E-16));
#13144=DIRECTION('center_axis',(-1.21675542340256E-16,1.37176479098641E-32,
-1.));
#13145=DIRECTION('ref_axis',(-1.,0.,1.21675542340256E-16));
#13146=DIRECTION('center_axis',(-1.21675542340256E-16,1.37176479098641E-32,
-1.));
#13147=DIRECTION('ref_axis',(-1.,0.,1.21675542340256E-16));
#13148=DIRECTION('center_axis',(0.,0.,1.));
#13149=DIRECTION('ref_axis',(1.,0.,0.));
#13150=DIRECTION('',(0.,0.,1.));
#13151=DIRECTION('center_axis',(0.,0.,1.));
#13152=DIRECTION('ref_axis',(1.,0.,0.));
#13153=DIRECTION('',(0.,0.,1.));
#13154=DIRECTION('center_axis',(0.,0.,1.));
#13155=DIRECTION('ref_axis',(1.,0.,0.));
#13156=DIRECTION('',(0.,0.,1.));
#13157=DIRECTION('center_axis',(0.,0.,1.));
#13158=DIRECTION('ref_axis',(1.,0.,0.));
#13159=DIRECTION('',(0.,0.,1.));
#13160=DIRECTION('center_axis',(0.,-1.,0.));
#13161=DIRECTION('ref_axis',(0.,0.,-1.));
#13162=DIRECTION('',(0.,0.,-1.));
#13163=DIRECTION('',(-1.,0.,0.));
#13164=DIRECTION('center_axis',(1.,0.,0.));
#13165=DIRECTION('ref_axis',(0.,0.,-1.));
#13166=DIRECTION('',(0.,-1.,0.));
#13167=DIRECTION('',(0.,0.,-1.));
#13168=DIRECTION('center_axis',(0.,1.,0.));
#13169=DIRECTION('ref_axis',(0.,0.,1.));
#13170=DIRECTION('',(1.,0.,0.));
#13171=DIRECTION('center_axis',(0.,0.,1.));
#13172=DIRECTION('ref_axis',(1.,0.,0.));
#13173=DIRECTION('center_axis',(-1.,0.,0.));
#13174=DIRECTION('ref_axis',(0.,0.,1.));
#13175=DIRECTION('',(0.,0.,-1.));
#13176=DIRECTION('',(0.,0.,-1.));
#13177=DIRECTION('center_axis',(0.,-1.,0.));
#13178=DIRECTION('ref_axis',(0.,0.,-1.));
#13179=DIRECTION('center_axis',(0.,1.,0.));
#13180=DIRECTION('ref_axis',(0.,0.,1.));
#13181=DIRECTION('center_axis',(0.,-1.,0.));
#13182=DIRECTION('ref_axis',(0.,0.,-1.));
#13183=DIRECTION('axis',(0.,0.,1.));
#13184=DIRECTION('refdir',(1.,0.,0.));
#13185=DIRECTION('axis',(0.,0.,1.));
#13186=DIRECTION('refdir',(1.,0.,0.));
#13187=DIRECTION('center_axis',(1.,0.,0.));
#13188=DIRECTION('ref_axis',(0.,0.,1.));
#13189=DIRECTION('',(0.,0.,1.));
#13190=DIRECTION('',(0.,1.,0.));
#13191=DIRECTION('',(0.,0.,1.));
#13192=DIRECTION('',(0.,1.,0.));
#13193=DIRECTION('center_axis',(0.,1.,0.));
#13194=DIRECTION('ref_axis',(0.,0.,1.));
#13195=DIRECTION('',(1.,0.,0.));
#13196=DIRECTION('',(0.,0.,1.));
#13197=DIRECTION('',(1.,0.,0.));
#13198=DIRECTION('center_axis',(0.,0.,1.));
#13199=DIRECTION('ref_axis',(1.,0.,0.));
#13200=DIRECTION('',(0.,1.,0.));
#13201=DIRECTION('',(1.,0.,0.));
#13202=DIRECTION('center_axis',(0.,0.,1.));
#13203=DIRECTION('ref_axis',(1.,0.,0.));
#13204=DIRECTION('center_axis',(0.,0.,1.));
#13205=DIRECTION('ref_axis',(1.,0.,0.));
#13206=DIRECTION('center_axis',(0.,0.,1.));
#13207=DIRECTION('ref_axis',(1.,0.,0.));
#13208=DIRECTION('center_axis',(0.,0.,1.));
#13209=DIRECTION('ref_axis',(1.,0.,0.));
#13210=DIRECTION('center_axis',(0.,0.,1.));
#13211=DIRECTION('ref_axis',(1.,0.,0.));
#13212=DIRECTION('center_axis',(0.,0.,1.));
#13213=DIRECTION('ref_axis',(1.,0.,0.));
#13214=DIRECTION('center_axis',(0.,0.,1.));
#13215=DIRECTION('ref_axis',(1.,0.,0.));
#13216=DIRECTION('center_axis',(0.,0.,1.));
#13217=DIRECTION('ref_axis',(1.,0.,0.));
#13218=DIRECTION('center_axis',(0.,0.,1.));
#13219=DIRECTION('ref_axis',(1.,0.,0.));
#13220=DIRECTION('center_axis',(0.,0.,1.));
#13221=DIRECTION('ref_axis',(1.,0.,0.));
#13222=DIRECTION('center_axis',(0.,0.,1.));
#13223=DIRECTION('ref_axis',(1.,0.,0.));
#13224=DIRECTION('center_axis',(0.,0.,1.));
#13225=DIRECTION('ref_axis',(1.,0.,0.));
#13226=DIRECTION('center_axis',(0.,0.,1.));
#13227=DIRECTION('ref_axis',(1.,0.,0.));
#13228=DIRECTION('center_axis',(0.,0.,1.));
#13229=DIRECTION('ref_axis',(1.,0.,0.));
#13230=DIRECTION('center_axis',(0.,0.,1.));
#13231=DIRECTION('ref_axis',(1.,0.,0.));
#13232=DIRECTION('center_axis',(0.,0.,1.));
#13233=DIRECTION('ref_axis',(1.,0.,0.));
#13234=DIRECTION('center_axis',(0.,0.,1.));
#13235=DIRECTION('ref_axis',(1.,0.,0.));
#13236=DIRECTION('center_axis',(0.,0.,1.));
#13237=DIRECTION('ref_axis',(1.,0.,0.));
#13238=DIRECTION('center_axis',(0.,0.,1.));
#13239=DIRECTION('ref_axis',(1.,0.,0.));
#13240=DIRECTION('center_axis',(0.,0.,1.));
#13241=DIRECTION('ref_axis',(1.,0.,0.));
#13242=DIRECTION('center_axis',(0.,0.,1.));
#13243=DIRECTION('ref_axis',(1.,0.,0.));
#13244=DIRECTION('center_axis',(0.,0.,1.));
#13245=DIRECTION('ref_axis',(1.,0.,0.));
#13246=DIRECTION('center_axis',(0.,0.,1.));
#13247=DIRECTION('ref_axis',(1.,0.,0.));
#13248=DIRECTION('center_axis',(0.,0.,1.));
#13249=DIRECTION('ref_axis',(1.,0.,0.));
#13250=DIRECTION('center_axis',(0.,0.,1.));
#13251=DIRECTION('ref_axis',(1.,0.,0.));
#13252=DIRECTION('center_axis',(0.,0.,1.));
#13253=DIRECTION('ref_axis',(1.,0.,0.));
#13254=DIRECTION('center_axis',(0.,0.,1.));
#13255=DIRECTION('ref_axis',(1.,0.,0.));
#13256=DIRECTION('center_axis',(0.,0.,1.));
#13257=DIRECTION('ref_axis',(1.,0.,0.));
#13258=DIRECTION('center_axis',(0.,0.,1.));
#13259=DIRECTION('ref_axis',(1.,0.,0.));
#13260=DIRECTION('center_axis',(0.,0.,1.));
#13261=DIRECTION('ref_axis',(1.,0.,0.));
#13262=DIRECTION('center_axis',(0.,0.,1.));
#13263=DIRECTION('ref_axis',(1.,0.,0.));
#13264=DIRECTION('center_axis',(0.,0.,1.));
#13265=DIRECTION('ref_axis',(1.,0.,0.));
#13266=DIRECTION('center_axis',(0.,0.,1.));
#13267=DIRECTION('ref_axis',(1.,0.,0.));
#13268=DIRECTION('center_axis',(0.,0.,1.));
#13269=DIRECTION('ref_axis',(1.,0.,0.));
#13270=DIRECTION('center_axis',(0.,0.,1.));
#13271=DIRECTION('ref_axis',(1.,0.,0.));
#13272=DIRECTION('center_axis',(0.,0.,1.));
#13273=DIRECTION('ref_axis',(1.,0.,0.));
#13274=DIRECTION('center_axis',(0.,0.,1.));
#13275=DIRECTION('ref_axis',(1.,0.,0.));
#13276=DIRECTION('center_axis',(0.,0.,1.));
#13277=DIRECTION('ref_axis',(1.,0.,0.));
#13278=DIRECTION('center_axis',(0.,0.,1.));
#13279=DIRECTION('ref_axis',(1.,0.,0.));
#13280=DIRECTION('center_axis',(0.,0.,1.));
#13281=DIRECTION('ref_axis',(1.,0.,0.));
#13282=DIRECTION('center_axis',(0.,0.,1.));
#13283=DIRECTION('ref_axis',(1.,0.,0.));
#13284=DIRECTION('center_axis',(0.,0.,1.));
#13285=DIRECTION('ref_axis',(1.,0.,0.));
#13286=DIRECTION('center_axis',(0.,0.,1.));
#13287=DIRECTION('ref_axis',(1.,0.,0.));
#13288=DIRECTION('center_axis',(0.,0.,1.));
#13289=DIRECTION('ref_axis',(1.,0.,0.));
#13290=DIRECTION('center_axis',(0.,0.,1.));
#13291=DIRECTION('ref_axis',(1.,0.,0.));
#13292=DIRECTION('center_axis',(0.,0.,1.));
#13293=DIRECTION('ref_axis',(1.,0.,0.));
#13294=DIRECTION('center_axis',(0.,1.,0.));
#13295=DIRECTION('ref_axis',(0.,0.,1.));
#13296=DIRECTION('',(1.,0.,0.));
#13297=DIRECTION('',(0.,0.,1.));
#13298=DIRECTION('center_axis',(0.,0.,1.));
#13299=DIRECTION('ref_axis',(1.,0.,0.));
#13300=DIRECTION('',(0.,1.,0.));
#13301=DIRECTION('center_axis',(0.,0.,1.));
#13302=DIRECTION('ref_axis',(1.,0.,0.));
#13303=DIRECTION('center_axis',(0.,0.,1.));
#13304=DIRECTION('ref_axis',(1.,0.,0.));
#13305=DIRECTION('center_axis',(0.,0.,1.));
#13306=DIRECTION('ref_axis',(1.,0.,0.));
#13307=DIRECTION('center_axis',(0.,0.,1.));
#13308=DIRECTION('ref_axis',(1.,0.,0.));
#13309=DIRECTION('center_axis',(0.,0.,1.));
#13310=DIRECTION('ref_axis',(1.,0.,0.));
#13311=DIRECTION('center_axis',(0.,0.,1.));
#13312=DIRECTION('ref_axis',(1.,0.,0.));
#13313=DIRECTION('center_axis',(0.,0.,1.));
#13314=DIRECTION('ref_axis',(1.,0.,0.));
#13315=DIRECTION('center_axis',(0.,0.,1.));
#13316=DIRECTION('ref_axis',(1.,0.,0.));
#13317=DIRECTION('center_axis',(0.,0.,1.));
#13318=DIRECTION('ref_axis',(1.,0.,0.));
#13319=DIRECTION('center_axis',(0.,0.,1.));
#13320=DIRECTION('ref_axis',(1.,0.,0.));
#13321=DIRECTION('center_axis',(0.,0.,1.));
#13322=DIRECTION('ref_axis',(1.,0.,0.));
#13323=DIRECTION('center_axis',(0.,0.,1.));
#13324=DIRECTION('ref_axis',(1.,0.,0.));
#13325=DIRECTION('center_axis',(0.,0.,1.));
#13326=DIRECTION('ref_axis',(1.,0.,0.));
#13327=DIRECTION('center_axis',(0.,0.,1.));
#13328=DIRECTION('ref_axis',(1.,0.,0.));
#13329=DIRECTION('center_axis',(0.,0.,1.));
#13330=DIRECTION('ref_axis',(1.,0.,0.));
#13331=DIRECTION('center_axis',(0.,0.,1.));
#13332=DIRECTION('ref_axis',(1.,0.,0.));
#13333=DIRECTION('center_axis',(0.,0.,1.));
#13334=DIRECTION('ref_axis',(1.,0.,0.));
#13335=DIRECTION('center_axis',(0.,0.,1.));
#13336=DIRECTION('ref_axis',(1.,0.,0.));
#13337=DIRECTION('center_axis',(0.,0.,1.));
#13338=DIRECTION('ref_axis',(1.,0.,0.));
#13339=DIRECTION('center_axis',(0.,0.,1.));
#13340=DIRECTION('ref_axis',(1.,0.,0.));
#13341=DIRECTION('center_axis',(0.,0.,1.));
#13342=DIRECTION('ref_axis',(1.,0.,0.));
#13343=DIRECTION('center_axis',(0.,0.,1.));
#13344=DIRECTION('ref_axis',(1.,0.,0.));
#13345=DIRECTION('center_axis',(0.,0.,1.));
#13346=DIRECTION('ref_axis',(1.,0.,0.));
#13347=DIRECTION('center_axis',(0.,0.,1.));
#13348=DIRECTION('ref_axis',(1.,0.,0.));
#13349=DIRECTION('center_axis',(0.,0.,1.));
#13350=DIRECTION('ref_axis',(1.,0.,0.));
#13351=DIRECTION('center_axis',(0.,0.,1.));
#13352=DIRECTION('ref_axis',(1.,0.,0.));
#13353=DIRECTION('center_axis',(0.,0.,1.));
#13354=DIRECTION('ref_axis',(1.,0.,0.));
#13355=DIRECTION('center_axis',(0.,0.,1.));
#13356=DIRECTION('ref_axis',(1.,0.,0.));
#13357=DIRECTION('center_axis',(0.,0.,1.));
#13358=DIRECTION('ref_axis',(1.,0.,0.));
#13359=DIRECTION('center_axis',(0.,0.,1.));
#13360=DIRECTION('ref_axis',(1.,0.,0.));
#13361=DIRECTION('center_axis',(0.,0.,1.));
#13362=DIRECTION('ref_axis',(1.,0.,0.));
#13363=DIRECTION('center_axis',(0.,0.,1.));
#13364=DIRECTION('ref_axis',(1.,0.,0.));
#13365=DIRECTION('center_axis',(0.,0.,1.));
#13366=DIRECTION('ref_axis',(1.,0.,0.));
#13367=DIRECTION('center_axis',(0.,0.,1.));
#13368=DIRECTION('ref_axis',(1.,0.,0.));
#13369=DIRECTION('center_axis',(0.,0.,1.));
#13370=DIRECTION('ref_axis',(1.,0.,0.));
#13371=DIRECTION('center_axis',(0.,0.,1.));
#13372=DIRECTION('ref_axis',(1.,0.,0.));
#13373=DIRECTION('',(-1.,0.,0.));
#13374=DIRECTION('center_axis',(0.,0.,1.));
#13375=DIRECTION('ref_axis',(1.,0.,0.));
#13376=DIRECTION('',(0.,1.,0.));
#13377=DIRECTION('center_axis',(0.,0.,1.));
#13378=DIRECTION('ref_axis',(1.,0.,0.));
#13379=DIRECTION('',(-1.,0.,0.));
#13380=DIRECTION('center_axis',(0.,0.,1.));
#13381=DIRECTION('ref_axis',(1.,0.,0.));
#13382=DIRECTION('',(0.,1.,0.));
#13383=DIRECTION('center_axis',(0.,0.,1.));
#13384=DIRECTION('ref_axis',(1.,0.,0.));
#13385=DIRECTION('center_axis',(0.,0.,1.));
#13386=DIRECTION('ref_axis',(1.,0.,0.));
#13387=DIRECTION('center_axis',(0.,0.,1.));
#13388=DIRECTION('ref_axis',(1.,0.,0.));
#13389=DIRECTION('center_axis',(0.,0.,1.));
#13390=DIRECTION('ref_axis',(1.,0.,0.));
#13391=DIRECTION('center_axis',(0.,0.,1.));
#13392=DIRECTION('ref_axis',(1.,0.,0.));
#13393=DIRECTION('center_axis',(0.,0.,1.));
#13394=DIRECTION('ref_axis',(1.,0.,0.));
#13395=DIRECTION('center_axis',(0.,0.,1.));
#13396=DIRECTION('ref_axis',(1.,0.,0.));
#13397=DIRECTION('center_axis',(0.,0.,1.));
#13398=DIRECTION('ref_axis',(1.,0.,0.));
#13399=DIRECTION('center_axis',(0.,0.,1.));
#13400=DIRECTION('ref_axis',(1.,0.,0.));
#13401=DIRECTION('center_axis',(0.,0.,1.));
#13402=DIRECTION('ref_axis',(1.,0.,0.));
#13403=DIRECTION('center_axis',(0.,0.,1.));
#13404=DIRECTION('ref_axis',(1.,0.,0.));
#13405=DIRECTION('center_axis',(1.,0.,0.));
#13406=DIRECTION('ref_axis',(0.,0.,1.));
#13407=DIRECTION('center_axis',(0.,0.,1.));
#13408=DIRECTION('ref_axis',(1.,0.,0.));
#13409=DIRECTION('',(0.,0.,1.));
#13410=DIRECTION('center_axis',(0.,0.,1.));
#13411=DIRECTION('ref_axis',(1.,0.,0.));
#13412=DIRECTION('',(0.,0.,1.));
#13413=DIRECTION('center_axis',(0.,0.,1.));
#13414=DIRECTION('ref_axis',(1.,0.,0.));
#13415=DIRECTION('',(0.,0.,1.));
#13416=DIRECTION('center_axis',(0.,0.,1.));
#13417=DIRECTION('ref_axis',(1.,0.,0.));
#13418=DIRECTION('',(0.,0.,1.));
#13419=DIRECTION('center_axis',(0.,0.,1.));
#13420=DIRECTION('ref_axis',(1.,0.,0.));
#13421=DIRECTION('',(0.,0.,1.));
#13422=DIRECTION('center_axis',(0.,0.,1.));
#13423=DIRECTION('ref_axis',(1.,0.,0.));
#13424=DIRECTION('',(0.,0.,1.));
#13425=DIRECTION('center_axis',(0.,0.,1.));
#13426=DIRECTION('ref_axis',(1.,0.,0.));
#13427=DIRECTION('',(0.,0.,1.));
#13428=DIRECTION('center_axis',(0.,0.,1.));
#13429=DIRECTION('ref_axis',(1.,0.,0.));
#13430=DIRECTION('',(0.,0.,1.));
#13431=DIRECTION('center_axis',(0.,0.,1.));
#13432=DIRECTION('ref_axis',(1.,0.,0.));
#13433=DIRECTION('',(0.,0.,1.));
#13434=DIRECTION('center_axis',(0.,0.,1.));
#13435=DIRECTION('ref_axis',(1.,0.,0.));
#13436=DIRECTION('',(0.,0.,1.));
#13437=DIRECTION('center_axis',(0.,0.,1.));
#13438=DIRECTION('ref_axis',(1.,0.,0.));
#13439=DIRECTION('',(0.,0.,1.));
#13440=DIRECTION('center_axis',(0.,0.,1.));
#13441=DIRECTION('ref_axis',(1.,0.,0.));
#13442=DIRECTION('',(0.,0.,1.));
#13443=DIRECTION('center_axis',(0.,0.,1.));
#13444=DIRECTION('ref_axis',(1.,0.,0.));
#13445=DIRECTION('',(0.,0.,1.));
#13446=DIRECTION('center_axis',(0.,0.,1.));
#13447=DIRECTION('ref_axis',(1.,0.,0.));
#13448=DIRECTION('',(0.,0.,1.));
#13449=DIRECTION('center_axis',(0.,0.,1.));
#13450=DIRECTION('ref_axis',(1.,0.,0.));
#13451=DIRECTION('',(0.,0.,1.));
#13452=DIRECTION('center_axis',(0.,0.,1.));
#13453=DIRECTION('ref_axis',(1.,0.,0.));
#13454=DIRECTION('',(0.,0.,1.));
#13455=DIRECTION('center_axis',(0.,0.,1.));
#13456=DIRECTION('ref_axis',(1.,0.,0.));
#13457=DIRECTION('',(0.,0.,1.));
#13458=DIRECTION('center_axis',(0.,0.,1.));
#13459=DIRECTION('ref_axis',(1.,0.,0.));
#13460=DIRECTION('',(0.,0.,1.));
#13461=DIRECTION('center_axis',(0.,0.,1.));
#13462=DIRECTION('ref_axis',(1.,0.,0.));
#13463=DIRECTION('',(0.,0.,1.));
#13464=DIRECTION('center_axis',(0.,0.,1.));
#13465=DIRECTION('ref_axis',(1.,0.,0.));
#13466=DIRECTION('',(0.,0.,1.));
#13467=DIRECTION('center_axis',(0.,0.,1.));
#13468=DIRECTION('ref_axis',(1.,0.,0.));
#13469=DIRECTION('',(0.,0.,1.));
#13470=DIRECTION('center_axis',(0.,0.,1.));
#13471=DIRECTION('ref_axis',(1.,0.,0.));
#13472=DIRECTION('',(0.,0.,1.));
#13473=DIRECTION('center_axis',(0.,0.,1.));
#13474=DIRECTION('ref_axis',(1.,0.,0.));
#13475=DIRECTION('',(0.,0.,1.));
#13476=DIRECTION('center_axis',(0.,0.,1.));
#13477=DIRECTION('ref_axis',(1.,0.,0.));
#13478=DIRECTION('',(0.,0.,1.));
#13479=DIRECTION('center_axis',(0.,0.,1.));
#13480=DIRECTION('ref_axis',(1.,0.,0.));
#13481=DIRECTION('',(0.,0.,1.));
#13482=DIRECTION('center_axis',(0.,0.,1.));
#13483=DIRECTION('ref_axis',(1.,0.,0.));
#13484=DIRECTION('',(0.,0.,1.));
#13485=DIRECTION('center_axis',(0.,0.,1.));
#13486=DIRECTION('ref_axis',(1.,0.,0.));
#13487=DIRECTION('',(0.,0.,1.));
#13488=DIRECTION('center_axis',(0.,0.,1.));
#13489=DIRECTION('ref_axis',(1.,0.,0.));
#13490=DIRECTION('',(0.,0.,1.));
#13491=DIRECTION('center_axis',(0.,0.,1.));
#13492=DIRECTION('ref_axis',(1.,0.,0.));
#13493=DIRECTION('',(0.,0.,1.));
#13494=DIRECTION('center_axis',(0.,0.,1.));
#13495=DIRECTION('ref_axis',(1.,0.,0.));
#13496=DIRECTION('',(0.,0.,1.));
#13497=DIRECTION('center_axis',(0.,0.,1.));
#13498=DIRECTION('ref_axis',(1.,0.,0.));
#13499=DIRECTION('',(0.,0.,1.));
#13500=DIRECTION('center_axis',(0.,0.,1.));
#13501=DIRECTION('ref_axis',(1.,0.,0.));
#13502=DIRECTION('',(0.,0.,1.));
#13503=DIRECTION('center_axis',(0.,0.,1.));
#13504=DIRECTION('ref_axis',(1.,0.,0.));
#13505=DIRECTION('',(0.,0.,1.));
#13506=DIRECTION('center_axis',(0.,0.,1.));
#13507=DIRECTION('ref_axis',(1.,0.,0.));
#13508=DIRECTION('',(0.,0.,1.));
#13509=DIRECTION('center_axis',(0.,0.,1.));
#13510=DIRECTION('ref_axis',(1.,0.,0.));
#13511=DIRECTION('',(0.,0.,1.));
#13512=DIRECTION('center_axis',(0.,0.,1.));
#13513=DIRECTION('ref_axis',(1.,0.,0.));
#13514=DIRECTION('',(0.,0.,1.));
#13515=DIRECTION('center_axis',(0.,0.,1.));
#13516=DIRECTION('ref_axis',(1.,0.,0.));
#13517=DIRECTION('',(0.,0.,1.));
#13518=DIRECTION('center_axis',(0.,0.,1.));
#13519=DIRECTION('ref_axis',(1.,0.,0.));
#13520=DIRECTION('',(0.,0.,1.));
#13521=DIRECTION('center_axis',(0.,0.,1.));
#13522=DIRECTION('ref_axis',(1.,0.,0.));
#13523=DIRECTION('',(0.,0.,1.));
#13524=DIRECTION('center_axis',(0.,0.,1.));
#13525=DIRECTION('ref_axis',(1.,0.,0.));
#13526=DIRECTION('',(0.,0.,1.));
#13527=DIRECTION('center_axis',(0.,0.,1.));
#13528=DIRECTION('ref_axis',(1.,0.,0.));
#13529=DIRECTION('',(0.,0.,1.));
#13530=DIRECTION('center_axis',(0.,0.,1.));
#13531=DIRECTION('ref_axis',(1.,0.,0.));
#13532=DIRECTION('',(0.,0.,1.));
#13533=DIRECTION('center_axis',(0.,0.,1.));
#13534=DIRECTION('ref_axis',(1.,0.,0.));
#13535=DIRECTION('',(0.,0.,1.));
#13536=DIRECTION('center_axis',(0.,0.,1.));
#13537=DIRECTION('ref_axis',(1.,0.,0.));
#13538=DIRECTION('',(0.,0.,1.));
#13539=DIRECTION('center_axis',(0.,0.,1.));
#13540=DIRECTION('ref_axis',(1.,0.,0.));
#13541=DIRECTION('',(0.,0.,1.));
#13542=DIRECTION('center_axis',(0.,0.,1.));
#13543=DIRECTION('ref_axis',(1.,0.,0.));
#13544=DIRECTION('',(0.,0.,1.));
#13545=DIRECTION('center_axis',(0.,0.,1.));
#13546=DIRECTION('ref_axis',(1.,0.,0.));
#13547=DIRECTION('center_axis',(0.,0.,1.));
#13548=DIRECTION('ref_axis',(1.,0.,0.));
#13549=DIRECTION('',(0.,0.,1.));
#13550=DIRECTION('',(0.,0.,1.));
#13551=DIRECTION('center_axis',(0.,1.,0.));
#13552=DIRECTION('ref_axis',(0.,0.,1.));
#13553=DIRECTION('',(1.,0.,0.));
#13554=DIRECTION('',(0.,0.,1.));
#13555=DIRECTION('center_axis',(0.,0.,1.));
#13556=DIRECTION('ref_axis',(1.,0.,0.));
#13557=DIRECTION('center_axis',(0.,0.,1.));
#13558=DIRECTION('ref_axis',(1.,0.,0.));
#13559=DIRECTION('',(0.,0.,1.));
#13560=DIRECTION('center_axis',(1.,0.,0.));
#13561=DIRECTION('ref_axis',(0.,0.,1.));
#13562=DIRECTION('',(0.,0.,1.));
#13563=DIRECTION('',(0.,1.,0.));
#13564=DIRECTION('center_axis',(0.,0.,1.));
#13565=DIRECTION('ref_axis',(1.,0.,0.));
#13566=DIRECTION('center_axis',(0.,0.,1.));
#13567=DIRECTION('ref_axis',(1.,0.,0.));
#13568=DIRECTION('',(0.,0.,1.));
#13569=DIRECTION('center_axis',(0.,1.,0.));
#13570=DIRECTION('ref_axis',(0.,0.,1.));
#13571=DIRECTION('',(0.,0.,1.));
#13572=DIRECTION('',(1.,0.,0.));
#13573=DIRECTION('center_axis',(0.,0.,1.));
#13574=DIRECTION('ref_axis',(1.,0.,0.));
#13575=DIRECTION('center_axis',(0.,0.,1.));
#13576=DIRECTION('ref_axis',(1.,0.,0.));
#13577=DIRECTION('',(0.,0.,1.));
#13578=DIRECTION('center_axis',(1.,0.,0.));
#13579=DIRECTION('ref_axis',(0.,0.,1.));
#13580=DIRECTION('',(0.,1.,0.));
#13581=DIRECTION('center_axis',(0.,0.,1.));
#13582=DIRECTION('ref_axis',(1.,0.,0.));
#13583=DIRECTION('',(1.,0.,0.));
#13584=DIRECTION('',(0.,1.,0.));
#13585=DIRECTION('center_axis',(0.,0.,1.));
#13586=DIRECTION('ref_axis',(1.,0.,0.));
#13587=DIRECTION('center_axis',(0.,0.,1.));
#13588=DIRECTION('ref_axis',(1.,0.,0.));
#13589=DIRECTION('',(1.,0.,0.));
#13590=DIRECTION('center_axis',(0.,0.,1.));
#13591=DIRECTION('ref_axis',(1.,0.,0.));
#13592=DIRECTION('center_axis',(0.,0.,1.));
#13593=DIRECTION('ref_axis',(1.,0.,0.));
#13594=DIRECTION('',(0.,1.,0.));
#13595=DIRECTION('',(1.,0.,0.));
#13596=DIRECTION('center_axis',(0.,0.,1.));
#13597=DIRECTION('ref_axis',(1.,0.,0.));
#13598=DIRECTION('center_axis',(0.,0.,1.));
#13599=DIRECTION('ref_axis',(1.,0.,0.));
#13600=DIRECTION('',(0.,1.,0.));
#13601=DIRECTION('center_axis',(0.,0.,1.));
#13602=DIRECTION('ref_axis',(1.,0.,0.));
#13603=DIRECTION('center_axis',(0.,0.,1.));
#13604=DIRECTION('ref_axis',(1.,0.,0.));
#13605=DIRECTION('',(1.,0.,0.));
#13606=DIRECTION('',(0.,1.,0.));
#13607=DIRECTION('center_axis',(0.,0.,1.));
#13608=DIRECTION('ref_axis',(1.,0.,0.));
#13609=DIRECTION('center_axis',(0.,0.,1.));
#13610=DIRECTION('ref_axis',(1.,0.,0.));
#13611=DIRECTION('',(1.,0.,0.));
#13612=DIRECTION('center_axis',(0.,0.,1.));
#13613=DIRECTION('ref_axis',(1.,0.,0.));
#13614=DIRECTION('center_axis',(0.,0.,1.));
#13615=DIRECTION('ref_axis',(1.,0.,0.));
#13616=DIRECTION('',(0.,1.,0.));
#13617=DIRECTION('',(1.,0.,0.));
#13618=DIRECTION('center_axis',(0.,0.,1.));
#13619=DIRECTION('ref_axis',(1.,0.,0.));
#13620=DIRECTION('center_axis',(0.,0.,1.));
#13621=DIRECTION('ref_axis',(1.,0.,0.));
#13622=DIRECTION('',(0.,1.,0.));
#13623=DIRECTION('center_axis',(0.,0.,1.));
#13624=DIRECTION('ref_axis',(1.,0.,0.));
#13625=DIRECTION('center_axis',(0.,0.,1.));
#13626=DIRECTION('ref_axis',(1.,0.,0.));
#13627=DIRECTION('',(0.,1.,0.));
#13628=DIRECTION('center_axis',(0.,0.,1.));
#13629=DIRECTION('ref_axis',(1.,0.,0.));
#13630=DIRECTION('',(1.,0.,0.));
#13631=DIRECTION('center_axis',(0.,0.,1.));
#13632=DIRECTION('ref_axis',(1.,0.,0.));
#13633=DIRECTION('center_axis',(0.,0.,1.));
#13634=DIRECTION('ref_axis',(1.,0.,0.));
#13635=DIRECTION('center_axis',(0.,0.,1.));
#13636=DIRECTION('ref_axis',(1.,0.,0.));
#13637=DIRECTION('center_axis',(0.,0.,1.));
#13638=DIRECTION('ref_axis',(1.,0.,0.));
#13639=DIRECTION('center_axis',(0.,0.,1.));
#13640=DIRECTION('ref_axis',(1.,0.,0.));
#13641=DIRECTION('center_axis',(0.,0.,1.));
#13642=DIRECTION('ref_axis',(1.,0.,0.));
#13643=DIRECTION('',(1.,0.,0.));
#13644=DIRECTION('center_axis',(0.,0.,1.));
#13645=DIRECTION('ref_axis',(1.,0.,0.));
#13646=DIRECTION('',(0.,1.,0.));
#13647=DIRECTION('center_axis',(0.,0.,1.));
#13648=DIRECTION('ref_axis',(1.,0.,0.));
#13649=DIRECTION('',(0.,1.,0.));
#13650=DIRECTION('center_axis',(0.,0.,1.));
#13651=DIRECTION('ref_axis',(1.,0.,0.));
#13652=DIRECTION('',(1.,0.,0.));
#13653=DIRECTION('center_axis',(0.,0.,1.));
#13654=DIRECTION('ref_axis',(1.,0.,0.));
#13655=DIRECTION('',(1.,0.,0.));
#13656=DIRECTION('center_axis',(0.,0.,1.));
#13657=DIRECTION('ref_axis',(1.,0.,0.));
#13658=DIRECTION('',(0.,1.,0.));
#13659=DIRECTION('center_axis',(0.,0.,1.));
#13660=DIRECTION('ref_axis',(1.,0.,0.));
#13661=DIRECTION('center_axis',(0.,0.,1.));
#13662=DIRECTION('ref_axis',(1.,0.,0.));
#13663=DIRECTION('center_axis',(0.,0.,1.));
#13664=DIRECTION('ref_axis',(1.,0.,0.));
#13665=DIRECTION('center_axis',(0.,0.,1.));
#13666=DIRECTION('ref_axis',(1.,0.,0.));
#13667=DIRECTION('axis',(0.,0.,1.));
#13668=DIRECTION('refdir',(1.,0.,0.));
#13669=DIRECTION('center_axis',(-1.,1.224646799147E-16,0.));
#13670=DIRECTION('ref_axis',(0.,0.,1.));
#13671=DIRECTION('',(0.,0.,1.));
#13672=DIRECTION('',(-1.224646799147E-16,-1.,0.));
#13673=DIRECTION('',(0.,0.,1.));
#13674=DIRECTION('',(-1.224646799147E-16,-1.,0.));
#13675=DIRECTION('center_axis',(-1.,1.224646799147E-16,0.));
#13676=DIRECTION('ref_axis',(0.,0.,1.));
#13677=DIRECTION('',(0.,0.,1.));
#13678=DIRECTION('',(-1.224646799147E-16,-1.,0.));
#13679=DIRECTION('',(0.,0.,1.));
#13680=DIRECTION('',(-1.224646799147E-16,-1.,0.));
#13681=DIRECTION('center_axis',(-1.224646799147E-16,-1.,0.));
#13682=DIRECTION('ref_axis',(0.,0.,1.));
#13683=DIRECTION('',(-1.,1.224646799147E-16,0.));
#13684=DIRECTION('',(-1.,1.224646799147E-16,0.));
#13685=DIRECTION('center_axis',(-1.224646799147E-16,-1.,0.));
#13686=DIRECTION('ref_axis',(0.,0.,1.));
#13687=DIRECTION('',(-1.,1.224646799147E-16,0.));
#13688=DIRECTION('',(-1.,1.224646799147E-16,0.));
#13689=DIRECTION('center_axis',(0.,0.,1.));
#13690=DIRECTION('ref_axis',(-1.,1.224646799147E-16,0.));
#13691=DIRECTION('center_axis',(0.,0.,1.));
#13692=DIRECTION('ref_axis',(-1.,1.224646799147E-16,0.));
#13693=DIRECTION('axis',(0.,0.,1.));
#13694=DIRECTION('refdir',(1.,0.,0.));
#13695=DIRECTION('center_axis',(-1.,1.224646799147E-16,0.));
#13696=DIRECTION('ref_axis',(0.,0.,1.));
#13697=DIRECTION('',(0.,0.,1.));
#13698=DIRECTION('',(-1.224646799147E-16,-1.,0.));
#13699=DIRECTION('',(0.,0.,1.));
#13700=DIRECTION('',(-1.224646799147E-16,-1.,0.));
#13701=DIRECTION('center_axis',(-1.,1.224646799147E-16,0.));
#13702=DIRECTION('ref_axis',(0.,0.,1.));
#13703=DIRECTION('',(0.,0.,1.));
#13704=DIRECTION('',(-1.224646799147E-16,-1.,0.));
#13705=DIRECTION('',(0.,0.,1.));
#13706=DIRECTION('',(-1.224646799147E-16,-1.,0.));
#13707=DIRECTION('center_axis',(-1.224646799147E-16,-1.,0.));
#13708=DIRECTION('ref_axis',(0.,0.,1.));
#13709=DIRECTION('',(-1.,1.224646799147E-16,0.));
#13710=DIRECTION('',(-1.,1.224646799147E-16,0.));
#13711=DIRECTION('center_axis',(-1.224646799147E-16,-1.,0.));
#13712=DIRECTION('ref_axis',(0.,0.,1.));
#13713=DIRECTION('',(-1.,1.224646799147E-16,0.));
#13714=DIRECTION('',(-1.,1.224646799147E-16,0.));
#13715=DIRECTION('center_axis',(0.,0.,1.));
#13716=DIRECTION('ref_axis',(-1.,1.224646799147E-16,0.));
#13717=DIRECTION('center_axis',(0.,0.,1.));
#13718=DIRECTION('ref_axis',(-1.,1.224646799147E-16,0.));
#13719=DIRECTION('axis',(0.,0.,1.));
#13720=DIRECTION('refdir',(1.,0.,0.));
#13721=DIRECTION('center_axis',(-1.,1.224646799147E-16,0.));
#13722=DIRECTION('ref_axis',(0.,0.,1.));
#13723=DIRECTION('',(0.,0.,1.));
#13724=DIRECTION('',(-1.224646799147E-16,-1.,0.));
#13725=DIRECTION('',(0.,0.,1.));
#13726=DIRECTION('',(-1.224646799147E-16,-1.,0.));
#13727=DIRECTION('center_axis',(-1.,1.224646799147E-16,0.));
#13728=DIRECTION('ref_axis',(0.,0.,1.));
#13729=DIRECTION('',(0.,0.,1.));
#13730=DIRECTION('',(-1.224646799147E-16,-1.,0.));
#13731=DIRECTION('',(0.,0.,1.));
#13732=DIRECTION('',(-1.224646799147E-16,-1.,0.));
#13733=DIRECTION('center_axis',(-1.224646799147E-16,-1.,0.));
#13734=DIRECTION('ref_axis',(0.,0.,1.));
#13735=DIRECTION('',(-1.,1.224646799147E-16,0.));
#13736=DIRECTION('',(-1.,1.224646799147E-16,0.));
#13737=DIRECTION('center_axis',(-1.224646799147E-16,-1.,0.));
#13738=DIRECTION('ref_axis',(0.,0.,1.));
#13739=DIRECTION('',(-1.,1.224646799147E-16,0.));
#13740=DIRECTION('',(-1.,1.224646799147E-16,0.));
#13741=DIRECTION('center_axis',(0.,0.,1.));
#13742=DIRECTION('ref_axis',(-1.,1.224646799147E-16,0.));
#13743=DIRECTION('center_axis',(0.,0.,1.));
#13744=DIRECTION('ref_axis',(-1.,1.224646799147E-16,0.));
#13745=DIRECTION('axis',(0.,0.,1.));
#13746=DIRECTION('refdir',(1.,0.,0.));
#13747=DIRECTION('center_axis',(1.,0.,0.));
#13748=DIRECTION('ref_axis',(0.,0.,1.));
#13749=DIRECTION('',(0.,0.,1.));
#13750=DIRECTION('',(0.,1.,0.));
#13751=DIRECTION('',(0.,0.,1.));
#13752=DIRECTION('',(0.,1.,0.));
#13753=DIRECTION('center_axis',(1.,0.,0.));
#13754=DIRECTION('ref_axis',(0.,0.,1.));
#13755=DIRECTION('',(0.,0.,1.));
#13756=DIRECTION('',(0.,1.,0.));
#13757=DIRECTION('',(0.,0.,1.));
#13758=DIRECTION('',(0.,1.,0.));
#13759=DIRECTION('center_axis',(0.,1.,0.));
#13760=DIRECTION('ref_axis',(0.,0.,1.));
#13761=DIRECTION('',(1.,0.,0.));
#13762=DIRECTION('',(1.,0.,0.));
#13763=DIRECTION('center_axis',(0.,1.,0.));
#13764=DIRECTION('ref_axis',(0.,0.,1.));
#13765=DIRECTION('',(1.,0.,0.));
#13766=DIRECTION('',(1.,0.,0.));
#13767=DIRECTION('center_axis',(0.,0.,1.));
#13768=DIRECTION('ref_axis',(1.,0.,0.));
#13769=DIRECTION('center_axis',(0.,0.,1.));
#13770=DIRECTION('ref_axis',(1.,0.,0.));
#13771=DIRECTION('axis',(0.,0.,1.));
#13772=DIRECTION('refdir',(1.,0.,0.));
#13773=DIRECTION('center_axis',(1.,0.,0.));
#13774=DIRECTION('ref_axis',(0.,0.,1.));
#13775=DIRECTION('',(0.,0.,1.));
#13776=DIRECTION('',(0.,1.,0.));
#13777=DIRECTION('',(0.,0.,1.));
#13778=DIRECTION('',(0.,1.,0.));
#13779=DIRECTION('center_axis',(1.,0.,0.));
#13780=DIRECTION('ref_axis',(0.,0.,1.));
#13781=DIRECTION('',(0.,0.,1.));
#13782=DIRECTION('',(0.,1.,0.));
#13783=DIRECTION('',(0.,0.,1.));
#13784=DIRECTION('',(0.,1.,0.));
#13785=DIRECTION('center_axis',(0.,1.,0.));
#13786=DIRECTION('ref_axis',(0.,0.,1.));
#13787=DIRECTION('',(1.,0.,0.));
#13788=DIRECTION('',(1.,0.,0.));
#13789=DIRECTION('center_axis',(0.,1.,0.));
#13790=DIRECTION('ref_axis',(0.,0.,1.));
#13791=DIRECTION('',(1.,0.,0.));
#13792=DIRECTION('',(1.,0.,0.));
#13793=DIRECTION('center_axis',(0.,0.,1.));
#13794=DIRECTION('ref_axis',(1.,0.,0.));
#13795=DIRECTION('center_axis',(0.,0.,1.));
#13796=DIRECTION('ref_axis',(1.,0.,0.));
#13797=DIRECTION('axis',(0.,0.,1.));
#13798=DIRECTION('refdir',(1.,0.,0.));
#13799=DIRECTION('center_axis',(1.,0.,0.));
#13800=DIRECTION('ref_axis',(0.,0.,1.));
#13801=DIRECTION('',(0.,0.,1.));
#13802=DIRECTION('',(0.,1.,0.));
#13803=DIRECTION('',(0.,0.,1.));
#13804=DIRECTION('',(0.,1.,0.));
#13805=DIRECTION('center_axis',(1.,0.,0.));
#13806=DIRECTION('ref_axis',(0.,0.,1.));
#13807=DIRECTION('',(0.,0.,1.));
#13808=DIRECTION('',(0.,1.,0.));
#13809=DIRECTION('',(0.,0.,1.));
#13810=DIRECTION('',(0.,1.,0.));
#13811=DIRECTION('center_axis',(0.,1.,0.));
#13812=DIRECTION('ref_axis',(0.,0.,1.));
#13813=DIRECTION('',(1.,0.,0.));
#13814=DIRECTION('',(1.,0.,0.));
#13815=DIRECTION('center_axis',(0.,1.,0.));
#13816=DIRECTION('ref_axis',(0.,0.,1.));
#13817=DIRECTION('',(1.,0.,0.));
#13818=DIRECTION('',(1.,0.,0.));
#13819=DIRECTION('center_axis',(0.,0.,1.));
#13820=DIRECTION('ref_axis',(1.,0.,0.));
#13821=DIRECTION('center_axis',(0.,0.,1.));
#13822=DIRECTION('ref_axis',(1.,0.,0.));
#13823=DIRECTION('axis',(0.,0.,1.));
#13824=DIRECTION('refdir',(1.,0.,0.));
#13825=DIRECTION('center_axis',(1.110223024625E-16,1.,0.));
#13826=DIRECTION('ref_axis',(0.,0.,1.));
#13827=DIRECTION('',(0.,0.,1.));
#13828=DIRECTION('',(-1.,1.110223024625E-16,0.));
#13829=DIRECTION('',(0.,0.,1.));
#13830=DIRECTION('',(-1.,1.110223024625E-16,0.));
#13831=DIRECTION('center_axis',(1.110223024625E-16,1.,0.));
#13832=DIRECTION('ref_axis',(0.,0.,1.));
#13833=DIRECTION('',(0.,0.,1.));
#13834=DIRECTION('',(-1.,1.110223024625E-16,0.));
#13835=DIRECTION('',(0.,0.,1.));
#13836=DIRECTION('',(-1.,1.110223024625E-16,0.));
#13837=DIRECTION('center_axis',(-1.,1.110223024625E-16,0.));
#13838=DIRECTION('ref_axis',(0.,0.,1.));
#13839=DIRECTION('',(1.110223024625E-16,1.,0.));
#13840=DIRECTION('',(1.110223024625E-16,1.,0.));
#13841=DIRECTION('center_axis',(-1.,1.110223024625E-16,0.));
#13842=DIRECTION('ref_axis',(0.,0.,1.));
#13843=DIRECTION('',(1.110223024625E-16,1.,0.));
#13844=DIRECTION('',(1.110223024625E-16,1.,0.));
#13845=DIRECTION('center_axis',(0.,0.,1.));
#13846=DIRECTION('ref_axis',(1.110223024625E-16,1.,0.));
#13847=DIRECTION('center_axis',(0.,0.,1.));
#13848=DIRECTION('ref_axis',(1.110223024625E-16,1.,0.));
#13849=DIRECTION('axis',(0.,0.,1.));
#13850=DIRECTION('refdir',(1.,0.,0.));
#13851=DIRECTION('center_axis',(0.,0.,1.));
#13852=DIRECTION('ref_axis',(1.,0.,0.));
#13853=DIRECTION('center_axis',(0.,0.,1.));
#13854=DIRECTION('ref_axis',(1.,0.,0.));
#13855=DIRECTION('',(0.,0.,-1.));
#13856=DIRECTION('center_axis',(0.,0.,1.));
#13857=DIRECTION('ref_axis',(1.,0.,0.));
#13858=DIRECTION('center_axis',(0.,0.,1.));
#13859=DIRECTION('ref_axis',(1.,0.,0.));
#13860=DIRECTION('center_axis',(0.,0.,1.));
#13861=DIRECTION('ref_axis',(1.,0.,0.));
#13862=DIRECTION('center_axis',(0.,0.,1.));
#13863=DIRECTION('ref_axis',(1.,0.,0.));
#13864=DIRECTION('center_axis',(0.,0.,1.));
#13865=DIRECTION('ref_axis',(1.,0.,0.));
#13866=DIRECTION('center_axis',(0.,0.,1.));
#13867=DIRECTION('ref_axis',(1.,0.,0.));
#13868=DIRECTION('',(0.,0.,1.));
#13869=DIRECTION('center_axis',(0.,0.,1.));
#13870=DIRECTION('ref_axis',(1.,0.,0.));
#13871=DIRECTION('center_axis',(0.,0.,1.));
#13872=DIRECTION('ref_axis',(1.,0.,0.));
#13873=DIRECTION('center_axis',(0.,0.,1.));
#13874=DIRECTION('ref_axis',(1.,0.,0.));
#13875=DIRECTION('',(0.,0.,-1.));
#13876=DIRECTION('center_axis',(0.,0.,1.));
#13877=DIRECTION('ref_axis',(1.,0.,0.));
#13878=DIRECTION('center_axis',(0.,0.,1.));
#13879=DIRECTION('ref_axis',(1.,0.,0.));
#13880=DIRECTION('center_axis',(0.,0.,1.));
#13881=DIRECTION('ref_axis',(1.,0.,0.));
#13882=DIRECTION('center_axis',(0.,0.,1.));
#13883=DIRECTION('ref_axis',(1.,0.,0.));
#13884=DIRECTION('center_axis',(0.,0.,1.));
#13885=DIRECTION('ref_axis',(1.,0.,0.));
#13886=DIRECTION('',(0.,0.,-1.));
#13887=DIRECTION('center_axis',(0.,0.,1.));
#13888=DIRECTION('ref_axis',(1.,0.,0.));
#13889=DIRECTION('center_axis',(0.,0.,1.));
#13890=DIRECTION('ref_axis',(1.,0.,0.));
#13891=DIRECTION('center_axis',(0.,0.,1.));
#13892=DIRECTION('ref_axis',(1.,0.,0.));
#13893=DIRECTION('center_axis',(0.,0.,1.));
#13894=DIRECTION('ref_axis',(1.,0.,0.));
#13895=DIRECTION('center_axis',(0.,0.,1.));
#13896=DIRECTION('ref_axis',(1.,0.,0.));
#13897=DIRECTION('',(0.,0.,-1.));
#13898=DIRECTION('center_axis',(0.,0.,1.));
#13899=DIRECTION('ref_axis',(1.,0.,0.));
#13900=DIRECTION('center_axis',(0.,0.,1.));
#13901=DIRECTION('ref_axis',(1.,0.,0.));
#13902=DIRECTION('center_axis',(0.,0.,1.));
#13903=DIRECTION('ref_axis',(1.,0.,0.));
#13904=DIRECTION('center_axis',(0.,0.,1.));
#13905=DIRECTION('ref_axis',(1.,0.,0.));
#13906=DIRECTION('center_axis',(0.,0.,1.));
#13907=DIRECTION('ref_axis',(1.,0.,0.));
#13908=DIRECTION('',(0.,0.,-1.));
#13909=DIRECTION('center_axis',(0.,0.,1.));
#13910=DIRECTION('ref_axis',(1.,0.,0.));
#13911=DIRECTION('center_axis',(0.,0.,1.));
#13912=DIRECTION('ref_axis',(1.,0.,0.));
#13913=DIRECTION('center_axis',(0.,0.,1.));
#13914=DIRECTION('ref_axis',(1.,0.,0.));
#13915=DIRECTION('center_axis',(0.,0.,1.));
#13916=DIRECTION('ref_axis',(1.,0.,0.));
#13917=DIRECTION('center_axis',(0.,0.,1.));
#13918=DIRECTION('ref_axis',(1.,0.,0.));
#13919=DIRECTION('',(0.,0.,-1.));
#13920=DIRECTION('center_axis',(0.,0.,1.));
#13921=DIRECTION('ref_axis',(1.,0.,0.));
#13922=DIRECTION('center_axis',(0.,0.,1.));
#13923=DIRECTION('ref_axis',(1.,0.,0.));
#13924=DIRECTION('center_axis',(0.,0.,1.));
#13925=DIRECTION('ref_axis',(1.,0.,0.));
#13926=DIRECTION('center_axis',(0.,0.,1.));
#13927=DIRECTION('ref_axis',(1.,0.,0.));
#13928=DIRECTION('center_axis',(0.,0.,1.));
#13929=DIRECTION('ref_axis',(1.,0.,0.));
#13930=DIRECTION('',(0.,0.,-1.));
#13931=DIRECTION('center_axis',(0.,0.,1.));
#13932=DIRECTION('ref_axis',(1.,0.,0.));
#13933=DIRECTION('center_axis',(0.,0.,1.));
#13934=DIRECTION('ref_axis',(1.,0.,0.));
#13935=DIRECTION('center_axis',(0.,0.,1.));
#13936=DIRECTION('ref_axis',(1.,0.,0.));
#13937=DIRECTION('center_axis',(0.,0.,1.));
#13938=DIRECTION('ref_axis',(1.,0.,0.));
#13939=DIRECTION('center_axis',(0.,0.,1.));
#13940=DIRECTION('ref_axis',(1.,0.,0.));
#13941=DIRECTION('',(0.,0.,-1.));
#13942=DIRECTION('center_axis',(0.,0.,1.));
#13943=DIRECTION('ref_axis',(1.,0.,0.));
#13944=DIRECTION('center_axis',(0.,0.,1.));
#13945=DIRECTION('ref_axis',(1.,0.,0.));
#13946=DIRECTION('center_axis',(0.,0.,1.));
#13947=DIRECTION('ref_axis',(1.,0.,0.));
#13948=DIRECTION('center_axis',(0.,0.,1.));
#13949=DIRECTION('ref_axis',(1.,0.,0.));
#13950=DIRECTION('center_axis',(0.,0.,1.));
#13951=DIRECTION('ref_axis',(1.,0.,0.));
#13952=DIRECTION('',(0.,0.,-1.));
#13953=DIRECTION('center_axis',(0.,0.,1.));
#13954=DIRECTION('ref_axis',(1.,0.,0.));
#13955=DIRECTION('center_axis',(0.,0.,1.));
#13956=DIRECTION('ref_axis',(1.,0.,0.));
#13957=DIRECTION('center_axis',(0.,0.,1.));
#13958=DIRECTION('ref_axis',(1.,0.,0.));
#13959=DIRECTION('center_axis',(0.,0.,1.));
#13960=DIRECTION('ref_axis',(1.,0.,0.));
#13961=DIRECTION('center_axis',(0.,0.,1.));
#13962=DIRECTION('ref_axis',(1.,0.,0.));
#13963=DIRECTION('',(0.,0.,-1.));
#13964=DIRECTION('center_axis',(0.,0.,1.));
#13965=DIRECTION('ref_axis',(1.,0.,0.));
#13966=DIRECTION('center_axis',(0.,0.,1.));
#13967=DIRECTION('ref_axis',(1.,0.,0.));
#13968=DIRECTION('center_axis',(0.,0.,1.));
#13969=DIRECTION('ref_axis',(1.,0.,0.));
#13970=DIRECTION('axis',(0.,0.,1.));
#13971=DIRECTION('refdir',(1.,0.,0.));
#13972=DIRECTION('center_axis',(1.110223024625E-16,1.,0.));
#13973=DIRECTION('ref_axis',(0.,0.,1.));
#13974=DIRECTION('',(0.,0.,1.));
#13975=DIRECTION('',(-1.,1.110223024625E-16,0.));
#13976=DIRECTION('',(0.,0.,1.));
#13977=DIRECTION('',(-1.,1.110223024625E-16,0.));
#13978=DIRECTION('center_axis',(1.110223024625E-16,1.,0.));
#13979=DIRECTION('ref_axis',(0.,0.,1.));
#13980=DIRECTION('',(0.,0.,1.));
#13981=DIRECTION('',(-1.,1.110223024625E-16,0.));
#13982=DIRECTION('',(0.,0.,1.));
#13983=DIRECTION('',(-1.,1.110223024625E-16,0.));
#13984=DIRECTION('center_axis',(-1.,1.110223024625E-16,0.));
#13985=DIRECTION('ref_axis',(0.,0.,1.));
#13986=DIRECTION('',(1.110223024625E-16,1.,0.));
#13987=DIRECTION('',(1.110223024625E-16,1.,0.));
#13988=DIRECTION('center_axis',(-1.,1.110223024625E-16,0.));
#13989=DIRECTION('ref_axis',(0.,0.,1.));
#13990=DIRECTION('',(1.110223024625E-16,1.,0.));
#13991=DIRECTION('',(1.110223024625E-16,1.,0.));
#13992=DIRECTION('center_axis',(0.,0.,1.));
#13993=DIRECTION('ref_axis',(1.110223024625E-16,1.,0.));
#13994=DIRECTION('center_axis',(0.,0.,1.));
#13995=DIRECTION('ref_axis',(1.110223024625E-16,1.,0.));
#13996=DIRECTION('axis',(0.,0.,1.));
#13997=DIRECTION('refdir',(1.,0.,0.));
#13998=DIRECTION('center_axis',(0.,0.,1.));
#13999=DIRECTION('ref_axis',(1.,0.,0.));
#14000=DIRECTION('center_axis',(0.,0.,1.));
#14001=DIRECTION('ref_axis',(1.,0.,0.));
#14002=DIRECTION('',(0.,0.,-1.));
#14003=DIRECTION('center_axis',(0.,0.,1.));
#14004=DIRECTION('ref_axis',(1.,0.,0.));
#14005=DIRECTION('center_axis',(0.,0.,1.));
#14006=DIRECTION('ref_axis',(1.,0.,0.));
#14007=DIRECTION('center_axis',(0.,0.,1.));
#14008=DIRECTION('ref_axis',(1.,0.,0.));
#14009=DIRECTION('center_axis',(0.,0.,1.));
#14010=DIRECTION('ref_axis',(1.,0.,0.));
#14011=DIRECTION('center_axis',(0.,0.,1.));
#14012=DIRECTION('ref_axis',(1.,0.,0.));
#14013=DIRECTION('center_axis',(0.,0.,1.));
#14014=DIRECTION('ref_axis',(1.,0.,0.));
#14015=DIRECTION('',(0.,0.,1.));
#14016=DIRECTION('center_axis',(0.,0.,1.));
#14017=DIRECTION('ref_axis',(1.,0.,0.));
#14018=DIRECTION('center_axis',(0.,0.,1.));
#14019=DIRECTION('ref_axis',(1.,0.,0.));
#14020=DIRECTION('center_axis',(0.,0.,1.));
#14021=DIRECTION('ref_axis',(1.,0.,0.));
#14022=DIRECTION('',(0.,0.,-1.));
#14023=DIRECTION('center_axis',(0.,0.,1.));
#14024=DIRECTION('ref_axis',(1.,0.,0.));
#14025=DIRECTION('center_axis',(0.,0.,1.));
#14026=DIRECTION('ref_axis',(1.,0.,0.));
#14027=DIRECTION('center_axis',(0.,0.,1.));
#14028=DIRECTION('ref_axis',(1.,0.,0.));
#14029=DIRECTION('center_axis',(0.,0.,1.));
#14030=DIRECTION('ref_axis',(1.,0.,0.));
#14031=DIRECTION('center_axis',(0.,0.,1.));
#14032=DIRECTION('ref_axis',(1.,0.,0.));
#14033=DIRECTION('',(0.,0.,-1.));
#14034=DIRECTION('center_axis',(0.,0.,1.));
#14035=DIRECTION('ref_axis',(1.,0.,0.));
#14036=DIRECTION('center_axis',(0.,0.,1.));
#14037=DIRECTION('ref_axis',(1.,0.,0.));
#14038=DIRECTION('center_axis',(0.,0.,1.));
#14039=DIRECTION('ref_axis',(1.,0.,0.));
#14040=DIRECTION('center_axis',(0.,0.,1.));
#14041=DIRECTION('ref_axis',(1.,0.,0.));
#14042=DIRECTION('center_axis',(0.,0.,1.));
#14043=DIRECTION('ref_axis',(1.,0.,0.));
#14044=DIRECTION('',(0.,0.,-1.));
#14045=DIRECTION('center_axis',(0.,0.,1.));
#14046=DIRECTION('ref_axis',(1.,0.,0.));
#14047=DIRECTION('center_axis',(0.,0.,1.));
#14048=DIRECTION('ref_axis',(1.,0.,0.));
#14049=DIRECTION('center_axis',(0.,0.,1.));
#14050=DIRECTION('ref_axis',(1.,0.,0.));
#14051=DIRECTION('center_axis',(0.,0.,1.));
#14052=DIRECTION('ref_axis',(1.,0.,0.));
#14053=DIRECTION('center_axis',(0.,0.,1.));
#14054=DIRECTION('ref_axis',(1.,0.,0.));
#14055=DIRECTION('',(0.,0.,-1.));
#14056=DIRECTION('center_axis',(0.,0.,1.));
#14057=DIRECTION('ref_axis',(1.,0.,0.));
#14058=DIRECTION('center_axis',(0.,0.,1.));
#14059=DIRECTION('ref_axis',(1.,0.,0.));
#14060=DIRECTION('center_axis',(0.,0.,1.));
#14061=DIRECTION('ref_axis',(1.,0.,0.));
#14062=DIRECTION('center_axis',(0.,0.,1.));
#14063=DIRECTION('ref_axis',(1.,0.,0.));
#14064=DIRECTION('center_axis',(0.,0.,1.));
#14065=DIRECTION('ref_axis',(1.,0.,0.));
#14066=DIRECTION('',(0.,0.,-1.));
#14067=DIRECTION('center_axis',(0.,0.,1.));
#14068=DIRECTION('ref_axis',(1.,0.,0.));
#14069=DIRECTION('center_axis',(0.,0.,1.));
#14070=DIRECTION('ref_axis',(1.,0.,0.));
#14071=DIRECTION('center_axis',(0.,0.,1.));
#14072=DIRECTION('ref_axis',(1.,0.,0.));
#14073=DIRECTION('center_axis',(0.,0.,1.));
#14074=DIRECTION('ref_axis',(1.,0.,0.));
#14075=DIRECTION('center_axis',(0.,0.,1.));
#14076=DIRECTION('ref_axis',(1.,0.,0.));
#14077=DIRECTION('',(0.,0.,-1.));
#14078=DIRECTION('center_axis',(0.,0.,1.));
#14079=DIRECTION('ref_axis',(1.,0.,0.));
#14080=DIRECTION('center_axis',(0.,0.,1.));
#14081=DIRECTION('ref_axis',(1.,0.,0.));
#14082=DIRECTION('center_axis',(0.,0.,1.));
#14083=DIRECTION('ref_axis',(1.,0.,0.));
#14084=DIRECTION('center_axis',(0.,0.,1.));
#14085=DIRECTION('ref_axis',(1.,0.,0.));
#14086=DIRECTION('center_axis',(0.,0.,1.));
#14087=DIRECTION('ref_axis',(1.,0.,0.));
#14088=DIRECTION('',(0.,0.,-1.));
#14089=DIRECTION('center_axis',(0.,0.,1.));
#14090=DIRECTION('ref_axis',(1.,0.,0.));
#14091=DIRECTION('center_axis',(0.,0.,1.));
#14092=DIRECTION('ref_axis',(1.,0.,0.));
#14093=DIRECTION('center_axis',(0.,0.,1.));
#14094=DIRECTION('ref_axis',(1.,0.,0.));
#14095=DIRECTION('center_axis',(0.,0.,1.));
#14096=DIRECTION('ref_axis',(1.,0.,0.));
#14097=DIRECTION('center_axis',(0.,0.,1.));
#14098=DIRECTION('ref_axis',(1.,0.,0.));
#14099=DIRECTION('',(0.,0.,-1.));
#14100=DIRECTION('center_axis',(0.,0.,1.));
#14101=DIRECTION('ref_axis',(1.,0.,0.));
#14102=DIRECTION('center_axis',(0.,0.,1.));
#14103=DIRECTION('ref_axis',(1.,0.,0.));
#14104=DIRECTION('center_axis',(0.,0.,1.));
#14105=DIRECTION('ref_axis',(1.,0.,0.));
#14106=DIRECTION('center_axis',(0.,0.,1.));
#14107=DIRECTION('ref_axis',(1.,0.,0.));
#14108=DIRECTION('center_axis',(0.,0.,1.));
#14109=DIRECTION('ref_axis',(1.,0.,0.));
#14110=DIRECTION('',(0.,0.,-1.));
#14111=DIRECTION('center_axis',(0.,0.,1.));
#14112=DIRECTION('ref_axis',(1.,0.,0.));
#14113=DIRECTION('center_axis',(0.,0.,1.));
#14114=DIRECTION('ref_axis',(1.,0.,0.));
#14115=DIRECTION('center_axis',(0.,0.,1.));
#14116=DIRECTION('ref_axis',(1.,0.,0.));
#14117=DIRECTION('axis',(0.,0.,1.));
#14118=DIRECTION('refdir',(1.,0.,0.));
#14119=DIRECTION('center_axis',(-2.22044604925E-16,-1.,0.));
#14120=DIRECTION('ref_axis',(0.,0.,1.));
#14121=DIRECTION('',(0.,0.,1.));
#14122=DIRECTION('',(1.,-2.22044604925E-16,0.));
#14123=DIRECTION('',(0.,0.,1.));
#14124=DIRECTION('',(1.,-2.22044604925E-16,0.));
#14125=DIRECTION('center_axis',(-2.22044604925E-16,-1.,0.));
#14126=DIRECTION('ref_axis',(0.,0.,1.));
#14127=DIRECTION('',(0.,0.,1.));
#14128=DIRECTION('',(1.,-2.22044604925E-16,0.));
#14129=DIRECTION('',(0.,0.,1.));
#14130=DIRECTION('',(1.,-2.22044604925E-16,0.));
#14131=DIRECTION('center_axis',(1.,-2.22044604925E-16,0.));
#14132=DIRECTION('ref_axis',(0.,0.,1.));
#14133=DIRECTION('',(-2.22044604925E-16,-1.,0.));
#14134=DIRECTION('',(-2.22044604925E-16,-1.,0.));
#14135=DIRECTION('center_axis',(1.,-2.22044604925E-16,0.));
#14136=DIRECTION('ref_axis',(0.,0.,1.));
#14137=DIRECTION('',(-2.22044604925E-16,-1.,0.));
#14138=DIRECTION('',(-2.22044604925E-16,-1.,0.));
#14139=DIRECTION('center_axis',(0.,0.,1.));
#14140=DIRECTION('ref_axis',(-2.22044604925E-16,-1.,0.));
#14141=DIRECTION('center_axis',(0.,0.,1.));
#14142=DIRECTION('ref_axis',(-2.22044604925E-16,-1.,0.));
#14143=DIRECTION('axis',(0.,0.,1.));
#14144=DIRECTION('refdir',(1.,0.,0.));
#14145=DIRECTION('center_axis',(-2.22044604925E-16,-1.,0.));
#14146=DIRECTION('ref_axis',(0.,0.,1.));
#14147=DIRECTION('',(0.,0.,1.));
#14148=DIRECTION('',(1.,-2.22044604925E-16,0.));
#14149=DIRECTION('',(0.,0.,1.));
#14150=DIRECTION('',(1.,-2.22044604925E-16,0.));
#14151=DIRECTION('center_axis',(-2.22044604925E-16,-1.,0.));
#14152=DIRECTION('ref_axis',(0.,0.,1.));
#14153=DIRECTION('',(0.,0.,1.));
#14154=DIRECTION('',(1.,-2.22044604925E-16,0.));
#14155=DIRECTION('',(0.,0.,1.));
#14156=DIRECTION('',(1.,-2.22044604925E-16,0.));
#14157=DIRECTION('center_axis',(1.,-2.22044604925E-16,0.));
#14158=DIRECTION('ref_axis',(0.,0.,1.));
#14159=DIRECTION('',(-2.22044604925E-16,-1.,0.));
#14160=DIRECTION('',(-2.22044604925E-16,-1.,0.));
#14161=DIRECTION('center_axis',(1.,-2.22044604925E-16,0.));
#14162=DIRECTION('ref_axis',(0.,0.,1.));
#14163=DIRECTION('',(-2.22044604925E-16,-1.,0.));
#14164=DIRECTION('',(-2.22044604925E-16,-1.,0.));
#14165=DIRECTION('center_axis',(0.,0.,1.));
#14166=DIRECTION('ref_axis',(-2.22044604925E-16,-1.,0.));
#14167=DIRECTION('center_axis',(0.,0.,1.));
#14168=DIRECTION('ref_axis',(-2.22044604925E-16,-1.,0.));
#14169=DIRECTION('axis',(0.,0.,1.));
#14170=DIRECTION('refdir',(1.,0.,0.));
#14171=DIRECTION('center_axis',(1.110223024625E-16,1.,0.));
#14172=DIRECTION('ref_axis',(0.,0.,1.));
#14173=DIRECTION('',(0.,0.,1.));
#14174=DIRECTION('',(-1.,1.110223024625E-16,0.));
#14175=DIRECTION('',(0.,0.,1.));
#14176=DIRECTION('',(-1.,1.110223024625E-16,0.));
#14177=DIRECTION('center_axis',(1.110223024625E-16,1.,0.));
#14178=DIRECTION('ref_axis',(0.,0.,1.));
#14179=DIRECTION('',(0.,0.,1.));
#14180=DIRECTION('',(-1.,1.110223024625E-16,0.));
#14181=DIRECTION('',(0.,0.,1.));
#14182=DIRECTION('',(-1.,1.110223024625E-16,0.));
#14183=DIRECTION('center_axis',(-1.,1.110223024625E-16,0.));
#14184=DIRECTION('ref_axis',(0.,0.,1.));
#14185=DIRECTION('',(1.110223024625E-16,1.,0.));
#14186=DIRECTION('',(1.110223024625E-16,1.,0.));
#14187=DIRECTION('center_axis',(-1.,1.110223024625E-16,0.));
#14188=DIRECTION('ref_axis',(0.,0.,1.));
#14189=DIRECTION('',(1.110223024625E-16,1.,0.));
#14190=DIRECTION('',(1.110223024625E-16,1.,0.));
#14191=DIRECTION('center_axis',(0.,0.,1.));
#14192=DIRECTION('ref_axis',(1.110223024625E-16,1.,0.));
#14193=DIRECTION('center_axis',(0.,0.,1.));
#14194=DIRECTION('ref_axis',(1.110223024625E-16,1.,0.));
#14195=DIRECTION('axis',(0.,0.,1.));
#14196=DIRECTION('refdir',(1.,0.,0.));
#14197=DIRECTION('center_axis',(1.110223024625E-16,1.,0.));
#14198=DIRECTION('ref_axis',(0.,0.,1.));
#14199=DIRECTION('',(0.,0.,1.));
#14200=DIRECTION('',(-1.,1.110223024625E-16,0.));
#14201=DIRECTION('',(0.,0.,1.));
#14202=DIRECTION('',(-1.,1.110223024625E-16,0.));
#14203=DIRECTION('center_axis',(1.110223024625E-16,1.,0.));
#14204=DIRECTION('ref_axis',(0.,0.,1.));
#14205=DIRECTION('',(0.,0.,1.));
#14206=DIRECTION('',(-1.,1.110223024625E-16,0.));
#14207=DIRECTION('',(0.,0.,1.));
#14208=DIRECTION('',(-1.,1.110223024625E-16,0.));
#14209=DIRECTION('center_axis',(-1.,1.110223024625E-16,0.));
#14210=DIRECTION('ref_axis',(0.,0.,1.));
#14211=DIRECTION('',(1.110223024625E-16,1.,0.));
#14212=DIRECTION('',(1.110223024625E-16,1.,0.));
#14213=DIRECTION('center_axis',(-1.,1.110223024625E-16,0.));
#14214=DIRECTION('ref_axis',(0.,0.,1.));
#14215=DIRECTION('',(1.110223024625E-16,1.,0.));
#14216=DIRECTION('',(1.110223024625E-16,1.,0.));
#14217=DIRECTION('center_axis',(0.,0.,1.));
#14218=DIRECTION('ref_axis',(1.110223024625E-16,1.,0.));
#14219=DIRECTION('center_axis',(0.,0.,1.));
#14220=DIRECTION('ref_axis',(1.110223024625E-16,1.,0.));
#14221=DIRECTION('axis',(0.,0.,1.));
#14222=DIRECTION('refdir',(1.,0.,0.));
#14223=DIRECTION('center_axis',(0.,0.,1.));
#14224=DIRECTION('ref_axis',(1.,0.,0.));
#14225=DIRECTION('center_axis',(0.,0.,1.));
#14226=DIRECTION('ref_axis',(1.,0.,0.));
#14227=DIRECTION('',(0.,0.,-1.));
#14228=DIRECTION('center_axis',(0.,0.,1.));
#14229=DIRECTION('ref_axis',(1.,0.,0.));
#14230=DIRECTION('center_axis',(0.,0.,1.));
#14231=DIRECTION('ref_axis',(1.,0.,0.));
#14232=DIRECTION('center_axis',(0.,0.,1.));
#14233=DIRECTION('ref_axis',(1.,0.,0.));
#14234=DIRECTION('center_axis',(0.,0.,1.));
#14235=DIRECTION('ref_axis',(1.,0.,0.));
#14236=DIRECTION('center_axis',(0.,0.,1.));
#14237=DIRECTION('ref_axis',(1.,0.,0.));
#14238=DIRECTION('center_axis',(0.,0.,1.));
#14239=DIRECTION('ref_axis',(1.,0.,0.));
#14240=DIRECTION('',(0.,0.,1.));
#14241=DIRECTION('center_axis',(0.,0.,1.));
#14242=DIRECTION('ref_axis',(1.,0.,0.));
#14243=DIRECTION('center_axis',(0.,0.,1.));
#14244=DIRECTION('ref_axis',(1.,0.,0.));
#14245=DIRECTION('center_axis',(0.,0.,1.));
#14246=DIRECTION('ref_axis',(1.,0.,0.));
#14247=DIRECTION('',(0.,0.,-1.));
#14248=DIRECTION('center_axis',(0.,0.,1.));
#14249=DIRECTION('ref_axis',(1.,0.,0.));
#14250=DIRECTION('center_axis',(0.,0.,1.));
#14251=DIRECTION('ref_axis',(1.,0.,0.));
#14252=DIRECTION('center_axis',(0.,0.,1.));
#14253=DIRECTION('ref_axis',(1.,0.,0.));
#14254=DIRECTION('center_axis',(0.,0.,1.));
#14255=DIRECTION('ref_axis',(1.,0.,0.));
#14256=DIRECTION('center_axis',(0.,0.,1.));
#14257=DIRECTION('ref_axis',(1.,0.,0.));
#14258=DIRECTION('',(0.,0.,-1.));
#14259=DIRECTION('center_axis',(0.,0.,1.));
#14260=DIRECTION('ref_axis',(1.,0.,0.));
#14261=DIRECTION('center_axis',(0.,0.,1.));
#14262=DIRECTION('ref_axis',(1.,0.,0.));
#14263=DIRECTION('center_axis',(0.,0.,1.));
#14264=DIRECTION('ref_axis',(1.,0.,0.));
#14265=DIRECTION('center_axis',(0.,0.,1.));
#14266=DIRECTION('ref_axis',(1.,0.,0.));
#14267=DIRECTION('center_axis',(0.,0.,1.));
#14268=DIRECTION('ref_axis',(1.,0.,0.));
#14269=DIRECTION('',(0.,0.,-1.));
#14270=DIRECTION('center_axis',(0.,0.,1.));
#14271=DIRECTION('ref_axis',(1.,0.,0.));
#14272=DIRECTION('center_axis',(0.,0.,1.));
#14273=DIRECTION('ref_axis',(1.,0.,0.));
#14274=DIRECTION('center_axis',(0.,0.,1.));
#14275=DIRECTION('ref_axis',(1.,0.,0.));
#14276=DIRECTION('center_axis',(0.,0.,1.));
#14277=DIRECTION('ref_axis',(1.,0.,0.));
#14278=DIRECTION('center_axis',(0.,0.,1.));
#14279=DIRECTION('ref_axis',(1.,0.,0.));
#14280=DIRECTION('',(0.,0.,-1.));
#14281=DIRECTION('center_axis',(0.,0.,1.));
#14282=DIRECTION('ref_axis',(1.,0.,0.));
#14283=DIRECTION('center_axis',(0.,0.,1.));
#14284=DIRECTION('ref_axis',(1.,0.,0.));
#14285=DIRECTION('center_axis',(0.,0.,1.));
#14286=DIRECTION('ref_axis',(1.,0.,0.));
#14287=DIRECTION('center_axis',(0.,0.,1.));
#14288=DIRECTION('ref_axis',(1.,0.,0.));
#14289=DIRECTION('center_axis',(0.,0.,1.));
#14290=DIRECTION('ref_axis',(1.,0.,0.));
#14291=DIRECTION('',(0.,0.,-1.));
#14292=DIRECTION('center_axis',(0.,0.,1.));
#14293=DIRECTION('ref_axis',(1.,0.,0.));
#14294=DIRECTION('center_axis',(0.,0.,1.));
#14295=DIRECTION('ref_axis',(1.,0.,0.));
#14296=DIRECTION('center_axis',(0.,0.,1.));
#14297=DIRECTION('ref_axis',(1.,0.,0.));
#14298=DIRECTION('center_axis',(0.,0.,1.));
#14299=DIRECTION('ref_axis',(1.,0.,0.));
#14300=DIRECTION('center_axis',(0.,0.,1.));
#14301=DIRECTION('ref_axis',(1.,0.,0.));
#14302=DIRECTION('',(0.,0.,-1.));
#14303=DIRECTION('center_axis',(0.,0.,1.));
#14304=DIRECTION('ref_axis',(1.,0.,0.));
#14305=DIRECTION('center_axis',(0.,0.,1.));
#14306=DIRECTION('ref_axis',(1.,0.,0.));
#14307=DIRECTION('center_axis',(0.,0.,1.));
#14308=DIRECTION('ref_axis',(1.,0.,0.));
#14309=DIRECTION('center_axis',(0.,0.,1.));
#14310=DIRECTION('ref_axis',(1.,0.,0.));
#14311=DIRECTION('center_axis',(0.,0.,1.));
#14312=DIRECTION('ref_axis',(1.,0.,0.));
#14313=DIRECTION('',(0.,0.,-1.));
#14314=DIRECTION('center_axis',(0.,0.,1.));
#14315=DIRECTION('ref_axis',(1.,0.,0.));
#14316=DIRECTION('center_axis',(0.,0.,1.));
#14317=DIRECTION('ref_axis',(1.,0.,0.));
#14318=DIRECTION('center_axis',(0.,0.,1.));
#14319=DIRECTION('ref_axis',(1.,0.,0.));
#14320=DIRECTION('center_axis',(0.,0.,1.));
#14321=DIRECTION('ref_axis',(1.,0.,0.));
#14322=DIRECTION('center_axis',(0.,0.,1.));
#14323=DIRECTION('ref_axis',(1.,0.,0.));
#14324=DIRECTION('',(0.,0.,-1.));
#14325=DIRECTION('center_axis',(0.,0.,1.));
#14326=DIRECTION('ref_axis',(1.,0.,0.));
#14327=DIRECTION('center_axis',(0.,0.,1.));
#14328=DIRECTION('ref_axis',(1.,0.,0.));
#14329=DIRECTION('center_axis',(0.,0.,1.));
#14330=DIRECTION('ref_axis',(1.,0.,0.));
#14331=DIRECTION('center_axis',(0.,0.,1.));
#14332=DIRECTION('ref_axis',(1.,0.,0.));
#14333=DIRECTION('center_axis',(0.,0.,1.));
#14334=DIRECTION('ref_axis',(1.,0.,0.));
#14335=DIRECTION('',(0.,0.,-1.));
#14336=DIRECTION('center_axis',(0.,0.,1.));
#14337=DIRECTION('ref_axis',(1.,0.,0.));
#14338=DIRECTION('center_axis',(0.,0.,1.));
#14339=DIRECTION('ref_axis',(1.,0.,0.));
#14340=DIRECTION('center_axis',(0.,0.,1.));
#14341=DIRECTION('ref_axis',(1.,0.,0.));
#14342=DIRECTION('axis',(0.,0.,1.));
#14343=DIRECTION('refdir',(1.,0.,0.));
#14344=DIRECTION('center_axis',(0.,0.,1.));
#14345=DIRECTION('ref_axis',(1.,0.,0.));
#14346=DIRECTION('center_axis',(0.,0.,1.));
#14347=DIRECTION('ref_axis',(1.,0.,0.));
#14348=DIRECTION('',(0.,0.,-1.));
#14349=DIRECTION('center_axis',(0.,0.,1.));
#14350=DIRECTION('ref_axis',(1.,0.,0.));
#14351=DIRECTION('center_axis',(0.,0.,1.));
#14352=DIRECTION('ref_axis',(1.,0.,0.));
#14353=DIRECTION('center_axis',(0.,0.,1.));
#14354=DIRECTION('ref_axis',(1.,0.,0.));
#14355=DIRECTION('center_axis',(0.,0.,1.));
#14356=DIRECTION('ref_axis',(1.,0.,0.));
#14357=DIRECTION('center_axis',(0.,0.,1.));
#14358=DIRECTION('ref_axis',(1.,0.,0.));
#14359=DIRECTION('center_axis',(0.,0.,1.));
#14360=DIRECTION('ref_axis',(1.,0.,0.));
#14361=DIRECTION('',(0.,0.,1.));
#14362=DIRECTION('center_axis',(0.,0.,1.));
#14363=DIRECTION('ref_axis',(1.,0.,0.));
#14364=DIRECTION('center_axis',(0.,0.,1.));
#14365=DIRECTION('ref_axis',(1.,0.,0.));
#14366=DIRECTION('center_axis',(0.,0.,1.));
#14367=DIRECTION('ref_axis',(1.,0.,0.));
#14368=DIRECTION('',(0.,0.,-1.));
#14369=DIRECTION('center_axis',(0.,0.,1.));
#14370=DIRECTION('ref_axis',(1.,0.,0.));
#14371=DIRECTION('center_axis',(0.,0.,1.));
#14372=DIRECTION('ref_axis',(1.,0.,0.));
#14373=DIRECTION('center_axis',(0.,0.,1.));
#14374=DIRECTION('ref_axis',(1.,0.,0.));
#14375=DIRECTION('center_axis',(0.,0.,1.));
#14376=DIRECTION('ref_axis',(1.,0.,0.));
#14377=DIRECTION('center_axis',(0.,0.,1.));
#14378=DIRECTION('ref_axis',(1.,0.,0.));
#14379=DIRECTION('',(0.,0.,-1.));
#14380=DIRECTION('center_axis',(0.,0.,1.));
#14381=DIRECTION('ref_axis',(1.,0.,0.));
#14382=DIRECTION('center_axis',(0.,0.,1.));
#14383=DIRECTION('ref_axis',(1.,0.,0.));
#14384=DIRECTION('center_axis',(0.,0.,1.));
#14385=DIRECTION('ref_axis',(1.,0.,0.));
#14386=DIRECTION('center_axis',(0.,0.,1.));
#14387=DIRECTION('ref_axis',(1.,0.,0.));
#14388=DIRECTION('center_axis',(0.,0.,1.));
#14389=DIRECTION('ref_axis',(1.,0.,0.));
#14390=DIRECTION('',(0.,0.,-1.));
#14391=DIRECTION('center_axis',(0.,0.,1.));
#14392=DIRECTION('ref_axis',(1.,0.,0.));
#14393=DIRECTION('center_axis',(0.,0.,1.));
#14394=DIRECTION('ref_axis',(1.,0.,0.));
#14395=DIRECTION('center_axis',(0.,0.,1.));
#14396=DIRECTION('ref_axis',(1.,0.,0.));
#14397=DIRECTION('center_axis',(0.,0.,1.));
#14398=DIRECTION('ref_axis',(1.,0.,0.));
#14399=DIRECTION('center_axis',(0.,0.,1.));
#14400=DIRECTION('ref_axis',(1.,0.,0.));
#14401=DIRECTION('',(0.,0.,-1.));
#14402=DIRECTION('center_axis',(0.,0.,1.));
#14403=DIRECTION('ref_axis',(1.,0.,0.));
#14404=DIRECTION('center_axis',(0.,0.,1.));
#14405=DIRECTION('ref_axis',(1.,0.,0.));
#14406=DIRECTION('center_axis',(0.,0.,1.));
#14407=DIRECTION('ref_axis',(1.,0.,0.));
#14408=DIRECTION('center_axis',(0.,0.,1.));
#14409=DIRECTION('ref_axis',(1.,0.,0.));
#14410=DIRECTION('center_axis',(0.,0.,1.));
#14411=DIRECTION('ref_axis',(1.,0.,0.));
#14412=DIRECTION('',(0.,0.,-1.));
#14413=DIRECTION('center_axis',(0.,0.,1.));
#14414=DIRECTION('ref_axis',(1.,0.,0.));
#14415=DIRECTION('center_axis',(0.,0.,1.));
#14416=DIRECTION('ref_axis',(1.,0.,0.));
#14417=DIRECTION('center_axis',(0.,0.,1.));
#14418=DIRECTION('ref_axis',(1.,0.,0.));
#14419=DIRECTION('center_axis',(0.,0.,1.));
#14420=DIRECTION('ref_axis',(1.,0.,0.));
#14421=DIRECTION('center_axis',(0.,0.,1.));
#14422=DIRECTION('ref_axis',(1.,0.,0.));
#14423=DIRECTION('',(0.,0.,-1.));
#14424=DIRECTION('center_axis',(0.,0.,1.));
#14425=DIRECTION('ref_axis',(1.,0.,0.));
#14426=DIRECTION('center_axis',(0.,0.,1.));
#14427=DIRECTION('ref_axis',(1.,0.,0.));
#14428=DIRECTION('center_axis',(0.,0.,1.));
#14429=DIRECTION('ref_axis',(1.,0.,0.));
#14430=DIRECTION('center_axis',(0.,0.,1.));
#14431=DIRECTION('ref_axis',(1.,0.,0.));
#14432=DIRECTION('center_axis',(0.,0.,1.));
#14433=DIRECTION('ref_axis',(1.,0.,0.));
#14434=DIRECTION('',(0.,0.,-1.));
#14435=DIRECTION('center_axis',(0.,0.,1.));
#14436=DIRECTION('ref_axis',(1.,0.,0.));
#14437=DIRECTION('center_axis',(0.,0.,1.));
#14438=DIRECTION('ref_axis',(1.,0.,0.));
#14439=DIRECTION('center_axis',(0.,0.,1.));
#14440=DIRECTION('ref_axis',(1.,0.,0.));
#14441=DIRECTION('center_axis',(0.,0.,1.));
#14442=DIRECTION('ref_axis',(1.,0.,0.));
#14443=DIRECTION('center_axis',(0.,0.,1.));
#14444=DIRECTION('ref_axis',(1.,0.,0.));
#14445=DIRECTION('',(0.,0.,-1.));
#14446=DIRECTION('center_axis',(0.,0.,1.));
#14447=DIRECTION('ref_axis',(1.,0.,0.));
#14448=DIRECTION('center_axis',(0.,0.,1.));
#14449=DIRECTION('ref_axis',(1.,0.,0.));
#14450=DIRECTION('center_axis',(0.,0.,1.));
#14451=DIRECTION('ref_axis',(1.,0.,0.));
#14452=DIRECTION('center_axis',(0.,0.,1.));
#14453=DIRECTION('ref_axis',(1.,0.,0.));
#14454=DIRECTION('center_axis',(0.,0.,1.));
#14455=DIRECTION('ref_axis',(1.,0.,0.));
#14456=DIRECTION('',(0.,0.,-1.));
#14457=DIRECTION('center_axis',(0.,0.,1.));
#14458=DIRECTION('ref_axis',(1.,0.,0.));
#14459=DIRECTION('center_axis',(0.,0.,1.));
#14460=DIRECTION('ref_axis',(1.,0.,0.));
#14461=DIRECTION('center_axis',(0.,0.,1.));
#14462=DIRECTION('ref_axis',(1.,0.,0.));
#14463=DIRECTION('axis',(0.,0.,1.));
#14464=DIRECTION('refdir',(1.,0.,0.));
#14465=DIRECTION('center_axis',(0.,0.,1.));
#14466=DIRECTION('ref_axis',(1.,0.,0.));
#14467=DIRECTION('center_axis',(0.,0.,1.));
#14468=DIRECTION('ref_axis',(1.,0.,0.));
#14469=DIRECTION('',(0.,0.,-1.));
#14470=DIRECTION('center_axis',(0.,0.,1.));
#14471=DIRECTION('ref_axis',(1.,0.,0.));
#14472=DIRECTION('center_axis',(0.,0.,1.));
#14473=DIRECTION('ref_axis',(1.,0.,0.));
#14474=DIRECTION('center_axis',(0.,0.,1.));
#14475=DIRECTION('ref_axis',(1.,0.,0.));
#14476=DIRECTION('center_axis',(0.,0.,1.));
#14477=DIRECTION('ref_axis',(1.,0.,0.));
#14478=DIRECTION('center_axis',(0.,0.,1.));
#14479=DIRECTION('ref_axis',(1.,0.,0.));
#14480=DIRECTION('center_axis',(0.,0.,1.));
#14481=DIRECTION('ref_axis',(1.,0.,0.));
#14482=DIRECTION('',(0.,0.,1.));
#14483=DIRECTION('center_axis',(0.,0.,1.));
#14484=DIRECTION('ref_axis',(1.,0.,0.));
#14485=DIRECTION('center_axis',(0.,0.,1.));
#14486=DIRECTION('ref_axis',(1.,0.,0.));
#14487=DIRECTION('center_axis',(0.,0.,1.));
#14488=DIRECTION('ref_axis',(1.,0.,0.));
#14489=DIRECTION('',(0.,0.,-1.));
#14490=DIRECTION('center_axis',(0.,0.,1.));
#14491=DIRECTION('ref_axis',(1.,0.,0.));
#14492=DIRECTION('center_axis',(0.,0.,1.));
#14493=DIRECTION('ref_axis',(1.,0.,0.));
#14494=DIRECTION('center_axis',(0.,0.,1.));
#14495=DIRECTION('ref_axis',(1.,0.,0.));
#14496=DIRECTION('center_axis',(0.,0.,1.));
#14497=DIRECTION('ref_axis',(1.,0.,0.));
#14498=DIRECTION('center_axis',(0.,0.,1.));
#14499=DIRECTION('ref_axis',(1.,0.,0.));
#14500=DIRECTION('',(0.,0.,-1.));
#14501=DIRECTION('center_axis',(0.,0.,1.));
#14502=DIRECTION('ref_axis',(1.,0.,0.));
#14503=DIRECTION('center_axis',(0.,0.,1.));
#14504=DIRECTION('ref_axis',(1.,0.,0.));
#14505=DIRECTION('center_axis',(0.,0.,1.));
#14506=DIRECTION('ref_axis',(1.,0.,0.));
#14507=DIRECTION('center_axis',(0.,0.,1.));
#14508=DIRECTION('ref_axis',(1.,0.,0.));
#14509=DIRECTION('center_axis',(0.,0.,1.));
#14510=DIRECTION('ref_axis',(1.,0.,0.));
#14511=DIRECTION('',(0.,0.,-1.));
#14512=DIRECTION('center_axis',(0.,0.,1.));
#14513=DIRECTION('ref_axis',(1.,0.,0.));
#14514=DIRECTION('center_axis',(0.,0.,1.));
#14515=DIRECTION('ref_axis',(1.,0.,0.));
#14516=DIRECTION('center_axis',(0.,0.,1.));
#14517=DIRECTION('ref_axis',(1.,0.,0.));
#14518=DIRECTION('center_axis',(0.,0.,1.));
#14519=DIRECTION('ref_axis',(1.,0.,0.));
#14520=DIRECTION('center_axis',(0.,0.,1.));
#14521=DIRECTION('ref_axis',(1.,0.,0.));
#14522=DIRECTION('',(0.,0.,-1.));
#14523=DIRECTION('center_axis',(0.,0.,1.));
#14524=DIRECTION('ref_axis',(1.,0.,0.));
#14525=DIRECTION('center_axis',(0.,0.,1.));
#14526=DIRECTION('ref_axis',(1.,0.,0.));
#14527=DIRECTION('center_axis',(0.,0.,1.));
#14528=DIRECTION('ref_axis',(1.,0.,0.));
#14529=DIRECTION('center_axis',(0.,0.,1.));
#14530=DIRECTION('ref_axis',(1.,0.,0.));
#14531=DIRECTION('center_axis',(0.,0.,1.));
#14532=DIRECTION('ref_axis',(1.,0.,0.));
#14533=DIRECTION('',(0.,0.,-1.));
#14534=DIRECTION('center_axis',(0.,0.,1.));
#14535=DIRECTION('ref_axis',(1.,0.,0.));
#14536=DIRECTION('center_axis',(0.,0.,1.));
#14537=DIRECTION('ref_axis',(1.,0.,0.));
#14538=DIRECTION('center_axis',(0.,0.,1.));
#14539=DIRECTION('ref_axis',(1.,0.,0.));
#14540=DIRECTION('center_axis',(0.,0.,1.));
#14541=DIRECTION('ref_axis',(1.,0.,0.));
#14542=DIRECTION('center_axis',(0.,0.,1.));
#14543=DIRECTION('ref_axis',(1.,0.,0.));
#14544=DIRECTION('',(0.,0.,-1.));
#14545=DIRECTION('center_axis',(0.,0.,1.));
#14546=DIRECTION('ref_axis',(1.,0.,0.));
#14547=DIRECTION('center_axis',(0.,0.,1.));
#14548=DIRECTION('ref_axis',(1.,0.,0.));
#14549=DIRECTION('center_axis',(0.,0.,1.));
#14550=DIRECTION('ref_axis',(1.,0.,0.));
#14551=DIRECTION('center_axis',(0.,0.,1.));
#14552=DIRECTION('ref_axis',(1.,0.,0.));
#14553=DIRECTION('center_axis',(0.,0.,1.));
#14554=DIRECTION('ref_axis',(1.,0.,0.));
#14555=DIRECTION('',(0.,0.,-1.));
#14556=DIRECTION('center_axis',(0.,0.,1.));
#14557=DIRECTION('ref_axis',(1.,0.,0.));
#14558=DIRECTION('center_axis',(0.,0.,1.));
#14559=DIRECTION('ref_axis',(1.,0.,0.));
#14560=DIRECTION('center_axis',(0.,0.,1.));
#14561=DIRECTION('ref_axis',(1.,0.,0.));
#14562=DIRECTION('center_axis',(0.,0.,1.));
#14563=DIRECTION('ref_axis',(1.,0.,0.));
#14564=DIRECTION('center_axis',(0.,0.,1.));
#14565=DIRECTION('ref_axis',(1.,0.,0.));
#14566=DIRECTION('',(0.,0.,-1.));
#14567=DIRECTION('center_axis',(0.,0.,1.));
#14568=DIRECTION('ref_axis',(1.,0.,0.));
#14569=DIRECTION('center_axis',(0.,0.,1.));
#14570=DIRECTION('ref_axis',(1.,0.,0.));
#14571=DIRECTION('center_axis',(0.,0.,1.));
#14572=DIRECTION('ref_axis',(1.,0.,0.));
#14573=DIRECTION('center_axis',(0.,0.,1.));
#14574=DIRECTION('ref_axis',(1.,0.,0.));
#14575=DIRECTION('center_axis',(0.,0.,1.));
#14576=DIRECTION('ref_axis',(1.,0.,0.));
#14577=DIRECTION('',(0.,0.,-1.));
#14578=DIRECTION('center_axis',(0.,0.,1.));
#14579=DIRECTION('ref_axis',(1.,0.,0.));
#14580=DIRECTION('center_axis',(0.,0.,1.));
#14581=DIRECTION('ref_axis',(1.,0.,0.));
#14582=DIRECTION('center_axis',(0.,0.,1.));
#14583=DIRECTION('ref_axis',(1.,0.,0.));
#14584=DIRECTION('axis',(0.,0.,1.));
#14585=DIRECTION('refdir',(1.,0.,0.));
#14586=DIRECTION('center_axis',(0.,0.,1.));
#14587=DIRECTION('ref_axis',(1.,0.,0.));
#14588=DIRECTION('center_axis',(0.,0.,1.));
#14589=DIRECTION('ref_axis',(1.,0.,0.));
#14590=DIRECTION('',(0.,0.,-1.));
#14591=DIRECTION('center_axis',(0.,0.,1.));
#14592=DIRECTION('ref_axis',(1.,0.,0.));
#14593=DIRECTION('center_axis',(0.,0.,1.));
#14594=DIRECTION('ref_axis',(1.,0.,0.));
#14595=DIRECTION('center_axis',(0.,0.,1.));
#14596=DIRECTION('ref_axis',(1.,0.,0.));
#14597=DIRECTION('center_axis',(0.,0.,1.));
#14598=DIRECTION('ref_axis',(1.,0.,0.));
#14599=DIRECTION('center_axis',(0.,0.,1.));
#14600=DIRECTION('ref_axis',(1.,0.,0.));
#14601=DIRECTION('center_axis',(0.,0.,1.));
#14602=DIRECTION('ref_axis',(1.,0.,0.));
#14603=DIRECTION('',(0.,0.,1.));
#14604=DIRECTION('center_axis',(0.,0.,1.));
#14605=DIRECTION('ref_axis',(1.,0.,0.));
#14606=DIRECTION('center_axis',(0.,0.,1.));
#14607=DIRECTION('ref_axis',(1.,0.,0.));
#14608=DIRECTION('center_axis',(0.,0.,1.));
#14609=DIRECTION('ref_axis',(1.,0.,0.));
#14610=DIRECTION('',(0.,0.,-1.));
#14611=DIRECTION('center_axis',(0.,0.,1.));
#14612=DIRECTION('ref_axis',(1.,0.,0.));
#14613=DIRECTION('center_axis',(0.,0.,1.));
#14614=DIRECTION('ref_axis',(1.,0.,0.));
#14615=DIRECTION('center_axis',(0.,0.,1.));
#14616=DIRECTION('ref_axis',(1.,0.,0.));
#14617=DIRECTION('center_axis',(0.,0.,1.));
#14618=DIRECTION('ref_axis',(1.,0.,0.));
#14619=DIRECTION('center_axis',(0.,0.,1.));
#14620=DIRECTION('ref_axis',(1.,0.,0.));
#14621=DIRECTION('',(0.,0.,-1.));
#14622=DIRECTION('center_axis',(0.,0.,1.));
#14623=DIRECTION('ref_axis',(1.,0.,0.));
#14624=DIRECTION('center_axis',(0.,0.,1.));
#14625=DIRECTION('ref_axis',(1.,0.,0.));
#14626=DIRECTION('center_axis',(0.,0.,1.));
#14627=DIRECTION('ref_axis',(1.,0.,0.));
#14628=DIRECTION('center_axis',(0.,0.,1.));
#14629=DIRECTION('ref_axis',(1.,0.,0.));
#14630=DIRECTION('center_axis',(0.,0.,1.));
#14631=DIRECTION('ref_axis',(1.,0.,0.));
#14632=DIRECTION('',(0.,0.,-1.));
#14633=DIRECTION('center_axis',(0.,0.,1.));
#14634=DIRECTION('ref_axis',(1.,0.,0.));
#14635=DIRECTION('center_axis',(0.,0.,1.));
#14636=DIRECTION('ref_axis',(1.,0.,0.));
#14637=DIRECTION('center_axis',(0.,0.,1.));
#14638=DIRECTION('ref_axis',(1.,0.,0.));
#14639=DIRECTION('center_axis',(0.,0.,1.));
#14640=DIRECTION('ref_axis',(1.,0.,0.));
#14641=DIRECTION('center_axis',(0.,0.,1.));
#14642=DIRECTION('ref_axis',(1.,0.,0.));
#14643=DIRECTION('',(0.,0.,-1.));
#14644=DIRECTION('center_axis',(0.,0.,1.));
#14645=DIRECTION('ref_axis',(1.,0.,0.));
#14646=DIRECTION('center_axis',(0.,0.,1.));
#14647=DIRECTION('ref_axis',(1.,0.,0.));
#14648=DIRECTION('center_axis',(0.,0.,1.));
#14649=DIRECTION('ref_axis',(1.,0.,0.));
#14650=DIRECTION('center_axis',(0.,0.,1.));
#14651=DIRECTION('ref_axis',(1.,0.,0.));
#14652=DIRECTION('center_axis',(0.,0.,1.));
#14653=DIRECTION('ref_axis',(1.,0.,0.));
#14654=DIRECTION('',(0.,0.,-1.));
#14655=DIRECTION('center_axis',(0.,0.,1.));
#14656=DIRECTION('ref_axis',(1.,0.,0.));
#14657=DIRECTION('center_axis',(0.,0.,1.));
#14658=DIRECTION('ref_axis',(1.,0.,0.));
#14659=DIRECTION('center_axis',(0.,0.,1.));
#14660=DIRECTION('ref_axis',(1.,0.,0.));
#14661=DIRECTION('center_axis',(0.,0.,1.));
#14662=DIRECTION('ref_axis',(1.,0.,0.));
#14663=DIRECTION('center_axis',(0.,0.,1.));
#14664=DIRECTION('ref_axis',(1.,0.,0.));
#14665=DIRECTION('',(0.,0.,-1.));
#14666=DIRECTION('center_axis',(0.,0.,1.));
#14667=DIRECTION('ref_axis',(1.,0.,0.));
#14668=DIRECTION('center_axis',(0.,0.,1.));
#14669=DIRECTION('ref_axis',(1.,0.,0.));
#14670=DIRECTION('center_axis',(0.,0.,1.));
#14671=DIRECTION('ref_axis',(1.,0.,0.));
#14672=DIRECTION('center_axis',(0.,0.,1.));
#14673=DIRECTION('ref_axis',(1.,0.,0.));
#14674=DIRECTION('center_axis',(0.,0.,1.));
#14675=DIRECTION('ref_axis',(1.,0.,0.));
#14676=DIRECTION('',(0.,0.,-1.));
#14677=DIRECTION('center_axis',(0.,0.,1.));
#14678=DIRECTION('ref_axis',(1.,0.,0.));
#14679=DIRECTION('center_axis',(0.,0.,1.));
#14680=DIRECTION('ref_axis',(1.,0.,0.));
#14681=DIRECTION('center_axis',(0.,0.,1.));
#14682=DIRECTION('ref_axis',(1.,0.,0.));
#14683=DIRECTION('center_axis',(0.,0.,1.));
#14684=DIRECTION('ref_axis',(1.,0.,0.));
#14685=DIRECTION('center_axis',(0.,0.,1.));
#14686=DIRECTION('ref_axis',(1.,0.,0.));
#14687=DIRECTION('',(0.,0.,-1.));
#14688=DIRECTION('center_axis',(0.,0.,1.));
#14689=DIRECTION('ref_axis',(1.,0.,0.));
#14690=DIRECTION('center_axis',(0.,0.,1.));
#14691=DIRECTION('ref_axis',(1.,0.,0.));
#14692=DIRECTION('center_axis',(0.,0.,1.));
#14693=DIRECTION('ref_axis',(1.,0.,0.));
#14694=DIRECTION('center_axis',(0.,0.,1.));
#14695=DIRECTION('ref_axis',(1.,0.,0.));
#14696=DIRECTION('center_axis',(0.,0.,1.));
#14697=DIRECTION('ref_axis',(1.,0.,0.));
#14698=DIRECTION('',(0.,0.,-1.));
#14699=DIRECTION('center_axis',(0.,0.,1.));
#14700=DIRECTION('ref_axis',(1.,0.,0.));
#14701=DIRECTION('center_axis',(0.,0.,1.));
#14702=DIRECTION('ref_axis',(1.,0.,0.));
#14703=DIRECTION('center_axis',(0.,0.,1.));
#14704=DIRECTION('ref_axis',(1.,0.,0.));
#14705=DIRECTION('axis',(0.,0.,1.));
#14706=DIRECTION('refdir',(1.,0.,0.));
#14707=DIRECTION('center_axis',(0.,0.,1.));
#14708=DIRECTION('ref_axis',(1.,0.,0.));
#14709=DIRECTION('center_axis',(0.,0.,1.));
#14710=DIRECTION('ref_axis',(1.,0.,0.));
#14711=DIRECTION('',(0.,0.,-1.));
#14712=DIRECTION('center_axis',(0.,0.,1.));
#14713=DIRECTION('ref_axis',(1.,0.,0.));
#14714=DIRECTION('center_axis',(0.,0.,1.));
#14715=DIRECTION('ref_axis',(1.,0.,0.));
#14716=DIRECTION('center_axis',(0.,0.,1.));
#14717=DIRECTION('ref_axis',(1.,0.,0.));
#14718=DIRECTION('center_axis',(0.,0.,1.));
#14719=DIRECTION('ref_axis',(1.,0.,0.));
#14720=DIRECTION('center_axis',(0.,0.,1.));
#14721=DIRECTION('ref_axis',(1.,0.,0.));
#14722=DIRECTION('center_axis',(0.,0.,1.));
#14723=DIRECTION('ref_axis',(1.,0.,0.));
#14724=DIRECTION('',(0.,0.,1.));
#14725=DIRECTION('center_axis',(0.,0.,1.));
#14726=DIRECTION('ref_axis',(1.,0.,0.));
#14727=DIRECTION('center_axis',(0.,0.,1.));
#14728=DIRECTION('ref_axis',(1.,0.,0.));
#14729=DIRECTION('center_axis',(0.,0.,1.));
#14730=DIRECTION('ref_axis',(1.,0.,0.));
#14731=DIRECTION('',(0.,0.,-1.));
#14732=DIRECTION('center_axis',(0.,0.,1.));
#14733=DIRECTION('ref_axis',(1.,0.,0.));
#14734=DIRECTION('center_axis',(0.,0.,1.));
#14735=DIRECTION('ref_axis',(1.,0.,0.));
#14736=DIRECTION('center_axis',(0.,0.,1.));
#14737=DIRECTION('ref_axis',(1.,0.,0.));
#14738=DIRECTION('center_axis',(0.,0.,1.));
#14739=DIRECTION('ref_axis',(1.,0.,0.));
#14740=DIRECTION('center_axis',(0.,0.,1.));
#14741=DIRECTION('ref_axis',(1.,0.,0.));
#14742=DIRECTION('',(0.,0.,-1.));
#14743=DIRECTION('center_axis',(0.,0.,1.));
#14744=DIRECTION('ref_axis',(1.,0.,0.));
#14745=DIRECTION('center_axis',(0.,0.,1.));
#14746=DIRECTION('ref_axis',(1.,0.,0.));
#14747=DIRECTION('center_axis',(0.,0.,1.));
#14748=DIRECTION('ref_axis',(1.,0.,0.));
#14749=DIRECTION('center_axis',(0.,0.,1.));
#14750=DIRECTION('ref_axis',(1.,0.,0.));
#14751=DIRECTION('center_axis',(0.,0.,1.));
#14752=DIRECTION('ref_axis',(1.,0.,0.));
#14753=DIRECTION('',(0.,0.,-1.));
#14754=DIRECTION('center_axis',(0.,0.,1.));
#14755=DIRECTION('ref_axis',(1.,0.,0.));
#14756=DIRECTION('center_axis',(0.,0.,1.));
#14757=DIRECTION('ref_axis',(1.,0.,0.));
#14758=DIRECTION('center_axis',(0.,0.,1.));
#14759=DIRECTION('ref_axis',(1.,0.,0.));
#14760=DIRECTION('center_axis',(0.,0.,1.));
#14761=DIRECTION('ref_axis',(1.,0.,0.));
#14762=DIRECTION('center_axis',(0.,0.,1.));
#14763=DIRECTION('ref_axis',(1.,0.,0.));
#14764=DIRECTION('',(0.,0.,-1.));
#14765=DIRECTION('center_axis',(0.,0.,1.));
#14766=DIRECTION('ref_axis',(1.,0.,0.));
#14767=DIRECTION('center_axis',(0.,0.,1.));
#14768=DIRECTION('ref_axis',(1.,0.,0.));
#14769=DIRECTION('center_axis',(0.,0.,1.));
#14770=DIRECTION('ref_axis',(1.,0.,0.));
#14771=DIRECTION('center_axis',(0.,0.,1.));
#14772=DIRECTION('ref_axis',(1.,0.,0.));
#14773=DIRECTION('center_axis',(0.,0.,1.));
#14774=DIRECTION('ref_axis',(1.,0.,0.));
#14775=DIRECTION('',(0.,0.,-1.));
#14776=DIRECTION('center_axis',(0.,0.,1.));
#14777=DIRECTION('ref_axis',(1.,0.,0.));
#14778=DIRECTION('center_axis',(0.,0.,1.));
#14779=DIRECTION('ref_axis',(1.,0.,0.));
#14780=DIRECTION('center_axis',(0.,0.,1.));
#14781=DIRECTION('ref_axis',(1.,0.,0.));
#14782=DIRECTION('center_axis',(0.,0.,1.));
#14783=DIRECTION('ref_axis',(1.,0.,0.));
#14784=DIRECTION('center_axis',(0.,0.,1.));
#14785=DIRECTION('ref_axis',(1.,0.,0.));
#14786=DIRECTION('',(0.,0.,-1.));
#14787=DIRECTION('center_axis',(0.,0.,1.));
#14788=DIRECTION('ref_axis',(1.,0.,0.));
#14789=DIRECTION('center_axis',(0.,0.,1.));
#14790=DIRECTION('ref_axis',(1.,0.,0.));
#14791=DIRECTION('center_axis',(0.,0.,1.));
#14792=DIRECTION('ref_axis',(1.,0.,0.));
#14793=DIRECTION('center_axis',(0.,0.,1.));
#14794=DIRECTION('ref_axis',(1.,0.,0.));
#14795=DIRECTION('center_axis',(0.,0.,1.));
#14796=DIRECTION('ref_axis',(1.,0.,0.));
#14797=DIRECTION('',(0.,0.,-1.));
#14798=DIRECTION('center_axis',(0.,0.,1.));
#14799=DIRECTION('ref_axis',(1.,0.,0.));
#14800=DIRECTION('center_axis',(0.,0.,1.));
#14801=DIRECTION('ref_axis',(1.,0.,0.));
#14802=DIRECTION('center_axis',(0.,0.,1.));
#14803=DIRECTION('ref_axis',(1.,0.,0.));
#14804=DIRECTION('center_axis',(0.,0.,1.));
#14805=DIRECTION('ref_axis',(1.,0.,0.));
#14806=DIRECTION('center_axis',(0.,0.,1.));
#14807=DIRECTION('ref_axis',(1.,0.,0.));
#14808=DIRECTION('',(0.,0.,-1.));
#14809=DIRECTION('center_axis',(0.,0.,1.));
#14810=DIRECTION('ref_axis',(1.,0.,0.));
#14811=DIRECTION('center_axis',(0.,0.,1.));
#14812=DIRECTION('ref_axis',(1.,0.,0.));
#14813=DIRECTION('center_axis',(0.,0.,1.));
#14814=DIRECTION('ref_axis',(1.,0.,0.));
#14815=DIRECTION('center_axis',(0.,0.,1.));
#14816=DIRECTION('ref_axis',(1.,0.,0.));
#14817=DIRECTION('center_axis',(0.,0.,1.));
#14818=DIRECTION('ref_axis',(1.,0.,0.));
#14819=DIRECTION('',(0.,0.,-1.));
#14820=DIRECTION('center_axis',(0.,0.,1.));
#14821=DIRECTION('ref_axis',(1.,0.,0.));
#14822=DIRECTION('center_axis',(0.,0.,1.));
#14823=DIRECTION('ref_axis',(1.,0.,0.));
#14824=DIRECTION('center_axis',(0.,0.,1.));
#14825=DIRECTION('ref_axis',(1.,0.,0.));
#14826=DIRECTION('axis',(0.,0.,1.));
#14827=DIRECTION('refdir',(1.,0.,0.));
#14828=DIRECTION('center_axis',(0.,0.,1.));
#14829=DIRECTION('ref_axis',(1.,0.,0.));
#14830=DIRECTION('center_axis',(0.,0.,1.));
#14831=DIRECTION('ref_axis',(1.,0.,0.));
#14832=DIRECTION('',(0.,0.,-1.));
#14833=DIRECTION('center_axis',(0.,0.,1.));
#14834=DIRECTION('ref_axis',(1.,0.,0.));
#14835=DIRECTION('center_axis',(0.,0.,1.));
#14836=DIRECTION('ref_axis',(1.,0.,0.));
#14837=DIRECTION('center_axis',(0.,0.,1.));
#14838=DIRECTION('ref_axis',(1.,0.,0.));
#14839=DIRECTION('center_axis',(0.,0.,1.));
#14840=DIRECTION('ref_axis',(1.,0.,0.));
#14841=DIRECTION('center_axis',(0.,0.,1.));
#14842=DIRECTION('ref_axis',(1.,0.,0.));
#14843=DIRECTION('center_axis',(0.,0.,1.));
#14844=DIRECTION('ref_axis',(1.,0.,0.));
#14845=DIRECTION('',(0.,0.,1.));
#14846=DIRECTION('center_axis',(0.,0.,1.));
#14847=DIRECTION('ref_axis',(1.,0.,0.));
#14848=DIRECTION('center_axis',(0.,0.,1.));
#14849=DIRECTION('ref_axis',(1.,0.,0.));
#14850=DIRECTION('center_axis',(0.,0.,1.));
#14851=DIRECTION('ref_axis',(1.,0.,0.));
#14852=DIRECTION('',(0.,0.,-1.));
#14853=DIRECTION('center_axis',(0.,0.,1.));
#14854=DIRECTION('ref_axis',(1.,0.,0.));
#14855=DIRECTION('center_axis',(0.,0.,1.));
#14856=DIRECTION('ref_axis',(1.,0.,0.));
#14857=DIRECTION('center_axis',(0.,0.,1.));
#14858=DIRECTION('ref_axis',(1.,0.,0.));
#14859=DIRECTION('center_axis',(0.,0.,1.));
#14860=DIRECTION('ref_axis',(1.,0.,0.));
#14861=DIRECTION('center_axis',(0.,0.,1.));
#14862=DIRECTION('ref_axis',(1.,0.,0.));
#14863=DIRECTION('',(0.,0.,-1.));
#14864=DIRECTION('center_axis',(0.,0.,1.));
#14865=DIRECTION('ref_axis',(1.,0.,0.));
#14866=DIRECTION('center_axis',(0.,0.,1.));
#14867=DIRECTION('ref_axis',(1.,0.,0.));
#14868=DIRECTION('center_axis',(0.,0.,1.));
#14869=DIRECTION('ref_axis',(1.,0.,0.));
#14870=DIRECTION('center_axis',(0.,0.,1.));
#14871=DIRECTION('ref_axis',(1.,0.,0.));
#14872=DIRECTION('center_axis',(0.,0.,1.));
#14873=DIRECTION('ref_axis',(1.,0.,0.));
#14874=DIRECTION('',(0.,0.,-1.));
#14875=DIRECTION('center_axis',(0.,0.,1.));
#14876=DIRECTION('ref_axis',(1.,0.,0.));
#14877=DIRECTION('center_axis',(0.,0.,1.));
#14878=DIRECTION('ref_axis',(1.,0.,0.));
#14879=DIRECTION('center_axis',(0.,0.,1.));
#14880=DIRECTION('ref_axis',(1.,0.,0.));
#14881=DIRECTION('center_axis',(0.,0.,1.));
#14882=DIRECTION('ref_axis',(1.,0.,0.));
#14883=DIRECTION('center_axis',(0.,0.,1.));
#14884=DIRECTION('ref_axis',(1.,0.,0.));
#14885=DIRECTION('',(0.,0.,-1.));
#14886=DIRECTION('center_axis',(0.,0.,1.));
#14887=DIRECTION('ref_axis',(1.,0.,0.));
#14888=DIRECTION('center_axis',(0.,0.,1.));
#14889=DIRECTION('ref_axis',(1.,0.,0.));
#14890=DIRECTION('center_axis',(0.,0.,1.));
#14891=DIRECTION('ref_axis',(1.,0.,0.));
#14892=DIRECTION('center_axis',(0.,0.,1.));
#14893=DIRECTION('ref_axis',(1.,0.,0.));
#14894=DIRECTION('center_axis',(0.,0.,1.));
#14895=DIRECTION('ref_axis',(1.,0.,0.));
#14896=DIRECTION('',(0.,0.,-1.));
#14897=DIRECTION('center_axis',(0.,0.,1.));
#14898=DIRECTION('ref_axis',(1.,0.,0.));
#14899=DIRECTION('center_axis',(0.,0.,1.));
#14900=DIRECTION('ref_axis',(1.,0.,0.));
#14901=DIRECTION('center_axis',(0.,0.,1.));
#14902=DIRECTION('ref_axis',(1.,0.,0.));
#14903=DIRECTION('center_axis',(0.,0.,1.));
#14904=DIRECTION('ref_axis',(1.,0.,0.));
#14905=DIRECTION('center_axis',(0.,0.,1.));
#14906=DIRECTION('ref_axis',(1.,0.,0.));
#14907=DIRECTION('',(0.,0.,-1.));
#14908=DIRECTION('center_axis',(0.,0.,1.));
#14909=DIRECTION('ref_axis',(1.,0.,0.));
#14910=DIRECTION('center_axis',(0.,0.,1.));
#14911=DIRECTION('ref_axis',(1.,0.,0.));
#14912=DIRECTION('center_axis',(0.,0.,1.));
#14913=DIRECTION('ref_axis',(1.,0.,0.));
#14914=DIRECTION('center_axis',(0.,0.,1.));
#14915=DIRECTION('ref_axis',(1.,0.,0.));
#14916=DIRECTION('center_axis',(0.,0.,1.));
#14917=DIRECTION('ref_axis',(1.,0.,0.));
#14918=DIRECTION('',(0.,0.,-1.));
#14919=DIRECTION('center_axis',(0.,0.,1.));
#14920=DIRECTION('ref_axis',(1.,0.,0.));
#14921=DIRECTION('center_axis',(0.,0.,1.));
#14922=DIRECTION('ref_axis',(1.,0.,0.));
#14923=DIRECTION('center_axis',(0.,0.,1.));
#14924=DIRECTION('ref_axis',(1.,0.,0.));
#14925=DIRECTION('center_axis',(0.,0.,1.));
#14926=DIRECTION('ref_axis',(1.,0.,0.));
#14927=DIRECTION('center_axis',(0.,0.,1.));
#14928=DIRECTION('ref_axis',(1.,0.,0.));
#14929=DIRECTION('',(0.,0.,-1.));
#14930=DIRECTION('center_axis',(0.,0.,1.));
#14931=DIRECTION('ref_axis',(1.,0.,0.));
#14932=DIRECTION('center_axis',(0.,0.,1.));
#14933=DIRECTION('ref_axis',(1.,0.,0.));
#14934=DIRECTION('center_axis',(0.,0.,1.));
#14935=DIRECTION('ref_axis',(1.,0.,0.));
#14936=DIRECTION('center_axis',(0.,0.,1.));
#14937=DIRECTION('ref_axis',(1.,0.,0.));
#14938=DIRECTION('center_axis',(0.,0.,1.));
#14939=DIRECTION('ref_axis',(1.,0.,0.));
#14940=DIRECTION('',(0.,0.,-1.));
#14941=DIRECTION('center_axis',(0.,0.,1.));
#14942=DIRECTION('ref_axis',(1.,0.,0.));
#14943=DIRECTION('center_axis',(0.,0.,1.));
#14944=DIRECTION('ref_axis',(1.,0.,0.));
#14945=DIRECTION('center_axis',(0.,0.,1.));
#14946=DIRECTION('ref_axis',(1.,0.,0.));
#14947=DIRECTION('axis',(0.,0.,1.));
#14948=DIRECTION('refdir',(1.,0.,0.));
#14949=DIRECTION('center_axis',(1.,0.,0.));
#14950=DIRECTION('ref_axis',(0.,0.,1.));
#14951=DIRECTION('',(0.,0.,1.));
#14952=DIRECTION('',(0.,1.,0.));
#14953=DIRECTION('',(0.,0.,1.));
#14954=DIRECTION('',(0.,1.,0.));
#14955=DIRECTION('center_axis',(1.,0.,0.));
#14956=DIRECTION('ref_axis',(0.,0.,1.));
#14957=DIRECTION('',(0.,0.,1.));
#14958=DIRECTION('',(0.,1.,0.));
#14959=DIRECTION('',(0.,0.,1.));
#14960=DIRECTION('',(0.,1.,0.));
#14961=DIRECTION('center_axis',(0.,1.,0.));
#14962=DIRECTION('ref_axis',(0.,0.,1.));
#14963=DIRECTION('',(1.,0.,0.));
#14964=DIRECTION('',(1.,0.,0.));
#14965=DIRECTION('center_axis',(0.,1.,0.));
#14966=DIRECTION('ref_axis',(0.,0.,1.));
#14967=DIRECTION('',(1.,0.,0.));
#14968=DIRECTION('',(1.,0.,0.));
#14969=DIRECTION('center_axis',(0.,0.,1.));
#14970=DIRECTION('ref_axis',(1.,0.,0.));
#14971=DIRECTION('center_axis',(0.,0.,1.));
#14972=DIRECTION('ref_axis',(1.,0.,0.));
#14973=DIRECTION('axis',(0.,0.,1.));
#14974=DIRECTION('refdir',(1.,0.,0.));
#14975=DIRECTION('center_axis',(-1.,1.224646799147E-16,0.));
#14976=DIRECTION('ref_axis',(0.,0.,1.));
#14977=DIRECTION('',(0.,0.,1.));
#14978=DIRECTION('',(-1.224646799147E-16,-1.,0.));
#14979=DIRECTION('',(0.,0.,1.));
#14980=DIRECTION('',(-1.224646799147E-16,-1.,0.));
#14981=DIRECTION('center_axis',(-1.,1.224646799147E-16,0.));
#14982=DIRECTION('ref_axis',(0.,0.,1.));
#14983=DIRECTION('',(0.,0.,1.));
#14984=DIRECTION('',(-1.224646799147E-16,-1.,0.));
#14985=DIRECTION('',(0.,0.,1.));
#14986=DIRECTION('',(-1.224646799147E-16,-1.,0.));
#14987=DIRECTION('center_axis',(-1.224646799147E-16,-1.,0.));
#14988=DIRECTION('ref_axis',(0.,0.,1.));
#14989=DIRECTION('',(-1.,1.224646799147E-16,0.));
#14990=DIRECTION('',(-1.,1.224646799147E-16,0.));
#14991=DIRECTION('center_axis',(-1.224646799147E-16,-1.,0.));
#14992=DIRECTION('ref_axis',(0.,0.,1.));
#14993=DIRECTION('',(-1.,1.224646799147E-16,0.));
#14994=DIRECTION('',(-1.,1.224646799147E-16,0.));
#14995=DIRECTION('center_axis',(0.,0.,1.));
#14996=DIRECTION('ref_axis',(-1.,1.224646799147E-16,0.));
#14997=DIRECTION('center_axis',(0.,0.,1.));
#14998=DIRECTION('ref_axis',(-1.,1.224646799147E-16,0.));
#14999=DIRECTION('center_axis',(-1.,1.224646799147E-16,0.));
#15000=DIRECTION('ref_axis',(0.,0.,1.));
#15001=DIRECTION('',(0.,0.,1.));
#15002=DIRECTION('',(-1.224646799147E-16,-1.,0.));
#15003=DIRECTION('',(0.,0.,1.));
#15004=DIRECTION('',(-1.224646799147E-16,-1.,0.));
#15005=DIRECTION('center_axis',(-1.,1.224646799147E-16,0.));
#15006=DIRECTION('ref_axis',(0.,0.,1.));
#15007=DIRECTION('',(0.,0.,1.));
#15008=DIRECTION('',(-1.224646799147E-16,-1.,0.));
#15009=DIRECTION('',(0.,0.,1.));
#15010=DIRECTION('',(-1.224646799147E-16,-1.,0.));
#15011=DIRECTION('center_axis',(-1.224646799147E-16,-1.,0.));
#15012=DIRECTION('ref_axis',(0.,0.,1.));
#15013=DIRECTION('',(-1.,1.224646799147E-16,0.));
#15014=DIRECTION('',(-1.,1.224646799147E-16,0.));
#15015=DIRECTION('center_axis',(-1.224646799147E-16,-1.,0.));
#15016=DIRECTION('ref_axis',(0.,0.,1.));
#15017=DIRECTION('',(-1.,1.224646799147E-16,0.));
#15018=DIRECTION('',(-1.,1.224646799147E-16,0.));
#15019=DIRECTION('center_axis',(0.,0.,1.));
#15020=DIRECTION('ref_axis',(-1.,1.224646799147E-16,0.));
#15021=DIRECTION('center_axis',(0.,0.,1.));
#15022=DIRECTION('ref_axis',(-1.,1.224646799147E-16,0.));
#15023=DIRECTION('center_axis',(1.110223024625E-16,1.,0.));
#15024=DIRECTION('ref_axis',(0.,0.,1.));
#15025=DIRECTION('',(0.,0.,1.));
#15026=DIRECTION('',(-1.,1.110223024625E-16,0.));
#15027=DIRECTION('',(0.,0.,1.));
#15028=DIRECTION('',(-1.,1.110223024625E-16,0.));
#15029=DIRECTION('center_axis',(1.110223024625E-16,1.,0.));
#15030=DIRECTION('ref_axis',(0.,0.,1.));
#15031=DIRECTION('',(0.,0.,1.));
#15032=DIRECTION('',(-1.,1.110223024625E-16,0.));
#15033=DIRECTION('',(0.,0.,1.));
#15034=DIRECTION('',(-1.,1.110223024625E-16,0.));
#15035=DIRECTION('center_axis',(-1.,1.110223024625E-16,0.));
#15036=DIRECTION('ref_axis',(0.,0.,1.));
#15037=DIRECTION('',(1.110223024625E-16,1.,0.));
#15038=DIRECTION('',(1.110223024625E-16,1.,0.));
#15039=DIRECTION('center_axis',(-1.,1.110223024625E-16,0.));
#15040=DIRECTION('ref_axis',(0.,0.,1.));
#15041=DIRECTION('',(1.110223024625E-16,1.,0.));
#15042=DIRECTION('',(1.110223024625E-16,1.,0.));
#15043=DIRECTION('center_axis',(0.,0.,1.));
#15044=DIRECTION('ref_axis',(1.110223024625E-16,1.,0.));
#15045=DIRECTION('center_axis',(0.,0.,1.));
#15046=DIRECTION('ref_axis',(1.110223024625E-16,1.,0.));
#15047=DIRECTION('center_axis',(-1.,1.224646799147E-16,0.));
#15048=DIRECTION('ref_axis',(0.,0.,1.));
#15049=DIRECTION('',(0.,0.,1.));
#15050=DIRECTION('',(-1.224646799147E-16,-1.,0.));
#15051=DIRECTION('',(0.,0.,1.));
#15052=DIRECTION('',(-1.224646799147E-16,-1.,0.));
#15053=DIRECTION('center_axis',(-1.,1.224646799147E-16,0.));
#15054=DIRECTION('ref_axis',(0.,0.,1.));
#15055=DIRECTION('',(0.,0.,1.));
#15056=DIRECTION('',(-1.224646799147E-16,-1.,0.));
#15057=DIRECTION('',(0.,0.,1.));
#15058=DIRECTION('',(-1.224646799147E-16,-1.,0.));
#15059=DIRECTION('center_axis',(-1.224646799147E-16,-1.,0.));
#15060=DIRECTION('ref_axis',(0.,0.,1.));
#15061=DIRECTION('',(-1.,1.224646799147E-16,0.));
#15062=DIRECTION('',(-1.,1.224646799147E-16,0.));
#15063=DIRECTION('center_axis',(-1.224646799147E-16,-1.,0.));
#15064=DIRECTION('ref_axis',(0.,0.,1.));
#15065=DIRECTION('',(-1.,1.224646799147E-16,0.));
#15066=DIRECTION('',(-1.,1.224646799147E-16,0.));
#15067=DIRECTION('center_axis',(0.,0.,1.));
#15068=DIRECTION('ref_axis',(-1.,1.224646799147E-16,0.));
#15069=DIRECTION('center_axis',(0.,0.,1.));
#15070=DIRECTION('ref_axis',(-1.,1.224646799147E-16,0.));
#15071=DIRECTION('center_axis',(-1.,1.224646799147E-16,0.));
#15072=DIRECTION('ref_axis',(0.,0.,1.));
#15073=DIRECTION('',(0.,0.,1.));
#15074=DIRECTION('',(-1.224646799147E-16,-1.,0.));
#15075=DIRECTION('',(0.,0.,1.));
#15076=DIRECTION('',(-1.224646799147E-16,-1.,0.));
#15077=DIRECTION('center_axis',(-1.,1.224646799147E-16,0.));
#15078=DIRECTION('ref_axis',(0.,0.,1.));
#15079=DIRECTION('',(0.,0.,1.));
#15080=DIRECTION('',(-1.224646799147E-16,-1.,0.));
#15081=DIRECTION('',(0.,0.,1.));
#15082=DIRECTION('',(-1.224646799147E-16,-1.,0.));
#15083=DIRECTION('center_axis',(-1.224646799147E-16,-1.,0.));
#15084=DIRECTION('ref_axis',(0.,0.,1.));
#15085=DIRECTION('',(-1.,1.224646799147E-16,0.));
#15086=DIRECTION('',(-1.,1.224646799147E-16,0.));
#15087=DIRECTION('center_axis',(-1.224646799147E-16,-1.,0.));
#15088=DIRECTION('ref_axis',(0.,0.,1.));
#15089=DIRECTION('',(-1.,1.224646799147E-16,0.));
#15090=DIRECTION('',(-1.,1.224646799147E-16,0.));
#15091=DIRECTION('center_axis',(0.,0.,1.));
#15092=DIRECTION('ref_axis',(-1.,1.224646799147E-16,0.));
#15093=DIRECTION('center_axis',(0.,0.,1.));
#15094=DIRECTION('ref_axis',(-1.,1.224646799147E-16,0.));
#15095=DIRECTION('center_axis',(-1.,1.224646799147E-16,0.));
#15096=DIRECTION('ref_axis',(0.,0.,1.));
#15097=DIRECTION('',(0.,0.,1.));
#15098=DIRECTION('',(-1.224646799147E-16,-1.,0.));
#15099=DIRECTION('',(0.,0.,1.));
#15100=DIRECTION('',(-1.224646799147E-16,-1.,0.));
#15101=DIRECTION('center_axis',(-1.,1.224646799147E-16,0.));
#15102=DIRECTION('ref_axis',(0.,0.,1.));
#15103=DIRECTION('',(0.,0.,1.));
#15104=DIRECTION('',(-1.224646799147E-16,-1.,0.));
#15105=DIRECTION('',(0.,0.,1.));
#15106=DIRECTION('',(-1.224646799147E-16,-1.,0.));
#15107=DIRECTION('center_axis',(-1.224646799147E-16,-1.,0.));
#15108=DIRECTION('ref_axis',(0.,0.,1.));
#15109=DIRECTION('',(-1.,1.224646799147E-16,0.));
#15110=DIRECTION('',(-1.,1.224646799147E-16,0.));
#15111=DIRECTION('center_axis',(-1.224646799147E-16,-1.,0.));
#15112=DIRECTION('ref_axis',(0.,0.,1.));
#15113=DIRECTION('',(-1.,1.224646799147E-16,0.));
#15114=DIRECTION('',(-1.,1.224646799147E-16,0.));
#15115=DIRECTION('center_axis',(0.,0.,1.));
#15116=DIRECTION('ref_axis',(-1.,1.224646799147E-16,0.));
#15117=DIRECTION('center_axis',(0.,0.,1.));
#15118=DIRECTION('ref_axis',(-1.,1.224646799147E-16,0.));
#15119=DIRECTION('center_axis',(-1.,1.224646799147E-16,0.));
#15120=DIRECTION('ref_axis',(0.,0.,1.));
#15121=DIRECTION('',(0.,0.,1.));
#15122=DIRECTION('',(-1.224646799147E-16,-1.,0.));
#15123=DIRECTION('',(0.,0.,1.));
#15124=DIRECTION('',(-1.224646799147E-16,-1.,0.));
#15125=DIRECTION('center_axis',(-1.,1.224646799147E-16,0.));
#15126=DIRECTION('ref_axis',(0.,0.,1.));
#15127=DIRECTION('',(0.,0.,1.));
#15128=DIRECTION('',(-1.224646799147E-16,-1.,0.));
#15129=DIRECTION('',(0.,0.,1.));
#15130=DIRECTION('',(-1.224646799147E-16,-1.,0.));
#15131=DIRECTION('center_axis',(-1.224646799147E-16,-1.,0.));
#15132=DIRECTION('ref_axis',(0.,0.,1.));
#15133=DIRECTION('',(-1.,1.224646799147E-16,0.));
#15134=DIRECTION('',(-1.,1.224646799147E-16,0.));
#15135=DIRECTION('center_axis',(-1.224646799147E-16,-1.,0.));
#15136=DIRECTION('ref_axis',(0.,0.,1.));
#15137=DIRECTION('',(-1.,1.224646799147E-16,0.));
#15138=DIRECTION('',(-1.,1.224646799147E-16,0.));
#15139=DIRECTION('center_axis',(0.,0.,1.));
#15140=DIRECTION('ref_axis',(-1.,1.224646799147E-16,0.));
#15141=DIRECTION('center_axis',(0.,0.,1.));
#15142=DIRECTION('ref_axis',(-1.,1.224646799147E-16,0.));
#15143=DIRECTION('center_axis',(-1.,1.224646799147E-16,0.));
#15144=DIRECTION('ref_axis',(0.,0.,1.));
#15145=DIRECTION('',(0.,0.,1.));
#15146=DIRECTION('',(-1.224646799147E-16,-1.,0.));
#15147=DIRECTION('',(0.,0.,1.));
#15148=DIRECTION('',(-1.224646799147E-16,-1.,0.));
#15149=DIRECTION('center_axis',(-1.,1.224646799147E-16,0.));
#15150=DIRECTION('ref_axis',(0.,0.,1.));
#15151=DIRECTION('',(0.,0.,1.));
#15152=DIRECTION('',(-1.224646799147E-16,-1.,0.));
#15153=DIRECTION('',(0.,0.,1.));
#15154=DIRECTION('',(-1.224646799147E-16,-1.,0.));
#15155=DIRECTION('center_axis',(-1.224646799147E-16,-1.,0.));
#15156=DIRECTION('ref_axis',(0.,0.,1.));
#15157=DIRECTION('',(-1.,1.224646799147E-16,0.));
#15158=DIRECTION('',(-1.,1.224646799147E-16,0.));
#15159=DIRECTION('center_axis',(-1.224646799147E-16,-1.,0.));
#15160=DIRECTION('ref_axis',(0.,0.,1.));
#15161=DIRECTION('',(-1.,1.224646799147E-16,0.));
#15162=DIRECTION('',(-1.,1.224646799147E-16,0.));
#15163=DIRECTION('center_axis',(0.,0.,1.));
#15164=DIRECTION('ref_axis',(-1.,1.224646799147E-16,0.));
#15165=DIRECTION('center_axis',(0.,0.,1.));
#15166=DIRECTION('ref_axis',(-1.,1.224646799147E-16,0.));
#15167=DIRECTION('center_axis',(1.110223024625E-16,1.,0.));
#15168=DIRECTION('ref_axis',(0.,0.,1.));
#15169=DIRECTION('',(0.,0.,1.));
#15170=DIRECTION('',(-1.,1.110223024625E-16,0.));
#15171=DIRECTION('',(0.,0.,1.));
#15172=DIRECTION('',(-1.,1.110223024625E-16,0.));
#15173=DIRECTION('center_axis',(1.110223024625E-16,1.,0.));
#15174=DIRECTION('ref_axis',(0.,0.,1.));
#15175=DIRECTION('',(0.,0.,1.));
#15176=DIRECTION('',(-1.,1.110223024625E-16,0.));
#15177=DIRECTION('',(0.,0.,1.));
#15178=DIRECTION('',(-1.,1.110223024625E-16,0.));
#15179=DIRECTION('center_axis',(-1.,1.110223024625E-16,0.));
#15180=DIRECTION('ref_axis',(0.,0.,1.));
#15181=DIRECTION('',(1.110223024625E-16,1.,0.));
#15182=DIRECTION('',(1.110223024625E-16,1.,0.));
#15183=DIRECTION('center_axis',(-1.,1.110223024625E-16,0.));
#15184=DIRECTION('ref_axis',(0.,0.,1.));
#15185=DIRECTION('',(1.110223024625E-16,1.,0.));
#15186=DIRECTION('',(1.110223024625E-16,1.,0.));
#15187=DIRECTION('center_axis',(0.,0.,1.));
#15188=DIRECTION('ref_axis',(1.110223024625E-16,1.,0.));
#15189=DIRECTION('center_axis',(0.,0.,1.));
#15190=DIRECTION('ref_axis',(1.110223024625E-16,1.,0.));
#15191=DIRECTION('center_axis',(1.110223024625E-16,1.,0.));
#15192=DIRECTION('ref_axis',(0.,0.,1.));
#15193=DIRECTION('',(0.,0.,1.));
#15194=DIRECTION('',(-1.,1.110223024625E-16,0.));
#15195=DIRECTION('',(0.,0.,1.));
#15196=DIRECTION('',(-1.,1.110223024625E-16,0.));
#15197=DIRECTION('center_axis',(1.110223024625E-16,1.,0.));
#15198=DIRECTION('ref_axis',(0.,0.,1.));
#15199=DIRECTION('',(0.,0.,1.));
#15200=DIRECTION('',(-1.,1.110223024625E-16,0.));
#15201=DIRECTION('',(0.,0.,1.));
#15202=DIRECTION('',(-1.,1.110223024625E-16,0.));
#15203=DIRECTION('center_axis',(-1.,1.110223024625E-16,0.));
#15204=DIRECTION('ref_axis',(0.,0.,1.));
#15205=DIRECTION('',(1.110223024625E-16,1.,0.));
#15206=DIRECTION('',(1.110223024625E-16,1.,0.));
#15207=DIRECTION('center_axis',(-1.,1.110223024625E-16,0.));
#15208=DIRECTION('ref_axis',(0.,0.,1.));
#15209=DIRECTION('',(1.110223024625E-16,1.,0.));
#15210=DIRECTION('',(1.110223024625E-16,1.,0.));
#15211=DIRECTION('center_axis',(0.,0.,1.));
#15212=DIRECTION('ref_axis',(1.110223024625E-16,1.,0.));
#15213=DIRECTION('center_axis',(0.,0.,1.));
#15214=DIRECTION('ref_axis',(1.110223024625E-16,1.,0.));
#15215=DIRECTION('center_axis',(1.110223024625E-16,1.,0.));
#15216=DIRECTION('ref_axis',(0.,0.,1.));
#15217=DIRECTION('',(0.,0.,1.));
#15218=DIRECTION('',(-1.,1.110223024625E-16,0.));
#15219=DIRECTION('',(0.,0.,1.));
#15220=DIRECTION('',(-1.,1.110223024625E-16,0.));
#15221=DIRECTION('center_axis',(1.110223024625E-16,1.,0.));
#15222=DIRECTION('ref_axis',(0.,0.,1.));
#15223=DIRECTION('',(0.,0.,1.));
#15224=DIRECTION('',(-1.,1.110223024625E-16,0.));
#15225=DIRECTION('',(0.,0.,1.));
#15226=DIRECTION('',(-1.,1.110223024625E-16,0.));
#15227=DIRECTION('center_axis',(-1.,1.110223024625E-16,0.));
#15228=DIRECTION('ref_axis',(0.,0.,1.));
#15229=DIRECTION('',(1.110223024625E-16,1.,0.));
#15230=DIRECTION('',(1.110223024625E-16,1.,0.));
#15231=DIRECTION('center_axis',(-1.,1.110223024625E-16,0.));
#15232=DIRECTION('ref_axis',(0.,0.,1.));
#15233=DIRECTION('',(1.110223024625E-16,1.,0.));
#15234=DIRECTION('',(1.110223024625E-16,1.,0.));
#15235=DIRECTION('center_axis',(0.,0.,1.));
#15236=DIRECTION('ref_axis',(1.110223024625E-16,1.,0.));
#15237=DIRECTION('center_axis',(0.,0.,1.));
#15238=DIRECTION('ref_axis',(1.110223024625E-16,1.,0.));
#15239=DIRECTION('center_axis',(1.110223024625E-16,1.,0.));
#15240=DIRECTION('ref_axis',(0.,0.,1.));
#15241=DIRECTION('',(0.,0.,1.));
#15242=DIRECTION('',(-1.,1.110223024625E-16,0.));
#15243=DIRECTION('',(0.,0.,1.));
#15244=DIRECTION('',(-1.,1.110223024625E-16,0.));
#15245=DIRECTION('center_axis',(1.110223024625E-16,1.,0.));
#15246=DIRECTION('ref_axis',(0.,0.,1.));
#15247=DIRECTION('',(0.,0.,1.));
#15248=DIRECTION('',(-1.,1.110223024625E-16,0.));
#15249=DIRECTION('',(0.,0.,1.));
#15250=DIRECTION('',(-1.,1.110223024625E-16,0.));
#15251=DIRECTION('center_axis',(-1.,1.110223024625E-16,0.));
#15252=DIRECTION('ref_axis',(0.,0.,1.));
#15253=DIRECTION('',(1.110223024625E-16,1.,0.));
#15254=DIRECTION('',(1.110223024625E-16,1.,0.));
#15255=DIRECTION('center_axis',(-1.,1.110223024625E-16,0.));
#15256=DIRECTION('ref_axis',(0.,0.,1.));
#15257=DIRECTION('',(1.110223024625E-16,1.,0.));
#15258=DIRECTION('',(1.110223024625E-16,1.,0.));
#15259=DIRECTION('center_axis',(0.,0.,1.));
#15260=DIRECTION('ref_axis',(1.110223024625E-16,1.,0.));
#15261=DIRECTION('center_axis',(0.,0.,1.));
#15262=DIRECTION('ref_axis',(1.110223024625E-16,1.,0.));
#15263=DIRECTION('center_axis',(1.110223024625E-16,1.,0.));
#15264=DIRECTION('ref_axis',(0.,0.,1.));
#15265=DIRECTION('',(0.,0.,1.));
#15266=DIRECTION('',(-1.,1.110223024625E-16,0.));
#15267=DIRECTION('',(0.,0.,1.));
#15268=DIRECTION('',(-1.,1.110223024625E-16,0.));
#15269=DIRECTION('center_axis',(1.110223024625E-16,1.,0.));
#15270=DIRECTION('ref_axis',(0.,0.,1.));
#15271=DIRECTION('',(0.,0.,1.));
#15272=DIRECTION('',(-1.,1.110223024625E-16,0.));
#15273=DIRECTION('',(0.,0.,1.));
#15274=DIRECTION('',(-1.,1.110223024625E-16,0.));
#15275=DIRECTION('center_axis',(-1.,1.110223024625E-16,0.));
#15276=DIRECTION('ref_axis',(0.,0.,1.));
#15277=DIRECTION('',(1.110223024625E-16,1.,0.));
#15278=DIRECTION('',(1.110223024625E-16,1.,0.));
#15279=DIRECTION('center_axis',(-1.,1.110223024625E-16,0.));
#15280=DIRECTION('ref_axis',(0.,0.,1.));
#15281=DIRECTION('',(1.110223024625E-16,1.,0.));
#15282=DIRECTION('',(1.110223024625E-16,1.,0.));
#15283=DIRECTION('center_axis',(0.,0.,1.));
#15284=DIRECTION('ref_axis',(1.110223024625E-16,1.,0.));
#15285=DIRECTION('center_axis',(0.,0.,1.));
#15286=DIRECTION('ref_axis',(1.110223024625E-16,1.,0.));
#15287=DIRECTION('center_axis',(1.110223024625E-16,1.,0.));
#15288=DIRECTION('ref_axis',(0.,0.,1.));
#15289=DIRECTION('',(0.,0.,1.));
#15290=DIRECTION('',(-1.,1.110223024625E-16,0.));
#15291=DIRECTION('',(0.,0.,1.));
#15292=DIRECTION('',(-1.,1.110223024625E-16,0.));
#15293=DIRECTION('center_axis',(1.110223024625E-16,1.,0.));
#15294=DIRECTION('ref_axis',(0.,0.,1.));
#15295=DIRECTION('',(0.,0.,1.));
#15296=DIRECTION('',(-1.,1.110223024625E-16,0.));
#15297=DIRECTION('',(0.,0.,1.));
#15298=DIRECTION('',(-1.,1.110223024625E-16,0.));
#15299=DIRECTION('center_axis',(-1.,1.110223024625E-16,0.));
#15300=DIRECTION('ref_axis',(0.,0.,1.));
#15301=DIRECTION('',(1.110223024625E-16,1.,0.));
#15302=DIRECTION('',(1.110223024625E-16,1.,0.));
#15303=DIRECTION('center_axis',(-1.,1.110223024625E-16,0.));
#15304=DIRECTION('ref_axis',(0.,0.,1.));
#15305=DIRECTION('',(1.110223024625E-16,1.,0.));
#15306=DIRECTION('',(1.110223024625E-16,1.,0.));
#15307=DIRECTION('center_axis',(0.,0.,1.));
#15308=DIRECTION('ref_axis',(1.110223024625E-16,1.,0.));
#15309=DIRECTION('center_axis',(0.,0.,1.));
#15310=DIRECTION('ref_axis',(1.110223024625E-16,1.,0.));
#15311=DIRECTION('center_axis',(1.110223024625E-16,1.,0.));
#15312=DIRECTION('ref_axis',(0.,0.,1.));
#15313=DIRECTION('',(0.,0.,1.));
#15314=DIRECTION('',(-1.,1.110223024625E-16,0.));
#15315=DIRECTION('',(0.,0.,1.));
#15316=DIRECTION('',(-1.,1.110223024625E-16,0.));
#15317=DIRECTION('center_axis',(1.110223024625E-16,1.,0.));
#15318=DIRECTION('ref_axis',(0.,0.,1.));
#15319=DIRECTION('',(0.,0.,1.));
#15320=DIRECTION('',(-1.,1.110223024625E-16,0.));
#15321=DIRECTION('',(0.,0.,1.));
#15322=DIRECTION('',(-1.,1.110223024625E-16,0.));
#15323=DIRECTION('center_axis',(-1.,1.110223024625E-16,0.));
#15324=DIRECTION('ref_axis',(0.,0.,1.));
#15325=DIRECTION('',(1.110223024625E-16,1.,0.));
#15326=DIRECTION('',(1.110223024625E-16,1.,0.));
#15327=DIRECTION('center_axis',(-1.,1.110223024625E-16,0.));
#15328=DIRECTION('ref_axis',(0.,0.,1.));
#15329=DIRECTION('',(1.110223024625E-16,1.,0.));
#15330=DIRECTION('',(1.110223024625E-16,1.,0.));
#15331=DIRECTION('center_axis',(0.,0.,1.));
#15332=DIRECTION('ref_axis',(1.110223024625E-16,1.,0.));
#15333=DIRECTION('center_axis',(0.,0.,1.));
#15334=DIRECTION('ref_axis',(1.110223024625E-16,1.,0.));
#15335=DIRECTION('center_axis',(1.110223024625E-16,1.,0.));
#15336=DIRECTION('ref_axis',(0.,0.,1.));
#15337=DIRECTION('',(0.,0.,1.));
#15338=DIRECTION('',(-1.,1.110223024625E-16,0.));
#15339=DIRECTION('',(0.,0.,1.));
#15340=DIRECTION('',(-1.,1.110223024625E-16,0.));
#15341=DIRECTION('center_axis',(1.110223024625E-16,1.,0.));
#15342=DIRECTION('ref_axis',(0.,0.,1.));
#15343=DIRECTION('',(0.,0.,1.));
#15344=DIRECTION('',(-1.,1.110223024625E-16,0.));
#15345=DIRECTION('',(0.,0.,1.));
#15346=DIRECTION('',(-1.,1.110223024625E-16,0.));
#15347=DIRECTION('center_axis',(-1.,1.110223024625E-16,0.));
#15348=DIRECTION('ref_axis',(0.,0.,1.));
#15349=DIRECTION('',(1.110223024625E-16,1.,0.));
#15350=DIRECTION('',(1.110223024625E-16,1.,0.));
#15351=DIRECTION('center_axis',(-1.,1.110223024625E-16,0.));
#15352=DIRECTION('ref_axis',(0.,0.,1.));
#15353=DIRECTION('',(1.110223024625E-16,1.,0.));
#15354=DIRECTION('',(1.110223024625E-16,1.,0.));
#15355=DIRECTION('center_axis',(0.,0.,1.));
#15356=DIRECTION('ref_axis',(1.110223024625E-16,1.,0.));
#15357=DIRECTION('center_axis',(0.,0.,1.));
#15358=DIRECTION('ref_axis',(1.110223024625E-16,1.,0.));
#15359=DIRECTION('center_axis',(-1.,1.224646799147E-16,0.));
#15360=DIRECTION('ref_axis',(0.,0.,1.));
#15361=DIRECTION('',(0.,0.,1.));
#15362=DIRECTION('',(-1.224646799147E-16,-1.,0.));
#15363=DIRECTION('',(0.,0.,1.));
#15364=DIRECTION('',(-1.224646799147E-16,-1.,0.));
#15365=DIRECTION('center_axis',(-1.,1.224646799147E-16,0.));
#15366=DIRECTION('ref_axis',(0.,0.,1.));
#15367=DIRECTION('',(0.,0.,1.));
#15368=DIRECTION('',(-1.224646799147E-16,-1.,0.));
#15369=DIRECTION('',(0.,0.,1.));
#15370=DIRECTION('',(-1.224646799147E-16,-1.,0.));
#15371=DIRECTION('center_axis',(-1.224646799147E-16,-1.,0.));
#15372=DIRECTION('ref_axis',(0.,0.,1.));
#15373=DIRECTION('',(-1.,1.224646799147E-16,0.));
#15374=DIRECTION('',(-1.,1.224646799147E-16,0.));
#15375=DIRECTION('center_axis',(-1.224646799147E-16,-1.,0.));
#15376=DIRECTION('ref_axis',(0.,0.,1.));
#15377=DIRECTION('',(-1.,1.224646799147E-16,0.));
#15378=DIRECTION('',(-1.,1.224646799147E-16,0.));
#15379=DIRECTION('center_axis',(0.,0.,1.));
#15380=DIRECTION('ref_axis',(-1.,1.224646799147E-16,0.));
#15381=DIRECTION('center_axis',(0.,0.,1.));
#15382=DIRECTION('ref_axis',(-1.,1.224646799147E-16,0.));
#15383=DIRECTION('center_axis',(-1.,1.224646799147E-16,0.));
#15384=DIRECTION('ref_axis',(0.,0.,1.));
#15385=DIRECTION('',(0.,0.,1.));
#15386=DIRECTION('',(-1.224646799147E-16,-1.,0.));
#15387=DIRECTION('',(0.,0.,1.));
#15388=DIRECTION('',(-1.224646799147E-16,-1.,0.));
#15389=DIRECTION('center_axis',(-1.,1.224646799147E-16,0.));
#15390=DIRECTION('ref_axis',(0.,0.,1.));
#15391=DIRECTION('',(0.,0.,1.));
#15392=DIRECTION('',(-1.224646799147E-16,-1.,0.));
#15393=DIRECTION('',(0.,0.,1.));
#15394=DIRECTION('',(-1.224646799147E-16,-1.,0.));
#15395=DIRECTION('center_axis',(-1.224646799147E-16,-1.,0.));
#15396=DIRECTION('ref_axis',(0.,0.,1.));
#15397=DIRECTION('',(-1.,1.224646799147E-16,0.));
#15398=DIRECTION('',(-1.,1.224646799147E-16,0.));
#15399=DIRECTION('center_axis',(-1.224646799147E-16,-1.,0.));
#15400=DIRECTION('ref_axis',(0.,0.,1.));
#15401=DIRECTION('',(-1.,1.224646799147E-16,0.));
#15402=DIRECTION('',(-1.,1.224646799147E-16,0.));
#15403=DIRECTION('center_axis',(0.,0.,1.));
#15404=DIRECTION('ref_axis',(-1.,1.224646799147E-16,0.));
#15405=DIRECTION('center_axis',(0.,0.,1.));
#15406=DIRECTION('ref_axis',(-1.,1.224646799147E-16,0.));
#15407=DIRECTION('center_axis',(-1.,1.224646799147E-16,0.));
#15408=DIRECTION('ref_axis',(0.,0.,1.));
#15409=DIRECTION('',(0.,0.,1.));
#15410=DIRECTION('',(-1.224646799147E-16,-1.,0.));
#15411=DIRECTION('',(0.,0.,1.));
#15412=DIRECTION('',(-1.224646799147E-16,-1.,0.));
#15413=DIRECTION('center_axis',(-1.,1.224646799147E-16,0.));
#15414=DIRECTION('ref_axis',(0.,0.,1.));
#15415=DIRECTION('',(0.,0.,1.));
#15416=DIRECTION('',(-1.224646799147E-16,-1.,0.));
#15417=DIRECTION('',(0.,0.,1.));
#15418=DIRECTION('',(-1.224646799147E-16,-1.,0.));
#15419=DIRECTION('center_axis',(-1.224646799147E-16,-1.,0.));
#15420=DIRECTION('ref_axis',(0.,0.,1.));
#15421=DIRECTION('',(-1.,1.224646799147E-16,0.));
#15422=DIRECTION('',(-1.,1.224646799147E-16,0.));
#15423=DIRECTION('center_axis',(-1.224646799147E-16,-1.,0.));
#15424=DIRECTION('ref_axis',(0.,0.,1.));
#15425=DIRECTION('',(-1.,1.224646799147E-16,0.));
#15426=DIRECTION('',(-1.,1.224646799147E-16,0.));
#15427=DIRECTION('center_axis',(0.,0.,1.));
#15428=DIRECTION('ref_axis',(-1.,1.224646799147E-16,0.));
#15429=DIRECTION('center_axis',(0.,0.,1.));
#15430=DIRECTION('ref_axis',(-1.,1.224646799147E-16,0.));
#15431=DIRECTION('center_axis',(-1.,1.224646799147E-16,0.));
#15432=DIRECTION('ref_axis',(0.,0.,1.));
#15433=DIRECTION('',(0.,0.,1.));
#15434=DIRECTION('',(-1.224646799147E-16,-1.,0.));
#15435=DIRECTION('',(0.,0.,1.));
#15436=DIRECTION('',(-1.224646799147E-16,-1.,0.));
#15437=DIRECTION('center_axis',(-1.,1.224646799147E-16,0.));
#15438=DIRECTION('ref_axis',(0.,0.,1.));
#15439=DIRECTION('',(0.,0.,1.));
#15440=DIRECTION('',(-1.224646799147E-16,-1.,0.));
#15441=DIRECTION('',(0.,0.,1.));
#15442=DIRECTION('',(-1.224646799147E-16,-1.,0.));
#15443=DIRECTION('center_axis',(-1.224646799147E-16,-1.,0.));
#15444=DIRECTION('ref_axis',(0.,0.,1.));
#15445=DIRECTION('',(-1.,1.224646799147E-16,0.));
#15446=DIRECTION('',(-1.,1.224646799147E-16,0.));
#15447=DIRECTION('center_axis',(-1.224646799147E-16,-1.,0.));
#15448=DIRECTION('ref_axis',(0.,0.,1.));
#15449=DIRECTION('',(-1.,1.224646799147E-16,0.));
#15450=DIRECTION('',(-1.,1.224646799147E-16,0.));
#15451=DIRECTION('center_axis',(0.,0.,1.));
#15452=DIRECTION('ref_axis',(-1.,1.224646799147E-16,0.));
#15453=DIRECTION('center_axis',(0.,0.,1.));
#15454=DIRECTION('ref_axis',(-1.,1.224646799147E-16,0.));
#15455=DIRECTION('center_axis',(-1.,1.224646799147E-16,0.));
#15456=DIRECTION('ref_axis',(0.,0.,1.));
#15457=DIRECTION('',(0.,0.,1.));
#15458=DIRECTION('',(-1.224646799147E-16,-1.,0.));
#15459=DIRECTION('',(0.,0.,1.));
#15460=DIRECTION('',(-1.224646799147E-16,-1.,0.));
#15461=DIRECTION('center_axis',(-1.,1.224646799147E-16,0.));
#15462=DIRECTION('ref_axis',(0.,0.,1.));
#15463=DIRECTION('',(0.,0.,1.));
#15464=DIRECTION('',(-1.224646799147E-16,-1.,0.));
#15465=DIRECTION('',(0.,0.,1.));
#15466=DIRECTION('',(-1.224646799147E-16,-1.,0.));
#15467=DIRECTION('center_axis',(-1.224646799147E-16,-1.,0.));
#15468=DIRECTION('ref_axis',(0.,0.,1.));
#15469=DIRECTION('',(-1.,1.224646799147E-16,0.));
#15470=DIRECTION('',(-1.,1.224646799147E-16,0.));
#15471=DIRECTION('center_axis',(-1.224646799147E-16,-1.,0.));
#15472=DIRECTION('ref_axis',(0.,0.,1.));
#15473=DIRECTION('',(-1.,1.224646799147E-16,0.));
#15474=DIRECTION('',(-1.,1.224646799147E-16,0.));
#15475=DIRECTION('center_axis',(0.,0.,1.));
#15476=DIRECTION('ref_axis',(-1.,1.224646799147E-16,0.));
#15477=DIRECTION('center_axis',(0.,0.,1.));
#15478=DIRECTION('ref_axis',(-1.,1.224646799147E-16,0.));
#15479=DIRECTION('center_axis',(-1.,1.224646799147E-16,0.));
#15480=DIRECTION('ref_axis',(0.,0.,1.));
#15481=DIRECTION('',(0.,0.,1.));
#15482=DIRECTION('',(-1.224646799147E-16,-1.,0.));
#15483=DIRECTION('',(0.,0.,1.));
#15484=DIRECTION('',(-1.224646799147E-16,-1.,0.));
#15485=DIRECTION('center_axis',(-1.,1.224646799147E-16,0.));
#15486=DIRECTION('ref_axis',(0.,0.,1.));
#15487=DIRECTION('',(0.,0.,1.));
#15488=DIRECTION('',(-1.224646799147E-16,-1.,0.));
#15489=DIRECTION('',(0.,0.,1.));
#15490=DIRECTION('',(-1.224646799147E-16,-1.,0.));
#15491=DIRECTION('center_axis',(-1.224646799147E-16,-1.,0.));
#15492=DIRECTION('ref_axis',(0.,0.,1.));
#15493=DIRECTION('',(-1.,1.224646799147E-16,0.));
#15494=DIRECTION('',(-1.,1.224646799147E-16,0.));
#15495=DIRECTION('center_axis',(-1.224646799147E-16,-1.,0.));
#15496=DIRECTION('ref_axis',(0.,0.,1.));
#15497=DIRECTION('',(-1.,1.224646799147E-16,0.));
#15498=DIRECTION('',(-1.,1.224646799147E-16,0.));
#15499=DIRECTION('center_axis',(0.,0.,1.));
#15500=DIRECTION('ref_axis',(-1.,1.224646799147E-16,0.));
#15501=DIRECTION('center_axis',(0.,0.,1.));
#15502=DIRECTION('ref_axis',(-1.,1.224646799147E-16,0.));
#15503=DIRECTION('center_axis',(-1.,1.224646799147E-16,0.));
#15504=DIRECTION('ref_axis',(0.,0.,1.));
#15505=DIRECTION('',(0.,0.,1.));
#15506=DIRECTION('',(-1.224646799147E-16,-1.,0.));
#15507=DIRECTION('',(0.,0.,1.));
#15508=DIRECTION('',(-1.224646799147E-16,-1.,0.));
#15509=DIRECTION('center_axis',(-1.,1.224646799147E-16,0.));
#15510=DIRECTION('ref_axis',(0.,0.,1.));
#15511=DIRECTION('',(0.,0.,1.));
#15512=DIRECTION('',(-1.224646799147E-16,-1.,0.));
#15513=DIRECTION('',(0.,0.,1.));
#15514=DIRECTION('',(-1.224646799147E-16,-1.,0.));
#15515=DIRECTION('center_axis',(-1.224646799147E-16,-1.,0.));
#15516=DIRECTION('ref_axis',(0.,0.,1.));
#15517=DIRECTION('',(-1.,1.224646799147E-16,0.));
#15518=DIRECTION('',(-1.,1.224646799147E-16,0.));
#15519=DIRECTION('center_axis',(-1.224646799147E-16,-1.,0.));
#15520=DIRECTION('ref_axis',(0.,0.,1.));
#15521=DIRECTION('',(-1.,1.224646799147E-16,0.));
#15522=DIRECTION('',(-1.,1.224646799147E-16,0.));
#15523=DIRECTION('center_axis',(0.,0.,1.));
#15524=DIRECTION('ref_axis',(-1.,1.224646799147E-16,0.));
#15525=DIRECTION('center_axis',(0.,0.,1.));
#15526=DIRECTION('ref_axis',(-1.,1.224646799147E-16,0.));
#15527=DIRECTION('center_axis',(1.110223024625E-16,1.,0.));
#15528=DIRECTION('ref_axis',(0.,0.,1.));
#15529=DIRECTION('',(0.,0.,1.));
#15530=DIRECTION('',(-1.,1.110223024625E-16,0.));
#15531=DIRECTION('',(0.,0.,1.));
#15532=DIRECTION('',(-1.,1.110223024625E-16,0.));
#15533=DIRECTION('center_axis',(1.110223024625E-16,1.,0.));
#15534=DIRECTION('ref_axis',(0.,0.,1.));
#15535=DIRECTION('',(0.,0.,1.));
#15536=DIRECTION('',(-1.,1.110223024625E-16,0.));
#15537=DIRECTION('',(0.,0.,1.));
#15538=DIRECTION('',(-1.,1.110223024625E-16,0.));
#15539=DIRECTION('center_axis',(-1.,1.110223024625E-16,0.));
#15540=DIRECTION('ref_axis',(0.,0.,1.));
#15541=DIRECTION('',(1.110223024625E-16,1.,0.));
#15542=DIRECTION('',(1.110223024625E-16,1.,0.));
#15543=DIRECTION('center_axis',(-1.,1.110223024625E-16,0.));
#15544=DIRECTION('ref_axis',(0.,0.,1.));
#15545=DIRECTION('',(1.110223024625E-16,1.,0.));
#15546=DIRECTION('',(1.110223024625E-16,1.,0.));
#15547=DIRECTION('center_axis',(0.,0.,1.));
#15548=DIRECTION('ref_axis',(1.110223024625E-16,1.,0.));
#15549=DIRECTION('center_axis',(0.,0.,1.));
#15550=DIRECTION('ref_axis',(1.110223024625E-16,1.,0.));
#15551=DIRECTION('',(0.,0.,1.));
#15552=DIRECTION('',(1.,0.,0.));
#15553=DIRECTION('',(0.,0.,1.));
#15554=DIRECTION('',(1.,0.,0.));
#15555=DIRECTION('',(0.,0.,1.));
#15556=DIRECTION('',(1.,0.,0.));
#15557=DIRECTION('',(0.,0.,1.));
#15558=DIRECTION('',(1.,0.,0.));
#15559=DIRECTION('',(0.,0.,1.));
#15560=DIRECTION('',(1.,0.,0.));
#15561=DIRECTION('',(0.,0.,1.));
#15562=DIRECTION('',(1.,0.,0.));
#15563=DIRECTION('',(0.,0.,1.));
#15564=DIRECTION('',(1.,0.,0.));
#15565=DIRECTION('',(0.,0.,1.));
#15566=DIRECTION('',(1.,0.,0.));
#15567=DIRECTION('',(0.,0.,1.));
#15568=DIRECTION('',(1.,0.,0.));
#15569=DIRECTION('',(0.,0.,1.));
#15570=DIRECTION('',(1.,0.,0.));
#15571=DIRECTION('',(0.,0.,1.));
#15572=DIRECTION('',(1.,0.,0.));
#15573=DIRECTION('',(0.,0.,1.));
#15574=DIRECTION('',(1.,0.,0.));
#15575=DIRECTION('',(0.,0.,1.));
#15576=DIRECTION('',(1.,0.,0.));
#15577=DIRECTION('',(0.,0.,1.));
#15578=DIRECTION('',(1.,0.,0.));
#15579=DIRECTION('',(0.,0.,1.));
#15580=DIRECTION('',(1.,0.,0.));
#15581=DIRECTION('',(0.,0.,1.));
#15582=DIRECTION('',(1.,0.,0.));
#15583=DIRECTION('',(0.,0.,1.));
#15584=DIRECTION('',(1.,0.,0.));
#15585=DIRECTION('',(0.,0.,1.));
#15586=DIRECTION('',(1.,0.,0.));
#15587=DIRECTION('',(0.,0.,1.));
#15588=DIRECTION('',(1.,0.,0.));
#15589=DIRECTION('',(0.,0.,1.));
#15590=DIRECTION('',(1.,0.,0.));
#15591=DIRECTION('',(0.,0.,1.));
#15592=DIRECTION('',(1.,0.,0.));
#15593=DIRECTION('',(0.,0.,1.));
#15594=DIRECTION('',(1.,0.,0.));
#15595=DIRECTION('',(0.,0.,1.));
#15596=DIRECTION('',(1.,0.,0.));
#15597=DIRECTION('axis',(0.,0.,1.));
#15598=DIRECTION('refdir',(1.,0.,0.));
#15599=DIRECTION('center_axis',(0.,-1.,0.));
#15600=DIRECTION('ref_axis',(0.,0.,-1.));
#15601=DIRECTION('',(1.,0.,-3.13707572447141E-16));
#15602=DIRECTION('',(0.,0.,1.));
#15603=DIRECTION('',(-1.,0.,0.));
#15604=DIRECTION('',(0.,0.,1.));
#15605=DIRECTION('',(1.,0.,-2.6071109456509E-16));
#15606=DIRECTION('',(0.,0.,1.));
#15607=DIRECTION('',(1.,0.,-2.92163953848725E-16));
#15608=DIRECTION('',(3.96508223080413E-16,0.,1.));
#15609=DIRECTION('center_axis',(-3.04575439965667E-16,-7.39557098644699E-32,
-1.));
#15610=DIRECTION('ref_axis',(-1.,0.,3.04575439965667E-16));
#15611=DIRECTION('',(1.,0.,-3.08002179752917E-16));
#15612=DIRECTION('',(0.,1.,0.));
#15613=DIRECTION('',(-1.26882631385732E-16,-1.,0.));
#15614=DIRECTION('',(1.,0.,-4.35381578284375E-16));
#15615=DIRECTION('',(1.67761214887416E-15,-1.,0.));
#15616=DIRECTION('',(-1.,0.,4.24469112568722E-16));
#15617=DIRECTION('',(0.,-1.,0.));
#15618=DIRECTION('center_axis',(-3.04575439965667E-16,-7.39557098644699E-32,
-1.));
#15619=DIRECTION('ref_axis',(-1.,7.29259602874353E-62,3.04575439965667E-16));
#15620=DIRECTION('center_axis',(-3.04575439965667E-16,-7.39557098644699E-32,
-1.));
#15621=DIRECTION('ref_axis',(-1.,0.,3.04575439965667E-16));
#15622=DIRECTION('center_axis',(0.,-7.39557098644699E-32,-1.));
#15623=DIRECTION('ref_axis',(0.,1.,-7.39557098644699E-32));
#15624=DIRECTION('center_axis',(0.,-7.39557098644699E-32,-1.));
#15625=DIRECTION('ref_axis',(0.,1.,-7.39557098644699E-32));
#15626=DIRECTION('center_axis',(0.,0.,-1.));
#15627=DIRECTION('ref_axis',(-1.,0.,0.));
#15628=DIRECTION('',(0.,-1.,0.));
#15629=DIRECTION('',(-1.,0.,0.));
#15630=DIRECTION('',(0.,1.,0.));
#15631=DIRECTION('',(1.,0.,0.));
#15632=DIRECTION('center_axis',(0.,0.,-1.));
#15633=DIRECTION('ref_axis',(-1.,0.,0.));
#15634=DIRECTION('center_axis',(0.,0.,-1.));
#15635=DIRECTION('ref_axis',(-1.,0.,0.));
#15636=DIRECTION('center_axis',(0.,0.,-1.));
#15637=DIRECTION('ref_axis',(-1.,0.,0.));
#15638=DIRECTION('center_axis',(0.,0.,-1.));
#15639=DIRECTION('ref_axis',(-1.,0.,0.));
#15640=DIRECTION('',(0.,-1.,0.));
#15641=DIRECTION('',(-1.,0.,0.));
#15642=DIRECTION('',(0.,1.,0.));
#15643=DIRECTION('',(1.,0.,0.));
#15644=DIRECTION('center_axis',(-1.,-7.9129731214665E-63,3.04213333878478E-16));
#15645=DIRECTION('ref_axis',(3.04213333878478E-16,0.,1.));
#15646=DIRECTION('',(0.,0.,1.));
#15647=DIRECTION('',(0.,-1.,0.));
#15648=DIRECTION('',(0.,0.,1.));
#15649=DIRECTION('',(0.,-1.,0.));
#15650=DIRECTION('center_axis',(-1.,-1.73472347597681E-15,3.04213333878478E-16));
#15651=DIRECTION('ref_axis',(3.04213333878478E-16,0.,1.));
#15652=DIRECTION('',(0.,1.,0.));
#15653=DIRECTION('',(0.,0.,1.));
#15654=DIRECTION('',(0.,0.,1.));
#15655=DIRECTION('center_axis',(0.,0.,1.));
#15656=DIRECTION('ref_axis',(1.,0.,0.));
#15657=DIRECTION('',(-1.,0.,0.));
#15658=DIRECTION('',(0.,-1.,0.));
#15659=DIRECTION('',(-1.,0.,0.));
#15660=DIRECTION('',(0.,1.,0.));
#15661=DIRECTION('center_axis',(0.,-1.,0.));
#15662=DIRECTION('ref_axis',(0.,0.,-1.));
#15663=DIRECTION('',(0.,0.,1.));
#15664=DIRECTION('',(0.,0.,-1.));
#15665=DIRECTION('center_axis',(0.,1.,0.));
#15666=DIRECTION('ref_axis',(0.,0.,1.));
#15667=DIRECTION('center_axis',(0.,1.,0.));
#15668=DIRECTION('ref_axis',(0.,0.,1.));
#15669=DIRECTION('center_axis',(0.,-1.,0.));
#15670=DIRECTION('ref_axis',(0.,0.,-1.));
#15671=DIRECTION('center_axis',(0.,-1.,0.));
#15672=DIRECTION('ref_axis',(0.,0.,-1.));
#15673=DIRECTION('',(0.,0.,-1.));
#15674=DIRECTION('',(1.,0.,0.));
#15675=DIRECTION('',(0.,0.,-1.));
#15676=DIRECTION('',(1.,0.,-2.47687502912479E-16));
#15677=DIRECTION('',(-1.,0.,0.));
#15678=DIRECTION('',(0.,0.,1.));
#15679=DIRECTION('',(1.,0.,0.));
#15680=DIRECTION('',(0.,0.,1.));
#15681=DIRECTION('center_axis',(0.,1.,0.));
#15682=DIRECTION('ref_axis',(0.,0.,1.));
#15683=DIRECTION('',(1.,0.,0.));
#15684=DIRECTION('',(0.,0.,1.));
#15685=DIRECTION('',(0.,0.,-1.));
#15686=DIRECTION('',(1.,0.,0.));
#15687=DIRECTION('',(0.,0.,1.));
#15688=DIRECTION('',(-1.,0.,2.66453525910037E-16));
#15689=DIRECTION('',(-1.,0.,2.44082879902846E-16));
#15690=DIRECTION('',(0.,0.,-1.));
#15691=DIRECTION('center_axis',(0.,-1.,0.));
#15692=DIRECTION('ref_axis',(0.,0.,-1.));
#15693=DIRECTION('center_axis',(0.,-1.,0.));
#15694=DIRECTION('ref_axis',(0.,0.,-1.));
#15695=DIRECTION('',(-1.,0.,2.8827458310054E-16));
#15696=DIRECTION('center_axis',(0.,-1.,0.));
#15697=DIRECTION('ref_axis',(0.,0.,-1.));
#15698=DIRECTION('',(-1.,0.,2.99713067433426E-16));
#15699=DIRECTION('',(0.,0.,1.));
#15700=DIRECTION('',(1.,0.,-2.61228946970625E-16));
#15701=DIRECTION('',(1.,0.,-2.66453525910037E-16));
#15702=DIRECTION('',(3.96508223080413E-16,0.,1.));
#15703=DIRECTION('center_axis',(-1.,9.91270557701032E-17,3.04213333878478E-16));
#15704=DIRECTION('ref_axis',(3.04213333878478E-16,0.,1.));
#15705=DIRECTION('',(-1.26882631385732E-16,-1.,0.));
#15706=DIRECTION('',(-1.26882631385732E-16,-1.,0.));
#15707=DIRECTION('center_axis',(-1.,1.23908819712629E-16,3.04213333878478E-16));
#15708=DIRECTION('ref_axis',(3.04213333878478E-16,0.,1.));
#15709=DIRECTION('',(9.51619735392991E-17,1.,0.));
#15710=DIRECTION('center_axis',(-3.04575439965667E-16,-7.39557098644699E-32,
-1.));
#15711=DIRECTION('ref_axis',(-1.,0.,3.04575439965667E-16));
#15712=DIRECTION('',(0.,1.,0.));
#15713=DIRECTION('',(0.,1.,0.));
#15714=DIRECTION('center_axis',(0.,-7.39557098644699E-32,-1.));
#15715=DIRECTION('ref_axis',(0.,1.,-7.39557098644699E-32));
#15716=DIRECTION('center_axis',(0.,-7.39557098644699E-32,-1.));
#15717=DIRECTION('ref_axis',(0.,1.,-7.39557098644699E-32));
#15718=DIRECTION('center_axis',(-3.04575439965667E-16,-7.39557098644699E-32,
-1.));
#15719=DIRECTION('ref_axis',(-1.,7.29259602874353E-62,3.04575439965667E-16));
#15720=DIRECTION('center_axis',(-3.04575439965667E-16,-7.39557098644699E-32,
-1.));
#15721=DIRECTION('ref_axis',(-1.,7.29259602874353E-62,3.04575439965667E-16));
#15722=DIRECTION('center_axis',(3.12250225675825E-16,0.,1.));
#15723=DIRECTION('ref_axis',(1.,0.,-3.12250225675825E-16));
#15724=DIRECTION('center_axis',(-3.04575439965667E-16,-7.39557098644699E-32,
-1.));
#15725=DIRECTION('ref_axis',(-1.,7.29259602874353E-62,3.04575439965667E-16));
#15726=DIRECTION('center_axis',(-3.04575439965667E-16,-7.39557098644699E-32,
-1.));
#15727=DIRECTION('ref_axis',(-1.,7.29259602874353E-62,3.04575439965667E-16));
#15728=DIRECTION('',(-3.04575439965667E-16,-7.39557098644699E-32,-1.));
#15729=DIRECTION('center_axis',(-3.04575439965667E-16,-7.39557098644699E-32,
-1.));
#15730=DIRECTION('ref_axis',(-1.,0.,3.04575439965667E-16));
#15731=DIRECTION('center_axis',(-3.04575439965667E-16,-7.39557098644699E-32,
-1.));
#15732=DIRECTION('ref_axis',(-1.,7.29259602874353E-62,3.04575439965667E-16));
#15733=DIRECTION('center_axis',(-3.04575439965667E-16,-7.39557098644699E-32,
-1.));
#15734=DIRECTION('ref_axis',(-1.,7.29259602874353E-62,3.04575439965667E-16));
#15735=DIRECTION('',(-3.04575439965667E-16,-7.39557098644699E-32,-1.));
#15736=DIRECTION('center_axis',(-3.04575439965667E-16,-7.39557098644699E-32,
-1.));
#15737=DIRECTION('ref_axis',(-1.,0.,3.04575439965667E-16));
#15738=DIRECTION('center_axis',(-3.04575439965667E-16,-7.39557098644699E-32,
-1.));
#15739=DIRECTION('ref_axis',(-1.,0.,3.04575439965667E-16));
#15740=DIRECTION('center_axis',(-3.04575439965667E-16,-7.39557098644699E-32,
-1.));
#15741=DIRECTION('ref_axis',(-1.,0.,3.04575439965667E-16));
#15742=DIRECTION('',(-3.04575439965667E-16,-7.39557098644699E-32,-1.));
#15743=DIRECTION('center_axis',(-3.04575439965667E-16,-7.39557098644699E-32,
-1.));
#15744=DIRECTION('ref_axis',(-1.,0.,3.04575439965667E-16));
#15745=DIRECTION('center_axis',(-3.04575439965667E-16,-7.39557098644699E-32,
-1.));
#15746=DIRECTION('ref_axis',(-1.,7.29259602874353E-62,3.04575439965667E-16));
#15747=DIRECTION('center_axis',(-3.04575439965667E-16,-7.39557098644699E-32,
-1.));
#15748=DIRECTION('ref_axis',(-1.,7.29259602874353E-62,3.04575439965667E-16));
#15749=DIRECTION('',(-3.04575439965667E-16,-7.39557098644699E-32,-1.));
#15750=DIRECTION('center_axis',(-3.04575439965667E-16,-7.39557098644699E-32,
-1.));
#15751=DIRECTION('ref_axis',(-1.,0.,3.04575439965667E-16));
#15752=DIRECTION('center_axis',(-2.96729015627612E-16,2.94138736807261E-32,
-1.));
#15753=DIRECTION('ref_axis',(-1.,0.,2.96729015627612E-16));
#15754=DIRECTION('',(0.,-1.,0.));
#15755=DIRECTION('',(-1.,0.,4.16333634234433E-16));
#15756=DIRECTION('',(0.,-1.,0.));
#15757=DIRECTION('center_axis',(0.,-7.39557098644699E-32,-1.));
#15758=DIRECTION('ref_axis',(0.,1.,-7.39557098644699E-32));
#15759=DIRECTION('',(0.,-7.39557098644699E-32,-1.));
#15760=DIRECTION('center_axis',(0.,-7.39557098644699E-32,-1.));
#15761=DIRECTION('ref_axis',(0.,1.,-7.39557098644699E-32));
#15762=DIRECTION('',(0.,-7.39557098644699E-32,-1.));
#15763=DIRECTION('center_axis',(0.,-7.39557098644699E-32,-1.));
#15764=DIRECTION('ref_axis',(0.,1.,-7.39557098644699E-32));
#15765=DIRECTION('',(0.,-7.39557098644699E-32,-1.));
#15766=DIRECTION('center_axis',(0.,-7.39557098644699E-32,-1.));
#15767=DIRECTION('ref_axis',(0.,1.,-7.39557098644699E-32));
#15768=DIRECTION('',(0.,-7.39557098644699E-32,-1.));
#15769=DIRECTION('center_axis',(-1.,0.,0.));
#15770=DIRECTION('ref_axis',(0.,0.,1.));
#15771=DIRECTION('',(0.,1.,0.));
#15772=DIRECTION('center_axis',(0.,0.,-1.));
#15773=DIRECTION('ref_axis',(-1.,0.,0.));
#15774=DIRECTION('',(0.,1.,0.));
#15775=DIRECTION('center_axis',(0.,0.,-1.));
#15776=DIRECTION('ref_axis',(-1.,0.,0.));
#15777=DIRECTION('',(0.,-1.,0.));
#15778=DIRECTION('',(0.,1.,0.));
#15779=DIRECTION('center_axis',(1.,0.,-1.14573754286265E-16));
#15780=DIRECTION('ref_axis',(-1.14573754286265E-16,0.,-1.));
#15781=DIRECTION('center_axis',(1.,0.,0.));
#15782=DIRECTION('ref_axis',(0.,0.,-1.));
#15783=DIRECTION('center_axis',(-1.,0.,0.));
#15784=DIRECTION('ref_axis',(0.,0.,1.));
#15785=DIRECTION('center_axis',(1.,0.,0.));
#15786=DIRECTION('ref_axis',(0.,0.,-1.));
#15787=DIRECTION('',(0.,0.,-1.));
#15788=DIRECTION('',(0.,-1.,0.));
#15789=DIRECTION('',(0.,0.,-1.));
#15790=DIRECTION('',(0.,1.,-2.77555756156289E-16));
#15791=DIRECTION('center_axis',(-1.,0.,0.));
#15792=DIRECTION('ref_axis',(0.,0.,1.));
#15793=DIRECTION('',(0.,1.,-2.25514051876985E-16));
#15794=DIRECTION('center_axis',(-1.,0.,0.));
#15795=DIRECTION('ref_axis',(0.,0.,1.));
#15796=DIRECTION('',(0.,1.,-2.25514051876985E-16));
#15797=DIRECTION('center_axis',(-1.,0.,0.));
#15798=DIRECTION('ref_axis',(0.,0.,1.));
#15799=DIRECTION('',(0.,1.,-2.77555756156289E-16));
#15800=DIRECTION('center_axis',(-1.,0.,0.));
#15801=DIRECTION('ref_axis',(0.,0.,1.));
#15802=DIRECTION('center_axis',(0.,1.,0.));
#15803=DIRECTION('ref_axis',(0.,0.,1.));
#15804=DIRECTION('',(0.,0.,-1.));
#15805=DIRECTION('',(1.,0.,0.));
#15806=DIRECTION('center_axis',(-1.,0.,0.));
#15807=DIRECTION('ref_axis',(0.,0.,1.));
#15808=DIRECTION('',(0.,0.,-1.));
#15809=DIRECTION('',(0.,1.,0.));
#15810=DIRECTION('',(0.,-1.,2.25514051876985E-16));
#15811=DIRECTION('center_axis',(-1.,0.,0.));
#15812=DIRECTION('ref_axis',(0.,0.,1.));
#15813=DIRECTION('',(0.,1.,-2.08166817117217E-16));
#15814=DIRECTION('center_axis',(-1.,0.,0.));
#15815=DIRECTION('ref_axis',(0.,0.,1.));
#15816=DIRECTION('center_axis',(-1.,0.,0.));
#15817=DIRECTION('ref_axis',(0.,0.,1.));
#15818=DIRECTION('',(0.,1.,-2.08166817117217E-16));
#15819=DIRECTION('center_axis',(-1.,0.,0.));
#15820=DIRECTION('ref_axis',(0.,0.,1.));
#15821=DIRECTION('',(0.,-1.,2.25514051876985E-16));
#15822=DIRECTION('center_axis',(0.,-1.,0.));
#15823=DIRECTION('ref_axis',(0.,0.,-1.));
#15824=DIRECTION('',(-1.,0.,0.));
#15825=DIRECTION('center_axis',(0.,0.,1.));
#15826=DIRECTION('ref_axis',(1.,0.,0.));
#15827=DIRECTION('center_axis',(-1.,0.,0.));
#15828=DIRECTION('ref_axis',(0.,0.,1.));
#15829=DIRECTION('',(-1.,0.,0.));
#15830=DIRECTION('',(-1.,0.,0.));
#15831=DIRECTION('center_axis',(-1.,0.,0.));
#15832=DIRECTION('ref_axis',(0.,0.,1.));
#15833=DIRECTION('',(-1.,0.,0.));
#15834=DIRECTION('',(-1.,0.,0.));
#15835=DIRECTION('center_axis',(0.,2.16840434497101E-16,1.));
#15836=DIRECTION('ref_axis',(1.,0.,0.));
#15837=DIRECTION('center_axis',(0.,-2.16840434497101E-16,-1.));
#15838=DIRECTION('ref_axis',(-1.,0.,0.));
#15839=DIRECTION('center_axis',(-1.,0.,0.));
#15840=DIRECTION('ref_axis',(0.,0.,1.));
#15841=DIRECTION('',(-1.,0.,0.));
#15842=DIRECTION('',(-1.,0.,0.));
#15843=DIRECTION('center_axis',(0.,2.16840434497101E-16,1.));
#15844=DIRECTION('ref_axis',(1.,0.,0.));
#15845=DIRECTION('',(-1.,0.,0.));
#15846=DIRECTION('center_axis',(-1.,0.,0.));
#15847=DIRECTION('ref_axis',(0.,0.,1.));
#15848=DIRECTION('',(-1.,0.,0.));
#15849=DIRECTION('center_axis',(0.,-2.16840434497101E-16,-1.));
#15850=DIRECTION('ref_axis',(-1.,0.,0.));
#15851=DIRECTION('center_axis',(0.,1.,0.));
#15852=DIRECTION('ref_axis',(0.,0.,1.));
#15853=DIRECTION('center_axis',(0.,-1.,0.));
#15854=DIRECTION('ref_axis',(0.,0.,-1.));
#15855=DIRECTION('',(0.,1.,0.));
#15856=DIRECTION('center_axis',(0.,-1.,0.));
#15857=DIRECTION('ref_axis',(0.,0.,-1.));
#15858=DIRECTION('center_axis',(0.,-1.,0.));
#15859=DIRECTION('ref_axis',(0.,0.,-1.));
#15860=DIRECTION('center_axis',(0.,1.,0.));
#15861=DIRECTION('ref_axis',(0.,0.,1.));
#15862=DIRECTION('center_axis',(0.,-1.,0.));
#15863=DIRECTION('ref_axis',(0.,0.,-1.));
#15864=DIRECTION('',(0.,1.,0.));
#15865=DIRECTION('center_axis',(0.,-1.,0.));
#15866=DIRECTION('ref_axis',(0.,0.,-1.));
#15867=DIRECTION('',(0.,0.,1.));
#15868=DIRECTION('',(-1.,0.,0.));
#15869=DIRECTION('',(0.,0.,1.));
#15870=DIRECTION('',(-1.,0.,0.));
#15871=DIRECTION('center_axis',(0.,0.,1.));
#15872=DIRECTION('ref_axis',(1.,0.,0.));
#15873=DIRECTION('',(0.,1.,0.));
#15874=DIRECTION('',(0.,1.,0.));
#15875=DIRECTION('center_axis',(1.,0.,0.));
#15876=DIRECTION('ref_axis',(0.,0.,-1.));
#15877=DIRECTION('',(0.,1.,0.));
#15878=DIRECTION('center_axis',(0.,0.,1.));
#15879=DIRECTION('ref_axis',(1.,0.,0.));
#15880=DIRECTION('',(0.,1.,0.));
#15881=DIRECTION('center_axis',(1.,0.,0.));
#15882=DIRECTION('ref_axis',(0.,0.,-1.));
#15883=DIRECTION('center_axis',(0.,1.,0.));
#15884=DIRECTION('ref_axis',(0.,0.,1.));
#15885=DIRECTION('',(-1.04972719113862E-16,0.515038074910058,-0.85716730070211));
#15886=DIRECTION('center_axis',(0.,1.,0.));
#15887=DIRECTION('ref_axis',(0.,0.,1.));
#15888=DIRECTION('center_axis',(0.,1.,0.));
#15889=DIRECTION('ref_axis',(0.,0.,1.));
#15890=DIRECTION('',(0.,1.,0.));
#15891=DIRECTION('center_axis',(0.,1.,0.));
#15892=DIRECTION('ref_axis',(0.,0.,1.));
#15893=DIRECTION('',(-1.04972719113862E-16,0.515038074910058,-0.85716730070211));
#15894=DIRECTION('center_axis',(0.,1.,0.));
#15895=DIRECTION('ref_axis',(0.,0.,1.));
#15896=DIRECTION('center_axis',(0.,1.,0.));
#15897=DIRECTION('ref_axis',(0.,0.,1.));
#15898=DIRECTION('',(0.,1.,0.));
#15899=DIRECTION('center_axis',(0.,-1.,0.));
#15900=DIRECTION('ref_axis',(0.,0.,-1.));
#15901=DIRECTION('center_axis',(0.,-1.,0.));
#15902=DIRECTION('ref_axis',(0.,0.,-1.));
#15903=DIRECTION('center_axis',(0.,-1.,0.));
#15904=DIRECTION('ref_axis',(0.,0.,-1.));
#15905=DIRECTION('',(0.,-1.,0.));
#15906=DIRECTION('center_axis',(0.,-1.,0.));
#15907=DIRECTION('ref_axis',(0.,0.,-1.));
#15908=DIRECTION('',(0.,0.,1.));
#15909=DIRECTION('',(1.,0.,0.));
#15910=DIRECTION('',(1.22464679914735E-16,0.,-1.));
#15911=DIRECTION('',(-1.,0.,-1.22464679914735E-16));
#15912=DIRECTION('',(0.,0.,1.));
#15913=DIRECTION('',(1.,0.,0.));
#15914=CARTESIAN_POINT('',(0.,0.,0.));
#15915=CARTESIAN_POINT('',(0.,0.,0.));
#15916=CARTESIAN_POINT('Origin',(0.,0.,0.0393700787401575));
#15917=CARTESIAN_POINT('',(1.01536388948,0.568307059265787,0.0393700787401575));
#15918=CARTESIAN_POINT('',(0.275384430649423,0.568307059265787,0.0393700787401575));
#15919=CARTESIAN_POINT('',(1.01536388948,0.568307059265787,0.0393700787401575));
#15920=CARTESIAN_POINT('',(1.01536388948,0.598425196850394,0.0393700787401575));
#15921=CARTESIAN_POINT('',(1.01536388948,0.568307059265787,0.0393700787401575));
#15922=CARTESIAN_POINT('',(0.766732283464567,0.598425196850394,0.0393700787401575));
#15923=CARTESIAN_POINT('',(1.01536388948,0.598425196850394,0.0393700787401575));
#15924=CARTESIAN_POINT('',(0.766732283464567,1.1003937007874,0.0393700787401575));
#15925=CARTESIAN_POINT('',(0.766732283464567,0.598425196850394,0.0393700787401575));
#15926=CARTESIAN_POINT('',(1.01536388948,1.1003937007874,0.0393700787401575));
#15927=CARTESIAN_POINT('',(0.766732283464567,1.1003937007874,0.0393700787401575));
#15928=CARTESIAN_POINT('',(1.01536388948,1.23843530752635,0.0393700787401575));
#15929=CARTESIAN_POINT('',(1.01536388948,1.1003937007874,0.0393700787401575));
#15930=CARTESIAN_POINT('',(1.01536388948,1.27337571609569,0.0393700787401575));
#15931=CARTESIAN_POINT('Origin',(0.904527559055118,1.25590551181102,0.0393700787401575));
#15932=CARTESIAN_POINT('',(1.01536388948,1.52189987445549,0.0393700787401575));
#15933=CARTESIAN_POINT('',(1.01536388948,1.27337571609569,0.0393700787401575));
#15934=CARTESIAN_POINT('',(1.01536388948,1.55684028302483,0.0393700787401575));
#15935=CARTESIAN_POINT('Origin',(0.904527559055118,1.53937007874016,0.0393700787401575));
#15936=CARTESIAN_POINT('',(1.01536388948,1.74340793586345,0.0393700787401575));
#15937=CARTESIAN_POINT('',(1.01536388948,1.55684028302483,0.0393700787401575));
#15938=CARTESIAN_POINT('',(0.972679408073453,1.74340793586345,0.0393700787401575));
#15939=CARTESIAN_POINT('',(0.972679408073453,1.74340793586345,0.0393700787401575));
#15940=CARTESIAN_POINT('',(0.972679408073453,1.88698098131674,0.0393700787401575));
#15941=CARTESIAN_POINT('',(0.972679408073453,1.88698098131674,0.0393700787401575));
#15942=CARTESIAN_POINT('',(1.01536388948,1.88698098131674,0.0393700787401575));
#15943=CARTESIAN_POINT('',(1.01536388948,1.88698098131674,0.0393700787401575));
#15944=CARTESIAN_POINT('',(1.01536388948,2.09276601618777,0.0393700787401575));
#15945=CARTESIAN_POINT('',(1.01536388948,1.88698098131674,0.0393700787401575));
#15946=CARTESIAN_POINT('',(1.01536388948,2.12770642475711,0.0393700787401575));
#15947=CARTESIAN_POINT('Origin',(0.904527559055118,2.11023622047244,0.0393700787401575));
#15948=CARTESIAN_POINT('',(1.01536388948,2.38804160673895,0.0393700787401575));
#15949=CARTESIAN_POINT('',(1.01536388948,2.12770642475711,0.0393700787401575));
#15950=CARTESIAN_POINT('',(1.01536388948,2.42298201530829,0.0393700787401575));
#15951=CARTESIAN_POINT('Origin',(0.904527559055118,2.40551181102362,0.0393700787401575));
#15952=CARTESIAN_POINT('',(1.01536388948,2.55708661417323,0.0393700787401575));
#15953=CARTESIAN_POINT('',(1.01536388948,2.42298201530829,0.0393700787401575));
#15954=CARTESIAN_POINT('',(0.275384430649423,2.55708661417323,0.0393700787401575));
#15955=CARTESIAN_POINT('',(0.275384430649423,2.55708661417323,0.0393700787401575));
#15956=CARTESIAN_POINT('',(0.275384430649423,2.44365891589788,0.0393700787401575));
#15957=CARTESIAN_POINT('',(0.275384430649423,2.55708661417323,0.0393700787401575));
#15958=CARTESIAN_POINT('',(0.493110236220472,2.40551181102362,0.0393700787401575));
#15959=CARTESIAN_POINT('Origin',(0.380905511811024,2.40551181102362,0.0393700787401575));
#15960=CARTESIAN_POINT('',(0.275384430649423,2.36736470614937,0.0393700787401575));
#15961=CARTESIAN_POINT('Origin',(0.380905511811024,2.40551181102362,0.0393700787401575));
#15962=CARTESIAN_POINT('',(0.275384430649423,2.1483833253467,0.0393700787401575));
#15963=CARTESIAN_POINT('',(0.275384430649423,2.36736470614937,0.0393700787401575));
#15964=CARTESIAN_POINT('',(0.493110236220472,2.11023622047244,0.0393700787401575));
#15965=CARTESIAN_POINT('Origin',(0.380905511811024,2.11023622047244,0.0393700787401575));
#15966=CARTESIAN_POINT('',(0.275384430649423,2.07208911559818,0.0393700787401575));
#15967=CARTESIAN_POINT('Origin',(0.380905511811024,2.11023622047244,0.0393700787401575));
#15968=CARTESIAN_POINT('',(0.275384430649423,1.88976377952756,0.0393700787401575));
#15969=CARTESIAN_POINT('',(0.275384430649423,2.07208911559818,0.0393700787401575));
#15970=CARTESIAN_POINT('',(0.319351774010057,1.88976377952756,0.0393700787401575));
#15971=CARTESIAN_POINT('',(0.319351774010057,1.88976377952756,0.0393700787401575));
#15972=CARTESIAN_POINT('',(0.319351774010057,1.74512985280595,0.0393700787401575));
#15973=CARTESIAN_POINT('',(0.319351774010057,1.74512985280595,0.0393700787401575));
#15974=CARTESIAN_POINT('',(0.275384430649423,1.74512985280595,0.0393700787401575));
#15975=CARTESIAN_POINT('',(0.275384430649423,1.74512985280595,0.0393700787401575));
#15976=CARTESIAN_POINT('',(0.275384430649423,1.57751718361441,0.0393700787401575));
#15977=CARTESIAN_POINT('',(0.275384430649423,1.74512985280595,0.0393700787401575));
#15978=CARTESIAN_POINT('',(0.493110236220472,1.53937007874016,0.0393700787401575));
#15979=CARTESIAN_POINT('Origin',(0.380905511811024,1.53937007874016,0.0393700787401575));
#15980=CARTESIAN_POINT('',(0.275384430649423,1.50122297386591,0.0393700787401575));
#15981=CARTESIAN_POINT('Origin',(0.380905511811024,1.53937007874016,0.0393700787401575));
#15982=CARTESIAN_POINT('',(0.275384430649423,1.29405261668528,0.0393700787401575));
#15983=CARTESIAN_POINT('',(0.275384430649423,1.50122297386591,0.0393700787401575));
#15984=CARTESIAN_POINT('',(0.493110236220472,1.25590551181102,0.0393700787401575));
#15985=CARTESIAN_POINT('Origin',(0.380905511811024,1.25590551181102,0.0393700787401575));
#15986=CARTESIAN_POINT('',(0.275384430649423,1.21775840693677,0.0393700787401575));
#15987=CARTESIAN_POINT('Origin',(0.380905511811024,1.25590551181102,0.0393700787401575));
#15988=CARTESIAN_POINT('',(0.275384430649423,1.1003937007874,0.0393700787401575));
#15989=CARTESIAN_POINT('',(0.275384430649423,1.21775840693677,0.0393700787401575));
#15990=CARTESIAN_POINT('',(0.520669291338583,1.1003937007874,0.0393700787401575));
#15991=CARTESIAN_POINT('',(0.275384430649423,1.1003937007874,0.0393700787401575));
#15992=CARTESIAN_POINT('',(0.520669291338583,0.598425196850394,0.0393700787401575));
#15993=CARTESIAN_POINT('',(0.520669291338583,1.1003937007874,0.0393700787401575));
#15994=CARTESIAN_POINT('',(0.275384430649423,0.598425196850394,0.0393700787401575));
#15995=CARTESIAN_POINT('',(0.275384430649423,0.598425196850394,0.0393700787401575));
#15996=CARTESIAN_POINT('',(0.275384430649423,0.598425196850394,0.0393700787401575));
#15997=CARTESIAN_POINT('Origin',(0.275384430649423,0.,0.0788565935402949));
#15998=CARTESIAN_POINT('',(0.275384430649423,0.568307059265787,0.0788565935402949));
#15999=CARTESIAN_POINT('',(0.275384430649423,1.74512985280595,0.0788565935402949));
#16000=CARTESIAN_POINT('',(0.275384430649423,0.568307059265787,0.0788565935402949));
#16001=CARTESIAN_POINT('',(0.275384430649423,0.568307059265787,0.0788565935402949));
#16002=CARTESIAN_POINT('',(0.275384430649423,0.598425196850394,0.078740157480315));
#16003=CARTESIAN_POINT('',(0.275384430649423,0.598425196850394,0.078740157480315));
#16004=CARTESIAN_POINT('',(0.275384430649423,1.1003937007874,0.078740157480315));
#16005=CARTESIAN_POINT('',(0.275384430649423,0.598425196850394,0.078740157480315));
#16006=CARTESIAN_POINT('',(0.275384430649423,1.1003937007874,0.078740157480315));
#16007=CARTESIAN_POINT('',(0.275384430649423,1.21775840693677,6.74083785393205E-7));
#16008=CARTESIAN_POINT('',(0.275384430649423,1.21775840693677,0.0393700787401575));
#16009=CARTESIAN_POINT('',(0.275384430649423,1.29405261668528,6.74083785393205E-7));
#16010=CARTESIAN_POINT('',(0.275384430649423,1.21775840693677,6.74083785393205E-7));
#16011=CARTESIAN_POINT('',(0.275384430649423,1.29405261668528,0.0393700787401575));
#16012=CARTESIAN_POINT('',(0.275384430649423,1.50122297386591,6.74083785393205E-7));
#16013=CARTESIAN_POINT('',(0.275384430649423,1.50122297386591,0.0393700787401575));
#16014=CARTESIAN_POINT('',(0.275384430649423,1.57751718361441,6.74083785393205E-7));
#16015=CARTESIAN_POINT('',(0.275384430649423,1.50122297386591,6.74083785393205E-7));
#16016=CARTESIAN_POINT('',(0.275384430649423,1.57751718361441,0.0393700787401575));
#16017=CARTESIAN_POINT('',(0.275384430649423,1.74512985280595,0.0393700787401575));
#16018=CARTESIAN_POINT('Origin',(1.01536388948,0.,0.0791767844448465));
#16019=CARTESIAN_POINT('',(1.01536388948,0.568307059265787,0.0791767844448465));
#16020=CARTESIAN_POINT('',(1.01536388948,0.568307059265787,0.0393700787401575));
#16021=CARTESIAN_POINT('',(1.01536388948,2.86614173228346,0.0791767844448465));
#16022=CARTESIAN_POINT('',(1.01536388948,0.568307059265787,0.0791767844448465));
#16023=CARTESIAN_POINT('',(1.01536388948,2.86614173228346,0.078740157480315));
#16024=CARTESIAN_POINT('',(1.01536388948,2.86614173228346,0.078740157480315));
#16025=CARTESIAN_POINT('',(1.01536388948,2.55708661417323,0.078740157480315));
#16026=CARTESIAN_POINT('',(1.01536388948,2.86614173228346,0.078740157480315));
#16027=CARTESIAN_POINT('',(1.01536388948,2.55708661417323,0.0393700787401575));
#16028=CARTESIAN_POINT('',(1.01536388948,2.42298201530829,0.000320863185003968));
#16029=CARTESIAN_POINT('',(1.01536388948,2.42298201530829,0.0393700787401575));
#16030=CARTESIAN_POINT('',(1.01536388948,2.38804160673895,0.000320863185003968));
#16031=CARTESIAN_POINT('',(1.01536388948,2.38804160673895,0.000320863185003967));
#16032=CARTESIAN_POINT('',(1.01536388948,2.38804160673895,0.0393700787401575));
#16033=CARTESIAN_POINT('',(1.01536388948,2.12770642475711,0.000320863185003968));
#16034=CARTESIAN_POINT('',(1.01536388948,2.12770642475711,0.0393700787401575));
#16035=CARTESIAN_POINT('',(1.01536388948,2.09276601618777,0.000320863185003968));
#16036=CARTESIAN_POINT('',(1.01536388948,2.09276601618777,0.000320863185003967));
#16037=CARTESIAN_POINT('',(1.01536388948,2.09276601618777,0.0393700787401575));
#16038=CARTESIAN_POINT('',(1.01536388948,1.88698098131674,0.0788565935402949));
#16039=CARTESIAN_POINT('',(1.01536388948,1.88698098131674,0.0393700787401575));
#16040=CARTESIAN_POINT('',(1.01536388948,1.74340793586345,0.0788565935402949));
#16041=CARTESIAN_POINT('',(1.01536388948,1.74340793586345,0.0788565935402949));
#16042=CARTESIAN_POINT('',(1.01536388948,1.74340793586345,0.0788565935402949));
#16043=CARTESIAN_POINT('',(1.01536388948,1.55684028302483,0.000320863185003968));
#16044=CARTESIAN_POINT('',(1.01536388948,1.55684028302483,0.0393700787401575));
#16045=CARTESIAN_POINT('',(1.01536388948,1.52189987445549,0.000320863185003968));
#16046=CARTESIAN_POINT('',(1.01536388948,1.52189987445549,0.000320863185003967));
#16047=CARTESIAN_POINT('',(1.01536388948,1.52189987445549,0.0393700787401575));
#16048=CARTESIAN_POINT('',(1.01536388948,1.27337571609569,0.000320863185003968));
#16049=CARTESIAN_POINT('',(1.01536388948,1.27337571609569,0.0393700787401575));
#16050=CARTESIAN_POINT('',(1.01536388948,1.23843530752635,0.000320863185003968));
#16051=CARTESIAN_POINT('',(1.01536388948,1.23843530752635,0.000320863185003967));
#16052=CARTESIAN_POINT('',(1.01536388948,1.23843530752635,0.0393700787401575));
#16053=CARTESIAN_POINT('',(1.01536388948,1.1003937007874,0.078740157480315));
#16054=CARTESIAN_POINT('',(1.01536388948,1.1003937007874,0.0393700787401575));
#16055=CARTESIAN_POINT('',(1.01536388948,0.598425196850394,0.078740157480315));
#16056=CARTESIAN_POINT('',(1.01536388948,1.1003937007874,0.078740157480315));
#16057=CARTESIAN_POINT('',(1.01536388948,0.598425196850394,0.078740157480315));
#16058=CARTESIAN_POINT('Origin',(0.,0.,0.0393700787401575));
#16059=CARTESIAN_POINT('',(1.03192222603746,0.568307059265787,0.0393700787401575));
#16060=CARTESIAN_POINT('',(1.0318081575001,0.568307059265787,0.0393700787401575));
#16061=CARTESIAN_POINT('',(1.03192222603746,0.568307059265787,0.0393700787401575));
#16062=CARTESIAN_POINT('',(1.03192222603746,0.598425196850394,0.0393700787401575));
#16063=CARTESIAN_POINT('',(1.03192222603746,0.598425196850394,0.0393700787401575));
#16064=CARTESIAN_POINT('',(1.0318081575001,0.598425196850394,0.0393700787401575));
#16065=CARTESIAN_POINT('',(1.03192222603746,0.598425196850394,0.0393700787401575));
#16066=CARTESIAN_POINT('',(1.0318081575001,0.598425196850394,0.0393700787401575));
#16067=CARTESIAN_POINT('Origin',(0.,0.,0.0393700787401575));
#16068=CARTESIAN_POINT('',(0.259844803186395,0.568307059265787,0.0393700787401575));
#16069=CARTESIAN_POINT('',(0.259813323189973,0.568307059265787,0.0393700787401575));
#16070=CARTESIAN_POINT('',(0.259844803186395,0.568307059265787,0.0393700787401575));
#16071=CARTESIAN_POINT('',(0.259844803186395,0.598425196850394,0.0393700787401575));
#16072=CARTESIAN_POINT('',(0.259844803186395,0.568307059265787,0.0393700787401575));
#16073=CARTESIAN_POINT('',(0.259813323189973,0.598425196850394,0.0393700787401575));
#16074=CARTESIAN_POINT('',(0.259813323189973,0.598425196850394,0.0393700787401575));
#16075=CARTESIAN_POINT('',(0.259813323189973,0.598425196850394,0.0393700787401575));
#16076=CARTESIAN_POINT('Origin',(0.,0.,0.));
#16077=CARTESIAN_POINT('',(1.03192222603746,0.590551181102362,0.));
#16078=CARTESIAN_POINT('',(1.03192222603746,0.568307059265787,0.));
#16079=CARTESIAN_POINT('',(1.03192222603746,0.590551181102362,0.));
#16080=CARTESIAN_POINT('',(0.259813323189973,0.568307059265787,0.));
#16081=CARTESIAN_POINT('',(1.03192222603746,0.568307059265787,0.));
#16082=CARTESIAN_POINT('',(0.259813323189973,0.590551181102362,0.));
#16083=CARTESIAN_POINT('',(0.259813323189973,0.590551181102362,0.));
#16084=CARTESIAN_POINT('',(0.433070866141732,0.590551181102362,0.));
#16085=CARTESIAN_POINT('',(0.259813323189973,0.590551181102362,0.));
#16086=CARTESIAN_POINT('',(0.433070866141732,0.748031496062992,0.));
#16087=CARTESIAN_POINT('',(0.433070866141732,0.590551181102362,0.));
#16088=CARTESIAN_POINT('',(0.259813323189973,0.748031496062992,0.));
#16089=CARTESIAN_POINT('',(0.433070866141732,0.748031496062992,0.));
#16090=CARTESIAN_POINT('',(0.259813323189973,2.64566929133858,0.));
#16091=CARTESIAN_POINT('',(0.259813323189973,2.64566929133858,0.));
#16092=CARTESIAN_POINT('',(0.433070866141732,2.64566929133858,0.));
#16093=CARTESIAN_POINT('',(0.433070866141732,2.64566929133858,0.));
#16094=CARTESIAN_POINT('',(0.433070866141732,2.88188976377953,0.));
#16095=CARTESIAN_POINT('',(0.433070866141732,2.88188976377953,0.));
#16096=CARTESIAN_POINT('',(0.259813323189973,2.88188976377953,0.));
#16097=CARTESIAN_POINT('',(0.433070866141732,2.88188976377953,0.));
#16098=CARTESIAN_POINT('',(0.259813323189973,3.15748031496063,0.));
#16099=CARTESIAN_POINT('',(0.259813323189973,3.15748031496063,0.));
#16100=CARTESIAN_POINT('',(1.03192222603746,3.15748031496063,0.));
#16101=CARTESIAN_POINT('',(0.259813323189973,3.15748031496063,0.));
#16102=CARTESIAN_POINT('',(1.03192222603746,2.88188976377953,0.));
#16103=CARTESIAN_POINT('',(1.03192222603746,3.15748031496063,0.));
#16104=CARTESIAN_POINT('',(0.852362204724409,2.88188976377953,0.));
#16105=CARTESIAN_POINT('',(1.03192222603746,2.88188976377953,0.));
#16106=CARTESIAN_POINT('',(0.852362204724409,2.64566929133858,0.));
#16107=CARTESIAN_POINT('',(0.852362204724409,2.64566929133858,0.));
#16108=CARTESIAN_POINT('',(1.03192222603746,2.64566929133858,0.));
#16109=CARTESIAN_POINT('',(1.03192222603746,2.64566929133858,0.));
#16110=CARTESIAN_POINT('',(1.03192222603746,0.748031496062992,0.));
#16111=CARTESIAN_POINT('',(1.03192222603746,2.64566929133858,0.));
#16112=CARTESIAN_POINT('',(0.852362204724409,0.748031496062992,0.));
#16113=CARTESIAN_POINT('',(1.03192222603746,0.748031496062992,0.));
#16114=CARTESIAN_POINT('',(0.852362204724409,0.590551181102362,0.));
#16115=CARTESIAN_POINT('',(0.852362204724409,0.748031496062992,0.));
#16116=CARTESIAN_POINT('',(0.852362204724409,0.590551181102362,0.));
#16117=CARTESIAN_POINT('',(0.326771653543307,0.899606299212598,0.));
#16118=CARTESIAN_POINT('Origin',(0.393700787401575,0.899606299212598,0.));
#16119=CARTESIAN_POINT('',(0.824803149606299,0.899606299212598,0.));
#16120=CARTESIAN_POINT('Origin',(0.891732283464567,0.899606299212598,0.));
#16121=CARTESIAN_POINT('',(0.28740157480315,3.01968503937008,0.));
#16122=CARTESIAN_POINT('Origin',(0.354330708661417,3.01968503937008,0.));
#16123=CARTESIAN_POINT('',(0.864173228346457,3.01968503937008,0.));
#16124=CARTESIAN_POINT('Origin',(0.931102362204724,3.01968503937008,0.));
#16125=CARTESIAN_POINT('',(0.493110236220472,1.53937007874016,0.));
#16126=CARTESIAN_POINT('Origin',(0.380905511811024,1.53937007874016,0.));
#16127=CARTESIAN_POINT('',(1.01673228346457,2.11023622047244,0.));
#16128=CARTESIAN_POINT('Origin',(0.904527559055118,2.11023622047244,0.));
#16129=CARTESIAN_POINT('',(0.493110236220472,2.11023622047244,0.));
#16130=CARTESIAN_POINT('Origin',(0.380905511811024,2.11023622047244,0.));
#16131=CARTESIAN_POINT('',(1.01673228346457,2.40551181102362,0.));
#16132=CARTESIAN_POINT('Origin',(0.904527559055118,2.40551181102362,0.));
#16133=CARTESIAN_POINT('',(1.01673228346457,1.25590551181102,0.));
#16134=CARTESIAN_POINT('Origin',(0.904527559055118,1.25590551181102,0.));
#16135=CARTESIAN_POINT('',(0.493110236220472,1.25590551181102,0.));
#16136=CARTESIAN_POINT('Origin',(0.380905511811024,1.25590551181102,0.));
#16137=CARTESIAN_POINT('',(1.01673228346457,1.53937007874016,0.));
#16138=CARTESIAN_POINT('Origin',(0.904527559055118,1.53937007874016,0.));
#16139=CARTESIAN_POINT('',(0.493110236220472,2.40551181102362,0.));
#16140=CARTESIAN_POINT('Origin',(0.380905511811024,2.40551181102362,0.));
#16141=CARTESIAN_POINT('Origin',(1.03192222603746,0.,0.17286100505252));
#16142=CARTESIAN_POINT('',(1.03192222603746,0.568307059265787,0.0393700787401575));
#16143=CARTESIAN_POINT('',(1.03192222603746,0.590551181102362,-0.118110236220472));
#16144=CARTESIAN_POINT('',(1.03192222603746,0.590551181102362,-0.118110236220472));
#16145=CARTESIAN_POINT('',(1.03192222603746,0.748031496062992,-0.118110236220472));
#16146=CARTESIAN_POINT('',(1.03192222603746,0.748031496062992,-0.118110236220472));
#16147=CARTESIAN_POINT('',(1.03192222603746,0.748031496062992,0.));
#16148=CARTESIAN_POINT('',(1.03192222603746,2.64566929133858,-0.118110236220472));
#16149=CARTESIAN_POINT('',(1.03192222603746,2.64566929133858,0.));
#16150=CARTESIAN_POINT('',(1.03192222603746,2.88188976377953,-0.118110236220472));
#16151=CARTESIAN_POINT('',(1.03192222603746,2.88188976377953,-0.118110236220472));
#16152=CARTESIAN_POINT('',(1.03192222603746,2.88188976377953,0.));
#16153=CARTESIAN_POINT('',(1.03192222603746,3.15748031496063,0.118110236220472));
#16154=CARTESIAN_POINT('',(1.03192222603746,3.15748031496063,0.118110236220472));
#16155=CARTESIAN_POINT('',(1.03192222603746,2.86614173228346,0.118110236220472));
#16156=CARTESIAN_POINT('',(1.03192222603746,2.86614173228346,0.118110236220472));
#16157=CARTESIAN_POINT('',(1.03192222603746,2.86614173228346,0.078740157480315));
#16158=CARTESIAN_POINT('',(1.03192222603746,2.86614173228346,0.118110236220472));
#16159=CARTESIAN_POINT('',(1.03192222603746,2.55708661417323,0.078740157480315));
#16160=CARTESIAN_POINT('',(1.03192222603746,2.55708661417323,0.078740157480315));
#16161=CARTESIAN_POINT('',(1.03192222603746,2.55708661417323,0.0393700787401575));
#16162=CARTESIAN_POINT('',(1.03192222603746,2.55708661417323,0.078740157480315));
#16163=CARTESIAN_POINT('',(1.03192222603746,1.1003937007874,0.0393700787401575));
#16164=CARTESIAN_POINT('',(1.03192222603746,2.55708661417323,0.0393700787401575));
#16165=CARTESIAN_POINT('',(1.03192222603746,1.1003937007874,0.078740157480315));
#16166=CARTESIAN_POINT('',(1.03192222603746,1.1003937007874,0.078740157480315));
#16167=CARTESIAN_POINT('',(1.03192222603746,0.598425196850394,0.078740157480315));
#16168=CARTESIAN_POINT('',(1.03192222603746,0.598425196850394,0.078740157480315));
#16169=CARTESIAN_POINT('',(1.03192222603746,0.598425196850394,0.0393700787401575));
#16170=CARTESIAN_POINT('Origin',(0.259813323189973,0.,0.152084579997739));
#16171=CARTESIAN_POINT('',(0.259813323189973,0.568307059265787,0.0393700787401575));
#16172=CARTESIAN_POINT('',(0.259813323189973,0.598425196850394,0.078740157480315));
#16173=CARTESIAN_POINT('',(0.259813323189973,0.598425196850394,0.078740157480315));
#16174=CARTESIAN_POINT('',(0.259813323189973,1.1003937007874,0.078740157480315));
#16175=CARTESIAN_POINT('',(0.259813323189973,0.598425196850394,0.078740157480315));
#16176=CARTESIAN_POINT('',(0.259813323189973,1.1003937007874,0.0393700787401575));
#16177=CARTESIAN_POINT('',(0.259813323189973,1.1003937007874,0.078740157480315));
#16178=CARTESIAN_POINT('',(0.259813323189973,2.55708661417323,0.0393700787401575));
#16179=CARTESIAN_POINT('',(0.259813323189973,2.55708661417323,0.0393700787401575));
#16180=CARTESIAN_POINT('',(0.259813323189973,2.55708661417323,0.078740157480315));
#16181=CARTESIAN_POINT('',(0.259813323189973,2.55708661417323,0.078740157480315));
#16182=CARTESIAN_POINT('',(0.259813323189973,2.86614173228346,0.078740157480315));
#16183=CARTESIAN_POINT('',(0.259813323189973,2.55708661417323,0.078740157480315));
#16184=CARTESIAN_POINT('',(0.259813323189973,2.86614173228346,0.118110236220472));
#16185=CARTESIAN_POINT('',(0.259813323189973,2.86614173228346,0.118110236220472));
#16186=CARTESIAN_POINT('',(0.259813323189973,3.15748031496063,0.118110236220472));
#16187=CARTESIAN_POINT('',(0.259813323189973,2.86614173228346,0.118110236220472));
#16188=CARTESIAN_POINT('',(0.259813323189973,3.15748031496063,0.118110236220472));
#16189=CARTESIAN_POINT('',(0.259813323189973,2.88188976377953,-0.118110236220472));
#16190=CARTESIAN_POINT('',(0.259813323189973,2.88188976377953,0.));
#16191=CARTESIAN_POINT('',(0.259813323189973,2.64566929133858,-0.118110236220472));
#16192=CARTESIAN_POINT('',(0.259813323189973,2.88188976377953,-0.118110236220472));
#16193=CARTESIAN_POINT('',(0.259813323189973,2.64566929133858,0.));
#16194=CARTESIAN_POINT('',(0.259813323189973,0.748031496062992,-0.118110236220472));
#16195=CARTESIAN_POINT('',(0.259813323189973,0.748031496062992,0.));
#16196=CARTESIAN_POINT('',(0.259813323189973,0.590551181102362,-0.118110236220472));
#16197=CARTESIAN_POINT('',(0.259813323189973,0.590551181102362,-0.118110236220472));
#16198=CARTESIAN_POINT('',(0.259813323189973,0.590551181102362,-0.118110236220472));
#16199=CARTESIAN_POINT('Origin',(0.259844803186395,0.,0.0788565935402949));
#16200=CARTESIAN_POINT('',(0.259844803186395,0.568307059265787,0.0788565935402949));
#16201=CARTESIAN_POINT('',(0.259844803186395,2.86614173228346,0.0788565935402949));
#16202=CARTESIAN_POINT('',(0.259844803186395,0.568307059265787,0.0788565935402949));
#16203=CARTESIAN_POINT('',(0.259844803186395,0.568307059265787,0.0788565935402949));
#16204=CARTESIAN_POINT('',(0.319351774010057,1.74512985280595,0.0788565935402949));
#16205=CARTESIAN_POINT('',(0.275384430649423,1.74512985280595,0.0788565935402949));
#16206=CARTESIAN_POINT('',(0.319351774010057,1.88976377952756,0.0788565935402949));
#16207=CARTESIAN_POINT('',(0.319351774010057,1.74512985280595,0.0788565935402949));
#16208=CARTESIAN_POINT('',(0.275384430649423,1.88976377952756,0.0788565935402949));
#16209=CARTESIAN_POINT('',(0.319351774010057,1.88976377952756,0.0788565935402949));
#16210=CARTESIAN_POINT('',(0.275384430649423,2.86614173228346,0.0788565935402949));
#16211=CARTESIAN_POINT('',(0.275384430649423,1.88976377952756,0.0788565935402949));
#16212=CARTESIAN_POINT('',(0.259844803186395,2.86614173228346,0.0788565935402949));
#16213=CARTESIAN_POINT('Origin',(0.259844803186395,0.,0.0788565935402949));
#16214=CARTESIAN_POINT('',(0.259844803186395,0.568307059265787,0.0393700787401575));
#16215=CARTESIAN_POINT('',(0.259844803186396,2.86614173228346,0.078740157480315));
#16216=CARTESIAN_POINT('',(0.259844803186396,2.86614173228346,0.078740157480315));
#16217=CARTESIAN_POINT('',(0.259844803186396,2.55708661417323,0.078740157480315));
#16218=CARTESIAN_POINT('',(0.259844803186396,2.86614173228346,0.078740157480315));
#16219=CARTESIAN_POINT('',(0.259844803186396,2.55708661417323,0.0393700787401575));
#16220=CARTESIAN_POINT('',(0.259844803186396,2.55708661417323,0.0393700787401575));
#16221=CARTESIAN_POINT('',(0.259844803186395,1.1003937007874,0.0393700787401575));
#16222=CARTESIAN_POINT('',(0.259844803186395,1.1003937007874,0.0393700787401575));
#16223=CARTESIAN_POINT('',(0.259844803186395,1.1003937007874,0.078740157480315));
#16224=CARTESIAN_POINT('',(0.259844803186395,1.1003937007874,0.0393700787401575));
#16225=CARTESIAN_POINT('',(0.259844803186395,0.598425196850394,0.078740157480315));
#16226=CARTESIAN_POINT('',(0.259844803186395,1.1003937007874,0.078740157480315));
#16227=CARTESIAN_POINT('',(0.259844803186395,0.598425196850394,0.0393700787401575));
#16228=CARTESIAN_POINT('Origin',(1.0318081575001,0.,0.0791767844448465));
#16229=CARTESIAN_POINT('',(1.0318081575001,0.568307059265787,0.0791767844448465));
#16230=CARTESIAN_POINT('',(1.0318081575001,2.86614173228346,0.0791767844448465));
#16231=CARTESIAN_POINT('',(1.0318081575001,0.568307059265787,0.0791767844448465));
#16232=CARTESIAN_POINT('',(1.0318081575001,0.568307059265787,0.0791767844448465));
#16233=CARTESIAN_POINT('',(1.0318081575001,0.598425196850394,0.078740157480315));
#16234=CARTESIAN_POINT('',(1.0318081575001,0.598425196850394,0.0393700787401575));
#16235=CARTESIAN_POINT('',(1.0318081575001,1.1003937007874,0.078740157480315));
#16236=CARTESIAN_POINT('',(1.0318081575001,0.598425196850394,0.078740157480315));
#16237=CARTESIAN_POINT('',(1.0318081575001,1.1003937007874,0.0393700787401575));
#16238=CARTESIAN_POINT('',(1.0318081575001,1.1003937007874,0.078740157480315));
#16239=CARTESIAN_POINT('',(1.0318081575001,2.55708661417323,0.0393700787401575));
#16240=CARTESIAN_POINT('',(1.0318081575001,2.55708661417323,0.0393700787401575));
#16241=CARTESIAN_POINT('',(1.0318081575001,2.55708661417323,0.078740157480315));
#16242=CARTESIAN_POINT('',(1.0318081575001,2.55708661417323,0.078740157480315));
#16243=CARTESIAN_POINT('',(1.0318081575001,2.86614173228346,0.078740157480315));
#16244=CARTESIAN_POINT('',(1.0318081575001,2.55708661417323,0.078740157480315));
#16245=CARTESIAN_POINT('',(1.0318081575001,2.86614173228346,0.0791767844448465));
#16246=CARTESIAN_POINT('Origin',(1.0318081575001,0.,0.0791767844448465));
#16247=CARTESIAN_POINT('',(1.01536388948,0.568307059265787,0.0791767844448465));
#16248=CARTESIAN_POINT('',(1.01536388948,2.86614173228346,0.0791767844448465));
#16249=CARTESIAN_POINT('Origin',(0.275384430649423,0.,0.0788565935402949));
#16250=CARTESIAN_POINT('',(0.275384430649423,1.88976377952756,0.0788565935402949));
#16251=CARTESIAN_POINT('',(0.275384430649423,2.07208911559818,6.74083785393205E-7));
#16252=CARTESIAN_POINT('',(0.275384430649423,2.07208911559818,0.0393700787401575));
#16253=CARTESIAN_POINT('',(0.275384430649423,2.1483833253467,6.74083785393205E-7));
#16254=CARTESIAN_POINT('',(0.275384430649423,2.07208911559818,6.74083785393205E-7));
#16255=CARTESIAN_POINT('',(0.275384430649423,2.1483833253467,0.0393700787401575));
#16256=CARTESIAN_POINT('',(0.275384430649423,2.36736470614937,6.74083785393205E-7));
#16257=CARTESIAN_POINT('',(0.275384430649423,2.36736470614937,0.0393700787401575));
#16258=CARTESIAN_POINT('',(0.275384430649423,2.44365891589788,6.74083785393205E-7));
#16259=CARTESIAN_POINT('',(0.275384430649423,2.36736470614937,6.74083785393205E-7));
#16260=CARTESIAN_POINT('',(0.275384430649423,2.44365891589788,0.0393700787401575));
#16261=CARTESIAN_POINT('',(0.275384430649423,2.55708661417323,0.078740157480315));
#16262=CARTESIAN_POINT('',(0.275384430649423,2.55708661417323,0.078740157480315));
#16263=CARTESIAN_POINT('',(0.275384430649423,2.86614173228346,0.078740157480315));
#16264=CARTESIAN_POINT('',(0.275384430649423,2.55708661417323,0.078740157480315));
#16265=CARTESIAN_POINT('',(0.275384430649423,2.86614173228346,0.0788565935402949));
#16266=CARTESIAN_POINT('Origin',(0.,0.,0.078740157480315));
#16267=CARTESIAN_POINT('',(1.03192222603746,0.598425196850394,0.078740157480315));
#16268=CARTESIAN_POINT('',(1.0318081575001,1.1003937007874,0.078740157480315));
#16269=CARTESIAN_POINT('Origin',(0.,0.,0.078740157480315));
#16270=CARTESIAN_POINT('',(1.0318081575001,2.55708661417323,0.078740157480315));
#16271=CARTESIAN_POINT('',(1.0318081575001,2.86614173228346,0.078740157480315));
#16272=CARTESIAN_POINT('Origin',(0.,0.,0.0393700787401575));
#16273=CARTESIAN_POINT('',(1.0318081575001,2.55708661417323,0.0393700787401575));
#16274=CARTESIAN_POINT('',(1.0318081575001,1.1003937007874,0.0393700787401575));
#16275=CARTESIAN_POINT('Origin',(0.,0.598425196850394,0.078740157480315));
#16276=CARTESIAN_POINT('Origin',(0.,1.1003937007874,0.078740157480315));
#16277=CARTESIAN_POINT('Origin',(0.,2.55708661417323,0.078740157480315));
#16278=CARTESIAN_POINT('Origin',(0.,0.,0.078740157480315));
#16279=CARTESIAN_POINT('',(0.259813323189973,1.1003937007874,0.078740157480315));
#16280=CARTESIAN_POINT('',(0.259813323189973,0.598425196850394,0.078740157480315));
#16281=CARTESIAN_POINT('Origin',(0.,0.,0.078740157480315));
#16282=CARTESIAN_POINT('',(0.259813323189973,2.86614173228346,0.078740157480315));
#16283=CARTESIAN_POINT('',(0.259813323189973,2.55708661417323,0.078740157480315));
#16284=CARTESIAN_POINT('Origin',(0.,0.,0.0393700787401575));
#16285=CARTESIAN_POINT('',(0.259813323189973,1.1003937007874,0.0393700787401575));
#16286=CARTESIAN_POINT('',(0.259813323189973,2.55708661417323,0.0393700787401575));
#16287=CARTESIAN_POINT('Origin',(0.,2.55708661417323,0.078740157480315));
#16288=CARTESIAN_POINT('Origin',(0.,0.598425196850394,0.078740157480315));
#16289=CARTESIAN_POINT('Origin',(0.,1.1003937007874,0.078740157480315));
#16290=CARTESIAN_POINT('Origin',(0.,0.,0.078740157480315));
#16291=CARTESIAN_POINT('',(0.520669291338583,0.598425196850394,0.078740157480315));
#16292=CARTESIAN_POINT('',(0.275384430649423,0.598425196850394,0.078740157480315));
#16293=CARTESIAN_POINT('',(0.520669291338583,1.1003937007874,0.078740157480315));
#16294=CARTESIAN_POINT('',(0.520669291338583,1.1003937007874,0.078740157480315));
#16295=CARTESIAN_POINT('',(0.275384430649423,1.1003937007874,0.078740157480315));
#16296=CARTESIAN_POINT('',(0.326771653543307,0.899606299212598,0.078740157480315));
#16297=CARTESIAN_POINT('Origin',(0.393700787401575,0.899606299212598,0.078740157480315));
#16298=CARTESIAN_POINT('',(0.322834645669292,0.706692913385827,0.078740157480315));
#16299=CARTESIAN_POINT('Origin',(0.354330708661417,0.706692913385827,0.078740157480315));
#16300=CARTESIAN_POINT('Origin',(0.,0.,0.078740157480315));
#16301=CARTESIAN_POINT('',(0.766732283464567,1.1003937007874,0.078740157480315));
#16302=CARTESIAN_POINT('',(0.766732283464567,1.1003937007874,0.078740157480315));
#16303=CARTESIAN_POINT('',(0.766732283464567,0.598425196850394,0.078740157480315));
#16304=CARTESIAN_POINT('',(0.766732283464567,0.598425196850394,0.078740157480315));
#16305=CARTESIAN_POINT('',(1.01536388948,0.598425196850394,0.078740157480315));
#16306=CARTESIAN_POINT('',(0.824803149606299,0.899606299212598,0.078740157480315));
#16307=CARTESIAN_POINT('Origin',(0.891732283464567,0.899606299212598,0.078740157480315));
#16308=CARTESIAN_POINT('',(0.899606299212598,0.706692913385827,0.078740157480315));
#16309=CARTESIAN_POINT('Origin',(0.931102362204724,0.706692913385827,0.078740157480315));
#16310=CARTESIAN_POINT('Origin',(0.,0.,0.078740157480315));
#16311=CARTESIAN_POINT('',(0.275384430649423,2.86614173228346,0.078740157480315));
#16312=CARTESIAN_POINT('',(0.275384430649423,2.55708661417323,0.078740157480315));
#16313=CARTESIAN_POINT('',(0.899606299212598,2.75984251968504,0.078740157480315));
#16314=CARTESIAN_POINT('Origin',(0.931102362204724,2.75984251968504,0.078740157480315));
#16315=CARTESIAN_POINT('',(0.322834645669292,2.75984251968504,0.078740157480315));
#16316=CARTESIAN_POINT('Origin',(0.354330708661417,2.75984251968504,0.078740157480315));
#16317=CARTESIAN_POINT('Origin',(0.,0.598425196850394,0.078740157480315));
#16318=CARTESIAN_POINT('',(0.766732283464567,0.598425196850394,0.078740157480315));
#16319=CARTESIAN_POINT('Origin',(0.0393700787401575,3.15748031496063,0.196850393700787));
#16320=CARTESIAN_POINT('',(1.03192222603746,3.15748031496063,0.118110236220472));
#16321=CARTESIAN_POINT('Origin',(1.0244429976241E-16,0.590551181102362,
-0.118110236220472));
#16322=CARTESIAN_POINT('',(0.852362204724409,0.590551181102362,-0.118110236220472));
#16323=CARTESIAN_POINT('',(0.852362204724409,0.590551181102362,-0.118110236220472));
#16324=CARTESIAN_POINT('',(0.852362204724409,0.590551181102362,-0.118110236220472));
#16325=CARTESIAN_POINT('Origin',(-2.59525559398105E-16,0.748031496062992,
-0.118110236220472));
#16326=CARTESIAN_POINT('',(0.852362204724409,0.748031496062992,-0.118110236220472));
#16327=CARTESIAN_POINT('',(1.03192222603746,0.748031496062992,-0.118110236220472));
#16328=CARTESIAN_POINT('',(0.852362204724409,0.748031496062992,-0.118110236220472));
#16329=CARTESIAN_POINT('Origin',(0.,0.,-0.118110236220472));
#16330=CARTESIAN_POINT('',(0.852362204724409,0.748031496062992,-0.118110236220472));
#16331=CARTESIAN_POINT('',(0.899606299212598,0.706692913385827,-0.118110236220472));
#16332=CARTESIAN_POINT('Origin',(0.931102362204724,0.706692913385827,-0.118110236220472));
#16333=CARTESIAN_POINT('Origin',(0.,2.88188976377953,-0.118110236220472));
#16334=CARTESIAN_POINT('',(0.852362204724409,2.88188976377953,-0.118110236220472));
#16335=CARTESIAN_POINT('',(1.03192222603746,2.88188976377953,-0.118110236220472));
#16336=CARTESIAN_POINT('',(0.852362204724409,2.88188976377953,-0.118110236220472));
#16337=CARTESIAN_POINT('Origin',(0.,2.64566929133858,-0.118110236220472));
#16338=CARTESIAN_POINT('',(0.852362204724409,2.64566929133858,-0.118110236220472));
#16339=CARTESIAN_POINT('',(0.852362204724409,2.64566929133858,-0.118110236220472));
#16340=CARTESIAN_POINT('',(1.03192222603746,2.64566929133858,-0.118110236220472));
#16341=CARTESIAN_POINT('Origin',(0.,0.,-0.118110236220472));
#16342=CARTESIAN_POINT('',(0.852362204724409,2.64566929133858,-0.118110236220472));
#16343=CARTESIAN_POINT('',(0.899606299212598,2.75984251968504,-0.118110236220472));
#16344=CARTESIAN_POINT('Origin',(0.931102362204724,2.75984251968504,-0.118110236220472));
#16345=CARTESIAN_POINT('Origin',(0.,1.1003937007874,0.078740157480315));
#16346=CARTESIAN_POINT('',(0.766732283464567,1.1003937007874,0.078740157480315));
#16347=CARTESIAN_POINT('Origin',(0.,2.55708661417323,0.078740157480315));
#16348=CARTESIAN_POINT('Origin',(0.,0.,0.118110236220472));
#16349=CARTESIAN_POINT('',(0.259813323189973,2.86614173228346,0.118110236220472));
#16350=CARTESIAN_POINT('',(0.28740157480315,3.01968503937008,0.118110236220472));
#16351=CARTESIAN_POINT('Origin',(0.354330708661417,3.01968503937008,0.118110236220472));
#16352=CARTESIAN_POINT('',(0.864173228346457,3.01968503937008,0.118110236220472));
#16353=CARTESIAN_POINT('Origin',(0.931102362204724,3.01968503937008,0.118110236220472));
#16354=CARTESIAN_POINT('Origin',(0.12992125984252,2.86614173228346,0.118110236220472));
#16355=CARTESIAN_POINT('Origin',(0.,0.598425196850394,0.078740157480315));
#16356=CARTESIAN_POINT('',(0.520669291338583,0.598425196850394,0.078740157480315));
#16357=CARTESIAN_POINT('Origin',(0.380905511811024,2.40551181102362,0.0393700787401575));
#16358=CARTESIAN_POINT('',(0.493110236220472,2.40551181102362,0.0393700787401575));
#16359=CARTESIAN_POINT('Origin',(0.380905511811024,2.40551181102362,6.74083785393205E-7));
#16360=CARTESIAN_POINT('Origin',(0.904527559055118,1.53937007874016,0.0393700787401575));
#16361=CARTESIAN_POINT('',(1.01673228346457,1.53937007874016,0.000320863185003969));
#16362=CARTESIAN_POINT('Origin',(0.904527559055118,1.53937007874016,0.000320863185003982));
#16363=CARTESIAN_POINT('Origin',(0.904527559055118,1.53937007874016,0.000320863185003982));
#16364=CARTESIAN_POINT('',(1.01673228346457,1.53937007874016,0.0393700787401575));
#16365=CARTESIAN_POINT('Origin',(0.380905511811024,1.25590551181102,0.0393700787401575));
#16366=CARTESIAN_POINT('',(0.493110236220472,1.25590551181102,0.0393700787401575));
#16367=CARTESIAN_POINT('Origin',(0.380905511811024,1.25590551181102,6.74083785393205E-7));
#16368=CARTESIAN_POINT('Origin',(0.904527559055118,1.25590551181102,0.0393700787401575));
#16369=CARTESIAN_POINT('',(1.01673228346457,1.25590551181102,0.000320863185003969));
#16370=CARTESIAN_POINT('Origin',(0.904527559055118,1.25590551181102,0.000320863185003982));
#16371=CARTESIAN_POINT('Origin',(0.904527559055118,1.25590551181102,0.000320863185003982));
#16372=CARTESIAN_POINT('',(1.01673228346457,1.25590551181102,0.0393700787401575));
#16373=CARTESIAN_POINT('Origin',(0.904527559055118,2.40551181102362,0.0393700787401575));
#16374=CARTESIAN_POINT('',(1.01673228346457,2.40551181102362,0.000320863185003969));
#16375=CARTESIAN_POINT('Origin',(0.904527559055118,2.40551181102362,0.000320863185003982));
#16376=CARTESIAN_POINT('Origin',(0.904527559055118,2.40551181102362,0.000320863185003982));
#16377=CARTESIAN_POINT('',(1.01673228346457,2.40551181102362,0.0393700787401575));
#16378=CARTESIAN_POINT('Origin',(0.380905511811024,2.11023622047244,0.0393700787401575));
#16379=CARTESIAN_POINT('',(0.493110236220472,2.11023622047244,0.0393700787401575));
#16380=CARTESIAN_POINT('Origin',(0.380905511811024,2.11023622047244,6.74083785393205E-7));
#16381=CARTESIAN_POINT('Origin',(0.904527559055118,2.11023622047244,0.0393700787401575));
#16382=CARTESIAN_POINT('',(1.01673228346457,2.11023622047244,0.000320863185003969));
#16383=CARTESIAN_POINT('Origin',(0.904527559055118,2.11023622047244,0.000320863185003982));
#16384=CARTESIAN_POINT('Origin',(0.904527559055118,2.11023622047244,0.000320863185003982));
#16385=CARTESIAN_POINT('',(1.01673228346457,2.11023622047244,0.0393700787401575));
#16386=CARTESIAN_POINT('Origin',(0.380905511811024,1.53937007874016,0.0393700787401575));
#16387=CARTESIAN_POINT('',(0.493110236220472,1.53937007874016,0.0393700787401575));
#16388=CARTESIAN_POINT('Origin',(0.380905511811024,1.53937007874016,6.74083785393205E-7));
#16389=CARTESIAN_POINT('Origin',(0.852362204724409,0.,-0.118110236220472));
#16390=CARTESIAN_POINT('Origin',(0.852362204724409,0.,-0.118110236220472));
#16391=CARTESIAN_POINT('Origin',(0.,2.88188976377953,-0.118110236220472));
#16392=CARTESIAN_POINT('',(0.433070866141732,2.88188976377953,-0.118110236220472));
#16393=CARTESIAN_POINT('',(0.433070866141732,2.88188976377953,-0.118110236220472));
#16394=CARTESIAN_POINT('',(0.433070866141732,2.88188976377953,-0.118110236220472));
#16395=CARTESIAN_POINT('Origin',(0.433070866141732,-5.77890921736669E-17,
-0.118110236220472));
#16396=CARTESIAN_POINT('',(0.433070866141732,2.64566929133858,-0.118110236220472));
#16397=CARTESIAN_POINT('',(0.433070866141732,2.64566929133858,-0.118110236220472));
#16398=CARTESIAN_POINT('',(0.433070866141732,2.88188976377953,-0.118110236220472));
#16399=CARTESIAN_POINT('Origin',(0.,2.64566929133858,-0.118110236220472));
#16400=CARTESIAN_POINT('',(0.433070866141732,2.64566929133858,-0.118110236220472));
#16401=CARTESIAN_POINT('Origin',(0.,0.,-0.118110236220472));
#16402=CARTESIAN_POINT('',(0.322834645669292,2.75984251968504,-0.118110236220472));
#16403=CARTESIAN_POINT('Origin',(0.354330708661417,2.75984251968504,-0.118110236220472));
#16404=CARTESIAN_POINT('Origin',(0.433070866141732,0.590551181102362,-0.118110236220472));
#16405=CARTESIAN_POINT('',(0.433070866141732,0.590551181102362,-0.118110236220472));
#16406=CARTESIAN_POINT('',(0.433070866141732,0.590551181102362,-0.118110236220472));
#16407=CARTESIAN_POINT('',(0.433070866141732,0.748031496062992,-0.118110236220472));
#16408=CARTESIAN_POINT('',(0.433070866141732,0.590551181102362,-0.118110236220472));
#16409=CARTESIAN_POINT('',(0.433070866141732,0.748031496062992,-0.118110236220472));
#16410=CARTESIAN_POINT('Origin',(0.0393700787401579,0.590551181102362,-0.118110236220472));
#16411=CARTESIAN_POINT('',(0.259813323189973,0.590551181102362,-0.118110236220472));
#16412=CARTESIAN_POINT('Origin',(0.433070866141732,0.748031496062992,-0.118110236220472));
#16413=CARTESIAN_POINT('',(0.433070866141732,0.748031496062992,-0.118110236220472));
#16414=CARTESIAN_POINT('Origin',(0.,0.,-0.118110236220472));
#16415=CARTESIAN_POINT('',(0.322834645669292,0.706692913385827,-0.118110236220472));
#16416=CARTESIAN_POINT('Origin',(0.354330708661417,0.706692913385827,-0.118110236220472));
#16417=CARTESIAN_POINT('Origin',(0.766732283464567,-4.06127783790929E-16,
0.078740157480315));
#16418=CARTESIAN_POINT('Origin',(0.520669291338583,0.,0.078740157480315));
#16419=CARTESIAN_POINT('',(0.520669291338583,1.1003937007874,0.078740157480315));
#16420=CARTESIAN_POINT('Origin',(0.,1.1003937007874,0.078740157480315));
#16421=CARTESIAN_POINT('Origin',(0.931102362204724,3.01968503937008,0.118110236220472));
#16422=CARTESIAN_POINT('',(0.864173228346457,3.01968503937008,0.118110236220472));
#16423=CARTESIAN_POINT('Origin',(0.354330708661417,3.01968503937008,0.118110236220472));
#16424=CARTESIAN_POINT('',(0.28740157480315,3.01968503937008,0.118110236220472));
#16425=CARTESIAN_POINT('Origin',(0.891732283464567,0.899606299212598,0.078740157480315));
#16426=CARTESIAN_POINT('',(0.8248031496063,0.899606299212598,0.078740157480315));
#16427=CARTESIAN_POINT('Origin',(0.393700787401575,0.899606299212598,0.078740157480315));
#16428=CARTESIAN_POINT('',(0.326771653543307,0.899606299212598,0.078740157480315));
#16429=CARTESIAN_POINT('Origin',(0.259844803186395,0.,6.74083785393205E-7));
#16430=CARTESIAN_POINT('Origin',(0.259844803186395,0.,6.74083785393205E-7));
#16431=CARTESIAN_POINT('Origin',(0.259844803186395,0.,6.74083785393205E-7));
#16432=CARTESIAN_POINT('Origin',(0.259844803186395,0.,6.74083785393205E-7));
#16433=CARTESIAN_POINT('Origin',(1.0318081575001,0.,0.000320863185003965));
#16434=CARTESIAN_POINT('Origin',(1.0318081575001,0.,0.000320863185003965));
#16435=CARTESIAN_POINT('Origin',(1.0318081575001,0.,0.000320863185003965));
#16436=CARTESIAN_POINT('Origin',(1.0318081575001,0.,0.000320863185003965));
#16437=CARTESIAN_POINT('Origin',(0.931102362204724,0.706692913385827,0.078740157480315));
#16438=CARTESIAN_POINT('',(0.899606299212599,0.706692913385827,0.078740157480315));
#16439=CARTESIAN_POINT('Origin',(0.354330708661417,0.706692913385827,0.078740157480315));
#16440=CARTESIAN_POINT('',(0.322834645669292,0.706692913385827,0.078740157480315));
#16441=CARTESIAN_POINT('Origin',(0.354330708661417,2.75984251968504,0.078740157480315));
#16442=CARTESIAN_POINT('',(0.322834645669292,2.75984251968504,0.078740157480315));
#16443=CARTESIAN_POINT('Origin',(0.931102362204724,2.75984251968504,0.078740157480315));
#16444=CARTESIAN_POINT('',(0.899606299212599,2.75984251968504,0.078740157480315));
#16445=CARTESIAN_POINT('Origin',(1.03173452618369,1.88698098131674,0.235082326804457));
#16446=CARTESIAN_POINT('',(0.972679408073453,1.88698098131674,0.0788565935402949));
#16447=CARTESIAN_POINT('',(0.972679408073453,1.88698098131674,0.0788565935402949));
#16448=CARTESIAN_POINT('',(1.01536388948,1.88698098131674,0.0788565935402949));
#16449=CARTESIAN_POINT('Origin',(0.972679408073453,1.74340793586345,0.235082326804457));
#16450=CARTESIAN_POINT('',(0.972679408073453,1.74340793586345,0.0788565935402949));
#16451=CARTESIAN_POINT('',(0.972679408073453,1.88698098131674,0.0788565935402949));
#16452=CARTESIAN_POINT('',(0.972679408073453,1.74340793586345,0.0788565935402949));
#16453=CARTESIAN_POINT('Origin',(1.03173452618369,1.74340793586345,0.235082326804457));
#16454=CARTESIAN_POINT('',(0.972679408073453,1.74340793586345,0.0788565935402949));
#16455=CARTESIAN_POINT('Origin',(0.259844803186395,0.,0.0788565935402949));
#16456=CARTESIAN_POINT('Origin',(0.319351774010057,1.74512985280595,0.235082326804457));
#16457=CARTESIAN_POINT('',(0.319351774010057,1.74512985280595,0.0788565935402949));
#16458=CARTESIAN_POINT('',(0.319351774010057,1.88976377952756,0.0788565935402949));
#16459=CARTESIAN_POINT('Origin',(0.319351774010057,1.88976377952756,0.235082326804457));
#16460=CARTESIAN_POINT('Origin',(0.319351774010057,1.74512985280595,0.235082326804457));
#16461=CARTESIAN_POINT('Origin',(1.1085145642723,0.568307059265787,0.118110236220472));
#16462=CARTESIAN_POINT('',(0.,0.,0.));
#16463=CARTESIAN_POINT('',(0.,0.,0.));
#16464=CARTESIAN_POINT('Origin',(0.,0.,0.));
#16465=CARTESIAN_POINT('',(0.,0.,0.));
#16466=CARTESIAN_POINT('',(0.,0.,0.0625353));
#16467=CARTESIAN_POINT('',(0.,0.,0.));
#16468=CARTESIAN_POINT('',(0.,2.6732283,0.0625353));
#16469=CARTESIAN_POINT('',(0.,0.,0.0625353));
#16470=CARTESIAN_POINT('',(0.,2.6732283,0.));
#16471=CARTESIAN_POINT('',(0.,2.6732283,0.));
#16472=CARTESIAN_POINT('',(0.,0.,0.));
#16473=CARTESIAN_POINT('Origin',(0.,0.,0.));
#16474=CARTESIAN_POINT('',(0.7677165,0.,0.));
#16475=CARTESIAN_POINT('',(0.,0.,0.));
#16476=CARTESIAN_POINT('',(0.7677165,0.,0.0625353));
#16477=CARTESIAN_POINT('',(0.7677165,0.,0.));
#16478=CARTESIAN_POINT('',(0.,0.,0.0625353));
#16479=CARTESIAN_POINT('Origin',(0.,0.,0.0625353));
#16480=CARTESIAN_POINT('',(0.7677165,2.6732283,0.0625353));
#16481=CARTESIAN_POINT('',(0.7677165,0.,0.0625353));
#16482=CARTESIAN_POINT('',(0.,2.6732283,0.0625353));
#16483=CARTESIAN_POINT('',(0.0541338,0.5192913,0.0625353));
#16484=CARTESIAN_POINT('Origin',(0.0954724,0.5192913,0.0625353));
#16485=CARTESIAN_POINT('',(0.05610235,0.7122047,0.0625353));
#16486=CARTESIAN_POINT('Origin',(0.1348425,0.7122047,0.0625353));
#16487=CARTESIAN_POINT('',(0.0572834,1.0185039,0.0625353));
#16488=CARTESIAN_POINT('Origin',(0.0720472,1.0185039,0.0625353));
#16489=CARTESIAN_POINT('',(0.0572834,1.1185039,0.0625353));
#16490=CARTESIAN_POINT('Origin',(0.0720472,1.1185039,0.0625353));
#16491=CARTESIAN_POINT('',(0.1072834,1.0685039,0.0625353));
#16492=CARTESIAN_POINT('Origin',(0.1220472,1.0685039,0.0625353));
#16493=CARTESIAN_POINT('',(0.1572834,1.0185039,0.0625353));
#16494=CARTESIAN_POINT('Origin',(0.1720472,1.0185039,0.0625353));
#16495=CARTESIAN_POINT('',(0.1572834,1.1185039,0.0625353));
#16496=CARTESIAN_POINT('Origin',(0.1720472,1.1185039,0.0625353));
#16497=CARTESIAN_POINT('',(0.0572834,1.3019685,0.0625353));
#16498=CARTESIAN_POINT('Origin',(0.0720472,1.3019685,0.0625353));
#16499=CARTESIAN_POINT('',(0.0572834,1.4019685,0.0625353));
#16500=CARTESIAN_POINT('Origin',(0.0720472,1.4019685,0.0625353));
#16501=CARTESIAN_POINT('',(0.1072834,1.3519685,0.0625353));
#16502=CARTESIAN_POINT('Origin',(0.1220472,1.3519685,0.0625353));
#16503=CARTESIAN_POINT('',(0.1572834,1.3019685,0.0625353));
#16504=CARTESIAN_POINT('Origin',(0.1720472,1.3019685,0.0625353));
#16505=CARTESIAN_POINT('',(0.1572834,1.4019685,0.0625353));
#16506=CARTESIAN_POINT('Origin',(0.1720472,1.4019685,0.0625353));
#16507=CARTESIAN_POINT('',(0.6309055,0.5192913,0.0625353));
#16508=CARTESIAN_POINT('Origin',(0.6722441,0.5192913,0.0625353));
#16509=CARTESIAN_POINT('',(0.55413385,0.7122047,0.0625353));
#16510=CARTESIAN_POINT('Origin',(0.632874,0.7122047,0.0625353));
#16511=CARTESIAN_POINT('',(0.5809055,1.0185039,0.0625353));
#16512=CARTESIAN_POINT('Origin',(0.5956693,1.0185039,0.0625353));
#16513=CARTESIAN_POINT('',(0.5809055,1.1185039,0.0625353));
#16514=CARTESIAN_POINT('Origin',(0.5956693,1.1185039,0.0625353));
#16515=CARTESIAN_POINT('',(0.6309055,1.0685039,0.0625353));
#16516=CARTESIAN_POINT('Origin',(0.6456693,1.0685039,0.0625353));
#16517=CARTESIAN_POINT('',(0.6809055,1.0185039,0.0625353));
#16518=CARTESIAN_POINT('Origin',(0.6956693,1.0185039,0.0625353));
#16519=CARTESIAN_POINT('',(0.6809055,1.1185039,0.0625353));
#16520=CARTESIAN_POINT('Origin',(0.6956693,1.1185039,0.0625353));
#16521=CARTESIAN_POINT('',(0.5809055,1.3019685,0.0625353));
#16522=CARTESIAN_POINT('Origin',(0.5956693,1.3019685,0.0625353));
#16523=CARTESIAN_POINT('',(0.5809055,1.4019685,0.0625353));
#16524=CARTESIAN_POINT('Origin',(0.5956693,1.4019685,0.0625353));
#16525=CARTESIAN_POINT('',(0.6309055,1.3519685,0.0625353));
#16526=CARTESIAN_POINT('Origin',(0.6456693,1.3519685,0.0625353));
#16527=CARTESIAN_POINT('',(0.6809055,1.3019685,0.0625353));
#16528=CARTESIAN_POINT('Origin',(0.6956693,1.3019685,0.0625353));
#16529=CARTESIAN_POINT('',(0.6809055,1.4019685,0.0625353));
#16530=CARTESIAN_POINT('Origin',(0.6956693,1.4019685,0.0625353));
#16531=CARTESIAN_POINT('',(0.0572834,1.8728346,0.0625353));
#16532=CARTESIAN_POINT('Origin',(0.0720472,1.8728346,0.0625353));
#16533=CARTESIAN_POINT('',(0.1072834,1.9228346,0.0625353));
#16534=CARTESIAN_POINT('Origin',(0.1220472,1.9228346,0.0625353));
#16535=CARTESIAN_POINT('',(0.0572834,1.9728346,0.0625353));
#16536=CARTESIAN_POINT('Origin',(0.0720472,1.9728346,0.0625353));
#16537=CARTESIAN_POINT('',(0.1572834,1.8728346,0.0625353));
#16538=CARTESIAN_POINT('Origin',(0.1720472,1.8728346,0.0625353));
#16539=CARTESIAN_POINT('',(0.1572834,1.9728346,0.0625353));
#16540=CARTESIAN_POINT('Origin',(0.1720472,1.9728346,0.0625353));
#16541=CARTESIAN_POINT('',(0.0572834,2.1681102,0.0625353));
#16542=CARTESIAN_POINT('Origin',(0.0720472,2.1681102,0.0625353));
#16543=CARTESIAN_POINT('',(0.0572834,2.2681102,0.0625353));
#16544=CARTESIAN_POINT('Origin',(0.0720472,2.2681102,0.0625353));
#16545=CARTESIAN_POINT('',(0.1072834,2.2181102,0.0625353));
#16546=CARTESIAN_POINT('Origin',(0.1220472,2.2181102,0.0625353));
#16547=CARTESIAN_POINT('',(0.1572834,2.1681102,0.0625353));
#16548=CARTESIAN_POINT('Origin',(0.1720472,2.1681102,0.0625353));
#16549=CARTESIAN_POINT('',(0.1572834,2.2681102,0.0625353));
#16550=CARTESIAN_POINT('Origin',(0.1720472,2.2681102,0.0625353));
#16551=CARTESIAN_POINT('',(0.0541338,2.5724409,0.0625353));
#16552=CARTESIAN_POINT('Origin',(0.0954724,2.5724409,0.0625353));
#16553=CARTESIAN_POINT('',(0.5809055,1.8728346,0.0625353));
#16554=CARTESIAN_POINT('Origin',(0.5956693,1.8728346,0.0625353));
#16555=CARTESIAN_POINT('',(0.5809055,1.9728346,0.0625353));
#16556=CARTESIAN_POINT('Origin',(0.5956693,1.9728346,0.0625353));
#16557=CARTESIAN_POINT('',(0.6309055,1.9228346,0.0625353));
#16558=CARTESIAN_POINT('Origin',(0.6456693,1.9228346,0.0625353));
#16559=CARTESIAN_POINT('',(0.6809055,1.8728346,0.0625353));
#16560=CARTESIAN_POINT('Origin',(0.6956693,1.8728346,0.0625353));
#16561=CARTESIAN_POINT('',(0.6809055,1.9728346,0.0625353));
#16562=CARTESIAN_POINT('Origin',(0.6956693,1.9728346,0.0625353));
#16563=CARTESIAN_POINT('',(0.5809055,2.1681102,0.0625353));
#16564=CARTESIAN_POINT('Origin',(0.5956693,2.1681102,0.0625353));
#16565=CARTESIAN_POINT('',(0.5809055,2.2681102,0.0625353));
#16566=CARTESIAN_POINT('Origin',(0.5956693,2.2681102,0.0625353));
#16567=CARTESIAN_POINT('',(0.6809055,2.1681102,0.0625353));
#16568=CARTESIAN_POINT('Origin',(0.6956693,2.1681102,0.0625353));
#16569=CARTESIAN_POINT('',(0.6309055,2.2181102,0.0625353));
#16570=CARTESIAN_POINT('Origin',(0.6456693,2.2181102,0.0625353));
#16571=CARTESIAN_POINT('',(0.6809055,2.2681102,0.0625353));
#16572=CARTESIAN_POINT('Origin',(0.6956693,2.2681102,0.0625353));
#16573=CARTESIAN_POINT('',(0.6309055,2.5724409,0.0625353));
#16574=CARTESIAN_POINT('Origin',(0.6722441,2.5724409,0.0625353));
#16575=CARTESIAN_POINT('Origin',(0.,2.6732283,0.));
#16576=CARTESIAN_POINT('',(0.7677165,2.6732283,0.));
#16577=CARTESIAN_POINT('',(0.,2.6732283,0.));
#16578=CARTESIAN_POINT('',(0.7677165,2.6732283,0.));
#16579=CARTESIAN_POINT('Origin',(0.,0.,0.));
#16580=CARTESIAN_POINT('',(0.7677165,0.,0.));
#16581=CARTESIAN_POINT('',(0.0541338,0.5192913,0.));
#16582=CARTESIAN_POINT('Origin',(0.0954724,0.5192913,0.));
#16583=CARTESIAN_POINT('',(0.05610235,0.7122047,0.));
#16584=CARTESIAN_POINT('Origin',(0.1348425,0.7122047,0.));
#16585=CARTESIAN_POINT('',(0.0572834,1.0185039,-6.82961998416066E-19));
#16586=CARTESIAN_POINT('Origin',(0.0720472,1.0185039,0.));
#16587=CARTESIAN_POINT('',(0.0572834,1.1185039,-6.82961998416066E-19));
#16588=CARTESIAN_POINT('Origin',(0.0720472,1.1185039,0.));
#16589=CARTESIAN_POINT('',(0.1072834,1.0685039,-6.82961998416066E-19));
#16590=CARTESIAN_POINT('Origin',(0.1220472,1.0685039,0.));
#16591=CARTESIAN_POINT('',(0.1572834,1.0185039,-6.82961998416066E-19));
#16592=CARTESIAN_POINT('Origin',(0.1720472,1.0185039,0.));
#16593=CARTESIAN_POINT('',(0.1572834,1.1185039,-6.82961998416066E-19));
#16594=CARTESIAN_POINT('Origin',(0.1720472,1.1185039,0.));
#16595=CARTESIAN_POINT('',(0.0572834,1.3019685,-6.82961998416066E-19));
#16596=CARTESIAN_POINT('Origin',(0.0720472,1.3019685,0.));
#16597=CARTESIAN_POINT('',(0.0572834,1.4019685,-6.82961998416066E-19));
#16598=CARTESIAN_POINT('Origin',(0.0720472,1.4019685,0.));
#16599=CARTESIAN_POINT('',(0.1072834,1.3519685,-6.82961998416066E-19));
#16600=CARTESIAN_POINT('Origin',(0.1220472,1.3519685,0.));
#16601=CARTESIAN_POINT('',(0.1572834,1.3019685,-6.82961998416066E-19));
#16602=CARTESIAN_POINT('Origin',(0.1720472,1.3019685,0.));
#16603=CARTESIAN_POINT('',(0.1572834,1.4019685,-6.82961998416066E-19));
#16604=CARTESIAN_POINT('Origin',(0.1720472,1.4019685,0.));
#16605=CARTESIAN_POINT('',(0.6309055,0.5192913,0.));
#16606=CARTESIAN_POINT('Origin',(0.6722441,0.5192913,0.));
#16607=CARTESIAN_POINT('',(0.55413385,0.7122047,0.));
#16608=CARTESIAN_POINT('Origin',(0.632874,0.7122047,0.));
#16609=CARTESIAN_POINT('',(0.5809055,1.0185039,-6.82961998416066E-19));
#16610=CARTESIAN_POINT('Origin',(0.5956693,1.0185039,0.));
#16611=CARTESIAN_POINT('',(0.5809055,1.1185039,-6.82961998416066E-19));
#16612=CARTESIAN_POINT('Origin',(0.5956693,1.1185039,0.));
#16613=CARTESIAN_POINT('',(0.6309055,1.0685039,-6.82961998416066E-19));
#16614=CARTESIAN_POINT('Origin',(0.6456693,1.0685039,0.));
#16615=CARTESIAN_POINT('',(0.6809055,1.0185039,-6.82961998416066E-19));
#16616=CARTESIAN_POINT('Origin',(0.6956693,1.0185039,0.));
#16617=CARTESIAN_POINT('',(0.6809055,1.1185039,-6.82961998416066E-19));
#16618=CARTESIAN_POINT('Origin',(0.6956693,1.1185039,0.));
#16619=CARTESIAN_POINT('',(0.5809055,1.3019685,-6.82961998416066E-19));
#16620=CARTESIAN_POINT('Origin',(0.5956693,1.3019685,0.));
#16621=CARTESIAN_POINT('',(0.5809055,1.4019685,-6.82961998416066E-19));
#16622=CARTESIAN_POINT('Origin',(0.5956693,1.4019685,0.));
#16623=CARTESIAN_POINT('',(0.6309055,1.3519685,-6.82961998416066E-19));
#16624=CARTESIAN_POINT('Origin',(0.6456693,1.3519685,0.));
#16625=CARTESIAN_POINT('',(0.6809055,1.3019685,-6.82961998416066E-19));
#16626=CARTESIAN_POINT('Origin',(0.6956693,1.3019685,0.));
#16627=CARTESIAN_POINT('',(0.6809055,1.4019685,-6.82961998416066E-19));
#16628=CARTESIAN_POINT('Origin',(0.6956693,1.4019685,0.));
#16629=CARTESIAN_POINT('',(0.0572834,1.8728346,-6.82961998416066E-19));
#16630=CARTESIAN_POINT('Origin',(0.0720472,1.8728346,0.));
#16631=CARTESIAN_POINT('',(0.1072834,1.9228346,-6.82961998416066E-19));
#16632=CARTESIAN_POINT('Origin',(0.1220472,1.9228346,0.));
#16633=CARTESIAN_POINT('',(0.0572834,1.9728346,-6.82961998416066E-19));
#16634=CARTESIAN_POINT('Origin',(0.0720472,1.9728346,0.));
#16635=CARTESIAN_POINT('',(0.1572834,1.8728346,-6.82961998416066E-19));
#16636=CARTESIAN_POINT('Origin',(0.1720472,1.8728346,0.));
#16637=CARTESIAN_POINT('',(0.1572834,1.9728346,-6.82961998416066E-19));
#16638=CARTESIAN_POINT('Origin',(0.1720472,1.9728346,0.));
#16639=CARTESIAN_POINT('',(0.0572834,2.1681102,-6.82961998416066E-19));
#16640=CARTESIAN_POINT('Origin',(0.0720472,2.1681102,0.));
#16641=CARTESIAN_POINT('',(0.0572834,2.2681102,-6.82961998416066E-19));
#16642=CARTESIAN_POINT('Origin',(0.0720472,2.2681102,0.));
#16643=CARTESIAN_POINT('',(0.1072834,2.2181102,-6.82961998416066E-19));
#16644=CARTESIAN_POINT('Origin',(0.1220472,2.2181102,0.));
#16645=CARTESIAN_POINT('',(0.1572834,2.1681102,-6.82961998416066E-19));
#16646=CARTESIAN_POINT('Origin',(0.1720472,2.1681102,0.));
#16647=CARTESIAN_POINT('',(0.1572834,2.2681102,-6.82961998416066E-19));
#16648=CARTESIAN_POINT('Origin',(0.1720472,2.2681102,0.));
#16649=CARTESIAN_POINT('',(0.0541338,2.5724409,0.));
#16650=CARTESIAN_POINT('Origin',(0.0954724,2.5724409,0.));
#16651=CARTESIAN_POINT('',(0.468503937007874,1.73818897637795,0.));
#16652=CARTESIAN_POINT('',(0.448818897637795,1.75787401574803,0.));
#16653=CARTESIAN_POINT('Origin',(0.448818897637795,1.73818897637795,0.));
#16654=CARTESIAN_POINT('',(0.318897637795276,1.75787401574803,0.));
#16655=CARTESIAN_POINT('',(0.159448818897638,1.75787401574803,0.));
#16656=CARTESIAN_POINT('',(0.299212598425197,1.73818897637795,0.));
#16657=CARTESIAN_POINT('Origin',(0.318897637795276,1.73818897637795,0.));
#16658=CARTESIAN_POINT('',(0.299212598425197,1.60826771653543,0.));
#16659=CARTESIAN_POINT('',(0.299212598425197,0.804133858267716,0.));
#16660=CARTESIAN_POINT('',(0.318897637795276,1.58858267716535,0.));
#16661=CARTESIAN_POINT('Origin',(0.318897637795276,1.60826771653543,0.));
#16662=CARTESIAN_POINT('',(0.448818897637795,1.58858267716535,0.));
#16663=CARTESIAN_POINT('',(0.159448818897638,1.58858267716535,0.));
#16664=CARTESIAN_POINT('',(0.468503937007874,1.60826771653543,0.));
#16665=CARTESIAN_POINT('Origin',(0.448818897637795,1.60826771653543,0.));
#16666=CARTESIAN_POINT('',(0.468503937007874,0.804133858267716,0.));
#16667=CARTESIAN_POINT('',(0.5809055,1.8728346,-6.82961998416066E-19));
#16668=CARTESIAN_POINT('Origin',(0.5956693,1.8728346,0.));
#16669=CARTESIAN_POINT('',(0.5809055,1.9728346,-6.82961998416066E-19));
#16670=CARTESIAN_POINT('Origin',(0.5956693,1.9728346,0.));
#16671=CARTESIAN_POINT('',(0.6309055,1.9228346,-6.82961998416066E-19));
#16672=CARTESIAN_POINT('Origin',(0.6456693,1.9228346,0.));
#16673=CARTESIAN_POINT('',(0.6809055,1.8728346,-6.82961998416066E-19));
#16674=CARTESIAN_POINT('Origin',(0.6956693,1.8728346,0.));
#16675=CARTESIAN_POINT('',(0.6809055,1.9728346,-6.82961998416066E-19));
#16676=CARTESIAN_POINT('Origin',(0.6956693,1.9728346,0.));
#16677=CARTESIAN_POINT('',(0.5809055,2.1681102,-6.82961998416066E-19));
#16678=CARTESIAN_POINT('Origin',(0.5956693,2.1681102,0.));
#16679=CARTESIAN_POINT('',(0.5809055,2.2681102,-6.82961998416066E-19));
#16680=CARTESIAN_POINT('Origin',(0.5956693,2.2681102,0.));
#16681=CARTESIAN_POINT('',(0.6809055,2.1681102,-6.82961998416066E-19));
#16682=CARTESIAN_POINT('Origin',(0.6956693,2.1681102,0.));
#16683=CARTESIAN_POINT('',(0.6309055,2.2181102,-6.82961998416066E-19));
#16684=CARTESIAN_POINT('Origin',(0.6456693,2.2181102,0.));
#16685=CARTESIAN_POINT('',(0.6809055,2.2681102,-6.82961998416066E-19));
#16686=CARTESIAN_POINT('Origin',(0.6956693,2.2681102,0.));
#16687=CARTESIAN_POINT('',(0.6309055,2.5724409,0.));
#16688=CARTESIAN_POINT('Origin',(0.6722441,2.5724409,0.));
#16689=CARTESIAN_POINT('Origin',(0.7677165,0.,0.));
#16690=CARTESIAN_POINT('Origin',(0.0954724,0.5192913,-0.00393700787401575));
#16691=CARTESIAN_POINT('',(0.0541338,0.5192913,-0.00393700787401575));
#16692=CARTESIAN_POINT('Origin',(0.1348425,0.7122047,-0.00393700787401575));
#16693=CARTESIAN_POINT('',(0.05610235,0.7122047,-0.00393700787401575));
#16694=CARTESIAN_POINT('Origin',(0.0720472,1.0185039,-0.00393700787401575));
#16695=CARTESIAN_POINT('',(0.0572834,1.0185039,-0.00393700787401575));
#16696=CARTESIAN_POINT('Origin',(0.0720472,1.1185039,-0.00393700787401575));
#16697=CARTESIAN_POINT('',(0.0572834,1.1185039,-0.00393700787401575));
#16698=CARTESIAN_POINT('Origin',(0.1220472,1.0685039,-0.00393700787401575));
#16699=CARTESIAN_POINT('',(0.1072834,1.0685039,-0.00393700787401575));
#16700=CARTESIAN_POINT('Origin',(0.1720472,1.0185039,-0.00393700787401575));
#16701=CARTESIAN_POINT('',(0.1572834,1.0185039,-0.00393700787401575));
#16702=CARTESIAN_POINT('Origin',(0.1720472,1.1185039,-0.00393700787401575));
#16703=CARTESIAN_POINT('',(0.1572834,1.1185039,-0.00393700787401575));
#16704=CARTESIAN_POINT('Origin',(0.0720472,1.3019685,-0.00393700787401575));
#16705=CARTESIAN_POINT('',(0.0572834,1.3019685,-0.00393700787401575));
#16706=CARTESIAN_POINT('Origin',(0.0720472,1.4019685,-0.00393700787401575));
#16707=CARTESIAN_POINT('',(0.0572834,1.4019685,-0.00393700787401575));
#16708=CARTESIAN_POINT('Origin',(0.1220472,1.3519685,-0.00393700787401575));
#16709=CARTESIAN_POINT('',(0.1072834,1.3519685,-0.00393700787401575));
#16710=CARTESIAN_POINT('Origin',(0.1720472,1.3019685,-0.00393700787401575));
#16711=CARTESIAN_POINT('',(0.1572834,1.3019685,-0.00393700787401575));
#16712=CARTESIAN_POINT('Origin',(0.1720472,1.4019685,-0.00393700787401575));
#16713=CARTESIAN_POINT('',(0.1572834,1.4019685,-0.00393700787401575));
#16714=CARTESIAN_POINT('Origin',(0.6722441,0.5192913,-0.00393700787401575));
#16715=CARTESIAN_POINT('',(0.6309055,0.5192913,-0.00393700787401575));
#16716=CARTESIAN_POINT('Origin',(0.632874,0.7122047,-0.00393700787401575));
#16717=CARTESIAN_POINT('',(0.55413385,0.7122047,-0.00393700787401575));
#16718=CARTESIAN_POINT('Origin',(0.5956693,1.0185039,-0.00393700787401575));
#16719=CARTESIAN_POINT('',(0.5809055,1.0185039,-0.00393700787401575));
#16720=CARTESIAN_POINT('Origin',(0.5956693,1.1185039,-0.00393700787401575));
#16721=CARTESIAN_POINT('',(0.5809055,1.1185039,-0.00393700787401575));
#16722=CARTESIAN_POINT('Origin',(0.6456693,1.0685039,-0.00393700787401575));
#16723=CARTESIAN_POINT('',(0.6309055,1.0685039,-0.00393700787401575));
#16724=CARTESIAN_POINT('Origin',(0.6956693,1.0185039,-0.00393700787401575));
#16725=CARTESIAN_POINT('',(0.6809055,1.0185039,-0.00393700787401575));
#16726=CARTESIAN_POINT('Origin',(0.6956693,1.1185039,-0.00393700787401575));
#16727=CARTESIAN_POINT('',(0.6809055,1.1185039,-0.00393700787401575));
#16728=CARTESIAN_POINT('Origin',(0.5956693,1.3019685,-0.00393700787401575));
#16729=CARTESIAN_POINT('',(0.5809055,1.3019685,-0.00393700787401575));
#16730=CARTESIAN_POINT('Origin',(0.5956693,1.4019685,-0.00393700787401575));
#16731=CARTESIAN_POINT('',(0.5809055,1.4019685,-0.00393700787401575));
#16732=CARTESIAN_POINT('Origin',(0.6456693,1.3519685,-0.00393700787401575));
#16733=CARTESIAN_POINT('',(0.6309055,1.3519685,-0.00393700787401575));
#16734=CARTESIAN_POINT('Origin',(0.6956693,1.3019685,-0.00393700787401575));
#16735=CARTESIAN_POINT('',(0.6809055,1.3019685,-0.00393700787401575));
#16736=CARTESIAN_POINT('Origin',(0.6956693,1.4019685,-0.00393700787401575));
#16737=CARTESIAN_POINT('',(0.6809055,1.4019685,-0.00393700787401575));
#16738=CARTESIAN_POINT('Origin',(0.0720472,1.8728346,-0.00393700787401575));
#16739=CARTESIAN_POINT('',(0.0572834,1.8728346,-0.00393700787401575));
#16740=CARTESIAN_POINT('Origin',(0.1220472,1.9228346,-0.00393700787401575));
#16741=CARTESIAN_POINT('',(0.1072834,1.9228346,-0.00393700787401575));
#16742=CARTESIAN_POINT('Origin',(0.0720472,1.9728346,-0.00393700787401575));
#16743=CARTESIAN_POINT('',(0.0572834,1.9728346,-0.00393700787401575));
#16744=CARTESIAN_POINT('Origin',(0.1720472,1.8728346,-0.00393700787401575));
#16745=CARTESIAN_POINT('',(0.1572834,1.8728346,-0.00393700787401575));
#16746=CARTESIAN_POINT('Origin',(0.1720472,1.9728346,-0.00393700787401575));
#16747=CARTESIAN_POINT('',(0.1572834,1.9728346,-0.00393700787401575));
#16748=CARTESIAN_POINT('Origin',(0.0720472,2.1681102,-0.00393700787401575));
#16749=CARTESIAN_POINT('',(0.0572834,2.1681102,-0.00393700787401575));
#16750=CARTESIAN_POINT('Origin',(0.0720472,2.2681102,-0.00393700787401575));
#16751=CARTESIAN_POINT('',(0.0572834,2.2681102,-0.00393700787401575));
#16752=CARTESIAN_POINT('Origin',(0.1220472,2.2181102,-0.00393700787401575));
#16753=CARTESIAN_POINT('',(0.1072834,2.2181102,-0.00393700787401575));
#16754=CARTESIAN_POINT('Origin',(0.1720472,2.1681102,-0.00393700787401575));
#16755=CARTESIAN_POINT('',(0.1572834,2.1681102,-0.00393700787401575));
#16756=CARTESIAN_POINT('Origin',(0.1720472,2.2681102,-0.00393700787401575));
#16757=CARTESIAN_POINT('',(0.1572834,2.2681102,-0.00393700787401575));
#16758=CARTESIAN_POINT('Origin',(0.0954724,2.5724409,-0.00393700787401575));
#16759=CARTESIAN_POINT('',(0.0541338,2.5724409,-0.00393700787401575));
#16760=CARTESIAN_POINT('Origin',(0.5956693,1.8728346,-0.00393700787401575));
#16761=CARTESIAN_POINT('',(0.5809055,1.8728346,-0.00393700787401575));
#16762=CARTESIAN_POINT('Origin',(0.5956693,1.9728346,-0.00393700787401575));
#16763=CARTESIAN_POINT('',(0.5809055,1.9728346,-0.00393700787401575));
#16764=CARTESIAN_POINT('Origin',(0.6456693,1.9228346,-0.00393700787401575));
#16765=CARTESIAN_POINT('',(0.6309055,1.9228346,-0.00393700787401575));
#16766=CARTESIAN_POINT('Origin',(0.6956693,1.8728346,-0.00393700787401575));
#16767=CARTESIAN_POINT('',(0.6809055,1.8728346,-0.00393700787401575));
#16768=CARTESIAN_POINT('Origin',(0.6956693,1.9728346,-0.00393700787401575));
#16769=CARTESIAN_POINT('',(0.6809055,1.9728346,-0.00393700787401575));
#16770=CARTESIAN_POINT('Origin',(0.5956693,2.1681102,-0.00393700787401575));
#16771=CARTESIAN_POINT('',(0.5809055,2.1681102,-0.00393700787401575));
#16772=CARTESIAN_POINT('Origin',(0.5956693,2.2681102,-0.00393700787401575));
#16773=CARTESIAN_POINT('',(0.5809055,2.2681102,-0.00393700787401575));
#16774=CARTESIAN_POINT('Origin',(0.6956693,2.1681102,-0.00393700787401575));
#16775=CARTESIAN_POINT('',(0.6809055,2.1681102,-0.00393700787401575));
#16776=CARTESIAN_POINT('Origin',(0.6456693,2.2181102,-0.00393700787401575));
#16777=CARTESIAN_POINT('',(0.6309055,2.2181102,-0.00393700787401575));
#16778=CARTESIAN_POINT('Origin',(0.6956693,2.2681102,-0.00393700787401575));
#16779=CARTESIAN_POINT('',(0.6809055,2.2681102,-0.00393700787401575));
#16780=CARTESIAN_POINT('Origin',(0.6722441,2.5724409,-0.00393700787401575));
#16781=CARTESIAN_POINT('',(0.6309055,2.5724409,-0.00393700787401575));
#16782=CARTESIAN_POINT('Origin',(0.448818897637795,1.73818897637795,-0.000393700787401575));
#16783=CARTESIAN_POINT('',(0.468503937007874,1.73818897637795,0.047244094488189));
#16784=CARTESIAN_POINT('',(0.448818897637795,1.75787401574803,0.047244094488189));
#16785=CARTESIAN_POINT('Origin',(0.448818897637795,1.73818897637795,0.047244094488189));
#16786=CARTESIAN_POINT('',(0.448818897637795,1.75787401574803,-0.000393700787401575));
#16787=CARTESIAN_POINT('',(0.468503937007874,1.73818897637795,-0.000393700787401575));
#16788=CARTESIAN_POINT('Origin',(0.318897637795276,1.75787401574803,-0.000393700787401575));
#16789=CARTESIAN_POINT('',(0.318897637795276,1.75787401574803,0.047244094488189));
#16790=CARTESIAN_POINT('',(0.318897637795276,1.75787401574803,0.047244094488189));
#16791=CARTESIAN_POINT('',(0.318897637795276,1.75787401574803,-0.000393700787401575));
#16792=CARTESIAN_POINT('Origin',(0.318897637795276,1.73818897637795,-0.000393700787401575));
#16793=CARTESIAN_POINT('',(0.299212598425197,1.73818897637795,0.047244094488189));
#16794=CARTESIAN_POINT('Origin',(0.318897637795276,1.73818897637795,0.047244094488189));
#16795=CARTESIAN_POINT('',(0.299212598425197,1.73818897637795,-0.000393700787401575));
#16796=CARTESIAN_POINT('Origin',(0.299212598425197,1.60826771653543,-0.000393700787401575));
#16797=CARTESIAN_POINT('',(0.299212598425197,1.60826771653543,0.047244094488189));
#16798=CARTESIAN_POINT('',(0.299212598425197,1.60826771653543,-0.000393700787401575));
#16799=CARTESIAN_POINT('',(0.299212598425197,1.60826771653543,0.047244094488189));
#16800=CARTESIAN_POINT('Origin',(0.318897637795276,1.60826771653543,-0.000393700787401575));
#16801=CARTESIAN_POINT('',(0.318897637795276,1.58858267716535,0.047244094488189));
#16802=CARTESIAN_POINT('Origin',(0.318897637795276,1.60826771653543,0.047244094488189));
#16803=CARTESIAN_POINT('',(0.318897637795276,1.58858267716535,-0.000393700787401575));
#16804=CARTESIAN_POINT('Origin',(0.318897637795276,1.58858267716535,-0.000393700787401575));
#16805=CARTESIAN_POINT('',(0.448818897637795,1.58858267716535,0.047244094488189));
#16806=CARTESIAN_POINT('',(0.448818897637795,1.58858267716535,-0.000393700787401575));
#16807=CARTESIAN_POINT('',(0.318897637795276,1.58858267716535,0.047244094488189));
#16808=CARTESIAN_POINT('Origin',(0.448818897637795,1.60826771653543,-0.000393700787401575));
#16809=CARTESIAN_POINT('',(0.468503937007874,1.60826771653543,0.047244094488189));
#16810=CARTESIAN_POINT('Origin',(0.448818897637795,1.60826771653543,0.047244094488189));
#16811=CARTESIAN_POINT('',(0.468503937007874,1.60826771653543,-0.000393700787401575));
#16812=CARTESIAN_POINT('Origin',(0.468503937007874,1.60826771653543,-0.000393700787401575));
#16813=CARTESIAN_POINT('',(0.468503937007874,1.60826771653543,0.047244094488189));
#16814=CARTESIAN_POINT('Origin',(0.448818897637795,1.73818897637795,0.047244094488189));
#16815=CARTESIAN_POINT('',(0.448818897637795,1.73818897637795,0.047244094488189));
#16816=CARTESIAN_POINT('',(0.299212598425197,1.73818897637795,0.047244094488189));
#16817=CARTESIAN_POINT('',(0.448818897637795,1.58858267716535,0.047244094488189));
#16818=CARTESIAN_POINT('Origin',(0.318897637795276,1.58858267716535,0.047244094488189));
#16819=CARTESIAN_POINT('',(0.429133858267717,1.73818897637795,0.047244094488189));
#16820=CARTESIAN_POINT('Origin',(0.448818897637795,1.73818897637795,0.047244094488189));
#16821=CARTESIAN_POINT('',(0.338582677165354,1.73818897637795,0.047244094488189));
#16822=CARTESIAN_POINT('',(0.299212598425197,1.73818897637795,0.047244094488189));
#16823=CARTESIAN_POINT('Origin',(0.318897637795276,1.73818897637795,0.047244094488189));
#16824=CARTESIAN_POINT('Origin',(0.318897637795276,1.73818897637795,0.047244094488189));
#16825=CARTESIAN_POINT('',(0.318897637795276,1.73818897637795,0.047244094488189));
#16826=CARTESIAN_POINT('',(0.318897637795276,1.58858267716535,0.047244094488189));
#16827=CARTESIAN_POINT('',(0.299212598425197,1.73818897637795,0.047244094488189));
#16828=CARTESIAN_POINT('Origin',(0.299212598425197,1.60826771653543,0.047244094488189));
#16829=CARTESIAN_POINT('',(0.318897637795276,1.71850393700787,0.047244094488189));
#16830=CARTESIAN_POINT('Origin',(0.318897637795276,1.73818897637795,0.047244094488189));
#16831=CARTESIAN_POINT('',(0.318897637795276,1.62795275590551,0.047244094488189));
#16832=CARTESIAN_POINT('',(0.318897637795276,1.58858267716535,0.047244094488189));
#16833=CARTESIAN_POINT('Origin',(0.318897637795276,1.60826771653543,0.047244094488189));
#16834=CARTESIAN_POINT('Origin',(0.318897637795276,1.60826771653543,0.047244094488189));
#16835=CARTESIAN_POINT('',(0.318897637795276,1.60826771653543,0.047244094488189));
#16836=CARTESIAN_POINT('',(0.299212598425197,1.60826771653543,0.047244094488189));
#16837=CARTESIAN_POINT('',(0.318897637795276,1.58858267716535,0.047244094488189));
#16838=CARTESIAN_POINT('Origin',(0.318897637795276,1.58858267716535,0.047244094488189));
#16839=CARTESIAN_POINT('',(0.338582677165354,1.60826771653543,0.047244094488189));
#16840=CARTESIAN_POINT('Origin',(0.318897637795276,1.60826771653543,0.047244094488189));
#16841=CARTESIAN_POINT('',(0.429133858267717,1.60826771653543,0.047244094488189));
#16842=CARTESIAN_POINT('',(0.299212598425197,1.60826771653543,0.047244094488189));
#16843=CARTESIAN_POINT('Origin',(0.448818897637795,1.60826771653543,0.047244094488189));
#16844=CARTESIAN_POINT('Origin',(0.448818897637795,1.60826771653543,0.047244094488189));
#16845=CARTESIAN_POINT('',(0.448818897637795,1.60826771653543,0.047244094488189));
#16846=CARTESIAN_POINT('',(0.448818897637795,1.58858267716535,0.047244094488189));
#16847=CARTESIAN_POINT('',(0.299212598425197,1.60826771653543,0.047244094488189));
#16848=CARTESIAN_POINT('Origin',(0.299212598425197,1.60826771653543,0.047244094488189));
#16849=CARTESIAN_POINT('',(0.448818897637795,1.62795275590551,0.047244094488189));
#16850=CARTESIAN_POINT('Origin',(0.448818897637795,1.60826771653543,0.047244094488189));
#16851=CARTESIAN_POINT('',(0.448818897637795,1.71850393700787,0.047244094488189));
#16852=CARTESIAN_POINT('',(0.448818897637795,1.58858267716535,0.047244094488189));
#16853=CARTESIAN_POINT('Origin',(0.448818897637795,1.73818897637795,0.047244094488189));
#16854=CARTESIAN_POINT('Origin',(0.299212598425197,1.60826771653543,0.047244094488189));
#16855=CARTESIAN_POINT('',(0.448818897637795,1.58858267716535,0.047244094488189));
#16856=CARTESIAN_POINT('Origin',(0.318897637795276,1.58858267716535,0.047244094488189));
#16857=CARTESIAN_POINT('',(0.299212598425197,1.73818897637795,0.047244094488189));
#16858=CARTESIAN_POINT('Origin',(0.318897637795276,1.58858267716535,0.047244094488189));
#16859=CARTESIAN_POINT('Origin',(0.318897637795276,1.73818897637795,0.047244094488189));
#16860=CARTESIAN_POINT('Origin',(0.448818897637795,1.73818897637795,0.047244094488189));
#16861=CARTESIAN_POINT('Origin',(0.448818897637795,1.60826771653543,0.047244094488189));
#16862=CARTESIAN_POINT('Origin',(0.318897637795276,1.60826771653543,0.047244094488189));
#16863=CARTESIAN_POINT('Origin',(0.318897637795276,1.58858267716535,0.047244094488189));
#16864=CARTESIAN_POINT('',(0.299212598425197,1.73818897637795,0.047244094488189));
#16865=CARTESIAN_POINT('Origin',(0.299212598425197,1.60826771653543,0.047244094488189));
#16866=CARTESIAN_POINT('',(0.318897637795276,1.58858267716535,0.047244094488189));
#16867=CARTESIAN_POINT('Origin',(0.299212598425197,1.60826771653543,0.047244094488189));
#16868=CARTESIAN_POINT('',(0.318897637795276,1.58858267716535,0.047244094488189));
#16869=CARTESIAN_POINT('Origin',(0.318897637795276,1.58858267716535,0.047244094488189));
#16870=CARTESIAN_POINT('',(0.299212598425197,1.60826771653543,0.047244094488189));
#16871=CARTESIAN_POINT('Origin',(0.318897637795276,1.58858267716535,0.047244094488189));
#16872=CARTESIAN_POINT('',(0.299212598425197,1.60826771653543,0.047244094488189));
#16873=CARTESIAN_POINT('Origin',(0.299212598425197,1.60826771653543,0.047244094488189));
#16874=CARTESIAN_POINT('',(0.448818897637795,1.58858267716535,0.047244094488189));
#16875=CARTESIAN_POINT('Origin',(0.318897637795276,1.58858267716535,0.047244094488189));
#16876=CARTESIAN_POINT('Origin',(0.318897637795276,1.58858267716535,0.047244094488189));
#16877=CARTESIAN_POINT('Origin',(0.318897637795276,1.58858267716535,0.047244094488189));
#16878=CARTESIAN_POINT('Origin',(0.318897637795276,1.58858267716535,0.047244094488189));
#16879=CARTESIAN_POINT('',(0.,0.,0.));
#16880=CARTESIAN_POINT('Origin',(0.143700862992126,1.62007873149606,-0.0177165354330709));
#16881=CARTESIAN_POINT('',(0.143700862992126,1.62007873149606,-0.0177165354330709));
#16882=CARTESIAN_POINT('',(0.143700862992126,1.62007873149606,0.));
#16883=CARTESIAN_POINT('',(0.143700862992126,1.62007873149606,-0.0177165354330709));
#16884=CARTESIAN_POINT('',(0.143700862992126,1.58858266850394,0.));
#16885=CARTESIAN_POINT('',(0.143700862992126,1.62007873149606,0.));
#16886=CARTESIAN_POINT('',(0.143700862992126,1.58858266850394,-0.0177165354330709));
#16887=CARTESIAN_POINT('',(0.143700862992126,1.58858266850394,-0.0177165354330709));
#16888=CARTESIAN_POINT('',(0.143700862992126,1.62007873149606,-0.0177165354330709));
#16889=CARTESIAN_POINT('Origin',(0.080708737007874,1.62007873149606,-0.0177165354330709));
#16890=CARTESIAN_POINT('',(0.080708737007874,1.62007873149606,-0.0177165354330709));
#16891=CARTESIAN_POINT('',(0.080708737007874,1.62007873149606,0.));
#16892=CARTESIAN_POINT('',(0.080708737007874,1.62007873149606,-0.0177165354330709));
#16893=CARTESIAN_POINT('',(0.080708737007874,1.58858266850394,-0.0177165354330709));
#16894=CARTESIAN_POINT('',(0.080708737007874,1.62007873149606,-0.0177165354330709));
#16895=CARTESIAN_POINT('',(0.080708737007874,1.58858266850394,0.));
#16896=CARTESIAN_POINT('',(0.080708737007874,1.58858266850394,-0.0177165354330709));
#16897=CARTESIAN_POINT('',(0.080708737007874,1.62007873149606,0.));
#16898=CARTESIAN_POINT('Origin',(0.143700862992126,1.62007873149606,-0.0177165354330709));
#16899=CARTESIAN_POINT('',(0.143700862992126,1.62007873149606,-0.0177165354330709));
#16900=CARTESIAN_POINT('',(0.143700862992126,1.62007873149606,0.));
#16901=CARTESIAN_POINT('Origin',(0.143700862992126,1.58858266850394,-0.0177165354330709));
#16902=CARTESIAN_POINT('',(0.143700862992126,1.58858266850394,-0.0177165354330709));
#16903=CARTESIAN_POINT('',(0.143700862992126,1.58858266850394,0.));
#16904=CARTESIAN_POINT('Origin',(0.143700862992126,1.62007873149606,-0.0177165354330709));
#16905=CARTESIAN_POINT('Origin',(0.143700862992126,1.62007873149606,0.));
#16906=CARTESIAN_POINT('',(0.,0.,0.));
#16907=CARTESIAN_POINT('Origin',(0.280314862992126,1.23622053149606,-0.0177165354330709));
#16908=CARTESIAN_POINT('',(0.280314862992126,1.23622053149606,-0.0177165354330709));
#16909=CARTESIAN_POINT('',(0.280314862992126,1.23622053149606,0.));
#16910=CARTESIAN_POINT('',(0.280314862992126,1.23622053149606,-0.0177165354330709));
#16911=CARTESIAN_POINT('',(0.280314862992126,1.20472446850394,0.));
#16912=CARTESIAN_POINT('',(0.280314862992126,1.23622053149606,0.));
#16913=CARTESIAN_POINT('',(0.280314862992126,1.20472446850394,-0.0177165354330709));
#16914=CARTESIAN_POINT('',(0.280314862992126,1.20472446850394,-0.0177165354330709));
#16915=CARTESIAN_POINT('',(0.280314862992126,1.23622053149606,-0.0177165354330709));
#16916=CARTESIAN_POINT('Origin',(0.217322737007874,1.23622053149606,-0.0177165354330709));
#16917=CARTESIAN_POINT('',(0.217322737007874,1.23622053149606,-0.0177165354330709));
#16918=CARTESIAN_POINT('',(0.217322737007874,1.23622053149606,0.));
#16919=CARTESIAN_POINT('',(0.217322737007874,1.23622053149606,-0.0177165354330709));
#16920=CARTESIAN_POINT('',(0.217322737007874,1.20472446850394,-0.0177165354330709));
#16921=CARTESIAN_POINT('',(0.217322737007874,1.23622053149606,-0.0177165354330709));
#16922=CARTESIAN_POINT('',(0.217322737007874,1.20472446850394,0.));
#16923=CARTESIAN_POINT('',(0.217322737007874,1.20472446850394,-0.0177165354330709));
#16924=CARTESIAN_POINT('',(0.217322737007874,1.23622053149606,0.));
#16925=CARTESIAN_POINT('Origin',(0.280314862992126,1.23622053149606,-0.0177165354330709));
#16926=CARTESIAN_POINT('',(0.280314862992126,1.23622053149606,-0.0177165354330709));
#16927=CARTESIAN_POINT('',(0.280314862992126,1.23622053149606,0.));
#16928=CARTESIAN_POINT('Origin',(0.280314862992126,1.20472446850394,-0.0177165354330709));
#16929=CARTESIAN_POINT('',(0.280314862992126,1.20472446850394,-0.0177165354330709));
#16930=CARTESIAN_POINT('',(0.280314862992126,1.20472446850394,0.));
#16931=CARTESIAN_POINT('Origin',(0.280314862992126,1.23622053149606,-0.0177165354330709));
#16932=CARTESIAN_POINT('Origin',(0.280314862992126,1.23622053149606,0.));
#16933=CARTESIAN_POINT('',(0.,0.,0.));
#16934=CARTESIAN_POINT('Origin',(0.332677262992126,1.92125993149606,-0.0177165354330709));
#16935=CARTESIAN_POINT('',(0.332677262992126,1.92125993149606,-0.0177165354330709));
#16936=CARTESIAN_POINT('',(0.332677262992126,1.92125993149606,0.));
#16937=CARTESIAN_POINT('',(0.332677262992126,1.92125993149606,-0.0177165354330709));
#16938=CARTESIAN_POINT('',(0.332677262992126,1.88976386850394,0.));
#16939=CARTESIAN_POINT('',(0.332677262992126,1.92125993149606,0.));
#16940=CARTESIAN_POINT('',(0.332677262992126,1.88976386850394,-0.0177165354330709));
#16941=CARTESIAN_POINT('',(0.332677262992126,1.88976386850394,-0.0177165354330709));
#16942=CARTESIAN_POINT('',(0.332677262992126,1.92125993149606,-0.0177165354330709));
#16943=CARTESIAN_POINT('Origin',(0.269685137007874,1.92125993149606,-0.0177165354330709));
#16944=CARTESIAN_POINT('',(0.269685137007874,1.92125993149606,-0.0177165354330709));
#16945=CARTESIAN_POINT('',(0.269685137007874,1.92125993149606,0.));
#16946=CARTESIAN_POINT('',(0.269685137007874,1.92125993149606,-0.0177165354330709));
#16947=CARTESIAN_POINT('',(0.269685137007874,1.88976386850394,-0.0177165354330709));
#16948=CARTESIAN_POINT('',(0.269685137007874,1.92125993149606,-0.0177165354330709));
#16949=CARTESIAN_POINT('',(0.269685137007874,1.88976386850394,0.));
#16950=CARTESIAN_POINT('',(0.269685137007874,1.88976386850394,-0.0177165354330709));
#16951=CARTESIAN_POINT('',(0.269685137007874,1.92125993149606,0.));
#16952=CARTESIAN_POINT('Origin',(0.332677262992126,1.92125993149606,-0.0177165354330709));
#16953=CARTESIAN_POINT('',(0.332677262992126,1.92125993149606,-0.0177165354330709));
#16954=CARTESIAN_POINT('',(0.332677262992126,1.92125993149606,0.));
#16955=CARTESIAN_POINT('Origin',(0.332677262992126,1.88976386850394,-0.0177165354330709));
#16956=CARTESIAN_POINT('',(0.332677262992126,1.88976386850394,-0.0177165354330709));
#16957=CARTESIAN_POINT('',(0.332677262992126,1.88976386850394,0.));
#16958=CARTESIAN_POINT('Origin',(0.332677262992126,1.92125993149606,-0.0177165354330709));
#16959=CARTESIAN_POINT('Origin',(0.332677262992126,1.92125993149606,0.));
#16960=CARTESIAN_POINT('',(0.,0.,0.));
#16961=CARTESIAN_POINT('Origin',(0.435039437007874,1.88976376850394,-0.0177165354330709));
#16962=CARTESIAN_POINT('',(0.435039437007874,1.88976376850394,-0.0177165354330709));
#16963=CARTESIAN_POINT('',(0.435039437007874,1.88976376850394,0.));
#16964=CARTESIAN_POINT('',(0.435039437007874,1.88976376850394,-0.0177165354330709));
#16965=CARTESIAN_POINT('',(0.435039437007874,1.92125983149606,0.));
#16966=CARTESIAN_POINT('',(0.435039437007874,1.88976376850394,0.));
#16967=CARTESIAN_POINT('',(0.435039437007874,1.92125983149606,-0.0177165354330709));
#16968=CARTESIAN_POINT('',(0.435039437007874,1.92125983149606,-0.0177165354330709));
#16969=CARTESIAN_POINT('',(0.435039437007874,1.88976376850394,-0.0177165354330709));
#16970=CARTESIAN_POINT('Origin',(0.498031562992126,1.88976376850394,-0.0177165354330709));
#16971=CARTESIAN_POINT('',(0.498031562992126,1.88976376850394,-0.0177165354330709));
#16972=CARTESIAN_POINT('',(0.498031562992126,1.88976376850394,0.));
#16973=CARTESIAN_POINT('',(0.498031562992126,1.88976376850394,-0.0177165354330709));
#16974=CARTESIAN_POINT('',(0.498031562992126,1.92125983149606,-0.0177165354330709));
#16975=CARTESIAN_POINT('',(0.498031562992126,1.88976376850394,-0.0177165354330709));
#16976=CARTESIAN_POINT('',(0.498031562992126,1.92125983149606,0.));
#16977=CARTESIAN_POINT('',(0.498031562992126,1.92125983149606,-0.0177165354330709));
#16978=CARTESIAN_POINT('',(0.498031562992126,1.88976376850394,0.));
#16979=CARTESIAN_POINT('Origin',(0.435039437007874,1.88976376850394,-0.0177165354330709));
#16980=CARTESIAN_POINT('',(0.435039437007874,1.88976376850394,-0.0177165354330709));
#16981=CARTESIAN_POINT('',(0.435039437007874,1.88976376850394,0.));
#16982=CARTESIAN_POINT('Origin',(0.435039437007874,1.92125983149606,-0.0177165354330709));
#16983=CARTESIAN_POINT('',(0.435039437007874,1.92125983149606,-0.0177165354330709));
#16984=CARTESIAN_POINT('',(0.435039437007874,1.92125983149606,0.));
#16985=CARTESIAN_POINT('Origin',(0.435039437007874,1.88976376850394,-0.0177165354330709));
#16986=CARTESIAN_POINT('Origin',(0.435039437007874,1.88976376850394,0.));
#16987=CARTESIAN_POINT('',(0.,0.,0.));
#16988=CARTESIAN_POINT('Origin',(0.624015737007874,1.61614176850394,-0.0177165354330709));
#16989=CARTESIAN_POINT('',(0.624015737007874,1.61614176850394,-0.0177165354330709));
#16990=CARTESIAN_POINT('',(0.624015737007874,1.61614176850394,0.));
#16991=CARTESIAN_POINT('',(0.624015737007874,1.61614176850394,-0.0177165354330709));
#16992=CARTESIAN_POINT('',(0.624015737007874,1.64763783149606,0.));
#16993=CARTESIAN_POINT('',(0.624015737007874,1.61614176850394,0.));
#16994=CARTESIAN_POINT('',(0.624015737007874,1.64763783149606,-0.0177165354330709));
#16995=CARTESIAN_POINT('',(0.624015737007874,1.64763783149606,-0.0177165354330709));
#16996=CARTESIAN_POINT('',(0.624015737007874,1.61614176850394,-0.0177165354330709));
#16997=CARTESIAN_POINT('Origin',(0.687007862992126,1.61614176850394,-0.0177165354330709));
#16998=CARTESIAN_POINT('',(0.687007862992126,1.61614176850394,-0.0177165354330709));
#16999=CARTESIAN_POINT('',(0.687007862992126,1.61614176850394,0.));
#17000=CARTESIAN_POINT('',(0.687007862992126,1.61614176850394,-0.0177165354330709));
#17001=CARTESIAN_POINT('',(0.687007862992126,1.64763783149606,-0.0177165354330709));
#17002=CARTESIAN_POINT('',(0.687007862992126,1.61614176850394,-0.0177165354330709));
#17003=CARTESIAN_POINT('',(0.687007862992126,1.64763783149606,0.));
#17004=CARTESIAN_POINT('',(0.687007862992126,1.64763783149606,-0.0177165354330709));
#17005=CARTESIAN_POINT('',(0.687007862992126,1.61614176850394,0.));
#17006=CARTESIAN_POINT('Origin',(0.624015737007874,1.61614176850394,-0.0177165354330709));
#17007=CARTESIAN_POINT('',(0.624015737007874,1.61614176850394,-0.0177165354330709));
#17008=CARTESIAN_POINT('',(0.624015737007874,1.61614176850394,0.));
#17009=CARTESIAN_POINT('Origin',(0.624015737007874,1.64763783149606,-0.0177165354330709));
#17010=CARTESIAN_POINT('',(0.624015737007874,1.64763783149606,-0.0177165354330709));
#17011=CARTESIAN_POINT('',(0.624015737007874,1.64763783149606,0.));
#17012=CARTESIAN_POINT('Origin',(0.624015737007874,1.61614176850394,-0.0177165354330709));
#17013=CARTESIAN_POINT('Origin',(0.624015737007874,1.61614176850394,0.));
#17014=CARTESIAN_POINT('',(0.,0.,0.));
#17015=CARTESIAN_POINT('Origin',(0.477755837007874,1.20472446850394,-0.0177165354330709));
#17016=CARTESIAN_POINT('',(0.477755837007874,1.20472446850394,-0.0177165354330709));
#17017=CARTESIAN_POINT('',(0.477755837007874,1.20472446850394,0.));
#17018=CARTESIAN_POINT('',(0.477755837007874,1.20472446850394,-0.0177165354330709));
#17019=CARTESIAN_POINT('',(0.477755837007874,1.23622053149606,0.));
#17020=CARTESIAN_POINT('',(0.477755837007874,1.20472446850394,0.));
#17021=CARTESIAN_POINT('',(0.477755837007874,1.23622053149606,-0.0177165354330709));
#17022=CARTESIAN_POINT('',(0.477755837007874,1.23622053149606,-0.0177165354330709));
#17023=CARTESIAN_POINT('',(0.477755837007874,1.20472446850394,-0.0177165354330709));
#17024=CARTESIAN_POINT('Origin',(0.540747962992126,1.20472446850394,-0.0177165354330709));
#17025=CARTESIAN_POINT('',(0.540747962992126,1.20472446850394,-0.0177165354330709));
#17026=CARTESIAN_POINT('',(0.540747962992126,1.20472446850394,0.));
#17027=CARTESIAN_POINT('',(0.540747962992126,1.20472446850394,-0.0177165354330709));
#17028=CARTESIAN_POINT('',(0.540747962992126,1.23622053149606,-0.0177165354330709));
#17029=CARTESIAN_POINT('',(0.540747962992126,1.20472446850394,-0.0177165354330709));
#17030=CARTESIAN_POINT('',(0.540747962992126,1.23622053149606,0.));
#17031=CARTESIAN_POINT('',(0.540747962992126,1.23622053149606,-0.0177165354330709));
#17032=CARTESIAN_POINT('',(0.540747962992126,1.20472446850394,0.));
#17033=CARTESIAN_POINT('Origin',(0.477755837007874,1.20472446850394,-0.0177165354330709));
#17034=CARTESIAN_POINT('',(0.477755837007874,1.20472446850394,-0.0177165354330709));
#17035=CARTESIAN_POINT('',(0.477755837007874,1.20472446850394,0.));
#17036=CARTESIAN_POINT('Origin',(0.477755837007874,1.23622053149606,-0.0177165354330709));
#17037=CARTESIAN_POINT('',(0.477755837007874,1.23622053149606,-0.0177165354330709));
#17038=CARTESIAN_POINT('',(0.477755837007874,1.23622053149606,0.));
#17039=CARTESIAN_POINT('Origin',(0.477755837007874,1.20472446850394,-0.0177165354330709));
#17040=CARTESIAN_POINT('Origin',(0.477755837007874,1.20472446850394,0.));
#17041=CARTESIAN_POINT('',(0.,0.,0.));
#17042=CARTESIAN_POINT('Origin',(0.155511819685039,1.52362216062992,-0.021771657480315));
#17043=CARTESIAN_POINT('',(0.155511819685039,1.52362216062992,-0.021771657480315));
#17044=CARTESIAN_POINT('',(0.155511819685039,1.52362216062992,0.));
#17045=CARTESIAN_POINT('',(0.155511819685039,1.52362216062992,-0.021771657480315));
#17046=CARTESIAN_POINT('',(0.135826780314961,1.52362216062992,0.));
#17047=CARTESIAN_POINT('',(0.155511819685039,1.52362216062992,0.));
#17048=CARTESIAN_POINT('',(0.135826780314961,1.52362216062992,-0.021771657480315));
#17049=CARTESIAN_POINT('',(0.135826780314961,1.52362216062992,-0.021771657480315));
#17050=CARTESIAN_POINT('',(0.155511819685039,1.52362216062992,-0.021771657480315));
#17051=CARTESIAN_POINT('Origin',(0.155511819685039,1.56299223937008,-0.021771657480315));
#17052=CARTESIAN_POINT('',(0.155511819685039,1.56299223937008,-0.021771657480315));
#17053=CARTESIAN_POINT('',(0.155511819685039,1.56299223937008,0.));
#17054=CARTESIAN_POINT('',(0.155511819685039,1.56299223937008,-0.021771657480315));
#17055=CARTESIAN_POINT('',(0.135826780314961,1.56299223937008,-0.021771657480315));
#17056=CARTESIAN_POINT('',(0.155511819685039,1.56299223937008,-0.021771657480315));
#17057=CARTESIAN_POINT('',(0.135826780314961,1.56299223937008,0.));
#17058=CARTESIAN_POINT('',(0.135826780314961,1.56299223937008,-0.021771657480315));
#17059=CARTESIAN_POINT('',(0.155511819685039,1.56299223937008,0.));
#17060=CARTESIAN_POINT('Origin',(0.155511819685039,1.52362216062992,-0.021771657480315));
#17061=CARTESIAN_POINT('',(0.155511819685039,1.52362216062992,-0.021771657480315));
#17062=CARTESIAN_POINT('',(0.155511819685039,1.52362216062992,0.));
#17063=CARTESIAN_POINT('Origin',(0.135826780314961,1.52362216062992,-0.021771657480315));
#17064=CARTESIAN_POINT('',(0.135826780314961,1.52362216062992,-0.021771657480315));
#17065=CARTESIAN_POINT('',(0.135826780314961,1.52362216062992,0.));
#17066=CARTESIAN_POINT('Origin',(0.155511819685039,1.52362216062992,-0.021771657480315));
#17067=CARTESIAN_POINT('Origin',(0.155511819685039,1.52362216062992,0.));
#17068=CARTESIAN_POINT('',(0.,0.,0.));
#17069=CARTESIAN_POINT('Origin',(0.1220472,1.3519685,0.0861573));
#17070=CARTESIAN_POINT('',(0.0137794834645669,1.3519685,0.275133677952756));
#17071=CARTESIAN_POINT('Origin',(0.1220472,1.3519685,0.275133677952756));
#17072=CARTESIAN_POINT('',(0.0137794834645669,1.3519685,0.0861573));
#17073=CARTESIAN_POINT('',(0.0137794834645669,1.3519685,0.0861573));
#17074=CARTESIAN_POINT('Origin',(0.1220472,1.3519685,0.0861573));
#17075=CARTESIAN_POINT('Origin',(0.1220472,1.3519685,0.275133677952756));
#17076=CARTESIAN_POINT('',(0.0499999559055118,1.3519685,0.275133677952756));
#17077=CARTESIAN_POINT('Origin',(0.1220472,1.3519685,0.275133677952756));
#17078=CARTESIAN_POINT('Origin',(0.1220472,1.3519685,0.0861573));
#17079=CARTESIAN_POINT('Origin',(0.1220472,1.3519685,0.165291158267717));
#17080=CARTESIAN_POINT('',(0.0499999559055118,1.3519685,0.165291158267717));
#17081=CARTESIAN_POINT('Origin',(0.1220472,1.3519685,0.165291158267717));
#17082=CARTESIAN_POINT('',(0.0499999559055118,1.3519685,0.165291158267717));
#17083=CARTESIAN_POINT('Origin',(0.1220472,1.3519685,0.165291158267717));
#17084=CARTESIAN_POINT('Origin',(0.1220472,1.3519685,-0.0638427));
#17085=CARTESIAN_POINT('',(0.110236176377953,1.3519685,0.0861573));
#17086=CARTESIAN_POINT('Origin',(0.1220472,1.3519685,0.0861573));
#17087=CARTESIAN_POINT('',(0.110236176377953,1.3519685,-0.0638427));
#17088=CARTESIAN_POINT('',(0.110236176377953,1.3519685,-0.0638427));
#17089=CARTESIAN_POINT('Origin',(0.1220472,1.3519685,-0.0638427));
#17090=CARTESIAN_POINT('Origin',(0.1220472,1.3519685,0.0861573));
#17091=CARTESIAN_POINT('Origin',(0.1220472,1.3519685,-0.0638427));
#17092=CARTESIAN_POINT('Origin',(0.0720472,1.4019685,-0.0638427));
#17093=CARTESIAN_POINT('',(0.0602361763779527,1.4019685,0.0861573));
#17094=CARTESIAN_POINT('Origin',(0.0720472,1.4019685,0.0861573));
#17095=CARTESIAN_POINT('',(0.0602361763779527,1.4019685,-0.0638427));
#17096=CARTESIAN_POINT('',(0.0602361763779527,1.4019685,-0.0638427));
#17097=CARTESIAN_POINT('Origin',(0.0720472,1.4019685,-0.0638427));
#17098=CARTESIAN_POINT('Origin',(0.0720472,1.4019685,0.0861573));
#17099=CARTESIAN_POINT('Origin',(0.0720472,1.4019685,-0.0638427));
#17100=CARTESIAN_POINT('Origin',(0.0720472,1.4019685,0.0625353));
#17101=CARTESIAN_POINT('',(0.0503936566929134,1.4019685,0.078283331496063));
#17102=CARTESIAN_POINT('Origin',(0.0720472,1.4019685,0.078283331496063));
#17103=CARTESIAN_POINT('',(0.0503936566929134,1.4019685,0.0625353));
#17104=CARTESIAN_POINT('',(0.0503936566929134,1.4019685,0.0625353));
#17105=CARTESIAN_POINT('Origin',(0.0720472,1.4019685,0.0625353));
#17106=CARTESIAN_POINT('Origin',(0.0720472,1.4019685,0.078283331496063));
#17107=CARTESIAN_POINT('Origin',(0.0720472,1.4019685,0.0625353));
#17108=CARTESIAN_POINT('Origin',(0.0720472,1.3019685,-0.0638427));
#17109=CARTESIAN_POINT('',(0.0602361763779527,1.3019685,0.0861573));
#17110=CARTESIAN_POINT('Origin',(0.0720472,1.3019685,0.0861573));
#17111=CARTESIAN_POINT('',(0.0602361763779527,1.3019685,-0.0638427));
#17112=CARTESIAN_POINT('',(0.0602361763779527,1.3019685,-0.0638427));
#17113=CARTESIAN_POINT('Origin',(0.0720472,1.3019685,-0.0638427));
#17114=CARTESIAN_POINT('Origin',(0.0720472,1.3019685,0.0861573));
#17115=CARTESIAN_POINT('Origin',(0.0720472,1.3019685,-0.0638427));
#17116=CARTESIAN_POINT('Origin',(0.0720472,1.3019685,0.0625353));
#17117=CARTESIAN_POINT('',(0.0503936566929134,1.3019685,0.078283331496063));
#17118=CARTESIAN_POINT('Origin',(0.0720472,1.3019685,0.078283331496063));
#17119=CARTESIAN_POINT('',(0.0503936566929134,1.3019685,0.0625353));
#17120=CARTESIAN_POINT('',(0.0503936566929134,1.3019685,0.0625353));
#17121=CARTESIAN_POINT('Origin',(0.0720472,1.3019685,0.0625353));
#17122=CARTESIAN_POINT('Origin',(0.0720472,1.3019685,0.078283331496063));
#17123=CARTESIAN_POINT('Origin',(0.0720472,1.3019685,0.0625353));
#17124=CARTESIAN_POINT('Origin',(0.1720472,1.4019685,-0.0638427));
#17125=CARTESIAN_POINT('',(0.160236176377953,1.4019685,0.0861573));
#17126=CARTESIAN_POINT('Origin',(0.1720472,1.4019685,0.0861573));
#17127=CARTESIAN_POINT('',(0.160236176377953,1.4019685,-0.0638427));
#17128=CARTESIAN_POINT('',(0.160236176377953,1.4019685,-0.0638427));
#17129=CARTESIAN_POINT('Origin',(0.1720472,1.4019685,-0.0638427));
#17130=CARTESIAN_POINT('Origin',(0.1720472,1.4019685,0.0861573));
#17131=CARTESIAN_POINT('Origin',(0.1720472,1.4019685,-0.0638427));
#17132=CARTESIAN_POINT('Origin',(0.1720472,1.4019685,0.0625353));
#17133=CARTESIAN_POINT('',(0.150393656692913,1.4019685,0.078283331496063));
#17134=CARTESIAN_POINT('Origin',(0.1720472,1.4019685,0.078283331496063));
#17135=CARTESIAN_POINT('',(0.150393656692913,1.4019685,0.0625353));
#17136=CARTESIAN_POINT('',(0.150393656692913,1.4019685,0.0625353));
#17137=CARTESIAN_POINT('Origin',(0.1720472,1.4019685,0.0625353));
#17138=CARTESIAN_POINT('Origin',(0.1720472,1.4019685,0.078283331496063));
#17139=CARTESIAN_POINT('Origin',(0.1720472,1.4019685,0.0625353));
#17140=CARTESIAN_POINT('Origin',(0.1720472,1.3019685,-0.0638427));
#17141=CARTESIAN_POINT('',(0.160236176377953,1.3019685,0.0861573));
#17142=CARTESIAN_POINT('Origin',(0.1720472,1.3019685,0.0861573));
#17143=CARTESIAN_POINT('',(0.160236176377953,1.3019685,-0.0638427));
#17144=CARTESIAN_POINT('',(0.160236176377953,1.3019685,-0.0638427));
#17145=CARTESIAN_POINT('Origin',(0.1720472,1.3019685,-0.0638427));
#17146=CARTESIAN_POINT('Origin',(0.1720472,1.3019685,0.0861573));
#17147=CARTESIAN_POINT('Origin',(0.1720472,1.3019685,-0.0638427));
#17148=CARTESIAN_POINT('Origin',(0.1720472,1.3019685,0.0625353));
#17149=CARTESIAN_POINT('',(0.150393656692913,1.3019685,0.078283331496063));
#17150=CARTESIAN_POINT('Origin',(0.1720472,1.3019685,0.078283331496063));
#17151=CARTESIAN_POINT('',(0.150393656692913,1.3019685,0.0625353));
#17152=CARTESIAN_POINT('',(0.150393656692913,1.3019685,0.0625353));
#17153=CARTESIAN_POINT('Origin',(0.1720472,1.3019685,0.0625353));
#17154=CARTESIAN_POINT('Origin',(0.1720472,1.3019685,0.078283331496063));
#17155=CARTESIAN_POINT('Origin',(0.1720472,1.3019685,0.0625353));
#17156=CARTESIAN_POINT('',(0.,0.,0.));
#17157=CARTESIAN_POINT('Origin',(0.292125919685039,1.13976386062992,-0.021771657480315));
#17158=CARTESIAN_POINT('',(0.292125919685039,1.13976386062992,-0.021771657480315));
#17159=CARTESIAN_POINT('',(0.292125919685039,1.13976386062992,0.));
#17160=CARTESIAN_POINT('',(0.292125919685039,1.13976386062992,-0.021771657480315));
#17161=CARTESIAN_POINT('',(0.272440880314961,1.13976386062992,0.));
#17162=CARTESIAN_POINT('',(0.292125919685039,1.13976386062992,0.));
#17163=CARTESIAN_POINT('',(0.272440880314961,1.13976386062992,-0.021771657480315));
#17164=CARTESIAN_POINT('',(0.272440880314961,1.13976386062992,-0.021771657480315));
#17165=CARTESIAN_POINT('',(0.292125919685039,1.13976386062992,-0.021771657480315));
#17166=CARTESIAN_POINT('Origin',(0.292125919685039,1.17913393937008,-0.021771657480315));
#17167=CARTESIAN_POINT('',(0.292125919685039,1.17913393937008,-0.021771657480315));
#17168=CARTESIAN_POINT('',(0.292125919685039,1.17913393937008,0.));
#17169=CARTESIAN_POINT('',(0.292125919685039,1.17913393937008,-0.021771657480315));
#17170=CARTESIAN_POINT('',(0.272440880314961,1.17913393937008,-0.021771657480315));
#17171=CARTESIAN_POINT('',(0.292125919685039,1.17913393937008,-0.021771657480315));
#17172=CARTESIAN_POINT('',(0.272440880314961,1.17913393937008,0.));
#17173=CARTESIAN_POINT('',(0.272440880314961,1.17913393937008,-0.021771657480315));
#17174=CARTESIAN_POINT('',(0.292125919685039,1.17913393937008,0.));
#17175=CARTESIAN_POINT('Origin',(0.292125919685039,1.13976386062992,-0.021771657480315));
#17176=CARTESIAN_POINT('',(0.292125919685039,1.13976386062992,-0.021771657480315));
#17177=CARTESIAN_POINT('',(0.292125919685039,1.13976386062992,0.));
#17178=CARTESIAN_POINT('Origin',(0.272440880314961,1.13976386062992,-0.021771657480315));
#17179=CARTESIAN_POINT('',(0.272440880314961,1.13976386062992,-0.021771657480315));
#17180=CARTESIAN_POINT('',(0.272440880314961,1.13976386062992,0.));
#17181=CARTESIAN_POINT('Origin',(0.292125919685039,1.13976386062992,-0.021771657480315));
#17182=CARTESIAN_POINT('Origin',(0.292125919685039,1.13976386062992,0.));
#17183=CARTESIAN_POINT('',(0.,0.,0.));
#17184=CARTESIAN_POINT('Origin',(0.1220472,1.0685039,0.0861573));
#17185=CARTESIAN_POINT('',(0.0137794834645669,1.0685039,0.275133677952756));
#17186=CARTESIAN_POINT('Origin',(0.1220472,1.0685039,0.275133677952756));
#17187=CARTESIAN_POINT('',(0.0137794834645669,1.0685039,0.0861573));
#17188=CARTESIAN_POINT('',(0.0137794834645669,1.0685039,0.0861573));
#17189=CARTESIAN_POINT('Origin',(0.1220472,1.0685039,0.0861573));
#17190=CARTESIAN_POINT('Origin',(0.1220472,1.0685039,0.275133677952756));
#17191=CARTESIAN_POINT('',(0.0499999559055118,1.0685039,0.275133677952756));
#17192=CARTESIAN_POINT('Origin',(0.1220472,1.0685039,0.275133677952756));
#17193=CARTESIAN_POINT('Origin',(0.1220472,1.0685039,0.0861573));
#17194=CARTESIAN_POINT('Origin',(0.1220472,1.0685039,0.165291158267717));
#17195=CARTESIAN_POINT('',(0.0499999559055118,1.0685039,0.165291158267717));
#17196=CARTESIAN_POINT('Origin',(0.1220472,1.0685039,0.165291158267717));
#17197=CARTESIAN_POINT('',(0.0499999559055118,1.0685039,0.165291158267717));
#17198=CARTESIAN_POINT('Origin',(0.1220472,1.0685039,0.165291158267717));
#17199=CARTESIAN_POINT('Origin',(0.1220472,1.0685039,-0.0638427));
#17200=CARTESIAN_POINT('',(0.110236176377953,1.0685039,0.0861573));
#17201=CARTESIAN_POINT('Origin',(0.1220472,1.0685039,0.0861573));
#17202=CARTESIAN_POINT('',(0.110236176377953,1.0685039,-0.0638427));
#17203=CARTESIAN_POINT('',(0.110236176377953,1.0685039,-0.0638427));
#17204=CARTESIAN_POINT('Origin',(0.1220472,1.0685039,-0.0638427));
#17205=CARTESIAN_POINT('Origin',(0.1220472,1.0685039,0.0861573));
#17206=CARTESIAN_POINT('Origin',(0.1220472,1.0685039,-0.0638427));
#17207=CARTESIAN_POINT('Origin',(0.0720472,1.1185039,-0.0638427));
#17208=CARTESIAN_POINT('',(0.0602361763779527,1.1185039,0.0861573));
#17209=CARTESIAN_POINT('Origin',(0.0720472,1.1185039,0.0861573));
#17210=CARTESIAN_POINT('',(0.0602361763779527,1.1185039,-0.0638427));
#17211=CARTESIAN_POINT('',(0.0602361763779527,1.1185039,-0.0638427));
#17212=CARTESIAN_POINT('Origin',(0.0720472,1.1185039,-0.0638427));
#17213=CARTESIAN_POINT('Origin',(0.0720472,1.1185039,0.0861573));
#17214=CARTESIAN_POINT('Origin',(0.0720472,1.1185039,-0.0638427));
#17215=CARTESIAN_POINT('Origin',(0.0720472,1.1185039,0.0625353));
#17216=CARTESIAN_POINT('',(0.0503936566929134,1.1185039,0.078283331496063));
#17217=CARTESIAN_POINT('Origin',(0.0720472,1.1185039,0.078283331496063));
#17218=CARTESIAN_POINT('',(0.0503936566929134,1.1185039,0.0625353));
#17219=CARTESIAN_POINT('',(0.0503936566929134,1.1185039,0.0625353));
#17220=CARTESIAN_POINT('Origin',(0.0720472,1.1185039,0.0625353));
#17221=CARTESIAN_POINT('Origin',(0.0720472,1.1185039,0.078283331496063));
#17222=CARTESIAN_POINT('Origin',(0.0720472,1.1185039,0.0625353));
#17223=CARTESIAN_POINT('Origin',(0.0720472,1.0185039,-0.0638427));
#17224=CARTESIAN_POINT('',(0.0602361763779527,1.0185039,0.0861573));
#17225=CARTESIAN_POINT('Origin',(0.0720472,1.0185039,0.0861573));
#17226=CARTESIAN_POINT('',(0.0602361763779527,1.0185039,-0.0638427));
#17227=CARTESIAN_POINT('',(0.0602361763779527,1.0185039,-0.0638427));
#17228=CARTESIAN_POINT('Origin',(0.0720472,1.0185039,-0.0638427));
#17229=CARTESIAN_POINT('Origin',(0.0720472,1.0185039,0.0861573));
#17230=CARTESIAN_POINT('Origin',(0.0720472,1.0185039,-0.0638427));
#17231=CARTESIAN_POINT('Origin',(0.0720472,1.0185039,0.0625353));
#17232=CARTESIAN_POINT('',(0.0503936566929134,1.0185039,0.078283331496063));
#17233=CARTESIAN_POINT('Origin',(0.0720472,1.0185039,0.078283331496063));
#17234=CARTESIAN_POINT('',(0.0503936566929134,1.0185039,0.0625353));
#17235=CARTESIAN_POINT('',(0.0503936566929134,1.0185039,0.0625353));
#17236=CARTESIAN_POINT('Origin',(0.0720472,1.0185039,0.0625353));
#17237=CARTESIAN_POINT('Origin',(0.0720472,1.0185039,0.078283331496063));
#17238=CARTESIAN_POINT('Origin',(0.0720472,1.0185039,0.0625353));
#17239=CARTESIAN_POINT('Origin',(0.1720472,1.1185039,-0.0638427));
#17240=CARTESIAN_POINT('',(0.160236176377953,1.1185039,0.0861573));
#17241=CARTESIAN_POINT('Origin',(0.1720472,1.1185039,0.0861573));
#17242=CARTESIAN_POINT('',(0.160236176377953,1.1185039,-0.0638427));
#17243=CARTESIAN_POINT('',(0.160236176377953,1.1185039,-0.0638427));
#17244=CARTESIAN_POINT('Origin',(0.1720472,1.1185039,-0.0638427));
#17245=CARTESIAN_POINT('Origin',(0.1720472,1.1185039,0.0861573));
#17246=CARTESIAN_POINT('Origin',(0.1720472,1.1185039,-0.0638427));
#17247=CARTESIAN_POINT('Origin',(0.1720472,1.1185039,0.0625353));
#17248=CARTESIAN_POINT('',(0.150393656692913,1.1185039,0.078283331496063));
#17249=CARTESIAN_POINT('Origin',(0.1720472,1.1185039,0.078283331496063));
#17250=CARTESIAN_POINT('',(0.150393656692913,1.1185039,0.0625353));
#17251=CARTESIAN_POINT('',(0.150393656692913,1.1185039,0.0625353));
#17252=CARTESIAN_POINT('Origin',(0.1720472,1.1185039,0.0625353));
#17253=CARTESIAN_POINT('Origin',(0.1720472,1.1185039,0.078283331496063));
#17254=CARTESIAN_POINT('Origin',(0.1720472,1.1185039,0.0625353));
#17255=CARTESIAN_POINT('Origin',(0.1720472,1.0185039,-0.0638427));
#17256=CARTESIAN_POINT('',(0.160236176377953,1.0185039,0.0861573));
#17257=CARTESIAN_POINT('Origin',(0.1720472,1.0185039,0.0861573));
#17258=CARTESIAN_POINT('',(0.160236176377953,1.0185039,-0.0638427));
#17259=CARTESIAN_POINT('',(0.160236176377953,1.0185039,-0.0638427));
#17260=CARTESIAN_POINT('Origin',(0.1720472,1.0185039,-0.0638427));
#17261=CARTESIAN_POINT('Origin',(0.1720472,1.0185039,0.0861573));
#17262=CARTESIAN_POINT('Origin',(0.1720472,1.0185039,-0.0638427));
#17263=CARTESIAN_POINT('Origin',(0.1720472,1.0185039,0.0625353));
#17264=CARTESIAN_POINT('',(0.150393656692913,1.0185039,0.078283331496063));
#17265=CARTESIAN_POINT('Origin',(0.1720472,1.0185039,0.078283331496063));
#17266=CARTESIAN_POINT('',(0.150393656692913,1.0185039,0.0625353));
#17267=CARTESIAN_POINT('',(0.150393656692913,1.0185039,0.0625353));
#17268=CARTESIAN_POINT('Origin',(0.1720472,1.0185039,0.0625353));
#17269=CARTESIAN_POINT('Origin',(0.1720472,1.0185039,0.078283331496063));
#17270=CARTESIAN_POINT('Origin',(0.1720472,1.0185039,0.0625353));
#17271=CARTESIAN_POINT('',(0.,0.,0.));
#17272=CARTESIAN_POINT('Origin',(0.324803180314961,1.98622043937008,-0.021771657480315));
#17273=CARTESIAN_POINT('',(0.324803180314961,1.98622043937008,-0.021771657480315));
#17274=CARTESIAN_POINT('',(0.324803180314961,1.98622043937008,0.));
#17275=CARTESIAN_POINT('',(0.324803180314961,1.98622043937008,-0.021771657480315));
#17276=CARTESIAN_POINT('',(0.344488219685039,1.98622043937008,0.));
#17277=CARTESIAN_POINT('',(0.324803180314961,1.98622043937008,0.));
#17278=CARTESIAN_POINT('',(0.344488219685039,1.98622043937008,-0.021771657480315));
#17279=CARTESIAN_POINT('',(0.344488219685039,1.98622043937008,-0.021771657480315));
#17280=CARTESIAN_POINT('',(0.324803180314961,1.98622043937008,-0.021771657480315));
#17281=CARTESIAN_POINT('Origin',(0.324803180314961,1.94685036062992,-0.021771657480315));
#17282=CARTESIAN_POINT('',(0.324803180314961,1.94685036062992,-0.021771657480315));
#17283=CARTESIAN_POINT('',(0.324803180314961,1.94685036062992,0.));
#17284=CARTESIAN_POINT('',(0.324803180314961,1.94685036062992,-0.021771657480315));
#17285=CARTESIAN_POINT('',(0.344488219685039,1.94685036062992,-0.021771657480315));
#17286=CARTESIAN_POINT('',(0.324803180314961,1.94685036062992,-0.021771657480315));
#17287=CARTESIAN_POINT('',(0.344488219685039,1.94685036062992,0.));
#17288=CARTESIAN_POINT('',(0.344488219685039,1.94685036062992,-0.021771657480315));
#17289=CARTESIAN_POINT('',(0.324803180314961,1.94685036062992,0.));
#17290=CARTESIAN_POINT('Origin',(0.324803180314961,1.98622043937008,-0.021771657480315));
#17291=CARTESIAN_POINT('',(0.324803180314961,1.98622043937008,-0.021771657480315));
#17292=CARTESIAN_POINT('',(0.324803180314961,1.98622043937008,0.));
#17293=CARTESIAN_POINT('Origin',(0.344488219685039,1.98622043937008,-0.021771657480315));
#17294=CARTESIAN_POINT('',(0.344488219685039,1.98622043937008,-0.021771657480315));
#17295=CARTESIAN_POINT('',(0.344488219685039,1.98622043937008,0.));
#17296=CARTESIAN_POINT('Origin',(0.324803180314961,1.98622043937008,-0.021771657480315));
#17297=CARTESIAN_POINT('Origin',(0.324803180314961,1.98622043937008,0.));
#17298=CARTESIAN_POINT('',(0.,0.,0.));
#17299=CARTESIAN_POINT('Origin',(0.423228480314961,1.98622043937008,-0.021771657480315));
#17300=CARTESIAN_POINT('',(0.423228480314961,1.98622043937008,-0.021771657480315));
#17301=CARTESIAN_POINT('',(0.423228480314961,1.98622043937008,0.));
#17302=CARTESIAN_POINT('',(0.423228480314961,1.98622043937008,-0.021771657480315));
#17303=CARTESIAN_POINT('',(0.442913519685039,1.98622043937008,0.));
#17304=CARTESIAN_POINT('',(0.423228480314961,1.98622043937008,0.));
#17305=CARTESIAN_POINT('',(0.442913519685039,1.98622043937008,-0.021771657480315));
#17306=CARTESIAN_POINT('',(0.442913519685039,1.98622043937008,-0.021771657480315));
#17307=CARTESIAN_POINT('',(0.423228480314961,1.98622043937008,-0.021771657480315));
#17308=CARTESIAN_POINT('Origin',(0.423228480314961,1.94685036062992,-0.021771657480315));
#17309=CARTESIAN_POINT('',(0.423228480314961,1.94685036062992,-0.021771657480315));
#17310=CARTESIAN_POINT('',(0.423228480314961,1.94685036062992,0.));
#17311=CARTESIAN_POINT('',(0.423228480314961,1.94685036062992,-0.021771657480315));
#17312=CARTESIAN_POINT('',(0.442913519685039,1.94685036062992,-0.021771657480315));
#17313=CARTESIAN_POINT('',(0.423228480314961,1.94685036062992,-0.021771657480315));
#17314=CARTESIAN_POINT('',(0.442913519685039,1.94685036062992,0.));
#17315=CARTESIAN_POINT('',(0.442913519685039,1.94685036062992,-0.021771657480315));
#17316=CARTESIAN_POINT('',(0.423228480314961,1.94685036062992,0.));
#17317=CARTESIAN_POINT('Origin',(0.423228480314961,1.98622043937008,-0.021771657480315));
#17318=CARTESIAN_POINT('',(0.423228480314961,1.98622043937008,-0.021771657480315));
#17319=CARTESIAN_POINT('',(0.423228480314961,1.98622043937008,0.));
#17320=CARTESIAN_POINT('Origin',(0.442913519685039,1.98622043937008,-0.021771657480315));
#17321=CARTESIAN_POINT('',(0.442913519685039,1.98622043937008,-0.021771657480315));
#17322=CARTESIAN_POINT('',(0.442913519685039,1.98622043937008,0.));
#17323=CARTESIAN_POINT('Origin',(0.423228480314961,1.98622043937008,-0.021771657480315));
#17324=CARTESIAN_POINT('Origin',(0.423228480314961,1.98622043937008,0.));
#17325=CARTESIAN_POINT('',(0.,0.,0.));
#17326=CARTESIAN_POINT('Origin',(0.631889719685039,1.55118116062992,-0.021771657480315));
#17327=CARTESIAN_POINT('',(0.631889719685039,1.55118116062992,-0.021771657480315));
#17328=CARTESIAN_POINT('',(0.631889719685039,1.55118116062992,0.));
#17329=CARTESIAN_POINT('',(0.631889719685039,1.55118116062992,-0.021771657480315));
#17330=CARTESIAN_POINT('',(0.612204680314961,1.55118116062992,0.));
#17331=CARTESIAN_POINT('',(0.631889719685039,1.55118116062992,0.));
#17332=CARTESIAN_POINT('',(0.612204680314961,1.55118116062992,-0.021771657480315));
#17333=CARTESIAN_POINT('',(0.612204680314961,1.55118116062992,-0.021771657480315));
#17334=CARTESIAN_POINT('',(0.631889719685039,1.55118116062992,-0.021771657480315));
#17335=CARTESIAN_POINT('Origin',(0.631889719685039,1.59055123937008,-0.021771657480315));
#17336=CARTESIAN_POINT('',(0.631889719685039,1.59055123937008,-0.021771657480315));
#17337=CARTESIAN_POINT('',(0.631889719685039,1.59055123937008,0.));
#17338=CARTESIAN_POINT('',(0.631889719685039,1.59055123937008,-0.021771657480315));
#17339=CARTESIAN_POINT('',(0.612204680314961,1.59055123937008,-0.021771657480315));
#17340=CARTESIAN_POINT('',(0.631889719685039,1.59055123937008,-0.021771657480315));
#17341=CARTESIAN_POINT('',(0.612204680314961,1.59055123937008,0.));
#17342=CARTESIAN_POINT('',(0.612204680314961,1.59055123937008,-0.021771657480315));
#17343=CARTESIAN_POINT('',(0.631889719685039,1.59055123937008,0.));
#17344=CARTESIAN_POINT('Origin',(0.631889719685039,1.55118116062992,-0.021771657480315));
#17345=CARTESIAN_POINT('',(0.631889719685039,1.55118116062992,-0.021771657480315));
#17346=CARTESIAN_POINT('',(0.631889719685039,1.55118116062992,0.));
#17347=CARTESIAN_POINT('Origin',(0.612204680314961,1.55118116062992,-0.021771657480315));
#17348=CARTESIAN_POINT('',(0.612204680314961,1.55118116062992,-0.021771657480315));
#17349=CARTESIAN_POINT('',(0.612204680314961,1.55118116062992,0.));
#17350=CARTESIAN_POINT('Origin',(0.631889719685039,1.55118116062992,-0.021771657480315));
#17351=CARTESIAN_POINT('Origin',(0.631889719685039,1.55118116062992,0.));
#17352=CARTESIAN_POINT('',(0.,0.,0.));
#17353=CARTESIAN_POINT('Origin',(0.485629919685039,1.13976386062992,-0.021771657480315));
#17354=CARTESIAN_POINT('',(0.485629919685039,1.13976386062992,-0.021771657480315));
#17355=CARTESIAN_POINT('',(0.485629919685039,1.13976386062992,0.));
#17356=CARTESIAN_POINT('',(0.485629919685039,1.13976386062992,-0.021771657480315));
#17357=CARTESIAN_POINT('',(0.465944880314961,1.13976386062992,0.));
#17358=CARTESIAN_POINT('',(0.485629919685039,1.13976386062992,0.));
#17359=CARTESIAN_POINT('',(0.465944880314961,1.13976386062992,-0.021771657480315));
#17360=CARTESIAN_POINT('',(0.465944880314961,1.13976386062992,-0.021771657480315));
#17361=CARTESIAN_POINT('',(0.485629919685039,1.13976386062992,-0.021771657480315));
#17362=CARTESIAN_POINT('Origin',(0.485629919685039,1.17913393937008,-0.021771657480315));
#17363=CARTESIAN_POINT('',(0.485629919685039,1.17913393937008,-0.021771657480315));
#17364=CARTESIAN_POINT('',(0.485629919685039,1.17913393937008,0.));
#17365=CARTESIAN_POINT('',(0.485629919685039,1.17913393937008,-0.021771657480315));
#17366=CARTESIAN_POINT('',(0.465944880314961,1.17913393937008,-0.021771657480315));
#17367=CARTESIAN_POINT('',(0.485629919685039,1.17913393937008,-0.021771657480315));
#17368=CARTESIAN_POINT('',(0.465944880314961,1.17913393937008,0.));
#17369=CARTESIAN_POINT('',(0.465944880314961,1.17913393937008,-0.021771657480315));
#17370=CARTESIAN_POINT('',(0.485629919685039,1.17913393937008,0.));
#17371=CARTESIAN_POINT('Origin',(0.485629919685039,1.13976386062992,-0.021771657480315));
#17372=CARTESIAN_POINT('',(0.485629919685039,1.13976386062992,-0.021771657480315));
#17373=CARTESIAN_POINT('',(0.485629919685039,1.13976386062992,0.));
#17374=CARTESIAN_POINT('Origin',(0.465944880314961,1.13976386062992,-0.021771657480315));
#17375=CARTESIAN_POINT('',(0.465944880314961,1.13976386062992,-0.021771657480315));
#17376=CARTESIAN_POINT('',(0.465944880314961,1.13976386062992,0.));
#17377=CARTESIAN_POINT('Origin',(0.485629919685039,1.13976386062992,-0.021771657480315));
#17378=CARTESIAN_POINT('Origin',(0.485629919685039,1.13976386062992,0.));
#17379=CARTESIAN_POINT('',(0.,0.,0.));
#17380=CARTESIAN_POINT('Origin',(0.6456693,1.0685039,0.0861573));
#17381=CARTESIAN_POINT('',(0.537401583464567,1.0685039,0.275133677952756));
#17382=CARTESIAN_POINT('Origin',(0.6456693,1.0685039,0.275133677952756));
#17383=CARTESIAN_POINT('',(0.537401583464567,1.0685039,0.0861573));
#17384=CARTESIAN_POINT('',(0.537401583464567,1.0685039,0.0861573));
#17385=CARTESIAN_POINT('Origin',(0.6456693,1.0685039,0.0861573));
#17386=CARTESIAN_POINT('Origin',(0.6456693,1.0685039,0.275133677952756));
#17387=CARTESIAN_POINT('',(0.573622055905512,1.0685039,0.275133677952756));
#17388=CARTESIAN_POINT('Origin',(0.6456693,1.0685039,0.275133677952756));
#17389=CARTESIAN_POINT('Origin',(0.6456693,1.0685039,0.0861573));
#17390=CARTESIAN_POINT('Origin',(0.6456693,1.0685039,0.165291158267717));
#17391=CARTESIAN_POINT('',(0.573622055905512,1.0685039,0.165291158267717));
#17392=CARTESIAN_POINT('Origin',(0.6456693,1.0685039,0.165291158267717));
#17393=CARTESIAN_POINT('',(0.573622055905512,1.0685039,0.165291158267717));
#17394=CARTESIAN_POINT('Origin',(0.6456693,1.0685039,0.165291158267717));
#17395=CARTESIAN_POINT('Origin',(0.5956693,1.1185039,-0.0638427));
#17396=CARTESIAN_POINT('',(0.583858276377953,1.1185039,0.0861573));
#17397=CARTESIAN_POINT('Origin',(0.5956693,1.1185039,0.0861573));
#17398=CARTESIAN_POINT('',(0.583858276377953,1.1185039,-0.0638427));
#17399=CARTESIAN_POINT('',(0.583858276377953,1.1185039,-0.0638427));
#17400=CARTESIAN_POINT('Origin',(0.5956693,1.1185039,-0.0638427));
#17401=CARTESIAN_POINT('Origin',(0.5956693,1.1185039,0.0861573));
#17402=CARTESIAN_POINT('Origin',(0.5956693,1.1185039,-0.0638427));
#17403=CARTESIAN_POINT('Origin',(0.5956693,1.1185039,0.0625353));
#17404=CARTESIAN_POINT('',(0.574015756692913,1.1185039,0.078283331496063));
#17405=CARTESIAN_POINT('Origin',(0.5956693,1.1185039,0.078283331496063));
#17406=CARTESIAN_POINT('',(0.574015756692913,1.1185039,0.0625353));
#17407=CARTESIAN_POINT('',(0.574015756692913,1.1185039,0.0625353));
#17408=CARTESIAN_POINT('Origin',(0.5956693,1.1185039,0.0625353));
#17409=CARTESIAN_POINT('Origin',(0.5956693,1.1185039,0.078283331496063));
#17410=CARTESIAN_POINT('Origin',(0.5956693,1.1185039,0.0625353));
#17411=CARTESIAN_POINT('Origin',(0.5956693,1.0185039,-0.0638427));
#17412=CARTESIAN_POINT('',(0.583858276377953,1.0185039,0.0861573));
#17413=CARTESIAN_POINT('Origin',(0.5956693,1.0185039,0.0861573));
#17414=CARTESIAN_POINT('',(0.583858276377953,1.0185039,-0.0638427));
#17415=CARTESIAN_POINT('',(0.583858276377953,1.0185039,-0.0638427));
#17416=CARTESIAN_POINT('Origin',(0.5956693,1.0185039,-0.0638427));
#17417=CARTESIAN_POINT('Origin',(0.5956693,1.0185039,0.0861573));
#17418=CARTESIAN_POINT('Origin',(0.5956693,1.0185039,-0.0638427));
#17419=CARTESIAN_POINT('Origin',(0.5956693,1.0185039,0.0625353));
#17420=CARTESIAN_POINT('',(0.574015756692913,1.0185039,0.078283331496063));
#17421=CARTESIAN_POINT('Origin',(0.5956693,1.0185039,0.078283331496063));
#17422=CARTESIAN_POINT('',(0.574015756692913,1.0185039,0.0625353));
#17423=CARTESIAN_POINT('',(0.574015756692913,1.0185039,0.0625353));
#17424=CARTESIAN_POINT('Origin',(0.5956693,1.0185039,0.0625353));
#17425=CARTESIAN_POINT('Origin',(0.5956693,1.0185039,0.078283331496063));
#17426=CARTESIAN_POINT('Origin',(0.5956693,1.0185039,0.0625353));
#17427=CARTESIAN_POINT('Origin',(0.6956693,1.1185039,-0.0638427));
#17428=CARTESIAN_POINT('',(0.683858276377953,1.1185039,0.0861573));
#17429=CARTESIAN_POINT('Origin',(0.6956693,1.1185039,0.0861573));
#17430=CARTESIAN_POINT('',(0.683858276377953,1.1185039,-0.0638427));
#17431=CARTESIAN_POINT('',(0.683858276377953,1.1185039,-0.0638427));
#17432=CARTESIAN_POINT('Origin',(0.6956693,1.1185039,-0.0638427));
#17433=CARTESIAN_POINT('Origin',(0.6956693,1.1185039,0.0861573));
#17434=CARTESIAN_POINT('Origin',(0.6956693,1.1185039,-0.0638427));
#17435=CARTESIAN_POINT('Origin',(0.6956693,1.1185039,0.0625353));
#17436=CARTESIAN_POINT('',(0.674015756692913,1.1185039,0.078283331496063));
#17437=CARTESIAN_POINT('Origin',(0.6956693,1.1185039,0.078283331496063));
#17438=CARTESIAN_POINT('',(0.674015756692913,1.1185039,0.0625353));
#17439=CARTESIAN_POINT('',(0.674015756692913,1.1185039,0.0625353));
#17440=CARTESIAN_POINT('Origin',(0.6956693,1.1185039,0.0625353));
#17441=CARTESIAN_POINT('Origin',(0.6956693,1.1185039,0.078283331496063));
#17442=CARTESIAN_POINT('Origin',(0.6956693,1.1185039,0.0625353));
#17443=CARTESIAN_POINT('Origin',(0.6956693,1.0185039,-0.0638427));
#17444=CARTESIAN_POINT('',(0.683858276377953,1.0185039,0.0861573));
#17445=CARTESIAN_POINT('Origin',(0.6956693,1.0185039,0.0861573));
#17446=CARTESIAN_POINT('',(0.683858276377953,1.0185039,-0.0638427));
#17447=CARTESIAN_POINT('',(0.683858276377953,1.0185039,-0.0638427));
#17448=CARTESIAN_POINT('Origin',(0.6956693,1.0185039,-0.0638427));
#17449=CARTESIAN_POINT('Origin',(0.6956693,1.0185039,0.0861573));
#17450=CARTESIAN_POINT('Origin',(0.6956693,1.0185039,-0.0638427));
#17451=CARTESIAN_POINT('Origin',(0.6956693,1.0185039,0.0625353));
#17452=CARTESIAN_POINT('',(0.674015756692913,1.0185039,0.078283331496063));
#17453=CARTESIAN_POINT('Origin',(0.6956693,1.0185039,0.078283331496063));
#17454=CARTESIAN_POINT('',(0.674015756692913,1.0185039,0.0625353));
#17455=CARTESIAN_POINT('',(0.674015756692913,1.0185039,0.0625353));
#17456=CARTESIAN_POINT('Origin',(0.6956693,1.0185039,0.0625353));
#17457=CARTESIAN_POINT('Origin',(0.6956693,1.0185039,0.078283331496063));
#17458=CARTESIAN_POINT('Origin',(0.6956693,1.0185039,0.0625353));
#17459=CARTESIAN_POINT('Origin',(0.6456693,1.0685039,-0.0638427));
#17460=CARTESIAN_POINT('',(0.633858276377953,1.0685039,0.0861573));
#17461=CARTESIAN_POINT('Origin',(0.6456693,1.0685039,0.0861573));
#17462=CARTESIAN_POINT('',(0.633858276377953,1.0685039,-0.0638427));
#17463=CARTESIAN_POINT('',(0.633858276377953,1.0685039,-0.0638427));
#17464=CARTESIAN_POINT('Origin',(0.6456693,1.0685039,-0.0638427));
#17465=CARTESIAN_POINT('Origin',(0.6456693,1.0685039,0.0861573));
#17466=CARTESIAN_POINT('Origin',(0.6456693,1.0685039,-0.0638427));
#17467=CARTESIAN_POINT('',(0.,0.,0.));
#17468=CARTESIAN_POINT('Origin',(0.6456693,1.3519685,0.0861573));
#17469=CARTESIAN_POINT('',(0.537401583464567,1.3519685,0.275133677952756));
#17470=CARTESIAN_POINT('Origin',(0.6456693,1.3519685,0.275133677952756));
#17471=CARTESIAN_POINT('',(0.537401583464567,1.3519685,0.0861573));
#17472=CARTESIAN_POINT('',(0.537401583464567,1.3519685,0.0861573));
#17473=CARTESIAN_POINT('Origin',(0.6456693,1.3519685,0.0861573));
#17474=CARTESIAN_POINT('Origin',(0.6456693,1.3519685,0.275133677952756));
#17475=CARTESIAN_POINT('',(0.573622055905512,1.3519685,0.275133677952756));
#17476=CARTESIAN_POINT('Origin',(0.6456693,1.3519685,0.275133677952756));
#17477=CARTESIAN_POINT('Origin',(0.6456693,1.3519685,0.0861573));
#17478=CARTESIAN_POINT('Origin',(0.6456693,1.3519685,0.165291158267717));
#17479=CARTESIAN_POINT('',(0.573622055905512,1.3519685,0.165291158267717));
#17480=CARTESIAN_POINT('Origin',(0.6456693,1.3519685,0.165291158267717));
#17481=CARTESIAN_POINT('',(0.573622055905512,1.3519685,0.165291158267717));
#17482=CARTESIAN_POINT('Origin',(0.6456693,1.3519685,0.165291158267717));
#17483=CARTESIAN_POINT('Origin',(0.5956693,1.4019685,-0.0638427));
#17484=CARTESIAN_POINT('',(0.583858276377953,1.4019685,0.0861573));
#17485=CARTESIAN_POINT('Origin',(0.5956693,1.4019685,0.0861573));
#17486=CARTESIAN_POINT('',(0.583858276377953,1.4019685,-0.0638427));
#17487=CARTESIAN_POINT('',(0.583858276377953,1.4019685,-0.0638427));
#17488=CARTESIAN_POINT('Origin',(0.5956693,1.4019685,-0.0638427));
#17489=CARTESIAN_POINT('Origin',(0.5956693,1.4019685,0.0861573));
#17490=CARTESIAN_POINT('Origin',(0.5956693,1.4019685,-0.0638427));
#17491=CARTESIAN_POINT('Origin',(0.5956693,1.4019685,0.0625353));
#17492=CARTESIAN_POINT('',(0.574015756692913,1.4019685,0.078283331496063));
#17493=CARTESIAN_POINT('Origin',(0.5956693,1.4019685,0.078283331496063));
#17494=CARTESIAN_POINT('',(0.574015756692913,1.4019685,0.0625353));
#17495=CARTESIAN_POINT('',(0.574015756692913,1.4019685,0.0625353));
#17496=CARTESIAN_POINT('Origin',(0.5956693,1.4019685,0.0625353));
#17497=CARTESIAN_POINT('Origin',(0.5956693,1.4019685,0.078283331496063));
#17498=CARTESIAN_POINT('Origin',(0.5956693,1.4019685,0.0625353));
#17499=CARTESIAN_POINT('Origin',(0.5956693,1.3019685,-0.0638427));
#17500=CARTESIAN_POINT('',(0.583858276377953,1.3019685,0.0861573));
#17501=CARTESIAN_POINT('Origin',(0.5956693,1.3019685,0.0861573));
#17502=CARTESIAN_POINT('',(0.583858276377953,1.3019685,-0.0638427));
#17503=CARTESIAN_POINT('',(0.583858276377953,1.3019685,-0.0638427));
#17504=CARTESIAN_POINT('Origin',(0.5956693,1.3019685,-0.0638427));
#17505=CARTESIAN_POINT('Origin',(0.5956693,1.3019685,0.0861573));
#17506=CARTESIAN_POINT('Origin',(0.5956693,1.3019685,-0.0638427));
#17507=CARTESIAN_POINT('Origin',(0.5956693,1.3019685,0.0625353));
#17508=CARTESIAN_POINT('',(0.574015756692913,1.3019685,0.078283331496063));
#17509=CARTESIAN_POINT('Origin',(0.5956693,1.3019685,0.078283331496063));
#17510=CARTESIAN_POINT('',(0.574015756692913,1.3019685,0.0625353));
#17511=CARTESIAN_POINT('',(0.574015756692913,1.3019685,0.0625353));
#17512=CARTESIAN_POINT('Origin',(0.5956693,1.3019685,0.0625353));
#17513=CARTESIAN_POINT('Origin',(0.5956693,1.3019685,0.078283331496063));
#17514=CARTESIAN_POINT('Origin',(0.5956693,1.3019685,0.0625353));
#17515=CARTESIAN_POINT('Origin',(0.6956693,1.4019685,-0.0638427));
#17516=CARTESIAN_POINT('',(0.683858276377953,1.4019685,0.0861573));
#17517=CARTESIAN_POINT('Origin',(0.6956693,1.4019685,0.0861573));
#17518=CARTESIAN_POINT('',(0.683858276377953,1.4019685,-0.0638427));
#17519=CARTESIAN_POINT('',(0.683858276377953,1.4019685,-0.0638427));
#17520=CARTESIAN_POINT('Origin',(0.6956693,1.4019685,-0.0638427));
#17521=CARTESIAN_POINT('Origin',(0.6956693,1.4019685,0.0861573));
#17522=CARTESIAN_POINT('Origin',(0.6956693,1.4019685,-0.0638427));
#17523=CARTESIAN_POINT('Origin',(0.6956693,1.4019685,0.0625353));
#17524=CARTESIAN_POINT('',(0.674015756692913,1.4019685,0.078283331496063));
#17525=CARTESIAN_POINT('Origin',(0.6956693,1.4019685,0.078283331496063));
#17526=CARTESIAN_POINT('',(0.674015756692913,1.4019685,0.0625353));
#17527=CARTESIAN_POINT('',(0.674015756692913,1.4019685,0.0625353));
#17528=CARTESIAN_POINT('Origin',(0.6956693,1.4019685,0.0625353));
#17529=CARTESIAN_POINT('Origin',(0.6956693,1.4019685,0.078283331496063));
#17530=CARTESIAN_POINT('Origin',(0.6956693,1.4019685,0.0625353));
#17531=CARTESIAN_POINT('Origin',(0.6956693,1.3019685,-0.0638427));
#17532=CARTESIAN_POINT('',(0.683858276377953,1.3019685,0.0861573));
#17533=CARTESIAN_POINT('Origin',(0.6956693,1.3019685,0.0861573));
#17534=CARTESIAN_POINT('',(0.683858276377953,1.3019685,-0.0638427));
#17535=CARTESIAN_POINT('',(0.683858276377953,1.3019685,-0.0638427));
#17536=CARTESIAN_POINT('Origin',(0.6956693,1.3019685,-0.0638427));
#17537=CARTESIAN_POINT('Origin',(0.6956693,1.3019685,0.0861573));
#17538=CARTESIAN_POINT('Origin',(0.6956693,1.3019685,-0.0638427));
#17539=CARTESIAN_POINT('Origin',(0.6956693,1.3019685,0.0625353));
#17540=CARTESIAN_POINT('',(0.674015756692913,1.3019685,0.078283331496063));
#17541=CARTESIAN_POINT('Origin',(0.6956693,1.3019685,0.078283331496063));
#17542=CARTESIAN_POINT('',(0.674015756692913,1.3019685,0.0625353));
#17543=CARTESIAN_POINT('',(0.674015756692913,1.3019685,0.0625353));
#17544=CARTESIAN_POINT('Origin',(0.6956693,1.3019685,0.0625353));
#17545=CARTESIAN_POINT('Origin',(0.6956693,1.3019685,0.078283331496063));
#17546=CARTESIAN_POINT('Origin',(0.6956693,1.3019685,0.0625353));
#17547=CARTESIAN_POINT('Origin',(0.6456693,1.3519685,-0.0638427));
#17548=CARTESIAN_POINT('',(0.633858276377953,1.3519685,0.0861573));
#17549=CARTESIAN_POINT('Origin',(0.6456693,1.3519685,0.0861573));
#17550=CARTESIAN_POINT('',(0.633858276377953,1.3519685,-0.0638427));
#17551=CARTESIAN_POINT('',(0.633858276377953,1.3519685,-0.0638427));
#17552=CARTESIAN_POINT('Origin',(0.6456693,1.3519685,-0.0638427));
#17553=CARTESIAN_POINT('Origin',(0.6456693,1.3519685,0.0861573));
#17554=CARTESIAN_POINT('Origin',(0.6456693,1.3519685,-0.0638427));
#17555=CARTESIAN_POINT('',(0.,0.,0.));
#17556=CARTESIAN_POINT('Origin',(0.6456693,1.9228346,0.0861573));
#17557=CARTESIAN_POINT('',(0.537401583464567,1.9228346,0.275133677952756));
#17558=CARTESIAN_POINT('Origin',(0.6456693,1.9228346,0.275133677952756));
#17559=CARTESIAN_POINT('',(0.537401583464567,1.9228346,0.0861573));
#17560=CARTESIAN_POINT('',(0.537401583464567,1.9228346,0.0861573));
#17561=CARTESIAN_POINT('Origin',(0.6456693,1.9228346,0.0861573));
#17562=CARTESIAN_POINT('Origin',(0.6456693,1.9228346,0.275133677952756));
#17563=CARTESIAN_POINT('',(0.573622055905512,1.9228346,0.275133677952756));
#17564=CARTESIAN_POINT('Origin',(0.6456693,1.9228346,0.275133677952756));
#17565=CARTESIAN_POINT('Origin',(0.6456693,1.9228346,0.0861573));
#17566=CARTESIAN_POINT('Origin',(0.6456693,1.9228346,0.165291158267717));
#17567=CARTESIAN_POINT('',(0.573622055905512,1.9228346,0.165291158267717));
#17568=CARTESIAN_POINT('Origin',(0.6456693,1.9228346,0.165291158267717));
#17569=CARTESIAN_POINT('',(0.573622055905512,1.9228346,0.165291158267717));
#17570=CARTESIAN_POINT('Origin',(0.6456693,1.9228346,0.165291158267717));
#17571=CARTESIAN_POINT('Origin',(0.5956693,1.9728346,-0.0638427));
#17572=CARTESIAN_POINT('',(0.583858276377953,1.9728346,0.0861573));
#17573=CARTESIAN_POINT('Origin',(0.5956693,1.9728346,0.0861573));
#17574=CARTESIAN_POINT('',(0.583858276377953,1.9728346,-0.0638427));
#17575=CARTESIAN_POINT('',(0.583858276377953,1.9728346,-0.0638427));
#17576=CARTESIAN_POINT('Origin',(0.5956693,1.9728346,-0.0638427));
#17577=CARTESIAN_POINT('Origin',(0.5956693,1.9728346,0.0861573));
#17578=CARTESIAN_POINT('Origin',(0.5956693,1.9728346,-0.0638427));
#17579=CARTESIAN_POINT('Origin',(0.5956693,1.9728346,0.0625353));
#17580=CARTESIAN_POINT('',(0.574015756692913,1.9728346,0.078283331496063));
#17581=CARTESIAN_POINT('Origin',(0.5956693,1.9728346,0.078283331496063));
#17582=CARTESIAN_POINT('',(0.574015756692913,1.9728346,0.0625353));
#17583=CARTESIAN_POINT('',(0.574015756692913,1.9728346,0.0625353));
#17584=CARTESIAN_POINT('Origin',(0.5956693,1.9728346,0.0625353));
#17585=CARTESIAN_POINT('Origin',(0.5956693,1.9728346,0.078283331496063));
#17586=CARTESIAN_POINT('Origin',(0.5956693,1.9728346,0.0625353));
#17587=CARTESIAN_POINT('Origin',(0.5956693,1.8728346,-0.0638427));
#17588=CARTESIAN_POINT('',(0.583858276377953,1.8728346,0.0861573));
#17589=CARTESIAN_POINT('Origin',(0.5956693,1.8728346,0.0861573));
#17590=CARTESIAN_POINT('',(0.583858276377953,1.8728346,-0.0638427));
#17591=CARTESIAN_POINT('',(0.583858276377953,1.8728346,-0.0638427));
#17592=CARTESIAN_POINT('Origin',(0.5956693,1.8728346,-0.0638427));
#17593=CARTESIAN_POINT('Origin',(0.5956693,1.8728346,0.0861573));
#17594=CARTESIAN_POINT('Origin',(0.5956693,1.8728346,-0.0638427));
#17595=CARTESIAN_POINT('Origin',(0.5956693,1.8728346,0.0625353));
#17596=CARTESIAN_POINT('',(0.574015756692913,1.8728346,0.078283331496063));
#17597=CARTESIAN_POINT('Origin',(0.5956693,1.8728346,0.078283331496063));
#17598=CARTESIAN_POINT('',(0.574015756692913,1.8728346,0.0625353));
#17599=CARTESIAN_POINT('',(0.574015756692913,1.8728346,0.0625353));
#17600=CARTESIAN_POINT('Origin',(0.5956693,1.8728346,0.0625353));
#17601=CARTESIAN_POINT('Origin',(0.5956693,1.8728346,0.078283331496063));
#17602=CARTESIAN_POINT('Origin',(0.5956693,1.8728346,0.0625353));
#17603=CARTESIAN_POINT('Origin',(0.6956693,1.9728346,-0.0638427));
#17604=CARTESIAN_POINT('',(0.683858276377953,1.9728346,0.0861573));
#17605=CARTESIAN_POINT('Origin',(0.6956693,1.9728346,0.0861573));
#17606=CARTESIAN_POINT('',(0.683858276377953,1.9728346,-0.0638427));
#17607=CARTESIAN_POINT('',(0.683858276377953,1.9728346,-0.0638427));
#17608=CARTESIAN_POINT('Origin',(0.6956693,1.9728346,-0.0638427));
#17609=CARTESIAN_POINT('Origin',(0.6956693,1.9728346,0.0861573));
#17610=CARTESIAN_POINT('Origin',(0.6956693,1.9728346,-0.0638427));
#17611=CARTESIAN_POINT('Origin',(0.6956693,1.9728346,0.0625353));
#17612=CARTESIAN_POINT('',(0.674015756692913,1.9728346,0.078283331496063));
#17613=CARTESIAN_POINT('Origin',(0.6956693,1.9728346,0.078283331496063));
#17614=CARTESIAN_POINT('',(0.674015756692913,1.9728346,0.0625353));
#17615=CARTESIAN_POINT('',(0.674015756692913,1.9728346,0.0625353));
#17616=CARTESIAN_POINT('Origin',(0.6956693,1.9728346,0.0625353));
#17617=CARTESIAN_POINT('Origin',(0.6956693,1.9728346,0.078283331496063));
#17618=CARTESIAN_POINT('Origin',(0.6956693,1.9728346,0.0625353));
#17619=CARTESIAN_POINT('Origin',(0.6956693,1.8728346,-0.0638427));
#17620=CARTESIAN_POINT('',(0.683858276377953,1.8728346,0.0861573));
#17621=CARTESIAN_POINT('Origin',(0.6956693,1.8728346,0.0861573));
#17622=CARTESIAN_POINT('',(0.683858276377953,1.8728346,-0.0638427));
#17623=CARTESIAN_POINT('',(0.683858276377953,1.8728346,-0.0638427));
#17624=CARTESIAN_POINT('Origin',(0.6956693,1.8728346,-0.0638427));
#17625=CARTESIAN_POINT('Origin',(0.6956693,1.8728346,0.0861573));
#17626=CARTESIAN_POINT('Origin',(0.6956693,1.8728346,-0.0638427));
#17627=CARTESIAN_POINT('Origin',(0.6956693,1.8728346,0.0625353));
#17628=CARTESIAN_POINT('',(0.674015756692913,1.8728346,0.078283331496063));
#17629=CARTESIAN_POINT('Origin',(0.6956693,1.8728346,0.078283331496063));
#17630=CARTESIAN_POINT('',(0.674015756692913,1.8728346,0.0625353));
#17631=CARTESIAN_POINT('',(0.674015756692913,1.8728346,0.0625353));
#17632=CARTESIAN_POINT('Origin',(0.6956693,1.8728346,0.0625353));
#17633=CARTESIAN_POINT('Origin',(0.6956693,1.8728346,0.078283331496063));
#17634=CARTESIAN_POINT('Origin',(0.6956693,1.8728346,0.0625353));
#17635=CARTESIAN_POINT('Origin',(0.6456693,1.9228346,-0.0638427));
#17636=CARTESIAN_POINT('',(0.633858276377953,1.9228346,0.0861573));
#17637=CARTESIAN_POINT('Origin',(0.6456693,1.9228346,0.0861573));
#17638=CARTESIAN_POINT('',(0.633858276377953,1.9228346,-0.0638427));
#17639=CARTESIAN_POINT('',(0.633858276377953,1.9228346,-0.0638427));
#17640=CARTESIAN_POINT('Origin',(0.6456693,1.9228346,-0.0638427));
#17641=CARTESIAN_POINT('Origin',(0.6456693,1.9228346,0.0861573));
#17642=CARTESIAN_POINT('Origin',(0.6456693,1.9228346,-0.0638427));
#17643=CARTESIAN_POINT('',(0.,0.,0.));
#17644=CARTESIAN_POINT('Origin',(0.1220472,1.9228346,0.0861573));
#17645=CARTESIAN_POINT('',(0.0137794834645669,1.9228346,0.275133677952756));
#17646=CARTESIAN_POINT('Origin',(0.1220472,1.9228346,0.275133677952756));
#17647=CARTESIAN_POINT('',(0.0137794834645669,1.9228346,0.0861573));
#17648=CARTESIAN_POINT('',(0.0137794834645669,1.9228346,0.0861573));
#17649=CARTESIAN_POINT('Origin',(0.1220472,1.9228346,0.0861573));
#17650=CARTESIAN_POINT('Origin',(0.1220472,1.9228346,0.275133677952756));
#17651=CARTESIAN_POINT('',(0.0499999559055118,1.9228346,0.275133677952756));
#17652=CARTESIAN_POINT('Origin',(0.1220472,1.9228346,0.275133677952756));
#17653=CARTESIAN_POINT('Origin',(0.1220472,1.9228346,0.0861573));
#17654=CARTESIAN_POINT('Origin',(0.1220472,1.9228346,0.165291158267717));
#17655=CARTESIAN_POINT('',(0.0499999559055118,1.9228346,0.165291158267717));
#17656=CARTESIAN_POINT('Origin',(0.1220472,1.9228346,0.165291158267717));
#17657=CARTESIAN_POINT('',(0.0499999559055118,1.9228346,0.165291158267717));
#17658=CARTESIAN_POINT('Origin',(0.1220472,1.9228346,0.165291158267717));
#17659=CARTESIAN_POINT('Origin',(0.0720472,1.9728346,-0.0638427));
#17660=CARTESIAN_POINT('',(0.0602361763779527,1.9728346,0.0861573));
#17661=CARTESIAN_POINT('Origin',(0.0720472,1.9728346,0.0861573));
#17662=CARTESIAN_POINT('',(0.0602361763779527,1.9728346,-0.0638427));
#17663=CARTESIAN_POINT('',(0.0602361763779527,1.9728346,-0.0638427));
#17664=CARTESIAN_POINT('Origin',(0.0720472,1.9728346,-0.0638427));
#17665=CARTESIAN_POINT('Origin',(0.0720472,1.9728346,0.0861573));
#17666=CARTESIAN_POINT('Origin',(0.0720472,1.9728346,-0.0638427));
#17667=CARTESIAN_POINT('Origin',(0.0720472,1.9728346,0.0625353));
#17668=CARTESIAN_POINT('',(0.0503936566929134,1.9728346,0.078283331496063));
#17669=CARTESIAN_POINT('Origin',(0.0720472,1.9728346,0.078283331496063));
#17670=CARTESIAN_POINT('',(0.0503936566929134,1.9728346,0.0625353));
#17671=CARTESIAN_POINT('',(0.0503936566929134,1.9728346,0.0625353));
#17672=CARTESIAN_POINT('Origin',(0.0720472,1.9728346,0.0625353));
#17673=CARTESIAN_POINT('Origin',(0.0720472,1.9728346,0.078283331496063));
#17674=CARTESIAN_POINT('Origin',(0.0720472,1.9728346,0.0625353));
#17675=CARTESIAN_POINT('Origin',(0.0720472,1.8728346,-0.0638427));
#17676=CARTESIAN_POINT('',(0.0602361763779527,1.8728346,0.0861573));
#17677=CARTESIAN_POINT('Origin',(0.0720472,1.8728346,0.0861573));
#17678=CARTESIAN_POINT('',(0.0602361763779527,1.8728346,-0.0638427));
#17679=CARTESIAN_POINT('',(0.0602361763779527,1.8728346,-0.0638427));
#17680=CARTESIAN_POINT('Origin',(0.0720472,1.8728346,-0.0638427));
#17681=CARTESIAN_POINT('Origin',(0.0720472,1.8728346,0.0861573));
#17682=CARTESIAN_POINT('Origin',(0.0720472,1.8728346,-0.0638427));
#17683=CARTESIAN_POINT('Origin',(0.0720472,1.8728346,0.0625353));
#17684=CARTESIAN_POINT('',(0.0503936566929134,1.8728346,0.078283331496063));
#17685=CARTESIAN_POINT('Origin',(0.0720472,1.8728346,0.078283331496063));
#17686=CARTESIAN_POINT('',(0.0503936566929134,1.8728346,0.0625353));
#17687=CARTESIAN_POINT('',(0.0503936566929134,1.8728346,0.0625353));
#17688=CARTESIAN_POINT('Origin',(0.0720472,1.8728346,0.0625353));
#17689=CARTESIAN_POINT('Origin',(0.0720472,1.8728346,0.078283331496063));
#17690=CARTESIAN_POINT('Origin',(0.0720472,1.8728346,0.0625353));
#17691=CARTESIAN_POINT('Origin',(0.1720472,1.9728346,-0.0638427));
#17692=CARTESIAN_POINT('',(0.160236176377953,1.9728346,0.0861573));
#17693=CARTESIAN_POINT('Origin',(0.1720472,1.9728346,0.0861573));
#17694=CARTESIAN_POINT('',(0.160236176377953,1.9728346,-0.0638427));
#17695=CARTESIAN_POINT('',(0.160236176377953,1.9728346,-0.0638427));
#17696=CARTESIAN_POINT('Origin',(0.1720472,1.9728346,-0.0638427));
#17697=CARTESIAN_POINT('Origin',(0.1720472,1.9728346,0.0861573));
#17698=CARTESIAN_POINT('Origin',(0.1720472,1.9728346,-0.0638427));
#17699=CARTESIAN_POINT('Origin',(0.1720472,1.9728346,0.0625353));
#17700=CARTESIAN_POINT('',(0.150393656692913,1.9728346,0.078283331496063));
#17701=CARTESIAN_POINT('Origin',(0.1720472,1.9728346,0.078283331496063));
#17702=CARTESIAN_POINT('',(0.150393656692913,1.9728346,0.0625353));
#17703=CARTESIAN_POINT('',(0.150393656692913,1.9728346,0.0625353));
#17704=CARTESIAN_POINT('Origin',(0.1720472,1.9728346,0.0625353));
#17705=CARTESIAN_POINT('Origin',(0.1720472,1.9728346,0.078283331496063));
#17706=CARTESIAN_POINT('Origin',(0.1720472,1.9728346,0.0625353));
#17707=CARTESIAN_POINT('Origin',(0.1720472,1.8728346,-0.0638427));
#17708=CARTESIAN_POINT('',(0.160236176377953,1.8728346,0.0861573));
#17709=CARTESIAN_POINT('Origin',(0.1720472,1.8728346,0.0861573));
#17710=CARTESIAN_POINT('',(0.160236176377953,1.8728346,-0.0638427));
#17711=CARTESIAN_POINT('',(0.160236176377953,1.8728346,-0.0638427));
#17712=CARTESIAN_POINT('Origin',(0.1720472,1.8728346,-0.0638427));
#17713=CARTESIAN_POINT('Origin',(0.1720472,1.8728346,0.0861573));
#17714=CARTESIAN_POINT('Origin',(0.1720472,1.8728346,-0.0638427));
#17715=CARTESIAN_POINT('Origin',(0.1720472,1.8728346,0.0625353));
#17716=CARTESIAN_POINT('',(0.150393656692913,1.8728346,0.078283331496063));
#17717=CARTESIAN_POINT('Origin',(0.1720472,1.8728346,0.078283331496063));
#17718=CARTESIAN_POINT('',(0.150393656692913,1.8728346,0.0625353));
#17719=CARTESIAN_POINT('',(0.150393656692913,1.8728346,0.0625353));
#17720=CARTESIAN_POINT('Origin',(0.1720472,1.8728346,0.0625353));
#17721=CARTESIAN_POINT('Origin',(0.1720472,1.8728346,0.078283331496063));
#17722=CARTESIAN_POINT('Origin',(0.1720472,1.8728346,0.0625353));
#17723=CARTESIAN_POINT('Origin',(0.1220472,1.9228346,-0.0638427));
#17724=CARTESIAN_POINT('',(0.110236176377953,1.9228346,0.0861573));
#17725=CARTESIAN_POINT('Origin',(0.1220472,1.9228346,0.0861573));
#17726=CARTESIAN_POINT('',(0.110236176377953,1.9228346,-0.0638427));
#17727=CARTESIAN_POINT('',(0.110236176377953,1.9228346,-0.0638427));
#17728=CARTESIAN_POINT('Origin',(0.1220472,1.9228346,-0.0638427));
#17729=CARTESIAN_POINT('Origin',(0.1220472,1.9228346,0.0861573));
#17730=CARTESIAN_POINT('Origin',(0.1220472,1.9228346,-0.0638427));
#17731=CARTESIAN_POINT('',(0.,0.,0.));
#17732=CARTESIAN_POINT('Origin',(0.1220472,2.2181102,0.0861573));
#17733=CARTESIAN_POINT('',(0.0137794834645669,2.2181102,0.275133677952756));
#17734=CARTESIAN_POINT('Origin',(0.1220472,2.2181102,0.275133677952756));
#17735=CARTESIAN_POINT('',(0.0137794834645669,2.2181102,0.0861573));
#17736=CARTESIAN_POINT('',(0.0137794834645669,2.2181102,0.0861573));
#17737=CARTESIAN_POINT('Origin',(0.1220472,2.2181102,0.0861573));
#17738=CARTESIAN_POINT('Origin',(0.1220472,2.2181102,0.275133677952756));
#17739=CARTESIAN_POINT('',(0.0499999559055118,2.2181102,0.275133677952756));
#17740=CARTESIAN_POINT('Origin',(0.1220472,2.2181102,0.275133677952756));
#17741=CARTESIAN_POINT('Origin',(0.1220472,2.2181102,0.0861573));
#17742=CARTESIAN_POINT('Origin',(0.1220472,2.2181102,0.165291158267717));
#17743=CARTESIAN_POINT('',(0.0499999559055118,2.2181102,0.165291158267717));
#17744=CARTESIAN_POINT('Origin',(0.1220472,2.2181102,0.165291158267717));
#17745=CARTESIAN_POINT('',(0.0499999559055118,2.2181102,0.165291158267717));
#17746=CARTESIAN_POINT('Origin',(0.1220472,2.2181102,0.165291158267717));
#17747=CARTESIAN_POINT('Origin',(0.0720472,2.2681102,-0.0638427));
#17748=CARTESIAN_POINT('',(0.0602361763779527,2.2681102,0.0861573));
#17749=CARTESIAN_POINT('Origin',(0.0720472,2.2681102,0.0861573));
#17750=CARTESIAN_POINT('',(0.0602361763779527,2.2681102,-0.0638427));
#17751=CARTESIAN_POINT('',(0.0602361763779527,2.2681102,-0.0638427));
#17752=CARTESIAN_POINT('Origin',(0.0720472,2.2681102,-0.0638427));
#17753=CARTESIAN_POINT('Origin',(0.0720472,2.2681102,0.0861573));
#17754=CARTESIAN_POINT('Origin',(0.0720472,2.2681102,-0.0638427));
#17755=CARTESIAN_POINT('Origin',(0.0720472,2.2681102,0.0625353));
#17756=CARTESIAN_POINT('',(0.0503936566929134,2.2681102,0.078283331496063));
#17757=CARTESIAN_POINT('Origin',(0.0720472,2.2681102,0.078283331496063));
#17758=CARTESIAN_POINT('',(0.0503936566929134,2.2681102,0.0625353));
#17759=CARTESIAN_POINT('',(0.0503936566929134,2.2681102,0.0625353));
#17760=CARTESIAN_POINT('Origin',(0.0720472,2.2681102,0.0625353));
#17761=CARTESIAN_POINT('Origin',(0.0720472,2.2681102,0.078283331496063));
#17762=CARTESIAN_POINT('Origin',(0.0720472,2.2681102,0.0625353));
#17763=CARTESIAN_POINT('Origin',(0.0720472,2.1681102,-0.0638427));
#17764=CARTESIAN_POINT('',(0.0602361763779527,2.1681102,0.0861573));
#17765=CARTESIAN_POINT('Origin',(0.0720472,2.1681102,0.0861573));
#17766=CARTESIAN_POINT('',(0.0602361763779527,2.1681102,-0.0638427));
#17767=CARTESIAN_POINT('',(0.0602361763779527,2.1681102,-0.0638427));
#17768=CARTESIAN_POINT('Origin',(0.0720472,2.1681102,-0.0638427));
#17769=CARTESIAN_POINT('Origin',(0.0720472,2.1681102,0.0861573));
#17770=CARTESIAN_POINT('Origin',(0.0720472,2.1681102,-0.0638427));
#17771=CARTESIAN_POINT('Origin',(0.0720472,2.1681102,0.0625353));
#17772=CARTESIAN_POINT('',(0.0503936566929134,2.1681102,0.078283331496063));
#17773=CARTESIAN_POINT('Origin',(0.0720472,2.1681102,0.078283331496063));
#17774=CARTESIAN_POINT('',(0.0503936566929134,2.1681102,0.0625353));
#17775=CARTESIAN_POINT('',(0.0503936566929134,2.1681102,0.0625353));
#17776=CARTESIAN_POINT('Origin',(0.0720472,2.1681102,0.0625353));
#17777=CARTESIAN_POINT('Origin',(0.0720472,2.1681102,0.078283331496063));
#17778=CARTESIAN_POINT('Origin',(0.0720472,2.1681102,0.0625353));
#17779=CARTESIAN_POINT('Origin',(0.1720472,2.2681102,-0.0638427));
#17780=CARTESIAN_POINT('',(0.160236176377953,2.2681102,0.0861573));
#17781=CARTESIAN_POINT('Origin',(0.1720472,2.2681102,0.0861573));
#17782=CARTESIAN_POINT('',(0.160236176377953,2.2681102,-0.0638427));
#17783=CARTESIAN_POINT('',(0.160236176377953,2.2681102,-0.0638427));
#17784=CARTESIAN_POINT('Origin',(0.1720472,2.2681102,-0.0638427));
#17785=CARTESIAN_POINT('Origin',(0.1720472,2.2681102,0.0861573));
#17786=CARTESIAN_POINT('Origin',(0.1720472,2.2681102,-0.0638427));
#17787=CARTESIAN_POINT('Origin',(0.1720472,2.2681102,0.0625353));
#17788=CARTESIAN_POINT('',(0.150393656692913,2.2681102,0.078283331496063));
#17789=CARTESIAN_POINT('Origin',(0.1720472,2.2681102,0.078283331496063));
#17790=CARTESIAN_POINT('',(0.150393656692913,2.2681102,0.0625353));
#17791=CARTESIAN_POINT('',(0.150393656692913,2.2681102,0.0625353));
#17792=CARTESIAN_POINT('Origin',(0.1720472,2.2681102,0.0625353));
#17793=CARTESIAN_POINT('Origin',(0.1720472,2.2681102,0.078283331496063));
#17794=CARTESIAN_POINT('Origin',(0.1720472,2.2681102,0.0625353));
#17795=CARTESIAN_POINT('Origin',(0.1720472,2.1681102,-0.0638427));
#17796=CARTESIAN_POINT('',(0.160236176377953,2.1681102,0.0861573));
#17797=CARTESIAN_POINT('Origin',(0.1720472,2.1681102,0.0861573));
#17798=CARTESIAN_POINT('',(0.160236176377953,2.1681102,-0.0638427));
#17799=CARTESIAN_POINT('',(0.160236176377953,2.1681102,-0.0638427));
#17800=CARTESIAN_POINT('Origin',(0.1720472,2.1681102,-0.0638427));
#17801=CARTESIAN_POINT('Origin',(0.1720472,2.1681102,0.0861573));
#17802=CARTESIAN_POINT('Origin',(0.1720472,2.1681102,-0.0638427));
#17803=CARTESIAN_POINT('Origin',(0.1720472,2.1681102,0.0625353));
#17804=CARTESIAN_POINT('',(0.150393656692913,2.1681102,0.078283331496063));
#17805=CARTESIAN_POINT('Origin',(0.1720472,2.1681102,0.078283331496063));
#17806=CARTESIAN_POINT('',(0.150393656692913,2.1681102,0.0625353));
#17807=CARTESIAN_POINT('',(0.150393656692913,2.1681102,0.0625353));
#17808=CARTESIAN_POINT('Origin',(0.1720472,2.1681102,0.0625353));
#17809=CARTESIAN_POINT('Origin',(0.1720472,2.1681102,0.078283331496063));
#17810=CARTESIAN_POINT('Origin',(0.1720472,2.1681102,0.0625353));
#17811=CARTESIAN_POINT('Origin',(0.1220472,2.2181102,-0.0638427));
#17812=CARTESIAN_POINT('',(0.110236176377953,2.2181102,0.0861573));
#17813=CARTESIAN_POINT('Origin',(0.1220472,2.2181102,0.0861573));
#17814=CARTESIAN_POINT('',(0.110236176377953,2.2181102,-0.0638427));
#17815=CARTESIAN_POINT('',(0.110236176377953,2.2181102,-0.0638427));
#17816=CARTESIAN_POINT('Origin',(0.1220472,2.2181102,-0.0638427));
#17817=CARTESIAN_POINT('Origin',(0.1220472,2.2181102,0.0861573));
#17818=CARTESIAN_POINT('Origin',(0.1220472,2.2181102,-0.0638427));
#17819=CARTESIAN_POINT('',(0.,0.,0.));
#17820=CARTESIAN_POINT('Origin',(0.6456693,2.2181102,0.0861573));
#17821=CARTESIAN_POINT('',(0.537401583464567,2.2181102,0.275133677952756));
#17822=CARTESIAN_POINT('Origin',(0.6456693,2.2181102,0.275133677952756));
#17823=CARTESIAN_POINT('',(0.537401583464567,2.2181102,0.0861573));
#17824=CARTESIAN_POINT('',(0.537401583464567,2.2181102,0.0861573));
#17825=CARTESIAN_POINT('Origin',(0.6456693,2.2181102,0.0861573));
#17826=CARTESIAN_POINT('Origin',(0.6456693,2.2181102,0.275133677952756));
#17827=CARTESIAN_POINT('',(0.573622055905512,2.2181102,0.275133677952756));
#17828=CARTESIAN_POINT('Origin',(0.6456693,2.2181102,0.275133677952756));
#17829=CARTESIAN_POINT('Origin',(0.6456693,2.2181102,0.0861573));
#17830=CARTESIAN_POINT('Origin',(0.6456693,2.2181102,0.165291158267717));
#17831=CARTESIAN_POINT('',(0.573622055905512,2.2181102,0.165291158267717));
#17832=CARTESIAN_POINT('Origin',(0.6456693,2.2181102,0.165291158267717));
#17833=CARTESIAN_POINT('',(0.573622055905512,2.2181102,0.165291158267717));
#17834=CARTESIAN_POINT('Origin',(0.6456693,2.2181102,0.165291158267717));
#17835=CARTESIAN_POINT('Origin',(0.5956693,2.2681102,-0.0638427));
#17836=CARTESIAN_POINT('',(0.583858276377953,2.2681102,0.0861573));
#17837=CARTESIAN_POINT('Origin',(0.5956693,2.2681102,0.0861573));
#17838=CARTESIAN_POINT('',(0.583858276377953,2.2681102,-0.0638427));
#17839=CARTESIAN_POINT('',(0.583858276377953,2.2681102,-0.0638427));
#17840=CARTESIAN_POINT('Origin',(0.5956693,2.2681102,-0.0638427));
#17841=CARTESIAN_POINT('Origin',(0.5956693,2.2681102,0.0861573));
#17842=CARTESIAN_POINT('Origin',(0.5956693,2.2681102,-0.0638427));
#17843=CARTESIAN_POINT('Origin',(0.5956693,2.2681102,0.0625353));
#17844=CARTESIAN_POINT('',(0.574015756692913,2.2681102,0.078283331496063));
#17845=CARTESIAN_POINT('Origin',(0.5956693,2.2681102,0.078283331496063));
#17846=CARTESIAN_POINT('',(0.574015756692913,2.2681102,0.0625353));
#17847=CARTESIAN_POINT('',(0.574015756692913,2.2681102,0.0625353));
#17848=CARTESIAN_POINT('Origin',(0.5956693,2.2681102,0.0625353));
#17849=CARTESIAN_POINT('Origin',(0.5956693,2.2681102,0.078283331496063));
#17850=CARTESIAN_POINT('Origin',(0.5956693,2.2681102,0.0625353));
#17851=CARTESIAN_POINT('Origin',(0.5956693,2.1681102,-0.0638427));
#17852=CARTESIAN_POINT('',(0.583858276377953,2.1681102,0.0861573));
#17853=CARTESIAN_POINT('Origin',(0.5956693,2.1681102,0.0861573));
#17854=CARTESIAN_POINT('',(0.583858276377953,2.1681102,-0.0638427));
#17855=CARTESIAN_POINT('',(0.583858276377953,2.1681102,-0.0638427));
#17856=CARTESIAN_POINT('Origin',(0.5956693,2.1681102,-0.0638427));
#17857=CARTESIAN_POINT('Origin',(0.5956693,2.1681102,0.0861573));
#17858=CARTESIAN_POINT('Origin',(0.5956693,2.1681102,-0.0638427));
#17859=CARTESIAN_POINT('Origin',(0.5956693,2.1681102,0.0625353));
#17860=CARTESIAN_POINT('',(0.574015756692913,2.1681102,0.078283331496063));
#17861=CARTESIAN_POINT('Origin',(0.5956693,2.1681102,0.078283331496063));
#17862=CARTESIAN_POINT('',(0.574015756692913,2.1681102,0.0625353));
#17863=CARTESIAN_POINT('',(0.574015756692913,2.1681102,0.0625353));
#17864=CARTESIAN_POINT('Origin',(0.5956693,2.1681102,0.0625353));
#17865=CARTESIAN_POINT('Origin',(0.5956693,2.1681102,0.078283331496063));
#17866=CARTESIAN_POINT('Origin',(0.5956693,2.1681102,0.0625353));
#17867=CARTESIAN_POINT('Origin',(0.6956693,2.2681102,-0.0638427));
#17868=CARTESIAN_POINT('',(0.683858276377953,2.2681102,0.0861573));
#17869=CARTESIAN_POINT('Origin',(0.6956693,2.2681102,0.0861573));
#17870=CARTESIAN_POINT('',(0.683858276377953,2.2681102,-0.0638427));
#17871=CARTESIAN_POINT('',(0.683858276377953,2.2681102,-0.0638427));
#17872=CARTESIAN_POINT('Origin',(0.6956693,2.2681102,-0.0638427));
#17873=CARTESIAN_POINT('Origin',(0.6956693,2.2681102,0.0861573));
#17874=CARTESIAN_POINT('Origin',(0.6956693,2.2681102,-0.0638427));
#17875=CARTESIAN_POINT('Origin',(0.6956693,2.2681102,0.0625353));
#17876=CARTESIAN_POINT('',(0.674015756692913,2.2681102,0.078283331496063));
#17877=CARTESIAN_POINT('Origin',(0.6956693,2.2681102,0.078283331496063));
#17878=CARTESIAN_POINT('',(0.674015756692913,2.2681102,0.0625353));
#17879=CARTESIAN_POINT('',(0.674015756692913,2.2681102,0.0625353));
#17880=CARTESIAN_POINT('Origin',(0.6956693,2.2681102,0.0625353));
#17881=CARTESIAN_POINT('Origin',(0.6956693,2.2681102,0.078283331496063));
#17882=CARTESIAN_POINT('Origin',(0.6956693,2.2681102,0.0625353));
#17883=CARTESIAN_POINT('Origin',(0.6956693,2.1681102,-0.0638427));
#17884=CARTESIAN_POINT('',(0.683858276377953,2.1681102,0.0861573));
#17885=CARTESIAN_POINT('Origin',(0.6956693,2.1681102,0.0861573));
#17886=CARTESIAN_POINT('',(0.683858276377953,2.1681102,-0.0638427));
#17887=CARTESIAN_POINT('',(0.683858276377953,2.1681102,-0.0638427));
#17888=CARTESIAN_POINT('Origin',(0.6956693,2.1681102,-0.0638427));
#17889=CARTESIAN_POINT('Origin',(0.6956693,2.1681102,0.0861573));
#17890=CARTESIAN_POINT('Origin',(0.6956693,2.1681102,-0.0638427));
#17891=CARTESIAN_POINT('Origin',(0.6956693,2.1681102,0.0625353));
#17892=CARTESIAN_POINT('',(0.674015756692913,2.1681102,0.078283331496063));
#17893=CARTESIAN_POINT('Origin',(0.6956693,2.1681102,0.078283331496063));
#17894=CARTESIAN_POINT('',(0.674015756692913,2.1681102,0.0625353));
#17895=CARTESIAN_POINT('',(0.674015756692913,2.1681102,0.0625353));
#17896=CARTESIAN_POINT('Origin',(0.6956693,2.1681102,0.0625353));
#17897=CARTESIAN_POINT('Origin',(0.6956693,2.1681102,0.078283331496063));
#17898=CARTESIAN_POINT('Origin',(0.6956693,2.1681102,0.0625353));
#17899=CARTESIAN_POINT('Origin',(0.6456693,2.2181102,-0.0638427));
#17900=CARTESIAN_POINT('',(0.633858276377953,2.2181102,0.0861573));
#17901=CARTESIAN_POINT('Origin',(0.6456693,2.2181102,0.0861573));
#17902=CARTESIAN_POINT('',(0.633858276377953,2.2181102,-0.0638427));
#17903=CARTESIAN_POINT('',(0.633858276377953,2.2181102,-0.0638427));
#17904=CARTESIAN_POINT('Origin',(0.6456693,2.2181102,-0.0638427));
#17905=CARTESIAN_POINT('Origin',(0.6456693,2.2181102,0.0861573));
#17906=CARTESIAN_POINT('Origin',(0.6456693,2.2181102,-0.0638427));
#17907=CARTESIAN_POINT('',(0.,0.,0.));
#17908=CARTESIAN_POINT('Origin',(0.0413386149606299,0.103346406299213,0.0668660535433071));
#17909=CARTESIAN_POINT('',(0.0413386149606299,0.103346406299213,0.0668660535433071));
#17910=CARTESIAN_POINT('',(0.0413386149606299,0.103346406299213,0.112141644094488));
#17911=CARTESIAN_POINT('',(0.0413386149606299,0.103346406299213,0.0668660535433071));
#17912=CARTESIAN_POINT('',(0.0413386149606299,0.252952705511811,0.112141644094488));
#17913=CARTESIAN_POINT('',(0.0413386149606299,0.103346406299213,0.112141644094488));
#17914=CARTESIAN_POINT('',(0.0413386149606299,0.252952705511811,0.0668660535433071));
#17915=CARTESIAN_POINT('',(0.0413386149606299,0.252952705511811,0.0668660535433071));
#17916=CARTESIAN_POINT('',(0.0413386149606299,0.103346406299213,0.0668660535433071));
#17917=CARTESIAN_POINT('Origin',(0.72637798503937,0.103346406299213,0.0668660535433071));
#17918=CARTESIAN_POINT('',(0.72637798503937,0.103346406299213,0.0668660535433071));
#17919=CARTESIAN_POINT('',(0.72637798503937,0.103346406299213,0.112141644094488));
#17920=CARTESIAN_POINT('',(0.72637798503937,0.103346406299213,0.0668660535433071));
#17921=CARTESIAN_POINT('',(0.72637798503937,0.252952705511811,0.0668660535433071));
#17922=CARTESIAN_POINT('',(0.72637798503937,0.103346406299213,0.0668660535433071));
#17923=CARTESIAN_POINT('',(0.72637798503937,0.252952705511811,0.112141644094488));
#17924=CARTESIAN_POINT('',(0.72637798503937,0.252952705511811,0.0668660535433071));
#17925=CARTESIAN_POINT('',(0.72637798503937,0.103346406299213,0.112141644094488));
#17926=CARTESIAN_POINT('Origin',(0.0413386149606299,0.103346406299213,0.0668660535433071));
#17927=CARTESIAN_POINT('',(0.0413386149606299,0.103346406299213,0.0668660535433071));
#17928=CARTESIAN_POINT('',(0.0413386149606299,0.103346406299213,0.112141644094488));
#17929=CARTESIAN_POINT('Origin',(0.0413386149606299,0.252952705511811,0.0668660535433071));
#17930=CARTESIAN_POINT('',(0.0413386149606299,0.252952705511811,0.0668660535433071));
#17931=CARTESIAN_POINT('',(0.0413386149606299,0.252952705511811,0.112141644094488));
#17932=CARTESIAN_POINT('Origin',(0.0413386149606299,0.103346406299213,0.0668660535433071));
#17933=CARTESIAN_POINT('Origin',(0.0413386149606299,0.103346406299213,0.112141644094488));
#17934=CARTESIAN_POINT('',(0.,0.,0.));
#17935=CARTESIAN_POINT('Origin',(0.29133865,1.7795275,-0.000196850393700787));
#17936=CARTESIAN_POINT('',(0.29133865,1.7795275,-0.000196850393700787));
#17937=CARTESIAN_POINT('',(0.29133865,1.7795275,0.));
#17938=CARTESIAN_POINT('',(0.29133865,1.7795275,-0.000196850393700787));
#17939=CARTESIAN_POINT('',(0.29133865,1.7598425,0.));
#17940=CARTESIAN_POINT('',(0.29133865,1.7795275,0.));
#17941=CARTESIAN_POINT('',(0.29133865,1.7598425,-0.000196850393700787));
#17942=CARTESIAN_POINT('',(0.29133865,1.7598425,-0.000196850393700787));
#17943=CARTESIAN_POINT('',(0.29133865,1.7795275,-0.000196850393700787));
#17944=CARTESIAN_POINT('Origin',(0.25196855,1.7795275,-0.000196850393700787));
#17945=CARTESIAN_POINT('',(0.25196855,1.7795275,-0.000196850393700787));
#17946=CARTESIAN_POINT('',(0.25196855,1.7795275,0.));
#17947=CARTESIAN_POINT('',(0.25196855,1.7795275,-0.000196850393700787));
#17948=CARTESIAN_POINT('',(0.25196855,1.7598425,-0.000196850393700787));
#17949=CARTESIAN_POINT('',(0.25196855,1.7795275,-0.000196850393700787));
#17950=CARTESIAN_POINT('',(0.25196855,1.7598425,0.));
#17951=CARTESIAN_POINT('',(0.25196855,1.7598425,-0.000196850393700787));
#17952=CARTESIAN_POINT('',(0.25196855,1.7795275,0.));
#17953=CARTESIAN_POINT('Origin',(0.29133865,1.7795275,-0.000196850393700787));
#17954=CARTESIAN_POINT('',(0.29133865,1.7795275,-0.000196850393700787));
#17955=CARTESIAN_POINT('',(0.29133865,1.7795275,0.));
#17956=CARTESIAN_POINT('Origin',(0.29133865,1.7598425,-0.000196850393700787));
#17957=CARTESIAN_POINT('',(0.29133865,1.7598425,-0.000196850393700787));
#17958=CARTESIAN_POINT('',(0.29133865,1.7598425,0.));
#17959=CARTESIAN_POINT('Origin',(0.29133865,1.7795275,-0.000196850393700787));
#17960=CARTESIAN_POINT('Origin',(0.29133865,1.7795275,0.));
#17961=CARTESIAN_POINT('Origin',(0.29133865,1.7519684,-0.000196850393700787));
#17962=CARTESIAN_POINT('',(0.29133865,1.7519684,-0.000196850393700787));
#17963=CARTESIAN_POINT('',(0.29133865,1.7519684,0.));
#17964=CARTESIAN_POINT('',(0.29133865,1.7519684,-0.000196850393700787));
#17965=CARTESIAN_POINT('',(0.29133865,1.7322834,0.));
#17966=CARTESIAN_POINT('',(0.29133865,1.7519684,0.));
#17967=CARTESIAN_POINT('',(0.29133865,1.7322834,-0.000196850393700787));
#17968=CARTESIAN_POINT('',(0.29133865,1.7322834,-0.000196850393700787));
#17969=CARTESIAN_POINT('',(0.29133865,1.7519684,-0.000196850393700787));
#17970=CARTESIAN_POINT('Origin',(0.25196855,1.7519684,-0.000196850393700787));
#17971=CARTESIAN_POINT('',(0.25196855,1.7519684,-0.000196850393700787));
#17972=CARTESIAN_POINT('',(0.25196855,1.7519684,0.));
#17973=CARTESIAN_POINT('',(0.25196855,1.7519684,-0.000196850393700787));
#17974=CARTESIAN_POINT('',(0.25196855,1.7322834,-0.000196850393700787));
#17975=CARTESIAN_POINT('',(0.25196855,1.7519684,-0.000196850393700787));
#17976=CARTESIAN_POINT('',(0.25196855,1.7322834,0.));
#17977=CARTESIAN_POINT('',(0.25196855,1.7322834,-0.000196850393700787));
#17978=CARTESIAN_POINT('',(0.25196855,1.7519684,0.));
#17979=CARTESIAN_POINT('Origin',(0.29133865,1.7519684,-0.000196850393700787));
#17980=CARTESIAN_POINT('',(0.29133865,1.7519684,-0.000196850393700787));
#17981=CARTESIAN_POINT('',(0.29133865,1.7519684,0.));
#17982=CARTESIAN_POINT('Origin',(0.29133865,1.7322834,-0.000196850393700787));
#17983=CARTESIAN_POINT('',(0.29133865,1.7322834,-0.000196850393700787));
#17984=CARTESIAN_POINT('',(0.29133865,1.7322834,0.));
#17985=CARTESIAN_POINT('Origin',(0.29133865,1.7519684,-0.000196850393700787));
#17986=CARTESIAN_POINT('Origin',(0.29133865,1.7519684,0.));
#17987=CARTESIAN_POINT('Origin',(0.3267717,1.76574795,-0.000196850393700787));
#17988=CARTESIAN_POINT('',(0.3267717,1.76574795,-0.000196850393700787));
#17989=CARTESIAN_POINT('',(0.3267717,1.76574795,0.));
#17990=CARTESIAN_POINT('',(0.3267717,1.76574795,-0.000196850393700787));
#17991=CARTESIAN_POINT('',(0.3070867,1.76574795,0.));
#17992=CARTESIAN_POINT('',(0.3267717,1.76574795,0.));
#17993=CARTESIAN_POINT('',(0.3070867,1.76574795,-0.000196850393700787));
#17994=CARTESIAN_POINT('',(0.3070867,1.76574795,-0.000196850393700787));
#17995=CARTESIAN_POINT('',(0.3267717,1.76574795,-0.000196850393700787));
#17996=CARTESIAN_POINT('Origin',(0.3267717,1.80511805,-0.000196850393700787));
#17997=CARTESIAN_POINT('',(0.3267717,1.80511805,-0.000196850393700787));
#17998=CARTESIAN_POINT('',(0.3267717,1.80511805,0.));
#17999=CARTESIAN_POINT('',(0.3267717,1.80511805,-0.000196850393700787));
#18000=CARTESIAN_POINT('',(0.3070867,1.80511805,-0.000196850393700787));
#18001=CARTESIAN_POINT('',(0.3267717,1.80511805,-0.000196850393700787));
#18002=CARTESIAN_POINT('',(0.3070867,1.80511805,0.));
#18003=CARTESIAN_POINT('',(0.3070867,1.80511805,-0.000196850393700787));
#18004=CARTESIAN_POINT('',(0.3267717,1.80511805,0.));
#18005=CARTESIAN_POINT('Origin',(0.3267717,1.76574795,-0.000196850393700787));
#18006=CARTESIAN_POINT('',(0.3267717,1.76574795,-0.000196850393700787));
#18007=CARTESIAN_POINT('',(0.3267717,1.76574795,0.));
#18008=CARTESIAN_POINT('Origin',(0.3070867,1.76574795,-0.000196850393700787));
#18009=CARTESIAN_POINT('',(0.3070867,1.76574795,-0.000196850393700787));
#18010=CARTESIAN_POINT('',(0.3070867,1.76574795,0.));
#18011=CARTESIAN_POINT('Origin',(0.3267717,1.76574795,-0.000196850393700787));
#18012=CARTESIAN_POINT('Origin',(0.3267717,1.76574795,0.));
#18013=CARTESIAN_POINT('Origin',(0.29133865,1.7244094,-0.000196850393700787));
#18014=CARTESIAN_POINT('',(0.29133865,1.7244094,-0.000196850393700787));
#18015=CARTESIAN_POINT('',(0.29133865,1.7244094,0.));
#18016=CARTESIAN_POINT('',(0.29133865,1.7244094,-0.000196850393700787));
#18017=CARTESIAN_POINT('',(0.29133865,1.7047244,0.));
#18018=CARTESIAN_POINT('',(0.29133865,1.7244094,0.));
#18019=CARTESIAN_POINT('',(0.29133865,1.7047244,-0.000196850393700787));
#18020=CARTESIAN_POINT('',(0.29133865,1.7047244,-0.000196850393700787));
#18021=CARTESIAN_POINT('',(0.29133865,1.7244094,-0.000196850393700787));
#18022=CARTESIAN_POINT('Origin',(0.25196855,1.7244094,-0.000196850393700787));
#18023=CARTESIAN_POINT('',(0.25196855,1.7244094,-0.000196850393700787));
#18024=CARTESIAN_POINT('',(0.25196855,1.7244094,0.));
#18025=CARTESIAN_POINT('',(0.25196855,1.7244094,-0.000196850393700787));
#18026=CARTESIAN_POINT('',(0.25196855,1.7047244,-0.000196850393700787));
#18027=CARTESIAN_POINT('',(0.25196855,1.7244094,-0.000196850393700787));
#18028=CARTESIAN_POINT('',(0.25196855,1.7047244,0.));
#18029=CARTESIAN_POINT('',(0.25196855,1.7047244,-0.000196850393700787));
#18030=CARTESIAN_POINT('',(0.25196855,1.7244094,0.));
#18031=CARTESIAN_POINT('Origin',(0.29133865,1.7244094,-0.000196850393700787));
#18032=CARTESIAN_POINT('',(0.29133865,1.7244094,-0.000196850393700787));
#18033=CARTESIAN_POINT('',(0.29133865,1.7244094,0.));
#18034=CARTESIAN_POINT('Origin',(0.29133865,1.7047244,-0.000196850393700787));
#18035=CARTESIAN_POINT('',(0.29133865,1.7047244,-0.000196850393700787));
#18036=CARTESIAN_POINT('',(0.29133865,1.7047244,0.));
#18037=CARTESIAN_POINT('Origin',(0.29133865,1.7244094,-0.000196850393700787));
#18038=CARTESIAN_POINT('Origin',(0.29133865,1.7244094,0.));
#18039=CARTESIAN_POINT('Origin',(0.29133865,1.6968503,-0.000196850393700787));
#18040=CARTESIAN_POINT('',(0.29133865,1.6968503,-0.000196850393700787));
#18041=CARTESIAN_POINT('',(0.29133865,1.6968503,0.));
#18042=CARTESIAN_POINT('',(0.29133865,1.6968503,-0.000196850393700787));
#18043=CARTESIAN_POINT('',(0.29133865,1.6771653,0.));
#18044=CARTESIAN_POINT('',(0.29133865,1.6968503,0.));
#18045=CARTESIAN_POINT('',(0.29133865,1.6771653,-0.000196850393700787));
#18046=CARTESIAN_POINT('',(0.29133865,1.6771653,-0.000196850393700787));
#18047=CARTESIAN_POINT('',(0.29133865,1.6968503,-0.000196850393700787));
#18048=CARTESIAN_POINT('Origin',(0.25196855,1.6968503,-0.000196850393700787));
#18049=CARTESIAN_POINT('',(0.25196855,1.6968503,-0.000196850393700787));
#18050=CARTESIAN_POINT('',(0.25196855,1.6968503,0.));
#18051=CARTESIAN_POINT('',(0.25196855,1.6968503,-0.000196850393700787));
#18052=CARTESIAN_POINT('',(0.25196855,1.6771653,-0.000196850393700787));
#18053=CARTESIAN_POINT('',(0.25196855,1.6968503,-0.000196850393700787));
#18054=CARTESIAN_POINT('',(0.25196855,1.6771653,0.));
#18055=CARTESIAN_POINT('',(0.25196855,1.6771653,-0.000196850393700787));
#18056=CARTESIAN_POINT('',(0.25196855,1.6968503,0.));
#18057=CARTESIAN_POINT('Origin',(0.29133865,1.6968503,-0.000196850393700787));
#18058=CARTESIAN_POINT('',(0.29133865,1.6968503,-0.000196850393700787));
#18059=CARTESIAN_POINT('',(0.29133865,1.6968503,0.));
#18060=CARTESIAN_POINT('Origin',(0.29133865,1.6771653,-0.000196850393700787));
#18061=CARTESIAN_POINT('',(0.29133865,1.6771653,-0.000196850393700787));
#18062=CARTESIAN_POINT('',(0.29133865,1.6771653,0.));
#18063=CARTESIAN_POINT('Origin',(0.29133865,1.6968503,-0.000196850393700787));
#18064=CARTESIAN_POINT('Origin',(0.29133865,1.6968503,0.));
#18065=CARTESIAN_POINT('Origin',(0.29133865,1.6692913,-0.000196850393700787));
#18066=CARTESIAN_POINT('',(0.29133865,1.6692913,-0.000196850393700787));
#18067=CARTESIAN_POINT('',(0.29133865,1.6692913,0.));
#18068=CARTESIAN_POINT('',(0.29133865,1.6692913,-0.000196850393700787));
#18069=CARTESIAN_POINT('',(0.29133865,1.6496063,0.));
#18070=CARTESIAN_POINT('',(0.29133865,1.6692913,0.));
#18071=CARTESIAN_POINT('',(0.29133865,1.6496063,-0.000196850393700787));
#18072=CARTESIAN_POINT('',(0.29133865,1.6496063,-0.000196850393700787));
#18073=CARTESIAN_POINT('',(0.29133865,1.6692913,-0.000196850393700787));
#18074=CARTESIAN_POINT('Origin',(0.25196855,1.6692913,-0.000196850393700787));
#18075=CARTESIAN_POINT('',(0.25196855,1.6692913,-0.000196850393700787));
#18076=CARTESIAN_POINT('',(0.25196855,1.6692913,0.));
#18077=CARTESIAN_POINT('',(0.25196855,1.6692913,-0.000196850393700787));
#18078=CARTESIAN_POINT('',(0.25196855,1.6496063,-0.000196850393700787));
#18079=CARTESIAN_POINT('',(0.25196855,1.6692913,-0.000196850393700787));
#18080=CARTESIAN_POINT('',(0.25196855,1.6496063,0.));
#18081=CARTESIAN_POINT('',(0.25196855,1.6496063,-0.000196850393700787));
#18082=CARTESIAN_POINT('',(0.25196855,1.6692913,0.));
#18083=CARTESIAN_POINT('Origin',(0.29133865,1.6692913,-0.000196850393700787));
#18084=CARTESIAN_POINT('',(0.29133865,1.6692913,-0.000196850393700787));
#18085=CARTESIAN_POINT('',(0.29133865,1.6692913,0.));
#18086=CARTESIAN_POINT('Origin',(0.29133865,1.6496063,-0.000196850393700787));
#18087=CARTESIAN_POINT('',(0.29133865,1.6496063,-0.000196850393700787));
#18088=CARTESIAN_POINT('',(0.29133865,1.6496063,0.));
#18089=CARTESIAN_POINT('Origin',(0.29133865,1.6692913,-0.000196850393700787));
#18090=CARTESIAN_POINT('Origin',(0.29133865,1.6692913,0.));
#18091=CARTESIAN_POINT('Origin',(0.29133865,1.6417322,-0.000196850393700787));
#18092=CARTESIAN_POINT('',(0.29133865,1.6417322,-0.000196850393700787));
#18093=CARTESIAN_POINT('',(0.29133865,1.6417322,0.));
#18094=CARTESIAN_POINT('',(0.29133865,1.6417322,-0.000196850393700787));
#18095=CARTESIAN_POINT('',(0.29133865,1.6220472,0.));
#18096=CARTESIAN_POINT('',(0.29133865,1.6417322,0.));
#18097=CARTESIAN_POINT('',(0.29133865,1.6220472,-0.000196850393700787));
#18098=CARTESIAN_POINT('',(0.29133865,1.6220472,-0.000196850393700787));
#18099=CARTESIAN_POINT('',(0.29133865,1.6417322,-0.000196850393700787));
#18100=CARTESIAN_POINT('Origin',(0.25196855,1.6417322,-0.000196850393700787));
#18101=CARTESIAN_POINT('',(0.25196855,1.6417322,-0.000196850393700787));
#18102=CARTESIAN_POINT('',(0.25196855,1.6417322,0.));
#18103=CARTESIAN_POINT('',(0.25196855,1.6417322,-0.000196850393700787));
#18104=CARTESIAN_POINT('',(0.25196855,1.6220472,-0.000196850393700787));
#18105=CARTESIAN_POINT('',(0.25196855,1.6417322,-0.000196850393700787));
#18106=CARTESIAN_POINT('',(0.25196855,1.6220472,0.));
#18107=CARTESIAN_POINT('',(0.25196855,1.6220472,-0.000196850393700787));
#18108=CARTESIAN_POINT('',(0.25196855,1.6417322,0.));
#18109=CARTESIAN_POINT('Origin',(0.29133865,1.6417322,-0.000196850393700787));
#18110=CARTESIAN_POINT('',(0.29133865,1.6417322,-0.000196850393700787));
#18111=CARTESIAN_POINT('',(0.29133865,1.6417322,0.));
#18112=CARTESIAN_POINT('Origin',(0.29133865,1.6220472,-0.000196850393700787));
#18113=CARTESIAN_POINT('',(0.29133865,1.6220472,-0.000196850393700787));
#18114=CARTESIAN_POINT('',(0.29133865,1.6220472,0.));
#18115=CARTESIAN_POINT('Origin',(0.29133865,1.6417322,-0.000196850393700787));
#18116=CARTESIAN_POINT('Origin',(0.29133865,1.6417322,0.));
#18117=CARTESIAN_POINT('Origin',(0.29133865,1.6141732,-0.000196850393700787));
#18118=CARTESIAN_POINT('',(0.29133865,1.6141732,-0.000196850393700787));
#18119=CARTESIAN_POINT('',(0.29133865,1.6141732,0.));
#18120=CARTESIAN_POINT('',(0.29133865,1.6141732,-0.000196850393700787));
#18121=CARTESIAN_POINT('',(0.29133865,1.5944882,0.));
#18122=CARTESIAN_POINT('',(0.29133865,1.6141732,0.));
#18123=CARTESIAN_POINT('',(0.29133865,1.5944882,-0.000196850393700787));
#18124=CARTESIAN_POINT('',(0.29133865,1.5944882,-0.000196850393700787));
#18125=CARTESIAN_POINT('',(0.29133865,1.6141732,-0.000196850393700787));
#18126=CARTESIAN_POINT('Origin',(0.25196855,1.6141732,-0.000196850393700787));
#18127=CARTESIAN_POINT('',(0.25196855,1.6141732,-0.000196850393700787));
#18128=CARTESIAN_POINT('',(0.25196855,1.6141732,0.));
#18129=CARTESIAN_POINT('',(0.25196855,1.6141732,-0.000196850393700787));
#18130=CARTESIAN_POINT('',(0.25196855,1.5944882,-0.000196850393700787));
#18131=CARTESIAN_POINT('',(0.25196855,1.6141732,-0.000196850393700787));
#18132=CARTESIAN_POINT('',(0.25196855,1.5944882,0.));
#18133=CARTESIAN_POINT('',(0.25196855,1.5944882,-0.000196850393700787));
#18134=CARTESIAN_POINT('',(0.25196855,1.6141732,0.));
#18135=CARTESIAN_POINT('Origin',(0.29133865,1.6141732,-0.000196850393700787));
#18136=CARTESIAN_POINT('',(0.29133865,1.6141732,-0.000196850393700787));
#18137=CARTESIAN_POINT('',(0.29133865,1.6141732,0.));
#18138=CARTESIAN_POINT('Origin',(0.29133865,1.5944882,-0.000196850393700787));
#18139=CARTESIAN_POINT('',(0.29133865,1.5944882,-0.000196850393700787));
#18140=CARTESIAN_POINT('',(0.29133865,1.5944882,0.));
#18141=CARTESIAN_POINT('Origin',(0.29133865,1.6141732,-0.000196850393700787));
#18142=CARTESIAN_POINT('Origin',(0.29133865,1.6141732,0.));
#18143=CARTESIAN_POINT('Origin',(0.2972441,1.54133855,-0.000196850393700787));
#18144=CARTESIAN_POINT('',(0.2972441,1.54133855,-0.000196850393700787));
#18145=CARTESIAN_POINT('',(0.2972441,1.54133855,0.));
#18146=CARTESIAN_POINT('',(0.2972441,1.54133855,-0.000196850393700787));
#18147=CARTESIAN_POINT('',(0.2775591,1.54133855,0.));
#18148=CARTESIAN_POINT('',(0.2972441,1.54133855,0.));
#18149=CARTESIAN_POINT('',(0.2775591,1.54133855,-0.000196850393700787));
#18150=CARTESIAN_POINT('',(0.2775591,1.54133855,-0.000196850393700787));
#18151=CARTESIAN_POINT('',(0.2972441,1.54133855,-0.000196850393700787));
#18152=CARTESIAN_POINT('Origin',(0.2972441,1.58070865,-0.000196850393700787));
#18153=CARTESIAN_POINT('',(0.2972441,1.58070865,-0.000196850393700787));
#18154=CARTESIAN_POINT('',(0.2972441,1.58070865,0.));
#18155=CARTESIAN_POINT('',(0.2972441,1.58070865,-0.000196850393700787));
#18156=CARTESIAN_POINT('',(0.2775591,1.58070865,-0.000196850393700787));
#18157=CARTESIAN_POINT('',(0.2972441,1.58070865,-0.000196850393700787));
#18158=CARTESIAN_POINT('',(0.2775591,1.58070865,0.));
#18159=CARTESIAN_POINT('',(0.2775591,1.58070865,-0.000196850393700787));
#18160=CARTESIAN_POINT('',(0.2972441,1.58070865,0.));
#18161=CARTESIAN_POINT('Origin',(0.2972441,1.54133855,-0.000196850393700787));
#18162=CARTESIAN_POINT('',(0.2972441,1.54133855,-0.000196850393700787));
#18163=CARTESIAN_POINT('',(0.2972441,1.54133855,0.));
#18164=CARTESIAN_POINT('Origin',(0.2775591,1.54133855,-0.000196850393700787));
#18165=CARTESIAN_POINT('',(0.2775591,1.54133855,-0.000196850393700787));
#18166=CARTESIAN_POINT('',(0.2775591,1.54133855,0.));
#18167=CARTESIAN_POINT('Origin',(0.2972441,1.54133855,-0.000196850393700787));
#18168=CARTESIAN_POINT('Origin',(0.2972441,1.54133855,0.));
#18169=CARTESIAN_POINT('Origin',(0.3248032,1.54133855,-0.000196850393700787));
#18170=CARTESIAN_POINT('',(0.3248032,1.54133855,-0.000196850393700787));
#18171=CARTESIAN_POINT('',(0.3248032,1.54133855,0.));
#18172=CARTESIAN_POINT('',(0.3248032,1.54133855,-0.000196850393700787));
#18173=CARTESIAN_POINT('',(0.3051182,1.54133855,0.));
#18174=CARTESIAN_POINT('',(0.3248032,1.54133855,0.));
#18175=CARTESIAN_POINT('',(0.3051182,1.54133855,-0.000196850393700787));
#18176=CARTESIAN_POINT('',(0.3051182,1.54133855,-0.000196850393700787));
#18177=CARTESIAN_POINT('',(0.3248032,1.54133855,-0.000196850393700787));
#18178=CARTESIAN_POINT('Origin',(0.3248032,1.58070865,-0.000196850393700787));
#18179=CARTESIAN_POINT('',(0.3248032,1.58070865,-0.000196850393700787));
#18180=CARTESIAN_POINT('',(0.3248032,1.58070865,0.));
#18181=CARTESIAN_POINT('',(0.3248032,1.58070865,-0.000196850393700787));
#18182=CARTESIAN_POINT('',(0.3051182,1.58070865,-0.000196850393700787));
#18183=CARTESIAN_POINT('',(0.3248032,1.58070865,-0.000196850393700787));
#18184=CARTESIAN_POINT('',(0.3051182,1.58070865,0.));
#18185=CARTESIAN_POINT('',(0.3051182,1.58070865,-0.000196850393700787));
#18186=CARTESIAN_POINT('',(0.3248032,1.58070865,0.));
#18187=CARTESIAN_POINT('Origin',(0.3248032,1.54133855,-0.000196850393700787));
#18188=CARTESIAN_POINT('',(0.3248032,1.54133855,-0.000196850393700787));
#18189=CARTESIAN_POINT('',(0.3248032,1.54133855,0.));
#18190=CARTESIAN_POINT('Origin',(0.3051182,1.54133855,-0.000196850393700787));
#18191=CARTESIAN_POINT('',(0.3051182,1.54133855,-0.000196850393700787));
#18192=CARTESIAN_POINT('',(0.3051182,1.54133855,0.));
#18193=CARTESIAN_POINT('Origin',(0.3248032,1.54133855,-0.000196850393700787));
#18194=CARTESIAN_POINT('Origin',(0.3248032,1.54133855,0.));
#18195=CARTESIAN_POINT('Origin',(0.3523622,1.54133855,-0.000196850393700787));
#18196=CARTESIAN_POINT('',(0.3523622,1.54133855,-0.000196850393700787));
#18197=CARTESIAN_POINT('',(0.3523622,1.54133855,0.));
#18198=CARTESIAN_POINT('',(0.3523622,1.54133855,-0.000196850393700787));
#18199=CARTESIAN_POINT('',(0.3326772,1.54133855,0.));
#18200=CARTESIAN_POINT('',(0.3523622,1.54133855,0.));
#18201=CARTESIAN_POINT('',(0.3326772,1.54133855,-0.000196850393700787));
#18202=CARTESIAN_POINT('',(0.3326772,1.54133855,-0.000196850393700787));
#18203=CARTESIAN_POINT('',(0.3523622,1.54133855,-0.000196850393700787));
#18204=CARTESIAN_POINT('Origin',(0.3523622,1.58070865,-0.000196850393700787));
#18205=CARTESIAN_POINT('',(0.3523622,1.58070865,-0.000196850393700787));
#18206=CARTESIAN_POINT('',(0.3523622,1.58070865,0.));
#18207=CARTESIAN_POINT('',(0.3523622,1.58070865,-0.000196850393700787));
#18208=CARTESIAN_POINT('',(0.3326772,1.58070865,-0.000196850393700787));
#18209=CARTESIAN_POINT('',(0.3523622,1.58070865,-0.000196850393700787));
#18210=CARTESIAN_POINT('',(0.3326772,1.58070865,0.));
#18211=CARTESIAN_POINT('',(0.3326772,1.58070865,-0.000196850393700787));
#18212=CARTESIAN_POINT('',(0.3523622,1.58070865,0.));
#18213=CARTESIAN_POINT('Origin',(0.3523622,1.54133855,-0.000196850393700787));
#18214=CARTESIAN_POINT('',(0.3523622,1.54133855,-0.000196850393700787));
#18215=CARTESIAN_POINT('',(0.3523622,1.54133855,0.));
#18216=CARTESIAN_POINT('Origin',(0.3326772,1.54133855,-0.000196850393700787));
#18217=CARTESIAN_POINT('',(0.3326772,1.54133855,-0.000196850393700787));
#18218=CARTESIAN_POINT('',(0.3326772,1.54133855,0.));
#18219=CARTESIAN_POINT('Origin',(0.3523622,1.54133855,-0.000196850393700787));
#18220=CARTESIAN_POINT('Origin',(0.3523622,1.54133855,0.));
#18221=CARTESIAN_POINT('Origin',(0.3799213,1.54133855,-0.000196850393700787));
#18222=CARTESIAN_POINT('',(0.3799213,1.54133855,-0.000196850393700787));
#18223=CARTESIAN_POINT('',(0.3799213,1.54133855,0.));
#18224=CARTESIAN_POINT('',(0.3799213,1.54133855,-0.000196850393700787));
#18225=CARTESIAN_POINT('',(0.3602363,1.54133855,0.));
#18226=CARTESIAN_POINT('',(0.3799213,1.54133855,0.));
#18227=CARTESIAN_POINT('',(0.3602363,1.54133855,-0.000196850393700787));
#18228=CARTESIAN_POINT('',(0.3602363,1.54133855,-0.000196850393700787));
#18229=CARTESIAN_POINT('',(0.3799213,1.54133855,-0.000196850393700787));
#18230=CARTESIAN_POINT('Origin',(0.3799213,1.58070865,-0.000196850393700787));
#18231=CARTESIAN_POINT('',(0.3799213,1.58070865,-0.000196850393700787));
#18232=CARTESIAN_POINT('',(0.3799213,1.58070865,0.));
#18233=CARTESIAN_POINT('',(0.3799213,1.58070865,-0.000196850393700787));
#18234=CARTESIAN_POINT('',(0.3602363,1.58070865,-0.000196850393700787));
#18235=CARTESIAN_POINT('',(0.3799213,1.58070865,-0.000196850393700787));
#18236=CARTESIAN_POINT('',(0.3602363,1.58070865,0.));
#18237=CARTESIAN_POINT('',(0.3602363,1.58070865,-0.000196850393700787));
#18238=CARTESIAN_POINT('',(0.3799213,1.58070865,0.));
#18239=CARTESIAN_POINT('Origin',(0.3799213,1.54133855,-0.000196850393700787));
#18240=CARTESIAN_POINT('',(0.3799213,1.54133855,-0.000196850393700787));
#18241=CARTESIAN_POINT('',(0.3799213,1.54133855,0.));
#18242=CARTESIAN_POINT('Origin',(0.3602363,1.54133855,-0.000196850393700787));
#18243=CARTESIAN_POINT('',(0.3602363,1.54133855,-0.000196850393700787));
#18244=CARTESIAN_POINT('',(0.3602363,1.54133855,0.));
#18245=CARTESIAN_POINT('Origin',(0.3799213,1.54133855,-0.000196850393700787));
#18246=CARTESIAN_POINT('Origin',(0.3799213,1.54133855,0.));
#18247=CARTESIAN_POINT('Origin',(0.4074803,1.54133855,-0.000196850393700787));
#18248=CARTESIAN_POINT('',(0.4074803,1.54133855,-0.000196850393700787));
#18249=CARTESIAN_POINT('',(0.4074803,1.54133855,0.));
#18250=CARTESIAN_POINT('',(0.4074803,1.54133855,-0.000196850393700787));
#18251=CARTESIAN_POINT('',(0.3877953,1.54133855,0.));
#18252=CARTESIAN_POINT('',(0.4074803,1.54133855,0.));
#18253=CARTESIAN_POINT('',(0.3877953,1.54133855,-0.000196850393700787));
#18254=CARTESIAN_POINT('',(0.3877953,1.54133855,-0.000196850393700787));
#18255=CARTESIAN_POINT('',(0.4074803,1.54133855,-0.000196850393700787));
#18256=CARTESIAN_POINT('Origin',(0.4074803,1.58070865,-0.000196850393700787));
#18257=CARTESIAN_POINT('',(0.4074803,1.58070865,-0.000196850393700787));
#18258=CARTESIAN_POINT('',(0.4074803,1.58070865,0.));
#18259=CARTESIAN_POINT('',(0.4074803,1.58070865,-0.000196850393700787));
#18260=CARTESIAN_POINT('',(0.3877953,1.58070865,-0.000196850393700787));
#18261=CARTESIAN_POINT('',(0.4074803,1.58070865,-0.000196850393700787));
#18262=CARTESIAN_POINT('',(0.3877953,1.58070865,0.));
#18263=CARTESIAN_POINT('',(0.3877953,1.58070865,-0.000196850393700787));
#18264=CARTESIAN_POINT('',(0.4074803,1.58070865,0.));
#18265=CARTESIAN_POINT('Origin',(0.4074803,1.54133855,-0.000196850393700787));
#18266=CARTESIAN_POINT('',(0.4074803,1.54133855,-0.000196850393700787));
#18267=CARTESIAN_POINT('',(0.4074803,1.54133855,0.));
#18268=CARTESIAN_POINT('Origin',(0.3877953,1.54133855,-0.000196850393700787));
#18269=CARTESIAN_POINT('',(0.3877953,1.54133855,-0.000196850393700787));
#18270=CARTESIAN_POINT('',(0.3877953,1.54133855,0.));
#18271=CARTESIAN_POINT('Origin',(0.4074803,1.54133855,-0.000196850393700787));
#18272=CARTESIAN_POINT('Origin',(0.4074803,1.54133855,0.));
#18273=CARTESIAN_POINT('Origin',(0.4350394,1.54133855,-0.000196850393700787));
#18274=CARTESIAN_POINT('',(0.4350394,1.54133855,-0.000196850393700787));
#18275=CARTESIAN_POINT('',(0.4350394,1.54133855,0.));
#18276=CARTESIAN_POINT('',(0.4350394,1.54133855,-0.000196850393700787));
#18277=CARTESIAN_POINT('',(0.4153544,1.54133855,0.));
#18278=CARTESIAN_POINT('',(0.4350394,1.54133855,0.));
#18279=CARTESIAN_POINT('',(0.4153544,1.54133855,-0.000196850393700787));
#18280=CARTESIAN_POINT('',(0.4153544,1.54133855,-0.000196850393700787));
#18281=CARTESIAN_POINT('',(0.4350394,1.54133855,-0.000196850393700787));
#18282=CARTESIAN_POINT('Origin',(0.4350394,1.58070865,-0.000196850393700787));
#18283=CARTESIAN_POINT('',(0.4350394,1.58070865,-0.000196850393700787));
#18284=CARTESIAN_POINT('',(0.4350394,1.58070865,0.));
#18285=CARTESIAN_POINT('',(0.4350394,1.58070865,-0.000196850393700787));
#18286=CARTESIAN_POINT('',(0.4153544,1.58070865,-0.000196850393700787));
#18287=CARTESIAN_POINT('',(0.4350394,1.58070865,-0.000196850393700787));
#18288=CARTESIAN_POINT('',(0.4153544,1.58070865,0.));
#18289=CARTESIAN_POINT('',(0.4153544,1.58070865,-0.000196850393700787));
#18290=CARTESIAN_POINT('',(0.4350394,1.58070865,0.));
#18291=CARTESIAN_POINT('Origin',(0.4350394,1.54133855,-0.000196850393700787));
#18292=CARTESIAN_POINT('',(0.4350394,1.54133855,-0.000196850393700787));
#18293=CARTESIAN_POINT('',(0.4350394,1.54133855,0.));
#18294=CARTESIAN_POINT('Origin',(0.4153544,1.54133855,-0.000196850393700787));
#18295=CARTESIAN_POINT('',(0.4153544,1.54133855,-0.000196850393700787));
#18296=CARTESIAN_POINT('',(0.4153544,1.54133855,0.));
#18297=CARTESIAN_POINT('Origin',(0.4350394,1.54133855,-0.000196850393700787));
#18298=CARTESIAN_POINT('Origin',(0.4350394,1.54133855,0.));
#18299=CARTESIAN_POINT('Origin',(0.4625984,1.54133855,-0.000196850393700787));
#18300=CARTESIAN_POINT('',(0.4625984,1.54133855,-0.000196850393700787));
#18301=CARTESIAN_POINT('',(0.4625984,1.54133855,0.));
#18302=CARTESIAN_POINT('',(0.4625984,1.54133855,-0.000196850393700787));
#18303=CARTESIAN_POINT('',(0.4429134,1.54133855,0.));
#18304=CARTESIAN_POINT('',(0.4625984,1.54133855,0.));
#18305=CARTESIAN_POINT('',(0.4429134,1.54133855,-0.000196850393700787));
#18306=CARTESIAN_POINT('',(0.4429134,1.54133855,-0.000196850393700787));
#18307=CARTESIAN_POINT('',(0.4625984,1.54133855,-0.000196850393700787));
#18308=CARTESIAN_POINT('Origin',(0.4625984,1.58070865,-0.000196850393700787));
#18309=CARTESIAN_POINT('',(0.4625984,1.58070865,-0.000196850393700787));
#18310=CARTESIAN_POINT('',(0.4625984,1.58070865,0.));
#18311=CARTESIAN_POINT('',(0.4625984,1.58070865,-0.000196850393700787));
#18312=CARTESIAN_POINT('',(0.4429134,1.58070865,-0.000196850393700787));
#18313=CARTESIAN_POINT('',(0.4625984,1.58070865,-0.000196850393700787));
#18314=CARTESIAN_POINT('',(0.4429134,1.58070865,0.));
#18315=CARTESIAN_POINT('',(0.4429134,1.58070865,-0.000196850393700787));
#18316=CARTESIAN_POINT('',(0.4625984,1.58070865,0.));
#18317=CARTESIAN_POINT('Origin',(0.4625984,1.54133855,-0.000196850393700787));
#18318=CARTESIAN_POINT('',(0.4625984,1.54133855,-0.000196850393700787));
#18319=CARTESIAN_POINT('',(0.4625984,1.54133855,0.));
#18320=CARTESIAN_POINT('Origin',(0.4429134,1.54133855,-0.000196850393700787));
#18321=CARTESIAN_POINT('',(0.4429134,1.54133855,-0.000196850393700787));
#18322=CARTESIAN_POINT('',(0.4429134,1.54133855,0.));
#18323=CARTESIAN_POINT('Origin',(0.4625984,1.54133855,-0.000196850393700787));
#18324=CARTESIAN_POINT('Origin',(0.4625984,1.54133855,0.));
#18325=CARTESIAN_POINT('Origin',(0.4901575,1.54133855,-0.000196850393700787));
#18326=CARTESIAN_POINT('',(0.4901575,1.54133855,-0.000196850393700787));
#18327=CARTESIAN_POINT('',(0.4901575,1.54133855,0.));
#18328=CARTESIAN_POINT('',(0.4901575,1.54133855,-0.000196850393700787));
#18329=CARTESIAN_POINT('',(0.4704725,1.54133855,0.));
#18330=CARTESIAN_POINT('',(0.4901575,1.54133855,0.));
#18331=CARTESIAN_POINT('',(0.4704725,1.54133855,-0.000196850393700787));
#18332=CARTESIAN_POINT('',(0.4704725,1.54133855,-0.000196850393700787));
#18333=CARTESIAN_POINT('',(0.4901575,1.54133855,-0.000196850393700787));
#18334=CARTESIAN_POINT('Origin',(0.4901575,1.58070865,-0.000196850393700787));
#18335=CARTESIAN_POINT('',(0.4901575,1.58070865,-0.000196850393700787));
#18336=CARTESIAN_POINT('',(0.4901575,1.58070865,0.));
#18337=CARTESIAN_POINT('',(0.4901575,1.58070865,-0.000196850393700787));
#18338=CARTESIAN_POINT('',(0.4704725,1.58070865,-0.000196850393700787));
#18339=CARTESIAN_POINT('',(0.4901575,1.58070865,-0.000196850393700787));
#18340=CARTESIAN_POINT('',(0.4704725,1.58070865,0.));
#18341=CARTESIAN_POINT('',(0.4704725,1.58070865,-0.000196850393700787));
#18342=CARTESIAN_POINT('',(0.4901575,1.58070865,0.));
#18343=CARTESIAN_POINT('Origin',(0.4901575,1.54133855,-0.000196850393700787));
#18344=CARTESIAN_POINT('',(0.4901575,1.54133855,-0.000196850393700787));
#18345=CARTESIAN_POINT('',(0.4901575,1.54133855,0.));
#18346=CARTESIAN_POINT('Origin',(0.4704725,1.54133855,-0.000196850393700787));
#18347=CARTESIAN_POINT('',(0.4704725,1.54133855,-0.000196850393700787));
#18348=CARTESIAN_POINT('',(0.4704725,1.54133855,0.));
#18349=CARTESIAN_POINT('Origin',(0.4901575,1.54133855,-0.000196850393700787));
#18350=CARTESIAN_POINT('Origin',(0.4901575,1.54133855,0.));
#18351=CARTESIAN_POINT('Origin',(0.51574805,1.6141732,-0.000196850393700787));
#18352=CARTESIAN_POINT('',(0.51574805,1.6141732,-0.000196850393700787));
#18353=CARTESIAN_POINT('',(0.51574805,1.6141732,0.));
#18354=CARTESIAN_POINT('',(0.51574805,1.6141732,-0.000196850393700787));
#18355=CARTESIAN_POINT('',(0.51574805,1.5944882,0.));
#18356=CARTESIAN_POINT('',(0.51574805,1.6141732,0.));
#18357=CARTESIAN_POINT('',(0.51574805,1.5944882,-0.000196850393700787));
#18358=CARTESIAN_POINT('',(0.51574805,1.5944882,-0.000196850393700787));
#18359=CARTESIAN_POINT('',(0.51574805,1.6141732,-0.000196850393700787));
#18360=CARTESIAN_POINT('Origin',(0.47637795,1.6141732,-0.000196850393700787));
#18361=CARTESIAN_POINT('',(0.47637795,1.6141732,-0.000196850393700787));
#18362=CARTESIAN_POINT('',(0.47637795,1.6141732,0.));
#18363=CARTESIAN_POINT('',(0.47637795,1.6141732,-0.000196850393700787));
#18364=CARTESIAN_POINT('',(0.47637795,1.5944882,-0.000196850393700787));
#18365=CARTESIAN_POINT('',(0.47637795,1.6141732,-0.000196850393700787));
#18366=CARTESIAN_POINT('',(0.47637795,1.5944882,0.));
#18367=CARTESIAN_POINT('',(0.47637795,1.5944882,-0.000196850393700787));
#18368=CARTESIAN_POINT('',(0.47637795,1.6141732,0.));
#18369=CARTESIAN_POINT('Origin',(0.51574805,1.6141732,-0.000196850393700787));
#18370=CARTESIAN_POINT('',(0.51574805,1.6141732,-0.000196850393700787));
#18371=CARTESIAN_POINT('',(0.51574805,1.6141732,0.));
#18372=CARTESIAN_POINT('Origin',(0.51574805,1.5944882,-0.000196850393700787));
#18373=CARTESIAN_POINT('',(0.51574805,1.5944882,-0.000196850393700787));
#18374=CARTESIAN_POINT('',(0.51574805,1.5944882,0.));
#18375=CARTESIAN_POINT('Origin',(0.51574805,1.6141732,-0.000196850393700787));
#18376=CARTESIAN_POINT('Origin',(0.51574805,1.6141732,0.));
#18377=CARTESIAN_POINT('Origin',(0.51574805,1.6417322,-0.000196850393700787));
#18378=CARTESIAN_POINT('',(0.51574805,1.6417322,-0.000196850393700787));
#18379=CARTESIAN_POINT('',(0.51574805,1.6417322,0.));
#18380=CARTESIAN_POINT('',(0.51574805,1.6417322,-0.000196850393700787));
#18381=CARTESIAN_POINT('',(0.51574805,1.6220472,0.));
#18382=CARTESIAN_POINT('',(0.51574805,1.6417322,0.));
#18383=CARTESIAN_POINT('',(0.51574805,1.6220472,-0.000196850393700787));
#18384=CARTESIAN_POINT('',(0.51574805,1.6220472,-0.000196850393700787));
#18385=CARTESIAN_POINT('',(0.51574805,1.6417322,-0.000196850393700787));
#18386=CARTESIAN_POINT('Origin',(0.47637795,1.6417322,-0.000196850393700787));
#18387=CARTESIAN_POINT('',(0.47637795,1.6417322,-0.000196850393700787));
#18388=CARTESIAN_POINT('',(0.47637795,1.6417322,0.));
#18389=CARTESIAN_POINT('',(0.47637795,1.6417322,-0.000196850393700787));
#18390=CARTESIAN_POINT('',(0.47637795,1.6220472,-0.000196850393700787));
#18391=CARTESIAN_POINT('',(0.47637795,1.6417322,-0.000196850393700787));
#18392=CARTESIAN_POINT('',(0.47637795,1.6220472,0.));
#18393=CARTESIAN_POINT('',(0.47637795,1.6220472,-0.000196850393700787));
#18394=CARTESIAN_POINT('',(0.47637795,1.6417322,0.));
#18395=CARTESIAN_POINT('Origin',(0.51574805,1.6417322,-0.000196850393700787));
#18396=CARTESIAN_POINT('',(0.51574805,1.6417322,-0.000196850393700787));
#18397=CARTESIAN_POINT('',(0.51574805,1.6417322,0.));
#18398=CARTESIAN_POINT('Origin',(0.51574805,1.6220472,-0.000196850393700787));
#18399=CARTESIAN_POINT('',(0.51574805,1.6220472,-0.000196850393700787));
#18400=CARTESIAN_POINT('',(0.51574805,1.6220472,0.));
#18401=CARTESIAN_POINT('Origin',(0.51574805,1.6417322,-0.000196850393700787));
#18402=CARTESIAN_POINT('Origin',(0.51574805,1.6417322,0.));
#18403=CARTESIAN_POINT('Origin',(0.51574805,1.6692913,-0.000196850393700787));
#18404=CARTESIAN_POINT('',(0.51574805,1.6692913,-0.000196850393700787));
#18405=CARTESIAN_POINT('',(0.51574805,1.6692913,0.));
#18406=CARTESIAN_POINT('',(0.51574805,1.6692913,-0.000196850393700787));
#18407=CARTESIAN_POINT('',(0.51574805,1.6496063,0.));
#18408=CARTESIAN_POINT('',(0.51574805,1.6692913,0.));
#18409=CARTESIAN_POINT('',(0.51574805,1.6496063,-0.000196850393700787));
#18410=CARTESIAN_POINT('',(0.51574805,1.6496063,-0.000196850393700787));
#18411=CARTESIAN_POINT('',(0.51574805,1.6692913,-0.000196850393700787));
#18412=CARTESIAN_POINT('Origin',(0.47637795,1.6692913,-0.000196850393700787));
#18413=CARTESIAN_POINT('',(0.47637795,1.6692913,-0.000196850393700787));
#18414=CARTESIAN_POINT('',(0.47637795,1.6692913,0.));
#18415=CARTESIAN_POINT('',(0.47637795,1.6692913,-0.000196850393700787));
#18416=CARTESIAN_POINT('',(0.47637795,1.6496063,-0.000196850393700787));
#18417=CARTESIAN_POINT('',(0.47637795,1.6692913,-0.000196850393700787));
#18418=CARTESIAN_POINT('',(0.47637795,1.6496063,0.));
#18419=CARTESIAN_POINT('',(0.47637795,1.6496063,-0.000196850393700787));
#18420=CARTESIAN_POINT('',(0.47637795,1.6692913,0.));
#18421=CARTESIAN_POINT('Origin',(0.51574805,1.6692913,-0.000196850393700787));
#18422=CARTESIAN_POINT('',(0.51574805,1.6692913,-0.000196850393700787));
#18423=CARTESIAN_POINT('',(0.51574805,1.6692913,0.));
#18424=CARTESIAN_POINT('Origin',(0.51574805,1.6496063,-0.000196850393700787));
#18425=CARTESIAN_POINT('',(0.51574805,1.6496063,-0.000196850393700787));
#18426=CARTESIAN_POINT('',(0.51574805,1.6496063,0.));
#18427=CARTESIAN_POINT('Origin',(0.51574805,1.6692913,-0.000196850393700787));
#18428=CARTESIAN_POINT('Origin',(0.51574805,1.6692913,0.));
#18429=CARTESIAN_POINT('Origin',(0.51574805,1.6968503,-0.000196850393700787));
#18430=CARTESIAN_POINT('',(0.51574805,1.6968503,-0.000196850393700787));
#18431=CARTESIAN_POINT('',(0.51574805,1.6968503,0.));
#18432=CARTESIAN_POINT('',(0.51574805,1.6968503,-0.000196850393700787));
#18433=CARTESIAN_POINT('',(0.51574805,1.6771653,0.));
#18434=CARTESIAN_POINT('',(0.51574805,1.6968503,0.));
#18435=CARTESIAN_POINT('',(0.51574805,1.6771653,-0.000196850393700787));
#18436=CARTESIAN_POINT('',(0.51574805,1.6771653,-0.000196850393700787));
#18437=CARTESIAN_POINT('',(0.51574805,1.6968503,-0.000196850393700787));
#18438=CARTESIAN_POINT('Origin',(0.47637795,1.6968503,-0.000196850393700787));
#18439=CARTESIAN_POINT('',(0.47637795,1.6968503,-0.000196850393700787));
#18440=CARTESIAN_POINT('',(0.47637795,1.6968503,0.));
#18441=CARTESIAN_POINT('',(0.47637795,1.6968503,-0.000196850393700787));
#18442=CARTESIAN_POINT('',(0.47637795,1.6771653,-0.000196850393700787));
#18443=CARTESIAN_POINT('',(0.47637795,1.6968503,-0.000196850393700787));
#18444=CARTESIAN_POINT('',(0.47637795,1.6771653,0.));
#18445=CARTESIAN_POINT('',(0.47637795,1.6771653,-0.000196850393700787));
#18446=CARTESIAN_POINT('',(0.47637795,1.6968503,0.));
#18447=CARTESIAN_POINT('Origin',(0.51574805,1.6968503,-0.000196850393700787));
#18448=CARTESIAN_POINT('',(0.51574805,1.6968503,-0.000196850393700787));
#18449=CARTESIAN_POINT('',(0.51574805,1.6968503,0.));
#18450=CARTESIAN_POINT('Origin',(0.51574805,1.6771653,-0.000196850393700787));
#18451=CARTESIAN_POINT('',(0.51574805,1.6771653,-0.000196850393700787));
#18452=CARTESIAN_POINT('',(0.51574805,1.6771653,0.));
#18453=CARTESIAN_POINT('Origin',(0.51574805,1.6968503,-0.000196850393700787));
#18454=CARTESIAN_POINT('Origin',(0.51574805,1.6968503,0.));
#18455=CARTESIAN_POINT('Origin',(0.51574805,1.7244094,-0.000196850393700787));
#18456=CARTESIAN_POINT('',(0.51574805,1.7244094,-0.000196850393700787));
#18457=CARTESIAN_POINT('',(0.51574805,1.7244094,0.));
#18458=CARTESIAN_POINT('',(0.51574805,1.7244094,-0.000196850393700787));
#18459=CARTESIAN_POINT('',(0.51574805,1.7047244,0.));
#18460=CARTESIAN_POINT('',(0.51574805,1.7244094,0.));
#18461=CARTESIAN_POINT('',(0.51574805,1.7047244,-0.000196850393700787));
#18462=CARTESIAN_POINT('',(0.51574805,1.7047244,-0.000196850393700787));
#18463=CARTESIAN_POINT('',(0.51574805,1.7244094,-0.000196850393700787));
#18464=CARTESIAN_POINT('Origin',(0.47637795,1.7244094,-0.000196850393700787));
#18465=CARTESIAN_POINT('',(0.47637795,1.7244094,-0.000196850393700787));
#18466=CARTESIAN_POINT('',(0.47637795,1.7244094,0.));
#18467=CARTESIAN_POINT('',(0.47637795,1.7244094,-0.000196850393700787));
#18468=CARTESIAN_POINT('',(0.47637795,1.7047244,-0.000196850393700787));
#18469=CARTESIAN_POINT('',(0.47637795,1.7244094,-0.000196850393700787));
#18470=CARTESIAN_POINT('',(0.47637795,1.7047244,0.));
#18471=CARTESIAN_POINT('',(0.47637795,1.7047244,-0.000196850393700787));
#18472=CARTESIAN_POINT('',(0.47637795,1.7244094,0.));
#18473=CARTESIAN_POINT('Origin',(0.51574805,1.7244094,-0.000196850393700787));
#18474=CARTESIAN_POINT('',(0.51574805,1.7244094,-0.000196850393700787));
#18475=CARTESIAN_POINT('',(0.51574805,1.7244094,0.));
#18476=CARTESIAN_POINT('Origin',(0.51574805,1.7047244,-0.000196850393700787));
#18477=CARTESIAN_POINT('',(0.51574805,1.7047244,-0.000196850393700787));
#18478=CARTESIAN_POINT('',(0.51574805,1.7047244,0.));
#18479=CARTESIAN_POINT('Origin',(0.51574805,1.7244094,-0.000196850393700787));
#18480=CARTESIAN_POINT('Origin',(0.51574805,1.7244094,0.));
#18481=CARTESIAN_POINT('Origin',(0.51574805,1.7519684,-0.000196850393700787));
#18482=CARTESIAN_POINT('',(0.51574805,1.7519684,-0.000196850393700787));
#18483=CARTESIAN_POINT('',(0.51574805,1.7519684,0.));
#18484=CARTESIAN_POINT('',(0.51574805,1.7519684,-0.000196850393700787));
#18485=CARTESIAN_POINT('',(0.51574805,1.7322834,0.));
#18486=CARTESIAN_POINT('',(0.51574805,1.7519684,0.));
#18487=CARTESIAN_POINT('',(0.51574805,1.7322834,-0.000196850393700787));
#18488=CARTESIAN_POINT('',(0.51574805,1.7322834,-0.000196850393700787));
#18489=CARTESIAN_POINT('',(0.51574805,1.7519684,-0.000196850393700787));
#18490=CARTESIAN_POINT('Origin',(0.47637795,1.7519684,-0.000196850393700787));
#18491=CARTESIAN_POINT('',(0.47637795,1.7519684,-0.000196850393700787));
#18492=CARTESIAN_POINT('',(0.47637795,1.7519684,0.));
#18493=CARTESIAN_POINT('',(0.47637795,1.7519684,-0.000196850393700787));
#18494=CARTESIAN_POINT('',(0.47637795,1.7322834,-0.000196850393700787));
#18495=CARTESIAN_POINT('',(0.47637795,1.7519684,-0.000196850393700787));
#18496=CARTESIAN_POINT('',(0.47637795,1.7322834,0.));
#18497=CARTESIAN_POINT('',(0.47637795,1.7322834,-0.000196850393700787));
#18498=CARTESIAN_POINT('',(0.47637795,1.7519684,0.));
#18499=CARTESIAN_POINT('Origin',(0.51574805,1.7519684,-0.000196850393700787));
#18500=CARTESIAN_POINT('',(0.51574805,1.7519684,-0.000196850393700787));
#18501=CARTESIAN_POINT('',(0.51574805,1.7519684,0.));
#18502=CARTESIAN_POINT('Origin',(0.51574805,1.7322834,-0.000196850393700787));
#18503=CARTESIAN_POINT('',(0.51574805,1.7322834,-0.000196850393700787));
#18504=CARTESIAN_POINT('',(0.51574805,1.7322834,0.));
#18505=CARTESIAN_POINT('Origin',(0.51574805,1.7519684,-0.000196850393700787));
#18506=CARTESIAN_POINT('Origin',(0.51574805,1.7519684,0.));
#18507=CARTESIAN_POINT('Origin',(0.51574805,1.7795275,-0.000196850393700787));
#18508=CARTESIAN_POINT('',(0.51574805,1.7795275,-0.000196850393700787));
#18509=CARTESIAN_POINT('',(0.51574805,1.7795275,0.));
#18510=CARTESIAN_POINT('',(0.51574805,1.7795275,-0.000196850393700787));
#18511=CARTESIAN_POINT('',(0.51574805,1.7598425,0.));
#18512=CARTESIAN_POINT('',(0.51574805,1.7795275,0.));
#18513=CARTESIAN_POINT('',(0.51574805,1.7598425,-0.000196850393700787));
#18514=CARTESIAN_POINT('',(0.51574805,1.7598425,-0.000196850393700787));
#18515=CARTESIAN_POINT('',(0.51574805,1.7795275,-0.000196850393700787));
#18516=CARTESIAN_POINT('Origin',(0.47637795,1.7795275,-0.000196850393700787));
#18517=CARTESIAN_POINT('',(0.47637795,1.7795275,-0.000196850393700787));
#18518=CARTESIAN_POINT('',(0.47637795,1.7795275,0.));
#18519=CARTESIAN_POINT('',(0.47637795,1.7795275,-0.000196850393700787));
#18520=CARTESIAN_POINT('',(0.47637795,1.7598425,-0.000196850393700787));
#18521=CARTESIAN_POINT('',(0.47637795,1.7795275,-0.000196850393700787));
#18522=CARTESIAN_POINT('',(0.47637795,1.7598425,0.));
#18523=CARTESIAN_POINT('',(0.47637795,1.7598425,-0.000196850393700787));
#18524=CARTESIAN_POINT('',(0.47637795,1.7795275,0.));
#18525=CARTESIAN_POINT('Origin',(0.51574805,1.7795275,-0.000196850393700787));
#18526=CARTESIAN_POINT('',(0.51574805,1.7795275,-0.000196850393700787));
#18527=CARTESIAN_POINT('',(0.51574805,1.7795275,0.));
#18528=CARTESIAN_POINT('Origin',(0.51574805,1.7598425,-0.000196850393700787));
#18529=CARTESIAN_POINT('',(0.51574805,1.7598425,-0.000196850393700787));
#18530=CARTESIAN_POINT('',(0.51574805,1.7598425,0.));
#18531=CARTESIAN_POINT('Origin',(0.51574805,1.7795275,-0.000196850393700787));
#18532=CARTESIAN_POINT('Origin',(0.51574805,1.7795275,0.));
#18533=CARTESIAN_POINT('Origin',(0.4606299,1.76574795,-0.000196850393700787));
#18534=CARTESIAN_POINT('',(0.4606299,1.76574795,-0.000196850393700787));
#18535=CARTESIAN_POINT('',(0.4606299,1.76574795,0.));
#18536=CARTESIAN_POINT('',(0.4606299,1.76574795,-0.000196850393700787));
#18537=CARTESIAN_POINT('',(0.4409449,1.76574795,0.));
#18538=CARTESIAN_POINT('',(0.4606299,1.76574795,0.));
#18539=CARTESIAN_POINT('',(0.4409449,1.76574795,-0.000196850393700787));
#18540=CARTESIAN_POINT('',(0.4409449,1.76574795,-0.000196850393700787));
#18541=CARTESIAN_POINT('',(0.4606299,1.76574795,-0.000196850393700787));
#18542=CARTESIAN_POINT('Origin',(0.4606299,1.80511805,-0.000196850393700787));
#18543=CARTESIAN_POINT('',(0.4606299,1.80511805,-0.000196850393700787));
#18544=CARTESIAN_POINT('',(0.4606299,1.80511805,0.));
#18545=CARTESIAN_POINT('',(0.4606299,1.80511805,-0.000196850393700787));
#18546=CARTESIAN_POINT('',(0.4409449,1.80511805,-0.000196850393700787));
#18547=CARTESIAN_POINT('',(0.4606299,1.80511805,-0.000196850393700787));
#18548=CARTESIAN_POINT('',(0.4409449,1.80511805,0.));
#18549=CARTESIAN_POINT('',(0.4409449,1.80511805,-0.000196850393700787));
#18550=CARTESIAN_POINT('',(0.4606299,1.80511805,0.));
#18551=CARTESIAN_POINT('Origin',(0.4606299,1.76574795,-0.000196850393700787));
#18552=CARTESIAN_POINT('',(0.4606299,1.76574795,-0.000196850393700787));
#18553=CARTESIAN_POINT('',(0.4606299,1.76574795,0.));
#18554=CARTESIAN_POINT('Origin',(0.4409449,1.76574795,-0.000196850393700787));
#18555=CARTESIAN_POINT('',(0.4409449,1.76574795,-0.000196850393700787));
#18556=CARTESIAN_POINT('',(0.4409449,1.76574795,0.));
#18557=CARTESIAN_POINT('Origin',(0.4606299,1.76574795,-0.000196850393700787));
#18558=CARTESIAN_POINT('Origin',(0.4606299,1.76574795,0.));
#18559=CARTESIAN_POINT('',(0.,0.,0.));
#18560=CARTESIAN_POINT('',(0.,0.,0.));
#18561=CARTESIAN_POINT('',(0.,0.,0.));
#18562=CARTESIAN_POINT('',(0.,0.,0.));
#18563=CARTESIAN_POINT('',(0.,0.,0.));
#18564=CARTESIAN_POINT('',(0.,0.,0.));
#18565=CARTESIAN_POINT('',(0.,0.,0.));
#18566=CARTESIAN_POINT('',(0.,0.,0.));
#18567=CARTESIAN_POINT('',(0.,0.,0.));
#18568=CARTESIAN_POINT('',(0.,0.,0.));
#18569=CARTESIAN_POINT('',(0.,0.,0.));
#18570=CARTESIAN_POINT('',(0.,0.,0.));
#18571=CARTESIAN_POINT('',(0.,0.,0.));
#18572=CARTESIAN_POINT('',(0.,0.,0.));
#18573=CARTESIAN_POINT('',(0.,0.,0.));
#18574=CARTESIAN_POINT('',(0.,0.,0.));
#18575=CARTESIAN_POINT('',(0.,0.,0.));
#18576=CARTESIAN_POINT('',(0.,0.,0.));
#18577=CARTESIAN_POINT('',(0.,0.,0.));
#18578=CARTESIAN_POINT('',(0.,0.,0.));
#18579=CARTESIAN_POINT('',(0.,0.,0.));
#18580=CARTESIAN_POINT('',(0.,0.,0.));
#18581=CARTESIAN_POINT('',(0.,0.,0.));
#18582=CARTESIAN_POINT('',(0.,0.,0.));
#18583=CARTESIAN_POINT('Origin',(-5.51080095247317E-17,2.51771653543307,
-0.181102362204724));
#18584=CARTESIAN_POINT('',(0.267716535433071,2.51771653543307,-0.181102362204724));
#18585=CARTESIAN_POINT('',(0.616047048764823,2.51771653543307,-0.181102362204725));
#18586=CARTESIAN_POINT('',(0.267716535433071,2.51771653543307,-0.181102362204724));
#18587=CARTESIAN_POINT('',(0.616047048764823,2.51771653543307,-0.117322369760496));
#18588=CARTESIAN_POINT('',(0.616047048764823,2.51771653543307,-0.181102362204725));
#18589=CARTESIAN_POINT('',(0.680437652998031,2.51771653543307,-0.117322369760496));
#18590=CARTESIAN_POINT('',(0.680437652998031,2.51771653543307,-0.117322369760496));
#18591=CARTESIAN_POINT('',(0.680437652998031,2.51771653543307,-0.181102362204725));
#18592=CARTESIAN_POINT('',(0.680437652998031,2.51771653543307,-0.181102362204725));
#18593=CARTESIAN_POINT('',(1.01574803149606,2.51771653543307,-0.181102362204725));
#18594=CARTESIAN_POINT('',(0.680437652998031,2.51771653543307,-0.181102362204725));
#18595=CARTESIAN_POINT('',(1.01574803149606,2.51771653543307,-0.0708661417322837));
#18596=CARTESIAN_POINT('',(1.01574803149606,2.51771653543307,-0.181102362204725));
#18597=CARTESIAN_POINT('',(0.267716535433071,2.51771653543307,-0.0708661417322835));
#18598=CARTESIAN_POINT('',(0.267716535433071,2.51771653543307,-0.0708661417322835));
#18599=CARTESIAN_POINT('',(0.267716535433071,2.51771653543307,-0.181102362204724));
#18600=CARTESIAN_POINT('Origin',(-5.51080095247317E-17,-2.91164212064841E-33,
-0.181102362204724));
#18601=CARTESIAN_POINT('',(0.261264105883602,3.15748031496063,-0.181102362204724));
#18602=CARTESIAN_POINT('',(0.616047048764823,3.15748031496063,-0.181102362204725));
#18603=CARTESIAN_POINT('',(0.261264105883602,3.15748031496063,-0.181102362204724));
#18604=CARTESIAN_POINT('',(0.616047048764823,2.51771653543307,-0.181102362204725));
#18605=CARTESIAN_POINT('',(0.267716535433071,1.13976377952756,-0.181102362204724));
#18606=CARTESIAN_POINT('',(0.267716535433071,2.51771653543307,-0.181102362204724));
#18607=CARTESIAN_POINT('',(0.518700787401575,1.13976377952756,-0.181102362204724));
#18608=CARTESIAN_POINT('',(0.267716535433071,1.13976377952756,-0.181102362204724));
#18609=CARTESIAN_POINT('',(0.518700787401575,0.566561866072678,-0.181102362204724));
#18610=CARTESIAN_POINT('',(0.518700787401575,1.13976377952756,-0.181102362204724));
#18611=CARTESIAN_POINT('',(0.261264105883602,0.566561866072678,-0.181102362204724));
#18612=CARTESIAN_POINT('',(0.518700787401575,0.566561866072678,-0.181102362204724));
#18613=CARTESIAN_POINT('',(0.261264105883602,3.15748031496063,-0.181102362204724));
#18614=CARTESIAN_POINT('',(0.437007874015748,2.75984251968504,-0.181102362204724));
#18615=CARTESIAN_POINT('Origin',(0.354330708661417,2.75984251968504,-0.181102362204724));
#18616=CARTESIAN_POINT('',(0.437007874015748,0.706692913385827,-0.181102362204724));
#18617=CARTESIAN_POINT('Origin',(0.354330708661417,0.706692913385827,-0.181102362204724));
#18618=CARTESIAN_POINT('',(0.354330708661417,2.97047244094488,-0.181102362204724));
#18619=CARTESIAN_POINT('Origin',(0.354330708661417,3.01968503937008,-0.181102362204724));
#18620=CARTESIAN_POINT('',(0.393700787401575,0.850393700787402,-0.181102362204725));
#18621=CARTESIAN_POINT('Origin',(0.393700787401575,0.899606299212598,-0.181102362204725));
#18622=CARTESIAN_POINT('Origin',(0.,3.15748031496063,0.));
#18623=CARTESIAN_POINT('',(0.245980248481733,3.31496062992126,2.33007158538586E-11));
#18624=CARTESIAN_POINT('',(0.245980248481733,0.566561866045554,0.));
#18625=CARTESIAN_POINT('',(0.245980248481733,3.31496062992126,0.));
#18626=CARTESIAN_POINT('',(1.05040770521214,0.566561866045554,0.));
#18627=CARTESIAN_POINT('',(-2.75540047623659E-17,0.566561866072678,0.));
#18628=CARTESIAN_POINT('',(1.05040770521214,3.31496062992126,2.33007110252567E-11));
#18629=CARTESIAN_POINT('',(1.05040770521214,0.56656159549129,0.));
#18630=CARTESIAN_POINT('',(0.,3.31496062992126,0.));
#18631=CARTESIAN_POINT('',(0.354330708661417,2.97047244094488,0.));
#18632=CARTESIAN_POINT('Origin',(0.354330708661417,3.01968503937008,0.));
#18633=CARTESIAN_POINT('',(0.931102362204724,2.97047244094488,0.));
#18634=CARTESIAN_POINT('Origin',(0.931102362204724,3.01968503937008,0.));
#18635=CARTESIAN_POINT('',(0.393700787401575,0.850393700787402,0.));
#18636=CARTESIAN_POINT('Origin',(0.393700787401575,0.899606299212598,0.));
#18637=CARTESIAN_POINT('',(0.891732283464567,0.850393700787402,0.));
#18638=CARTESIAN_POINT('Origin',(0.891732283464567,0.899606299212598,0.));
#18639=CARTESIAN_POINT('',(0.303879321424436,2.81765194346208,0.));
#18640=CARTESIAN_POINT('',(0.303879321424436,1.08975722644718,0.));
#18641=CARTESIAN_POINT('',(0.303879321424436,2.81765194346208,0.));
#18642=CARTESIAN_POINT('',(0.423558085869338,2.81765194346208,0.));
#18643=CARTESIAN_POINT('',(0.423558085869338,2.81765194346208,0.));
#18644=CARTESIAN_POINT('',(0.423558085869338,1.08975722644718,0.));
#18645=CARTESIAN_POINT('',(0.423558085869338,1.08975722644718,0.));
#18646=CARTESIAN_POINT('',(0.303879321424436,1.08975722644718,0.));
#18647=CARTESIAN_POINT('Origin',(0.764763779527559,-2.91164212064841E-33,
-0.181102362204725));
#18648=CARTESIAN_POINT('',(0.764763779527559,0.566561866072678,-0.181102362204725));
#18649=CARTESIAN_POINT('',(0.764763779527559,0.566561866072678,-0.15748031496063));
#18650=CARTESIAN_POINT('',(0.764763779527559,0.566561866072678,-0.181102362204725));
#18651=CARTESIAN_POINT('',(0.764763779527559,1.13976377952756,-0.15748031496063));
#18652=CARTESIAN_POINT('',(0.764763779527559,1.13976377952756,-0.15748031496063));
#18653=CARTESIAN_POINT('',(0.764763779527559,1.13976377952756,-0.181102362204725));
#18654=CARTESIAN_POINT('',(0.764763779527559,1.13976377952756,-0.181102362204725));
#18655=CARTESIAN_POINT('',(0.764763779527559,1.13976377952756,-0.181102362204725));
#18656=CARTESIAN_POINT('Origin',(0.518700787401577,8.99802432913169E-16,
-0.181102362204724));
#18657=CARTESIAN_POINT('',(0.518700787401575,0.566561866072678,-0.15748031496063));
#18658=CARTESIAN_POINT('',(0.518700787401575,1.13976377952756,-0.15748031496063));
#18659=CARTESIAN_POINT('',(0.518700787401575,0.566561866072678,-0.15748031496063));
#18660=CARTESIAN_POINT('',(0.518700787401575,0.566561866072678,-0.181102362204724));
#18661=CARTESIAN_POINT('',(0.518700787401575,1.13976377952756,-0.181102362204724));
#18662=CARTESIAN_POINT('Origin',(0.0936092748100039,3.31496062992126,-0.29857169105435));
#18663=CARTESIAN_POINT('',(1.05040770521214,3.31496062992126,-0.29857169105435));
#18664=CARTESIAN_POINT('',(0.245980248481733,3.31496062992126,-0.29857169105435));
#18665=CARTESIAN_POINT('',(1.05040770521214,3.31496062992126,-0.29857169105435));
#18666=CARTESIAN_POINT('',(1.05040770521214,3.15748031496063,-0.29857169105435));
#18667=CARTESIAN_POINT('',(1.05040770521214,3.31496062992126,-0.29857169105435));
#18668=CARTESIAN_POINT('',(0.245980248481733,3.15748031496063,-0.29857169105435));
#18669=CARTESIAN_POINT('',(1.05040770521214,3.15748031496063,-0.29857169105435));
#18670=CARTESIAN_POINT('',(0.245980248481733,3.15748031496063,-0.29857169105435));
#18671=CARTESIAN_POINT('Origin',(0.,3.31496062992126,0.));
#18672=CARTESIAN_POINT('',(1.05040770521214,3.31496062992126,-0.29857169105435));
#18673=CARTESIAN_POINT('',(0.245980248481733,3.31496062992126,2.32442586626106E-7));
#18674=CARTESIAN_POINT('',(0.837218728834183,3.31496062992126,-0.180708428974736));
#18675=CARTESIAN_POINT('Origin',(0.837218728834183,3.31496062992126,-0.14921236598261));
#18676=CARTESIAN_POINT('',(0.459265972928671,3.31496062992126,-0.180708428974736));
#18677=CARTESIAN_POINT('Origin',(0.459265972928671,3.31496062992126,-0.14921236598261));
#18678=CARTESIAN_POINT('',(0.648242350881427,3.31496062992126,-0.263385594329067));
#18679=CARTESIAN_POINT('Origin',(0.648242350881427,3.31496062992126,-0.14921236598261));
#18680=CARTESIAN_POINT('Origin',(0.,3.15748031496063,0.));
#18681=CARTESIAN_POINT('',(1.05040770521214,3.15748031496063,-0.298566500195583));
#18682=CARTESIAN_POINT('',(1.05040770521214,3.15748031496063,-0.298566500195583));
#18683=CARTESIAN_POINT('',(1.03337889859711,3.15748031496063,-0.298566500195583));
#18684=CARTESIAN_POINT('',(1.03337889859711,3.15748031496063,-0.298566500195583));
#18685=CARTESIAN_POINT('',(1.03337889859711,3.15748031496063,-0.181102362204725));
#18686=CARTESIAN_POINT('',(1.03337889859711,3.15748031496063,-0.181102362204725));
#18687=CARTESIAN_POINT('',(0.680437652998031,3.15748031496063,-0.181102362204725));
#18688=CARTESIAN_POINT('',(0.680437652998031,3.15748031496063,-0.181102362204725));
#18689=CARTESIAN_POINT('',(0.680437652998031,3.15748031496063,-0.181102362204725));
#18690=CARTESIAN_POINT('',(0.261264105883602,3.15748031496063,-0.298068319505602));
#18691=CARTESIAN_POINT('',(0.261264105883602,3.15748031496063,-0.298068319505602));
#18692=CARTESIAN_POINT('',(0.245980248481733,3.15748031496063,-0.298068319505602));
#18693=CARTESIAN_POINT('',(0.245980248481733,3.15748031496063,-0.298068319505602));
#18694=CARTESIAN_POINT('',(0.245980248481733,3.15748031496063,-0.29857169105435));
#18695=CARTESIAN_POINT('Origin',(-5.51080095247317E-17,0.566561866072678,
-0.181102362204724));
#18696=CARTESIAN_POINT('',(1.03337889859711,0.566561866072678,-0.298566500195583));
#18697=CARTESIAN_POINT('',(1.05040770521214,0.566561866072678,-0.298566500195583));
#18698=CARTESIAN_POINT('',(1.03337889859711,0.566561866072678,-0.298566500195583));
#18699=CARTESIAN_POINT('',(1.05040770521214,0.566561866072678,-0.298566500195583));
#18700=CARTESIAN_POINT('',(0.245980248481733,0.566561866072678,-0.298068319505602));
#18701=CARTESIAN_POINT('',(0.245980248481733,0.566561866072678,0.));
#18702=CARTESIAN_POINT('',(0.261264105883602,0.566561866072678,-0.298068319505602));
#18703=CARTESIAN_POINT('',(0.245980248481733,0.566561866072678,-0.298068319505602));
#18704=CARTESIAN_POINT('',(0.261264105883602,0.566561866072678,-0.298068319505602));
#18705=CARTESIAN_POINT('',(0.764763779527559,0.566561866072678,-0.15748031496063));
#18706=CARTESIAN_POINT('',(1.03337889859711,0.566561866072678,-0.181102362204725));
#18707=CARTESIAN_POINT('',(1.03337889859711,0.566561866072678,-0.181102362204725));
#18708=CARTESIAN_POINT('',(1.03337889859711,0.566561866072678,-0.181102362204725));
#18709=CARTESIAN_POINT('',(0.648242350881427,0.566561866072678,-0.031496062992126));
#18710=CARTESIAN_POINT('Origin',(0.648242350881427,0.566561866072678,-0.0708661417322836));
#18711=CARTESIAN_POINT('Origin',(-5.51080095247317E-17,1.13976377952756,
-0.181102362204724));
#18712=CARTESIAN_POINT('',(0.608872272141269,1.13976377952756,-0.0708661417322836));
#18713=CARTESIAN_POINT('',(0.267716535433071,1.13976377952756,-0.0708661417322835));
#18714=CARTESIAN_POINT('',(0.608872272141269,1.13976377952756,-0.0708661417322836));
#18715=CARTESIAN_POINT('',(0.687612429621585,1.13976377952756,-0.0708661417322836));
#18716=CARTESIAN_POINT('Origin',(0.648242350881427,1.13976377952756,-0.0708661417322836));
#18717=CARTESIAN_POINT('',(1.01574803149606,1.13976377952756,-0.0708661417322837));
#18718=CARTESIAN_POINT('',(1.01574803149606,1.13976377952756,-0.0708661417322837));
#18719=CARTESIAN_POINT('',(1.01574803149606,1.13976377952756,-0.181102362204725));
#18720=CARTESIAN_POINT('',(1.01574803149606,1.13976377952756,-0.181102362204725));
#18721=CARTESIAN_POINT('',(0.764763779527559,1.13976377952756,-0.181102362204725));
#18722=CARTESIAN_POINT('',(0.518700787401575,1.13976377952756,-0.15748031496063));
#18723=CARTESIAN_POINT('',(0.267716535433071,1.13976377952756,-0.181102362204724));
#18724=CARTESIAN_POINT('Origin',(1.01574803149606,-1.00688111766483E-16,
-0.181102362204725));
#18725=CARTESIAN_POINT('',(1.01574803149606,2.51771653543307,-0.0708661417322837));
#18726=CARTESIAN_POINT('',(1.01574803149606,2.51771653543307,-0.181102362204725));
#18727=CARTESIAN_POINT('Origin',(0.267716535433071,-3.3172439923066E-17,
-0.181102362204724));
#18728=CARTESIAN_POINT('',(0.267716535433071,1.13976377952756,-0.0708661417322835));
#18729=CARTESIAN_POINT('Origin',(-5.51080095247317E-17,-2.91164212064841E-33,
-0.181102362204724));
#18730=CARTESIAN_POINT('',(0.680437652998031,2.51771653543307,-0.181102362204725));
#18731=CARTESIAN_POINT('',(1.03337889859711,0.566561866072678,-0.181102362204725));
#18732=CARTESIAN_POINT('',(0.891732283464567,0.850393700787402,-0.181102362204725));
#18733=CARTESIAN_POINT('Origin',(0.891732283464567,0.899606299212598,-0.181102362204725));
#18734=CARTESIAN_POINT('',(0.931102362204724,2.97047244094488,-0.181102362204725));
#18735=CARTESIAN_POINT('Origin',(0.931102362204724,3.01968503937008,-0.181102362204725));
#18736=CARTESIAN_POINT('',(1.01377952755905,0.706692913385827,-0.181102362204725));
#18737=CARTESIAN_POINT('Origin',(0.931102362204724,0.706692913385827,-0.181102362204725));
#18738=CARTESIAN_POINT('',(1.01377952755906,2.75984251968504,-0.181102362204725));
#18739=CARTESIAN_POINT('Origin',(0.931102362204724,2.75984251968504,-0.181102362204725));
#18740=CARTESIAN_POINT('Origin',(-4.82240246972936E-17,0.,-0.15748031496063));
#18741=CARTESIAN_POINT('Origin',(0.931102362204724,2.75984251968504,-0.118110236220473));
#18742=CARTESIAN_POINT('',(1.01377952755906,2.75984251968504,-0.118110236220473));
#18743=CARTESIAN_POINT('Origin',(0.931102362204724,2.75984251968504,-0.118110236220473));
#18744=CARTESIAN_POINT('',(1.01377952755905,2.75984251968504,-0.118110236220473));
#18745=CARTESIAN_POINT('Origin',(0.931102362204724,2.75984251968504,-0.118110236220473));
#18746=CARTESIAN_POINT('Origin',(0.354330708661417,2.75984251968504,-0.118110236220472));
#18747=CARTESIAN_POINT('',(0.437007874015748,2.75984251968504,-0.118110236220472));
#18748=CARTESIAN_POINT('Origin',(0.354330708661417,2.75984251968504,-0.118110236220472));
#18749=CARTESIAN_POINT('',(0.437007874015748,2.75984251968504,-0.118110236220472));
#18750=CARTESIAN_POINT('Origin',(0.354330708661417,2.75984251968504,-0.118110236220472));
#18751=CARTESIAN_POINT('Origin',(0.354330708661417,0.706692913385827,-0.118110236220472));
#18752=CARTESIAN_POINT('',(0.437007874015748,0.706692913385827,-0.118110236220472));
#18753=CARTESIAN_POINT('Origin',(0.354330708661417,0.706692913385827,-0.118110236220472));
#18754=CARTESIAN_POINT('',(0.437007874015748,0.706692913385827,-0.118110236220472));
#18755=CARTESIAN_POINT('Origin',(0.354330708661417,0.706692913385827,-0.118110236220472));
#18756=CARTESIAN_POINT('Origin',(0.931102362204724,0.706692913385827,-0.118110236220473));
#18757=CARTESIAN_POINT('',(1.01377952755905,0.706692913385827,-0.118110236220473));
#18758=CARTESIAN_POINT('Origin',(0.931102362204724,0.706692913385827,-0.118110236220473));
#18759=CARTESIAN_POINT('',(1.01377952755905,0.706692913385827,-0.118110236220473));
#18760=CARTESIAN_POINT('Origin',(0.931102362204724,0.706692913385827,-0.118110236220473));
#18761=CARTESIAN_POINT('Origin',(-2.12637670366297E-17,1.15802652286323E-33,
-0.0708661417322834));
#18762=CARTESIAN_POINT('',(0.687612429621585,1.14530202355299,-0.0708661417322836));
#18763=CARTESIAN_POINT('',(0.687612429621585,1.14530202355299,-0.0708661417322836));
#18764=CARTESIAN_POINT('',(0.608872272141269,1.14530202355299,-0.0708661417322836));
#18765=CARTESIAN_POINT('',(0.687612429621585,1.14530202355299,-0.0708661417322836));
#18766=CARTESIAN_POINT('',(0.608872272141269,1.14530202355299,-0.0708661417322836));
#18767=CARTESIAN_POINT('Origin',(0.354330708661417,3.01968503937008,-0.181102362204724));
#18768=CARTESIAN_POINT('',(0.354330708661417,2.97047244094488,-0.181102362204724));
#18769=CARTESIAN_POINT('Origin',(0.931102362204724,3.01968503937008,-0.181102362204725));
#18770=CARTESIAN_POINT('',(0.931102362204724,2.97047244094488,-0.181102362204725));
#18771=CARTESIAN_POINT('Origin',(0.393700787401575,0.899606299212598,-0.181102362204724));
#18772=CARTESIAN_POINT('',(0.393700787401575,0.850393700787401,-0.181102362204724));
#18773=CARTESIAN_POINT('Origin',(0.891732283464567,0.899606299212598,-0.181102362204725));
#18774=CARTESIAN_POINT('',(0.891732283464567,0.850393700787402,-0.181102362204725));
#18775=CARTESIAN_POINT('Origin',(1.03337889859711,0.253336829469644,-0.298566500195583));
#18776=CARTESIAN_POINT('',(1.03337889859711,0.566561866072678,-0.298566500195583));
#18777=CARTESIAN_POINT('Origin',(1.12809784369397,0.253336829469644,-0.298566500195583));
#18778=CARTESIAN_POINT('',(1.05040770521214,0.566561866072678,-0.298566500195583));
#18779=CARTESIAN_POINT('Origin',(0.203992946154347,0.263064539302329,-0.298068319505602));
#18780=CARTESIAN_POINT('',(0.245980248481733,3.15748031496063,-0.298068319505602));
#18781=CARTESIAN_POINT('',(0.261264105883602,0.566561866072678,-0.298068319505602));
#18782=CARTESIAN_POINT('Origin',(0.261264105883602,0.263064539302329,-0.298068319505602));
#18783=CARTESIAN_POINT('Origin',(0.245980248481733,0.,0.0304731863061632));
#18784=CARTESIAN_POINT('Origin',(1.05040770521214,0.,0.000272117157993042));
#18785=CARTESIAN_POINT('Origin',(0.303879321424436,2.81765194346208,0.236220472440945));
#18786=CARTESIAN_POINT('',(0.303879321424436,1.08975722644718,0.236220472440945));
#18787=CARTESIAN_POINT('',(0.303879321424436,1.08975722644718,0.236220472440945));
#18788=CARTESIAN_POINT('',(0.303879321424436,2.81765194346208,0.236220472440945));
#18789=CARTESIAN_POINT('',(0.303879321424436,2.81765194346208,0.236220472440945));
#18790=CARTESIAN_POINT('',(0.303879321424436,2.81765194346208,0.236220472440945));
#18791=CARTESIAN_POINT('',(0.303879321424436,1.48123462062744,0.196850393700787));
#18792=CARTESIAN_POINT('',(0.303879321424436,1.7961952505487,0.19685039370079));
#18793=CARTESIAN_POINT('',(0.303879321424436,1.48123462062744,0.19685039370079));
#18794=CARTESIAN_POINT('',(0.303879321424436,1.48123462062744,0.039370078740158));
#18795=CARTESIAN_POINT('Origin',(0.303879321424436,1.48123462062744,0.118110236220472));
#18796=CARTESIAN_POINT('',(0.303879321424436,1.7961952505487,0.0393700787401578));
#18797=CARTESIAN_POINT('',(0.303879321424436,1.48123462062744,0.039370078740158));
#18798=CARTESIAN_POINT('Origin',(0.303879321424436,1.7961952505487,0.118110236220472));
#18799=CARTESIAN_POINT('',(0.303879321424436,2.11115588046996,0.039370078740158));
#18800=CARTESIAN_POINT('',(0.303879321424436,2.42611651039122,0.0393700787401579));
#18801=CARTESIAN_POINT('',(0.303879321424436,2.11115588046996,0.039370078740158));
#18802=CARTESIAN_POINT('',(0.303879321424436,2.42611651039122,0.19685039370079));
#18803=CARTESIAN_POINT('Origin',(0.303879321424436,2.42611651039122,0.118110236220472));
#18804=CARTESIAN_POINT('',(0.303879321424436,2.11115588046996,0.196850393700787));
#18805=CARTESIAN_POINT('',(0.303879321424436,2.11115588046996,0.19685039370079));
#18806=CARTESIAN_POINT('Origin',(0.303879321424436,2.11115588046996,0.118110236220472));
#18807=CARTESIAN_POINT('Origin',(0.303879321424436,1.08975722644718,0.236220472440945));
#18808=CARTESIAN_POINT('',(0.423558085869338,1.08975722644718,0.236220472440945));
#18809=CARTESIAN_POINT('',(0.423558085869338,1.08975722644718,0.236220472440945));
#18810=CARTESIAN_POINT('',(0.303879321424436,1.08975722644718,0.236220472440945));
#18811=CARTESIAN_POINT('Origin',(0.423558085869338,2.81765194346208,0.236220472440945));
#18812=CARTESIAN_POINT('',(0.423558085869338,2.81765194346208,0.236220472440945));
#18813=CARTESIAN_POINT('',(0.423558085869338,2.81765194346208,0.236220472440945));
#18814=CARTESIAN_POINT('',(0.423558085869338,1.08975722644718,0.236220472440945));
#18815=CARTESIAN_POINT('',(0.423558085869338,1.7961952505487,0.0393700787401578));
#18816=CARTESIAN_POINT('',(0.423558085869338,1.48123462062744,0.0393700787401579));
#18817=CARTESIAN_POINT('',(0.423558085869338,1.7961952505487,0.0393700787401578));
#18818=CARTESIAN_POINT('',(0.423558085869338,1.48123462062744,0.196850393700787));
#18819=CARTESIAN_POINT('Origin',(0.423558085869338,1.48123462062744,0.118110236220472));
#18820=CARTESIAN_POINT('',(0.423558085869338,1.7961952505487,0.196850393700787));
#18821=CARTESIAN_POINT('',(0.423558085869338,1.48123462062744,0.196850393700787));
#18822=CARTESIAN_POINT('Origin',(0.423558085869338,1.7961952505487,0.118110236220472));
#18823=CARTESIAN_POINT('',(0.423558085869338,2.11115588046996,0.0393700787401579));
#18824=CARTESIAN_POINT('',(0.423558085869338,2.11115588046996,0.196850393700787));
#18825=CARTESIAN_POINT('Origin',(0.423558085869338,2.11115588046996,0.118110236220472));
#18826=CARTESIAN_POINT('',(0.423558085869338,2.42611651039122,0.196850393700787));
#18827=CARTESIAN_POINT('',(0.423558085869338,2.11115588046996,0.196850393700787));
#18828=CARTESIAN_POINT('',(0.423558085869338,2.42611651039122,0.0393700787401578));
#18829=CARTESIAN_POINT('Origin',(0.423558085869338,2.42611651039122,0.118110236220472));
#18830=CARTESIAN_POINT('',(0.423558085869338,2.42611651039122,0.0393700787401578));
#18831=CARTESIAN_POINT('Origin',(0.303879321424436,2.81765194346208,0.236220472440945));
#18832=CARTESIAN_POINT('',(0.423558085869338,2.81765194346208,0.236220472440945));
#18833=CARTESIAN_POINT('Origin',(0.,0.,0.236220472440945));
#18834=CARTESIAN_POINT('Origin',(0.303879321424436,2.11115588046996,0.118110236220472));
#18835=CARTESIAN_POINT('',(0.423558085869338,2.11115588046996,0.0393700787401578));
#18836=CARTESIAN_POINT('',(0.423558085869338,2.11115588046996,0.196850393700787));
#18837=CARTESIAN_POINT('Origin',(0.303879321424436,2.42611651039122,0.118110236220472));
#18838=CARTESIAN_POINT('',(0.423558085869338,2.42611651039122,0.196850393700787));
#18839=CARTESIAN_POINT('',(0.423558085869338,2.42611651039122,0.0393700787401578));
#18840=CARTESIAN_POINT('Origin',(0.303879321424436,2.11115588046996,0.196850393700787));
#18841=CARTESIAN_POINT('Origin',(0.303879321424436,2.11115588046996,0.0393700787401578));
#18842=CARTESIAN_POINT('Origin',(0.303879321424436,1.48123462062744,0.118110236220472));
#18843=CARTESIAN_POINT('',(0.423558085869338,1.48123462062744,0.0393700787401578));
#18844=CARTESIAN_POINT('',(0.423558085869338,1.48123462062744,0.196850393700787));
#18845=CARTESIAN_POINT('Origin',(0.303879321424436,1.48123462062744,0.196850393700787));
#18846=CARTESIAN_POINT('',(0.423558085869338,1.7961952505487,0.196850393700787));
#18847=CARTESIAN_POINT('Origin',(0.303879321424436,1.7961952505487,0.118110236220472));
#18848=CARTESIAN_POINT('',(0.423558085869338,1.7961952505487,0.0393700787401578));
#18849=CARTESIAN_POINT('Origin',(0.303879321424436,1.48123462062744,0.0393700787401578));
#18850=CARTESIAN_POINT('Origin',(0.648242350881427,3.2755905511811,-0.14921236598261));
#18851=CARTESIAN_POINT('',(0.648242350881427,3.2755905511811,-0.263385594329067));
#18852=CARTESIAN_POINT('Origin',(0.648242350881427,3.2755905511811,-0.14921236598261));
#18853=CARTESIAN_POINT('',(0.648242350881427,3.2755905511811,-0.263385594329067));
#18854=CARTESIAN_POINT('Origin',(0.648242350881427,3.2755905511811,-0.14921236598261));
#18855=CARTESIAN_POINT('',(0.648242350881427,3.2755905511811,-0.233858035273949));
#18856=CARTESIAN_POINT('Origin',(0.648242350881427,3.2755905511811,-0.14921236598261));
#18857=CARTESIAN_POINT('Origin',(0.648242350881427,3.17716535433071,-0.14921236598261));
#18858=CARTESIAN_POINT('',(0.648242350881427,3.17716535433071,-0.233858035273949));
#18859=CARTESIAN_POINT('Origin',(0.648242350881427,3.17716535433071,-0.14921236598261));
#18860=CARTESIAN_POINT('',(0.648242350881427,3.17716535433071,-0.233858035273948));
#18861=CARTESIAN_POINT('Origin',(0.648242350881427,3.17716535433071,-0.14921236598261));
#18862=CARTESIAN_POINT('',(0.680437652998031,3.17716535433071,-0.181102362204725));
#18863=CARTESIAN_POINT('',(0.680437652998031,3.17716535433071,-0.117322369760496));
#18864=CARTESIAN_POINT('',(0.680437652998031,3.17716535433071,-0.181102362204725));
#18865=CARTESIAN_POINT('',(0.616047048764823,3.17716535433071,-0.117322369760496));
#18866=CARTESIAN_POINT('',(0.680437652998031,3.17716535433071,-0.117322369760496));
#18867=CARTESIAN_POINT('',(0.616047048764823,3.17716535433071,-0.181102362204725));
#18868=CARTESIAN_POINT('',(0.616047048764823,3.17716535433071,-0.181102362204725));
#18869=CARTESIAN_POINT('',(0.680437652998031,3.17716535433071,-0.181102362204725));
#18870=CARTESIAN_POINT('Origin',(0.,2.51574803149606,-0.117322369760496));
#18871=CARTESIAN_POINT('',(0.616047048764823,2.51771653543307,-0.117322369760496));
#18872=CARTESIAN_POINT('',(0.680437652998031,2.51771653543307,-0.117322369760496));
#18873=CARTESIAN_POINT('Origin',(0.616047048764823,2.51574803149606,0.));
#18874=CARTESIAN_POINT('',(0.616047048764823,3.15748031496063,-0.181102362204725));
#18875=CARTESIAN_POINT('Origin',(0.,2.51574803149606,-0.181102362204725));
#18876=CARTESIAN_POINT('',(0.680437652998031,3.15748031496063,-0.181102362204725));
#18877=CARTESIAN_POINT('Origin',(0.680437652998031,2.51574803149606,0.));
#18878=CARTESIAN_POINT('Origin',(0.459265972928671,3.15748031496063,-0.14921236598261));
#18879=CARTESIAN_POINT('',(0.459265972928671,3.13855557105425,-0.14921236598261));
#18880=CARTESIAN_POINT('',(0.459265972928671,3.15748031496063,-0.180708428974736));
#18881=CARTESIAN_POINT('',(0.459265972928671,3.15748031496063,-0.180708428974736));
#18882=CARTESIAN_POINT('Origin',(0.459265972928671,3.15748031496063,-0.14921236598261));
#18883=CARTESIAN_POINT('Origin',(0.459265972928671,3.31496062992126,-0.14921236598261));
#18884=CARTESIAN_POINT('',(0.459265972928671,3.31496062992126,-0.180708428974736));
#18885=CARTESIAN_POINT('Origin',(0.837218728834183,3.15748031496063,-0.14921236598261));
#18886=CARTESIAN_POINT('',(0.837218728834183,3.13855557105425,-0.14921236598261));
#18887=CARTESIAN_POINT('',(0.837218728834183,3.15748031496063,-0.180708428974736));
#18888=CARTESIAN_POINT('',(0.837218728834183,3.15748031496063,-0.180708428974736));
#18889=CARTESIAN_POINT('Origin',(0.837218728834183,3.15748031496063,-0.14921236598261));
#18890=CARTESIAN_POINT('Origin',(0.837218728834183,3.31496062992126,-0.14921236598261));
#18891=CARTESIAN_POINT('',(0.837218728834183,3.31496062992126,-0.180708428974736));
#18892=CARTESIAN_POINT('Origin',(0.648242350881427,1.14530202355299,-0.0708661417322836));
#18893=CARTESIAN_POINT('',(0.648242350881427,1.14530202355299,-0.0314960629921261));
#18894=CARTESIAN_POINT('Origin',(0.648242350881427,1.14530202355299,-0.0708661417322836));
#18895=CARTESIAN_POINT('Origin',(0.648242350881427,1.14530202355299,-0.0708661417322836));
#18896=CARTESIAN_POINT('',(0.648242350881427,1.14530202355299,-0.0314960629921261));
#18897=CARTESIAN_POINT('Origin',(0.648242350881427,1.14530202355299,-0.0708661417322836));
#18898=CARTESIAN_POINT('',(0.,0.,0.));
#18899=CARTESIAN_POINT('',(1.02657478543307,0.187401605511811,0.141275457480315));
#18900=CARTESIAN_POINT('',(0.,0.,0.322377819685039));
#18901=UNCERTAINTY_MEASURE_WITH_UNIT(LENGTH_MEASURE(0.000393700787401575),
#18959,'DISTANCE_ACCURACY_VALUE',
'Maximum model space distance between geometric entities at asserted c
onnectivities');
#18902=UNCERTAINTY_MEASURE_WITH_UNIT(LENGTH_MEASURE(0.000393700787401575),
#18959,'DISTANCE_ACCURACY_VALUE',
'Maximum model space distance between geometric entities at asserted c
onnectivities');
#18903=UNCERTAINTY_MEASURE_WITH_UNIT(LENGTH_MEASURE(0.000393700787401575),
#18959,'DISTANCE_ACCURACY_VALUE',
'Maximum model space distance between geometric entities at asserted c
onnectivities');
#18904=UNCERTAINTY_MEASURE_WITH_UNIT(LENGTH_MEASURE(0.000393700787401575),
#18959,'DISTANCE_ACCURACY_VALUE',
'Maximum model space distance between geometric entities at asserted c
onnectivities');
#18905=UNCERTAINTY_MEASURE_WITH_UNIT(LENGTH_MEASURE(0.000393700787401575),
#18959,'DISTANCE_ACCURACY_VALUE',
'Maximum model space distance between geometric entities at asserted c
onnectivities');
#18906=UNCERTAINTY_MEASURE_WITH_UNIT(LENGTH_MEASURE(0.000393700787401575),
#18959,'DISTANCE_ACCURACY_VALUE',
'Maximum model space distance between geometric entities at asserted c
onnectivities');
#18907=UNCERTAINTY_MEASURE_WITH_UNIT(LENGTH_MEASURE(0.000393700787401575),
#18959,'DISTANCE_ACCURACY_VALUE',
'Maximum model space distance between geometric entities at asserted c
onnectivities');
#18908=UNCERTAINTY_MEASURE_WITH_UNIT(LENGTH_MEASURE(0.000393700787401575),
#18959,'DISTANCE_ACCURACY_VALUE',
'Maximum model space distance between geometric entities at asserted c
onnectivities');
#18909=UNCERTAINTY_MEASURE_WITH_UNIT(LENGTH_MEASURE(0.000393700787401575),
#18959,'DISTANCE_ACCURACY_VALUE',
'Maximum model space distance between geometric entities at asserted c
onnectivities');
#18910=UNCERTAINTY_MEASURE_WITH_UNIT(LENGTH_MEASURE(0.000393700787401575),
#18959,'DISTANCE_ACCURACY_VALUE',
'Maximum model space distance between geometric entities at asserted c
onnectivities');
#18911=UNCERTAINTY_MEASURE_WITH_UNIT(LENGTH_MEASURE(0.000393700787401575),
#18959,'DISTANCE_ACCURACY_VALUE',
'Maximum model space distance between geometric entities at asserted c
onnectivities');
#18912=UNCERTAINTY_MEASURE_WITH_UNIT(LENGTH_MEASURE(0.000393700787401575),
#18959,'DISTANCE_ACCURACY_VALUE',
'Maximum model space distance between geometric entities at asserted c
onnectivities');
#18913=UNCERTAINTY_MEASURE_WITH_UNIT(LENGTH_MEASURE(0.000393700787401575),
#18959,'DISTANCE_ACCURACY_VALUE',
'Maximum model space distance between geometric entities at asserted c
onnectivities');
#18914=UNCERTAINTY_MEASURE_WITH_UNIT(LENGTH_MEASURE(0.000393700787401575),
#18959,'DISTANCE_ACCURACY_VALUE',
'Maximum model space distance between geometric entities at asserted c
onnectivities');
#18915=UNCERTAINTY_MEASURE_WITH_UNIT(LENGTH_MEASURE(0.000393700787401575),
#18959,'DISTANCE_ACCURACY_VALUE',
'Maximum model space distance between geometric entities at asserted c
onnectivities');
#18916=UNCERTAINTY_MEASURE_WITH_UNIT(LENGTH_MEASURE(0.000393700787401575),
#18959,'DISTANCE_ACCURACY_VALUE',
'Maximum model space distance between geometric entities at asserted c
onnectivities');
#18917=UNCERTAINTY_MEASURE_WITH_UNIT(LENGTH_MEASURE(0.000393700787401575),
#18959,'DISTANCE_ACCURACY_VALUE',
'Maximum model space distance between geometric entities at asserted c
onnectivities');
#18918=UNCERTAINTY_MEASURE_WITH_UNIT(LENGTH_MEASURE(0.000393700787401575),
#18959,'DISTANCE_ACCURACY_VALUE',
'Maximum model space distance between geometric entities at asserted c
onnectivities');
#18919=UNCERTAINTY_MEASURE_WITH_UNIT(LENGTH_MEASURE(0.000393700787401575),
#18959,'DISTANCE_ACCURACY_VALUE',
'Maximum model space distance between geometric entities at asserted c
onnectivities');
#18920=UNCERTAINTY_MEASURE_WITH_UNIT(LENGTH_MEASURE(0.000393700787401575),
#18959,'DISTANCE_ACCURACY_VALUE',
'Maximum model space distance between geometric entities at asserted c
onnectivities');
#18921=UNCERTAINTY_MEASURE_WITH_UNIT(LENGTH_MEASURE(0.000393700787401575),
#18959,'DISTANCE_ACCURACY_VALUE',
'Maximum model space distance between geometric entities at asserted c
onnectivities');
#18922=UNCERTAINTY_MEASURE_WITH_UNIT(LENGTH_MEASURE(0.000393700787401575),
#18959,'DISTANCE_ACCURACY_VALUE',
'Maximum model space distance between geometric entities at asserted c
onnectivities');
#18923=UNCERTAINTY_MEASURE_WITH_UNIT(LENGTH_MEASURE(0.000393700787401575),
#18959,'DISTANCE_ACCURACY_VALUE',
'Maximum model space distance between geometric entities at asserted c
onnectivities');
#18924=UNCERTAINTY_MEASURE_WITH_UNIT(LENGTH_MEASURE(0.000393700787401575),
#18959,'DISTANCE_ACCURACY_VALUE',
'Maximum model space distance between geometric entities at asserted c
onnectivities');
#18925=UNCERTAINTY_MEASURE_WITH_UNIT(LENGTH_MEASURE(0.000393700787401575),
#18959,'DISTANCE_ACCURACY_VALUE',
'Maximum model space distance between geometric entities at asserted c
onnectivities');
#18926=UNCERTAINTY_MEASURE_WITH_UNIT(LENGTH_MEASURE(0.000393700787401575),
#18959,'DISTANCE_ACCURACY_VALUE',
'Maximum model space distance between geometric entities at asserted c
onnectivities');
#18927=UNCERTAINTY_MEASURE_WITH_UNIT(LENGTH_MEASURE(0.000393700787401575),
#18959,'DISTANCE_ACCURACY_VALUE',
'Maximum model space distance between geometric entities at asserted c
onnectivities');
#18928=UNCERTAINTY_MEASURE_WITH_UNIT(LENGTH_MEASURE(0.000393700787401575),
#18959,'DISTANCE_ACCURACY_VALUE',
'Maximum model space distance between geometric entities at asserted c
onnectivities');
#18929=(
GEOMETRIC_REPRESENTATION_CONTEXT(3)
GLOBAL_UNCERTAINTY_ASSIGNED_CONTEXT((#18901))
GLOBAL_UNIT_ASSIGNED_CONTEXT((#18959,#18963,#18964))
REPRESENTATION_CONTEXT('','3D')
);
#18930=(
GEOMETRIC_REPRESENTATION_CONTEXT(3)
GLOBAL_UNCERTAINTY_ASSIGNED_CONTEXT((#18902))
GLOBAL_UNIT_ASSIGNED_CONTEXT((#18959,#18963,#18964))
REPRESENTATION_CONTEXT('','3D')
);
#18931=(
GEOMETRIC_REPRESENTATION_CONTEXT(3)
GLOBAL_UNCERTAINTY_ASSIGNED_CONTEXT((#18903))
GLOBAL_UNIT_ASSIGNED_CONTEXT((#18959,#18963,#18964))
REPRESENTATION_CONTEXT('','3D')
);
#18932=(
GEOMETRIC_REPRESENTATION_CONTEXT(3)
GLOBAL_UNCERTAINTY_ASSIGNED_CONTEXT((#18904))
GLOBAL_UNIT_ASSIGNED_CONTEXT((#18959,#18963,#18964))
REPRESENTATION_CONTEXT('','3D')
);
#18933=(
GEOMETRIC_REPRESENTATION_CONTEXT(3)
GLOBAL_UNCERTAINTY_ASSIGNED_CONTEXT((#18905))
GLOBAL_UNIT_ASSIGNED_CONTEXT((#18959,#18963,#18964))
REPRESENTATION_CONTEXT('','3D')
);
#18934=(
GEOMETRIC_REPRESENTATION_CONTEXT(3)
GLOBAL_UNCERTAINTY_ASSIGNED_CONTEXT((#18906))
GLOBAL_UNIT_ASSIGNED_CONTEXT((#18959,#18963,#18964))
REPRESENTATION_CONTEXT('','3D')
);
#18935=(
GEOMETRIC_REPRESENTATION_CONTEXT(3)
GLOBAL_UNCERTAINTY_ASSIGNED_CONTEXT((#18907))
GLOBAL_UNIT_ASSIGNED_CONTEXT((#18959,#18963,#18964))
REPRESENTATION_CONTEXT('','3D')
);
#18936=(
GEOMETRIC_REPRESENTATION_CONTEXT(3)
GLOBAL_UNCERTAINTY_ASSIGNED_CONTEXT((#18908))
GLOBAL_UNIT_ASSIGNED_CONTEXT((#18959,#18963,#18964))
REPRESENTATION_CONTEXT('','3D')
);
#18937=(
GEOMETRIC_REPRESENTATION_CONTEXT(3)
GLOBAL_UNCERTAINTY_ASSIGNED_CONTEXT((#18909))
GLOBAL_UNIT_ASSIGNED_CONTEXT((#18959,#18963,#18964))
REPRESENTATION_CONTEXT('','3D')
);
#18938=(
GEOMETRIC_REPRESENTATION_CONTEXT(3)
GLOBAL_UNCERTAINTY_ASSIGNED_CONTEXT((#18910))
GLOBAL_UNIT_ASSIGNED_CONTEXT((#18959,#18963,#18964))
REPRESENTATION_CONTEXT('','3D')
);
#18939=(
GEOMETRIC_REPRESENTATION_CONTEXT(3)
GLOBAL_UNCERTAINTY_ASSIGNED_CONTEXT((#18911))
GLOBAL_UNIT_ASSIGNED_CONTEXT((#18959,#18963,#18964))
REPRESENTATION_CONTEXT('','3D')
);
#18940=(
GEOMETRIC_REPRESENTATION_CONTEXT(3)
GLOBAL_UNCERTAINTY_ASSIGNED_CONTEXT((#18912))
GLOBAL_UNIT_ASSIGNED_CONTEXT((#18959,#18963,#18964))
REPRESENTATION_CONTEXT('','3D')
);
#18941=(
GEOMETRIC_REPRESENTATION_CONTEXT(3)
GLOBAL_UNCERTAINTY_ASSIGNED_CONTEXT((#18913))
GLOBAL_UNIT_ASSIGNED_CONTEXT((#18959,#18963,#18964))
REPRESENTATION_CONTEXT('','3D')
);
#18942=(
GEOMETRIC_REPRESENTATION_CONTEXT(3)
GLOBAL_UNCERTAINTY_ASSIGNED_CONTEXT((#18914))
GLOBAL_UNIT_ASSIGNED_CONTEXT((#18959,#18963,#18964))
REPRESENTATION_CONTEXT('','3D')
);
#18943=(
GEOMETRIC_REPRESENTATION_CONTEXT(3)
GLOBAL_UNCERTAINTY_ASSIGNED_CONTEXT((#18915))
GLOBAL_UNIT_ASSIGNED_CONTEXT((#18959,#18963,#18964))
REPRESENTATION_CONTEXT('','3D')
);
#18944=(
GEOMETRIC_REPRESENTATION_CONTEXT(3)
GLOBAL_UNCERTAINTY_ASSIGNED_CONTEXT((#18916))
GLOBAL_UNIT_ASSIGNED_CONTEXT((#18959,#18963,#18964))
REPRESENTATION_CONTEXT('','3D')
);
#18945=(
GEOMETRIC_REPRESENTATION_CONTEXT(3)
GLOBAL_UNCERTAINTY_ASSIGNED_CONTEXT((#18917))
GLOBAL_UNIT_ASSIGNED_CONTEXT((#18959,#18963,#18964))
REPRESENTATION_CONTEXT('','3D')
);
#18946=(
GEOMETRIC_REPRESENTATION_CONTEXT(3)
GLOBAL_UNCERTAINTY_ASSIGNED_CONTEXT((#18918))
GLOBAL_UNIT_ASSIGNED_CONTEXT((#18959,#18963,#18964))
REPRESENTATION_CONTEXT('','3D')
);
#18947=(
GEOMETRIC_REPRESENTATION_CONTEXT(3)
GLOBAL_UNCERTAINTY_ASSIGNED_CONTEXT((#18919))
GLOBAL_UNIT_ASSIGNED_CONTEXT((#18959,#18963,#18964))
REPRESENTATION_CONTEXT('','3D')
);
#18948=(
GEOMETRIC_REPRESENTATION_CONTEXT(3)
GLOBAL_UNCERTAINTY_ASSIGNED_CONTEXT((#18920))
GLOBAL_UNIT_ASSIGNED_CONTEXT((#18959,#18963,#18964))
REPRESENTATION_CONTEXT('','3D')
);
#18949=(
GEOMETRIC_REPRESENTATION_CONTEXT(3)
GLOBAL_UNCERTAINTY_ASSIGNED_CONTEXT((#18921))
GLOBAL_UNIT_ASSIGNED_CONTEXT((#18959,#18963,#18964))
REPRESENTATION_CONTEXT('','3D')
);
#18950=(
GEOMETRIC_REPRESENTATION_CONTEXT(3)
GLOBAL_UNCERTAINTY_ASSIGNED_CONTEXT((#18922))
GLOBAL_UNIT_ASSIGNED_CONTEXT((#18959,#18963,#18964))
REPRESENTATION_CONTEXT('','3D')
);
#18951=(
GEOMETRIC_REPRESENTATION_CONTEXT(3)
GLOBAL_UNCERTAINTY_ASSIGNED_CONTEXT((#18923))
GLOBAL_UNIT_ASSIGNED_CONTEXT((#18959,#18963,#18964))
REPRESENTATION_CONTEXT('','3D')
);
#18952=(
GEOMETRIC_REPRESENTATION_CONTEXT(3)
GLOBAL_UNCERTAINTY_ASSIGNED_CONTEXT((#18924))
GLOBAL_UNIT_ASSIGNED_CONTEXT((#18959,#18963,#18964))
REPRESENTATION_CONTEXT('','3D')
);
#18953=(
GEOMETRIC_REPRESENTATION_CONTEXT(3)
GLOBAL_UNCERTAINTY_ASSIGNED_CONTEXT((#18925))
GLOBAL_UNIT_ASSIGNED_CONTEXT((#18959,#18963,#18964))
REPRESENTATION_CONTEXT('','3D')
);
#18954=(
GEOMETRIC_REPRESENTATION_CONTEXT(3)
GLOBAL_UNCERTAINTY_ASSIGNED_CONTEXT((#18926))
GLOBAL_UNIT_ASSIGNED_CONTEXT((#18959,#18963,#18964))
REPRESENTATION_CONTEXT('','3D')
);
#18955=(
GEOMETRIC_REPRESENTATION_CONTEXT(3)
GLOBAL_UNCERTAINTY_ASSIGNED_CONTEXT((#18927))
GLOBAL_UNIT_ASSIGNED_CONTEXT((#18959,#18963,#18964))
REPRESENTATION_CONTEXT('','3D')
);
#18956=(
GEOMETRIC_REPRESENTATION_CONTEXT(3)
GLOBAL_UNCERTAINTY_ASSIGNED_CONTEXT((#18928))
GLOBAL_UNIT_ASSIGNED_CONTEXT((#18959,#18963,#18964))
REPRESENTATION_CONTEXT('','3D')
);
#18957=DIMENSIONAL_EXPONENTS(1.,0.,0.,0.,0.,0.,0.);
#18958=DIMENSIONAL_EXPONENTS(0.,1.,0.,0.,0.,0.,0.);
#18959=(
CONVERSION_BASED_UNIT('inch',#18962)
LENGTH_UNIT()
NAMED_UNIT(#18957)
);
#18960=(
LENGTH_UNIT()
NAMED_UNIT(*)
SI_UNIT(.MILLI.,.METRE.)
);
#18961=(
LENGTH_UNIT()
NAMED_UNIT(*)
SI_UNIT(.CENTI.,.METRE.)
);
#18962=LENGTH_MEASURE_WITH_UNIT(LENGTH_MEASURE(25.4),#18960);
#18963=(
NAMED_UNIT(*)
PLANE_ANGLE_UNIT()
SI_UNIT($,.RADIAN.)
);
#18964=(
NAMED_UNIT(*)
SI_UNIT($,.STERADIAN.)
SOLID_ANGLE_UNIT()
);
#18965=SHAPE_DEFINITION_REPRESENTATION(#18992,#19045);
#18966=SHAPE_DEFINITION_REPRESENTATION(#18993,#19046);
#18967=SHAPE_DEFINITION_REPRESENTATION(#18994,#19047);
#18968=SHAPE_DEFINITION_REPRESENTATION(#18995,#19048);
#18969=SHAPE_DEFINITION_REPRESENTATION(#18996,#19049);
#18970=SHAPE_DEFINITION_REPRESENTATION(#18997,#19050);
#18971=SHAPE_DEFINITION_REPRESENTATION(#18998,#19051);
#18972=SHAPE_DEFINITION_REPRESENTATION(#18999,#19052);
#18973=SHAPE_DEFINITION_REPRESENTATION(#19000,#19053);
#18974=SHAPE_DEFINITION_REPRESENTATION(#19001,#19054);
#18975=SHAPE_DEFINITION_REPRESENTATION(#19002,#19055);
#18976=SHAPE_DEFINITION_REPRESENTATION(#19003,#19056);
#18977=SHAPE_DEFINITION_REPRESENTATION(#19004,#19057);
#18978=SHAPE_DEFINITION_REPRESENTATION(#19005,#19058);
#18979=SHAPE_DEFINITION_REPRESENTATION(#19006,#19059);
#18980=SHAPE_DEFINITION_REPRESENTATION(#19007,#19060);
#18981=SHAPE_DEFINITION_REPRESENTATION(#19008,#19061);
#18982=SHAPE_DEFINITION_REPRESENTATION(#19009,#19062);
#18983=SHAPE_DEFINITION_REPRESENTATION(#19010,#19063);
#18984=SHAPE_DEFINITION_REPRESENTATION(#19011,#19064);
#18985=SHAPE_DEFINITION_REPRESENTATION(#19012,#19065);
#18986=SHAPE_DEFINITION_REPRESENTATION(#19013,#19066);
#18987=SHAPE_DEFINITION_REPRESENTATION(#19014,#19067);
#18988=SHAPE_DEFINITION_REPRESENTATION(#19015,#19068);
#18989=SHAPE_DEFINITION_REPRESENTATION(#19016,#19069);
#18990=SHAPE_DEFINITION_REPRESENTATION(#19017,#19070);
#18991=SHAPE_DEFINITION_REPRESENTATION(#19041,#19071);
#18992=PRODUCT_DEFINITION_SHAPE('',$,#19073);
#18993=PRODUCT_DEFINITION_SHAPE('',$,#19074);
#18994=PRODUCT_DEFINITION_SHAPE('',$,#19075);
#18995=PRODUCT_DEFINITION_SHAPE('',$,#19076);
#18996=PRODUCT_DEFINITION_SHAPE('',$,#19077);
#18997=PRODUCT_DEFINITION_SHAPE('',$,#19078);
#18998=PRODUCT_DEFINITION_SHAPE('',$,#19079);
#18999=PRODUCT_DEFINITION_SHAPE('',$,#19080);
#19000=PRODUCT_DEFINITION_SHAPE('',$,#19081);
#19001=PRODUCT_DEFINITION_SHAPE('',$,#19082);
#19002=PRODUCT_DEFINITION_SHAPE('',$,#19083);
#19003=PRODUCT_DEFINITION_SHAPE('',$,#19084);
#19004=PRODUCT_DEFINITION_SHAPE('',$,#19085);
#19005=PRODUCT_DEFINITION_SHAPE('',$,#19086);
#19006=PRODUCT_DEFINITION_SHAPE('',$,#19087);
#19007=PRODUCT_DEFINITION_SHAPE('',$,#19088);
#19008=PRODUCT_DEFINITION_SHAPE('',$,#19089);
#19009=PRODUCT_DEFINITION_SHAPE('',$,#19090);
#19010=PRODUCT_DEFINITION_SHAPE('',$,#19091);
#19011=PRODUCT_DEFINITION_SHAPE('',$,#19092);
#19012=PRODUCT_DEFINITION_SHAPE('',$,#19093);
#19013=PRODUCT_DEFINITION_SHAPE('',$,#19094);
#19014=PRODUCT_DEFINITION_SHAPE('',$,#19095);
#19015=PRODUCT_DEFINITION_SHAPE('',$,#19096);
#19016=PRODUCT_DEFINITION_SHAPE('',$,#19097);
#19017=PRODUCT_DEFINITION_SHAPE('',$,#19098);
#19018=PRODUCT_DEFINITION_SHAPE($,$,#91);
#19019=PRODUCT_DEFINITION_SHAPE($,$,#92);
#19020=PRODUCT_DEFINITION_SHAPE($,$,#93);
#19021=PRODUCT_DEFINITION_SHAPE($,$,#94);
#19022=PRODUCT_DEFINITION_SHAPE($,$,#95);
#19023=PRODUCT_DEFINITION_SHAPE($,$,#96);
#19024=PRODUCT_DEFINITION_SHAPE($,$,#97);
#19025=PRODUCT_DEFINITION_SHAPE($,$,#98);
#19026=PRODUCT_DEFINITION_SHAPE($,$,#99);
#19027=PRODUCT_DEFINITION_SHAPE($,$,#100);
#19028=PRODUCT_DEFINITION_SHAPE($,$,#101);
#19029=PRODUCT_DEFINITION_SHAPE($,$,#102);
#19030=PRODUCT_DEFINITION_SHAPE($,$,#103);
#19031=PRODUCT_DEFINITION_SHAPE($,$,#104);
#19032=PRODUCT_DEFINITION_SHAPE($,$,#105);
#19033=PRODUCT_DEFINITION_SHAPE($,$,#106);
#19034=PRODUCT_DEFINITION_SHAPE($,$,#107);
#19035=PRODUCT_DEFINITION_SHAPE($,$,#108);
#19036=PRODUCT_DEFINITION_SHAPE($,$,#109);
#19037=PRODUCT_DEFINITION_SHAPE($,$,#110);
#19038=PRODUCT_DEFINITION_SHAPE($,$,#111);
#19039=PRODUCT_DEFINITION_SHAPE($,$,#112);
#19040=PRODUCT_DEFINITION_SHAPE($,$,#113);
#19041=PRODUCT_DEFINITION_SHAPE('',$,#19099);
#19042=PRODUCT_DEFINITION_SHAPE($,$,#114);
#19043=PRODUCT_DEFINITION_SHAPE($,$,#115);
#19044=PRODUCT_DEFINITION_SHAPE($,$,#116);
#19045=SHAPE_REPRESENTATION('',(#11553,#12680,#12681,#12682),#18929);
#19046=SHAPE_REPRESENTATION('',(#11554),#18930);
#19047=SHAPE_REPRESENTATION('',(#11689,#12560,#12561,#12562,#12563,#12564,
#12565,#12566,#12567,#12568,#12569,#12570,#12571,#12572,#12573,#12574,#12575,
#12576,#12577,#12578,#12579,#12580,#12581,#12582),#18931);
#19048=SHAPE_REPRESENTATION('',(#11690),#18932);
#19049=SHAPE_REPRESENTATION('',(#11884),#18933);
#19050=SHAPE_REPRESENTATION('',(#11891),#18934);
#19051=SHAPE_REPRESENTATION('',(#11898),#18935);
#19052=SHAPE_REPRESENTATION('',(#11905),#18936);
#19053=SHAPE_REPRESENTATION('',(#11912),#18937);
#19054=SHAPE_REPRESENTATION('',(#11919),#18938);
#19055=SHAPE_REPRESENTATION('',(#11926),#18939);
#19056=SHAPE_REPRESENTATION('',(#11933),#18940);
#19057=SHAPE_REPRESENTATION('',(#11988),#18941);
#19058=SHAPE_REPRESENTATION('',(#11995),#18942);
#19059=SHAPE_REPRESENTATION('',(#12050),#18943);
#19060=SHAPE_REPRESENTATION('',(#12057),#18944);
#19061=SHAPE_REPRESENTATION('',(#12064),#18945);
#19062=SHAPE_REPRESENTATION('',(#12071),#18946);
#19063=SHAPE_REPRESENTATION('',(#12078),#18947);
#19064=SHAPE_REPRESENTATION('',(#12133),#18948);
#19065=SHAPE_REPRESENTATION('',(#12188),#18949);
#19066=SHAPE_REPRESENTATION('',(#12243),#18950);
#19067=SHAPE_REPRESENTATION('',(#12298),#18951);
#19068=SHAPE_REPRESENTATION('',(#12353),#18952);
#19069=SHAPE_REPRESENTATION('',(#12408),#18953);
#19070=SHAPE_REPRESENTATION('',(#12415),#18954);
#19071=SHAPE_REPRESENTATION('',(#12583),#18955);
#19072=PRODUCT_DEFINITION_CONTEXT('part definition',#19155,'design');
#19073=PRODUCT_DEFINITION('Carrier_with_PCB','Carrier_with_PCB',#19100,
#19072);
#19074=PRODUCT_DEFINITION('Bottom','Bottom',#19101,#19072);
#19075=PRODUCT_DEFINITION('PCB_simplified','PCB_simplified',#19102,#19072);
#19076=PRODUCT_DEFINITION('PCB_board','PCB_board',#19103,#19072);
#19077=PRODUCT_DEFINITION('R6','R6',#19104,#19072);
#19078=PRODUCT_DEFINITION('R5','R5',#19105,#19072);
#19079=PRODUCT_DEFINITION('R4','R4',#19106,#19072);
#19080=PRODUCT_DEFINITION('R3','R3',#19107,#19072);
#19081=PRODUCT_DEFINITION('R2','R2',#19108,#19072);
#19082=PRODUCT_DEFINITION('R1','R1',#19109,#19072);
#19083=PRODUCT_DEFINITION('C6','C6',#19110,#19072);
#19084=PRODUCT_DEFINITION('Open CASCADE STEP translator 8.0 9','SMP6',#19111,
#19072);
#19085=PRODUCT_DEFINITION('C5','C5',#19112,#19072);
#19086=PRODUCT_DEFINITION('Open CASCADE STEP translator 8.0 11','SMP5',
#19113,#19072);
#19087=PRODUCT_DEFINITION('C4','C4',#19114,#19072);
#19088=PRODUCT_DEFINITION('C3','C3',#19115,#19072);
#19089=PRODUCT_DEFINITION('C2','C2',#19116,#19072);
#19090=PRODUCT_DEFINITION('C1','C1',#19117,#19072);
#19091=PRODUCT_DEFINITION('Open CASCADE STEP translator 8.0 16','SMP1',
#19118,#19072);
#19092=PRODUCT_DEFINITION('Open CASCADE STEP translator 8.0 17','SMP2',
#19119,#19072);
#19093=PRODUCT_DEFINITION('Open CASCADE STEP translator 8.0 18','SMP3',
#19120,#19072);
#19094=PRODUCT_DEFINITION('Open CASCADE STEP translator 8.0 19','SMP4',
#19121,#19072);
#19095=PRODUCT_DEFINITION('Open CASCADE STEP translator 8.0 20','SMP7',
#19122,#19072);
#19096=PRODUCT_DEFINITION('Open CASCADE STEP translator 8.0 21','SMP8',
#19123,#19072);
#19097=PRODUCT_DEFINITION('J1','J1',#19124,#19072);
#19098=PRODUCT_DEFINITION('Open CASCADE STEP translator 8.0 23',
'QD_bond_pads',#19125,#19072);
#19099=PRODUCT_DEFINITION('Top_ForFridge','Top_ForFridge',#19126,#19072);
#19100=PRODUCT_DEFINITION_FORMATION('',$,#19157);
#19101=PRODUCT_DEFINITION_FORMATION('',$,#19158);
#19102=PRODUCT_DEFINITION_FORMATION('',$,#19159);
#19103=PRODUCT_DEFINITION_FORMATION('',$,#19160);
#19104=PRODUCT_DEFINITION_FORMATION('',$,#19161);
#19105=PRODUCT_DEFINITION_FORMATION('',$,#19162);
#19106=PRODUCT_DEFINITION_FORMATION('',$,#19163);
#19107=PRODUCT_DEFINITION_FORMATION('',$,#19164);
#19108=PRODUCT_DEFINITION_FORMATION('',$,#19165);
#19109=PRODUCT_DEFINITION_FORMATION('',$,#19166);
#19110=PRODUCT_DEFINITION_FORMATION('',$,#19167);
#19111=PRODUCT_DEFINITION_FORMATION('',$,#19168);
#19112=PRODUCT_DEFINITION_FORMATION('',$,#19169);
#19113=PRODUCT_DEFINITION_FORMATION('',$,#19170);
#19114=PRODUCT_DEFINITION_FORMATION('',$,#19171);
#19115=PRODUCT_DEFINITION_FORMATION('',$,#19172);
#19116=PRODUCT_DEFINITION_FORMATION('',$,#19173);
#19117=PRODUCT_DEFINITION_FORMATION('',$,#19174);
#19118=PRODUCT_DEFINITION_FORMATION('',$,#19175);
#19119=PRODUCT_DEFINITION_FORMATION('',$,#19176);
#19120=PRODUCT_DEFINITION_FORMATION('',$,#19177);
#19121=PRODUCT_DEFINITION_FORMATION('',$,#19178);
#19122=PRODUCT_DEFINITION_FORMATION('',$,#19179);
#19123=PRODUCT_DEFINITION_FORMATION('',$,#19180);
#19124=PRODUCT_DEFINITION_FORMATION('',$,#19181);
#19125=PRODUCT_DEFINITION_FORMATION('',$,#19182);
#19126=PRODUCT_DEFINITION_FORMATION('',$,#19183);
#19127=PRODUCT_RELATED_PRODUCT_CATEGORY('Carrier_with_PCB',
'Carrier_with_PCB',(#19157));
#19128=PRODUCT_RELATED_PRODUCT_CATEGORY('Bottom','Bottom',(#19158));
#19129=PRODUCT_RELATED_PRODUCT_CATEGORY('PCB_simplified',
'PCB_simplified',(#19159));
#19130=PRODUCT_RELATED_PRODUCT_CATEGORY('PCB_board','PCB_board',(#19160));
#19131=PRODUCT_RELATED_PRODUCT_CATEGORY('R6','R6',(#19161));
#19132=PRODUCT_RELATED_PRODUCT_CATEGORY('R5','R5',(#19162));
#19133=PRODUCT_RELATED_PRODUCT_CATEGORY('R4','R4',(#19163));
#19134=PRODUCT_RELATED_PRODUCT_CATEGORY('R3','R3',(#19164));
#19135=PRODUCT_RELATED_PRODUCT_CATEGORY('R2','R2',(#19165));
#19136=PRODUCT_RELATED_PRODUCT_CATEGORY('R1','R1',(#19166));
#19137=PRODUCT_RELATED_PRODUCT_CATEGORY('C6','C6',(#19167));
#19138=PRODUCT_RELATED_PRODUCT_CATEGORY('SMP6','SMP6',(#19168));
#19139=PRODUCT_RELATED_PRODUCT_CATEGORY('C5','C5',(#19169));
#19140=PRODUCT_RELATED_PRODUCT_CATEGORY('SMP5','SMP5',(#19170));
#19141=PRODUCT_RELATED_PRODUCT_CATEGORY('C4','C4',(#19171));
#19142=PRODUCT_RELATED_PRODUCT_CATEGORY('C3','C3',(#19172));
#19143=PRODUCT_RELATED_PRODUCT_CATEGORY('C2','C2',(#19173));
#19144=PRODUCT_RELATED_PRODUCT_CATEGORY('C1','C1',(#19174));
#19145=PRODUCT_RELATED_PRODUCT_CATEGORY('SMP1','SMP1',(#19175));
#19146=PRODUCT_RELATED_PRODUCT_CATEGORY('SMP2','SMP2',(#19176));
#19147=PRODUCT_RELATED_PRODUCT_CATEGORY('SMP3','SMP3',(#19177));
#19148=PRODUCT_RELATED_PRODUCT_CATEGORY('SMP4','SMP4',(#19178));
#19149=PRODUCT_RELATED_PRODUCT_CATEGORY('SMP7','SMP7',(#19179));
#19150=PRODUCT_RELATED_PRODUCT_CATEGORY('SMP8','SMP8',(#19180));
#19151=PRODUCT_RELATED_PRODUCT_CATEGORY('J1','J1',(#19181));
#19152=PRODUCT_RELATED_PRODUCT_CATEGORY('QD_bond_pads','QD_bond_pads',(#19182));
#19153=PRODUCT_RELATED_PRODUCT_CATEGORY('Top_ForFridge','Top_ForFridge',
(#19183));
#19154=APPLICATION_PROTOCOL_DEFINITION('international standard',
'automotive_design',2009,#19155);
#19155=APPLICATION_CONTEXT(
'Core Data for Automotive Mechanical Design Process');
#19156=PRODUCT_CONTEXT('part definition',#19155,'mechanical');
#19157=PRODUCT('Carrier_with_PCB','Carrier_with_PCB',$,(#19156));
#19158=PRODUCT('Bottom','Bottom',$,(#19156));
#19159=PRODUCT('PCB_simplified','PCB_simplified',$,(#19156));
#19160=PRODUCT('PCB_board','PCB_board',$,(#19156));
#19161=PRODUCT('R6','R6',$,(#19156));
#19162=PRODUCT('R5','R5',$,(#19156));
#19163=PRODUCT('R4','R4',$,(#19156));
#19164=PRODUCT('R3','R3',$,(#19156));
#19165=PRODUCT('R2','R2',$,(#19156));
#19166=PRODUCT('R1','R1',$,(#19156));
#19167=PRODUCT('C6','C6',$,(#19156));
#19168=PRODUCT('Open CASCADE STEP translator 8.0 9','SMP6',$,(#19156));
#19169=PRODUCT('C5','C5',$,(#19156));
#19170=PRODUCT('Open CASCADE STEP translator 8.0 11','SMP5',$,(#19156));
#19171=PRODUCT('C4','C4',$,(#19156));
#19172=PRODUCT('C3','C3',$,(#19156));
#19173=PRODUCT('C2','C2',$,(#19156));
#19174=PRODUCT('C1','C1',$,(#19156));
#19175=PRODUCT('Open CASCADE STEP translator 8.0 16','SMP1',$,(#19156));
#19176=PRODUCT('Open CASCADE STEP translator 8.0 17','SMP2',$,(#19156));
#19177=PRODUCT('Open CASCADE STEP translator 8.0 18','SMP3',$,(#19156));
#19178=PRODUCT('Open CASCADE STEP translator 8.0 19','SMP4',$,(#19156));
#19179=PRODUCT('Open CASCADE STEP translator 8.0 20','SMP7',$,(#19156));
#19180=PRODUCT('Open CASCADE STEP translator 8.0 21','SMP8',$,(#19156));
#19181=PRODUCT('J1','J1',$,(#19156));
#19182=PRODUCT('Open CASCADE STEP translator 8.0 23','QD_bond_pads',$,(#19156));
#19183=PRODUCT('Top_ForFridge','Top_ForFridge',$,(#19156));
ENDSEC;
END-ISO-10303-21;
