ISO-10303-21;
HEADER;
/* Generated by software containing ST-Developer
 * from STEP Tools, Inc. (www.steptools.com) 
 */

FILE_DESCRIPTION(
/* description */ (''),
/* implementation_level */ '2;1');

FILE_NAME(
/* name */ 'PCB_simplified.step',
/* time_stamp */ '2026-09-21T17:47:43-07:00',
/* author */ ('\X2\BC15C815D604\X0\'),
/* organization */ (''),
/* preprocessor_version */ 'ST-DEVELOPER v20.2',
/* originating_system */ 'Autodesk Inventor 2027',
/* authorisation */ '');

FILE_SCHEMA (('AUTOMOTIVE_DESIGN { 1 0 10303 214 3 1 1 }'));
ENDSEC;

DATA;
#10=MECHANICAL_DESIGN_GEOMETRIC_PRESENTATION_REPRESENTATION('',(#149,#150,
#151,#152,#153,#154,#155,#156,#157,#158,#159,#160,#161,#162,#163,#164,#165,
#166,#167,#168,#169,#170,#171,#172,#173,#174,#175,#176,#177,#178,#179,#180,
#181,#182,#183,#184,#185,#186,#187,#188,#189,#190,#191,#192,#193,#194,#195,
#196,#197,#198,#199,#200,#201,#202,#203,#204,#205,#206,#207,#208,#209,#210,
#211,#212,#213,#214,#215,#216,#217,#218,#219,#220,#221,#222,#223,#224,#225,
#226,#227,#228,#229,#230,#231,#232,#233,#234,#235,#236,#237,#238,#239,#240,
#241,#242,#243,#244,#245,#246,#247,#248,#249,#250,#251,#252,#253,#254,#255,
#256,#257,#258,#259,#260,#261,#262,#263,#264,#265,#266),#13907);
#11=ITEM_DEFINED_TRANSFORMATION($,$,#8431,#9301);
#12=ITEM_DEFINED_TRANSFORMATION($,$,#8625,#9302);
#13=ITEM_DEFINED_TRANSFORMATION($,$,#8632,#9303);
#14=ITEM_DEFINED_TRANSFORMATION($,$,#8639,#9304);
#15=ITEM_DEFINED_TRANSFORMATION($,$,#8646,#9305);
#16=ITEM_DEFINED_TRANSFORMATION($,$,#8653,#9306);
#17=ITEM_DEFINED_TRANSFORMATION($,$,#8660,#9307);
#18=ITEM_DEFINED_TRANSFORMATION($,$,#8667,#9308);
#19=ITEM_DEFINED_TRANSFORMATION($,$,#8674,#9309);
#20=ITEM_DEFINED_TRANSFORMATION($,$,#8729,#9310);
#21=ITEM_DEFINED_TRANSFORMATION($,$,#8736,#9311);
#22=ITEM_DEFINED_TRANSFORMATION($,$,#8791,#9312);
#23=ITEM_DEFINED_TRANSFORMATION($,$,#8798,#9313);
#24=ITEM_DEFINED_TRANSFORMATION($,$,#8805,#9314);
#25=ITEM_DEFINED_TRANSFORMATION($,$,#8812,#9315);
#26=ITEM_DEFINED_TRANSFORMATION($,$,#8819,#9316);
#27=ITEM_DEFINED_TRANSFORMATION($,$,#8874,#9317);
#28=ITEM_DEFINED_TRANSFORMATION($,$,#8929,#9318);
#29=ITEM_DEFINED_TRANSFORMATION($,$,#8984,#9319);
#30=ITEM_DEFINED_TRANSFORMATION($,$,#9039,#9320);
#31=ITEM_DEFINED_TRANSFORMATION($,$,#9094,#9321);
#32=ITEM_DEFINED_TRANSFORMATION($,$,#9149,#9322);
#33=ITEM_DEFINED_TRANSFORMATION($,$,#9156,#9323);
#34=(
REPRESENTATION_RELATIONSHIP($,$,#13988,#13987)
REPRESENTATION_RELATIONSHIP_WITH_TRANSFORMATION(#11)
SHAPE_REPRESENTATION_RELATIONSHIP()
);
#35=(
REPRESENTATION_RELATIONSHIP($,$,#13989,#13987)
REPRESENTATION_RELATIONSHIP_WITH_TRANSFORMATION(#12)
SHAPE_REPRESENTATION_RELATIONSHIP()
);
#36=(
REPRESENTATION_RELATIONSHIP($,$,#13990,#13987)
REPRESENTATION_RELATIONSHIP_WITH_TRANSFORMATION(#13)
SHAPE_REPRESENTATION_RELATIONSHIP()
);
#37=(
REPRESENTATION_RELATIONSHIP($,$,#13991,#13987)
REPRESENTATION_RELATIONSHIP_WITH_TRANSFORMATION(#14)
SHAPE_REPRESENTATION_RELATIONSHIP()
);
#38=(
REPRESENTATION_RELATIONSHIP($,$,#13992,#13987)
REPRESENTATION_RELATIONSHIP_WITH_TRANSFORMATION(#15)
SHAPE_REPRESENTATION_RELATIONSHIP()
);
#39=(
REPRESENTATION_RELATIONSHIP($,$,#13993,#13987)
REPRESENTATION_RELATIONSHIP_WITH_TRANSFORMATION(#16)
SHAPE_REPRESENTATION_RELATIONSHIP()
);
#40=(
REPRESENTATION_RELATIONSHIP($,$,#13994,#13987)
REPRESENTATION_RELATIONSHIP_WITH_TRANSFORMATION(#17)
SHAPE_REPRESENTATION_RELATIONSHIP()
);
#41=(
REPRESENTATION_RELATIONSHIP($,$,#13995,#13987)
REPRESENTATION_RELATIONSHIP_WITH_TRANSFORMATION(#18)
SHAPE_REPRESENTATION_RELATIONSHIP()
);
#42=(
REPRESENTATION_RELATIONSHIP($,$,#13996,#13987)
REPRESENTATION_RELATIONSHIP_WITH_TRANSFORMATION(#19)
SHAPE_REPRESENTATION_RELATIONSHIP()
);
#43=(
REPRESENTATION_RELATIONSHIP($,$,#13997,#13987)
REPRESENTATION_RELATIONSHIP_WITH_TRANSFORMATION(#20)
SHAPE_REPRESENTATION_RELATIONSHIP()
);
#44=(
REPRESENTATION_RELATIONSHIP($,$,#13998,#13987)
REPRESENTATION_RELATIONSHIP_WITH_TRANSFORMATION(#21)
SHAPE_REPRESENTATION_RELATIONSHIP()
);
#45=(
REPRESENTATION_RELATIONSHIP($,$,#13999,#13987)
REPRESENTATION_RELATIONSHIP_WITH_TRANSFORMATION(#22)
SHAPE_REPRESENTATION_RELATIONSHIP()
);
#46=(
REPRESENTATION_RELATIONSHIP($,$,#14000,#13987)
REPRESENTATION_RELATIONSHIP_WITH_TRANSFORMATION(#23)
SHAPE_REPRESENTATION_RELATIONSHIP()
);
#47=(
REPRESENTATION_RELATIONSHIP($,$,#14001,#13987)
REPRESENTATION_RELATIONSHIP_WITH_TRANSFORMATION(#24)
SHAPE_REPRESENTATION_RELATIONSHIP()
);
#48=(
REPRESENTATION_RELATIONSHIP($,$,#14002,#13987)
REPRESENTATION_RELATIONSHIP_WITH_TRANSFORMATION(#25)
SHAPE_REPRESENTATION_RELATIONSHIP()
);
#49=(
REPRESENTATION_RELATIONSHIP($,$,#14003,#13987)
REPRESENTATION_RELATIONSHIP_WITH_TRANSFORMATION(#26)
SHAPE_REPRESENTATION_RELATIONSHIP()
);
#50=(
REPRESENTATION_RELATIONSHIP($,$,#14004,#13987)
REPRESENTATION_RELATIONSHIP_WITH_TRANSFORMATION(#27)
SHAPE_REPRESENTATION_RELATIONSHIP()
);
#51=(
REPRESENTATION_RELATIONSHIP($,$,#14005,#13987)
REPRESENTATION_RELATIONSHIP_WITH_TRANSFORMATION(#28)
SHAPE_REPRESENTATION_RELATIONSHIP()
);
#52=(
REPRESENTATION_RELATIONSHIP($,$,#14006,#13987)
REPRESENTATION_RELATIONSHIP_WITH_TRANSFORMATION(#29)
SHAPE_REPRESENTATION_RELATIONSHIP()
);
#53=(
REPRESENTATION_RELATIONSHIP($,$,#14007,#13987)
REPRESENTATION_RELATIONSHIP_WITH_TRANSFORMATION(#30)
SHAPE_REPRESENTATION_RELATIONSHIP()
);
#54=(
REPRESENTATION_RELATIONSHIP($,$,#14008,#13987)
REPRESENTATION_RELATIONSHIP_WITH_TRANSFORMATION(#31)
SHAPE_REPRESENTATION_RELATIONSHIP()
);
#55=(
REPRESENTATION_RELATIONSHIP($,$,#14009,#13987)
REPRESENTATION_RELATIONSHIP_WITH_TRANSFORMATION(#32)
SHAPE_REPRESENTATION_RELATIONSHIP()
);
#56=(
REPRESENTATION_RELATIONSHIP($,$,#14010,#13987)
REPRESENTATION_RELATIONSHIP_WITH_TRANSFORMATION(#33)
SHAPE_REPRESENTATION_RELATIONSHIP()
);
#57=CONTEXT_DEPENDENT_SHAPE_REPRESENTATION(#34,#13964);
#58=CONTEXT_DEPENDENT_SHAPE_REPRESENTATION(#35,#13965);
#59=CONTEXT_DEPENDENT_SHAPE_REPRESENTATION(#36,#13966);
#60=CONTEXT_DEPENDENT_SHAPE_REPRESENTATION(#37,#13967);
#61=CONTEXT_DEPENDENT_SHAPE_REPRESENTATION(#38,#13968);
#62=CONTEXT_DEPENDENT_SHAPE_REPRESENTATION(#39,#13969);
#63=CONTEXT_DEPENDENT_SHAPE_REPRESENTATION(#40,#13970);
#64=CONTEXT_DEPENDENT_SHAPE_REPRESENTATION(#41,#13971);
#65=CONTEXT_DEPENDENT_SHAPE_REPRESENTATION(#42,#13972);
#66=CONTEXT_DEPENDENT_SHAPE_REPRESENTATION(#43,#13973);
#67=CONTEXT_DEPENDENT_SHAPE_REPRESENTATION(#44,#13974);
#68=CONTEXT_DEPENDENT_SHAPE_REPRESENTATION(#45,#13975);
#69=CONTEXT_DEPENDENT_SHAPE_REPRESENTATION(#46,#13976);
#70=CONTEXT_DEPENDENT_SHAPE_REPRESENTATION(#47,#13977);
#71=CONTEXT_DEPENDENT_SHAPE_REPRESENTATION(#48,#13978);
#72=CONTEXT_DEPENDENT_SHAPE_REPRESENTATION(#49,#13979);
#73=CONTEXT_DEPENDENT_SHAPE_REPRESENTATION(#50,#13980);
#74=CONTEXT_DEPENDENT_SHAPE_REPRESENTATION(#51,#13981);
#75=CONTEXT_DEPENDENT_SHAPE_REPRESENTATION(#52,#13982);
#76=CONTEXT_DEPENDENT_SHAPE_REPRESENTATION(#53,#13983);
#77=CONTEXT_DEPENDENT_SHAPE_REPRESENTATION(#54,#13984);
#78=CONTEXT_DEPENDENT_SHAPE_REPRESENTATION(#55,#13985);
#79=CONTEXT_DEPENDENT_SHAPE_REPRESENTATION(#56,#13986);
#80=NEXT_ASSEMBLY_USAGE_OCCURRENCE('PCB_board','PCB_board','PCB_board',
#14012,#14013,'PCB_board');
#81=NEXT_ASSEMBLY_USAGE_OCCURRENCE('R6','R6','R6',#14012,#14014,'R6');
#82=NEXT_ASSEMBLY_USAGE_OCCURRENCE('R5','R5','R5',#14012,#14015,'R5');
#83=NEXT_ASSEMBLY_USAGE_OCCURRENCE('R4','R4','R4',#14012,#14016,'R4');
#84=NEXT_ASSEMBLY_USAGE_OCCURRENCE('R3','R3','R3',#14012,#14017,'R3');
#85=NEXT_ASSEMBLY_USAGE_OCCURRENCE('R2','R2','R2',#14012,#14018,'R2');
#86=NEXT_ASSEMBLY_USAGE_OCCURRENCE('R1','R1','R1',#14012,#14019,'R1');
#87=NEXT_ASSEMBLY_USAGE_OCCURRENCE('C6','C6','C6',#14012,#14020,'C6');
#88=NEXT_ASSEMBLY_USAGE_OCCURRENCE('SMP6','SMP6','SMP6',#14012,#14021,
'SMP6');
#89=NEXT_ASSEMBLY_USAGE_OCCURRENCE('C5','C5','C5',#14012,#14022,'C5');
#90=NEXT_ASSEMBLY_USAGE_OCCURRENCE('SMP5','SMP5','SMP5',#14012,#14023,
'SMP5');
#91=NEXT_ASSEMBLY_USAGE_OCCURRENCE('C4','C4','C4',#14012,#14024,'C4');
#92=NEXT_ASSEMBLY_USAGE_OCCURRENCE('C3','C3','C3',#14012,#14025,'C3');
#93=NEXT_ASSEMBLY_USAGE_OCCURRENCE('C2','C2','C2',#14012,#14026,'C2');
#94=NEXT_ASSEMBLY_USAGE_OCCURRENCE('C1','C1','C1',#14012,#14027,'C1');
#95=NEXT_ASSEMBLY_USAGE_OCCURRENCE('SMP1','SMP1','SMP1',#14012,#14028,
'SMP1');
#96=NEXT_ASSEMBLY_USAGE_OCCURRENCE('SMP2','SMP2','SMP2',#14012,#14029,
'SMP2');
#97=NEXT_ASSEMBLY_USAGE_OCCURRENCE('SMP3','SMP3','SMP3',#14012,#14030,
'SMP3');
#98=NEXT_ASSEMBLY_USAGE_OCCURRENCE('SMP4','SMP4','SMP4',#14012,#14031,
'SMP4');
#99=NEXT_ASSEMBLY_USAGE_OCCURRENCE('SMP7','SMP7','SMP7',#14012,#14032,
'SMP7');
#100=NEXT_ASSEMBLY_USAGE_OCCURRENCE('SMP8','SMP8','SMP8',#14012,#14033,
'SMP8');
#101=NEXT_ASSEMBLY_USAGE_OCCURRENCE('J1','J1','J1',#14012,#14034,'J1');
#102=NEXT_ASSEMBLY_USAGE_OCCURRENCE('QD_bond_pads','QD_bond_pads',
'QD_bond_pads',#14012,#14035,'QD_bond_pads');
#103=SHAPE_REPRESENTATION_RELATIONSHIP('SRR','None',#13988,#126);
#104=SHAPE_REPRESENTATION_RELATIONSHIP('SRR','None',#13989,#127);
#105=SHAPE_REPRESENTATION_RELATIONSHIP('SRR','None',#13990,#128);
#106=SHAPE_REPRESENTATION_RELATIONSHIP('SRR','None',#13991,#129);
#107=SHAPE_REPRESENTATION_RELATIONSHIP('SRR','None',#13992,#130);
#108=SHAPE_REPRESENTATION_RELATIONSHIP('SRR','None',#13993,#131);
#109=SHAPE_REPRESENTATION_RELATIONSHIP('SRR','None',#13994,#132);
#110=SHAPE_REPRESENTATION_RELATIONSHIP('SRR','None',#13995,#133);
#111=SHAPE_REPRESENTATION_RELATIONSHIP('SRR','None',#13996,#134);
#112=SHAPE_REPRESENTATION_RELATIONSHIP('SRR','None',#13997,#135);
#113=SHAPE_REPRESENTATION_RELATIONSHIP('SRR','None',#13998,#136);
#114=SHAPE_REPRESENTATION_RELATIONSHIP('SRR','None',#13999,#137);
#115=SHAPE_REPRESENTATION_RELATIONSHIP('SRR','None',#14000,#138);
#116=SHAPE_REPRESENTATION_RELATIONSHIP('SRR','None',#14001,#139);
#117=SHAPE_REPRESENTATION_RELATIONSHIP('SRR','None',#14002,#140);
#118=SHAPE_REPRESENTATION_RELATIONSHIP('SRR','None',#14003,#141);
#119=SHAPE_REPRESENTATION_RELATIONSHIP('SRR','None',#14004,#142);
#120=SHAPE_REPRESENTATION_RELATIONSHIP('SRR','None',#14005,#143);
#121=SHAPE_REPRESENTATION_RELATIONSHIP('SRR','None',#14006,#144);
#122=SHAPE_REPRESENTATION_RELATIONSHIP('SRR','None',#14007,#145);
#123=SHAPE_REPRESENTATION_RELATIONSHIP('SRR','None',#14008,#146);
#124=SHAPE_REPRESENTATION_RELATIONSHIP('SRR','None',#14009,#147);
#125=SHAPE_REPRESENTATION_RELATIONSHIP('SRR','None',#14010,#148);
#126=ADVANCED_BREP_SHAPE_REPRESENTATION('',(#267),#13884);
#127=ADVANCED_BREP_SHAPE_REPRESENTATION('',(#268),#13885);
#128=ADVANCED_BREP_SHAPE_REPRESENTATION('',(#269),#13886);
#129=ADVANCED_BREP_SHAPE_REPRESENTATION('',(#270),#13887);
#130=ADVANCED_BREP_SHAPE_REPRESENTATION('',(#271),#13888);
#131=ADVANCED_BREP_SHAPE_REPRESENTATION('',(#272),#13889);
#132=ADVANCED_BREP_SHAPE_REPRESENTATION('',(#273),#13890);
#133=ADVANCED_BREP_SHAPE_REPRESENTATION('',(#274),#13891);
#134=ADVANCED_BREP_SHAPE_REPRESENTATION('',(#275,#276,#277,#278,#279,#280,
#281,#282,#283,#284),#13892);
#135=ADVANCED_BREP_SHAPE_REPRESENTATION('',(#285),#13893);
#136=ADVANCED_BREP_SHAPE_REPRESENTATION('',(#286,#287,#288,#289,#290,#291,
#292,#293,#294,#295),#13894);
#137=ADVANCED_BREP_SHAPE_REPRESENTATION('',(#296),#13895);
#138=ADVANCED_BREP_SHAPE_REPRESENTATION('',(#297),#13896);
#139=ADVANCED_BREP_SHAPE_REPRESENTATION('',(#298),#13897);
#140=ADVANCED_BREP_SHAPE_REPRESENTATION('',(#299),#13898);
#141=ADVANCED_BREP_SHAPE_REPRESENTATION('',(#300,#301,#302,#303,#304,#305,
#306,#307,#308,#309),#13899);
#142=ADVANCED_BREP_SHAPE_REPRESENTATION('',(#310,#311,#312,#313,#314,#315,
#316,#317,#318,#319),#13900);
#143=ADVANCED_BREP_SHAPE_REPRESENTATION('',(#320,#321,#322,#323,#324,#325,
#326,#327,#328,#329),#13901);
#144=ADVANCED_BREP_SHAPE_REPRESENTATION('',(#330,#331,#332,#333,#334,#335,
#336,#337,#338,#339),#13902);
#145=ADVANCED_BREP_SHAPE_REPRESENTATION('',(#340,#341,#342,#343,#344,#345,
#346,#347,#348,#349),#13903);
#146=ADVANCED_BREP_SHAPE_REPRESENTATION('',(#350,#351,#352,#353,#354,#355,
#356,#357,#358,#359),#13904);
#147=ADVANCED_BREP_SHAPE_REPRESENTATION('',(#360),#13905);
#148=ADVANCED_BREP_SHAPE_REPRESENTATION('',(#361,#362,#363,#364,#365,#366,
#367,#368,#369,#370,#371,#372,#373,#374,#375,#376,#377,#378,#379,#380,#381,
#382,#383,#384),#13906);
#149=STYLED_ITEM('',(#8079),#267);
#150=STYLED_ITEM('',(#8080),#268);
#151=STYLED_ITEM('',(#8081),#269);
#152=STYLED_ITEM('',(#8082),#270);
#153=STYLED_ITEM('',(#8083),#271);
#154=STYLED_ITEM('',(#8084),#272);
#155=STYLED_ITEM('',(#8085),#273);
#156=STYLED_ITEM('',(#8086),#274);
#157=STYLED_ITEM('',(#8087),#275);
#158=STYLED_ITEM('',(#8087),#276);
#159=STYLED_ITEM('',(#8087),#277);
#160=STYLED_ITEM('',(#8087),#278);
#161=STYLED_ITEM('',(#8087),#279);
#162=STYLED_ITEM('',(#8087),#280);
#163=STYLED_ITEM('',(#8087),#281);
#164=STYLED_ITEM('',(#8087),#282);
#165=STYLED_ITEM('',(#8087),#283);
#166=STYLED_ITEM('',(#8087),#284);
#167=STYLED_ITEM('',(#8088),#285);
#168=STYLED_ITEM('',(#8089),#286);
#169=STYLED_ITEM('',(#8089),#287);
#170=STYLED_ITEM('',(#8089),#288);
#171=STYLED_ITEM('',(#8089),#289);
#172=STYLED_ITEM('',(#8089),#290);
#173=STYLED_ITEM('',(#8089),#291);
#174=STYLED_ITEM('',(#8089),#292);
#175=STYLED_ITEM('',(#8089),#293);
#176=STYLED_ITEM('',(#8089),#294);
#177=STYLED_ITEM('',(#8089),#295);
#178=STYLED_ITEM('',(#8090),#296);
#179=STYLED_ITEM('',(#8091),#297);
#180=STYLED_ITEM('',(#8092),#298);
#181=STYLED_ITEM('',(#8093),#299);
#182=STYLED_ITEM('',(#8094),#300);
#183=STYLED_ITEM('',(#8094),#301);
#184=STYLED_ITEM('',(#8094),#302);
#185=STYLED_ITEM('',(#8094),#303);
#186=STYLED_ITEM('',(#8094),#304);
#187=STYLED_ITEM('',(#8094),#305);
#188=STYLED_ITEM('',(#8094),#306);
#189=STYLED_ITEM('',(#8094),#307);
#190=STYLED_ITEM('',(#8094),#308);
#191=STYLED_ITEM('',(#8094),#309);
#192=STYLED_ITEM('',(#8095),#310);
#193=STYLED_ITEM('',(#8095),#311);
#194=STYLED_ITEM('',(#8095),#312);
#195=STYLED_ITEM('',(#8095),#313);
#196=STYLED_ITEM('',(#8095),#314);
#197=STYLED_ITEM('',(#8095),#315);
#198=STYLED_ITEM('',(#8095),#316);
#199=STYLED_ITEM('',(#8095),#317);
#200=STYLED_ITEM('',(#8095),#318);
#201=STYLED_ITEM('',(#8095),#319);
#202=STYLED_ITEM('',(#8096),#320);
#203=STYLED_ITEM('',(#8096),#321);
#204=STYLED_ITEM('',(#8096),#322);
#205=STYLED_ITEM('',(#8096),#323);
#206=STYLED_ITEM('',(#8096),#324);
#207=STYLED_ITEM('',(#8096),#325);
#208=STYLED_ITEM('',(#8096),#326);
#209=STYLED_ITEM('',(#8096),#327);
#210=STYLED_ITEM('',(#8096),#328);
#211=STYLED_ITEM('',(#8096),#329);
#212=STYLED_ITEM('',(#8097),#330);
#213=STYLED_ITEM('',(#8097),#331);
#214=STYLED_ITEM('',(#8097),#332);
#215=STYLED_ITEM('',(#8097),#333);
#216=STYLED_ITEM('',(#8097),#334);
#217=STYLED_ITEM('',(#8097),#335);
#218=STYLED_ITEM('',(#8097),#336);
#219=STYLED_ITEM('',(#8097),#337);
#220=STYLED_ITEM('',(#8097),#338);
#221=STYLED_ITEM('',(#8097),#339);
#222=STYLED_ITEM('',(#8098),#340);
#223=STYLED_ITEM('',(#8098),#341);
#224=STYLED_ITEM('',(#8098),#342);
#225=STYLED_ITEM('',(#8098),#343);
#226=STYLED_ITEM('',(#8098),#344);
#227=STYLED_ITEM('',(#8098),#345);
#228=STYLED_ITEM('',(#8098),#346);
#229=STYLED_ITEM('',(#8098),#347);
#230=STYLED_ITEM('',(#8098),#348);
#231=STYLED_ITEM('',(#8098),#349);
#232=STYLED_ITEM('',(#8099),#350);
#233=STYLED_ITEM('',(#8099),#351);
#234=STYLED_ITEM('',(#8099),#352);
#235=STYLED_ITEM('',(#8099),#353);
#236=STYLED_ITEM('',(#8099),#354);
#237=STYLED_ITEM('',(#8099),#355);
#238=STYLED_ITEM('',(#8099),#356);
#239=STYLED_ITEM('',(#8099),#357);
#240=STYLED_ITEM('',(#8099),#358);
#241=STYLED_ITEM('',(#8099),#359);
#242=STYLED_ITEM('',(#8100),#360);
#243=STYLED_ITEM('',(#8101),#361);
#244=STYLED_ITEM('',(#8101),#362);
#245=STYLED_ITEM('',(#8101),#363);
#246=STYLED_ITEM('',(#8101),#364);
#247=STYLED_ITEM('',(#8101),#365);
#248=STYLED_ITEM('',(#8101),#366);
#249=STYLED_ITEM('',(#8101),#367);
#250=STYLED_ITEM('',(#8101),#368);
#251=STYLED_ITEM('',(#8101),#369);
#252=STYLED_ITEM('',(#8101),#370);
#253=STYLED_ITEM('',(#8101),#371);
#254=STYLED_ITEM('',(#8101),#372);
#255=STYLED_ITEM('',(#8101),#373);
#256=STYLED_ITEM('',(#8101),#374);
#257=STYLED_ITEM('',(#8101),#375);
#258=STYLED_ITEM('',(#8101),#376);
#259=STYLED_ITEM('',(#8101),#377);
#260=STYLED_ITEM('',(#8101),#378);
#261=STYLED_ITEM('',(#8101),#379);
#262=STYLED_ITEM('',(#8101),#380);
#263=STYLED_ITEM('',(#8101),#381);
#264=STYLED_ITEM('',(#8101),#382);
#265=STYLED_ITEM('',(#8101),#383);
#266=STYLED_ITEM('',(#8101),#384);
#267=MANIFOLD_SOLID_BREP('Solid1',#7705);
#268=MANIFOLD_SOLID_BREP('Solid1',#7706);
#269=MANIFOLD_SOLID_BREP('Solid1',#7707);
#270=MANIFOLD_SOLID_BREP('Solid1',#7708);
#271=MANIFOLD_SOLID_BREP('Solid1',#7709);
#272=MANIFOLD_SOLID_BREP('Solid1',#7710);
#273=MANIFOLD_SOLID_BREP('Solid1',#7711);
#274=MANIFOLD_SOLID_BREP('Solid1',#7712);
#275=MANIFOLD_SOLID_BREP('Solid1',#7713);
#276=MANIFOLD_SOLID_BREP('Solid2',#7714);
#277=MANIFOLD_SOLID_BREP('Solid3',#7715);
#278=MANIFOLD_SOLID_BREP('Solid4',#7716);
#279=MANIFOLD_SOLID_BREP('Solid5',#7717);
#280=MANIFOLD_SOLID_BREP('Solid6',#7718);
#281=MANIFOLD_SOLID_BREP('Solid7',#7719);
#282=MANIFOLD_SOLID_BREP('Solid8',#7720);
#283=MANIFOLD_SOLID_BREP('Solid9',#7721);
#284=MANIFOLD_SOLID_BREP('Solid10',#7722);
#285=MANIFOLD_SOLID_BREP('Solid1',#7723);
#286=MANIFOLD_SOLID_BREP('Solid1',#7724);
#287=MANIFOLD_SOLID_BREP('Solid2',#7725);
#288=MANIFOLD_SOLID_BREP('Solid3',#7726);
#289=MANIFOLD_SOLID_BREP('Solid4',#7727);
#290=MANIFOLD_SOLID_BREP('Solid5',#7728);
#291=MANIFOLD_SOLID_BREP('Solid6',#7729);
#292=MANIFOLD_SOLID_BREP('Solid7',#7730);
#293=MANIFOLD_SOLID_BREP('Solid8',#7731);
#294=MANIFOLD_SOLID_BREP('Solid9',#7732);
#295=MANIFOLD_SOLID_BREP('Solid10',#7733);
#296=MANIFOLD_SOLID_BREP('Solid1',#7734);
#297=MANIFOLD_SOLID_BREP('Solid1',#7735);
#298=MANIFOLD_SOLID_BREP('Solid1',#7736);
#299=MANIFOLD_SOLID_BREP('Solid1',#7737);
#300=MANIFOLD_SOLID_BREP('Solid1',#7738);
#301=MANIFOLD_SOLID_BREP('Solid2',#7739);
#302=MANIFOLD_SOLID_BREP('Solid3',#7740);
#303=MANIFOLD_SOLID_BREP('Solid4',#7741);
#304=MANIFOLD_SOLID_BREP('Solid5',#7742);
#305=MANIFOLD_SOLID_BREP('Solid6',#7743);
#306=MANIFOLD_SOLID_BREP('Solid7',#7744);
#307=MANIFOLD_SOLID_BREP('Solid8',#7745);
#308=MANIFOLD_SOLID_BREP('Solid9',#7746);
#309=MANIFOLD_SOLID_BREP('Solid10',#7747);
#310=MANIFOLD_SOLID_BREP('Solid1',#7748);
#311=MANIFOLD_SOLID_BREP('Solid2',#7749);
#312=MANIFOLD_SOLID_BREP('Solid3',#7750);
#313=MANIFOLD_SOLID_BREP('Solid4',#7751);
#314=MANIFOLD_SOLID_BREP('Solid5',#7752);
#315=MANIFOLD_SOLID_BREP('Solid6',#7753);
#316=MANIFOLD_SOLID_BREP('Solid7',#7754);
#317=MANIFOLD_SOLID_BREP('Solid8',#7755);
#318=MANIFOLD_SOLID_BREP('Solid9',#7756);
#319=MANIFOLD_SOLID_BREP('Solid10',#7757);
#320=MANIFOLD_SOLID_BREP('Solid1',#7758);
#321=MANIFOLD_SOLID_BREP('Solid2',#7759);
#322=MANIFOLD_SOLID_BREP('Solid3',#7760);
#323=MANIFOLD_SOLID_BREP('Solid4',#7761);
#324=MANIFOLD_SOLID_BREP('Solid5',#7762);
#325=MANIFOLD_SOLID_BREP('Solid6',#7763);
#326=MANIFOLD_SOLID_BREP('Solid7',#7764);
#327=MANIFOLD_SOLID_BREP('Solid8',#7765);
#328=MANIFOLD_SOLID_BREP('Solid9',#7766);
#329=MANIFOLD_SOLID_BREP('Solid10',#7767);
#330=MANIFOLD_SOLID_BREP('Solid1',#7768);
#331=MANIFOLD_SOLID_BREP('Solid2',#7769);
#332=MANIFOLD_SOLID_BREP('Solid3',#7770);
#333=MANIFOLD_SOLID_BREP('Solid4',#7771);
#334=MANIFOLD_SOLID_BREP('Solid5',#7772);
#335=MANIFOLD_SOLID_BREP('Solid6',#7773);
#336=MANIFOLD_SOLID_BREP('Solid7',#7774);
#337=MANIFOLD_SOLID_BREP('Solid8',#7775);
#338=MANIFOLD_SOLID_BREP('Solid9',#7776);
#339=MANIFOLD_SOLID_BREP('Solid10',#7777);
#340=MANIFOLD_SOLID_BREP('Solid1',#7778);
#341=MANIFOLD_SOLID_BREP('Solid2',#7779);
#342=MANIFOLD_SOLID_BREP('Solid3',#7780);
#343=MANIFOLD_SOLID_BREP('Solid4',#7781);
#344=MANIFOLD_SOLID_BREP('Solid5',#7782);
#345=MANIFOLD_SOLID_BREP('Solid6',#7783);
#346=MANIFOLD_SOLID_BREP('Solid7',#7784);
#347=MANIFOLD_SOLID_BREP('Solid8',#7785);
#348=MANIFOLD_SOLID_BREP('Solid9',#7786);
#349=MANIFOLD_SOLID_BREP('Solid10',#7787);
#350=MANIFOLD_SOLID_BREP('Solid1',#7788);
#351=MANIFOLD_SOLID_BREP('Solid2',#7789);
#352=MANIFOLD_SOLID_BREP('Solid3',#7790);
#353=MANIFOLD_SOLID_BREP('Solid4',#7791);
#354=MANIFOLD_SOLID_BREP('Solid5',#7792);
#355=MANIFOLD_SOLID_BREP('Solid6',#7793);
#356=MANIFOLD_SOLID_BREP('Solid7',#7794);
#357=MANIFOLD_SOLID_BREP('Solid8',#7795);
#358=MANIFOLD_SOLID_BREP('Solid9',#7796);
#359=MANIFOLD_SOLID_BREP('Solid10',#7797);
#360=MANIFOLD_SOLID_BREP('Solid1',#7798);
#361=MANIFOLD_SOLID_BREP('Solid1',#7799);
#362=MANIFOLD_SOLID_BREP('Solid2',#7800);
#363=MANIFOLD_SOLID_BREP('Solid3',#7801);
#364=MANIFOLD_SOLID_BREP('Solid4',#7802);
#365=MANIFOLD_SOLID_BREP('Solid5',#7803);
#366=MANIFOLD_SOLID_BREP('Solid6',#7804);
#367=MANIFOLD_SOLID_BREP('Solid7',#7805);
#368=MANIFOLD_SOLID_BREP('Solid8',#7806);
#369=MANIFOLD_SOLID_BREP('Solid9',#7807);
#370=MANIFOLD_SOLID_BREP('Solid10',#7808);
#371=MANIFOLD_SOLID_BREP('Solid11',#7809);
#372=MANIFOLD_SOLID_BREP('Solid12',#7810);
#373=MANIFOLD_SOLID_BREP('Solid13',#7811);
#374=MANIFOLD_SOLID_BREP('Solid14',#7812);
#375=MANIFOLD_SOLID_BREP('Solid15',#7813);
#376=MANIFOLD_SOLID_BREP('Solid16',#7814);
#377=MANIFOLD_SOLID_BREP('Solid17',#7815);
#378=MANIFOLD_SOLID_BREP('Solid18',#7816);
#379=MANIFOLD_SOLID_BREP('Solid19',#7817);
#380=MANIFOLD_SOLID_BREP('Solid20',#7818);
#381=MANIFOLD_SOLID_BREP('Solid21',#7819);
#382=MANIFOLD_SOLID_BREP('Solid22',#7820);
#383=MANIFOLD_SOLID_BREP('Solid23',#7821);
#384=MANIFOLD_SOLID_BREP('Solid24',#7822);
#385=CYLINDRICAL_SURFACE('',#8534,0.0413386);
#386=CYLINDRICAL_SURFACE('',#8535,0.07874015);
#387=CYLINDRICAL_SURFACE('',#8536,0.0147638);
#388=CYLINDRICAL_SURFACE('',#8537,0.0147638);
#389=CYLINDRICAL_SURFACE('',#8538,0.0147638);
#390=CYLINDRICAL_SURFACE('',#8539,0.0147638);
#391=CYLINDRICAL_SURFACE('',#8540,0.0147638);
#392=CYLINDRICAL_SURFACE('',#8541,0.0147638);
#393=CYLINDRICAL_SURFACE('',#8542,0.0147638);
#394=CYLINDRICAL_SURFACE('',#8543,0.0147638);
#395=CYLINDRICAL_SURFACE('',#8544,0.0147638);
#396=CYLINDRICAL_SURFACE('',#8545,0.0147638);
#397=CYLINDRICAL_SURFACE('',#8546,0.0413386);
#398=CYLINDRICAL_SURFACE('',#8547,0.07874015);
#399=CYLINDRICAL_SURFACE('',#8548,0.0147638);
#400=CYLINDRICAL_SURFACE('',#8549,0.0147638);
#401=CYLINDRICAL_SURFACE('',#8550,0.0147638);
#402=CYLINDRICAL_SURFACE('',#8551,0.0147638);
#403=CYLINDRICAL_SURFACE('',#8552,0.0147638);
#404=CYLINDRICAL_SURFACE('',#8553,0.0147638);
#405=CYLINDRICAL_SURFACE('',#8554,0.0147638);
#406=CYLINDRICAL_SURFACE('',#8555,0.0147638);
#407=CYLINDRICAL_SURFACE('',#8556,0.0147638);
#408=CYLINDRICAL_SURFACE('',#8557,0.0147638);
#409=CYLINDRICAL_SURFACE('',#8558,0.0147638);
#410=CYLINDRICAL_SURFACE('',#8559,0.0147638);
#411=CYLINDRICAL_SURFACE('',#8560,0.0147638);
#412=CYLINDRICAL_SURFACE('',#8561,0.0147638);
#413=CYLINDRICAL_SURFACE('',#8562,0.0147638);
#414=CYLINDRICAL_SURFACE('',#8563,0.0147638);
#415=CYLINDRICAL_SURFACE('',#8564,0.0147638);
#416=CYLINDRICAL_SURFACE('',#8565,0.0147638);
#417=CYLINDRICAL_SURFACE('',#8566,0.0147638);
#418=CYLINDRICAL_SURFACE('',#8567,0.0147638);
#419=CYLINDRICAL_SURFACE('',#8568,0.0413386);
#420=CYLINDRICAL_SURFACE('',#8569,0.0147638);
#421=CYLINDRICAL_SURFACE('',#8570,0.0147638);
#422=CYLINDRICAL_SURFACE('',#8571,0.0147638);
#423=CYLINDRICAL_SURFACE('',#8572,0.0147638);
#424=CYLINDRICAL_SURFACE('',#8573,0.0147638);
#425=CYLINDRICAL_SURFACE('',#8574,0.0147638);
#426=CYLINDRICAL_SURFACE('',#8575,0.0147638);
#427=CYLINDRICAL_SURFACE('',#8576,0.0147638);
#428=CYLINDRICAL_SURFACE('',#8577,0.0147638);
#429=CYLINDRICAL_SURFACE('',#8578,0.0147638);
#430=CYLINDRICAL_SURFACE('',#8579,0.0413386);
#431=CYLINDRICAL_SURFACE('',#8580,0.0196850393700787);
#432=CYLINDRICAL_SURFACE('',#8583,0.0196850393700787);
#433=CYLINDRICAL_SURFACE('',#8586,0.0196850393700787);
#434=CYLINDRICAL_SURFACE('',#8589,0.0196850393700787);
#435=CYLINDRICAL_SURFACE('',#8675,0.108267716535433);
#436=CYLINDRICAL_SURFACE('',#8681,0.0720472440944882);
#437=CYLINDRICAL_SURFACE('',#8684,0.0118110236220472);
#438=CYLINDRICAL_SURFACE('',#8689,0.0118110236220472);
#439=CYLINDRICAL_SURFACE('',#8694,0.0216535433070866);
#440=CYLINDRICAL_SURFACE('',#8699,0.0118110236220472);
#441=CYLINDRICAL_SURFACE('',#8704,0.0216535433070866);
#442=CYLINDRICAL_SURFACE('',#8709,0.0118110236220472);
#443=CYLINDRICAL_SURFACE('',#8714,0.0216535433070866);
#444=CYLINDRICAL_SURFACE('',#8719,0.0118110236220472);
#445=CYLINDRICAL_SURFACE('',#8724,0.0216535433070866);
#446=CYLINDRICAL_SURFACE('',#8737,0.108267716535433);
#447=CYLINDRICAL_SURFACE('',#8743,0.0720472440944882);
#448=CYLINDRICAL_SURFACE('',#8746,0.0118110236220472);
#449=CYLINDRICAL_SURFACE('',#8751,0.0118110236220472);
#450=CYLINDRICAL_SURFACE('',#8756,0.0216535433070866);
#451=CYLINDRICAL_SURFACE('',#8761,0.0118110236220472);
#452=CYLINDRICAL_SURFACE('',#8766,0.0216535433070866);
#453=CYLINDRICAL_SURFACE('',#8771,0.0118110236220472);
#454=CYLINDRICAL_SURFACE('',#8776,0.0216535433070866);
#455=CYLINDRICAL_SURFACE('',#8781,0.0118110236220472);
#456=CYLINDRICAL_SURFACE('',#8786,0.0216535433070866);
#457=CYLINDRICAL_SURFACE('',#8820,0.108267716535433);
#458=CYLINDRICAL_SURFACE('',#8826,0.0720472440944882);
#459=CYLINDRICAL_SURFACE('',#8829,0.0118110236220472);
#460=CYLINDRICAL_SURFACE('',#8834,0.0216535433070866);
#461=CYLINDRICAL_SURFACE('',#8839,0.0118110236220472);
#462=CYLINDRICAL_SURFACE('',#8844,0.0216535433070866);
#463=CYLINDRICAL_SURFACE('',#8849,0.0118110236220472);
#464=CYLINDRICAL_SURFACE('',#8854,0.0216535433070866);
#465=CYLINDRICAL_SURFACE('',#8859,0.0118110236220472);
#466=CYLINDRICAL_SURFACE('',#8864,0.0216535433070866);
#467=CYLINDRICAL_SURFACE('',#8869,0.0118110236220472);
#468=CYLINDRICAL_SURFACE('',#8875,0.108267716535433);
#469=CYLINDRICAL_SURFACE('',#8881,0.0720472440944882);
#470=CYLINDRICAL_SURFACE('',#8884,0.0118110236220472);
#471=CYLINDRICAL_SURFACE('',#8889,0.0216535433070866);
#472=CYLINDRICAL_SURFACE('',#8894,0.0118110236220472);
#473=CYLINDRICAL_SURFACE('',#8899,0.0216535433070866);
#474=CYLINDRICAL_SURFACE('',#8904,0.0118110236220472);
#475=CYLINDRICAL_SURFACE('',#8909,0.0216535433070866);
#476=CYLINDRICAL_SURFACE('',#8914,0.0118110236220472);
#477=CYLINDRICAL_SURFACE('',#8919,0.0216535433070866);
#478=CYLINDRICAL_SURFACE('',#8924,0.0118110236220472);
#479=CYLINDRICAL_SURFACE('',#8930,0.108267716535433);
#480=CYLINDRICAL_SURFACE('',#8936,0.0720472440944882);
#481=CYLINDRICAL_SURFACE('',#8939,0.0118110236220472);
#482=CYLINDRICAL_SURFACE('',#8944,0.0216535433070866);
#483=CYLINDRICAL_SURFACE('',#8949,0.0118110236220472);
#484=CYLINDRICAL_SURFACE('',#8954,0.0216535433070866);
#485=CYLINDRICAL_SURFACE('',#8959,0.0118110236220472);
#486=CYLINDRICAL_SURFACE('',#8964,0.0216535433070866);
#487=CYLINDRICAL_SURFACE('',#8969,0.0118110236220472);
#488=CYLINDRICAL_SURFACE('',#8974,0.0216535433070866);
#489=CYLINDRICAL_SURFACE('',#8979,0.0118110236220472);
#490=CYLINDRICAL_SURFACE('',#8985,0.108267716535433);
#491=CYLINDRICAL_SURFACE('',#8991,0.0720472440944882);
#492=CYLINDRICAL_SURFACE('',#8994,0.0118110236220472);
#493=CYLINDRICAL_SURFACE('',#8999,0.0216535433070866);
#494=CYLINDRICAL_SURFACE('',#9004,0.0118110236220472);
#495=CYLINDRICAL_SURFACE('',#9009,0.0216535433070866);
#496=CYLINDRICAL_SURFACE('',#9014,0.0118110236220472);
#497=CYLINDRICAL_SURFACE('',#9019,0.0216535433070866);
#498=CYLINDRICAL_SURFACE('',#9024,0.0118110236220472);
#499=CYLINDRICAL_SURFACE('',#9029,0.0216535433070866);
#500=CYLINDRICAL_SURFACE('',#9034,0.0118110236220472);
#501=CYLINDRICAL_SURFACE('',#9040,0.108267716535433);
#502=CYLINDRICAL_SURFACE('',#9046,0.0720472440944882);
#503=CYLINDRICAL_SURFACE('',#9049,0.0118110236220472);
#504=CYLINDRICAL_SURFACE('',#9054,0.0216535433070866);
#505=CYLINDRICAL_SURFACE('',#9059,0.0118110236220472);
#506=CYLINDRICAL_SURFACE('',#9064,0.0216535433070866);
#507=CYLINDRICAL_SURFACE('',#9069,0.0118110236220472);
#508=CYLINDRICAL_SURFACE('',#9074,0.0216535433070866);
#509=CYLINDRICAL_SURFACE('',#9079,0.0118110236220472);
#510=CYLINDRICAL_SURFACE('',#9084,0.0216535433070866);
#511=CYLINDRICAL_SURFACE('',#9089,0.0118110236220472);
#512=CYLINDRICAL_SURFACE('',#9095,0.108267716535433);
#513=CYLINDRICAL_SURFACE('',#9101,0.0720472440944882);
#514=CYLINDRICAL_SURFACE('',#9104,0.0118110236220472);
#515=CYLINDRICAL_SURFACE('',#9109,0.0216535433070866);
#516=CYLINDRICAL_SURFACE('',#9114,0.0118110236220472);
#517=CYLINDRICAL_SURFACE('',#9119,0.0216535433070866);
#518=CYLINDRICAL_SURFACE('',#9124,0.0118110236220472);
#519=CYLINDRICAL_SURFACE('',#9129,0.0216535433070866);
#520=CYLINDRICAL_SURFACE('',#9134,0.0118110236220472);
#521=CYLINDRICAL_SURFACE('',#9139,0.0216535433070866);
#522=CYLINDRICAL_SURFACE('',#9144,0.0118110236220472);
#523=FACE_BOUND('',#1474,.T.);
#524=FACE_BOUND('',#1475,.T.);
#525=FACE_BOUND('',#1476,.T.);
#526=FACE_BOUND('',#1477,.T.);
#527=FACE_BOUND('',#1478,.T.);
#528=FACE_BOUND('',#1479,.T.);
#529=FACE_BOUND('',#1480,.T.);
#530=FACE_BOUND('',#1481,.T.);
#531=FACE_BOUND('',#1482,.T.);
#532=FACE_BOUND('',#1483,.T.);
#533=FACE_BOUND('',#1484,.T.);
#534=FACE_BOUND('',#1485,.T.);
#535=FACE_BOUND('',#1486,.T.);
#536=FACE_BOUND('',#1487,.T.);
#537=FACE_BOUND('',#1488,.T.);
#538=FACE_BOUND('',#1489,.T.);
#539=FACE_BOUND('',#1490,.T.);
#540=FACE_BOUND('',#1491,.T.);
#541=FACE_BOUND('',#1492,.T.);
#542=FACE_BOUND('',#1493,.T.);
#543=FACE_BOUND('',#1494,.T.);
#544=FACE_BOUND('',#1495,.T.);
#545=FACE_BOUND('',#1496,.T.);
#546=FACE_BOUND('',#1497,.T.);
#547=FACE_BOUND('',#1498,.T.);
#548=FACE_BOUND('',#1499,.T.);
#549=FACE_BOUND('',#1500,.T.);
#550=FACE_BOUND('',#1501,.T.);
#551=FACE_BOUND('',#1502,.T.);
#552=FACE_BOUND('',#1503,.T.);
#553=FACE_BOUND('',#1504,.T.);
#554=FACE_BOUND('',#1505,.T.);
#555=FACE_BOUND('',#1506,.T.);
#556=FACE_BOUND('',#1507,.T.);
#557=FACE_BOUND('',#1508,.T.);
#558=FACE_BOUND('',#1509,.T.);
#559=FACE_BOUND('',#1510,.T.);
#560=FACE_BOUND('',#1511,.T.);
#561=FACE_BOUND('',#1512,.T.);
#562=FACE_BOUND('',#1513,.T.);
#563=FACE_BOUND('',#1514,.T.);
#564=FACE_BOUND('',#1515,.T.);
#565=FACE_BOUND('',#1516,.T.);
#566=FACE_BOUND('',#1517,.T.);
#567=FACE_BOUND('',#1518,.T.);
#568=FACE_BOUND('',#1519,.T.);
#569=FACE_BOUND('',#1522,.T.);
#570=FACE_BOUND('',#1523,.T.);
#571=FACE_BOUND('',#1524,.T.);
#572=FACE_BOUND('',#1525,.T.);
#573=FACE_BOUND('',#1526,.T.);
#574=FACE_BOUND('',#1527,.T.);
#575=FACE_BOUND('',#1528,.T.);
#576=FACE_BOUND('',#1529,.T.);
#577=FACE_BOUND('',#1530,.T.);
#578=FACE_BOUND('',#1531,.T.);
#579=FACE_BOUND('',#1532,.T.);
#580=FACE_BOUND('',#1533,.T.);
#581=FACE_BOUND('',#1534,.T.);
#582=FACE_BOUND('',#1535,.T.);
#583=FACE_BOUND('',#1536,.T.);
#584=FACE_BOUND('',#1537,.T.);
#585=FACE_BOUND('',#1538,.T.);
#586=FACE_BOUND('',#1539,.T.);
#587=FACE_BOUND('',#1540,.T.);
#588=FACE_BOUND('',#1541,.T.);
#589=FACE_BOUND('',#1542,.T.);
#590=FACE_BOUND('',#1543,.T.);
#591=FACE_BOUND('',#1544,.T.);
#592=FACE_BOUND('',#1545,.T.);
#593=FACE_BOUND('',#1546,.T.);
#594=FACE_BOUND('',#1547,.T.);
#595=FACE_BOUND('',#1548,.T.);
#596=FACE_BOUND('',#1549,.T.);
#597=FACE_BOUND('',#1550,.T.);
#598=FACE_BOUND('',#1551,.T.);
#599=FACE_BOUND('',#1552,.T.);
#600=FACE_BOUND('',#1553,.T.);
#601=FACE_BOUND('',#1554,.T.);
#602=FACE_BOUND('',#1555,.T.);
#603=FACE_BOUND('',#1556,.T.);
#604=FACE_BOUND('',#1557,.T.);
#605=FACE_BOUND('',#1558,.T.);
#606=FACE_BOUND('',#1559,.T.);
#607=FACE_BOUND('',#1560,.T.);
#608=FACE_BOUND('',#1561,.T.);
#609=FACE_BOUND('',#1562,.T.);
#610=FACE_BOUND('',#1563,.T.);
#611=FACE_BOUND('',#1564,.T.);
#612=FACE_BOUND('',#1565,.T.);
#613=FACE_BOUND('',#1566,.T.);
#614=FACE_BOUND('',#1567,.T.);
#615=FACE_BOUND('',#1568,.T.);
#616=FACE_BOUND('',#1689,.T.);
#617=FACE_BOUND('',#1728,.T.);
#618=FACE_BOUND('',#1785,.T.);
#619=FACE_BOUND('',#1818,.T.);
#620=FACE_BOUND('',#1851,.T.);
#621=FACE_BOUND('',#1884,.T.);
#622=FACE_BOUND('',#1917,.T.);
#623=FACE_BOUND('',#1950,.T.);
#624=CIRCLE('',#8435,0.0413386);
#625=CIRCLE('',#8436,0.07874015);
#626=CIRCLE('',#8437,0.0147638);
#627=CIRCLE('',#8438,0.0147638);
#628=CIRCLE('',#8439,0.0147638);
#629=CIRCLE('',#8440,0.0147638);
#630=CIRCLE('',#8441,0.0147638);
#631=CIRCLE('',#8442,0.0147638);
#632=CIRCLE('',#8443,0.0147638);
#633=CIRCLE('',#8444,0.0147638);
#634=CIRCLE('',#8445,0.0147638);
#635=CIRCLE('',#8446,0.0147638);
#636=CIRCLE('',#8447,0.0413386);
#637=CIRCLE('',#8448,0.07874015);
#638=CIRCLE('',#8449,0.0147638);
#639=CIRCLE('',#8450,0.0147638);
#640=CIRCLE('',#8451,0.0147638);
#641=CIRCLE('',#8452,0.0147638);
#642=CIRCLE('',#8453,0.0147638);
#643=CIRCLE('',#8454,0.0147638);
#644=CIRCLE('',#8455,0.0147638);
#645=CIRCLE('',#8456,0.0147638);
#646=CIRCLE('',#8457,0.0147638);
#647=CIRCLE('',#8458,0.0147638);
#648=CIRCLE('',#8459,0.0147638);
#649=CIRCLE('',#8460,0.0147638);
#650=CIRCLE('',#8461,0.0147638);
#651=CIRCLE('',#8462,0.0147638);
#652=CIRCLE('',#8463,0.0147638);
#653=CIRCLE('',#8464,0.0147638);
#654=CIRCLE('',#8465,0.0147638);
#655=CIRCLE('',#8466,0.0147638);
#656=CIRCLE('',#8467,0.0147638);
#657=CIRCLE('',#8468,0.0147638);
#658=CIRCLE('',#8469,0.0413386);
#659=CIRCLE('',#8470,0.0147638);
#660=CIRCLE('',#8471,0.0147638);
#661=CIRCLE('',#8472,0.0147638);
#662=CIRCLE('',#8473,0.0147638);
#663=CIRCLE('',#8474,0.0147638);
#664=CIRCLE('',#8475,0.0147638);
#665=CIRCLE('',#8476,0.0147638);
#666=CIRCLE('',#8477,0.0147638);
#667=CIRCLE('',#8478,0.0147638);
#668=CIRCLE('',#8479,0.0147638);
#669=CIRCLE('',#8480,0.0413386);
#670=CIRCLE('',#8483,0.0413386);
#671=CIRCLE('',#8484,0.07874015);
#672=CIRCLE('',#8485,0.0147638);
#673=CIRCLE('',#8486,0.0147638);
#674=CIRCLE('',#8487,0.0147638);
#675=CIRCLE('',#8488,0.0147638);
#676=CIRCLE('',#8489,0.0147638);
#677=CIRCLE('',#8490,0.0147638);
#678=CIRCLE('',#8491,0.0147638);
#679=CIRCLE('',#8492,0.0147638);
#680=CIRCLE('',#8493,0.0147638);
#681=CIRCLE('',#8494,0.0147638);
#682=CIRCLE('',#8495,0.0413386);
#683=CIRCLE('',#8496,0.07874015);
#684=CIRCLE('',#8497,0.0147638);
#685=CIRCLE('',#8498,0.0147638);
#686=CIRCLE('',#8499,0.0147638);
#687=CIRCLE('',#8500,0.0147638);
#688=CIRCLE('',#8501,0.0147638);
#689=CIRCLE('',#8502,0.0147638);
#690=CIRCLE('',#8503,0.0147638);
#691=CIRCLE('',#8504,0.0147638);
#692=CIRCLE('',#8505,0.0147638);
#693=CIRCLE('',#8506,0.0147638);
#694=CIRCLE('',#8507,0.0147638);
#695=CIRCLE('',#8508,0.0147638);
#696=CIRCLE('',#8509,0.0147638);
#697=CIRCLE('',#8510,0.0147638);
#698=CIRCLE('',#8511,0.0147638);
#699=CIRCLE('',#8512,0.0147638);
#700=CIRCLE('',#8513,0.0147638);
#701=CIRCLE('',#8514,0.0147638);
#702=CIRCLE('',#8515,0.0147638);
#703=CIRCLE('',#8516,0.0147638);
#704=CIRCLE('',#8517,0.0413386);
#705=CIRCLE('',#8518,0.0196850393700787);
#706=CIRCLE('',#8519,0.0196850393700787);
#707=CIRCLE('',#8520,0.0196850393700787);
#708=CIRCLE('',#8521,0.0196850393700787);
#709=CIRCLE('',#8522,0.0147638);
#710=CIRCLE('',#8523,0.0147638);
#711=CIRCLE('',#8524,0.0147638);
#712=CIRCLE('',#8525,0.0147638);
#713=CIRCLE('',#8526,0.0147638);
#714=CIRCLE('',#8527,0.0147638);
#715=CIRCLE('',#8528,0.0147638);
#716=CIRCLE('',#8529,0.0147638);
#717=CIRCLE('',#8530,0.0147638);
#718=CIRCLE('',#8531,0.0147638);
#719=CIRCLE('',#8532,0.0413386);
#720=CIRCLE('',#8581,0.0196850393700787);
#721=CIRCLE('',#8584,0.0196850393700787);
#722=CIRCLE('',#8587,0.0196850393700787);
#723=CIRCLE('',#8590,0.0196850393700787);
#724=CIRCLE('',#8594,0.0196850393700787);
#725=CIRCLE('',#8595,0.0196850393700787);
#726=CIRCLE('',#8598,0.0196850393700787);
#727=CIRCLE('',#8599,0.0196850393700787);
#728=CIRCLE('',#8602,0.0196850393700787);
#729=CIRCLE('',#8603,0.0196850393700787);
#730=CIRCLE('',#8606,0.0196850393700787);
#731=CIRCLE('',#8607,0.0196850393700787);
#732=CIRCLE('',#8611,0.0196850393700787);
#733=CIRCLE('',#8612,0.0196850393700787);
#734=CIRCLE('',#8613,0.0196850393700787);
#735=CIRCLE('',#8614,0.0196850393700787);
#736=CIRCLE('',#8676,0.108267716535433);
#737=CIRCLE('',#8677,0.108267716535433);
#738=CIRCLE('',#8679,0.0720472440944882);
#739=CIRCLE('',#8682,0.0720472440944882);
#740=CIRCLE('',#8685,0.0118110236220472);
#741=CIRCLE('',#8686,0.0118110236220472);
#742=CIRCLE('',#8690,0.0118110236220472);
#743=CIRCLE('',#8691,0.0118110236220472);
#744=CIRCLE('',#8695,0.0216535433070866);
#745=CIRCLE('',#8696,0.0216535433070866);
#746=CIRCLE('',#8700,0.0118110236220472);
#747=CIRCLE('',#8701,0.0118110236220472);
#748=CIRCLE('',#8705,0.0216535433070866);
#749=CIRCLE('',#8706,0.0216535433070866);
#750=CIRCLE('',#8710,0.0118110236220472);
#751=CIRCLE('',#8711,0.0118110236220472);
#752=CIRCLE('',#8715,0.0216535433070866);
#753=CIRCLE('',#8716,0.0216535433070866);
#754=CIRCLE('',#8720,0.0118110236220472);
#755=CIRCLE('',#8721,0.0118110236220472);
#756=CIRCLE('',#8725,0.0216535433070866);
#757=CIRCLE('',#8726,0.0216535433070866);
#758=CIRCLE('',#8738,0.108267716535433);
#759=CIRCLE('',#8739,0.108267716535433);
#760=CIRCLE('',#8741,0.0720472440944882);
#761=CIRCLE('',#8744,0.0720472440944882);
#762=CIRCLE('',#8747,0.0118110236220472);
#763=CIRCLE('',#8748,0.0118110236220472);
#764=CIRCLE('',#8752,0.0118110236220472);
#765=CIRCLE('',#8753,0.0118110236220472);
#766=CIRCLE('',#8757,0.0216535433070866);
#767=CIRCLE('',#8758,0.0216535433070866);
#768=CIRCLE('',#8762,0.0118110236220472);
#769=CIRCLE('',#8763,0.0118110236220472);
#770=CIRCLE('',#8767,0.0216535433070866);
#771=CIRCLE('',#8768,0.0216535433070866);
#772=CIRCLE('',#8772,0.0118110236220472);
#773=CIRCLE('',#8773,0.0118110236220472);
#774=CIRCLE('',#8777,0.0216535433070866);
#775=CIRCLE('',#8778,0.0216535433070866);
#776=CIRCLE('',#8782,0.0118110236220472);
#777=CIRCLE('',#8783,0.0118110236220472);
#778=CIRCLE('',#8787,0.0216535433070866);
#779=CIRCLE('',#8788,0.0216535433070866);
#780=CIRCLE('',#8821,0.108267716535433);
#781=CIRCLE('',#8822,0.108267716535433);
#782=CIRCLE('',#8824,0.0720472440944882);
#783=CIRCLE('',#8827,0.0720472440944882);
#784=CIRCLE('',#8830,0.0118110236220472);
#785=CIRCLE('',#8831,0.0118110236220472);
#786=CIRCLE('',#8835,0.0216535433070866);
#787=CIRCLE('',#8836,0.0216535433070866);
#788=CIRCLE('',#8840,0.0118110236220472);
#789=CIRCLE('',#8841,0.0118110236220472);
#790=CIRCLE('',#8845,0.0216535433070866);
#791=CIRCLE('',#8846,0.0216535433070866);
#792=CIRCLE('',#8850,0.0118110236220472);
#793=CIRCLE('',#8851,0.0118110236220472);
#794=CIRCLE('',#8855,0.0216535433070866);
#795=CIRCLE('',#8856,0.0216535433070866);
#796=CIRCLE('',#8860,0.0118110236220472);
#797=CIRCLE('',#8861,0.0118110236220472);
#798=CIRCLE('',#8865,0.0216535433070866);
#799=CIRCLE('',#8866,0.0216535433070866);
#800=CIRCLE('',#8870,0.0118110236220472);
#801=CIRCLE('',#8871,0.0118110236220472);
#802=CIRCLE('',#8876,0.108267716535433);
#803=CIRCLE('',#8877,0.108267716535433);
#804=CIRCLE('',#8879,0.0720472440944882);
#805=CIRCLE('',#8882,0.0720472440944882);
#806=CIRCLE('',#8885,0.0118110236220472);
#807=CIRCLE('',#8886,0.0118110236220472);
#808=CIRCLE('',#8890,0.0216535433070866);
#809=CIRCLE('',#8891,0.0216535433070866);
#810=CIRCLE('',#8895,0.0118110236220472);
#811=CIRCLE('',#8896,0.0118110236220472);
#812=CIRCLE('',#8900,0.0216535433070866);
#813=CIRCLE('',#8901,0.0216535433070866);
#814=CIRCLE('',#8905,0.0118110236220472);
#815=CIRCLE('',#8906,0.0118110236220472);
#816=CIRCLE('',#8910,0.0216535433070866);
#817=CIRCLE('',#8911,0.0216535433070866);
#818=CIRCLE('',#8915,0.0118110236220472);
#819=CIRCLE('',#8916,0.0118110236220472);
#820=CIRCLE('',#8920,0.0216535433070866);
#821=CIRCLE('',#8921,0.0216535433070866);
#822=CIRCLE('',#8925,0.0118110236220472);
#823=CIRCLE('',#8926,0.0118110236220472);
#824=CIRCLE('',#8931,0.108267716535433);
#825=CIRCLE('',#8932,0.108267716535433);
#826=CIRCLE('',#8934,0.0720472440944882);
#827=CIRCLE('',#8937,0.0720472440944882);
#828=CIRCLE('',#8940,0.0118110236220472);
#829=CIRCLE('',#8941,0.0118110236220472);
#830=CIRCLE('',#8945,0.0216535433070866);
#831=CIRCLE('',#8946,0.0216535433070866);
#832=CIRCLE('',#8950,0.0118110236220472);
#833=CIRCLE('',#8951,0.0118110236220472);
#834=CIRCLE('',#8955,0.0216535433070866);
#835=CIRCLE('',#8956,0.0216535433070866);
#836=CIRCLE('',#8960,0.0118110236220472);
#837=CIRCLE('',#8961,0.0118110236220472);
#838=CIRCLE('',#8965,0.0216535433070866);
#839=CIRCLE('',#8966,0.0216535433070866);
#840=CIRCLE('',#8970,0.0118110236220472);
#841=CIRCLE('',#8971,0.0118110236220472);
#842=CIRCLE('',#8975,0.0216535433070866);
#843=CIRCLE('',#8976,0.0216535433070866);
#844=CIRCLE('',#8980,0.0118110236220472);
#845=CIRCLE('',#8981,0.0118110236220472);
#846=CIRCLE('',#8986,0.108267716535433);
#847=CIRCLE('',#8987,0.108267716535433);
#848=CIRCLE('',#8989,0.0720472440944882);
#849=CIRCLE('',#8992,0.0720472440944882);
#850=CIRCLE('',#8995,0.0118110236220472);
#851=CIRCLE('',#8996,0.0118110236220472);
#852=CIRCLE('',#9000,0.0216535433070866);
#853=CIRCLE('',#9001,0.0216535433070866);
#854=CIRCLE('',#9005,0.0118110236220472);
#855=CIRCLE('',#9006,0.0118110236220472);
#856=CIRCLE('',#9010,0.0216535433070866);
#857=CIRCLE('',#9011,0.0216535433070866);
#858=CIRCLE('',#9015,0.0118110236220472);
#859=CIRCLE('',#9016,0.0118110236220472);
#860=CIRCLE('',#9020,0.0216535433070866);
#861=CIRCLE('',#9021,0.0216535433070866);
#862=CIRCLE('',#9025,0.0118110236220472);
#863=CIRCLE('',#9026,0.0118110236220472);
#864=CIRCLE('',#9030,0.0216535433070866);
#865=CIRCLE('',#9031,0.0216535433070866);
#866=CIRCLE('',#9035,0.0118110236220472);
#867=CIRCLE('',#9036,0.0118110236220472);
#868=CIRCLE('',#9041,0.108267716535433);
#869=CIRCLE('',#9042,0.108267716535433);
#870=CIRCLE('',#9044,0.0720472440944882);
#871=CIRCLE('',#9047,0.0720472440944882);
#872=CIRCLE('',#9050,0.0118110236220472);
#873=CIRCLE('',#9051,0.0118110236220472);
#874=CIRCLE('',#9055,0.0216535433070866);
#875=CIRCLE('',#9056,0.0216535433070866);
#876=CIRCLE('',#9060,0.0118110236220472);
#877=CIRCLE('',#9061,0.0118110236220472);
#878=CIRCLE('',#9065,0.0216535433070866);
#879=CIRCLE('',#9066,0.0216535433070866);
#880=CIRCLE('',#9070,0.0118110236220472);
#881=CIRCLE('',#9071,0.0118110236220472);
#882=CIRCLE('',#9075,0.0216535433070866);
#883=CIRCLE('',#9076,0.0216535433070866);
#884=CIRCLE('',#9080,0.0118110236220472);
#885=CIRCLE('',#9081,0.0118110236220472);
#886=CIRCLE('',#9085,0.0216535433070866);
#887=CIRCLE('',#9086,0.0216535433070866);
#888=CIRCLE('',#9090,0.0118110236220472);
#889=CIRCLE('',#9091,0.0118110236220472);
#890=CIRCLE('',#9096,0.108267716535433);
#891=CIRCLE('',#9097,0.108267716535433);
#892=CIRCLE('',#9099,0.0720472440944882);
#893=CIRCLE('',#9102,0.0720472440944882);
#894=CIRCLE('',#9105,0.0118110236220472);
#895=CIRCLE('',#9106,0.0118110236220472);
#896=CIRCLE('',#9110,0.0216535433070866);
#897=CIRCLE('',#9111,0.0216535433070866);
#898=CIRCLE('',#9115,0.0118110236220472);
#899=CIRCLE('',#9116,0.0118110236220472);
#900=CIRCLE('',#9120,0.0216535433070866);
#901=CIRCLE('',#9121,0.0216535433070866);
#902=CIRCLE('',#9125,0.0118110236220472);
#903=CIRCLE('',#9126,0.0118110236220472);
#904=CIRCLE('',#9130,0.0216535433070866);
#905=CIRCLE('',#9131,0.0216535433070866);
#906=CIRCLE('',#9135,0.0118110236220472);
#907=CIRCLE('',#9136,0.0118110236220472);
#908=CIRCLE('',#9140,0.0216535433070866);
#909=CIRCLE('',#9141,0.0216535433070866);
#910=CIRCLE('',#9145,0.0118110236220472);
#911=CIRCLE('',#9146,0.0118110236220472);
#912=FACE_OUTER_BOUND('',#1471,.T.);
#913=FACE_OUTER_BOUND('',#1472,.T.);
#914=FACE_OUTER_BOUND('',#1473,.T.);
#915=FACE_OUTER_BOUND('',#1520,.T.);
#916=FACE_OUTER_BOUND('',#1521,.T.);
#917=FACE_OUTER_BOUND('',#1569,.T.);
#918=FACE_OUTER_BOUND('',#1570,.T.);
#919=FACE_OUTER_BOUND('',#1571,.T.);
#920=FACE_OUTER_BOUND('',#1572,.T.);
#921=FACE_OUTER_BOUND('',#1573,.T.);
#922=FACE_OUTER_BOUND('',#1574,.T.);
#923=FACE_OUTER_BOUND('',#1575,.T.);
#924=FACE_OUTER_BOUND('',#1576,.T.);
#925=FACE_OUTER_BOUND('',#1577,.T.);
#926=FACE_OUTER_BOUND('',#1578,.T.);
#927=FACE_OUTER_BOUND('',#1579,.T.);
#928=FACE_OUTER_BOUND('',#1580,.T.);
#929=FACE_OUTER_BOUND('',#1581,.T.);
#930=FACE_OUTER_BOUND('',#1582,.T.);
#931=FACE_OUTER_BOUND('',#1583,.T.);
#932=FACE_OUTER_BOUND('',#1584,.T.);
#933=FACE_OUTER_BOUND('',#1585,.T.);
#934=FACE_OUTER_BOUND('',#1586,.T.);
#935=FACE_OUTER_BOUND('',#1587,.T.);
#936=FACE_OUTER_BOUND('',#1588,.T.);
#937=FACE_OUTER_BOUND('',#1589,.T.);
#938=FACE_OUTER_BOUND('',#1590,.T.);
#939=FACE_OUTER_BOUND('',#1591,.T.);
#940=FACE_OUTER_BOUND('',#1592,.T.);
#941=FACE_OUTER_BOUND('',#1593,.T.);
#942=FACE_OUTER_BOUND('',#1594,.T.);
#943=FACE_OUTER_BOUND('',#1595,.T.);
#944=FACE_OUTER_BOUND('',#1596,.T.);
#945=FACE_OUTER_BOUND('',#1597,.T.);
#946=FACE_OUTER_BOUND('',#1598,.T.);
#947=FACE_OUTER_BOUND('',#1599,.T.);
#948=FACE_OUTER_BOUND('',#1600,.T.);
#949=FACE_OUTER_BOUND('',#1601,.T.);
#950=FACE_OUTER_BOUND('',#1602,.T.);
#951=FACE_OUTER_BOUND('',#1603,.T.);
#952=FACE_OUTER_BOUND('',#1604,.T.);
#953=FACE_OUTER_BOUND('',#1605,.T.);
#954=FACE_OUTER_BOUND('',#1606,.T.);
#955=FACE_OUTER_BOUND('',#1607,.T.);
#956=FACE_OUTER_BOUND('',#1608,.T.);
#957=FACE_OUTER_BOUND('',#1609,.T.);
#958=FACE_OUTER_BOUND('',#1610,.T.);
#959=FACE_OUTER_BOUND('',#1611,.T.);
#960=FACE_OUTER_BOUND('',#1612,.T.);
#961=FACE_OUTER_BOUND('',#1613,.T.);
#962=FACE_OUTER_BOUND('',#1614,.T.);
#963=FACE_OUTER_BOUND('',#1615,.T.);
#964=FACE_OUTER_BOUND('',#1616,.T.);
#965=FACE_OUTER_BOUND('',#1617,.T.);
#966=FACE_OUTER_BOUND('',#1618,.T.);
#967=FACE_OUTER_BOUND('',#1619,.T.);
#968=FACE_OUTER_BOUND('',#1620,.T.);
#969=FACE_OUTER_BOUND('',#1621,.T.);
#970=FACE_OUTER_BOUND('',#1622,.T.);
#971=FACE_OUTER_BOUND('',#1623,.T.);
#972=FACE_OUTER_BOUND('',#1624,.T.);
#973=FACE_OUTER_BOUND('',#1625,.T.);
#974=FACE_OUTER_BOUND('',#1626,.T.);
#975=FACE_OUTER_BOUND('',#1627,.T.);
#976=FACE_OUTER_BOUND('',#1628,.T.);
#977=FACE_OUTER_BOUND('',#1629,.T.);
#978=FACE_OUTER_BOUND('',#1630,.T.);
#979=FACE_OUTER_BOUND('',#1631,.T.);
#980=FACE_OUTER_BOUND('',#1632,.T.);
#981=FACE_OUTER_BOUND('',#1633,.T.);
#982=FACE_OUTER_BOUND('',#1634,.T.);
#983=FACE_OUTER_BOUND('',#1635,.T.);
#984=FACE_OUTER_BOUND('',#1636,.T.);
#985=FACE_OUTER_BOUND('',#1637,.T.);
#986=FACE_OUTER_BOUND('',#1638,.T.);
#987=FACE_OUTER_BOUND('',#1639,.T.);
#988=FACE_OUTER_BOUND('',#1640,.T.);
#989=FACE_OUTER_BOUND('',#1641,.T.);
#990=FACE_OUTER_BOUND('',#1642,.T.);
#991=FACE_OUTER_BOUND('',#1643,.T.);
#992=FACE_OUTER_BOUND('',#1644,.T.);
#993=FACE_OUTER_BOUND('',#1645,.T.);
#994=FACE_OUTER_BOUND('',#1646,.T.);
#995=FACE_OUTER_BOUND('',#1647,.T.);
#996=FACE_OUTER_BOUND('',#1648,.T.);
#997=FACE_OUTER_BOUND('',#1649,.T.);
#998=FACE_OUTER_BOUND('',#1650,.T.);
#999=FACE_OUTER_BOUND('',#1651,.T.);
#1000=FACE_OUTER_BOUND('',#1652,.T.);
#1001=FACE_OUTER_BOUND('',#1653,.T.);
#1002=FACE_OUTER_BOUND('',#1654,.T.);
#1003=FACE_OUTER_BOUND('',#1655,.T.);
#1004=FACE_OUTER_BOUND('',#1656,.T.);
#1005=FACE_OUTER_BOUND('',#1657,.T.);
#1006=FACE_OUTER_BOUND('',#1658,.T.);
#1007=FACE_OUTER_BOUND('',#1659,.T.);
#1008=FACE_OUTER_BOUND('',#1660,.T.);
#1009=FACE_OUTER_BOUND('',#1661,.T.);
#1010=FACE_OUTER_BOUND('',#1662,.T.);
#1011=FACE_OUTER_BOUND('',#1663,.T.);
#1012=FACE_OUTER_BOUND('',#1664,.T.);
#1013=FACE_OUTER_BOUND('',#1665,.T.);
#1014=FACE_OUTER_BOUND('',#1666,.T.);
#1015=FACE_OUTER_BOUND('',#1667,.T.);
#1016=FACE_OUTER_BOUND('',#1668,.T.);
#1017=FACE_OUTER_BOUND('',#1669,.T.);
#1018=FACE_OUTER_BOUND('',#1670,.T.);
#1019=FACE_OUTER_BOUND('',#1671,.T.);
#1020=FACE_OUTER_BOUND('',#1672,.T.);
#1021=FACE_OUTER_BOUND('',#1673,.T.);
#1022=FACE_OUTER_BOUND('',#1674,.T.);
#1023=FACE_OUTER_BOUND('',#1675,.T.);
#1024=FACE_OUTER_BOUND('',#1676,.T.);
#1025=FACE_OUTER_BOUND('',#1677,.T.);
#1026=FACE_OUTER_BOUND('',#1678,.T.);
#1027=FACE_OUTER_BOUND('',#1679,.T.);
#1028=FACE_OUTER_BOUND('',#1680,.T.);
#1029=FACE_OUTER_BOUND('',#1681,.T.);
#1030=FACE_OUTER_BOUND('',#1682,.T.);
#1031=FACE_OUTER_BOUND('',#1683,.T.);
#1032=FACE_OUTER_BOUND('',#1684,.T.);
#1033=FACE_OUTER_BOUND('',#1685,.T.);
#1034=FACE_OUTER_BOUND('',#1686,.T.);
#1035=FACE_OUTER_BOUND('',#1687,.T.);
#1036=FACE_OUTER_BOUND('',#1688,.T.);
#1037=FACE_OUTER_BOUND('',#1690,.T.);
#1038=FACE_OUTER_BOUND('',#1691,.T.);
#1039=FACE_OUTER_BOUND('',#1692,.T.);
#1040=FACE_OUTER_BOUND('',#1693,.T.);
#1041=FACE_OUTER_BOUND('',#1694,.T.);
#1042=FACE_OUTER_BOUND('',#1695,.T.);
#1043=FACE_OUTER_BOUND('',#1696,.T.);
#1044=FACE_OUTER_BOUND('',#1697,.T.);
#1045=FACE_OUTER_BOUND('',#1698,.T.);
#1046=FACE_OUTER_BOUND('',#1699,.T.);
#1047=FACE_OUTER_BOUND('',#1700,.T.);
#1048=FACE_OUTER_BOUND('',#1701,.T.);
#1049=FACE_OUTER_BOUND('',#1702,.T.);
#1050=FACE_OUTER_BOUND('',#1703,.T.);
#1051=FACE_OUTER_BOUND('',#1704,.T.);
#1052=FACE_OUTER_BOUND('',#1705,.T.);
#1053=FACE_OUTER_BOUND('',#1706,.T.);
#1054=FACE_OUTER_BOUND('',#1707,.T.);
#1055=FACE_OUTER_BOUND('',#1708,.T.);
#1056=FACE_OUTER_BOUND('',#1709,.T.);
#1057=FACE_OUTER_BOUND('',#1710,.T.);
#1058=FACE_OUTER_BOUND('',#1711,.T.);
#1059=FACE_OUTER_BOUND('',#1712,.T.);
#1060=FACE_OUTER_BOUND('',#1713,.T.);
#1061=FACE_OUTER_BOUND('',#1714,.T.);
#1062=FACE_OUTER_BOUND('',#1715,.T.);
#1063=FACE_OUTER_BOUND('',#1716,.T.);
#1064=FACE_OUTER_BOUND('',#1717,.T.);
#1065=FACE_OUTER_BOUND('',#1718,.T.);
#1066=FACE_OUTER_BOUND('',#1719,.T.);
#1067=FACE_OUTER_BOUND('',#1720,.T.);
#1068=FACE_OUTER_BOUND('',#1721,.T.);
#1069=FACE_OUTER_BOUND('',#1722,.T.);
#1070=FACE_OUTER_BOUND('',#1723,.T.);
#1071=FACE_OUTER_BOUND('',#1724,.T.);
#1072=FACE_OUTER_BOUND('',#1725,.T.);
#1073=FACE_OUTER_BOUND('',#1726,.T.);
#1074=FACE_OUTER_BOUND('',#1727,.T.);
#1075=FACE_OUTER_BOUND('',#1729,.T.);
#1076=FACE_OUTER_BOUND('',#1730,.T.);
#1077=FACE_OUTER_BOUND('',#1731,.T.);
#1078=FACE_OUTER_BOUND('',#1732,.T.);
#1079=FACE_OUTER_BOUND('',#1733,.T.);
#1080=FACE_OUTER_BOUND('',#1734,.T.);
#1081=FACE_OUTER_BOUND('',#1735,.T.);
#1082=FACE_OUTER_BOUND('',#1736,.T.);
#1083=FACE_OUTER_BOUND('',#1737,.T.);
#1084=FACE_OUTER_BOUND('',#1738,.T.);
#1085=FACE_OUTER_BOUND('',#1739,.T.);
#1086=FACE_OUTER_BOUND('',#1740,.T.);
#1087=FACE_OUTER_BOUND('',#1741,.T.);
#1088=FACE_OUTER_BOUND('',#1742,.T.);
#1089=FACE_OUTER_BOUND('',#1743,.T.);
#1090=FACE_OUTER_BOUND('',#1744,.T.);
#1091=FACE_OUTER_BOUND('',#1745,.T.);
#1092=FACE_OUTER_BOUND('',#1746,.T.);
#1093=FACE_OUTER_BOUND('',#1747,.T.);
#1094=FACE_OUTER_BOUND('',#1748,.T.);
#1095=FACE_OUTER_BOUND('',#1749,.T.);
#1096=FACE_OUTER_BOUND('',#1750,.T.);
#1097=FACE_OUTER_BOUND('',#1751,.T.);
#1098=FACE_OUTER_BOUND('',#1752,.T.);
#1099=FACE_OUTER_BOUND('',#1753,.T.);
#1100=FACE_OUTER_BOUND('',#1754,.T.);
#1101=FACE_OUTER_BOUND('',#1755,.T.);
#1102=FACE_OUTER_BOUND('',#1756,.T.);
#1103=FACE_OUTER_BOUND('',#1757,.T.);
#1104=FACE_OUTER_BOUND('',#1758,.T.);
#1105=FACE_OUTER_BOUND('',#1759,.T.);
#1106=FACE_OUTER_BOUND('',#1760,.T.);
#1107=FACE_OUTER_BOUND('',#1761,.T.);
#1108=FACE_OUTER_BOUND('',#1762,.T.);
#1109=FACE_OUTER_BOUND('',#1763,.T.);
#1110=FACE_OUTER_BOUND('',#1764,.T.);
#1111=FACE_OUTER_BOUND('',#1765,.T.);
#1112=FACE_OUTER_BOUND('',#1766,.T.);
#1113=FACE_OUTER_BOUND('',#1767,.T.);
#1114=FACE_OUTER_BOUND('',#1768,.T.);
#1115=FACE_OUTER_BOUND('',#1769,.T.);
#1116=FACE_OUTER_BOUND('',#1770,.T.);
#1117=FACE_OUTER_BOUND('',#1771,.T.);
#1118=FACE_OUTER_BOUND('',#1772,.T.);
#1119=FACE_OUTER_BOUND('',#1773,.T.);
#1120=FACE_OUTER_BOUND('',#1774,.T.);
#1121=FACE_OUTER_BOUND('',#1775,.T.);
#1122=FACE_OUTER_BOUND('',#1776,.T.);
#1123=FACE_OUTER_BOUND('',#1777,.T.);
#1124=FACE_OUTER_BOUND('',#1778,.T.);
#1125=FACE_OUTER_BOUND('',#1779,.T.);
#1126=FACE_OUTER_BOUND('',#1780,.T.);
#1127=FACE_OUTER_BOUND('',#1781,.T.);
#1128=FACE_OUTER_BOUND('',#1782,.T.);
#1129=FACE_OUTER_BOUND('',#1783,.T.);
#1130=FACE_OUTER_BOUND('',#1784,.T.);
#1131=FACE_OUTER_BOUND('',#1786,.T.);
#1132=FACE_OUTER_BOUND('',#1787,.T.);
#1133=FACE_OUTER_BOUND('',#1788,.T.);
#1134=FACE_OUTER_BOUND('',#1789,.T.);
#1135=FACE_OUTER_BOUND('',#1790,.T.);
#1136=FACE_OUTER_BOUND('',#1791,.T.);
#1137=FACE_OUTER_BOUND('',#1792,.T.);
#1138=FACE_OUTER_BOUND('',#1793,.T.);
#1139=FACE_OUTER_BOUND('',#1794,.T.);
#1140=FACE_OUTER_BOUND('',#1795,.T.);
#1141=FACE_OUTER_BOUND('',#1796,.T.);
#1142=FACE_OUTER_BOUND('',#1797,.T.);
#1143=FACE_OUTER_BOUND('',#1798,.T.);
#1144=FACE_OUTER_BOUND('',#1799,.T.);
#1145=FACE_OUTER_BOUND('',#1800,.T.);
#1146=FACE_OUTER_BOUND('',#1801,.T.);
#1147=FACE_OUTER_BOUND('',#1802,.T.);
#1148=FACE_OUTER_BOUND('',#1803,.T.);
#1149=FACE_OUTER_BOUND('',#1804,.T.);
#1150=FACE_OUTER_BOUND('',#1805,.T.);
#1151=FACE_OUTER_BOUND('',#1806,.T.);
#1152=FACE_OUTER_BOUND('',#1807,.T.);
#1153=FACE_OUTER_BOUND('',#1808,.T.);
#1154=FACE_OUTER_BOUND('',#1809,.T.);
#1155=FACE_OUTER_BOUND('',#1810,.T.);
#1156=FACE_OUTER_BOUND('',#1811,.T.);
#1157=FACE_OUTER_BOUND('',#1812,.T.);
#1158=FACE_OUTER_BOUND('',#1813,.T.);
#1159=FACE_OUTER_BOUND('',#1814,.T.);
#1160=FACE_OUTER_BOUND('',#1815,.T.);
#1161=FACE_OUTER_BOUND('',#1816,.T.);
#1162=FACE_OUTER_BOUND('',#1817,.T.);
#1163=FACE_OUTER_BOUND('',#1819,.T.);
#1164=FACE_OUTER_BOUND('',#1820,.T.);
#1165=FACE_OUTER_BOUND('',#1821,.T.);
#1166=FACE_OUTER_BOUND('',#1822,.T.);
#1167=FACE_OUTER_BOUND('',#1823,.T.);
#1168=FACE_OUTER_BOUND('',#1824,.T.);
#1169=FACE_OUTER_BOUND('',#1825,.T.);
#1170=FACE_OUTER_BOUND('',#1826,.T.);
#1171=FACE_OUTER_BOUND('',#1827,.T.);
#1172=FACE_OUTER_BOUND('',#1828,.T.);
#1173=FACE_OUTER_BOUND('',#1829,.T.);
#1174=FACE_OUTER_BOUND('',#1830,.T.);
#1175=FACE_OUTER_BOUND('',#1831,.T.);
#1176=FACE_OUTER_BOUND('',#1832,.T.);
#1177=FACE_OUTER_BOUND('',#1833,.T.);
#1178=FACE_OUTER_BOUND('',#1834,.T.);
#1179=FACE_OUTER_BOUND('',#1835,.T.);
#1180=FACE_OUTER_BOUND('',#1836,.T.);
#1181=FACE_OUTER_BOUND('',#1837,.T.);
#1182=FACE_OUTER_BOUND('',#1838,.T.);
#1183=FACE_OUTER_BOUND('',#1839,.T.);
#1184=FACE_OUTER_BOUND('',#1840,.T.);
#1185=FACE_OUTER_BOUND('',#1841,.T.);
#1186=FACE_OUTER_BOUND('',#1842,.T.);
#1187=FACE_OUTER_BOUND('',#1843,.T.);
#1188=FACE_OUTER_BOUND('',#1844,.T.);
#1189=FACE_OUTER_BOUND('',#1845,.T.);
#1190=FACE_OUTER_BOUND('',#1846,.T.);
#1191=FACE_OUTER_BOUND('',#1847,.T.);
#1192=FACE_OUTER_BOUND('',#1848,.T.);
#1193=FACE_OUTER_BOUND('',#1849,.T.);
#1194=FACE_OUTER_BOUND('',#1850,.T.);
#1195=FACE_OUTER_BOUND('',#1852,.T.);
#1196=FACE_OUTER_BOUND('',#1853,.T.);
#1197=FACE_OUTER_BOUND('',#1854,.T.);
#1198=FACE_OUTER_BOUND('',#1855,.T.);
#1199=FACE_OUTER_BOUND('',#1856,.T.);
#1200=FACE_OUTER_BOUND('',#1857,.T.);
#1201=FACE_OUTER_BOUND('',#1858,.T.);
#1202=FACE_OUTER_BOUND('',#1859,.T.);
#1203=FACE_OUTER_BOUND('',#1860,.T.);
#1204=FACE_OUTER_BOUND('',#1861,.T.);
#1205=FACE_OUTER_BOUND('',#1862,.T.);
#1206=FACE_OUTER_BOUND('',#1863,.T.);
#1207=FACE_OUTER_BOUND('',#1864,.T.);
#1208=FACE_OUTER_BOUND('',#1865,.T.);
#1209=FACE_OUTER_BOUND('',#1866,.T.);
#1210=FACE_OUTER_BOUND('',#1867,.T.);
#1211=FACE_OUTER_BOUND('',#1868,.T.);
#1212=FACE_OUTER_BOUND('',#1869,.T.);
#1213=FACE_OUTER_BOUND('',#1870,.T.);
#1214=FACE_OUTER_BOUND('',#1871,.T.);
#1215=FACE_OUTER_BOUND('',#1872,.T.);
#1216=FACE_OUTER_BOUND('',#1873,.T.);
#1217=FACE_OUTER_BOUND('',#1874,.T.);
#1218=FACE_OUTER_BOUND('',#1875,.T.);
#1219=FACE_OUTER_BOUND('',#1876,.T.);
#1220=FACE_OUTER_BOUND('',#1877,.T.);
#1221=FACE_OUTER_BOUND('',#1878,.T.);
#1222=FACE_OUTER_BOUND('',#1879,.T.);
#1223=FACE_OUTER_BOUND('',#1880,.T.);
#1224=FACE_OUTER_BOUND('',#1881,.T.);
#1225=FACE_OUTER_BOUND('',#1882,.T.);
#1226=FACE_OUTER_BOUND('',#1883,.T.);
#1227=FACE_OUTER_BOUND('',#1885,.T.);
#1228=FACE_OUTER_BOUND('',#1886,.T.);
#1229=FACE_OUTER_BOUND('',#1887,.T.);
#1230=FACE_OUTER_BOUND('',#1888,.T.);
#1231=FACE_OUTER_BOUND('',#1889,.T.);
#1232=FACE_OUTER_BOUND('',#1890,.T.);
#1233=FACE_OUTER_BOUND('',#1891,.T.);
#1234=FACE_OUTER_BOUND('',#1892,.T.);
#1235=FACE_OUTER_BOUND('',#1893,.T.);
#1236=FACE_OUTER_BOUND('',#1894,.T.);
#1237=FACE_OUTER_BOUND('',#1895,.T.);
#1238=FACE_OUTER_BOUND('',#1896,.T.);
#1239=FACE_OUTER_BOUND('',#1897,.T.);
#1240=FACE_OUTER_BOUND('',#1898,.T.);
#1241=FACE_OUTER_BOUND('',#1899,.T.);
#1242=FACE_OUTER_BOUND('',#1900,.T.);
#1243=FACE_OUTER_BOUND('',#1901,.T.);
#1244=FACE_OUTER_BOUND('',#1902,.T.);
#1245=FACE_OUTER_BOUND('',#1903,.T.);
#1246=FACE_OUTER_BOUND('',#1904,.T.);
#1247=FACE_OUTER_BOUND('',#1905,.T.);
#1248=FACE_OUTER_BOUND('',#1906,.T.);
#1249=FACE_OUTER_BOUND('',#1907,.T.);
#1250=FACE_OUTER_BOUND('',#1908,.T.);
#1251=FACE_OUTER_BOUND('',#1909,.T.);
#1252=FACE_OUTER_BOUND('',#1910,.T.);
#1253=FACE_OUTER_BOUND('',#1911,.T.);
#1254=FACE_OUTER_BOUND('',#1912,.T.);
#1255=FACE_OUTER_BOUND('',#1913,.T.);
#1256=FACE_OUTER_BOUND('',#1914,.T.);
#1257=FACE_OUTER_BOUND('',#1915,.T.);
#1258=FACE_OUTER_BOUND('',#1916,.T.);
#1259=FACE_OUTER_BOUND('',#1918,.T.);
#1260=FACE_OUTER_BOUND('',#1919,.T.);
#1261=FACE_OUTER_BOUND('',#1920,.T.);
#1262=FACE_OUTER_BOUND('',#1921,.T.);
#1263=FACE_OUTER_BOUND('',#1922,.T.);
#1264=FACE_OUTER_BOUND('',#1923,.T.);
#1265=FACE_OUTER_BOUND('',#1924,.T.);
#1266=FACE_OUTER_BOUND('',#1925,.T.);
#1267=FACE_OUTER_BOUND('',#1926,.T.);
#1268=FACE_OUTER_BOUND('',#1927,.T.);
#1269=FACE_OUTER_BOUND('',#1928,.T.);
#1270=FACE_OUTER_BOUND('',#1929,.T.);
#1271=FACE_OUTER_BOUND('',#1930,.T.);
#1272=FACE_OUTER_BOUND('',#1931,.T.);
#1273=FACE_OUTER_BOUND('',#1932,.T.);
#1274=FACE_OUTER_BOUND('',#1933,.T.);
#1275=FACE_OUTER_BOUND('',#1934,.T.);
#1276=FACE_OUTER_BOUND('',#1935,.T.);
#1277=FACE_OUTER_BOUND('',#1936,.T.);
#1278=FACE_OUTER_BOUND('',#1937,.T.);
#1279=FACE_OUTER_BOUND('',#1938,.T.);
#1280=FACE_OUTER_BOUND('',#1939,.T.);
#1281=FACE_OUTER_BOUND('',#1940,.T.);
#1282=FACE_OUTER_BOUND('',#1941,.T.);
#1283=FACE_OUTER_BOUND('',#1942,.T.);
#1284=FACE_OUTER_BOUND('',#1943,.T.);
#1285=FACE_OUTER_BOUND('',#1944,.T.);
#1286=FACE_OUTER_BOUND('',#1945,.T.);
#1287=FACE_OUTER_BOUND('',#1946,.T.);
#1288=FACE_OUTER_BOUND('',#1947,.T.);
#1289=FACE_OUTER_BOUND('',#1948,.T.);
#1290=FACE_OUTER_BOUND('',#1949,.T.);
#1291=FACE_OUTER_BOUND('',#1951,.T.);
#1292=FACE_OUTER_BOUND('',#1952,.T.);
#1293=FACE_OUTER_BOUND('',#1953,.T.);
#1294=FACE_OUTER_BOUND('',#1954,.T.);
#1295=FACE_OUTER_BOUND('',#1955,.T.);
#1296=FACE_OUTER_BOUND('',#1956,.T.);
#1297=FACE_OUTER_BOUND('',#1957,.T.);
#1298=FACE_OUTER_BOUND('',#1958,.T.);
#1299=FACE_OUTER_BOUND('',#1959,.T.);
#1300=FACE_OUTER_BOUND('',#1960,.T.);
#1301=FACE_OUTER_BOUND('',#1961,.T.);
#1302=FACE_OUTER_BOUND('',#1962,.T.);
#1303=FACE_OUTER_BOUND('',#1963,.T.);
#1304=FACE_OUTER_BOUND('',#1964,.T.);
#1305=FACE_OUTER_BOUND('',#1965,.T.);
#1306=FACE_OUTER_BOUND('',#1966,.T.);
#1307=FACE_OUTER_BOUND('',#1967,.T.);
#1308=FACE_OUTER_BOUND('',#1968,.T.);
#1309=FACE_OUTER_BOUND('',#1969,.T.);
#1310=FACE_OUTER_BOUND('',#1970,.T.);
#1311=FACE_OUTER_BOUND('',#1971,.T.);
#1312=FACE_OUTER_BOUND('',#1972,.T.);
#1313=FACE_OUTER_BOUND('',#1973,.T.);
#1314=FACE_OUTER_BOUND('',#1974,.T.);
#1315=FACE_OUTER_BOUND('',#1975,.T.);
#1316=FACE_OUTER_BOUND('',#1976,.T.);
#1317=FACE_OUTER_BOUND('',#1977,.T.);
#1318=FACE_OUTER_BOUND('',#1978,.T.);
#1319=FACE_OUTER_BOUND('',#1979,.T.);
#1320=FACE_OUTER_BOUND('',#1980,.T.);
#1321=FACE_OUTER_BOUND('',#1981,.T.);
#1322=FACE_OUTER_BOUND('',#1982,.T.);
#1323=FACE_OUTER_BOUND('',#1983,.T.);
#1324=FACE_OUTER_BOUND('',#1984,.T.);
#1325=FACE_OUTER_BOUND('',#1985,.T.);
#1326=FACE_OUTER_BOUND('',#1986,.T.);
#1327=FACE_OUTER_BOUND('',#1987,.T.);
#1328=FACE_OUTER_BOUND('',#1988,.T.);
#1329=FACE_OUTER_BOUND('',#1989,.T.);
#1330=FACE_OUTER_BOUND('',#1990,.T.);
#1331=FACE_OUTER_BOUND('',#1991,.T.);
#1332=FACE_OUTER_BOUND('',#1992,.T.);
#1333=FACE_OUTER_BOUND('',#1993,.T.);
#1334=FACE_OUTER_BOUND('',#1994,.T.);
#1335=FACE_OUTER_BOUND('',#1995,.T.);
#1336=FACE_OUTER_BOUND('',#1996,.T.);
#1337=FACE_OUTER_BOUND('',#1997,.T.);
#1338=FACE_OUTER_BOUND('',#1998,.T.);
#1339=FACE_OUTER_BOUND('',#1999,.T.);
#1340=FACE_OUTER_BOUND('',#2000,.T.);
#1341=FACE_OUTER_BOUND('',#2001,.T.);
#1342=FACE_OUTER_BOUND('',#2002,.T.);
#1343=FACE_OUTER_BOUND('',#2003,.T.);
#1344=FACE_OUTER_BOUND('',#2004,.T.);
#1345=FACE_OUTER_BOUND('',#2005,.T.);
#1346=FACE_OUTER_BOUND('',#2006,.T.);
#1347=FACE_OUTER_BOUND('',#2007,.T.);
#1348=FACE_OUTER_BOUND('',#2008,.T.);
#1349=FACE_OUTER_BOUND('',#2009,.T.);
#1350=FACE_OUTER_BOUND('',#2010,.T.);
#1351=FACE_OUTER_BOUND('',#2011,.T.);
#1352=FACE_OUTER_BOUND('',#2012,.T.);
#1353=FACE_OUTER_BOUND('',#2013,.T.);
#1354=FACE_OUTER_BOUND('',#2014,.T.);
#1355=FACE_OUTER_BOUND('',#2015,.T.);
#1356=FACE_OUTER_BOUND('',#2016,.T.);
#1357=FACE_OUTER_BOUND('',#2017,.T.);
#1358=FACE_OUTER_BOUND('',#2018,.T.);
#1359=FACE_OUTER_BOUND('',#2019,.T.);
#1360=FACE_OUTER_BOUND('',#2020,.T.);
#1361=FACE_OUTER_BOUND('',#2021,.T.);
#1362=FACE_OUTER_BOUND('',#2022,.T.);
#1363=FACE_OUTER_BOUND('',#2023,.T.);
#1364=FACE_OUTER_BOUND('',#2024,.T.);
#1365=FACE_OUTER_BOUND('',#2025,.T.);
#1366=FACE_OUTER_BOUND('',#2026,.T.);
#1367=FACE_OUTER_BOUND('',#2027,.T.);
#1368=FACE_OUTER_BOUND('',#2028,.T.);
#1369=FACE_OUTER_BOUND('',#2029,.T.);
#1370=FACE_OUTER_BOUND('',#2030,.T.);
#1371=FACE_OUTER_BOUND('',#2031,.T.);
#1372=FACE_OUTER_BOUND('',#2032,.T.);
#1373=FACE_OUTER_BOUND('',#2033,.T.);
#1374=FACE_OUTER_BOUND('',#2034,.T.);
#1375=FACE_OUTER_BOUND('',#2035,.T.);
#1376=FACE_OUTER_BOUND('',#2036,.T.);
#1377=FACE_OUTER_BOUND('',#2037,.T.);
#1378=FACE_OUTER_BOUND('',#2038,.T.);
#1379=FACE_OUTER_BOUND('',#2039,.T.);
#1380=FACE_OUTER_BOUND('',#2040,.T.);
#1381=FACE_OUTER_BOUND('',#2041,.T.);
#1382=FACE_OUTER_BOUND('',#2042,.T.);
#1383=FACE_OUTER_BOUND('',#2043,.T.);
#1384=FACE_OUTER_BOUND('',#2044,.T.);
#1385=FACE_OUTER_BOUND('',#2045,.T.);
#1386=FACE_OUTER_BOUND('',#2046,.T.);
#1387=FACE_OUTER_BOUND('',#2047,.T.);
#1388=FACE_OUTER_BOUND('',#2048,.T.);
#1389=FACE_OUTER_BOUND('',#2049,.T.);
#1390=FACE_OUTER_BOUND('',#2050,.T.);
#1391=FACE_OUTER_BOUND('',#2051,.T.);
#1392=FACE_OUTER_BOUND('',#2052,.T.);
#1393=FACE_OUTER_BOUND('',#2053,.T.);
#1394=FACE_OUTER_BOUND('',#2054,.T.);
#1395=FACE_OUTER_BOUND('',#2055,.T.);
#1396=FACE_OUTER_BOUND('',#2056,.T.);
#1397=FACE_OUTER_BOUND('',#2057,.T.);
#1398=FACE_OUTER_BOUND('',#2058,.T.);
#1399=FACE_OUTER_BOUND('',#2059,.T.);
#1400=FACE_OUTER_BOUND('',#2060,.T.);
#1401=FACE_OUTER_BOUND('',#2061,.T.);
#1402=FACE_OUTER_BOUND('',#2062,.T.);
#1403=FACE_OUTER_BOUND('',#2063,.T.);
#1404=FACE_OUTER_BOUND('',#2064,.T.);
#1405=FACE_OUTER_BOUND('',#2065,.T.);
#1406=FACE_OUTER_BOUND('',#2066,.T.);
#1407=FACE_OUTER_BOUND('',#2067,.T.);
#1408=FACE_OUTER_BOUND('',#2068,.T.);
#1409=FACE_OUTER_BOUND('',#2069,.T.);
#1410=FACE_OUTER_BOUND('',#2070,.T.);
#1411=FACE_OUTER_BOUND('',#2071,.T.);
#1412=FACE_OUTER_BOUND('',#2072,.T.);
#1413=FACE_OUTER_BOUND('',#2073,.T.);
#1414=FACE_OUTER_BOUND('',#2074,.T.);
#1415=FACE_OUTER_BOUND('',#2075,.T.);
#1416=FACE_OUTER_BOUND('',#2076,.T.);
#1417=FACE_OUTER_BOUND('',#2077,.T.);
#1418=FACE_OUTER_BOUND('',#2078,.T.);
#1419=FACE_OUTER_BOUND('',#2079,.T.);
#1420=FACE_OUTER_BOUND('',#2080,.T.);
#1421=FACE_OUTER_BOUND('',#2081,.T.);
#1422=FACE_OUTER_BOUND('',#2082,.T.);
#1423=FACE_OUTER_BOUND('',#2083,.T.);
#1424=FACE_OUTER_BOUND('',#2084,.T.);
#1425=FACE_OUTER_BOUND('',#2085,.T.);
#1426=FACE_OUTER_BOUND('',#2086,.T.);
#1427=FACE_OUTER_BOUND('',#2087,.T.);
#1428=FACE_OUTER_BOUND('',#2088,.T.);
#1429=FACE_OUTER_BOUND('',#2089,.T.);
#1430=FACE_OUTER_BOUND('',#2090,.T.);
#1431=FACE_OUTER_BOUND('',#2091,.T.);
#1432=FACE_OUTER_BOUND('',#2092,.T.);
#1433=FACE_OUTER_BOUND('',#2093,.T.);
#1434=FACE_OUTER_BOUND('',#2094,.T.);
#1435=FACE_OUTER_BOUND('',#2095,.T.);
#1436=FACE_OUTER_BOUND('',#2096,.T.);
#1437=FACE_OUTER_BOUND('',#2097,.T.);
#1438=FACE_OUTER_BOUND('',#2098,.T.);
#1439=FACE_OUTER_BOUND('',#2099,.T.);
#1440=FACE_OUTER_BOUND('',#2100,.T.);
#1441=FACE_OUTER_BOUND('',#2101,.T.);
#1442=FACE_OUTER_BOUND('',#2102,.T.);
#1443=FACE_OUTER_BOUND('',#2103,.T.);
#1444=FACE_OUTER_BOUND('',#2104,.T.);
#1445=FACE_OUTER_BOUND('',#2105,.T.);
#1446=FACE_OUTER_BOUND('',#2106,.T.);
#1447=FACE_OUTER_BOUND('',#2107,.T.);
#1448=FACE_OUTER_BOUND('',#2108,.T.);
#1449=FACE_OUTER_BOUND('',#2109,.T.);
#1450=FACE_OUTER_BOUND('',#2110,.T.);
#1451=FACE_OUTER_BOUND('',#2111,.T.);
#1452=FACE_OUTER_BOUND('',#2112,.T.);
#1453=FACE_OUTER_BOUND('',#2113,.T.);
#1454=FACE_OUTER_BOUND('',#2114,.T.);
#1455=FACE_OUTER_BOUND('',#2115,.T.);
#1456=FACE_OUTER_BOUND('',#2116,.T.);
#1457=FACE_OUTER_BOUND('',#2117,.T.);
#1458=FACE_OUTER_BOUND('',#2118,.T.);
#1459=FACE_OUTER_BOUND('',#2119,.T.);
#1460=FACE_OUTER_BOUND('',#2120,.T.);
#1461=FACE_OUTER_BOUND('',#2121,.T.);
#1462=FACE_OUTER_BOUND('',#2122,.T.);
#1463=FACE_OUTER_BOUND('',#2123,.T.);
#1464=FACE_OUTER_BOUND('',#2124,.T.);
#1465=FACE_OUTER_BOUND('',#2125,.T.);
#1466=FACE_OUTER_BOUND('',#2126,.T.);
#1467=FACE_OUTER_BOUND('',#2127,.T.);
#1468=FACE_OUTER_BOUND('',#2128,.T.);
#1469=FACE_OUTER_BOUND('',#2129,.T.);
#1470=FACE_OUTER_BOUND('',#2130,.T.);
#1471=EDGE_LOOP('',(#4897,#4898,#4899,#4900));
#1472=EDGE_LOOP('',(#4901,#4902,#4903,#4904));
#1473=EDGE_LOOP('',(#4905,#4906,#4907,#4908));
#1474=EDGE_LOOP('',(#4909));
#1475=EDGE_LOOP('',(#4910));
#1476=EDGE_LOOP('',(#4911));
#1477=EDGE_LOOP('',(#4912));
#1478=EDGE_LOOP('',(#4913));
#1479=EDGE_LOOP('',(#4914));
#1480=EDGE_LOOP('',(#4915));
#1481=EDGE_LOOP('',(#4916));
#1482=EDGE_LOOP('',(#4917));
#1483=EDGE_LOOP('',(#4918));
#1484=EDGE_LOOP('',(#4919));
#1485=EDGE_LOOP('',(#4920));
#1486=EDGE_LOOP('',(#4921));
#1487=EDGE_LOOP('',(#4922));
#1488=EDGE_LOOP('',(#4923));
#1489=EDGE_LOOP('',(#4924));
#1490=EDGE_LOOP('',(#4925));
#1491=EDGE_LOOP('',(#4926));
#1492=EDGE_LOOP('',(#4927));
#1493=EDGE_LOOP('',(#4928));
#1494=EDGE_LOOP('',(#4929));
#1495=EDGE_LOOP('',(#4930));
#1496=EDGE_LOOP('',(#4931));
#1497=EDGE_LOOP('',(#4932));
#1498=EDGE_LOOP('',(#4933));
#1499=EDGE_LOOP('',(#4934));
#1500=EDGE_LOOP('',(#4935));
#1501=EDGE_LOOP('',(#4936));
#1502=EDGE_LOOP('',(#4937));
#1503=EDGE_LOOP('',(#4938));
#1504=EDGE_LOOP('',(#4939));
#1505=EDGE_LOOP('',(#4940));
#1506=EDGE_LOOP('',(#4941));
#1507=EDGE_LOOP('',(#4942));
#1508=EDGE_LOOP('',(#4943));
#1509=EDGE_LOOP('',(#4944));
#1510=EDGE_LOOP('',(#4945));
#1511=EDGE_LOOP('',(#4946));
#1512=EDGE_LOOP('',(#4947));
#1513=EDGE_LOOP('',(#4948));
#1514=EDGE_LOOP('',(#4949));
#1515=EDGE_LOOP('',(#4950));
#1516=EDGE_LOOP('',(#4951));
#1517=EDGE_LOOP('',(#4952));
#1518=EDGE_LOOP('',(#4953));
#1519=EDGE_LOOP('',(#4954));
#1520=EDGE_LOOP('',(#4955,#4956,#4957,#4958));
#1521=EDGE_LOOP('',(#4959,#4960,#4961,#4962));
#1522=EDGE_LOOP('',(#4963));
#1523=EDGE_LOOP('',(#4964));
#1524=EDGE_LOOP('',(#4965));
#1525=EDGE_LOOP('',(#4966));
#1526=EDGE_LOOP('',(#4967));
#1527=EDGE_LOOP('',(#4968));
#1528=EDGE_LOOP('',(#4969));
#1529=EDGE_LOOP('',(#4970));
#1530=EDGE_LOOP('',(#4971));
#1531=EDGE_LOOP('',(#4972));
#1532=EDGE_LOOP('',(#4973));
#1533=EDGE_LOOP('',(#4974));
#1534=EDGE_LOOP('',(#4975));
#1535=EDGE_LOOP('',(#4976));
#1536=EDGE_LOOP('',(#4977));
#1537=EDGE_LOOP('',(#4978));
#1538=EDGE_LOOP('',(#4979));
#1539=EDGE_LOOP('',(#4980));
#1540=EDGE_LOOP('',(#4981));
#1541=EDGE_LOOP('',(#4982));
#1542=EDGE_LOOP('',(#4983));
#1543=EDGE_LOOP('',(#4984));
#1544=EDGE_LOOP('',(#4985));
#1545=EDGE_LOOP('',(#4986));
#1546=EDGE_LOOP('',(#4987));
#1547=EDGE_LOOP('',(#4988));
#1548=EDGE_LOOP('',(#4989));
#1549=EDGE_LOOP('',(#4990));
#1550=EDGE_LOOP('',(#4991));
#1551=EDGE_LOOP('',(#4992));
#1552=EDGE_LOOP('',(#4993));
#1553=EDGE_LOOP('',(#4994));
#1554=EDGE_LOOP('',(#4995));
#1555=EDGE_LOOP('',(#4996));
#1556=EDGE_LOOP('',(#4997));
#1557=EDGE_LOOP('',(#4998,#4999,#5000,#5001,#5002,#5003,#5004,#5005));
#1558=EDGE_LOOP('',(#5006));
#1559=EDGE_LOOP('',(#5007));
#1560=EDGE_LOOP('',(#5008));
#1561=EDGE_LOOP('',(#5009));
#1562=EDGE_LOOP('',(#5010));
#1563=EDGE_LOOP('',(#5011));
#1564=EDGE_LOOP('',(#5012));
#1565=EDGE_LOOP('',(#5013));
#1566=EDGE_LOOP('',(#5014));
#1567=EDGE_LOOP('',(#5015));
#1568=EDGE_LOOP('',(#5016));
#1569=EDGE_LOOP('',(#5017,#5018,#5019,#5020));
#1570=EDGE_LOOP('',(#5021,#5022,#5023,#5024));
#1571=EDGE_LOOP('',(#5025,#5026,#5027,#5028));
#1572=EDGE_LOOP('',(#5029,#5030,#5031,#5032));
#1573=EDGE_LOOP('',(#5033,#5034,#5035,#5036));
#1574=EDGE_LOOP('',(#5037,#5038,#5039,#5040));
#1575=EDGE_LOOP('',(#5041,#5042,#5043,#5044));
#1576=EDGE_LOOP('',(#5045,#5046,#5047,#5048));
#1577=EDGE_LOOP('',(#5049,#5050,#5051,#5052));
#1578=EDGE_LOOP('',(#5053,#5054,#5055,#5056));
#1579=EDGE_LOOP('',(#5057,#5058,#5059,#5060));
#1580=EDGE_LOOP('',(#5061,#5062,#5063,#5064));
#1581=EDGE_LOOP('',(#5065,#5066,#5067,#5068));
#1582=EDGE_LOOP('',(#5069,#5070,#5071,#5072));
#1583=EDGE_LOOP('',(#5073,#5074,#5075,#5076));
#1584=EDGE_LOOP('',(#5077,#5078,#5079,#5080));
#1585=EDGE_LOOP('',(#5081,#5082,#5083,#5084));
#1586=EDGE_LOOP('',(#5085,#5086,#5087,#5088));
#1587=EDGE_LOOP('',(#5089,#5090,#5091,#5092));
#1588=EDGE_LOOP('',(#5093,#5094,#5095,#5096));
#1589=EDGE_LOOP('',(#5097,#5098,#5099,#5100));
#1590=EDGE_LOOP('',(#5101,#5102,#5103,#5104));
#1591=EDGE_LOOP('',(#5105,#5106,#5107,#5108));
#1592=EDGE_LOOP('',(#5109,#5110,#5111,#5112));
#1593=EDGE_LOOP('',(#5113,#5114,#5115,#5116));
#1594=EDGE_LOOP('',(#5117,#5118,#5119,#5120));
#1595=EDGE_LOOP('',(#5121,#5122,#5123,#5124));
#1596=EDGE_LOOP('',(#5125,#5126,#5127,#5128));
#1597=EDGE_LOOP('',(#5129,#5130,#5131,#5132));
#1598=EDGE_LOOP('',(#5133,#5134,#5135,#5136));
#1599=EDGE_LOOP('',(#5137,#5138,#5139,#5140));
#1600=EDGE_LOOP('',(#5141,#5142,#5143,#5144));
#1601=EDGE_LOOP('',(#5145,#5146,#5147,#5148));
#1602=EDGE_LOOP('',(#5149,#5150,#5151,#5152));
#1603=EDGE_LOOP('',(#5153,#5154,#5155,#5156));
#1604=EDGE_LOOP('',(#5157,#5158,#5159,#5160));
#1605=EDGE_LOOP('',(#5161,#5162,#5163,#5164));
#1606=EDGE_LOOP('',(#5165,#5166,#5167,#5168));
#1607=EDGE_LOOP('',(#5169,#5170,#5171,#5172));
#1608=EDGE_LOOP('',(#5173,#5174,#5175,#5176));
#1609=EDGE_LOOP('',(#5177,#5178,#5179,#5180));
#1610=EDGE_LOOP('',(#5181,#5182,#5183,#5184));
#1611=EDGE_LOOP('',(#5185,#5186,#5187,#5188));
#1612=EDGE_LOOP('',(#5189,#5190,#5191,#5192));
#1613=EDGE_LOOP('',(#5193,#5194,#5195,#5196));
#1614=EDGE_LOOP('',(#5197,#5198,#5199,#5200));
#1615=EDGE_LOOP('',(#5201,#5202,#5203,#5204));
#1616=EDGE_LOOP('',(#5205,#5206,#5207,#5208));
#1617=EDGE_LOOP('',(#5209,#5210,#5211,#5212));
#1618=EDGE_LOOP('',(#5213,#5214,#5215,#5216));
#1619=EDGE_LOOP('',(#5217,#5218,#5219,#5220));
#1620=EDGE_LOOP('',(#5221,#5222,#5223,#5224));
#1621=EDGE_LOOP('',(#5225,#5226,#5227,#5228));
#1622=EDGE_LOOP('',(#5229,#5230,#5231,#5232));
#1623=EDGE_LOOP('',(#5233,#5234,#5235,#5236));
#1624=EDGE_LOOP('',(#5237,#5238,#5239));
#1625=EDGE_LOOP('',(#5240,#5241,#5242,#5243));
#1626=EDGE_LOOP('',(#5244,#5245,#5246));
#1627=EDGE_LOOP('',(#5247,#5248,#5249,#5250));
#1628=EDGE_LOOP('',(#5251,#5252,#5253));
#1629=EDGE_LOOP('',(#5254,#5255,#5256,#5257));
#1630=EDGE_LOOP('',(#5258,#5259,#5260));
#1631=EDGE_LOOP('',(#5261,#5262,#5263,#5264));
#1632=EDGE_LOOP('',(#5265,#5266,#5267));
#1633=EDGE_LOOP('',(#5268,#5269,#5270));
#1634=EDGE_LOOP('',(#5271,#5272,#5273,#5274,#5275,#5276,#5277,#5278));
#1635=EDGE_LOOP('',(#5279,#5280,#5281));
#1636=EDGE_LOOP('',(#5282,#5283,#5284));
#1637=EDGE_LOOP('',(#5285,#5286,#5287));
#1638=EDGE_LOOP('',(#5288,#5289,#5290));
#1639=EDGE_LOOP('',(#5291,#5292,#5293));
#1640=EDGE_LOOP('',(#5294,#5295,#5296));
#1641=EDGE_LOOP('',(#5297,#5298,#5299));
#1642=EDGE_LOOP('',(#5300,#5301,#5302));
#1643=EDGE_LOOP('',(#5303,#5304,#5305));
#1644=EDGE_LOOP('',(#5306,#5307,#5308));
#1645=EDGE_LOOP('',(#5309,#5310,#5311,#5312));
#1646=EDGE_LOOP('',(#5313,#5314,#5315,#5316));
#1647=EDGE_LOOP('',(#5317,#5318,#5319,#5320));
#1648=EDGE_LOOP('',(#5321,#5322,#5323,#5324));
#1649=EDGE_LOOP('',(#5325,#5326,#5327,#5328));
#1650=EDGE_LOOP('',(#5329,#5330,#5331,#5332));
#1651=EDGE_LOOP('',(#5333,#5334,#5335,#5336));
#1652=EDGE_LOOP('',(#5337,#5338,#5339,#5340));
#1653=EDGE_LOOP('',(#5341,#5342,#5343,#5344));
#1654=EDGE_LOOP('',(#5345,#5346,#5347,#5348));
#1655=EDGE_LOOP('',(#5349,#5350,#5351,#5352));
#1656=EDGE_LOOP('',(#5353,#5354,#5355,#5356));
#1657=EDGE_LOOP('',(#5357,#5358,#5359,#5360));
#1658=EDGE_LOOP('',(#5361,#5362,#5363,#5364));
#1659=EDGE_LOOP('',(#5365,#5366,#5367,#5368));
#1660=EDGE_LOOP('',(#5369,#5370,#5371,#5372));
#1661=EDGE_LOOP('',(#5373,#5374,#5375,#5376));
#1662=EDGE_LOOP('',(#5377,#5378,#5379,#5380));
#1663=EDGE_LOOP('',(#5381,#5382,#5383,#5384));
#1664=EDGE_LOOP('',(#5385,#5386,#5387,#5388));
#1665=EDGE_LOOP('',(#5389,#5390,#5391,#5392));
#1666=EDGE_LOOP('',(#5393,#5394,#5395,#5396));
#1667=EDGE_LOOP('',(#5397,#5398,#5399,#5400));
#1668=EDGE_LOOP('',(#5401,#5402,#5403,#5404));
#1669=EDGE_LOOP('',(#5405,#5406,#5407,#5408));
#1670=EDGE_LOOP('',(#5409,#5410,#5411,#5412));
#1671=EDGE_LOOP('',(#5413,#5414,#5415,#5416));
#1672=EDGE_LOOP('',(#5417,#5418,#5419,#5420));
#1673=EDGE_LOOP('',(#5421,#5422,#5423,#5424));
#1674=EDGE_LOOP('',(#5425,#5426,#5427,#5428));
#1675=EDGE_LOOP('',(#5429,#5430,#5431,#5432));
#1676=EDGE_LOOP('',(#5433,#5434,#5435,#5436));
#1677=EDGE_LOOP('',(#5437,#5438,#5439,#5440));
#1678=EDGE_LOOP('',(#5441,#5442,#5443,#5444));
#1679=EDGE_LOOP('',(#5445,#5446,#5447,#5448));
#1680=EDGE_LOOP('',(#5449,#5450,#5451,#5452));
#1681=EDGE_LOOP('',(#5453,#5454,#5455,#5456));
#1682=EDGE_LOOP('',(#5457,#5458,#5459,#5460));
#1683=EDGE_LOOP('',(#5461,#5462,#5463,#5464));
#1684=EDGE_LOOP('',(#5465,#5466,#5467,#5468));
#1685=EDGE_LOOP('',(#5469,#5470,#5471,#5472));
#1686=EDGE_LOOP('',(#5473,#5474,#5475,#5476));
#1687=EDGE_LOOP('',(#5477,#5478,#5479,#5480));
#1688=EDGE_LOOP('',(#5481));
#1689=EDGE_LOOP('',(#5482));
#1690=EDGE_LOOP('',(#5483));
#1691=EDGE_LOOP('',(#5484,#5485,#5486,#5487));
#1692=EDGE_LOOP('',(#5488));
#1693=EDGE_LOOP('',(#5489,#5490,#5491,#5492));
#1694=EDGE_LOOP('',(#5493));
#1695=EDGE_LOOP('',(#5494));
#1696=EDGE_LOOP('',(#5495,#5496,#5497,#5498));
#1697=EDGE_LOOP('',(#5499));
#1698=EDGE_LOOP('',(#5500));
#1699=EDGE_LOOP('',(#5501,#5502,#5503,#5504));
#1700=EDGE_LOOP('',(#5505));
#1701=EDGE_LOOP('',(#5506));
#1702=EDGE_LOOP('',(#5507,#5508,#5509,#5510));
#1703=EDGE_LOOP('',(#5511));
#1704=EDGE_LOOP('',(#5512));
#1705=EDGE_LOOP('',(#5513,#5514,#5515,#5516));
#1706=EDGE_LOOP('',(#5517));
#1707=EDGE_LOOP('',(#5518));
#1708=EDGE_LOOP('',(#5519,#5520,#5521,#5522));
#1709=EDGE_LOOP('',(#5523));
#1710=EDGE_LOOP('',(#5524));
#1711=EDGE_LOOP('',(#5525,#5526,#5527,#5528));
#1712=EDGE_LOOP('',(#5529));
#1713=EDGE_LOOP('',(#5530));
#1714=EDGE_LOOP('',(#5531,#5532,#5533,#5534));
#1715=EDGE_LOOP('',(#5535));
#1716=EDGE_LOOP('',(#5536));
#1717=EDGE_LOOP('',(#5537,#5538,#5539,#5540));
#1718=EDGE_LOOP('',(#5541));
#1719=EDGE_LOOP('',(#5542));
#1720=EDGE_LOOP('',(#5543,#5544,#5545,#5546));
#1721=EDGE_LOOP('',(#5547,#5548,#5549,#5550));
#1722=EDGE_LOOP('',(#5551,#5552,#5553,#5554));
#1723=EDGE_LOOP('',(#5555,#5556,#5557,#5558));
#1724=EDGE_LOOP('',(#5559,#5560,#5561,#5562));
#1725=EDGE_LOOP('',(#5563,#5564,#5565,#5566));
#1726=EDGE_LOOP('',(#5567,#5568,#5569,#5570));
#1727=EDGE_LOOP('',(#5571));
#1728=EDGE_LOOP('',(#5572));
#1729=EDGE_LOOP('',(#5573));
#1730=EDGE_LOOP('',(#5574,#5575,#5576,#5577));
#1731=EDGE_LOOP('',(#5578));
#1732=EDGE_LOOP('',(#5579,#5580,#5581,#5582));
#1733=EDGE_LOOP('',(#5583));
#1734=EDGE_LOOP('',(#5584));
#1735=EDGE_LOOP('',(#5585,#5586,#5587,#5588));
#1736=EDGE_LOOP('',(#5589));
#1737=EDGE_LOOP('',(#5590));
#1738=EDGE_LOOP('',(#5591,#5592,#5593,#5594));
#1739=EDGE_LOOP('',(#5595));
#1740=EDGE_LOOP('',(#5596));
#1741=EDGE_LOOP('',(#5597,#5598,#5599,#5600));
#1742=EDGE_LOOP('',(#5601));
#1743=EDGE_LOOP('',(#5602));
#1744=EDGE_LOOP('',(#5603,#5604,#5605,#5606));
#1745=EDGE_LOOP('',(#5607));
#1746=EDGE_LOOP('',(#5608));
#1747=EDGE_LOOP('',(#5609,#5610,#5611,#5612));
#1748=EDGE_LOOP('',(#5613));
#1749=EDGE_LOOP('',(#5614));
#1750=EDGE_LOOP('',(#5615,#5616,#5617,#5618));
#1751=EDGE_LOOP('',(#5619));
#1752=EDGE_LOOP('',(#5620));
#1753=EDGE_LOOP('',(#5621,#5622,#5623,#5624));
#1754=EDGE_LOOP('',(#5625));
#1755=EDGE_LOOP('',(#5626));
#1756=EDGE_LOOP('',(#5627,#5628,#5629,#5630));
#1757=EDGE_LOOP('',(#5631));
#1758=EDGE_LOOP('',(#5632));
#1759=EDGE_LOOP('',(#5633,#5634,#5635,#5636));
#1760=EDGE_LOOP('',(#5637,#5638,#5639,#5640));
#1761=EDGE_LOOP('',(#5641,#5642,#5643,#5644));
#1762=EDGE_LOOP('',(#5645,#5646,#5647,#5648));
#1763=EDGE_LOOP('',(#5649,#5650,#5651,#5652));
#1764=EDGE_LOOP('',(#5653,#5654,#5655,#5656));
#1765=EDGE_LOOP('',(#5657,#5658,#5659,#5660));
#1766=EDGE_LOOP('',(#5661,#5662,#5663,#5664));
#1767=EDGE_LOOP('',(#5665,#5666,#5667,#5668));
#1768=EDGE_LOOP('',(#5669,#5670,#5671,#5672));
#1769=EDGE_LOOP('',(#5673,#5674,#5675,#5676));
#1770=EDGE_LOOP('',(#5677,#5678,#5679,#5680));
#1771=EDGE_LOOP('',(#5681,#5682,#5683,#5684));
#1772=EDGE_LOOP('',(#5685,#5686,#5687,#5688));
#1773=EDGE_LOOP('',(#5689,#5690,#5691,#5692));
#1774=EDGE_LOOP('',(#5693,#5694,#5695,#5696));
#1775=EDGE_LOOP('',(#5697,#5698,#5699,#5700));
#1776=EDGE_LOOP('',(#5701,#5702,#5703,#5704));
#1777=EDGE_LOOP('',(#5705,#5706,#5707,#5708));
#1778=EDGE_LOOP('',(#5709,#5710,#5711,#5712));
#1779=EDGE_LOOP('',(#5713,#5714,#5715,#5716));
#1780=EDGE_LOOP('',(#5717,#5718,#5719,#5720));
#1781=EDGE_LOOP('',(#5721,#5722,#5723,#5724));
#1782=EDGE_LOOP('',(#5725,#5726,#5727,#5728));
#1783=EDGE_LOOP('',(#5729,#5730,#5731,#5732));
#1784=EDGE_LOOP('',(#5733));
#1785=EDGE_LOOP('',(#5734));
#1786=EDGE_LOOP('',(#5735));
#1787=EDGE_LOOP('',(#5736,#5737,#5738,#5739));
#1788=EDGE_LOOP('',(#5740));
#1789=EDGE_LOOP('',(#5741,#5742,#5743,#5744));
#1790=EDGE_LOOP('',(#5745));
#1791=EDGE_LOOP('',(#5746));
#1792=EDGE_LOOP('',(#5747,#5748,#5749,#5750));
#1793=EDGE_LOOP('',(#5751));
#1794=EDGE_LOOP('',(#5752));
#1795=EDGE_LOOP('',(#5753,#5754,#5755,#5756));
#1796=EDGE_LOOP('',(#5757));
#1797=EDGE_LOOP('',(#5758));
#1798=EDGE_LOOP('',(#5759,#5760,#5761,#5762));
#1799=EDGE_LOOP('',(#5763));
#1800=EDGE_LOOP('',(#5764));
#1801=EDGE_LOOP('',(#5765,#5766,#5767,#5768));
#1802=EDGE_LOOP('',(#5769));
#1803=EDGE_LOOP('',(#5770));
#1804=EDGE_LOOP('',(#5771,#5772,#5773,#5774));
#1805=EDGE_LOOP('',(#5775));
#1806=EDGE_LOOP('',(#5776));
#1807=EDGE_LOOP('',(#5777,#5778,#5779,#5780));
#1808=EDGE_LOOP('',(#5781));
#1809=EDGE_LOOP('',(#5782));
#1810=EDGE_LOOP('',(#5783,#5784,#5785,#5786));
#1811=EDGE_LOOP('',(#5787));
#1812=EDGE_LOOP('',(#5788));
#1813=EDGE_LOOP('',(#5789,#5790,#5791,#5792));
#1814=EDGE_LOOP('',(#5793));
#1815=EDGE_LOOP('',(#5794));
#1816=EDGE_LOOP('',(#5795,#5796,#5797,#5798));
#1817=EDGE_LOOP('',(#5799));
#1818=EDGE_LOOP('',(#5800));
#1819=EDGE_LOOP('',(#5801));
#1820=EDGE_LOOP('',(#5802,#5803,#5804,#5805));
#1821=EDGE_LOOP('',(#5806));
#1822=EDGE_LOOP('',(#5807,#5808,#5809,#5810));
#1823=EDGE_LOOP('',(#5811));
#1824=EDGE_LOOP('',(#5812));
#1825=EDGE_LOOP('',(#5813,#5814,#5815,#5816));
#1826=EDGE_LOOP('',(#5817));
#1827=EDGE_LOOP('',(#5818));
#1828=EDGE_LOOP('',(#5819,#5820,#5821,#5822));
#1829=EDGE_LOOP('',(#5823));
#1830=EDGE_LOOP('',(#5824));
#1831=EDGE_LOOP('',(#5825,#5826,#5827,#5828));
#1832=EDGE_LOOP('',(#5829));
#1833=EDGE_LOOP('',(#5830));
#1834=EDGE_LOOP('',(#5831,#5832,#5833,#5834));
#1835=EDGE_LOOP('',(#5835));
#1836=EDGE_LOOP('',(#5836));
#1837=EDGE_LOOP('',(#5837,#5838,#5839,#5840));
#1838=EDGE_LOOP('',(#5841));
#1839=EDGE_LOOP('',(#5842));
#1840=EDGE_LOOP('',(#5843,#5844,#5845,#5846));
#1841=EDGE_LOOP('',(#5847));
#1842=EDGE_LOOP('',(#5848));
#1843=EDGE_LOOP('',(#5849,#5850,#5851,#5852));
#1844=EDGE_LOOP('',(#5853));
#1845=EDGE_LOOP('',(#5854));
#1846=EDGE_LOOP('',(#5855,#5856,#5857,#5858));
#1847=EDGE_LOOP('',(#5859));
#1848=EDGE_LOOP('',(#5860));
#1849=EDGE_LOOP('',(#5861,#5862,#5863,#5864));
#1850=EDGE_LOOP('',(#5865));
#1851=EDGE_LOOP('',(#5866));
#1852=EDGE_LOOP('',(#5867));
#1853=EDGE_LOOP('',(#5868,#5869,#5870,#5871));
#1854=EDGE_LOOP('',(#5872));
#1855=EDGE_LOOP('',(#5873,#5874,#5875,#5876));
#1856=EDGE_LOOP('',(#5877));
#1857=EDGE_LOOP('',(#5878));
#1858=EDGE_LOOP('',(#5879,#5880,#5881,#5882));
#1859=EDGE_LOOP('',(#5883));
#1860=EDGE_LOOP('',(#5884));
#1861=EDGE_LOOP('',(#5885,#5886,#5887,#5888));
#1862=EDGE_LOOP('',(#5889));
#1863=EDGE_LOOP('',(#5890));
#1864=EDGE_LOOP('',(#5891,#5892,#5893,#5894));
#1865=EDGE_LOOP('',(#5895));
#1866=EDGE_LOOP('',(#5896));
#1867=EDGE_LOOP('',(#5897,#5898,#5899,#5900));
#1868=EDGE_LOOP('',(#5901));
#1869=EDGE_LOOP('',(#5902));
#1870=EDGE_LOOP('',(#5903,#5904,#5905,#5906));
#1871=EDGE_LOOP('',(#5907));
#1872=EDGE_LOOP('',(#5908));
#1873=EDGE_LOOP('',(#5909,#5910,#5911,#5912));
#1874=EDGE_LOOP('',(#5913));
#1875=EDGE_LOOP('',(#5914));
#1876=EDGE_LOOP('',(#5915,#5916,#5917,#5918));
#1877=EDGE_LOOP('',(#5919));
#1878=EDGE_LOOP('',(#5920));
#1879=EDGE_LOOP('',(#5921,#5922,#5923,#5924));
#1880=EDGE_LOOP('',(#5925));
#1881=EDGE_LOOP('',(#5926));
#1882=EDGE_LOOP('',(#5927,#5928,#5929,#5930));
#1883=EDGE_LOOP('',(#5931));
#1884=EDGE_LOOP('',(#5932));
#1885=EDGE_LOOP('',(#5933));
#1886=EDGE_LOOP('',(#5934,#5935,#5936,#5937));
#1887=EDGE_LOOP('',(#5938));
#1888=EDGE_LOOP('',(#5939,#5940,#5941,#5942));
#1889=EDGE_LOOP('',(#5943));
#1890=EDGE_LOOP('',(#5944));
#1891=EDGE_LOOP('',(#5945,#5946,#5947,#5948));
#1892=EDGE_LOOP('',(#5949));
#1893=EDGE_LOOP('',(#5950));
#1894=EDGE_LOOP('',(#5951,#5952,#5953,#5954));
#1895=EDGE_LOOP('',(#5955));
#1896=EDGE_LOOP('',(#5956));
#1897=EDGE_LOOP('',(#5957,#5958,#5959,#5960));
#1898=EDGE_LOOP('',(#5961));
#1899=EDGE_LOOP('',(#5962));
#1900=EDGE_LOOP('',(#5963,#5964,#5965,#5966));
#1901=EDGE_LOOP('',(#5967));
#1902=EDGE_LOOP('',(#5968));
#1903=EDGE_LOOP('',(#5969,#5970,#5971,#5972));
#1904=EDGE_LOOP('',(#5973));
#1905=EDGE_LOOP('',(#5974));
#1906=EDGE_LOOP('',(#5975,#5976,#5977,#5978));
#1907=EDGE_LOOP('',(#5979));
#1908=EDGE_LOOP('',(#5980));
#1909=EDGE_LOOP('',(#5981,#5982,#5983,#5984));
#1910=EDGE_LOOP('',(#5985));
#1911=EDGE_LOOP('',(#5986));
#1912=EDGE_LOOP('',(#5987,#5988,#5989,#5990));
#1913=EDGE_LOOP('',(#5991));
#1914=EDGE_LOOP('',(#5992));
#1915=EDGE_LOOP('',(#5993,#5994,#5995,#5996));
#1916=EDGE_LOOP('',(#5997));
#1917=EDGE_LOOP('',(#5998));
#1918=EDGE_LOOP('',(#5999));
#1919=EDGE_LOOP('',(#6000,#6001,#6002,#6003));
#1920=EDGE_LOOP('',(#6004));
#1921=EDGE_LOOP('',(#6005,#6006,#6007,#6008));
#1922=EDGE_LOOP('',(#6009));
#1923=EDGE_LOOP('',(#6010));
#1924=EDGE_LOOP('',(#6011,#6012,#6013,#6014));
#1925=EDGE_LOOP('',(#6015));
#1926=EDGE_LOOP('',(#6016));
#1927=EDGE_LOOP('',(#6017,#6018,#6019,#6020));
#1928=EDGE_LOOP('',(#6021));
#1929=EDGE_LOOP('',(#6022));
#1930=EDGE_LOOP('',(#6023,#6024,#6025,#6026));
#1931=EDGE_LOOP('',(#6027));
#1932=EDGE_LOOP('',(#6028));
#1933=EDGE_LOOP('',(#6029,#6030,#6031,#6032));
#1934=EDGE_LOOP('',(#6033));
#1935=EDGE_LOOP('',(#6034));
#1936=EDGE_LOOP('',(#6035,#6036,#6037,#6038));
#1937=EDGE_LOOP('',(#6039));
#1938=EDGE_LOOP('',(#6040));
#1939=EDGE_LOOP('',(#6041,#6042,#6043,#6044));
#1940=EDGE_LOOP('',(#6045));
#1941=EDGE_LOOP('',(#6046));
#1942=EDGE_LOOP('',(#6047,#6048,#6049,#6050));
#1943=EDGE_LOOP('',(#6051));
#1944=EDGE_LOOP('',(#6052));
#1945=EDGE_LOOP('',(#6053,#6054,#6055,#6056));
#1946=EDGE_LOOP('',(#6057));
#1947=EDGE_LOOP('',(#6058));
#1948=EDGE_LOOP('',(#6059,#6060,#6061,#6062));
#1949=EDGE_LOOP('',(#6063));
#1950=EDGE_LOOP('',(#6064));
#1951=EDGE_LOOP('',(#6065));
#1952=EDGE_LOOP('',(#6066,#6067,#6068,#6069));
#1953=EDGE_LOOP('',(#6070));
#1954=EDGE_LOOP('',(#6071,#6072,#6073,#6074));
#1955=EDGE_LOOP('',(#6075));
#1956=EDGE_LOOP('',(#6076));
#1957=EDGE_LOOP('',(#6077,#6078,#6079,#6080));
#1958=EDGE_LOOP('',(#6081));
#1959=EDGE_LOOP('',(#6082));
#1960=EDGE_LOOP('',(#6083,#6084,#6085,#6086));
#1961=EDGE_LOOP('',(#6087));
#1962=EDGE_LOOP('',(#6088));
#1963=EDGE_LOOP('',(#6089,#6090,#6091,#6092));
#1964=EDGE_LOOP('',(#6093));
#1965=EDGE_LOOP('',(#6094));
#1966=EDGE_LOOP('',(#6095,#6096,#6097,#6098));
#1967=EDGE_LOOP('',(#6099));
#1968=EDGE_LOOP('',(#6100));
#1969=EDGE_LOOP('',(#6101,#6102,#6103,#6104));
#1970=EDGE_LOOP('',(#6105));
#1971=EDGE_LOOP('',(#6106));
#1972=EDGE_LOOP('',(#6107,#6108,#6109,#6110));
#1973=EDGE_LOOP('',(#6111));
#1974=EDGE_LOOP('',(#6112));
#1975=EDGE_LOOP('',(#6113,#6114,#6115,#6116));
#1976=EDGE_LOOP('',(#6117));
#1977=EDGE_LOOP('',(#6118));
#1978=EDGE_LOOP('',(#6119,#6120,#6121,#6122));
#1979=EDGE_LOOP('',(#6123));
#1980=EDGE_LOOP('',(#6124));
#1981=EDGE_LOOP('',(#6125,#6126,#6127,#6128));
#1982=EDGE_LOOP('',(#6129,#6130,#6131,#6132));
#1983=EDGE_LOOP('',(#6133,#6134,#6135,#6136));
#1984=EDGE_LOOP('',(#6137,#6138,#6139,#6140));
#1985=EDGE_LOOP('',(#6141,#6142,#6143,#6144));
#1986=EDGE_LOOP('',(#6145,#6146,#6147,#6148));
#1987=EDGE_LOOP('',(#6149,#6150,#6151,#6152));
#1988=EDGE_LOOP('',(#6153,#6154,#6155,#6156));
#1989=EDGE_LOOP('',(#6157,#6158,#6159,#6160));
#1990=EDGE_LOOP('',(#6161,#6162,#6163,#6164));
#1991=EDGE_LOOP('',(#6165,#6166,#6167,#6168));
#1992=EDGE_LOOP('',(#6169,#6170,#6171,#6172));
#1993=EDGE_LOOP('',(#6173,#6174,#6175,#6176));
#1994=EDGE_LOOP('',(#6177,#6178,#6179,#6180));
#1995=EDGE_LOOP('',(#6181,#6182,#6183,#6184));
#1996=EDGE_LOOP('',(#6185,#6186,#6187,#6188));
#1997=EDGE_LOOP('',(#6189,#6190,#6191,#6192));
#1998=EDGE_LOOP('',(#6193,#6194,#6195,#6196));
#1999=EDGE_LOOP('',(#6197,#6198,#6199,#6200));
#2000=EDGE_LOOP('',(#6201,#6202,#6203,#6204));
#2001=EDGE_LOOP('',(#6205,#6206,#6207,#6208));
#2002=EDGE_LOOP('',(#6209,#6210,#6211,#6212));
#2003=EDGE_LOOP('',(#6213,#6214,#6215,#6216));
#2004=EDGE_LOOP('',(#6217,#6218,#6219,#6220));
#2005=EDGE_LOOP('',(#6221,#6222,#6223,#6224));
#2006=EDGE_LOOP('',(#6225,#6226,#6227,#6228));
#2007=EDGE_LOOP('',(#6229,#6230,#6231,#6232));
#2008=EDGE_LOOP('',(#6233,#6234,#6235,#6236));
#2009=EDGE_LOOP('',(#6237,#6238,#6239,#6240));
#2010=EDGE_LOOP('',(#6241,#6242,#6243,#6244));
#2011=EDGE_LOOP('',(#6245,#6246,#6247,#6248));
#2012=EDGE_LOOP('',(#6249,#6250,#6251,#6252));
#2013=EDGE_LOOP('',(#6253,#6254,#6255,#6256));
#2014=EDGE_LOOP('',(#6257,#6258,#6259,#6260));
#2015=EDGE_LOOP('',(#6261,#6262,#6263,#6264));
#2016=EDGE_LOOP('',(#6265,#6266,#6267,#6268));
#2017=EDGE_LOOP('',(#6269,#6270,#6271,#6272));
#2018=EDGE_LOOP('',(#6273,#6274,#6275,#6276));
#2019=EDGE_LOOP('',(#6277,#6278,#6279,#6280));
#2020=EDGE_LOOP('',(#6281,#6282,#6283,#6284));
#2021=EDGE_LOOP('',(#6285,#6286,#6287,#6288));
#2022=EDGE_LOOP('',(#6289,#6290,#6291,#6292));
#2023=EDGE_LOOP('',(#6293,#6294,#6295,#6296));
#2024=EDGE_LOOP('',(#6297,#6298,#6299,#6300));
#2025=EDGE_LOOP('',(#6301,#6302,#6303,#6304));
#2026=EDGE_LOOP('',(#6305,#6306,#6307,#6308));
#2027=EDGE_LOOP('',(#6309,#6310,#6311,#6312));
#2028=EDGE_LOOP('',(#6313,#6314,#6315,#6316));
#2029=EDGE_LOOP('',(#6317,#6318,#6319,#6320));
#2030=EDGE_LOOP('',(#6321,#6322,#6323,#6324));
#2031=EDGE_LOOP('',(#6325,#6326,#6327,#6328));
#2032=EDGE_LOOP('',(#6329,#6330,#6331,#6332));
#2033=EDGE_LOOP('',(#6333,#6334,#6335,#6336));
#2034=EDGE_LOOP('',(#6337,#6338,#6339,#6340));
#2035=EDGE_LOOP('',(#6341,#6342,#6343,#6344));
#2036=EDGE_LOOP('',(#6345,#6346,#6347,#6348));
#2037=EDGE_LOOP('',(#6349,#6350,#6351,#6352));
#2038=EDGE_LOOP('',(#6353,#6354,#6355,#6356));
#2039=EDGE_LOOP('',(#6357,#6358,#6359,#6360));
#2040=EDGE_LOOP('',(#6361,#6362,#6363,#6364));
#2041=EDGE_LOOP('',(#6365,#6366,#6367,#6368));
#2042=EDGE_LOOP('',(#6369,#6370,#6371,#6372));
#2043=EDGE_LOOP('',(#6373,#6374,#6375,#6376));
#2044=EDGE_LOOP('',(#6377,#6378,#6379,#6380));
#2045=EDGE_LOOP('',(#6381,#6382,#6383,#6384));
#2046=EDGE_LOOP('',(#6385,#6386,#6387,#6388));
#2047=EDGE_LOOP('',(#6389,#6390,#6391,#6392));
#2048=EDGE_LOOP('',(#6393,#6394,#6395,#6396));
#2049=EDGE_LOOP('',(#6397,#6398,#6399,#6400));
#2050=EDGE_LOOP('',(#6401,#6402,#6403,#6404));
#2051=EDGE_LOOP('',(#6405,#6406,#6407,#6408));
#2052=EDGE_LOOP('',(#6409,#6410,#6411,#6412));
#2053=EDGE_LOOP('',(#6413,#6414,#6415,#6416));
#2054=EDGE_LOOP('',(#6417,#6418,#6419,#6420));
#2055=EDGE_LOOP('',(#6421,#6422,#6423,#6424));
#2056=EDGE_LOOP('',(#6425,#6426,#6427,#6428));
#2057=EDGE_LOOP('',(#6429,#6430,#6431,#6432));
#2058=EDGE_LOOP('',(#6433,#6434,#6435,#6436));
#2059=EDGE_LOOP('',(#6437,#6438,#6439,#6440));
#2060=EDGE_LOOP('',(#6441,#6442,#6443,#6444));
#2061=EDGE_LOOP('',(#6445,#6446,#6447,#6448));
#2062=EDGE_LOOP('',(#6449,#6450,#6451,#6452));
#2063=EDGE_LOOP('',(#6453,#6454,#6455,#6456));
#2064=EDGE_LOOP('',(#6457,#6458,#6459,#6460));
#2065=EDGE_LOOP('',(#6461,#6462,#6463,#6464));
#2066=EDGE_LOOP('',(#6465,#6466,#6467,#6468));
#2067=EDGE_LOOP('',(#6469,#6470,#6471,#6472));
#2068=EDGE_LOOP('',(#6473,#6474,#6475,#6476));
#2069=EDGE_LOOP('',(#6477,#6478,#6479,#6480));
#2070=EDGE_LOOP('',(#6481,#6482,#6483,#6484));
#2071=EDGE_LOOP('',(#6485,#6486,#6487,#6488));
#2072=EDGE_LOOP('',(#6489,#6490,#6491,#6492));
#2073=EDGE_LOOP('',(#6493,#6494,#6495,#6496));
#2074=EDGE_LOOP('',(#6497,#6498,#6499,#6500));
#2075=EDGE_LOOP('',(#6501,#6502,#6503,#6504));
#2076=EDGE_LOOP('',(#6505,#6506,#6507,#6508));
#2077=EDGE_LOOP('',(#6509,#6510,#6511,#6512));
#2078=EDGE_LOOP('',(#6513,#6514,#6515,#6516));
#2079=EDGE_LOOP('',(#6517,#6518,#6519,#6520));
#2080=EDGE_LOOP('',(#6521,#6522,#6523,#6524));
#2081=EDGE_LOOP('',(#6525,#6526,#6527,#6528));
#2082=EDGE_LOOP('',(#6529,#6530,#6531,#6532));
#2083=EDGE_LOOP('',(#6533,#6534,#6535,#6536));
#2084=EDGE_LOOP('',(#6537,#6538,#6539,#6540));
#2085=EDGE_LOOP('',(#6541,#6542,#6543,#6544));
#2086=EDGE_LOOP('',(#6545,#6546,#6547,#6548));
#2087=EDGE_LOOP('',(#6549,#6550,#6551,#6552));
#2088=EDGE_LOOP('',(#6553,#6554,#6555,#6556));
#2089=EDGE_LOOP('',(#6557,#6558,#6559,#6560));
#2090=EDGE_LOOP('',(#6561,#6562,#6563,#6564));
#2091=EDGE_LOOP('',(#6565,#6566,#6567,#6568));
#2092=EDGE_LOOP('',(#6569,#6570,#6571,#6572));
#2093=EDGE_LOOP('',(#6573,#6574,#6575,#6576));
#2094=EDGE_LOOP('',(#6577,#6578,#6579,#6580));
#2095=EDGE_LOOP('',(#6581,#6582,#6583,#6584));
#2096=EDGE_LOOP('',(#6585,#6586,#6587,#6588));
#2097=EDGE_LOOP('',(#6589,#6590,#6591,#6592));
#2098=EDGE_LOOP('',(#6593,#6594,#6595,#6596));
#2099=EDGE_LOOP('',(#6597,#6598,#6599,#6600));
#2100=EDGE_LOOP('',(#6601,#6602,#6603,#6604));
#2101=EDGE_LOOP('',(#6605,#6606,#6607,#6608));
#2102=EDGE_LOOP('',(#6609,#6610,#6611,#6612));
#2103=EDGE_LOOP('',(#6613,#6614,#6615,#6616));
#2104=EDGE_LOOP('',(#6617,#6618,#6619,#6620));
#2105=EDGE_LOOP('',(#6621,#6622,#6623,#6624));
#2106=EDGE_LOOP('',(#6625,#6626,#6627,#6628));
#2107=EDGE_LOOP('',(#6629,#6630,#6631,#6632));
#2108=EDGE_LOOP('',(#6633,#6634,#6635,#6636));
#2109=EDGE_LOOP('',(#6637,#6638,#6639,#6640));
#2110=EDGE_LOOP('',(#6641,#6642,#6643,#6644));
#2111=EDGE_LOOP('',(#6645,#6646,#6647,#6648));
#2112=EDGE_LOOP('',(#6649,#6650,#6651,#6652));
#2113=EDGE_LOOP('',(#6653,#6654,#6655,#6656));
#2114=EDGE_LOOP('',(#6657,#6658,#6659,#6660));
#2115=EDGE_LOOP('',(#6661,#6662,#6663,#6664));
#2116=EDGE_LOOP('',(#6665,#6666,#6667,#6668));
#2117=EDGE_LOOP('',(#6669,#6670,#6671,#6672));
#2118=EDGE_LOOP('',(#6673,#6674,#6675,#6676));
#2119=EDGE_LOOP('',(#6677,#6678,#6679,#6680));
#2120=EDGE_LOOP('',(#6681,#6682,#6683,#6684));
#2121=EDGE_LOOP('',(#6685,#6686,#6687,#6688));
#2122=EDGE_LOOP('',(#6689,#6690,#6691,#6692));
#2123=EDGE_LOOP('',(#6693,#6694,#6695,#6696));
#2124=EDGE_LOOP('',(#6697,#6698,#6699,#6700));
#2125=EDGE_LOOP('',(#6701,#6702,#6703,#6704));
#2126=EDGE_LOOP('',(#6705,#6706,#6707,#6708));
#2127=EDGE_LOOP('',(#6709,#6710,#6711,#6712));
#2128=EDGE_LOOP('',(#6713,#6714,#6715,#6716));
#2129=EDGE_LOOP('',(#6717,#6718,#6719,#6720));
#2130=EDGE_LOOP('',(#6721,#6722,#6723,#6724));
#2131=LINE('',#11743,#2757);
#2132=LINE('',#11745,#2758);
#2133=LINE('',#11747,#2759);
#2134=LINE('',#11748,#2760);
#2135=LINE('',#11751,#2761);
#2136=LINE('',#11753,#2762);
#2137=LINE('',#11754,#2763);
#2138=LINE('',#11757,#2764);
#2139=LINE('',#11758,#2765);
#2140=LINE('',#11853,#2766);
#2141=LINE('',#11854,#2767);
#2142=LINE('',#11856,#2768);
#2143=LINE('',#11931,#2769);
#2144=LINE('',#11935,#2770);
#2145=LINE('',#11939,#2771);
#2146=LINE('',#11942,#2772);
#2147=LINE('',#11967,#2773);
#2148=LINE('',#11969,#2774);
#2149=LINE('',#11971,#2775);
#2150=LINE('',#11973,#2776);
#2151=LINE('',#11975,#2777);
#2152=LINE('',#11977,#2778);
#2153=LINE('',#11979,#2779);
#2154=LINE('',#11981,#2780);
#2155=LINE('',#11983,#2781);
#2156=LINE('',#11985,#2782);
#2157=LINE('',#11987,#2783);
#2158=LINE('',#11989,#2784);
#2159=LINE('',#11991,#2785);
#2160=LINE('',#11993,#2786);
#2161=LINE('',#11995,#2787);
#2162=LINE('',#11997,#2788);
#2163=LINE('',#11999,#2789);
#2164=LINE('',#12001,#2790);
#2165=LINE('',#12003,#2791);
#2166=LINE('',#12005,#2792);
#2167=LINE('',#12007,#2793);
#2168=LINE('',#12009,#2794);
#2169=LINE('',#12011,#2795);
#2170=LINE('',#12013,#2796);
#2171=LINE('',#12015,#2797);
#2172=LINE('',#12017,#2798);
#2173=LINE('',#12019,#2799);
#2174=LINE('',#12021,#2800);
#2175=LINE('',#12023,#2801);
#2176=LINE('',#12025,#2802);
#2177=LINE('',#12027,#2803);
#2178=LINE('',#12029,#2804);
#2179=LINE('',#12031,#2805);
#2180=LINE('',#12033,#2806);
#2181=LINE('',#12035,#2807);
#2182=LINE('',#12037,#2808);
#2183=LINE('',#12039,#2809);
#2184=LINE('',#12041,#2810);
#2185=LINE('',#12043,#2811);
#2186=LINE('',#12045,#2812);
#2187=LINE('',#12047,#2813);
#2188=LINE('',#12049,#2814);
#2189=LINE('',#12051,#2815);
#2190=LINE('',#12053,#2816);
#2191=LINE('',#12055,#2817);
#2192=LINE('',#12057,#2818);
#2193=LINE('',#12062,#2819);
#2194=LINE('',#12063,#2820);
#2195=LINE('',#12066,#2821);
#2196=LINE('',#12067,#2822);
#2197=LINE('',#12071,#2823);
#2198=LINE('',#12074,#2824);
#2199=LINE('',#12075,#2825);
#2200=LINE('',#12079,#2826);
#2201=LINE('',#12082,#2827);
#2202=LINE('',#12083,#2828);
#2203=LINE('',#12087,#2829);
#2204=LINE('',#12089,#2830);
#2205=LINE('',#12092,#2831);
#2206=LINE('',#12093,#2832);
#2207=LINE('',#12098,#2833);
#2208=LINE('',#12102,#2834);
#2209=LINE('',#12103,#2835);
#2210=LINE('',#12108,#2836);
#2211=LINE('',#12112,#2837);
#2212=LINE('',#12113,#2838);
#2213=LINE('',#12118,#2839);
#2214=LINE('',#12122,#2840);
#2215=LINE('',#12123,#2841);
#2216=LINE('',#12128,#2842);
#2217=LINE('',#12131,#2843);
#2218=LINE('',#12133,#2844);
#2219=LINE('',#12140,#2845);
#2220=LINE('',#12142,#2846);
#2221=LINE('',#12144,#2847);
#2222=LINE('',#12146,#2848);
#2223=LINE('',#12148,#2849);
#2224=LINE('',#12150,#2850);
#2225=LINE('',#12159,#2851);
#2226=LINE('',#12161,#2852);
#2227=LINE('',#12163,#2853);
#2228=LINE('',#12164,#2854);
#2229=LINE('',#12168,#2855);
#2230=LINE('',#12170,#2856);
#2231=LINE('',#12172,#2857);
#2232=LINE('',#12173,#2858);
#2233=LINE('',#12175,#2859);
#2234=LINE('',#12176,#2860);
#2235=LINE('',#12178,#2861);
#2236=LINE('',#12179,#2862);
#2237=LINE('',#12186,#2863);
#2238=LINE('',#12188,#2864);
#2239=LINE('',#12190,#2865);
#2240=LINE('',#12191,#2866);
#2241=LINE('',#12195,#2867);
#2242=LINE('',#12197,#2868);
#2243=LINE('',#12199,#2869);
#2244=LINE('',#12200,#2870);
#2245=LINE('',#12202,#2871);
#2246=LINE('',#12203,#2872);
#2247=LINE('',#12205,#2873);
#2248=LINE('',#12206,#2874);
#2249=LINE('',#12213,#2875);
#2250=LINE('',#12215,#2876);
#2251=LINE('',#12217,#2877);
#2252=LINE('',#12218,#2878);
#2253=LINE('',#12222,#2879);
#2254=LINE('',#12224,#2880);
#2255=LINE('',#12226,#2881);
#2256=LINE('',#12227,#2882);
#2257=LINE('',#12229,#2883);
#2258=LINE('',#12230,#2884);
#2259=LINE('',#12232,#2885);
#2260=LINE('',#12233,#2886);
#2261=LINE('',#12240,#2887);
#2262=LINE('',#12242,#2888);
#2263=LINE('',#12244,#2889);
#2264=LINE('',#12245,#2890);
#2265=LINE('',#12249,#2891);
#2266=LINE('',#12251,#2892);
#2267=LINE('',#12253,#2893);
#2268=LINE('',#12254,#2894);
#2269=LINE('',#12256,#2895);
#2270=LINE('',#12257,#2896);
#2271=LINE('',#12259,#2897);
#2272=LINE('',#12260,#2898);
#2273=LINE('',#12267,#2899);
#2274=LINE('',#12269,#2900);
#2275=LINE('',#12271,#2901);
#2276=LINE('',#12272,#2902);
#2277=LINE('',#12276,#2903);
#2278=LINE('',#12278,#2904);
#2279=LINE('',#12280,#2905);
#2280=LINE('',#12281,#2906);
#2281=LINE('',#12283,#2907);
#2282=LINE('',#12284,#2908);
#2283=LINE('',#12286,#2909);
#2284=LINE('',#12287,#2910);
#2285=LINE('',#12294,#2911);
#2286=LINE('',#12296,#2912);
#2287=LINE('',#12298,#2913);
#2288=LINE('',#12299,#2914);
#2289=LINE('',#12303,#2915);
#2290=LINE('',#12305,#2916);
#2291=LINE('',#12307,#2917);
#2292=LINE('',#12308,#2918);
#2293=LINE('',#12310,#2919);
#2294=LINE('',#12311,#2920);
#2295=LINE('',#12313,#2921);
#2296=LINE('',#12314,#2922);
#2297=LINE('',#12321,#2923);
#2298=LINE('',#12323,#2924);
#2299=LINE('',#12325,#2925);
#2300=LINE('',#12326,#2926);
#2301=LINE('',#12330,#2927);
#2302=LINE('',#12332,#2928);
#2303=LINE('',#12334,#2929);
#2304=LINE('',#12335,#2930);
#2305=LINE('',#12337,#2931);
#2306=LINE('',#12338,#2932);
#2307=LINE('',#12340,#2933);
#2308=LINE('',#12341,#2934);
#2309=LINE('',#12349,#2935);
#2310=LINE('',#12358,#2936);
#2311=LINE('',#12364,#2937);
#2312=LINE('',#12372,#2938);
#2313=LINE('',#12380,#2939);
#2314=LINE('',#12388,#2940);
#2315=LINE('',#12396,#2941);
#2316=LINE('',#12404,#2942);
#2317=LINE('',#12412,#2943);
#2318=LINE('',#12420,#2944);
#2319=LINE('',#12428,#2945);
#2320=LINE('',#12436,#2946);
#2321=LINE('',#12438,#2947);
#2322=LINE('',#12440,#2948);
#2323=LINE('',#12441,#2949);
#2324=LINE('',#12445,#2950);
#2325=LINE('',#12447,#2951);
#2326=LINE('',#12449,#2952);
#2327=LINE('',#12450,#2953);
#2328=LINE('',#12452,#2954);
#2329=LINE('',#12453,#2955);
#2330=LINE('',#12455,#2956);
#2331=LINE('',#12456,#2957);
#2332=LINE('',#12464,#2958);
#2333=LINE('',#12473,#2959);
#2334=LINE('',#12479,#2960);
#2335=LINE('',#12487,#2961);
#2336=LINE('',#12495,#2962);
#2337=LINE('',#12503,#2963);
#2338=LINE('',#12511,#2964);
#2339=LINE('',#12519,#2965);
#2340=LINE('',#12527,#2966);
#2341=LINE('',#12535,#2967);
#2342=LINE('',#12543,#2968);
#2343=LINE('',#12551,#2969);
#2344=LINE('',#12553,#2970);
#2345=LINE('',#12555,#2971);
#2346=LINE('',#12556,#2972);
#2347=LINE('',#12560,#2973);
#2348=LINE('',#12562,#2974);
#2349=LINE('',#12564,#2975);
#2350=LINE('',#12565,#2976);
#2351=LINE('',#12567,#2977);
#2352=LINE('',#12568,#2978);
#2353=LINE('',#12570,#2979);
#2354=LINE('',#12571,#2980);
#2355=LINE('',#12578,#2981);
#2356=LINE('',#12580,#2982);
#2357=LINE('',#12582,#2983);
#2358=LINE('',#12583,#2984);
#2359=LINE('',#12587,#2985);
#2360=LINE('',#12589,#2986);
#2361=LINE('',#12591,#2987);
#2362=LINE('',#12592,#2988);
#2363=LINE('',#12594,#2989);
#2364=LINE('',#12595,#2990);
#2365=LINE('',#12597,#2991);
#2366=LINE('',#12598,#2992);
#2367=LINE('',#12605,#2993);
#2368=LINE('',#12607,#2994);
#2369=LINE('',#12609,#2995);
#2370=LINE('',#12610,#2996);
#2371=LINE('',#12614,#2997);
#2372=LINE('',#12616,#2998);
#2373=LINE('',#12618,#2999);
#2374=LINE('',#12619,#3000);
#2375=LINE('',#12621,#3001);
#2376=LINE('',#12622,#3002);
#2377=LINE('',#12624,#3003);
#2378=LINE('',#12625,#3004);
#2379=LINE('',#12632,#3005);
#2380=LINE('',#12634,#3006);
#2381=LINE('',#12636,#3007);
#2382=LINE('',#12637,#3008);
#2383=LINE('',#12641,#3009);
#2384=LINE('',#12643,#3010);
#2385=LINE('',#12645,#3011);
#2386=LINE('',#12646,#3012);
#2387=LINE('',#12648,#3013);
#2388=LINE('',#12649,#3014);
#2389=LINE('',#12651,#3015);
#2390=LINE('',#12652,#3016);
#2391=LINE('',#12660,#3017);
#2392=LINE('',#12669,#3018);
#2393=LINE('',#12675,#3019);
#2394=LINE('',#12683,#3020);
#2395=LINE('',#12691,#3021);
#2396=LINE('',#12699,#3022);
#2397=LINE('',#12707,#3023);
#2398=LINE('',#12715,#3024);
#2399=LINE('',#12723,#3025);
#2400=LINE('',#12731,#3026);
#2401=LINE('',#12739,#3027);
#2402=LINE('',#12748,#3028);
#2403=LINE('',#12757,#3029);
#2404=LINE('',#12763,#3030);
#2405=LINE('',#12771,#3031);
#2406=LINE('',#12779,#3032);
#2407=LINE('',#12787,#3033);
#2408=LINE('',#12795,#3034);
#2409=LINE('',#12803,#3035);
#2410=LINE('',#12811,#3036);
#2411=LINE('',#12819,#3037);
#2412=LINE('',#12827,#3038);
#2413=LINE('',#12836,#3039);
#2414=LINE('',#12845,#3040);
#2415=LINE('',#12851,#3041);
#2416=LINE('',#12859,#3042);
#2417=LINE('',#12867,#3043);
#2418=LINE('',#12875,#3044);
#2419=LINE('',#12883,#3045);
#2420=LINE('',#12891,#3046);
#2421=LINE('',#12899,#3047);
#2422=LINE('',#12907,#3048);
#2423=LINE('',#12915,#3049);
#2424=LINE('',#12924,#3050);
#2425=LINE('',#12933,#3051);
#2426=LINE('',#12939,#3052);
#2427=LINE('',#12947,#3053);
#2428=LINE('',#12955,#3054);
#2429=LINE('',#12963,#3055);
#2430=LINE('',#12971,#3056);
#2431=LINE('',#12979,#3057);
#2432=LINE('',#12987,#3058);
#2433=LINE('',#12995,#3059);
#2434=LINE('',#13003,#3060);
#2435=LINE('',#13012,#3061);
#2436=LINE('',#13021,#3062);
#2437=LINE('',#13027,#3063);
#2438=LINE('',#13035,#3064);
#2439=LINE('',#13043,#3065);
#2440=LINE('',#13051,#3066);
#2441=LINE('',#13059,#3067);
#2442=LINE('',#13067,#3068);
#2443=LINE('',#13075,#3069);
#2444=LINE('',#13083,#3070);
#2445=LINE('',#13091,#3071);
#2446=LINE('',#13100,#3072);
#2447=LINE('',#13109,#3073);
#2448=LINE('',#13115,#3074);
#2449=LINE('',#13123,#3075);
#2450=LINE('',#13131,#3076);
#2451=LINE('',#13139,#3077);
#2452=LINE('',#13147,#3078);
#2453=LINE('',#13155,#3079);
#2454=LINE('',#13163,#3080);
#2455=LINE('',#13171,#3081);
#2456=LINE('',#13179,#3082);
#2457=LINE('',#13187,#3083);
#2458=LINE('',#13189,#3084);
#2459=LINE('',#13191,#3085);
#2460=LINE('',#13192,#3086);
#2461=LINE('',#13196,#3087);
#2462=LINE('',#13198,#3088);
#2463=LINE('',#13200,#3089);
#2464=LINE('',#13201,#3090);
#2465=LINE('',#13203,#3091);
#2466=LINE('',#13204,#3092);
#2467=LINE('',#13206,#3093);
#2468=LINE('',#13207,#3094);
#2469=LINE('',#13214,#3095);
#2470=LINE('',#13216,#3096);
#2471=LINE('',#13218,#3097);
#2472=LINE('',#13219,#3098);
#2473=LINE('',#13223,#3099);
#2474=LINE('',#13225,#3100);
#2475=LINE('',#13227,#3101);
#2476=LINE('',#13228,#3102);
#2477=LINE('',#13230,#3103);
#2478=LINE('',#13231,#3104);
#2479=LINE('',#13233,#3105);
#2480=LINE('',#13234,#3106);
#2481=LINE('',#13240,#3107);
#2482=LINE('',#13242,#3108);
#2483=LINE('',#13244,#3109);
#2484=LINE('',#13245,#3110);
#2485=LINE('',#13249,#3111);
#2486=LINE('',#13251,#3112);
#2487=LINE('',#13253,#3113);
#2488=LINE('',#13254,#3114);
#2489=LINE('',#13256,#3115);
#2490=LINE('',#13257,#3116);
#2491=LINE('',#13259,#3117);
#2492=LINE('',#13260,#3118);
#2493=LINE('',#13266,#3119);
#2494=LINE('',#13268,#3120);
#2495=LINE('',#13270,#3121);
#2496=LINE('',#13271,#3122);
#2497=LINE('',#13275,#3123);
#2498=LINE('',#13277,#3124);
#2499=LINE('',#13279,#3125);
#2500=LINE('',#13280,#3126);
#2501=LINE('',#13282,#3127);
#2502=LINE('',#13283,#3128);
#2503=LINE('',#13285,#3129);
#2504=LINE('',#13286,#3130);
#2505=LINE('',#13292,#3131);
#2506=LINE('',#13294,#3132);
#2507=LINE('',#13296,#3133);
#2508=LINE('',#13297,#3134);
#2509=LINE('',#13301,#3135);
#2510=LINE('',#13303,#3136);
#2511=LINE('',#13305,#3137);
#2512=LINE('',#13306,#3138);
#2513=LINE('',#13308,#3139);
#2514=LINE('',#13309,#3140);
#2515=LINE('',#13311,#3141);
#2516=LINE('',#13312,#3142);
#2517=LINE('',#13318,#3143);
#2518=LINE('',#13320,#3144);
#2519=LINE('',#13322,#3145);
#2520=LINE('',#13323,#3146);
#2521=LINE('',#13327,#3147);
#2522=LINE('',#13329,#3148);
#2523=LINE('',#13331,#3149);
#2524=LINE('',#13332,#3150);
#2525=LINE('',#13334,#3151);
#2526=LINE('',#13335,#3152);
#2527=LINE('',#13337,#3153);
#2528=LINE('',#13338,#3154);
#2529=LINE('',#13344,#3155);
#2530=LINE('',#13346,#3156);
#2531=LINE('',#13348,#3157);
#2532=LINE('',#13349,#3158);
#2533=LINE('',#13353,#3159);
#2534=LINE('',#13355,#3160);
#2535=LINE('',#13357,#3161);
#2536=LINE('',#13358,#3162);
#2537=LINE('',#13360,#3163);
#2538=LINE('',#13361,#3164);
#2539=LINE('',#13363,#3165);
#2540=LINE('',#13364,#3166);
#2541=LINE('',#13370,#3167);
#2542=LINE('',#13372,#3168);
#2543=LINE('',#13374,#3169);
#2544=LINE('',#13375,#3170);
#2545=LINE('',#13379,#3171);
#2546=LINE('',#13381,#3172);
#2547=LINE('',#13383,#3173);
#2548=LINE('',#13384,#3174);
#2549=LINE('',#13386,#3175);
#2550=LINE('',#13387,#3176);
#2551=LINE('',#13389,#3177);
#2552=LINE('',#13390,#3178);
#2553=LINE('',#13396,#3179);
#2554=LINE('',#13398,#3180);
#2555=LINE('',#13400,#3181);
#2556=LINE('',#13401,#3182);
#2557=LINE('',#13405,#3183);
#2558=LINE('',#13407,#3184);
#2559=LINE('',#13409,#3185);
#2560=LINE('',#13410,#3186);
#2561=LINE('',#13412,#3187);
#2562=LINE('',#13413,#3188);
#2563=LINE('',#13415,#3189);
#2564=LINE('',#13416,#3190);
#2565=LINE('',#13422,#3191);
#2566=LINE('',#13424,#3192);
#2567=LINE('',#13426,#3193);
#2568=LINE('',#13427,#3194);
#2569=LINE('',#13431,#3195);
#2570=LINE('',#13433,#3196);
#2571=LINE('',#13435,#3197);
#2572=LINE('',#13436,#3198);
#2573=LINE('',#13438,#3199);
#2574=LINE('',#13439,#3200);
#2575=LINE('',#13441,#3201);
#2576=LINE('',#13442,#3202);
#2577=LINE('',#13448,#3203);
#2578=LINE('',#13450,#3204);
#2579=LINE('',#13452,#3205);
#2580=LINE('',#13453,#3206);
#2581=LINE('',#13457,#3207);
#2582=LINE('',#13459,#3208);
#2583=LINE('',#13461,#3209);
#2584=LINE('',#13462,#3210);
#2585=LINE('',#13464,#3211);
#2586=LINE('',#13465,#3212);
#2587=LINE('',#13467,#3213);
#2588=LINE('',#13468,#3214);
#2589=LINE('',#13474,#3215);
#2590=LINE('',#13476,#3216);
#2591=LINE('',#13478,#3217);
#2592=LINE('',#13479,#3218);
#2593=LINE('',#13483,#3219);
#2594=LINE('',#13485,#3220);
#2595=LINE('',#13487,#3221);
#2596=LINE('',#13488,#3222);
#2597=LINE('',#13490,#3223);
#2598=LINE('',#13491,#3224);
#2599=LINE('',#13493,#3225);
#2600=LINE('',#13494,#3226);
#2601=LINE('',#13500,#3227);
#2602=LINE('',#13502,#3228);
#2603=LINE('',#13504,#3229);
#2604=LINE('',#13505,#3230);
#2605=LINE('',#13509,#3231);
#2606=LINE('',#13511,#3232);
#2607=LINE('',#13513,#3233);
#2608=LINE('',#13514,#3234);
#2609=LINE('',#13516,#3235);
#2610=LINE('',#13517,#3236);
#2611=LINE('',#13519,#3237);
#2612=LINE('',#13520,#3238);
#2613=LINE('',#13526,#3239);
#2614=LINE('',#13528,#3240);
#2615=LINE('',#13530,#3241);
#2616=LINE('',#13531,#3242);
#2617=LINE('',#13535,#3243);
#2618=LINE('',#13537,#3244);
#2619=LINE('',#13539,#3245);
#2620=LINE('',#13540,#3246);
#2621=LINE('',#13542,#3247);
#2622=LINE('',#13543,#3248);
#2623=LINE('',#13545,#3249);
#2624=LINE('',#13546,#3250);
#2625=LINE('',#13552,#3251);
#2626=LINE('',#13554,#3252);
#2627=LINE('',#13556,#3253);
#2628=LINE('',#13557,#3254);
#2629=LINE('',#13561,#3255);
#2630=LINE('',#13563,#3256);
#2631=LINE('',#13565,#3257);
#2632=LINE('',#13566,#3258);
#2633=LINE('',#13568,#3259);
#2634=LINE('',#13569,#3260);
#2635=LINE('',#13571,#3261);
#2636=LINE('',#13572,#3262);
#2637=LINE('',#13578,#3263);
#2638=LINE('',#13580,#3264);
#2639=LINE('',#13582,#3265);
#2640=LINE('',#13583,#3266);
#2641=LINE('',#13587,#3267);
#2642=LINE('',#13589,#3268);
#2643=LINE('',#13591,#3269);
#2644=LINE('',#13592,#3270);
#2645=LINE('',#13594,#3271);
#2646=LINE('',#13595,#3272);
#2647=LINE('',#13597,#3273);
#2648=LINE('',#13598,#3274);
#2649=LINE('',#13604,#3275);
#2650=LINE('',#13606,#3276);
#2651=LINE('',#13608,#3277);
#2652=LINE('',#13609,#3278);
#2653=LINE('',#13613,#3279);
#2654=LINE('',#13615,#3280);
#2655=LINE('',#13617,#3281);
#2656=LINE('',#13618,#3282);
#2657=LINE('',#13620,#3283);
#2658=LINE('',#13621,#3284);
#2659=LINE('',#13623,#3285);
#2660=LINE('',#13624,#3286);
#2661=LINE('',#13630,#3287);
#2662=LINE('',#13632,#3288);
#2663=LINE('',#13634,#3289);
#2664=LINE('',#13635,#3290);
#2665=LINE('',#13639,#3291);
#2666=LINE('',#13641,#3292);
#2667=LINE('',#13643,#3293);
#2668=LINE('',#13644,#3294);
#2669=LINE('',#13646,#3295);
#2670=LINE('',#13647,#3296);
#2671=LINE('',#13649,#3297);
#2672=LINE('',#13650,#3298);
#2673=LINE('',#13656,#3299);
#2674=LINE('',#13658,#3300);
#2675=LINE('',#13660,#3301);
#2676=LINE('',#13661,#3302);
#2677=LINE('',#13665,#3303);
#2678=LINE('',#13667,#3304);
#2679=LINE('',#13669,#3305);
#2680=LINE('',#13670,#3306);
#2681=LINE('',#13672,#3307);
#2682=LINE('',#13673,#3308);
#2683=LINE('',#13675,#3309);
#2684=LINE('',#13676,#3310);
#2685=LINE('',#13682,#3311);
#2686=LINE('',#13684,#3312);
#2687=LINE('',#13686,#3313);
#2688=LINE('',#13687,#3314);
#2689=LINE('',#13691,#3315);
#2690=LINE('',#13693,#3316);
#2691=LINE('',#13695,#3317);
#2692=LINE('',#13696,#3318);
#2693=LINE('',#13698,#3319);
#2694=LINE('',#13699,#3320);
#2695=LINE('',#13701,#3321);
#2696=LINE('',#13702,#3322);
#2697=LINE('',#13708,#3323);
#2698=LINE('',#13710,#3324);
#2699=LINE('',#13712,#3325);
#2700=LINE('',#13713,#3326);
#2701=LINE('',#13717,#3327);
#2702=LINE('',#13719,#3328);
#2703=LINE('',#13721,#3329);
#2704=LINE('',#13722,#3330);
#2705=LINE('',#13724,#3331);
#2706=LINE('',#13725,#3332);
#2707=LINE('',#13727,#3333);
#2708=LINE('',#13728,#3334);
#2709=LINE('',#13734,#3335);
#2710=LINE('',#13736,#3336);
#2711=LINE('',#13738,#3337);
#2712=LINE('',#13739,#3338);
#2713=LINE('',#13743,#3339);
#2714=LINE('',#13745,#3340);
#2715=LINE('',#13747,#3341);
#2716=LINE('',#13748,#3342);
#2717=LINE('',#13750,#3343);
#2718=LINE('',#13751,#3344);
#2719=LINE('',#13753,#3345);
#2720=LINE('',#13754,#3346);
#2721=LINE('',#13760,#3347);
#2722=LINE('',#13762,#3348);
#2723=LINE('',#13764,#3349);
#2724=LINE('',#13765,#3350);
#2725=LINE('',#13769,#3351);
#2726=LINE('',#13771,#3352);
#2727=LINE('',#13773,#3353);
#2728=LINE('',#13774,#3354);
#2729=LINE('',#13776,#3355);
#2730=LINE('',#13777,#3356);
#2731=LINE('',#13779,#3357);
#2732=LINE('',#13780,#3358);
#2733=LINE('',#13786,#3359);
#2734=LINE('',#13788,#3360);
#2735=LINE('',#13790,#3361);
#2736=LINE('',#13791,#3362);
#2737=LINE('',#13795,#3363);
#2738=LINE('',#13797,#3364);
#2739=LINE('',#13799,#3365);
#2740=LINE('',#13800,#3366);
#2741=LINE('',#13802,#3367);
#2742=LINE('',#13803,#3368);
#2743=LINE('',#13805,#3369);
#2744=LINE('',#13806,#3370);
#2745=LINE('',#13812,#3371);
#2746=LINE('',#13814,#3372);
#2747=LINE('',#13816,#3373);
#2748=LINE('',#13817,#3374);
#2749=LINE('',#13821,#3375);
#2750=LINE('',#13823,#3376);
#2751=LINE('',#13825,#3377);
#2752=LINE('',#13826,#3378);
#2753=LINE('',#13828,#3379);
#2754=LINE('',#13829,#3380);
#2755=LINE('',#13831,#3381);
#2756=LINE('',#13832,#3382);
#2757=VECTOR('',#9330,0.0393700787401575);
#2758=VECTOR('',#9331,0.0393700787401575);
#2759=VECTOR('',#9332,0.0393700787401575);
#2760=VECTOR('',#9333,0.0393700787401575);
#2761=VECTOR('',#9336,0.0393700787401575);
#2762=VECTOR('',#9337,0.0393700787401575);
#2763=VECTOR('',#9338,0.0393700787401575);
#2764=VECTOR('',#9341,0.0393700787401575);
#2765=VECTOR('',#9342,0.0393700787401575);
#2766=VECTOR('',#9437,0.0393700787401575);
#2767=VECTOR('',#9438,0.0393700787401575);
#2768=VECTOR('',#9441,0.0393700787401575);
#2769=VECTOR('',#9514,0.0393700787401575);
#2770=VECTOR('',#9517,0.0393700787401575);
#2771=VECTOR('',#9520,0.0393700787401575);
#2772=VECTOR('',#9523,0.0393700787401575);
#2773=VECTOR('',#9550,0.0413386);
#2774=VECTOR('',#9553,0.07874015);
#2775=VECTOR('',#9556,0.0147638);
#2776=VECTOR('',#9559,0.0147638);
#2777=VECTOR('',#9562,0.0147638);
#2778=VECTOR('',#9565,0.0147638);
#2779=VECTOR('',#9568,0.0147638);
#2780=VECTOR('',#9571,0.0147638);
#2781=VECTOR('',#9574,0.0147638);
#2782=VECTOR('',#9577,0.0147638);
#2783=VECTOR('',#9580,0.0147638);
#2784=VECTOR('',#9583,0.0147638);
#2785=VECTOR('',#9586,0.0413386);
#2786=VECTOR('',#9589,0.07874015);
#2787=VECTOR('',#9592,0.0147638);
#2788=VECTOR('',#9595,0.0147638);
#2789=VECTOR('',#9598,0.0147638);
#2790=VECTOR('',#9601,0.0147638);
#2791=VECTOR('',#9604,0.0147638);
#2792=VECTOR('',#9607,0.0147638);
#2793=VECTOR('',#9610,0.0147638);
#2794=VECTOR('',#9613,0.0147638);
#2795=VECTOR('',#9616,0.0147638);
#2796=VECTOR('',#9619,0.0147638);
#2797=VECTOR('',#9622,0.0147638);
#2798=VECTOR('',#9625,0.0147638);
#2799=VECTOR('',#9628,0.0147638);
#2800=VECTOR('',#9631,0.0147638);
#2801=VECTOR('',#9634,0.0147638);
#2802=VECTOR('',#9637,0.0147638);
#2803=VECTOR('',#9640,0.0147638);
#2804=VECTOR('',#9643,0.0147638);
#2805=VECTOR('',#9646,0.0147638);
#2806=VECTOR('',#9649,0.0147638);
#2807=VECTOR('',#9652,0.0413386);
#2808=VECTOR('',#9655,0.0147638);
#2809=VECTOR('',#9658,0.0147638);
#2810=VECTOR('',#9661,0.0147638);
#2811=VECTOR('',#9664,0.0147638);
#2812=VECTOR('',#9667,0.0147638);
#2813=VECTOR('',#9670,0.0147638);
#2814=VECTOR('',#9673,0.0147638);
#2815=VECTOR('',#9676,0.0147638);
#2816=VECTOR('',#9679,0.0147638);
#2817=VECTOR('',#9682,0.0147638);
#2818=VECTOR('',#9685,0.0413386);
#2819=VECTOR('',#9690,0.0393700787401575);
#2820=VECTOR('',#9691,0.0393700787401575);
#2821=VECTOR('',#9694,0.0393700787401575);
#2822=VECTOR('',#9695,0.0393700787401575);
#2823=VECTOR('',#9700,0.0393700787401575);
#2824=VECTOR('',#9703,0.0393700787401575);
#2825=VECTOR('',#9704,0.0393700787401575);
#2826=VECTOR('',#9709,0.0393700787401575);
#2827=VECTOR('',#9712,0.0393700787401575);
#2828=VECTOR('',#9713,0.0393700787401575);
#2829=VECTOR('',#9718,0.0393700787401575);
#2830=VECTOR('',#9721,0.0393700787401575);
#2831=VECTOR('',#9724,0.0393700787401575);
#2832=VECTOR('',#9725,0.0393700787401575);
#2833=VECTOR('',#9730,0.0393700787401575);
#2834=VECTOR('',#9735,0.0393700787401575);
#2835=VECTOR('',#9736,0.0393700787401575);
#2836=VECTOR('',#9741,0.0393700787401575);
#2837=VECTOR('',#9746,0.0393700787401575);
#2838=VECTOR('',#9747,0.0393700787401575);
#2839=VECTOR('',#9752,0.0393700787401575);
#2840=VECTOR('',#9757,0.0393700787401575);
#2841=VECTOR('',#9758,0.0393700787401575);
#2842=VECTOR('',#9763,0.0393700787401575);
#2843=VECTOR('',#9768,0.0393700787401575);
#2844=VECTOR('',#9771,0.0393700787401575);
#2845=VECTOR('',#9784,0.0393700787401575);
#2846=VECTOR('',#9787,0.0393700787401575);
#2847=VECTOR('',#9790,0.0393700787401575);
#2848=VECTOR('',#9793,0.0393700787401575);
#2849=VECTOR('',#9796,0.0393700787401575);
#2850=VECTOR('',#9799,0.0393700787401575);
#2851=VECTOR('',#9812,0.0393700787401575);
#2852=VECTOR('',#9813,0.0393700787401575);
#2853=VECTOR('',#9814,0.0393700787401575);
#2854=VECTOR('',#9815,0.0393700787401575);
#2855=VECTOR('',#9818,0.0393700787401575);
#2856=VECTOR('',#9819,0.0393700787401575);
#2857=VECTOR('',#9820,0.0393700787401575);
#2858=VECTOR('',#9821,0.0393700787401575);
#2859=VECTOR('',#9824,0.0393700787401575);
#2860=VECTOR('',#9825,0.0393700787401575);
#2861=VECTOR('',#9828,0.0393700787401575);
#2862=VECTOR('',#9829,0.0393700787401575);
#2863=VECTOR('',#9838,0.0393700787401575);
#2864=VECTOR('',#9839,0.0393700787401575);
#2865=VECTOR('',#9840,0.0393700787401575);
#2866=VECTOR('',#9841,0.0393700787401575);
#2867=VECTOR('',#9844,0.0393700787401575);
#2868=VECTOR('',#9845,0.0393700787401575);
#2869=VECTOR('',#9846,0.0393700787401575);
#2870=VECTOR('',#9847,0.0393700787401575);
#2871=VECTOR('',#9850,0.0393700787401575);
#2872=VECTOR('',#9851,0.0393700787401575);
#2873=VECTOR('',#9854,0.0393700787401575);
#2874=VECTOR('',#9855,0.0393700787401575);
#2875=VECTOR('',#9864,0.0393700787401575);
#2876=VECTOR('',#9865,0.0393700787401575);
#2877=VECTOR('',#9866,0.0393700787401575);
#2878=VECTOR('',#9867,0.0393700787401575);
#2879=VECTOR('',#9870,0.0393700787401575);
#2880=VECTOR('',#9871,0.0393700787401575);
#2881=VECTOR('',#9872,0.0393700787401575);
#2882=VECTOR('',#9873,0.0393700787401575);
#2883=VECTOR('',#9876,0.0393700787401575);
#2884=VECTOR('',#9877,0.0393700787401575);
#2885=VECTOR('',#9880,0.0393700787401575);
#2886=VECTOR('',#9881,0.0393700787401575);
#2887=VECTOR('',#9890,0.0393700787401575);
#2888=VECTOR('',#9891,0.0393700787401575);
#2889=VECTOR('',#9892,0.0393700787401575);
#2890=VECTOR('',#9893,0.0393700787401575);
#2891=VECTOR('',#9896,0.0393700787401575);
#2892=VECTOR('',#9897,0.0393700787401575);
#2893=VECTOR('',#9898,0.0393700787401575);
#2894=VECTOR('',#9899,0.0393700787401575);
#2895=VECTOR('',#9902,0.0393700787401575);
#2896=VECTOR('',#9903,0.0393700787401575);
#2897=VECTOR('',#9906,0.0393700787401575);
#2898=VECTOR('',#9907,0.0393700787401575);
#2899=VECTOR('',#9916,0.0393700787401575);
#2900=VECTOR('',#9917,0.0393700787401575);
#2901=VECTOR('',#9918,0.0393700787401575);
#2902=VECTOR('',#9919,0.0393700787401575);
#2903=VECTOR('',#9922,0.0393700787401575);
#2904=VECTOR('',#9923,0.0393700787401575);
#2905=VECTOR('',#9924,0.0393700787401575);
#2906=VECTOR('',#9925,0.0393700787401575);
#2907=VECTOR('',#9928,0.0393700787401575);
#2908=VECTOR('',#9929,0.0393700787401575);
#2909=VECTOR('',#9932,0.0393700787401575);
#2910=VECTOR('',#9933,0.0393700787401575);
#2911=VECTOR('',#9942,0.0393700787401575);
#2912=VECTOR('',#9943,0.0393700787401575);
#2913=VECTOR('',#9944,0.0393700787401575);
#2914=VECTOR('',#9945,0.0393700787401575);
#2915=VECTOR('',#9948,0.0393700787401575);
#2916=VECTOR('',#9949,0.0393700787401575);
#2917=VECTOR('',#9950,0.0393700787401575);
#2918=VECTOR('',#9951,0.0393700787401575);
#2919=VECTOR('',#9954,0.0393700787401575);
#2920=VECTOR('',#9955,0.0393700787401575);
#2921=VECTOR('',#9958,0.0393700787401575);
#2922=VECTOR('',#9959,0.0393700787401575);
#2923=VECTOR('',#9968,0.0393700787401575);
#2924=VECTOR('',#9969,0.0393700787401575);
#2925=VECTOR('',#9970,0.0393700787401575);
#2926=VECTOR('',#9971,0.0393700787401575);
#2927=VECTOR('',#9974,0.0393700787401575);
#2928=VECTOR('',#9975,0.0393700787401575);
#2929=VECTOR('',#9976,0.0393700787401575);
#2930=VECTOR('',#9977,0.0393700787401575);
#2931=VECTOR('',#9980,0.0393700787401575);
#2932=VECTOR('',#9981,0.0393700787401575);
#2933=VECTOR('',#9984,0.0393700787401575);
#2934=VECTOR('',#9985,0.0393700787401575);
#2935=VECTOR('',#9996,0.108267716535433);
#2936=VECTOR('',#10009,0.0720472440944882);
#2937=VECTOR('',#10016,0.0118110236220472);
#2938=VECTOR('',#10027,0.0118110236220472);
#2939=VECTOR('',#10038,0.0216535433070866);
#2940=VECTOR('',#10049,0.0118110236220472);
#2941=VECTOR('',#10060,0.0216535433070866);
#2942=VECTOR('',#10071,0.0118110236220472);
#2943=VECTOR('',#10082,0.0216535433070866);
#2944=VECTOR('',#10093,0.0118110236220472);
#2945=VECTOR('',#10104,0.0216535433070866);
#2946=VECTOR('',#10115,0.0393700787401575);
#2947=VECTOR('',#10116,0.0393700787401575);
#2948=VECTOR('',#10117,0.0393700787401575);
#2949=VECTOR('',#10118,0.0393700787401575);
#2950=VECTOR('',#10121,0.0393700787401575);
#2951=VECTOR('',#10122,0.0393700787401575);
#2952=VECTOR('',#10123,0.0393700787401575);
#2953=VECTOR('',#10124,0.0393700787401575);
#2954=VECTOR('',#10127,0.0393700787401575);
#2955=VECTOR('',#10128,0.0393700787401575);
#2956=VECTOR('',#10131,0.0393700787401575);
#2957=VECTOR('',#10132,0.0393700787401575);
#2958=VECTOR('',#10143,0.108267716535433);
#2959=VECTOR('',#10156,0.0720472440944882);
#2960=VECTOR('',#10163,0.0118110236220472);
#2961=VECTOR('',#10174,0.0118110236220472);
#2962=VECTOR('',#10185,0.0216535433070866);
#2963=VECTOR('',#10196,0.0118110236220472);
#2964=VECTOR('',#10207,0.0216535433070866);
#2965=VECTOR('',#10218,0.0118110236220472);
#2966=VECTOR('',#10229,0.0216535433070866);
#2967=VECTOR('',#10240,0.0118110236220472);
#2968=VECTOR('',#10251,0.0216535433070866);
#2969=VECTOR('',#10262,0.0393700787401575);
#2970=VECTOR('',#10263,0.0393700787401575);
#2971=VECTOR('',#10264,0.0393700787401575);
#2972=VECTOR('',#10265,0.0393700787401575);
#2973=VECTOR('',#10268,0.0393700787401575);
#2974=VECTOR('',#10269,0.0393700787401575);
#2975=VECTOR('',#10270,0.0393700787401575);
#2976=VECTOR('',#10271,0.0393700787401575);
#2977=VECTOR('',#10274,0.0393700787401575);
#2978=VECTOR('',#10275,0.0393700787401575);
#2979=VECTOR('',#10278,0.0393700787401575);
#2980=VECTOR('',#10279,0.0393700787401575);
#2981=VECTOR('',#10288,0.0393700787401575);
#2982=VECTOR('',#10289,0.0393700787401575);
#2983=VECTOR('',#10290,0.0393700787401575);
#2984=VECTOR('',#10291,0.0393700787401575);
#2985=VECTOR('',#10294,0.0393700787401575);
#2986=VECTOR('',#10295,0.0393700787401575);
#2987=VECTOR('',#10296,0.0393700787401575);
#2988=VECTOR('',#10297,0.0393700787401575);
#2989=VECTOR('',#10300,0.0393700787401575);
#2990=VECTOR('',#10301,0.0393700787401575);
#2991=VECTOR('',#10304,0.0393700787401575);
#2992=VECTOR('',#10305,0.0393700787401575);
#2993=VECTOR('',#10314,0.0393700787401575);
#2994=VECTOR('',#10315,0.0393700787401575);
#2995=VECTOR('',#10316,0.0393700787401575);
#2996=VECTOR('',#10317,0.0393700787401575);
#2997=VECTOR('',#10320,0.0393700787401575);
#2998=VECTOR('',#10321,0.0393700787401575);
#2999=VECTOR('',#10322,0.0393700787401575);
#3000=VECTOR('',#10323,0.0393700787401575);
#3001=VECTOR('',#10326,0.0393700787401575);
#3002=VECTOR('',#10327,0.0393700787401575);
#3003=VECTOR('',#10330,0.0393700787401575);
#3004=VECTOR('',#10331,0.0393700787401575);
#3005=VECTOR('',#10340,0.0393700787401575);
#3006=VECTOR('',#10341,0.0393700787401575);
#3007=VECTOR('',#10342,0.0393700787401575);
#3008=VECTOR('',#10343,0.0393700787401575);
#3009=VECTOR('',#10346,0.0393700787401575);
#3010=VECTOR('',#10347,0.0393700787401575);
#3011=VECTOR('',#10348,0.0393700787401575);
#3012=VECTOR('',#10349,0.0393700787401575);
#3013=VECTOR('',#10352,0.0393700787401575);
#3014=VECTOR('',#10353,0.0393700787401575);
#3015=VECTOR('',#10356,0.0393700787401575);
#3016=VECTOR('',#10357,0.0393700787401575);
#3017=VECTOR('',#10368,0.108267716535433);
#3018=VECTOR('',#10381,0.0720472440944882);
#3019=VECTOR('',#10388,0.0118110236220472);
#3020=VECTOR('',#10399,0.0216535433070866);
#3021=VECTOR('',#10410,0.0118110236220472);
#3022=VECTOR('',#10421,0.0216535433070866);
#3023=VECTOR('',#10432,0.0118110236220472);
#3024=VECTOR('',#10443,0.0216535433070866);
#3025=VECTOR('',#10454,0.0118110236220472);
#3026=VECTOR('',#10465,0.0216535433070866);
#3027=VECTOR('',#10476,0.0118110236220472);
#3028=VECTOR('',#10489,0.108267716535433);
#3029=VECTOR('',#10502,0.0720472440944882);
#3030=VECTOR('',#10509,0.0118110236220472);
#3031=VECTOR('',#10520,0.0216535433070866);
#3032=VECTOR('',#10531,0.0118110236220472);
#3033=VECTOR('',#10542,0.0216535433070866);
#3034=VECTOR('',#10553,0.0118110236220472);
#3035=VECTOR('',#10564,0.0216535433070866);
#3036=VECTOR('',#10575,0.0118110236220472);
#3037=VECTOR('',#10586,0.0216535433070866);
#3038=VECTOR('',#10597,0.0118110236220472);
#3039=VECTOR('',#10610,0.108267716535433);
#3040=VECTOR('',#10623,0.0720472440944882);
#3041=VECTOR('',#10630,0.0118110236220472);
#3042=VECTOR('',#10641,0.0216535433070866);
#3043=VECTOR('',#10652,0.0118110236220472);
#3044=VECTOR('',#10663,0.0216535433070866);
#3045=VECTOR('',#10674,0.0118110236220472);
#3046=VECTOR('',#10685,0.0216535433070866);
#3047=VECTOR('',#10696,0.0118110236220472);
#3048=VECTOR('',#10707,0.0216535433070866);
#3049=VECTOR('',#10718,0.0118110236220472);
#3050=VECTOR('',#10731,0.108267716535433);
#3051=VECTOR('',#10744,0.0720472440944882);
#3052=VECTOR('',#10751,0.0118110236220472);
#3053=VECTOR('',#10762,0.0216535433070866);
#3054=VECTOR('',#10773,0.0118110236220472);
#3055=VECTOR('',#10784,0.0216535433070866);
#3056=VECTOR('',#10795,0.0118110236220472);
#3057=VECTOR('',#10806,0.0216535433070866);
#3058=VECTOR('',#10817,0.0118110236220472);
#3059=VECTOR('',#10828,0.0216535433070866);
#3060=VECTOR('',#10839,0.0118110236220472);
#3061=VECTOR('',#10852,0.108267716535433);
#3062=VECTOR('',#10865,0.0720472440944882);
#3063=VECTOR('',#10872,0.0118110236220472);
#3064=VECTOR('',#10883,0.0216535433070866);
#3065=VECTOR('',#10894,0.0118110236220472);
#3066=VECTOR('',#10905,0.0216535433070866);
#3067=VECTOR('',#10916,0.0118110236220472);
#3068=VECTOR('',#10927,0.0216535433070866);
#3069=VECTOR('',#10938,0.0118110236220472);
#3070=VECTOR('',#10949,0.0216535433070866);
#3071=VECTOR('',#10960,0.0118110236220472);
#3072=VECTOR('',#10973,0.108267716535433);
#3073=VECTOR('',#10986,0.0720472440944882);
#3074=VECTOR('',#10993,0.0118110236220472);
#3075=VECTOR('',#11004,0.0216535433070866);
#3076=VECTOR('',#11015,0.0118110236220472);
#3077=VECTOR('',#11026,0.0216535433070866);
#3078=VECTOR('',#11037,0.0118110236220472);
#3079=VECTOR('',#11048,0.0216535433070866);
#3080=VECTOR('',#11059,0.0118110236220472);
#3081=VECTOR('',#11070,0.0216535433070866);
#3082=VECTOR('',#11081,0.0118110236220472);
#3083=VECTOR('',#11092,0.0393700787401575);
#3084=VECTOR('',#11093,0.0393700787401575);
#3085=VECTOR('',#11094,0.0393700787401575);
#3086=VECTOR('',#11095,0.0393700787401575);
#3087=VECTOR('',#11098,0.0393700787401575);
#3088=VECTOR('',#11099,0.0393700787401575);
#3089=VECTOR('',#11100,0.0393700787401575);
#3090=VECTOR('',#11101,0.0393700787401575);
#3091=VECTOR('',#11104,0.0393700787401575);
#3092=VECTOR('',#11105,0.0393700787401575);
#3093=VECTOR('',#11108,0.0393700787401575);
#3094=VECTOR('',#11109,0.0393700787401575);
#3095=VECTOR('',#11118,0.0393700787401575);
#3096=VECTOR('',#11119,0.0393700787401575);
#3097=VECTOR('',#11120,0.0393700787401575);
#3098=VECTOR('',#11121,0.0393700787401575);
#3099=VECTOR('',#11124,0.0393700787401575);
#3100=VECTOR('',#11125,0.0393700787401575);
#3101=VECTOR('',#11126,0.0393700787401575);
#3102=VECTOR('',#11127,0.0393700787401575);
#3103=VECTOR('',#11130,0.0393700787401575);
#3104=VECTOR('',#11131,0.0393700787401575);
#3105=VECTOR('',#11134,0.0393700787401575);
#3106=VECTOR('',#11135,0.0393700787401575);
#3107=VECTOR('',#11142,0.0393700787401575);
#3108=VECTOR('',#11143,0.0393700787401575);
#3109=VECTOR('',#11144,0.0393700787401575);
#3110=VECTOR('',#11145,0.0393700787401575);
#3111=VECTOR('',#11148,0.0393700787401575);
#3112=VECTOR('',#11149,0.0393700787401575);
#3113=VECTOR('',#11150,0.0393700787401575);
#3114=VECTOR('',#11151,0.0393700787401575);
#3115=VECTOR('',#11154,0.0393700787401575);
#3116=VECTOR('',#11155,0.0393700787401575);
#3117=VECTOR('',#11158,0.0393700787401575);
#3118=VECTOR('',#11159,0.0393700787401575);
#3119=VECTOR('',#11166,0.0393700787401575);
#3120=VECTOR('',#11167,0.0393700787401575);
#3121=VECTOR('',#11168,0.0393700787401575);
#3122=VECTOR('',#11169,0.0393700787401575);
#3123=VECTOR('',#11172,0.0393700787401575);
#3124=VECTOR('',#11173,0.0393700787401575);
#3125=VECTOR('',#11174,0.0393700787401575);
#3126=VECTOR('',#11175,0.0393700787401575);
#3127=VECTOR('',#11178,0.0393700787401575);
#3128=VECTOR('',#11179,0.0393700787401575);
#3129=VECTOR('',#11182,0.0393700787401575);
#3130=VECTOR('',#11183,0.0393700787401575);
#3131=VECTOR('',#11190,0.0393700787401575);
#3132=VECTOR('',#11191,0.0393700787401575);
#3133=VECTOR('',#11192,0.0393700787401575);
#3134=VECTOR('',#11193,0.0393700787401575);
#3135=VECTOR('',#11196,0.0393700787401575);
#3136=VECTOR('',#11197,0.0393700787401575);
#3137=VECTOR('',#11198,0.0393700787401575);
#3138=VECTOR('',#11199,0.0393700787401575);
#3139=VECTOR('',#11202,0.0393700787401575);
#3140=VECTOR('',#11203,0.0393700787401575);
#3141=VECTOR('',#11206,0.0393700787401575);
#3142=VECTOR('',#11207,0.0393700787401575);
#3143=VECTOR('',#11214,0.0393700787401575);
#3144=VECTOR('',#11215,0.0393700787401575);
#3145=VECTOR('',#11216,0.0393700787401575);
#3146=VECTOR('',#11217,0.0393700787401575);
#3147=VECTOR('',#11220,0.0393700787401575);
#3148=VECTOR('',#11221,0.0393700787401575);
#3149=VECTOR('',#11222,0.0393700787401575);
#3150=VECTOR('',#11223,0.0393700787401575);
#3151=VECTOR('',#11226,0.0393700787401575);
#3152=VECTOR('',#11227,0.0393700787401575);
#3153=VECTOR('',#11230,0.0393700787401575);
#3154=VECTOR('',#11231,0.0393700787401575);
#3155=VECTOR('',#11238,0.0393700787401575);
#3156=VECTOR('',#11239,0.0393700787401575);
#3157=VECTOR('',#11240,0.0393700787401575);
#3158=VECTOR('',#11241,0.0393700787401575);
#3159=VECTOR('',#11244,0.0393700787401575);
#3160=VECTOR('',#11245,0.0393700787401575);
#3161=VECTOR('',#11246,0.0393700787401575);
#3162=VECTOR('',#11247,0.0393700787401575);
#3163=VECTOR('',#11250,0.0393700787401575);
#3164=VECTOR('',#11251,0.0393700787401575);
#3165=VECTOR('',#11254,0.0393700787401575);
#3166=VECTOR('',#11255,0.0393700787401575);
#3167=VECTOR('',#11262,0.0393700787401575);
#3168=VECTOR('',#11263,0.0393700787401575);
#3169=VECTOR('',#11264,0.0393700787401575);
#3170=VECTOR('',#11265,0.0393700787401575);
#3171=VECTOR('',#11268,0.0393700787401575);
#3172=VECTOR('',#11269,0.0393700787401575);
#3173=VECTOR('',#11270,0.0393700787401575);
#3174=VECTOR('',#11271,0.0393700787401575);
#3175=VECTOR('',#11274,0.0393700787401575);
#3176=VECTOR('',#11275,0.0393700787401575);
#3177=VECTOR('',#11278,0.0393700787401575);
#3178=VECTOR('',#11279,0.0393700787401575);
#3179=VECTOR('',#11286,0.0393700787401575);
#3180=VECTOR('',#11287,0.0393700787401575);
#3181=VECTOR('',#11288,0.0393700787401575);
#3182=VECTOR('',#11289,0.0393700787401575);
#3183=VECTOR('',#11292,0.0393700787401575);
#3184=VECTOR('',#11293,0.0393700787401575);
#3185=VECTOR('',#11294,0.0393700787401575);
#3186=VECTOR('',#11295,0.0393700787401575);
#3187=VECTOR('',#11298,0.0393700787401575);
#3188=VECTOR('',#11299,0.0393700787401575);
#3189=VECTOR('',#11302,0.0393700787401575);
#3190=VECTOR('',#11303,0.0393700787401575);
#3191=VECTOR('',#11310,0.0393700787401575);
#3192=VECTOR('',#11311,0.0393700787401575);
#3193=VECTOR('',#11312,0.0393700787401575);
#3194=VECTOR('',#11313,0.0393700787401575);
#3195=VECTOR('',#11316,0.0393700787401575);
#3196=VECTOR('',#11317,0.0393700787401575);
#3197=VECTOR('',#11318,0.0393700787401575);
#3198=VECTOR('',#11319,0.0393700787401575);
#3199=VECTOR('',#11322,0.0393700787401575);
#3200=VECTOR('',#11323,0.0393700787401575);
#3201=VECTOR('',#11326,0.0393700787401575);
#3202=VECTOR('',#11327,0.0393700787401575);
#3203=VECTOR('',#11334,0.0393700787401575);
#3204=VECTOR('',#11335,0.0393700787401575);
#3205=VECTOR('',#11336,0.0393700787401575);
#3206=VECTOR('',#11337,0.0393700787401575);
#3207=VECTOR('',#11340,0.0393700787401575);
#3208=VECTOR('',#11341,0.0393700787401575);
#3209=VECTOR('',#11342,0.0393700787401575);
#3210=VECTOR('',#11343,0.0393700787401575);
#3211=VECTOR('',#11346,0.0393700787401575);
#3212=VECTOR('',#11347,0.0393700787401575);
#3213=VECTOR('',#11350,0.0393700787401575);
#3214=VECTOR('',#11351,0.0393700787401575);
#3215=VECTOR('',#11358,0.0393700787401575);
#3216=VECTOR('',#11359,0.0393700787401575);
#3217=VECTOR('',#11360,0.0393700787401575);
#3218=VECTOR('',#11361,0.0393700787401575);
#3219=VECTOR('',#11364,0.0393700787401575);
#3220=VECTOR('',#11365,0.0393700787401575);
#3221=VECTOR('',#11366,0.0393700787401575);
#3222=VECTOR('',#11367,0.0393700787401575);
#3223=VECTOR('',#11370,0.0393700787401575);
#3224=VECTOR('',#11371,0.0393700787401575);
#3225=VECTOR('',#11374,0.0393700787401575);
#3226=VECTOR('',#11375,0.0393700787401575);
#3227=VECTOR('',#11382,0.0393700787401575);
#3228=VECTOR('',#11383,0.0393700787401575);
#3229=VECTOR('',#11384,0.0393700787401575);
#3230=VECTOR('',#11385,0.0393700787401575);
#3231=VECTOR('',#11388,0.0393700787401575);
#3232=VECTOR('',#11389,0.0393700787401575);
#3233=VECTOR('',#11390,0.0393700787401575);
#3234=VECTOR('',#11391,0.0393700787401575);
#3235=VECTOR('',#11394,0.0393700787401575);
#3236=VECTOR('',#11395,0.0393700787401575);
#3237=VECTOR('',#11398,0.0393700787401575);
#3238=VECTOR('',#11399,0.0393700787401575);
#3239=VECTOR('',#11406,0.0393700787401575);
#3240=VECTOR('',#11407,0.0393700787401575);
#3241=VECTOR('',#11408,0.0393700787401575);
#3242=VECTOR('',#11409,0.0393700787401575);
#3243=VECTOR('',#11412,0.0393700787401575);
#3244=VECTOR('',#11413,0.0393700787401575);
#3245=VECTOR('',#11414,0.0393700787401575);
#3246=VECTOR('',#11415,0.0393700787401575);
#3247=VECTOR('',#11418,0.0393700787401575);
#3248=VECTOR('',#11419,0.0393700787401575);
#3249=VECTOR('',#11422,0.0393700787401575);
#3250=VECTOR('',#11423,0.0393700787401575);
#3251=VECTOR('',#11430,0.0393700787401575);
#3252=VECTOR('',#11431,0.0393700787401575);
#3253=VECTOR('',#11432,0.0393700787401575);
#3254=VECTOR('',#11433,0.0393700787401575);
#3255=VECTOR('',#11436,0.0393700787401575);
#3256=VECTOR('',#11437,0.0393700787401575);
#3257=VECTOR('',#11438,0.0393700787401575);
#3258=VECTOR('',#11439,0.0393700787401575);
#3259=VECTOR('',#11442,0.0393700787401575);
#3260=VECTOR('',#11443,0.0393700787401575);
#3261=VECTOR('',#11446,0.0393700787401575);
#3262=VECTOR('',#11447,0.0393700787401575);
#3263=VECTOR('',#11454,0.0393700787401575);
#3264=VECTOR('',#11455,0.0393700787401575);
#3265=VECTOR('',#11456,0.0393700787401575);
#3266=VECTOR('',#11457,0.0393700787401575);
#3267=VECTOR('',#11460,0.0393700787401575);
#3268=VECTOR('',#11461,0.0393700787401575);
#3269=VECTOR('',#11462,0.0393700787401575);
#3270=VECTOR('',#11463,0.0393700787401575);
#3271=VECTOR('',#11466,0.0393700787401575);
#3272=VECTOR('',#11467,0.0393700787401575);
#3273=VECTOR('',#11470,0.0393700787401575);
#3274=VECTOR('',#11471,0.0393700787401575);
#3275=VECTOR('',#11478,0.0393700787401575);
#3276=VECTOR('',#11479,0.0393700787401575);
#3277=VECTOR('',#11480,0.0393700787401575);
#3278=VECTOR('',#11481,0.0393700787401575);
#3279=VECTOR('',#11484,0.0393700787401575);
#3280=VECTOR('',#11485,0.0393700787401575);
#3281=VECTOR('',#11486,0.0393700787401575);
#3282=VECTOR('',#11487,0.0393700787401575);
#3283=VECTOR('',#11490,0.0393700787401575);
#3284=VECTOR('',#11491,0.0393700787401575);
#3285=VECTOR('',#11494,0.0393700787401575);
#3286=VECTOR('',#11495,0.0393700787401575);
#3287=VECTOR('',#11502,0.0393700787401575);
#3288=VECTOR('',#11503,0.0393700787401575);
#3289=VECTOR('',#11504,0.0393700787401575);
#3290=VECTOR('',#11505,0.0393700787401575);
#3291=VECTOR('',#11508,0.0393700787401575);
#3292=VECTOR('',#11509,0.0393700787401575);
#3293=VECTOR('',#11510,0.0393700787401575);
#3294=VECTOR('',#11511,0.0393700787401575);
#3295=VECTOR('',#11514,0.0393700787401575);
#3296=VECTOR('',#11515,0.0393700787401575);
#3297=VECTOR('',#11518,0.0393700787401575);
#3298=VECTOR('',#11519,0.0393700787401575);
#3299=VECTOR('',#11526,0.0393700787401575);
#3300=VECTOR('',#11527,0.0393700787401575);
#3301=VECTOR('',#11528,0.0393700787401575);
#3302=VECTOR('',#11529,0.0393700787401575);
#3303=VECTOR('',#11532,0.0393700787401575);
#3304=VECTOR('',#11533,0.0393700787401575);
#3305=VECTOR('',#11534,0.0393700787401575);
#3306=VECTOR('',#11535,0.0393700787401575);
#3307=VECTOR('',#11538,0.0393700787401575);
#3308=VECTOR('',#11539,0.0393700787401575);
#3309=VECTOR('',#11542,0.0393700787401575);
#3310=VECTOR('',#11543,0.0393700787401575);
#3311=VECTOR('',#11550,0.0393700787401575);
#3312=VECTOR('',#11551,0.0393700787401575);
#3313=VECTOR('',#11552,0.0393700787401575);
#3314=VECTOR('',#11553,0.0393700787401575);
#3315=VECTOR('',#11556,0.0393700787401575);
#3316=VECTOR('',#11557,0.0393700787401575);
#3317=VECTOR('',#11558,0.0393700787401575);
#3318=VECTOR('',#11559,0.0393700787401575);
#3319=VECTOR('',#11562,0.0393700787401575);
#3320=VECTOR('',#11563,0.0393700787401575);
#3321=VECTOR('',#11566,0.0393700787401575);
#3322=VECTOR('',#11567,0.0393700787401575);
#3323=VECTOR('',#11574,0.0393700787401575);
#3324=VECTOR('',#11575,0.0393700787401575);
#3325=VECTOR('',#11576,0.0393700787401575);
#3326=VECTOR('',#11577,0.0393700787401575);
#3327=VECTOR('',#11580,0.0393700787401575);
#3328=VECTOR('',#11581,0.0393700787401575);
#3329=VECTOR('',#11582,0.0393700787401575);
#3330=VECTOR('',#11583,0.0393700787401575);
#3331=VECTOR('',#11586,0.0393700787401575);
#3332=VECTOR('',#11587,0.0393700787401575);
#3333=VECTOR('',#11590,0.0393700787401575);
#3334=VECTOR('',#11591,0.0393700787401575);
#3335=VECTOR('',#11598,0.0393700787401575);
#3336=VECTOR('',#11599,0.0393700787401575);
#3337=VECTOR('',#11600,0.0393700787401575);
#3338=VECTOR('',#11601,0.0393700787401575);
#3339=VECTOR('',#11604,0.0393700787401575);
#3340=VECTOR('',#11605,0.0393700787401575);
#3341=VECTOR('',#11606,0.0393700787401575);
#3342=VECTOR('',#11607,0.0393700787401575);
#3343=VECTOR('',#11610,0.0393700787401575);
#3344=VECTOR('',#11611,0.0393700787401575);
#3345=VECTOR('',#11614,0.0393700787401575);
#3346=VECTOR('',#11615,0.0393700787401575);
#3347=VECTOR('',#11622,0.0393700787401575);
#3348=VECTOR('',#11623,0.0393700787401575);
#3349=VECTOR('',#11624,0.0393700787401575);
#3350=VECTOR('',#11625,0.0393700787401575);
#3351=VECTOR('',#11628,0.0393700787401575);
#3352=VECTOR('',#11629,0.0393700787401575);
#3353=VECTOR('',#11630,0.0393700787401575);
#3354=VECTOR('',#11631,0.0393700787401575);
#3355=VECTOR('',#11634,0.0393700787401575);
#3356=VECTOR('',#11635,0.0393700787401575);
#3357=VECTOR('',#11638,0.0393700787401575);
#3358=VECTOR('',#11639,0.0393700787401575);
#3359=VECTOR('',#11646,0.0393700787401575);
#3360=VECTOR('',#11647,0.0393700787401575);
#3361=VECTOR('',#11648,0.0393700787401575);
#3362=VECTOR('',#11649,0.0393700787401575);
#3363=VECTOR('',#11652,0.0393700787401575);
#3364=VECTOR('',#11653,0.0393700787401575);
#3365=VECTOR('',#11654,0.0393700787401575);
#3366=VECTOR('',#11655,0.0393700787401575);
#3367=VECTOR('',#11658,0.0393700787401575);
#3368=VECTOR('',#11659,0.0393700787401575);
#3369=VECTOR('',#11662,0.0393700787401575);
#3370=VECTOR('',#11663,0.0393700787401575);
#3371=VECTOR('',#11670,0.0393700787401575);
#3372=VECTOR('',#11671,0.0393700787401575);
#3373=VECTOR('',#11672,0.0393700787401575);
#3374=VECTOR('',#11673,0.0393700787401575);
#3375=VECTOR('',#11676,0.0393700787401575);
#3376=VECTOR('',#11677,0.0393700787401575);
#3377=VECTOR('',#11678,0.0393700787401575);
#3378=VECTOR('',#11679,0.0393700787401575);
#3379=VECTOR('',#11682,0.0393700787401575);
#3380=VECTOR('',#11683,0.0393700787401575);
#3381=VECTOR('',#11686,0.0393700787401575);
#3382=VECTOR('',#11687,0.0393700787401575);
#3383=VERTEX_POINT('',#11741);
#3384=VERTEX_POINT('',#11742);
#3385=VERTEX_POINT('',#11744);
#3386=VERTEX_POINT('',#11746);
#3387=VERTEX_POINT('',#11750);
#3388=VERTEX_POINT('',#11752);
#3389=VERTEX_POINT('',#11756);
#3390=VERTEX_POINT('',#11759);
#3391=VERTEX_POINT('',#11761);
#3392=VERTEX_POINT('',#11763);
#3393=VERTEX_POINT('',#11765);
#3394=VERTEX_POINT('',#11767);
#3395=VERTEX_POINT('',#11769);
#3396=VERTEX_POINT('',#11771);
#3397=VERTEX_POINT('',#11773);
#3398=VERTEX_POINT('',#11775);
#3399=VERTEX_POINT('',#11777);
#3400=VERTEX_POINT('',#11779);
#3401=VERTEX_POINT('',#11781);
#3402=VERTEX_POINT('',#11783);
#3403=VERTEX_POINT('',#11785);
#3404=VERTEX_POINT('',#11787);
#3405=VERTEX_POINT('',#11789);
#3406=VERTEX_POINT('',#11791);
#3407=VERTEX_POINT('',#11793);
#3408=VERTEX_POINT('',#11795);
#3409=VERTEX_POINT('',#11797);
#3410=VERTEX_POINT('',#11799);
#3411=VERTEX_POINT('',#11801);
#3412=VERTEX_POINT('',#11803);
#3413=VERTEX_POINT('',#11805);
#3414=VERTEX_POINT('',#11807);
#3415=VERTEX_POINT('',#11809);
#3416=VERTEX_POINT('',#11811);
#3417=VERTEX_POINT('',#11813);
#3418=VERTEX_POINT('',#11815);
#3419=VERTEX_POINT('',#11817);
#3420=VERTEX_POINT('',#11819);
#3421=VERTEX_POINT('',#11821);
#3422=VERTEX_POINT('',#11823);
#3423=VERTEX_POINT('',#11825);
#3424=VERTEX_POINT('',#11827);
#3425=VERTEX_POINT('',#11829);
#3426=VERTEX_POINT('',#11831);
#3427=VERTEX_POINT('',#11833);
#3428=VERTEX_POINT('',#11835);
#3429=VERTEX_POINT('',#11837);
#3430=VERTEX_POINT('',#11839);
#3431=VERTEX_POINT('',#11841);
#3432=VERTEX_POINT('',#11843);
#3433=VERTEX_POINT('',#11845);
#3434=VERTEX_POINT('',#11847);
#3435=VERTEX_POINT('',#11849);
#3436=VERTEX_POINT('',#11852);
#3437=VERTEX_POINT('',#11857);
#3438=VERTEX_POINT('',#11859);
#3439=VERTEX_POINT('',#11861);
#3440=VERTEX_POINT('',#11863);
#3441=VERTEX_POINT('',#11865);
#3442=VERTEX_POINT('',#11867);
#3443=VERTEX_POINT('',#11869);
#3444=VERTEX_POINT('',#11871);
#3445=VERTEX_POINT('',#11873);
#3446=VERTEX_POINT('',#11875);
#3447=VERTEX_POINT('',#11877);
#3448=VERTEX_POINT('',#11879);
#3449=VERTEX_POINT('',#11881);
#3450=VERTEX_POINT('',#11883);
#3451=VERTEX_POINT('',#11885);
#3452=VERTEX_POINT('',#11887);
#3453=VERTEX_POINT('',#11889);
#3454=VERTEX_POINT('',#11891);
#3455=VERTEX_POINT('',#11893);
#3456=VERTEX_POINT('',#11895);
#3457=VERTEX_POINT('',#11897);
#3458=VERTEX_POINT('',#11899);
#3459=VERTEX_POINT('',#11901);
#3460=VERTEX_POINT('',#11903);
#3461=VERTEX_POINT('',#11905);
#3462=VERTEX_POINT('',#11907);
#3463=VERTEX_POINT('',#11909);
#3464=VERTEX_POINT('',#11911);
#3465=VERTEX_POINT('',#11913);
#3466=VERTEX_POINT('',#11915);
#3467=VERTEX_POINT('',#11917);
#3468=VERTEX_POINT('',#11919);
#3469=VERTEX_POINT('',#11921);
#3470=VERTEX_POINT('',#11923);
#3471=VERTEX_POINT('',#11925);
#3472=VERTEX_POINT('',#11927);
#3473=VERTEX_POINT('',#11928);
#3474=VERTEX_POINT('',#11930);
#3475=VERTEX_POINT('',#11932);
#3476=VERTEX_POINT('',#11934);
#3477=VERTEX_POINT('',#11936);
#3478=VERTEX_POINT('',#11938);
#3479=VERTEX_POINT('',#11940);
#3480=VERTEX_POINT('',#11943);
#3481=VERTEX_POINT('',#11945);
#3482=VERTEX_POINT('',#11947);
#3483=VERTEX_POINT('',#11949);
#3484=VERTEX_POINT('',#11951);
#3485=VERTEX_POINT('',#11953);
#3486=VERTEX_POINT('',#11955);
#3487=VERTEX_POINT('',#11957);
#3488=VERTEX_POINT('',#11959);
#3489=VERTEX_POINT('',#11961);
#3490=VERTEX_POINT('',#11963);
#3491=VERTEX_POINT('',#12059);
#3492=VERTEX_POINT('',#12060);
#3493=VERTEX_POINT('',#12065);
#3494=VERTEX_POINT('',#12069);
#3495=VERTEX_POINT('',#12073);
#3496=VERTEX_POINT('',#12077);
#3497=VERTEX_POINT('',#12081);
#3498=VERTEX_POINT('',#12085);
#3499=VERTEX_POINT('',#12091);
#3500=VERTEX_POINT('',#12095);
#3501=VERTEX_POINT('',#12097);
#3502=VERTEX_POINT('',#12101);
#3503=VERTEX_POINT('',#12105);
#3504=VERTEX_POINT('',#12107);
#3505=VERTEX_POINT('',#12111);
#3506=VERTEX_POINT('',#12115);
#3507=VERTEX_POINT('',#12117);
#3508=VERTEX_POINT('',#12121);
#3509=VERTEX_POINT('',#12125);
#3510=VERTEX_POINT('',#12127);
#3511=VERTEX_POINT('',#12157);
#3512=VERTEX_POINT('',#12158);
#3513=VERTEX_POINT('',#12160);
#3514=VERTEX_POINT('',#12162);
#3515=VERTEX_POINT('',#12166);
#3516=VERTEX_POINT('',#12167);
#3517=VERTEX_POINT('',#12169);
#3518=VERTEX_POINT('',#12171);
#3519=VERTEX_POINT('',#12184);
#3520=VERTEX_POINT('',#12185);
#3521=VERTEX_POINT('',#12187);
#3522=VERTEX_POINT('',#12189);
#3523=VERTEX_POINT('',#12193);
#3524=VERTEX_POINT('',#12194);
#3525=VERTEX_POINT('',#12196);
#3526=VERTEX_POINT('',#12198);
#3527=VERTEX_POINT('',#12211);
#3528=VERTEX_POINT('',#12212);
#3529=VERTEX_POINT('',#12214);
#3530=VERTEX_POINT('',#12216);
#3531=VERTEX_POINT('',#12220);
#3532=VERTEX_POINT('',#12221);
#3533=VERTEX_POINT('',#12223);
#3534=VERTEX_POINT('',#12225);
#3535=VERTEX_POINT('',#12238);
#3536=VERTEX_POINT('',#12239);
#3537=VERTEX_POINT('',#12241);
#3538=VERTEX_POINT('',#12243);
#3539=VERTEX_POINT('',#12247);
#3540=VERTEX_POINT('',#12248);
#3541=VERTEX_POINT('',#12250);
#3542=VERTEX_POINT('',#12252);
#3543=VERTEX_POINT('',#12265);
#3544=VERTEX_POINT('',#12266);
#3545=VERTEX_POINT('',#12268);
#3546=VERTEX_POINT('',#12270);
#3547=VERTEX_POINT('',#12274);
#3548=VERTEX_POINT('',#12275);
#3549=VERTEX_POINT('',#12277);
#3550=VERTEX_POINT('',#12279);
#3551=VERTEX_POINT('',#12292);
#3552=VERTEX_POINT('',#12293);
#3553=VERTEX_POINT('',#12295);
#3554=VERTEX_POINT('',#12297);
#3555=VERTEX_POINT('',#12301);
#3556=VERTEX_POINT('',#12302);
#3557=VERTEX_POINT('',#12304);
#3558=VERTEX_POINT('',#12306);
#3559=VERTEX_POINT('',#12319);
#3560=VERTEX_POINT('',#12320);
#3561=VERTEX_POINT('',#12322);
#3562=VERTEX_POINT('',#12324);
#3563=VERTEX_POINT('',#12328);
#3564=VERTEX_POINT('',#12329);
#3565=VERTEX_POINT('',#12331);
#3566=VERTEX_POINT('',#12333);
#3567=VERTEX_POINT('',#12346);
#3568=VERTEX_POINT('',#12348);
#3569=VERTEX_POINT('',#12352);
#3570=VERTEX_POINT('',#12356);
#3571=VERTEX_POINT('',#12361);
#3572=VERTEX_POINT('',#12363);
#3573=VERTEX_POINT('',#12369);
#3574=VERTEX_POINT('',#12371);
#3575=VERTEX_POINT('',#12377);
#3576=VERTEX_POINT('',#12379);
#3577=VERTEX_POINT('',#12385);
#3578=VERTEX_POINT('',#12387);
#3579=VERTEX_POINT('',#12393);
#3580=VERTEX_POINT('',#12395);
#3581=VERTEX_POINT('',#12401);
#3582=VERTEX_POINT('',#12403);
#3583=VERTEX_POINT('',#12409);
#3584=VERTEX_POINT('',#12411);
#3585=VERTEX_POINT('',#12417);
#3586=VERTEX_POINT('',#12419);
#3587=VERTEX_POINT('',#12425);
#3588=VERTEX_POINT('',#12427);
#3589=VERTEX_POINT('',#12434);
#3590=VERTEX_POINT('',#12435);
#3591=VERTEX_POINT('',#12437);
#3592=VERTEX_POINT('',#12439);
#3593=VERTEX_POINT('',#12443);
#3594=VERTEX_POINT('',#12444);
#3595=VERTEX_POINT('',#12446);
#3596=VERTEX_POINT('',#12448);
#3597=VERTEX_POINT('',#12461);
#3598=VERTEX_POINT('',#12463);
#3599=VERTEX_POINT('',#12467);
#3600=VERTEX_POINT('',#12471);
#3601=VERTEX_POINT('',#12476);
#3602=VERTEX_POINT('',#12478);
#3603=VERTEX_POINT('',#12484);
#3604=VERTEX_POINT('',#12486);
#3605=VERTEX_POINT('',#12492);
#3606=VERTEX_POINT('',#12494);
#3607=VERTEX_POINT('',#12500);
#3608=VERTEX_POINT('',#12502);
#3609=VERTEX_POINT('',#12508);
#3610=VERTEX_POINT('',#12510);
#3611=VERTEX_POINT('',#12516);
#3612=VERTEX_POINT('',#12518);
#3613=VERTEX_POINT('',#12524);
#3614=VERTEX_POINT('',#12526);
#3615=VERTEX_POINT('',#12532);
#3616=VERTEX_POINT('',#12534);
#3617=VERTEX_POINT('',#12540);
#3618=VERTEX_POINT('',#12542);
#3619=VERTEX_POINT('',#12549);
#3620=VERTEX_POINT('',#12550);
#3621=VERTEX_POINT('',#12552);
#3622=VERTEX_POINT('',#12554);
#3623=VERTEX_POINT('',#12558);
#3624=VERTEX_POINT('',#12559);
#3625=VERTEX_POINT('',#12561);
#3626=VERTEX_POINT('',#12563);
#3627=VERTEX_POINT('',#12576);
#3628=VERTEX_POINT('',#12577);
#3629=VERTEX_POINT('',#12579);
#3630=VERTEX_POINT('',#12581);
#3631=VERTEX_POINT('',#12585);
#3632=VERTEX_POINT('',#12586);
#3633=VERTEX_POINT('',#12588);
#3634=VERTEX_POINT('',#12590);
#3635=VERTEX_POINT('',#12603);
#3636=VERTEX_POINT('',#12604);
#3637=VERTEX_POINT('',#12606);
#3638=VERTEX_POINT('',#12608);
#3639=VERTEX_POINT('',#12612);
#3640=VERTEX_POINT('',#12613);
#3641=VERTEX_POINT('',#12615);
#3642=VERTEX_POINT('',#12617);
#3643=VERTEX_POINT('',#12630);
#3644=VERTEX_POINT('',#12631);
#3645=VERTEX_POINT('',#12633);
#3646=VERTEX_POINT('',#12635);
#3647=VERTEX_POINT('',#12639);
#3648=VERTEX_POINT('',#12640);
#3649=VERTEX_POINT('',#12642);
#3650=VERTEX_POINT('',#12644);
#3651=VERTEX_POINT('',#12657);
#3652=VERTEX_POINT('',#12659);
#3653=VERTEX_POINT('',#12663);
#3654=VERTEX_POINT('',#12667);
#3655=VERTEX_POINT('',#12672);
#3656=VERTEX_POINT('',#12674);
#3657=VERTEX_POINT('',#12680);
#3658=VERTEX_POINT('',#12682);
#3659=VERTEX_POINT('',#12688);
#3660=VERTEX_POINT('',#12690);
#3661=VERTEX_POINT('',#12696);
#3662=VERTEX_POINT('',#12698);
#3663=VERTEX_POINT('',#12704);
#3664=VERTEX_POINT('',#12706);
#3665=VERTEX_POINT('',#12712);
#3666=VERTEX_POINT('',#12714);
#3667=VERTEX_POINT('',#12720);
#3668=VERTEX_POINT('',#12722);
#3669=VERTEX_POINT('',#12728);
#3670=VERTEX_POINT('',#12730);
#3671=VERTEX_POINT('',#12736);
#3672=VERTEX_POINT('',#12738);
#3673=VERTEX_POINT('',#12745);
#3674=VERTEX_POINT('',#12747);
#3675=VERTEX_POINT('',#12751);
#3676=VERTEX_POINT('',#12755);
#3677=VERTEX_POINT('',#12760);
#3678=VERTEX_POINT('',#12762);
#3679=VERTEX_POINT('',#12768);
#3680=VERTEX_POINT('',#12770);
#3681=VERTEX_POINT('',#12776);
#3682=VERTEX_POINT('',#12778);
#3683=VERTEX_POINT('',#12784);
#3684=VERTEX_POINT('',#12786);
#3685=VERTEX_POINT('',#12792);
#3686=VERTEX_POINT('',#12794);
#3687=VERTEX_POINT('',#12800);
#3688=VERTEX_POINT('',#12802);
#3689=VERTEX_POINT('',#12808);
#3690=VERTEX_POINT('',#12810);
#3691=VERTEX_POINT('',#12816);
#3692=VERTEX_POINT('',#12818);
#3693=VERTEX_POINT('',#12824);
#3694=VERTEX_POINT('',#12826);
#3695=VERTEX_POINT('',#12833);
#3696=VERTEX_POINT('',#12835);
#3697=VERTEX_POINT('',#12839);
#3698=VERTEX_POINT('',#12843);
#3699=VERTEX_POINT('',#12848);
#3700=VERTEX_POINT('',#12850);
#3701=VERTEX_POINT('',#12856);
#3702=VERTEX_POINT('',#12858);
#3703=VERTEX_POINT('',#12864);
#3704=VERTEX_POINT('',#12866);
#3705=VERTEX_POINT('',#12872);
#3706=VERTEX_POINT('',#12874);
#3707=VERTEX_POINT('',#12880);
#3708=VERTEX_POINT('',#12882);
#3709=VERTEX_POINT('',#12888);
#3710=VERTEX_POINT('',#12890);
#3711=VERTEX_POINT('',#12896);
#3712=VERTEX_POINT('',#12898);
#3713=VERTEX_POINT('',#12904);
#3714=VERTEX_POINT('',#12906);
#3715=VERTEX_POINT('',#12912);
#3716=VERTEX_POINT('',#12914);
#3717=VERTEX_POINT('',#12921);
#3718=VERTEX_POINT('',#12923);
#3719=VERTEX_POINT('',#12927);
#3720=VERTEX_POINT('',#12931);
#3721=VERTEX_POINT('',#12936);
#3722=VERTEX_POINT('',#12938);
#3723=VERTEX_POINT('',#12944);
#3724=VERTEX_POINT('',#12946);
#3725=VERTEX_POINT('',#12952);
#3726=VERTEX_POINT('',#12954);
#3727=VERTEX_POINT('',#12960);
#3728=VERTEX_POINT('',#12962);
#3729=VERTEX_POINT('',#12968);
#3730=VERTEX_POINT('',#12970);
#3731=VERTEX_POINT('',#12976);
#3732=VERTEX_POINT('',#12978);
#3733=VERTEX_POINT('',#12984);
#3734=VERTEX_POINT('',#12986);
#3735=VERTEX_POINT('',#12992);
#3736=VERTEX_POINT('',#12994);
#3737=VERTEX_POINT('',#13000);
#3738=VERTEX_POINT('',#13002);
#3739=VERTEX_POINT('',#13009);
#3740=VERTEX_POINT('',#13011);
#3741=VERTEX_POINT('',#13015);
#3742=VERTEX_POINT('',#13019);
#3743=VERTEX_POINT('',#13024);
#3744=VERTEX_POINT('',#13026);
#3745=VERTEX_POINT('',#13032);
#3746=VERTEX_POINT('',#13034);
#3747=VERTEX_POINT('',#13040);
#3748=VERTEX_POINT('',#13042);
#3749=VERTEX_POINT('',#13048);
#3750=VERTEX_POINT('',#13050);
#3751=VERTEX_POINT('',#13056);
#3752=VERTEX_POINT('',#13058);
#3753=VERTEX_POINT('',#13064);
#3754=VERTEX_POINT('',#13066);
#3755=VERTEX_POINT('',#13072);
#3756=VERTEX_POINT('',#13074);
#3757=VERTEX_POINT('',#13080);
#3758=VERTEX_POINT('',#13082);
#3759=VERTEX_POINT('',#13088);
#3760=VERTEX_POINT('',#13090);
#3761=VERTEX_POINT('',#13097);
#3762=VERTEX_POINT('',#13099);
#3763=VERTEX_POINT('',#13103);
#3764=VERTEX_POINT('',#13107);
#3765=VERTEX_POINT('',#13112);
#3766=VERTEX_POINT('',#13114);
#3767=VERTEX_POINT('',#13120);
#3768=VERTEX_POINT('',#13122);
#3769=VERTEX_POINT('',#13128);
#3770=VERTEX_POINT('',#13130);
#3771=VERTEX_POINT('',#13136);
#3772=VERTEX_POINT('',#13138);
#3773=VERTEX_POINT('',#13144);
#3774=VERTEX_POINT('',#13146);
#3775=VERTEX_POINT('',#13152);
#3776=VERTEX_POINT('',#13154);
#3777=VERTEX_POINT('',#13160);
#3778=VERTEX_POINT('',#13162);
#3779=VERTEX_POINT('',#13168);
#3780=VERTEX_POINT('',#13170);
#3781=VERTEX_POINT('',#13176);
#3782=VERTEX_POINT('',#13178);
#3783=VERTEX_POINT('',#13185);
#3784=VERTEX_POINT('',#13186);
#3785=VERTEX_POINT('',#13188);
#3786=VERTEX_POINT('',#13190);
#3787=VERTEX_POINT('',#13194);
#3788=VERTEX_POINT('',#13195);
#3789=VERTEX_POINT('',#13197);
#3790=VERTEX_POINT('',#13199);
#3791=VERTEX_POINT('',#13212);
#3792=VERTEX_POINT('',#13213);
#3793=VERTEX_POINT('',#13215);
#3794=VERTEX_POINT('',#13217);
#3795=VERTEX_POINT('',#13221);
#3796=VERTEX_POINT('',#13222);
#3797=VERTEX_POINT('',#13224);
#3798=VERTEX_POINT('',#13226);
#3799=VERTEX_POINT('',#13238);
#3800=VERTEX_POINT('',#13239);
#3801=VERTEX_POINT('',#13241);
#3802=VERTEX_POINT('',#13243);
#3803=VERTEX_POINT('',#13247);
#3804=VERTEX_POINT('',#13248);
#3805=VERTEX_POINT('',#13250);
#3806=VERTEX_POINT('',#13252);
#3807=VERTEX_POINT('',#13264);
#3808=VERTEX_POINT('',#13265);
#3809=VERTEX_POINT('',#13267);
#3810=VERTEX_POINT('',#13269);
#3811=VERTEX_POINT('',#13273);
#3812=VERTEX_POINT('',#13274);
#3813=VERTEX_POINT('',#13276);
#3814=VERTEX_POINT('',#13278);
#3815=VERTEX_POINT('',#13290);
#3816=VERTEX_POINT('',#13291);
#3817=VERTEX_POINT('',#13293);
#3818=VERTEX_POINT('',#13295);
#3819=VERTEX_POINT('',#13299);
#3820=VERTEX_POINT('',#13300);
#3821=VERTEX_POINT('',#13302);
#3822=VERTEX_POINT('',#13304);
#3823=VERTEX_POINT('',#13316);
#3824=VERTEX_POINT('',#13317);
#3825=VERTEX_POINT('',#13319);
#3826=VERTEX_POINT('',#13321);
#3827=VERTEX_POINT('',#13325);
#3828=VERTEX_POINT('',#13326);
#3829=VERTEX_POINT('',#13328);
#3830=VERTEX_POINT('',#13330);
#3831=VERTEX_POINT('',#13342);
#3832=VERTEX_POINT('',#13343);
#3833=VERTEX_POINT('',#13345);
#3834=VERTEX_POINT('',#13347);
#3835=VERTEX_POINT('',#13351);
#3836=VERTEX_POINT('',#13352);
#3837=VERTEX_POINT('',#13354);
#3838=VERTEX_POINT('',#13356);
#3839=VERTEX_POINT('',#13368);
#3840=VERTEX_POINT('',#13369);
#3841=VERTEX_POINT('',#13371);
#3842=VERTEX_POINT('',#13373);
#3843=VERTEX_POINT('',#13377);
#3844=VERTEX_POINT('',#13378);
#3845=VERTEX_POINT('',#13380);
#3846=VERTEX_POINT('',#13382);
#3847=VERTEX_POINT('',#13394);
#3848=VERTEX_POINT('',#13395);
#3849=VERTEX_POINT('',#13397);
#3850=VERTEX_POINT('',#13399);
#3851=VERTEX_POINT('',#13403);
#3852=VERTEX_POINT('',#13404);
#3853=VERTEX_POINT('',#13406);
#3854=VERTEX_POINT('',#13408);
#3855=VERTEX_POINT('',#13420);
#3856=VERTEX_POINT('',#13421);
#3857=VERTEX_POINT('',#13423);
#3858=VERTEX_POINT('',#13425);
#3859=VERTEX_POINT('',#13429);
#3860=VERTEX_POINT('',#13430);
#3861=VERTEX_POINT('',#13432);
#3862=VERTEX_POINT('',#13434);
#3863=VERTEX_POINT('',#13446);
#3864=VERTEX_POINT('',#13447);
#3865=VERTEX_POINT('',#13449);
#3866=VERTEX_POINT('',#13451);
#3867=VERTEX_POINT('',#13455);
#3868=VERTEX_POINT('',#13456);
#3869=VERTEX_POINT('',#13458);
#3870=VERTEX_POINT('',#13460);
#3871=VERTEX_POINT('',#13472);
#3872=VERTEX_POINT('',#13473);
#3873=VERTEX_POINT('',#13475);
#3874=VERTEX_POINT('',#13477);
#3875=VERTEX_POINT('',#13481);
#3876=VERTEX_POINT('',#13482);
#3877=VERTEX_POINT('',#13484);
#3878=VERTEX_POINT('',#13486);
#3879=VERTEX_POINT('',#13498);
#3880=VERTEX_POINT('',#13499);
#3881=VERTEX_POINT('',#13501);
#3882=VERTEX_POINT('',#13503);
#3883=VERTEX_POINT('',#13507);
#3884=VERTEX_POINT('',#13508);
#3885=VERTEX_POINT('',#13510);
#3886=VERTEX_POINT('',#13512);
#3887=VERTEX_POINT('',#13524);
#3888=VERTEX_POINT('',#13525);
#3889=VERTEX_POINT('',#13527);
#3890=VERTEX_POINT('',#13529);
#3891=VERTEX_POINT('',#13533);
#3892=VERTEX_POINT('',#13534);
#3893=VERTEX_POINT('',#13536);
#3894=VERTEX_POINT('',#13538);
#3895=VERTEX_POINT('',#13550);
#3896=VERTEX_POINT('',#13551);
#3897=VERTEX_POINT('',#13553);
#3898=VERTEX_POINT('',#13555);
#3899=VERTEX_POINT('',#13559);
#3900=VERTEX_POINT('',#13560);
#3901=VERTEX_POINT('',#13562);
#3902=VERTEX_POINT('',#13564);
#3903=VERTEX_POINT('',#13576);
#3904=VERTEX_POINT('',#13577);
#3905=VERTEX_POINT('',#13579);
#3906=VERTEX_POINT('',#13581);
#3907=VERTEX_POINT('',#13585);
#3908=VERTEX_POINT('',#13586);
#3909=VERTEX_POINT('',#13588);
#3910=VERTEX_POINT('',#13590);
#3911=VERTEX_POINT('',#13602);
#3912=VERTEX_POINT('',#13603);
#3913=VERTEX_POINT('',#13605);
#3914=VERTEX_POINT('',#13607);
#3915=VERTEX_POINT('',#13611);
#3916=VERTEX_POINT('',#13612);
#3917=VERTEX_POINT('',#13614);
#3918=VERTEX_POINT('',#13616);
#3919=VERTEX_POINT('',#13628);
#3920=VERTEX_POINT('',#13629);
#3921=VERTEX_POINT('',#13631);
#3922=VERTEX_POINT('',#13633);
#3923=VERTEX_POINT('',#13637);
#3924=VERTEX_POINT('',#13638);
#3925=VERTEX_POINT('',#13640);
#3926=VERTEX_POINT('',#13642);
#3927=VERTEX_POINT('',#13654);
#3928=VERTEX_POINT('',#13655);
#3929=VERTEX_POINT('',#13657);
#3930=VERTEX_POINT('',#13659);
#3931=VERTEX_POINT('',#13663);
#3932=VERTEX_POINT('',#13664);
#3933=VERTEX_POINT('',#13666);
#3934=VERTEX_POINT('',#13668);
#3935=VERTEX_POINT('',#13680);
#3936=VERTEX_POINT('',#13681);
#3937=VERTEX_POINT('',#13683);
#3938=VERTEX_POINT('',#13685);
#3939=VERTEX_POINT('',#13689);
#3940=VERTEX_POINT('',#13690);
#3941=VERTEX_POINT('',#13692);
#3942=VERTEX_POINT('',#13694);
#3943=VERTEX_POINT('',#13706);
#3944=VERTEX_POINT('',#13707);
#3945=VERTEX_POINT('',#13709);
#3946=VERTEX_POINT('',#13711);
#3947=VERTEX_POINT('',#13715);
#3948=VERTEX_POINT('',#13716);
#3949=VERTEX_POINT('',#13718);
#3950=VERTEX_POINT('',#13720);
#3951=VERTEX_POINT('',#13732);
#3952=VERTEX_POINT('',#13733);
#3953=VERTEX_POINT('',#13735);
#3954=VERTEX_POINT('',#13737);
#3955=VERTEX_POINT('',#13741);
#3956=VERTEX_POINT('',#13742);
#3957=VERTEX_POINT('',#13744);
#3958=VERTEX_POINT('',#13746);
#3959=VERTEX_POINT('',#13758);
#3960=VERTEX_POINT('',#13759);
#3961=VERTEX_POINT('',#13761);
#3962=VERTEX_POINT('',#13763);
#3963=VERTEX_POINT('',#13767);
#3964=VERTEX_POINT('',#13768);
#3965=VERTEX_POINT('',#13770);
#3966=VERTEX_POINT('',#13772);
#3967=VERTEX_POINT('',#13784);
#3968=VERTEX_POINT('',#13785);
#3969=VERTEX_POINT('',#13787);
#3970=VERTEX_POINT('',#13789);
#3971=VERTEX_POINT('',#13793);
#3972=VERTEX_POINT('',#13794);
#3973=VERTEX_POINT('',#13796);
#3974=VERTEX_POINT('',#13798);
#3975=VERTEX_POINT('',#13810);
#3976=VERTEX_POINT('',#13811);
#3977=VERTEX_POINT('',#13813);
#3978=VERTEX_POINT('',#13815);
#3979=VERTEX_POINT('',#13819);
#3980=VERTEX_POINT('',#13820);
#3981=VERTEX_POINT('',#13822);
#3982=VERTEX_POINT('',#13824);
#3983=EDGE_CURVE('',#3383,#3384,#2131,.T.);
#3984=EDGE_CURVE('',#3384,#3385,#2132,.T.);
#3985=EDGE_CURVE('',#3386,#3385,#2133,.T.);
#3986=EDGE_CURVE('',#3383,#3386,#2134,.T.);
#3987=EDGE_CURVE('',#3383,#3387,#2135,.T.);
#3988=EDGE_CURVE('',#3387,#3388,#2136,.T.);
#3989=EDGE_CURVE('',#3384,#3388,#2137,.T.);
#3990=EDGE_CURVE('',#3388,#3389,#2138,.T.);
#3991=EDGE_CURVE('',#3385,#3389,#2139,.T.);
#3992=EDGE_CURVE('',#3390,#3390,#624,.T.);
#3993=EDGE_CURVE('',#3391,#3391,#625,.T.);
#3994=EDGE_CURVE('',#3392,#3392,#626,.T.);
#3995=EDGE_CURVE('',#3393,#3393,#627,.T.);
#3996=EDGE_CURVE('',#3394,#3394,#628,.T.);
#3997=EDGE_CURVE('',#3395,#3395,#629,.T.);
#3998=EDGE_CURVE('',#3396,#3396,#630,.T.);
#3999=EDGE_CURVE('',#3397,#3397,#631,.T.);
#4000=EDGE_CURVE('',#3398,#3398,#632,.T.);
#4001=EDGE_CURVE('',#3399,#3399,#633,.T.);
#4002=EDGE_CURVE('',#3400,#3400,#634,.T.);
#4003=EDGE_CURVE('',#3401,#3401,#635,.T.);
#4004=EDGE_CURVE('',#3402,#3402,#636,.T.);
#4005=EDGE_CURVE('',#3403,#3403,#637,.T.);
#4006=EDGE_CURVE('',#3404,#3404,#638,.T.);
#4007=EDGE_CURVE('',#3405,#3405,#639,.T.);
#4008=EDGE_CURVE('',#3406,#3406,#640,.T.);
#4009=EDGE_CURVE('',#3407,#3407,#641,.T.);
#4010=EDGE_CURVE('',#3408,#3408,#642,.T.);
#4011=EDGE_CURVE('',#3409,#3409,#643,.T.);
#4012=EDGE_CURVE('',#3410,#3410,#644,.T.);
#4013=EDGE_CURVE('',#3411,#3411,#645,.T.);
#4014=EDGE_CURVE('',#3412,#3412,#646,.T.);
#4015=EDGE_CURVE('',#3413,#3413,#647,.T.);
#4016=EDGE_CURVE('',#3414,#3414,#648,.T.);
#4017=EDGE_CURVE('',#3415,#3415,#649,.T.);
#4018=EDGE_CURVE('',#3416,#3416,#650,.T.);
#4019=EDGE_CURVE('',#3417,#3417,#651,.T.);
#4020=EDGE_CURVE('',#3418,#3418,#652,.T.);
#4021=EDGE_CURVE('',#3419,#3419,#653,.T.);
#4022=EDGE_CURVE('',#3420,#3420,#654,.T.);
#4023=EDGE_CURVE('',#3421,#3421,#655,.T.);
#4024=EDGE_CURVE('',#3422,#3422,#656,.T.);
#4025=EDGE_CURVE('',#3423,#3423,#657,.T.);
#4026=EDGE_CURVE('',#3424,#3424,#658,.T.);
#4027=EDGE_CURVE('',#3425,#3425,#659,.T.);
#4028=EDGE_CURVE('',#3426,#3426,#660,.T.);
#4029=EDGE_CURVE('',#3427,#3427,#661,.T.);
#4030=EDGE_CURVE('',#3428,#3428,#662,.T.);
#4031=EDGE_CURVE('',#3429,#3429,#663,.T.);
#4032=EDGE_CURVE('',#3430,#3430,#664,.T.);
#4033=EDGE_CURVE('',#3431,#3431,#665,.T.);
#4034=EDGE_CURVE('',#3432,#3432,#666,.T.);
#4035=EDGE_CURVE('',#3433,#3433,#667,.T.);
#4036=EDGE_CURVE('',#3434,#3434,#668,.T.);
#4037=EDGE_CURVE('',#3435,#3435,#669,.T.);
#4038=EDGE_CURVE('',#3386,#3436,#2140,.T.);
#4039=EDGE_CURVE('',#3436,#3389,#2141,.T.);
#4040=EDGE_CURVE('',#3387,#3436,#2142,.T.);
#4041=EDGE_CURVE('',#3437,#3437,#670,.T.);
#4042=EDGE_CURVE('',#3438,#3438,#671,.T.);
#4043=EDGE_CURVE('',#3439,#3439,#672,.T.);
#4044=EDGE_CURVE('',#3440,#3440,#673,.T.);
#4045=EDGE_CURVE('',#3441,#3441,#674,.T.);
#4046=EDGE_CURVE('',#3442,#3442,#675,.T.);
#4047=EDGE_CURVE('',#3443,#3443,#676,.T.);
#4048=EDGE_CURVE('',#3444,#3444,#677,.T.);
#4049=EDGE_CURVE('',#3445,#3445,#678,.T.);
#4050=EDGE_CURVE('',#3446,#3446,#679,.T.);
#4051=EDGE_CURVE('',#3447,#3447,#680,.T.);
#4052=EDGE_CURVE('',#3448,#3448,#681,.T.);
#4053=EDGE_CURVE('',#3449,#3449,#682,.T.);
#4054=EDGE_CURVE('',#3450,#3450,#683,.T.);
#4055=EDGE_CURVE('',#3451,#3451,#684,.T.);
#4056=EDGE_CURVE('',#3452,#3452,#685,.T.);
#4057=EDGE_CURVE('',#3453,#3453,#686,.T.);
#4058=EDGE_CURVE('',#3454,#3454,#687,.T.);
#4059=EDGE_CURVE('',#3455,#3455,#688,.T.);
#4060=EDGE_CURVE('',#3456,#3456,#689,.T.);
#4061=EDGE_CURVE('',#3457,#3457,#690,.T.);
#4062=EDGE_CURVE('',#3458,#3458,#691,.T.);
#4063=EDGE_CURVE('',#3459,#3459,#692,.T.);
#4064=EDGE_CURVE('',#3460,#3460,#693,.T.);
#4065=EDGE_CURVE('',#3461,#3461,#694,.T.);
#4066=EDGE_CURVE('',#3462,#3462,#695,.T.);
#4067=EDGE_CURVE('',#3463,#3463,#696,.T.);
#4068=EDGE_CURVE('',#3464,#3464,#697,.T.);
#4069=EDGE_CURVE('',#3465,#3465,#698,.T.);
#4070=EDGE_CURVE('',#3466,#3466,#699,.T.);
#4071=EDGE_CURVE('',#3467,#3467,#700,.T.);
#4072=EDGE_CURVE('',#3468,#3468,#701,.T.);
#4073=EDGE_CURVE('',#3469,#3469,#702,.T.);
#4074=EDGE_CURVE('',#3470,#3470,#703,.T.);
#4075=EDGE_CURVE('',#3471,#3471,#704,.T.);
#4076=EDGE_CURVE('',#3472,#3473,#705,.T.);
#4077=EDGE_CURVE('',#3473,#3474,#2143,.T.);
#4078=EDGE_CURVE('',#3474,#3475,#706,.T.);
#4079=EDGE_CURVE('',#3476,#3475,#2144,.T.);
#4080=EDGE_CURVE('',#3476,#3477,#707,.T.);
#4081=EDGE_CURVE('',#3478,#3477,#2145,.T.);
#4082=EDGE_CURVE('',#3478,#3479,#708,.T.);
#4083=EDGE_CURVE('',#3479,#3472,#2146,.T.);
#4084=EDGE_CURVE('',#3480,#3480,#709,.T.);
#4085=EDGE_CURVE('',#3481,#3481,#710,.T.);
#4086=EDGE_CURVE('',#3482,#3482,#711,.T.);
#4087=EDGE_CURVE('',#3483,#3483,#712,.T.);
#4088=EDGE_CURVE('',#3484,#3484,#713,.T.);
#4089=EDGE_CURVE('',#3485,#3485,#714,.T.);
#4090=EDGE_CURVE('',#3486,#3486,#715,.T.);
#4091=EDGE_CURVE('',#3487,#3487,#716,.T.);
#4092=EDGE_CURVE('',#3488,#3488,#717,.T.);
#4093=EDGE_CURVE('',#3489,#3489,#718,.T.);
#4094=EDGE_CURVE('',#3490,#3490,#719,.T.);
#4095=EDGE_CURVE('',#3437,#3390,#2147,.T.);
#4096=EDGE_CURVE('',#3438,#3391,#2148,.T.);
#4097=EDGE_CURVE('',#3439,#3392,#2149,.T.);
#4098=EDGE_CURVE('',#3440,#3393,#2150,.T.);
#4099=EDGE_CURVE('',#3441,#3394,#2151,.T.);
#4100=EDGE_CURVE('',#3442,#3395,#2152,.T.);
#4101=EDGE_CURVE('',#3443,#3396,#2153,.T.);
#4102=EDGE_CURVE('',#3444,#3397,#2154,.T.);
#4103=EDGE_CURVE('',#3445,#3398,#2155,.T.);
#4104=EDGE_CURVE('',#3446,#3399,#2156,.T.);
#4105=EDGE_CURVE('',#3447,#3400,#2157,.T.);
#4106=EDGE_CURVE('',#3448,#3401,#2158,.T.);
#4107=EDGE_CURVE('',#3449,#3402,#2159,.T.);
#4108=EDGE_CURVE('',#3450,#3403,#2160,.T.);
#4109=EDGE_CURVE('',#3451,#3404,#2161,.T.);
#4110=EDGE_CURVE('',#3452,#3405,#2162,.T.);
#4111=EDGE_CURVE('',#3453,#3406,#2163,.T.);
#4112=EDGE_CURVE('',#3454,#3407,#2164,.T.);
#4113=EDGE_CURVE('',#3455,#3408,#2165,.T.);
#4114=EDGE_CURVE('',#3456,#3409,#2166,.T.);
#4115=EDGE_CURVE('',#3457,#3410,#2167,.T.);
#4116=EDGE_CURVE('',#3458,#3411,#2168,.T.);
#4117=EDGE_CURVE('',#3459,#3412,#2169,.T.);
#4118=EDGE_CURVE('',#3460,#3413,#2170,.T.);
#4119=EDGE_CURVE('',#3461,#3414,#2171,.T.);
#4120=EDGE_CURVE('',#3462,#3415,#2172,.T.);
#4121=EDGE_CURVE('',#3463,#3416,#2173,.T.);
#4122=EDGE_CURVE('',#3464,#3417,#2174,.T.);
#4123=EDGE_CURVE('',#3465,#3418,#2175,.T.);
#4124=EDGE_CURVE('',#3466,#3419,#2176,.T.);
#4125=EDGE_CURVE('',#3467,#3420,#2177,.T.);
#4126=EDGE_CURVE('',#3468,#3421,#2178,.T.);
#4127=EDGE_CURVE('',#3469,#3422,#2179,.T.);
#4128=EDGE_CURVE('',#3470,#3423,#2180,.T.);
#4129=EDGE_CURVE('',#3471,#3424,#2181,.T.);
#4130=EDGE_CURVE('',#3480,#3425,#2182,.T.);
#4131=EDGE_CURVE('',#3481,#3426,#2183,.T.);
#4132=EDGE_CURVE('',#3482,#3427,#2184,.T.);
#4133=EDGE_CURVE('',#3483,#3428,#2185,.T.);
#4134=EDGE_CURVE('',#3484,#3429,#2186,.T.);
#4135=EDGE_CURVE('',#3485,#3430,#2187,.T.);
#4136=EDGE_CURVE('',#3486,#3431,#2188,.T.);
#4137=EDGE_CURVE('',#3487,#3432,#2189,.T.);
#4138=EDGE_CURVE('',#3488,#3433,#2190,.T.);
#4139=EDGE_CURVE('',#3489,#3434,#2191,.T.);
#4140=EDGE_CURVE('',#3490,#3435,#2192,.T.);
#4141=EDGE_CURVE('',#3491,#3492,#720,.T.);
#4142=EDGE_CURVE('',#3473,#3492,#2193,.T.);
#4143=EDGE_CURVE('',#3472,#3491,#2194,.T.);
#4144=EDGE_CURVE('',#3493,#3492,#2195,.T.);
#4145=EDGE_CURVE('',#3474,#3493,#2196,.T.);
#4146=EDGE_CURVE('',#3493,#3494,#721,.T.);
#4147=EDGE_CURVE('',#3475,#3494,#2197,.T.);
#4148=EDGE_CURVE('',#3476,#3495,#2198,.T.);
#4149=EDGE_CURVE('',#3495,#3494,#2199,.T.);
#4150=EDGE_CURVE('',#3495,#3496,#722,.T.);
#4151=EDGE_CURVE('',#3477,#3496,#2200,.T.);
#4152=EDGE_CURVE('',#3478,#3497,#2201,.T.);
#4153=EDGE_CURVE('',#3496,#3497,#2202,.T.);
#4154=EDGE_CURVE('',#3497,#3498,#723,.T.);
#4155=EDGE_CURVE('',#3479,#3498,#2203,.T.);
#4156=EDGE_CURVE('',#3498,#3491,#2204,.T.);
#4157=EDGE_CURVE('',#3499,#3491,#2205,.T.);
#4158=EDGE_CURVE('',#3499,#3492,#2206,.T.);
#4159=EDGE_CURVE('',#3492,#3500,#724,.T.);
#4160=EDGE_CURVE('',#3501,#3500,#2207,.T.);
#4161=EDGE_CURVE('',#3501,#3493,#725,.T.);
#4162=EDGE_CURVE('',#3502,#3493,#2208,.T.);
#4163=EDGE_CURVE('',#3494,#3502,#2209,.T.);
#4164=EDGE_CURVE('',#3494,#3503,#726,.T.);
#4165=EDGE_CURVE('',#3504,#3503,#2210,.T.);
#4166=EDGE_CURVE('',#3504,#3495,#727,.T.);
#4167=EDGE_CURVE('',#3495,#3505,#2211,.T.);
#4168=EDGE_CURVE('',#3496,#3505,#2212,.T.);
#4169=EDGE_CURVE('',#3496,#3506,#728,.T.);
#4170=EDGE_CURVE('',#3506,#3507,#2213,.T.);
#4171=EDGE_CURVE('',#3507,#3497,#729,.T.);
#4172=EDGE_CURVE('',#3497,#3508,#2214,.T.);
#4173=EDGE_CURVE('',#3508,#3498,#2215,.T.);
#4174=EDGE_CURVE('',#3498,#3509,#730,.T.);
#4175=EDGE_CURVE('',#3509,#3510,#2216,.T.);
#4176=EDGE_CURVE('',#3510,#3491,#731,.T.);
#4177=EDGE_CURVE('',#3510,#3499,#2217,.T.);
#4178=EDGE_CURVE('',#3500,#3499,#2218,.T.);
#4179=EDGE_CURVE('',#3503,#3501,#732,.T.);
#4180=EDGE_CURVE('',#3500,#3510,#733,.T.);
#4181=EDGE_CURVE('',#3509,#3507,#734,.T.);
#4182=EDGE_CURVE('',#3506,#3504,#735,.T.);
#4183=EDGE_CURVE('',#3502,#3501,#2219,.T.);
#4184=EDGE_CURVE('',#3503,#3502,#2220,.T.);
#4185=EDGE_CURVE('',#3505,#3504,#2221,.T.);
#4186=EDGE_CURVE('',#3505,#3506,#2222,.T.);
#4187=EDGE_CURVE('',#3507,#3508,#2223,.T.);
#4188=EDGE_CURVE('',#3508,#3509,#2224,.T.);
#4189=EDGE_CURVE('',#3511,#3512,#2225,.T.);
#4190=EDGE_CURVE('',#3512,#3513,#2226,.T.);
#4191=EDGE_CURVE('',#3514,#3513,#2227,.T.);
#4192=EDGE_CURVE('',#3511,#3514,#2228,.T.);
#4193=EDGE_CURVE('',#3515,#3516,#2229,.T.);
#4194=EDGE_CURVE('',#3515,#3517,#2230,.T.);
#4195=EDGE_CURVE('',#3517,#3518,#2231,.T.);
#4196=EDGE_CURVE('',#3516,#3518,#2232,.T.);
#4197=EDGE_CURVE('',#3511,#3515,#2233,.T.);
#4198=EDGE_CURVE('',#3512,#3516,#2234,.T.);
#4199=EDGE_CURVE('',#3514,#3517,#2235,.T.);
#4200=EDGE_CURVE('',#3513,#3518,#2236,.T.);
#4201=EDGE_CURVE('',#3519,#3520,#2237,.T.);
#4202=EDGE_CURVE('',#3520,#3521,#2238,.T.);
#4203=EDGE_CURVE('',#3522,#3521,#2239,.T.);
#4204=EDGE_CURVE('',#3519,#3522,#2240,.T.);
#4205=EDGE_CURVE('',#3523,#3524,#2241,.T.);
#4206=EDGE_CURVE('',#3523,#3525,#2242,.T.);
#4207=EDGE_CURVE('',#3525,#3526,#2243,.T.);
#4208=EDGE_CURVE('',#3524,#3526,#2244,.T.);
#4209=EDGE_CURVE('',#3519,#3523,#2245,.T.);
#4210=EDGE_CURVE('',#3520,#3524,#2246,.T.);
#4211=EDGE_CURVE('',#3522,#3525,#2247,.T.);
#4212=EDGE_CURVE('',#3521,#3526,#2248,.T.);
#4213=EDGE_CURVE('',#3527,#3528,#2249,.T.);
#4214=EDGE_CURVE('',#3528,#3529,#2250,.T.);
#4215=EDGE_CURVE('',#3530,#3529,#2251,.T.);
#4216=EDGE_CURVE('',#3527,#3530,#2252,.T.);
#4217=EDGE_CURVE('',#3531,#3532,#2253,.T.);
#4218=EDGE_CURVE('',#3531,#3533,#2254,.T.);
#4219=EDGE_CURVE('',#3533,#3534,#2255,.T.);
#4220=EDGE_CURVE('',#3532,#3534,#2256,.T.);
#4221=EDGE_CURVE('',#3527,#3531,#2257,.T.);
#4222=EDGE_CURVE('',#3528,#3532,#2258,.T.);
#4223=EDGE_CURVE('',#3530,#3533,#2259,.T.);
#4224=EDGE_CURVE('',#3529,#3534,#2260,.T.);
#4225=EDGE_CURVE('',#3535,#3536,#2261,.T.);
#4226=EDGE_CURVE('',#3536,#3537,#2262,.T.);
#4227=EDGE_CURVE('',#3538,#3537,#2263,.T.);
#4228=EDGE_CURVE('',#3535,#3538,#2264,.T.);
#4229=EDGE_CURVE('',#3539,#3540,#2265,.T.);
#4230=EDGE_CURVE('',#3539,#3541,#2266,.T.);
#4231=EDGE_CURVE('',#3541,#3542,#2267,.T.);
#4232=EDGE_CURVE('',#3540,#3542,#2268,.T.);
#4233=EDGE_CURVE('',#3535,#3539,#2269,.T.);
#4234=EDGE_CURVE('',#3536,#3540,#2270,.T.);
#4235=EDGE_CURVE('',#3538,#3541,#2271,.T.);
#4236=EDGE_CURVE('',#3537,#3542,#2272,.T.);
#4237=EDGE_CURVE('',#3543,#3544,#2273,.T.);
#4238=EDGE_CURVE('',#3544,#3545,#2274,.T.);
#4239=EDGE_CURVE('',#3546,#3545,#2275,.T.);
#4240=EDGE_CURVE('',#3543,#3546,#2276,.T.);
#4241=EDGE_CURVE('',#3547,#3548,#2277,.T.);
#4242=EDGE_CURVE('',#3547,#3549,#2278,.T.);
#4243=EDGE_CURVE('',#3549,#3550,#2279,.T.);
#4244=EDGE_CURVE('',#3548,#3550,#2280,.T.);
#4245=EDGE_CURVE('',#3543,#3547,#2281,.T.);
#4246=EDGE_CURVE('',#3544,#3548,#2282,.T.);
#4247=EDGE_CURVE('',#3546,#3549,#2283,.T.);
#4248=EDGE_CURVE('',#3545,#3550,#2284,.T.);
#4249=EDGE_CURVE('',#3551,#3552,#2285,.T.);
#4250=EDGE_CURVE('',#3552,#3553,#2286,.T.);
#4251=EDGE_CURVE('',#3554,#3553,#2287,.T.);
#4252=EDGE_CURVE('',#3551,#3554,#2288,.T.);
#4253=EDGE_CURVE('',#3555,#3556,#2289,.T.);
#4254=EDGE_CURVE('',#3555,#3557,#2290,.T.);
#4255=EDGE_CURVE('',#3557,#3558,#2291,.T.);
#4256=EDGE_CURVE('',#3556,#3558,#2292,.T.);
#4257=EDGE_CURVE('',#3551,#3555,#2293,.T.);
#4258=EDGE_CURVE('',#3552,#3556,#2294,.T.);
#4259=EDGE_CURVE('',#3554,#3557,#2295,.T.);
#4260=EDGE_CURVE('',#3553,#3558,#2296,.T.);
#4261=EDGE_CURVE('',#3559,#3560,#2297,.T.);
#4262=EDGE_CURVE('',#3560,#3561,#2298,.T.);
#4263=EDGE_CURVE('',#3562,#3561,#2299,.T.);
#4264=EDGE_CURVE('',#3559,#3562,#2300,.T.);
#4265=EDGE_CURVE('',#3563,#3564,#2301,.T.);
#4266=EDGE_CURVE('',#3563,#3565,#2302,.T.);
#4267=EDGE_CURVE('',#3565,#3566,#2303,.T.);
#4268=EDGE_CURVE('',#3564,#3566,#2304,.T.);
#4269=EDGE_CURVE('',#3559,#3563,#2305,.T.);
#4270=EDGE_CURVE('',#3560,#3564,#2306,.T.);
#4271=EDGE_CURVE('',#3562,#3565,#2307,.T.);
#4272=EDGE_CURVE('',#3561,#3566,#2308,.T.);
#4273=EDGE_CURVE('',#3567,#3567,#736,.T.);
#4274=EDGE_CURVE('',#3567,#3568,#2309,.T.);
#4275=EDGE_CURVE('',#3568,#3568,#737,.T.);
#4276=EDGE_CURVE('',#3569,#3569,#738,.T.);
#4277=EDGE_CURVE('',#3570,#3570,#739,.T.);
#4278=EDGE_CURVE('',#3570,#3569,#2310,.T.);
#4279=EDGE_CURVE('',#3571,#3571,#740,.T.);
#4280=EDGE_CURVE('',#3571,#3572,#2311,.T.);
#4281=EDGE_CURVE('',#3572,#3572,#741,.T.);
#4282=EDGE_CURVE('',#3573,#3573,#742,.T.);
#4283=EDGE_CURVE('',#3573,#3574,#2312,.T.);
#4284=EDGE_CURVE('',#3574,#3574,#743,.T.);
#4285=EDGE_CURVE('',#3575,#3575,#744,.T.);
#4286=EDGE_CURVE('',#3575,#3576,#2313,.T.);
#4287=EDGE_CURVE('',#3576,#3576,#745,.T.);
#4288=EDGE_CURVE('',#3577,#3577,#746,.T.);
#4289=EDGE_CURVE('',#3577,#3578,#2314,.T.);
#4290=EDGE_CURVE('',#3578,#3578,#747,.T.);
#4291=EDGE_CURVE('',#3579,#3579,#748,.T.);
#4292=EDGE_CURVE('',#3579,#3580,#2315,.T.);
#4293=EDGE_CURVE('',#3580,#3580,#749,.T.);
#4294=EDGE_CURVE('',#3581,#3581,#750,.T.);
#4295=EDGE_CURVE('',#3581,#3582,#2316,.T.);
#4296=EDGE_CURVE('',#3582,#3582,#751,.T.);
#4297=EDGE_CURVE('',#3583,#3583,#752,.T.);
#4298=EDGE_CURVE('',#3583,#3584,#2317,.T.);
#4299=EDGE_CURVE('',#3584,#3584,#753,.T.);
#4300=EDGE_CURVE('',#3585,#3585,#754,.T.);
#4301=EDGE_CURVE('',#3585,#3586,#2318,.T.);
#4302=EDGE_CURVE('',#3586,#3586,#755,.T.);
#4303=EDGE_CURVE('',#3587,#3587,#756,.T.);
#4304=EDGE_CURVE('',#3587,#3588,#2319,.T.);
#4305=EDGE_CURVE('',#3588,#3588,#757,.T.);
#4306=EDGE_CURVE('',#3589,#3590,#2320,.T.);
#4307=EDGE_CURVE('',#3590,#3591,#2321,.T.);
#4308=EDGE_CURVE('',#3592,#3591,#2322,.T.);
#4309=EDGE_CURVE('',#3589,#3592,#2323,.T.);
#4310=EDGE_CURVE('',#3593,#3594,#2324,.T.);
#4311=EDGE_CURVE('',#3593,#3595,#2325,.T.);
#4312=EDGE_CURVE('',#3595,#3596,#2326,.T.);
#4313=EDGE_CURVE('',#3594,#3596,#2327,.T.);
#4314=EDGE_CURVE('',#3589,#3593,#2328,.T.);
#4315=EDGE_CURVE('',#3590,#3594,#2329,.T.);
#4316=EDGE_CURVE('',#3592,#3595,#2330,.T.);
#4317=EDGE_CURVE('',#3591,#3596,#2331,.T.);
#4318=EDGE_CURVE('',#3597,#3597,#758,.T.);
#4319=EDGE_CURVE('',#3597,#3598,#2332,.T.);
#4320=EDGE_CURVE('',#3598,#3598,#759,.T.);
#4321=EDGE_CURVE('',#3599,#3599,#760,.T.);
#4322=EDGE_CURVE('',#3600,#3600,#761,.T.);
#4323=EDGE_CURVE('',#3600,#3599,#2333,.T.);
#4324=EDGE_CURVE('',#3601,#3601,#762,.T.);
#4325=EDGE_CURVE('',#3601,#3602,#2334,.T.);
#4326=EDGE_CURVE('',#3602,#3602,#763,.T.);
#4327=EDGE_CURVE('',#3603,#3603,#764,.T.);
#4328=EDGE_CURVE('',#3603,#3604,#2335,.T.);
#4329=EDGE_CURVE('',#3604,#3604,#765,.T.);
#4330=EDGE_CURVE('',#3605,#3605,#766,.T.);
#4331=EDGE_CURVE('',#3605,#3606,#2336,.T.);
#4332=EDGE_CURVE('',#3606,#3606,#767,.T.);
#4333=EDGE_CURVE('',#3607,#3607,#768,.T.);
#4334=EDGE_CURVE('',#3607,#3608,#2337,.T.);
#4335=EDGE_CURVE('',#3608,#3608,#769,.T.);
#4336=EDGE_CURVE('',#3609,#3609,#770,.T.);
#4337=EDGE_CURVE('',#3609,#3610,#2338,.T.);
#4338=EDGE_CURVE('',#3610,#3610,#771,.T.);
#4339=EDGE_CURVE('',#3611,#3611,#772,.T.);
#4340=EDGE_CURVE('',#3611,#3612,#2339,.T.);
#4341=EDGE_CURVE('',#3612,#3612,#773,.T.);
#4342=EDGE_CURVE('',#3613,#3613,#774,.T.);
#4343=EDGE_CURVE('',#3613,#3614,#2340,.T.);
#4344=EDGE_CURVE('',#3614,#3614,#775,.T.);
#4345=EDGE_CURVE('',#3615,#3615,#776,.T.);
#4346=EDGE_CURVE('',#3615,#3616,#2341,.T.);
#4347=EDGE_CURVE('',#3616,#3616,#777,.T.);
#4348=EDGE_CURVE('',#3617,#3617,#778,.T.);
#4349=EDGE_CURVE('',#3617,#3618,#2342,.T.);
#4350=EDGE_CURVE('',#3618,#3618,#779,.T.);
#4351=EDGE_CURVE('',#3619,#3620,#2343,.T.);
#4352=EDGE_CURVE('',#3620,#3621,#2344,.T.);
#4353=EDGE_CURVE('',#3622,#3621,#2345,.T.);
#4354=EDGE_CURVE('',#3619,#3622,#2346,.T.);
#4355=EDGE_CURVE('',#3623,#3624,#2347,.T.);
#4356=EDGE_CURVE('',#3623,#3625,#2348,.T.);
#4357=EDGE_CURVE('',#3625,#3626,#2349,.T.);
#4358=EDGE_CURVE('',#3624,#3626,#2350,.T.);
#4359=EDGE_CURVE('',#3619,#3623,#2351,.T.);
#4360=EDGE_CURVE('',#3620,#3624,#2352,.T.);
#4361=EDGE_CURVE('',#3622,#3625,#2353,.T.);
#4362=EDGE_CURVE('',#3621,#3626,#2354,.T.);
#4363=EDGE_CURVE('',#3627,#3628,#2355,.T.);
#4364=EDGE_CURVE('',#3628,#3629,#2356,.T.);
#4365=EDGE_CURVE('',#3630,#3629,#2357,.T.);
#4366=EDGE_CURVE('',#3627,#3630,#2358,.T.);
#4367=EDGE_CURVE('',#3631,#3632,#2359,.T.);
#4368=EDGE_CURVE('',#3631,#3633,#2360,.T.);
#4369=EDGE_CURVE('',#3633,#3634,#2361,.T.);
#4370=EDGE_CURVE('',#3632,#3634,#2362,.T.);
#4371=EDGE_CURVE('',#3627,#3631,#2363,.T.);
#4372=EDGE_CURVE('',#3628,#3632,#2364,.T.);
#4373=EDGE_CURVE('',#3630,#3633,#2365,.T.);
#4374=EDGE_CURVE('',#3629,#3634,#2366,.T.);
#4375=EDGE_CURVE('',#3635,#3636,#2367,.T.);
#4376=EDGE_CURVE('',#3636,#3637,#2368,.T.);
#4377=EDGE_CURVE('',#3638,#3637,#2369,.T.);
#4378=EDGE_CURVE('',#3635,#3638,#2370,.T.);
#4379=EDGE_CURVE('',#3639,#3640,#2371,.T.);
#4380=EDGE_CURVE('',#3639,#3641,#2372,.T.);
#4381=EDGE_CURVE('',#3641,#3642,#2373,.T.);
#4382=EDGE_CURVE('',#3640,#3642,#2374,.T.);
#4383=EDGE_CURVE('',#3635,#3639,#2375,.T.);
#4384=EDGE_CURVE('',#3636,#3640,#2376,.T.);
#4385=EDGE_CURVE('',#3638,#3641,#2377,.T.);
#4386=EDGE_CURVE('',#3637,#3642,#2378,.T.);
#4387=EDGE_CURVE('',#3643,#3644,#2379,.T.);
#4388=EDGE_CURVE('',#3644,#3645,#2380,.T.);
#4389=EDGE_CURVE('',#3646,#3645,#2381,.T.);
#4390=EDGE_CURVE('',#3643,#3646,#2382,.T.);
#4391=EDGE_CURVE('',#3647,#3648,#2383,.T.);
#4392=EDGE_CURVE('',#3647,#3649,#2384,.T.);
#4393=EDGE_CURVE('',#3649,#3650,#2385,.T.);
#4394=EDGE_CURVE('',#3648,#3650,#2386,.T.);
#4395=EDGE_CURVE('',#3643,#3647,#2387,.T.);
#4396=EDGE_CURVE('',#3644,#3648,#2388,.T.);
#4397=EDGE_CURVE('',#3646,#3649,#2389,.T.);
#4398=EDGE_CURVE('',#3645,#3650,#2390,.T.);
#4399=EDGE_CURVE('',#3651,#3651,#780,.T.);
#4400=EDGE_CURVE('',#3651,#3652,#2391,.T.);
#4401=EDGE_CURVE('',#3652,#3652,#781,.T.);
#4402=EDGE_CURVE('',#3653,#3653,#782,.T.);
#4403=EDGE_CURVE('',#3654,#3654,#783,.T.);
#4404=EDGE_CURVE('',#3654,#3653,#2392,.T.);
#4405=EDGE_CURVE('',#3655,#3655,#784,.T.);
#4406=EDGE_CURVE('',#3655,#3656,#2393,.T.);
#4407=EDGE_CURVE('',#3656,#3656,#785,.T.);
#4408=EDGE_CURVE('',#3657,#3657,#786,.T.);
#4409=EDGE_CURVE('',#3657,#3658,#2394,.T.);
#4410=EDGE_CURVE('',#3658,#3658,#787,.T.);
#4411=EDGE_CURVE('',#3659,#3659,#788,.T.);
#4412=EDGE_CURVE('',#3659,#3660,#2395,.T.);
#4413=EDGE_CURVE('',#3660,#3660,#789,.T.);
#4414=EDGE_CURVE('',#3661,#3661,#790,.T.);
#4415=EDGE_CURVE('',#3661,#3662,#2396,.T.);
#4416=EDGE_CURVE('',#3662,#3662,#791,.T.);
#4417=EDGE_CURVE('',#3663,#3663,#792,.T.);
#4418=EDGE_CURVE('',#3663,#3664,#2397,.T.);
#4419=EDGE_CURVE('',#3664,#3664,#793,.T.);
#4420=EDGE_CURVE('',#3665,#3665,#794,.T.);
#4421=EDGE_CURVE('',#3665,#3666,#2398,.T.);
#4422=EDGE_CURVE('',#3666,#3666,#795,.T.);
#4423=EDGE_CURVE('',#3667,#3667,#796,.T.);
#4424=EDGE_CURVE('',#3667,#3668,#2399,.T.);
#4425=EDGE_CURVE('',#3668,#3668,#797,.T.);
#4426=EDGE_CURVE('',#3669,#3669,#798,.T.);
#4427=EDGE_CURVE('',#3669,#3670,#2400,.T.);
#4428=EDGE_CURVE('',#3670,#3670,#799,.T.);
#4429=EDGE_CURVE('',#3671,#3671,#800,.T.);
#4430=EDGE_CURVE('',#3671,#3672,#2401,.T.);
#4431=EDGE_CURVE('',#3672,#3672,#801,.T.);
#4432=EDGE_CURVE('',#3673,#3673,#802,.T.);
#4433=EDGE_CURVE('',#3673,#3674,#2402,.T.);
#4434=EDGE_CURVE('',#3674,#3674,#803,.T.);
#4435=EDGE_CURVE('',#3675,#3675,#804,.T.);
#4436=EDGE_CURVE('',#3676,#3676,#805,.T.);
#4437=EDGE_CURVE('',#3676,#3675,#2403,.T.);
#4438=EDGE_CURVE('',#3677,#3677,#806,.T.);
#4439=EDGE_CURVE('',#3677,#3678,#2404,.T.);
#4440=EDGE_CURVE('',#3678,#3678,#807,.T.);
#4441=EDGE_CURVE('',#3679,#3679,#808,.T.);
#4442=EDGE_CURVE('',#3679,#3680,#2405,.T.);
#4443=EDGE_CURVE('',#3680,#3680,#809,.T.);
#4444=EDGE_CURVE('',#3681,#3681,#810,.T.);
#4445=EDGE_CURVE('',#3681,#3682,#2406,.T.);
#4446=EDGE_CURVE('',#3682,#3682,#811,.T.);
#4447=EDGE_CURVE('',#3683,#3683,#812,.T.);
#4448=EDGE_CURVE('',#3683,#3684,#2407,.T.);
#4449=EDGE_CURVE('',#3684,#3684,#813,.T.);
#4450=EDGE_CURVE('',#3685,#3685,#814,.T.);
#4451=EDGE_CURVE('',#3685,#3686,#2408,.T.);
#4452=EDGE_CURVE('',#3686,#3686,#815,.T.);
#4453=EDGE_CURVE('',#3687,#3687,#816,.T.);
#4454=EDGE_CURVE('',#3687,#3688,#2409,.T.);
#4455=EDGE_CURVE('',#3688,#3688,#817,.T.);
#4456=EDGE_CURVE('',#3689,#3689,#818,.T.);
#4457=EDGE_CURVE('',#3689,#3690,#2410,.T.);
#4458=EDGE_CURVE('',#3690,#3690,#819,.T.);
#4459=EDGE_CURVE('',#3691,#3691,#820,.T.);
#4460=EDGE_CURVE('',#3691,#3692,#2411,.T.);
#4461=EDGE_CURVE('',#3692,#3692,#821,.T.);
#4462=EDGE_CURVE('',#3693,#3693,#822,.T.);
#4463=EDGE_CURVE('',#3693,#3694,#2412,.T.);
#4464=EDGE_CURVE('',#3694,#3694,#823,.T.);
#4465=EDGE_CURVE('',#3695,#3695,#824,.T.);
#4466=EDGE_CURVE('',#3695,#3696,#2413,.T.);
#4467=EDGE_CURVE('',#3696,#3696,#825,.T.);
#4468=EDGE_CURVE('',#3697,#3697,#826,.T.);
#4469=EDGE_CURVE('',#3698,#3698,#827,.T.);
#4470=EDGE_CURVE('',#3698,#3697,#2414,.T.);
#4471=EDGE_CURVE('',#3699,#3699,#828,.T.);
#4472=EDGE_CURVE('',#3699,#3700,#2415,.T.);
#4473=EDGE_CURVE('',#3700,#3700,#829,.T.);
#4474=EDGE_CURVE('',#3701,#3701,#830,.T.);
#4475=EDGE_CURVE('',#3701,#3702,#2416,.T.);
#4476=EDGE_CURVE('',#3702,#3702,#831,.T.);
#4477=EDGE_CURVE('',#3703,#3703,#832,.T.);
#4478=EDGE_CURVE('',#3703,#3704,#2417,.T.);
#4479=EDGE_CURVE('',#3704,#3704,#833,.T.);
#4480=EDGE_CURVE('',#3705,#3705,#834,.T.);
#4481=EDGE_CURVE('',#3705,#3706,#2418,.T.);
#4482=EDGE_CURVE('',#3706,#3706,#835,.T.);
#4483=EDGE_CURVE('',#3707,#3707,#836,.T.);
#4484=EDGE_CURVE('',#3707,#3708,#2419,.T.);
#4485=EDGE_CURVE('',#3708,#3708,#837,.T.);
#4486=EDGE_CURVE('',#3709,#3709,#838,.T.);
#4487=EDGE_CURVE('',#3709,#3710,#2420,.T.);
#4488=EDGE_CURVE('',#3710,#3710,#839,.T.);
#4489=EDGE_CURVE('',#3711,#3711,#840,.T.);
#4490=EDGE_CURVE('',#3711,#3712,#2421,.T.);
#4491=EDGE_CURVE('',#3712,#3712,#841,.T.);
#4492=EDGE_CURVE('',#3713,#3713,#842,.T.);
#4493=EDGE_CURVE('',#3713,#3714,#2422,.T.);
#4494=EDGE_CURVE('',#3714,#3714,#843,.T.);
#4495=EDGE_CURVE('',#3715,#3715,#844,.T.);
#4496=EDGE_CURVE('',#3715,#3716,#2423,.T.);
#4497=EDGE_CURVE('',#3716,#3716,#845,.T.);
#4498=EDGE_CURVE('',#3717,#3717,#846,.T.);
#4499=EDGE_CURVE('',#3717,#3718,#2424,.T.);
#4500=EDGE_CURVE('',#3718,#3718,#847,.T.);
#4501=EDGE_CURVE('',#3719,#3719,#848,.T.);
#4502=EDGE_CURVE('',#3720,#3720,#849,.T.);
#4503=EDGE_CURVE('',#3720,#3719,#2425,.T.);
#4504=EDGE_CURVE('',#3721,#3721,#850,.T.);
#4505=EDGE_CURVE('',#3721,#3722,#2426,.T.);
#4506=EDGE_CURVE('',#3722,#3722,#851,.T.);
#4507=EDGE_CURVE('',#3723,#3723,#852,.T.);
#4508=EDGE_CURVE('',#3723,#3724,#2427,.T.);
#4509=EDGE_CURVE('',#3724,#3724,#853,.T.);
#4510=EDGE_CURVE('',#3725,#3725,#854,.T.);
#4511=EDGE_CURVE('',#3725,#3726,#2428,.T.);
#4512=EDGE_CURVE('',#3726,#3726,#855,.T.);
#4513=EDGE_CURVE('',#3727,#3727,#856,.T.);
#4514=EDGE_CURVE('',#3727,#3728,#2429,.T.);
#4515=EDGE_CURVE('',#3728,#3728,#857,.T.);
#4516=EDGE_CURVE('',#3729,#3729,#858,.T.);
#4517=EDGE_CURVE('',#3729,#3730,#2430,.T.);
#4518=EDGE_CURVE('',#3730,#3730,#859,.T.);
#4519=EDGE_CURVE('',#3731,#3731,#860,.T.);
#4520=EDGE_CURVE('',#3731,#3732,#2431,.T.);
#4521=EDGE_CURVE('',#3732,#3732,#861,.T.);
#4522=EDGE_CURVE('',#3733,#3733,#862,.T.);
#4523=EDGE_CURVE('',#3733,#3734,#2432,.T.);
#4524=EDGE_CURVE('',#3734,#3734,#863,.T.);
#4525=EDGE_CURVE('',#3735,#3735,#864,.T.);
#4526=EDGE_CURVE('',#3735,#3736,#2433,.T.);
#4527=EDGE_CURVE('',#3736,#3736,#865,.T.);
#4528=EDGE_CURVE('',#3737,#3737,#866,.T.);
#4529=EDGE_CURVE('',#3737,#3738,#2434,.T.);
#4530=EDGE_CURVE('',#3738,#3738,#867,.T.);
#4531=EDGE_CURVE('',#3739,#3739,#868,.T.);
#4532=EDGE_CURVE('',#3739,#3740,#2435,.T.);
#4533=EDGE_CURVE('',#3740,#3740,#869,.T.);
#4534=EDGE_CURVE('',#3741,#3741,#870,.T.);
#4535=EDGE_CURVE('',#3742,#3742,#871,.T.);
#4536=EDGE_CURVE('',#3742,#3741,#2436,.T.);
#4537=EDGE_CURVE('',#3743,#3743,#872,.T.);
#4538=EDGE_CURVE('',#3743,#3744,#2437,.T.);
#4539=EDGE_CURVE('',#3744,#3744,#873,.T.);
#4540=EDGE_CURVE('',#3745,#3745,#874,.T.);
#4541=EDGE_CURVE('',#3745,#3746,#2438,.T.);
#4542=EDGE_CURVE('',#3746,#3746,#875,.T.);
#4543=EDGE_CURVE('',#3747,#3747,#876,.T.);
#4544=EDGE_CURVE('',#3747,#3748,#2439,.T.);
#4545=EDGE_CURVE('',#3748,#3748,#877,.T.);
#4546=EDGE_CURVE('',#3749,#3749,#878,.T.);
#4547=EDGE_CURVE('',#3749,#3750,#2440,.T.);
#4548=EDGE_CURVE('',#3750,#3750,#879,.T.);
#4549=EDGE_CURVE('',#3751,#3751,#880,.T.);
#4550=EDGE_CURVE('',#3751,#3752,#2441,.T.);
#4551=EDGE_CURVE('',#3752,#3752,#881,.T.);
#4552=EDGE_CURVE('',#3753,#3753,#882,.T.);
#4553=EDGE_CURVE('',#3753,#3754,#2442,.T.);
#4554=EDGE_CURVE('',#3754,#3754,#883,.T.);
#4555=EDGE_CURVE('',#3755,#3755,#884,.T.);
#4556=EDGE_CURVE('',#3755,#3756,#2443,.T.);
#4557=EDGE_CURVE('',#3756,#3756,#885,.T.);
#4558=EDGE_CURVE('',#3757,#3757,#886,.T.);
#4559=EDGE_CURVE('',#3757,#3758,#2444,.T.);
#4560=EDGE_CURVE('',#3758,#3758,#887,.T.);
#4561=EDGE_CURVE('',#3759,#3759,#888,.T.);
#4562=EDGE_CURVE('',#3759,#3760,#2445,.T.);
#4563=EDGE_CURVE('',#3760,#3760,#889,.T.);
#4564=EDGE_CURVE('',#3761,#3761,#890,.T.);
#4565=EDGE_CURVE('',#3761,#3762,#2446,.T.);
#4566=EDGE_CURVE('',#3762,#3762,#891,.T.);
#4567=EDGE_CURVE('',#3763,#3763,#892,.T.);
#4568=EDGE_CURVE('',#3764,#3764,#893,.T.);
#4569=EDGE_CURVE('',#3764,#3763,#2447,.T.);
#4570=EDGE_CURVE('',#3765,#3765,#894,.T.);
#4571=EDGE_CURVE('',#3765,#3766,#2448,.T.);
#4572=EDGE_CURVE('',#3766,#3766,#895,.T.);
#4573=EDGE_CURVE('',#3767,#3767,#896,.T.);
#4574=EDGE_CURVE('',#3767,#3768,#2449,.T.);
#4575=EDGE_CURVE('',#3768,#3768,#897,.T.);
#4576=EDGE_CURVE('',#3769,#3769,#898,.T.);
#4577=EDGE_CURVE('',#3769,#3770,#2450,.T.);
#4578=EDGE_CURVE('',#3770,#3770,#899,.T.);
#4579=EDGE_CURVE('',#3771,#3771,#900,.T.);
#4580=EDGE_CURVE('',#3771,#3772,#2451,.T.);
#4581=EDGE_CURVE('',#3772,#3772,#901,.T.);
#4582=EDGE_CURVE('',#3773,#3773,#902,.T.);
#4583=EDGE_CURVE('',#3773,#3774,#2452,.T.);
#4584=EDGE_CURVE('',#3774,#3774,#903,.T.);
#4585=EDGE_CURVE('',#3775,#3775,#904,.T.);
#4586=EDGE_CURVE('',#3775,#3776,#2453,.T.);
#4587=EDGE_CURVE('',#3776,#3776,#905,.T.);
#4588=EDGE_CURVE('',#3777,#3777,#906,.T.);
#4589=EDGE_CURVE('',#3777,#3778,#2454,.T.);
#4590=EDGE_CURVE('',#3778,#3778,#907,.T.);
#4591=EDGE_CURVE('',#3779,#3779,#908,.T.);
#4592=EDGE_CURVE('',#3779,#3780,#2455,.T.);
#4593=EDGE_CURVE('',#3780,#3780,#909,.T.);
#4594=EDGE_CURVE('',#3781,#3781,#910,.T.);
#4595=EDGE_CURVE('',#3781,#3782,#2456,.T.);
#4596=EDGE_CURVE('',#3782,#3782,#911,.T.);
#4597=EDGE_CURVE('',#3783,#3784,#2457,.T.);
#4598=EDGE_CURVE('',#3784,#3785,#2458,.T.);
#4599=EDGE_CURVE('',#3786,#3785,#2459,.T.);
#4600=EDGE_CURVE('',#3783,#3786,#2460,.T.);
#4601=EDGE_CURVE('',#3787,#3788,#2461,.T.);
#4602=EDGE_CURVE('',#3787,#3789,#2462,.T.);
#4603=EDGE_CURVE('',#3789,#3790,#2463,.T.);
#4604=EDGE_CURVE('',#3788,#3790,#2464,.T.);
#4605=EDGE_CURVE('',#3783,#3787,#2465,.T.);
#4606=EDGE_CURVE('',#3784,#3788,#2466,.T.);
#4607=EDGE_CURVE('',#3786,#3789,#2467,.T.);
#4608=EDGE_CURVE('',#3785,#3790,#2468,.T.);
#4609=EDGE_CURVE('',#3791,#3792,#2469,.T.);
#4610=EDGE_CURVE('',#3792,#3793,#2470,.T.);
#4611=EDGE_CURVE('',#3794,#3793,#2471,.T.);
#4612=EDGE_CURVE('',#3791,#3794,#2472,.T.);
#4613=EDGE_CURVE('',#3795,#3796,#2473,.T.);
#4614=EDGE_CURVE('',#3795,#3797,#2474,.T.);
#4615=EDGE_CURVE('',#3797,#3798,#2475,.T.);
#4616=EDGE_CURVE('',#3796,#3798,#2476,.T.);
#4617=EDGE_CURVE('',#3791,#3795,#2477,.T.);
#4618=EDGE_CURVE('',#3792,#3796,#2478,.T.);
#4619=EDGE_CURVE('',#3794,#3797,#2479,.T.);
#4620=EDGE_CURVE('',#3793,#3798,#2480,.T.);
#4621=EDGE_CURVE('',#3799,#3800,#2481,.T.);
#4622=EDGE_CURVE('',#3800,#3801,#2482,.T.);
#4623=EDGE_CURVE('',#3802,#3801,#2483,.T.);
#4624=EDGE_CURVE('',#3799,#3802,#2484,.T.);
#4625=EDGE_CURVE('',#3803,#3804,#2485,.T.);
#4626=EDGE_CURVE('',#3803,#3805,#2486,.T.);
#4627=EDGE_CURVE('',#3805,#3806,#2487,.T.);
#4628=EDGE_CURVE('',#3804,#3806,#2488,.T.);
#4629=EDGE_CURVE('',#3799,#3803,#2489,.T.);
#4630=EDGE_CURVE('',#3800,#3804,#2490,.T.);
#4631=EDGE_CURVE('',#3802,#3805,#2491,.T.);
#4632=EDGE_CURVE('',#3801,#3806,#2492,.T.);
#4633=EDGE_CURVE('',#3807,#3808,#2493,.T.);
#4634=EDGE_CURVE('',#3808,#3809,#2494,.T.);
#4635=EDGE_CURVE('',#3810,#3809,#2495,.T.);
#4636=EDGE_CURVE('',#3807,#3810,#2496,.T.);
#4637=EDGE_CURVE('',#3811,#3812,#2497,.T.);
#4638=EDGE_CURVE('',#3811,#3813,#2498,.T.);
#4639=EDGE_CURVE('',#3813,#3814,#2499,.T.);
#4640=EDGE_CURVE('',#3812,#3814,#2500,.T.);
#4641=EDGE_CURVE('',#3807,#3811,#2501,.T.);
#4642=EDGE_CURVE('',#3808,#3812,#2502,.T.);
#4643=EDGE_CURVE('',#3810,#3813,#2503,.T.);
#4644=EDGE_CURVE('',#3809,#3814,#2504,.T.);
#4645=EDGE_CURVE('',#3815,#3816,#2505,.T.);
#4646=EDGE_CURVE('',#3816,#3817,#2506,.T.);
#4647=EDGE_CURVE('',#3818,#3817,#2507,.T.);
#4648=EDGE_CURVE('',#3815,#3818,#2508,.T.);
#4649=EDGE_CURVE('',#3819,#3820,#2509,.T.);
#4650=EDGE_CURVE('',#3819,#3821,#2510,.T.);
#4651=EDGE_CURVE('',#3821,#3822,#2511,.T.);
#4652=EDGE_CURVE('',#3820,#3822,#2512,.T.);
#4653=EDGE_CURVE('',#3815,#3819,#2513,.T.);
#4654=EDGE_CURVE('',#3816,#3820,#2514,.T.);
#4655=EDGE_CURVE('',#3818,#3821,#2515,.T.);
#4656=EDGE_CURVE('',#3817,#3822,#2516,.T.);
#4657=EDGE_CURVE('',#3823,#3824,#2517,.T.);
#4658=EDGE_CURVE('',#3824,#3825,#2518,.T.);
#4659=EDGE_CURVE('',#3826,#3825,#2519,.T.);
#4660=EDGE_CURVE('',#3823,#3826,#2520,.T.);
#4661=EDGE_CURVE('',#3827,#3828,#2521,.T.);
#4662=EDGE_CURVE('',#3827,#3829,#2522,.T.);
#4663=EDGE_CURVE('',#3829,#3830,#2523,.T.);
#4664=EDGE_CURVE('',#3828,#3830,#2524,.T.);
#4665=EDGE_CURVE('',#3823,#3827,#2525,.T.);
#4666=EDGE_CURVE('',#3824,#3828,#2526,.T.);
#4667=EDGE_CURVE('',#3826,#3829,#2527,.T.);
#4668=EDGE_CURVE('',#3825,#3830,#2528,.T.);
#4669=EDGE_CURVE('',#3831,#3832,#2529,.T.);
#4670=EDGE_CURVE('',#3832,#3833,#2530,.T.);
#4671=EDGE_CURVE('',#3834,#3833,#2531,.T.);
#4672=EDGE_CURVE('',#3831,#3834,#2532,.T.);
#4673=EDGE_CURVE('',#3835,#3836,#2533,.T.);
#4674=EDGE_CURVE('',#3835,#3837,#2534,.T.);
#4675=EDGE_CURVE('',#3837,#3838,#2535,.T.);
#4676=EDGE_CURVE('',#3836,#3838,#2536,.T.);
#4677=EDGE_CURVE('',#3831,#3835,#2537,.T.);
#4678=EDGE_CURVE('',#3832,#3836,#2538,.T.);
#4679=EDGE_CURVE('',#3834,#3837,#2539,.T.);
#4680=EDGE_CURVE('',#3833,#3838,#2540,.T.);
#4681=EDGE_CURVE('',#3839,#3840,#2541,.T.);
#4682=EDGE_CURVE('',#3840,#3841,#2542,.T.);
#4683=EDGE_CURVE('',#3842,#3841,#2543,.T.);
#4684=EDGE_CURVE('',#3839,#3842,#2544,.T.);
#4685=EDGE_CURVE('',#3843,#3844,#2545,.T.);
#4686=EDGE_CURVE('',#3843,#3845,#2546,.T.);
#4687=EDGE_CURVE('',#3845,#3846,#2547,.T.);
#4688=EDGE_CURVE('',#3844,#3846,#2548,.T.);
#4689=EDGE_CURVE('',#3839,#3843,#2549,.T.);
#4690=EDGE_CURVE('',#3840,#3844,#2550,.T.);
#4691=EDGE_CURVE('',#3842,#3845,#2551,.T.);
#4692=EDGE_CURVE('',#3841,#3846,#2552,.T.);
#4693=EDGE_CURVE('',#3847,#3848,#2553,.T.);
#4694=EDGE_CURVE('',#3848,#3849,#2554,.T.);
#4695=EDGE_CURVE('',#3850,#3849,#2555,.T.);
#4696=EDGE_CURVE('',#3847,#3850,#2556,.T.);
#4697=EDGE_CURVE('',#3851,#3852,#2557,.T.);
#4698=EDGE_CURVE('',#3851,#3853,#2558,.T.);
#4699=EDGE_CURVE('',#3853,#3854,#2559,.T.);
#4700=EDGE_CURVE('',#3852,#3854,#2560,.T.);
#4701=EDGE_CURVE('',#3847,#3851,#2561,.T.);
#4702=EDGE_CURVE('',#3848,#3852,#2562,.T.);
#4703=EDGE_CURVE('',#3850,#3853,#2563,.T.);
#4704=EDGE_CURVE('',#3849,#3854,#2564,.T.);
#4705=EDGE_CURVE('',#3855,#3856,#2565,.T.);
#4706=EDGE_CURVE('',#3856,#3857,#2566,.T.);
#4707=EDGE_CURVE('',#3858,#3857,#2567,.T.);
#4708=EDGE_CURVE('',#3855,#3858,#2568,.T.);
#4709=EDGE_CURVE('',#3859,#3860,#2569,.T.);
#4710=EDGE_CURVE('',#3859,#3861,#2570,.T.);
#4711=EDGE_CURVE('',#3861,#3862,#2571,.T.);
#4712=EDGE_CURVE('',#3860,#3862,#2572,.T.);
#4713=EDGE_CURVE('',#3855,#3859,#2573,.T.);
#4714=EDGE_CURVE('',#3856,#3860,#2574,.T.);
#4715=EDGE_CURVE('',#3858,#3861,#2575,.T.);
#4716=EDGE_CURVE('',#3857,#3862,#2576,.T.);
#4717=EDGE_CURVE('',#3863,#3864,#2577,.T.);
#4718=EDGE_CURVE('',#3864,#3865,#2578,.T.);
#4719=EDGE_CURVE('',#3866,#3865,#2579,.T.);
#4720=EDGE_CURVE('',#3863,#3866,#2580,.T.);
#4721=EDGE_CURVE('',#3867,#3868,#2581,.T.);
#4722=EDGE_CURVE('',#3867,#3869,#2582,.T.);
#4723=EDGE_CURVE('',#3869,#3870,#2583,.T.);
#4724=EDGE_CURVE('',#3868,#3870,#2584,.T.);
#4725=EDGE_CURVE('',#3863,#3867,#2585,.T.);
#4726=EDGE_CURVE('',#3864,#3868,#2586,.T.);
#4727=EDGE_CURVE('',#3866,#3869,#2587,.T.);
#4728=EDGE_CURVE('',#3865,#3870,#2588,.T.);
#4729=EDGE_CURVE('',#3871,#3872,#2589,.T.);
#4730=EDGE_CURVE('',#3872,#3873,#2590,.T.);
#4731=EDGE_CURVE('',#3874,#3873,#2591,.T.);
#4732=EDGE_CURVE('',#3871,#3874,#2592,.T.);
#4733=EDGE_CURVE('',#3875,#3876,#2593,.T.);
#4734=EDGE_CURVE('',#3875,#3877,#2594,.T.);
#4735=EDGE_CURVE('',#3877,#3878,#2595,.T.);
#4736=EDGE_CURVE('',#3876,#3878,#2596,.T.);
#4737=EDGE_CURVE('',#3871,#3875,#2597,.T.);
#4738=EDGE_CURVE('',#3872,#3876,#2598,.T.);
#4739=EDGE_CURVE('',#3874,#3877,#2599,.T.);
#4740=EDGE_CURVE('',#3873,#3878,#2600,.T.);
#4741=EDGE_CURVE('',#3879,#3880,#2601,.T.);
#4742=EDGE_CURVE('',#3880,#3881,#2602,.T.);
#4743=EDGE_CURVE('',#3882,#3881,#2603,.T.);
#4744=EDGE_CURVE('',#3879,#3882,#2604,.T.);
#4745=EDGE_CURVE('',#3883,#3884,#2605,.T.);
#4746=EDGE_CURVE('',#3883,#3885,#2606,.T.);
#4747=EDGE_CURVE('',#3885,#3886,#2607,.T.);
#4748=EDGE_CURVE('',#3884,#3886,#2608,.T.);
#4749=EDGE_CURVE('',#3879,#3883,#2609,.T.);
#4750=EDGE_CURVE('',#3880,#3884,#2610,.T.);
#4751=EDGE_CURVE('',#3882,#3885,#2611,.T.);
#4752=EDGE_CURVE('',#3881,#3886,#2612,.T.);
#4753=EDGE_CURVE('',#3887,#3888,#2613,.T.);
#4754=EDGE_CURVE('',#3888,#3889,#2614,.T.);
#4755=EDGE_CURVE('',#3890,#3889,#2615,.T.);
#4756=EDGE_CURVE('',#3887,#3890,#2616,.T.);
#4757=EDGE_CURVE('',#3891,#3892,#2617,.T.);
#4758=EDGE_CURVE('',#3891,#3893,#2618,.T.);
#4759=EDGE_CURVE('',#3893,#3894,#2619,.T.);
#4760=EDGE_CURVE('',#3892,#3894,#2620,.T.);
#4761=EDGE_CURVE('',#3887,#3891,#2621,.T.);
#4762=EDGE_CURVE('',#3888,#3892,#2622,.T.);
#4763=EDGE_CURVE('',#3890,#3893,#2623,.T.);
#4764=EDGE_CURVE('',#3889,#3894,#2624,.T.);
#4765=EDGE_CURVE('',#3895,#3896,#2625,.T.);
#4766=EDGE_CURVE('',#3896,#3897,#2626,.T.);
#4767=EDGE_CURVE('',#3898,#3897,#2627,.T.);
#4768=EDGE_CURVE('',#3895,#3898,#2628,.T.);
#4769=EDGE_CURVE('',#3899,#3900,#2629,.T.);
#4770=EDGE_CURVE('',#3899,#3901,#2630,.T.);
#4771=EDGE_CURVE('',#3901,#3902,#2631,.T.);
#4772=EDGE_CURVE('',#3900,#3902,#2632,.T.);
#4773=EDGE_CURVE('',#3895,#3899,#2633,.T.);
#4774=EDGE_CURVE('',#3896,#3900,#2634,.T.);
#4775=EDGE_CURVE('',#3898,#3901,#2635,.T.);
#4776=EDGE_CURVE('',#3897,#3902,#2636,.T.);
#4777=EDGE_CURVE('',#3903,#3904,#2637,.T.);
#4778=EDGE_CURVE('',#3904,#3905,#2638,.T.);
#4779=EDGE_CURVE('',#3906,#3905,#2639,.T.);
#4780=EDGE_CURVE('',#3903,#3906,#2640,.T.);
#4781=EDGE_CURVE('',#3907,#3908,#2641,.T.);
#4782=EDGE_CURVE('',#3907,#3909,#2642,.T.);
#4783=EDGE_CURVE('',#3909,#3910,#2643,.T.);
#4784=EDGE_CURVE('',#3908,#3910,#2644,.T.);
#4785=EDGE_CURVE('',#3903,#3907,#2645,.T.);
#4786=EDGE_CURVE('',#3904,#3908,#2646,.T.);
#4787=EDGE_CURVE('',#3906,#3909,#2647,.T.);
#4788=EDGE_CURVE('',#3905,#3910,#2648,.T.);
#4789=EDGE_CURVE('',#3911,#3912,#2649,.T.);
#4790=EDGE_CURVE('',#3912,#3913,#2650,.T.);
#4791=EDGE_CURVE('',#3914,#3913,#2651,.T.);
#4792=EDGE_CURVE('',#3911,#3914,#2652,.T.);
#4793=EDGE_CURVE('',#3915,#3916,#2653,.T.);
#4794=EDGE_CURVE('',#3915,#3917,#2654,.T.);
#4795=EDGE_CURVE('',#3917,#3918,#2655,.T.);
#4796=EDGE_CURVE('',#3916,#3918,#2656,.T.);
#4797=EDGE_CURVE('',#3911,#3915,#2657,.T.);
#4798=EDGE_CURVE('',#3912,#3916,#2658,.T.);
#4799=EDGE_CURVE('',#3914,#3917,#2659,.T.);
#4800=EDGE_CURVE('',#3913,#3918,#2660,.T.);
#4801=EDGE_CURVE('',#3919,#3920,#2661,.T.);
#4802=EDGE_CURVE('',#3920,#3921,#2662,.T.);
#4803=EDGE_CURVE('',#3922,#3921,#2663,.T.);
#4804=EDGE_CURVE('',#3919,#3922,#2664,.T.);
#4805=EDGE_CURVE('',#3923,#3924,#2665,.T.);
#4806=EDGE_CURVE('',#3923,#3925,#2666,.T.);
#4807=EDGE_CURVE('',#3925,#3926,#2667,.T.);
#4808=EDGE_CURVE('',#3924,#3926,#2668,.T.);
#4809=EDGE_CURVE('',#3919,#3923,#2669,.T.);
#4810=EDGE_CURVE('',#3920,#3924,#2670,.T.);
#4811=EDGE_CURVE('',#3922,#3925,#2671,.T.);
#4812=EDGE_CURVE('',#3921,#3926,#2672,.T.);
#4813=EDGE_CURVE('',#3927,#3928,#2673,.T.);
#4814=EDGE_CURVE('',#3928,#3929,#2674,.T.);
#4815=EDGE_CURVE('',#3930,#3929,#2675,.T.);
#4816=EDGE_CURVE('',#3927,#3930,#2676,.T.);
#4817=EDGE_CURVE('',#3931,#3932,#2677,.T.);
#4818=EDGE_CURVE('',#3931,#3933,#2678,.T.);
#4819=EDGE_CURVE('',#3933,#3934,#2679,.T.);
#4820=EDGE_CURVE('',#3932,#3934,#2680,.T.);
#4821=EDGE_CURVE('',#3927,#3931,#2681,.T.);
#4822=EDGE_CURVE('',#3928,#3932,#2682,.T.);
#4823=EDGE_CURVE('',#3930,#3933,#2683,.T.);
#4824=EDGE_CURVE('',#3929,#3934,#2684,.T.);
#4825=EDGE_CURVE('',#3935,#3936,#2685,.T.);
#4826=EDGE_CURVE('',#3936,#3937,#2686,.T.);
#4827=EDGE_CURVE('',#3938,#3937,#2687,.T.);
#4828=EDGE_CURVE('',#3935,#3938,#2688,.T.);
#4829=EDGE_CURVE('',#3939,#3940,#2689,.T.);
#4830=EDGE_CURVE('',#3939,#3941,#2690,.T.);
#4831=EDGE_CURVE('',#3941,#3942,#2691,.T.);
#4832=EDGE_CURVE('',#3940,#3942,#2692,.T.);
#4833=EDGE_CURVE('',#3935,#3939,#2693,.T.);
#4834=EDGE_CURVE('',#3936,#3940,#2694,.T.);
#4835=EDGE_CURVE('',#3938,#3941,#2695,.T.);
#4836=EDGE_CURVE('',#3937,#3942,#2696,.T.);
#4837=EDGE_CURVE('',#3943,#3944,#2697,.T.);
#4838=EDGE_CURVE('',#3944,#3945,#2698,.T.);
#4839=EDGE_CURVE('',#3946,#3945,#2699,.T.);
#4840=EDGE_CURVE('',#3943,#3946,#2700,.T.);
#4841=EDGE_CURVE('',#3947,#3948,#2701,.T.);
#4842=EDGE_CURVE('',#3947,#3949,#2702,.T.);
#4843=EDGE_CURVE('',#3949,#3950,#2703,.T.);
#4844=EDGE_CURVE('',#3948,#3950,#2704,.T.);
#4845=EDGE_CURVE('',#3943,#3947,#2705,.T.);
#4846=EDGE_CURVE('',#3944,#3948,#2706,.T.);
#4847=EDGE_CURVE('',#3946,#3949,#2707,.T.);
#4848=EDGE_CURVE('',#3945,#3950,#2708,.T.);
#4849=EDGE_CURVE('',#3951,#3952,#2709,.T.);
#4850=EDGE_CURVE('',#3952,#3953,#2710,.T.);
#4851=EDGE_CURVE('',#3954,#3953,#2711,.T.);
#4852=EDGE_CURVE('',#3951,#3954,#2712,.T.);
#4853=EDGE_CURVE('',#3955,#3956,#2713,.T.);
#4854=EDGE_CURVE('',#3955,#3957,#2714,.T.);
#4855=EDGE_CURVE('',#3957,#3958,#2715,.T.);
#4856=EDGE_CURVE('',#3956,#3958,#2716,.T.);
#4857=EDGE_CURVE('',#3951,#3955,#2717,.T.);
#4858=EDGE_CURVE('',#3952,#3956,#2718,.T.);
#4859=EDGE_CURVE('',#3954,#3957,#2719,.T.);
#4860=EDGE_CURVE('',#3953,#3958,#2720,.T.);
#4861=EDGE_CURVE('',#3959,#3960,#2721,.T.);
#4862=EDGE_CURVE('',#3960,#3961,#2722,.T.);
#4863=EDGE_CURVE('',#3962,#3961,#2723,.T.);
#4864=EDGE_CURVE('',#3959,#3962,#2724,.T.);
#4865=EDGE_CURVE('',#3963,#3964,#2725,.T.);
#4866=EDGE_CURVE('',#3963,#3965,#2726,.T.);
#4867=EDGE_CURVE('',#3965,#3966,#2727,.T.);
#4868=EDGE_CURVE('',#3964,#3966,#2728,.T.);
#4869=EDGE_CURVE('',#3959,#3963,#2729,.T.);
#4870=EDGE_CURVE('',#3960,#3964,#2730,.T.);
#4871=EDGE_CURVE('',#3962,#3965,#2731,.T.);
#4872=EDGE_CURVE('',#3961,#3966,#2732,.T.);
#4873=EDGE_CURVE('',#3967,#3968,#2733,.T.);
#4874=EDGE_CURVE('',#3968,#3969,#2734,.T.);
#4875=EDGE_CURVE('',#3970,#3969,#2735,.T.);
#4876=EDGE_CURVE('',#3967,#3970,#2736,.T.);
#4877=EDGE_CURVE('',#3971,#3972,#2737,.T.);
#4878=EDGE_CURVE('',#3971,#3973,#2738,.T.);
#4879=EDGE_CURVE('',#3973,#3974,#2739,.T.);
#4880=EDGE_CURVE('',#3972,#3974,#2740,.T.);
#4881=EDGE_CURVE('',#3967,#3971,#2741,.T.);
#4882=EDGE_CURVE('',#3968,#3972,#2742,.T.);
#4883=EDGE_CURVE('',#3970,#3973,#2743,.T.);
#4884=EDGE_CURVE('',#3969,#3974,#2744,.T.);
#4885=EDGE_CURVE('',#3975,#3976,#2745,.T.);
#4886=EDGE_CURVE('',#3976,#3977,#2746,.T.);
#4887=EDGE_CURVE('',#3978,#3977,#2747,.T.);
#4888=EDGE_CURVE('',#3975,#3978,#2748,.T.);
#4889=EDGE_CURVE('',#3979,#3980,#2749,.T.);
#4890=EDGE_CURVE('',#3979,#3981,#2750,.T.);
#4891=EDGE_CURVE('',#3981,#3982,#2751,.T.);
#4892=EDGE_CURVE('',#3980,#3982,#2752,.T.);
#4893=EDGE_CURVE('',#3975,#3979,#2753,.T.);
#4894=EDGE_CURVE('',#3976,#3980,#2754,.T.);
#4895=EDGE_CURVE('',#3978,#3981,#2755,.T.);
#4896=EDGE_CURVE('',#3977,#3982,#2756,.T.);
#4897=ORIENTED_EDGE('',*,*,#3983,.T.);
#4898=ORIENTED_EDGE('',*,*,#3984,.T.);
#4899=ORIENTED_EDGE('',*,*,#3985,.F.);
#4900=ORIENTED_EDGE('',*,*,#3986,.F.);
#4901=ORIENTED_EDGE('',*,*,#3987,.T.);
#4902=ORIENTED_EDGE('',*,*,#3988,.T.);
#4903=ORIENTED_EDGE('',*,*,#3989,.F.);
#4904=ORIENTED_EDGE('',*,*,#3983,.F.);
#4905=ORIENTED_EDGE('',*,*,#3984,.F.);
#4906=ORIENTED_EDGE('',*,*,#3989,.T.);
#4907=ORIENTED_EDGE('',*,*,#3990,.T.);
#4908=ORIENTED_EDGE('',*,*,#3991,.F.);
#4909=ORIENTED_EDGE('',*,*,#3992,.F.);
#4910=ORIENTED_EDGE('',*,*,#3993,.F.);
#4911=ORIENTED_EDGE('',*,*,#3994,.F.);
#4912=ORIENTED_EDGE('',*,*,#3995,.F.);
#4913=ORIENTED_EDGE('',*,*,#3996,.F.);
#4914=ORIENTED_EDGE('',*,*,#3997,.F.);
#4915=ORIENTED_EDGE('',*,*,#3998,.F.);
#4916=ORIENTED_EDGE('',*,*,#3999,.F.);
#4917=ORIENTED_EDGE('',*,*,#4000,.F.);
#4918=ORIENTED_EDGE('',*,*,#4001,.F.);
#4919=ORIENTED_EDGE('',*,*,#4002,.F.);
#4920=ORIENTED_EDGE('',*,*,#4003,.F.);
#4921=ORIENTED_EDGE('',*,*,#4004,.F.);
#4922=ORIENTED_EDGE('',*,*,#4005,.F.);
#4923=ORIENTED_EDGE('',*,*,#4006,.F.);
#4924=ORIENTED_EDGE('',*,*,#4007,.F.);
#4925=ORIENTED_EDGE('',*,*,#4008,.F.);
#4926=ORIENTED_EDGE('',*,*,#4009,.F.);
#4927=ORIENTED_EDGE('',*,*,#4010,.F.);
#4928=ORIENTED_EDGE('',*,*,#4011,.F.);
#4929=ORIENTED_EDGE('',*,*,#4012,.F.);
#4930=ORIENTED_EDGE('',*,*,#4013,.F.);
#4931=ORIENTED_EDGE('',*,*,#4014,.F.);
#4932=ORIENTED_EDGE('',*,*,#4015,.F.);
#4933=ORIENTED_EDGE('',*,*,#4016,.F.);
#4934=ORIENTED_EDGE('',*,*,#4017,.F.);
#4935=ORIENTED_EDGE('',*,*,#4018,.F.);
#4936=ORIENTED_EDGE('',*,*,#4019,.F.);
#4937=ORIENTED_EDGE('',*,*,#4020,.F.);
#4938=ORIENTED_EDGE('',*,*,#4021,.F.);
#4939=ORIENTED_EDGE('',*,*,#4022,.F.);
#4940=ORIENTED_EDGE('',*,*,#4023,.F.);
#4941=ORIENTED_EDGE('',*,*,#4024,.F.);
#4942=ORIENTED_EDGE('',*,*,#4025,.F.);
#4943=ORIENTED_EDGE('',*,*,#4026,.F.);
#4944=ORIENTED_EDGE('',*,*,#4027,.F.);
#4945=ORIENTED_EDGE('',*,*,#4028,.F.);
#4946=ORIENTED_EDGE('',*,*,#4029,.F.);
#4947=ORIENTED_EDGE('',*,*,#4030,.F.);
#4948=ORIENTED_EDGE('',*,*,#4031,.F.);
#4949=ORIENTED_EDGE('',*,*,#4032,.F.);
#4950=ORIENTED_EDGE('',*,*,#4033,.F.);
#4951=ORIENTED_EDGE('',*,*,#4034,.F.);
#4952=ORIENTED_EDGE('',*,*,#4035,.F.);
#4953=ORIENTED_EDGE('',*,*,#4036,.F.);
#4954=ORIENTED_EDGE('',*,*,#4037,.F.);
#4955=ORIENTED_EDGE('',*,*,#4038,.F.);
#4956=ORIENTED_EDGE('',*,*,#3985,.T.);
#4957=ORIENTED_EDGE('',*,*,#3991,.T.);
#4958=ORIENTED_EDGE('',*,*,#4039,.F.);
#4959=ORIENTED_EDGE('',*,*,#3986,.T.);
#4960=ORIENTED_EDGE('',*,*,#4038,.T.);
#4961=ORIENTED_EDGE('',*,*,#4040,.F.);
#4962=ORIENTED_EDGE('',*,*,#3987,.F.);
#4963=ORIENTED_EDGE('',*,*,#4041,.T.);
#4964=ORIENTED_EDGE('',*,*,#4042,.T.);
#4965=ORIENTED_EDGE('',*,*,#4043,.T.);
#4966=ORIENTED_EDGE('',*,*,#4044,.T.);
#4967=ORIENTED_EDGE('',*,*,#4045,.T.);
#4968=ORIENTED_EDGE('',*,*,#4046,.T.);
#4969=ORIENTED_EDGE('',*,*,#4047,.T.);
#4970=ORIENTED_EDGE('',*,*,#4048,.T.);
#4971=ORIENTED_EDGE('',*,*,#4049,.T.);
#4972=ORIENTED_EDGE('',*,*,#4050,.T.);
#4973=ORIENTED_EDGE('',*,*,#4051,.T.);
#4974=ORIENTED_EDGE('',*,*,#4052,.T.);
#4975=ORIENTED_EDGE('',*,*,#4053,.T.);
#4976=ORIENTED_EDGE('',*,*,#4054,.T.);
#4977=ORIENTED_EDGE('',*,*,#4055,.T.);
#4978=ORIENTED_EDGE('',*,*,#4056,.T.);
#4979=ORIENTED_EDGE('',*,*,#4057,.T.);
#4980=ORIENTED_EDGE('',*,*,#4058,.T.);
#4981=ORIENTED_EDGE('',*,*,#4059,.T.);
#4982=ORIENTED_EDGE('',*,*,#4060,.T.);
#4983=ORIENTED_EDGE('',*,*,#4061,.T.);
#4984=ORIENTED_EDGE('',*,*,#4062,.T.);
#4985=ORIENTED_EDGE('',*,*,#4063,.T.);
#4986=ORIENTED_EDGE('',*,*,#4064,.T.);
#4987=ORIENTED_EDGE('',*,*,#4065,.T.);
#4988=ORIENTED_EDGE('',*,*,#4066,.T.);
#4989=ORIENTED_EDGE('',*,*,#4067,.T.);
#4990=ORIENTED_EDGE('',*,*,#4068,.T.);
#4991=ORIENTED_EDGE('',*,*,#4069,.T.);
#4992=ORIENTED_EDGE('',*,*,#4070,.T.);
#4993=ORIENTED_EDGE('',*,*,#4071,.T.);
#4994=ORIENTED_EDGE('',*,*,#4072,.T.);
#4995=ORIENTED_EDGE('',*,*,#4073,.T.);
#4996=ORIENTED_EDGE('',*,*,#4074,.T.);
#4997=ORIENTED_EDGE('',*,*,#4075,.T.);
#4998=ORIENTED_EDGE('',*,*,#4076,.T.);
#4999=ORIENTED_EDGE('',*,*,#4077,.T.);
#5000=ORIENTED_EDGE('',*,*,#4078,.T.);
#5001=ORIENTED_EDGE('',*,*,#4079,.F.);
#5002=ORIENTED_EDGE('',*,*,#4080,.T.);
#5003=ORIENTED_EDGE('',*,*,#4081,.F.);
#5004=ORIENTED_EDGE('',*,*,#4082,.T.);
#5005=ORIENTED_EDGE('',*,*,#4083,.T.);
#5006=ORIENTED_EDGE('',*,*,#4084,.T.);
#5007=ORIENTED_EDGE('',*,*,#4085,.T.);
#5008=ORIENTED_EDGE('',*,*,#4086,.T.);
#5009=ORIENTED_EDGE('',*,*,#4087,.T.);
#5010=ORIENTED_EDGE('',*,*,#4088,.T.);
#5011=ORIENTED_EDGE('',*,*,#4089,.T.);
#5012=ORIENTED_EDGE('',*,*,#4090,.T.);
#5013=ORIENTED_EDGE('',*,*,#4091,.T.);
#5014=ORIENTED_EDGE('',*,*,#4092,.T.);
#5015=ORIENTED_EDGE('',*,*,#4093,.T.);
#5016=ORIENTED_EDGE('',*,*,#4094,.T.);
#5017=ORIENTED_EDGE('',*,*,#3988,.F.);
#5018=ORIENTED_EDGE('',*,*,#4040,.T.);
#5019=ORIENTED_EDGE('',*,*,#4039,.T.);
#5020=ORIENTED_EDGE('',*,*,#3990,.F.);
#5021=ORIENTED_EDGE('',*,*,#4041,.F.);
#5022=ORIENTED_EDGE('',*,*,#4095,.T.);
#5023=ORIENTED_EDGE('',*,*,#3992,.T.);
#5024=ORIENTED_EDGE('',*,*,#4095,.F.);
#5025=ORIENTED_EDGE('',*,*,#4042,.F.);
#5026=ORIENTED_EDGE('',*,*,#4096,.T.);
#5027=ORIENTED_EDGE('',*,*,#3993,.T.);
#5028=ORIENTED_EDGE('',*,*,#4096,.F.);
#5029=ORIENTED_EDGE('',*,*,#4043,.F.);
#5030=ORIENTED_EDGE('',*,*,#4097,.T.);
#5031=ORIENTED_EDGE('',*,*,#3994,.T.);
#5032=ORIENTED_EDGE('',*,*,#4097,.F.);
#5033=ORIENTED_EDGE('',*,*,#4044,.F.);
#5034=ORIENTED_EDGE('',*,*,#4098,.T.);
#5035=ORIENTED_EDGE('',*,*,#3995,.T.);
#5036=ORIENTED_EDGE('',*,*,#4098,.F.);
#5037=ORIENTED_EDGE('',*,*,#4045,.F.);
#5038=ORIENTED_EDGE('',*,*,#4099,.T.);
#5039=ORIENTED_EDGE('',*,*,#3996,.T.);
#5040=ORIENTED_EDGE('',*,*,#4099,.F.);
#5041=ORIENTED_EDGE('',*,*,#4046,.F.);
#5042=ORIENTED_EDGE('',*,*,#4100,.T.);
#5043=ORIENTED_EDGE('',*,*,#3997,.T.);
#5044=ORIENTED_EDGE('',*,*,#4100,.F.);
#5045=ORIENTED_EDGE('',*,*,#4047,.F.);
#5046=ORIENTED_EDGE('',*,*,#4101,.T.);
#5047=ORIENTED_EDGE('',*,*,#3998,.T.);
#5048=ORIENTED_EDGE('',*,*,#4101,.F.);
#5049=ORIENTED_EDGE('',*,*,#4048,.F.);
#5050=ORIENTED_EDGE('',*,*,#4102,.T.);
#5051=ORIENTED_EDGE('',*,*,#3999,.T.);
#5052=ORIENTED_EDGE('',*,*,#4102,.F.);
#5053=ORIENTED_EDGE('',*,*,#4049,.F.);
#5054=ORIENTED_EDGE('',*,*,#4103,.T.);
#5055=ORIENTED_EDGE('',*,*,#4000,.T.);
#5056=ORIENTED_EDGE('',*,*,#4103,.F.);
#5057=ORIENTED_EDGE('',*,*,#4050,.F.);
#5058=ORIENTED_EDGE('',*,*,#4104,.T.);
#5059=ORIENTED_EDGE('',*,*,#4001,.T.);
#5060=ORIENTED_EDGE('',*,*,#4104,.F.);
#5061=ORIENTED_EDGE('',*,*,#4051,.F.);
#5062=ORIENTED_EDGE('',*,*,#4105,.T.);
#5063=ORIENTED_EDGE('',*,*,#4002,.T.);
#5064=ORIENTED_EDGE('',*,*,#4105,.F.);
#5065=ORIENTED_EDGE('',*,*,#4052,.F.);
#5066=ORIENTED_EDGE('',*,*,#4106,.T.);
#5067=ORIENTED_EDGE('',*,*,#4003,.T.);
#5068=ORIENTED_EDGE('',*,*,#4106,.F.);
#5069=ORIENTED_EDGE('',*,*,#4053,.F.);
#5070=ORIENTED_EDGE('',*,*,#4107,.T.);
#5071=ORIENTED_EDGE('',*,*,#4004,.T.);
#5072=ORIENTED_EDGE('',*,*,#4107,.F.);
#5073=ORIENTED_EDGE('',*,*,#4054,.F.);
#5074=ORIENTED_EDGE('',*,*,#4108,.T.);
#5075=ORIENTED_EDGE('',*,*,#4005,.T.);
#5076=ORIENTED_EDGE('',*,*,#4108,.F.);
#5077=ORIENTED_EDGE('',*,*,#4055,.F.);
#5078=ORIENTED_EDGE('',*,*,#4109,.T.);
#5079=ORIENTED_EDGE('',*,*,#4006,.T.);
#5080=ORIENTED_EDGE('',*,*,#4109,.F.);
#5081=ORIENTED_EDGE('',*,*,#4056,.F.);
#5082=ORIENTED_EDGE('',*,*,#4110,.T.);
#5083=ORIENTED_EDGE('',*,*,#4007,.T.);
#5084=ORIENTED_EDGE('',*,*,#4110,.F.);
#5085=ORIENTED_EDGE('',*,*,#4057,.F.);
#5086=ORIENTED_EDGE('',*,*,#4111,.T.);
#5087=ORIENTED_EDGE('',*,*,#4008,.T.);
#5088=ORIENTED_EDGE('',*,*,#4111,.F.);
#5089=ORIENTED_EDGE('',*,*,#4058,.F.);
#5090=ORIENTED_EDGE('',*,*,#4112,.T.);
#5091=ORIENTED_EDGE('',*,*,#4009,.T.);
#5092=ORIENTED_EDGE('',*,*,#4112,.F.);
#5093=ORIENTED_EDGE('',*,*,#4059,.F.);
#5094=ORIENTED_EDGE('',*,*,#4113,.T.);
#5095=ORIENTED_EDGE('',*,*,#4010,.T.);
#5096=ORIENTED_EDGE('',*,*,#4113,.F.);
#5097=ORIENTED_EDGE('',*,*,#4060,.F.);
#5098=ORIENTED_EDGE('',*,*,#4114,.T.);
#5099=ORIENTED_EDGE('',*,*,#4011,.T.);
#5100=ORIENTED_EDGE('',*,*,#4114,.F.);
#5101=ORIENTED_EDGE('',*,*,#4061,.F.);
#5102=ORIENTED_EDGE('',*,*,#4115,.T.);
#5103=ORIENTED_EDGE('',*,*,#4012,.T.);
#5104=ORIENTED_EDGE('',*,*,#4115,.F.);
#5105=ORIENTED_EDGE('',*,*,#4062,.F.);
#5106=ORIENTED_EDGE('',*,*,#4116,.T.);
#5107=ORIENTED_EDGE('',*,*,#4013,.T.);
#5108=ORIENTED_EDGE('',*,*,#4116,.F.);
#5109=ORIENTED_EDGE('',*,*,#4063,.F.);
#5110=ORIENTED_EDGE('',*,*,#4117,.T.);
#5111=ORIENTED_EDGE('',*,*,#4014,.T.);
#5112=ORIENTED_EDGE('',*,*,#4117,.F.);
#5113=ORIENTED_EDGE('',*,*,#4064,.F.);
#5114=ORIENTED_EDGE('',*,*,#4118,.T.);
#5115=ORIENTED_EDGE('',*,*,#4015,.T.);
#5116=ORIENTED_EDGE('',*,*,#4118,.F.);
#5117=ORIENTED_EDGE('',*,*,#4065,.F.);
#5118=ORIENTED_EDGE('',*,*,#4119,.T.);
#5119=ORIENTED_EDGE('',*,*,#4016,.T.);
#5120=ORIENTED_EDGE('',*,*,#4119,.F.);
#5121=ORIENTED_EDGE('',*,*,#4066,.F.);
#5122=ORIENTED_EDGE('',*,*,#4120,.T.);
#5123=ORIENTED_EDGE('',*,*,#4017,.T.);
#5124=ORIENTED_EDGE('',*,*,#4120,.F.);
#5125=ORIENTED_EDGE('',*,*,#4067,.F.);
#5126=ORIENTED_EDGE('',*,*,#4121,.T.);
#5127=ORIENTED_EDGE('',*,*,#4018,.T.);
#5128=ORIENTED_EDGE('',*,*,#4121,.F.);
#5129=ORIENTED_EDGE('',*,*,#4068,.F.);
#5130=ORIENTED_EDGE('',*,*,#4122,.T.);
#5131=ORIENTED_EDGE('',*,*,#4019,.T.);
#5132=ORIENTED_EDGE('',*,*,#4122,.F.);
#5133=ORIENTED_EDGE('',*,*,#4069,.F.);
#5134=ORIENTED_EDGE('',*,*,#4123,.T.);
#5135=ORIENTED_EDGE('',*,*,#4020,.T.);
#5136=ORIENTED_EDGE('',*,*,#4123,.F.);
#5137=ORIENTED_EDGE('',*,*,#4070,.F.);
#5138=ORIENTED_EDGE('',*,*,#4124,.T.);
#5139=ORIENTED_EDGE('',*,*,#4021,.T.);
#5140=ORIENTED_EDGE('',*,*,#4124,.F.);
#5141=ORIENTED_EDGE('',*,*,#4071,.F.);
#5142=ORIENTED_EDGE('',*,*,#4125,.T.);
#5143=ORIENTED_EDGE('',*,*,#4022,.T.);
#5144=ORIENTED_EDGE('',*,*,#4125,.F.);
#5145=ORIENTED_EDGE('',*,*,#4072,.F.);
#5146=ORIENTED_EDGE('',*,*,#4126,.T.);
#5147=ORIENTED_EDGE('',*,*,#4023,.T.);
#5148=ORIENTED_EDGE('',*,*,#4126,.F.);
#5149=ORIENTED_EDGE('',*,*,#4073,.F.);
#5150=ORIENTED_EDGE('',*,*,#4127,.T.);
#5151=ORIENTED_EDGE('',*,*,#4024,.T.);
#5152=ORIENTED_EDGE('',*,*,#4127,.F.);
#5153=ORIENTED_EDGE('',*,*,#4074,.F.);
#5154=ORIENTED_EDGE('',*,*,#4128,.T.);
#5155=ORIENTED_EDGE('',*,*,#4025,.T.);
#5156=ORIENTED_EDGE('',*,*,#4128,.F.);
#5157=ORIENTED_EDGE('',*,*,#4075,.F.);
#5158=ORIENTED_EDGE('',*,*,#4129,.T.);
#5159=ORIENTED_EDGE('',*,*,#4026,.T.);
#5160=ORIENTED_EDGE('',*,*,#4129,.F.);
#5161=ORIENTED_EDGE('',*,*,#4084,.F.);
#5162=ORIENTED_EDGE('',*,*,#4130,.T.);
#5163=ORIENTED_EDGE('',*,*,#4027,.T.);
#5164=ORIENTED_EDGE('',*,*,#4130,.F.);
#5165=ORIENTED_EDGE('',*,*,#4085,.F.);
#5166=ORIENTED_EDGE('',*,*,#4131,.T.);
#5167=ORIENTED_EDGE('',*,*,#4028,.T.);
#5168=ORIENTED_EDGE('',*,*,#4131,.F.);
#5169=ORIENTED_EDGE('',*,*,#4086,.F.);
#5170=ORIENTED_EDGE('',*,*,#4132,.T.);
#5171=ORIENTED_EDGE('',*,*,#4029,.T.);
#5172=ORIENTED_EDGE('',*,*,#4132,.F.);
#5173=ORIENTED_EDGE('',*,*,#4087,.F.);
#5174=ORIENTED_EDGE('',*,*,#4133,.T.);
#5175=ORIENTED_EDGE('',*,*,#4030,.T.);
#5176=ORIENTED_EDGE('',*,*,#4133,.F.);
#5177=ORIENTED_EDGE('',*,*,#4088,.F.);
#5178=ORIENTED_EDGE('',*,*,#4134,.T.);
#5179=ORIENTED_EDGE('',*,*,#4031,.T.);
#5180=ORIENTED_EDGE('',*,*,#4134,.F.);
#5181=ORIENTED_EDGE('',*,*,#4089,.F.);
#5182=ORIENTED_EDGE('',*,*,#4135,.T.);
#5183=ORIENTED_EDGE('',*,*,#4032,.T.);
#5184=ORIENTED_EDGE('',*,*,#4135,.F.);
#5185=ORIENTED_EDGE('',*,*,#4090,.F.);
#5186=ORIENTED_EDGE('',*,*,#4136,.T.);
#5187=ORIENTED_EDGE('',*,*,#4033,.T.);
#5188=ORIENTED_EDGE('',*,*,#4136,.F.);
#5189=ORIENTED_EDGE('',*,*,#4091,.F.);
#5190=ORIENTED_EDGE('',*,*,#4137,.T.);
#5191=ORIENTED_EDGE('',*,*,#4034,.T.);
#5192=ORIENTED_EDGE('',*,*,#4137,.F.);
#5193=ORIENTED_EDGE('',*,*,#4092,.F.);
#5194=ORIENTED_EDGE('',*,*,#4138,.T.);
#5195=ORIENTED_EDGE('',*,*,#4035,.T.);
#5196=ORIENTED_EDGE('',*,*,#4138,.F.);
#5197=ORIENTED_EDGE('',*,*,#4093,.F.);
#5198=ORIENTED_EDGE('',*,*,#4139,.T.);
#5199=ORIENTED_EDGE('',*,*,#4036,.T.);
#5200=ORIENTED_EDGE('',*,*,#4139,.F.);
#5201=ORIENTED_EDGE('',*,*,#4094,.F.);
#5202=ORIENTED_EDGE('',*,*,#4140,.T.);
#5203=ORIENTED_EDGE('',*,*,#4037,.T.);
#5204=ORIENTED_EDGE('',*,*,#4140,.F.);
#5205=ORIENTED_EDGE('',*,*,#4141,.T.);
#5206=ORIENTED_EDGE('',*,*,#4142,.F.);
#5207=ORIENTED_EDGE('',*,*,#4076,.F.);
#5208=ORIENTED_EDGE('',*,*,#4143,.T.);
#5209=ORIENTED_EDGE('',*,*,#4142,.T.);
#5210=ORIENTED_EDGE('',*,*,#4144,.F.);
#5211=ORIENTED_EDGE('',*,*,#4145,.F.);
#5212=ORIENTED_EDGE('',*,*,#4077,.F.);
#5213=ORIENTED_EDGE('',*,*,#4146,.T.);
#5214=ORIENTED_EDGE('',*,*,#4147,.F.);
#5215=ORIENTED_EDGE('',*,*,#4078,.F.);
#5216=ORIENTED_EDGE('',*,*,#4145,.T.);
#5217=ORIENTED_EDGE('',*,*,#4148,.F.);
#5218=ORIENTED_EDGE('',*,*,#4079,.T.);
#5219=ORIENTED_EDGE('',*,*,#4147,.T.);
#5220=ORIENTED_EDGE('',*,*,#4149,.F.);
#5221=ORIENTED_EDGE('',*,*,#4150,.T.);
#5222=ORIENTED_EDGE('',*,*,#4151,.F.);
#5223=ORIENTED_EDGE('',*,*,#4080,.F.);
#5224=ORIENTED_EDGE('',*,*,#4148,.T.);
#5225=ORIENTED_EDGE('',*,*,#4152,.F.);
#5226=ORIENTED_EDGE('',*,*,#4081,.T.);
#5227=ORIENTED_EDGE('',*,*,#4151,.T.);
#5228=ORIENTED_EDGE('',*,*,#4153,.T.);
#5229=ORIENTED_EDGE('',*,*,#4154,.T.);
#5230=ORIENTED_EDGE('',*,*,#4155,.F.);
#5231=ORIENTED_EDGE('',*,*,#4082,.F.);
#5232=ORIENTED_EDGE('',*,*,#4152,.T.);
#5233=ORIENTED_EDGE('',*,*,#4155,.T.);
#5234=ORIENTED_EDGE('',*,*,#4156,.T.);
#5235=ORIENTED_EDGE('',*,*,#4143,.F.);
#5236=ORIENTED_EDGE('',*,*,#4083,.F.);
#5237=ORIENTED_EDGE('',*,*,#4157,.F.);
#5238=ORIENTED_EDGE('',*,*,#4158,.T.);
#5239=ORIENTED_EDGE('',*,*,#4141,.F.);
#5240=ORIENTED_EDGE('',*,*,#4159,.T.);
#5241=ORIENTED_EDGE('',*,*,#4160,.F.);
#5242=ORIENTED_EDGE('',*,*,#4161,.T.);
#5243=ORIENTED_EDGE('',*,*,#4144,.T.);
#5244=ORIENTED_EDGE('',*,*,#4162,.F.);
#5245=ORIENTED_EDGE('',*,*,#4163,.F.);
#5246=ORIENTED_EDGE('',*,*,#4146,.F.);
#5247=ORIENTED_EDGE('',*,*,#4164,.T.);
#5248=ORIENTED_EDGE('',*,*,#4165,.F.);
#5249=ORIENTED_EDGE('',*,*,#4166,.T.);
#5250=ORIENTED_EDGE('',*,*,#4149,.T.);
#5251=ORIENTED_EDGE('',*,*,#4167,.T.);
#5252=ORIENTED_EDGE('',*,*,#4168,.F.);
#5253=ORIENTED_EDGE('',*,*,#4150,.F.);
#5254=ORIENTED_EDGE('',*,*,#4169,.T.);
#5255=ORIENTED_EDGE('',*,*,#4170,.T.);
#5256=ORIENTED_EDGE('',*,*,#4171,.T.);
#5257=ORIENTED_EDGE('',*,*,#4153,.F.);
#5258=ORIENTED_EDGE('',*,*,#4172,.T.);
#5259=ORIENTED_EDGE('',*,*,#4173,.T.);
#5260=ORIENTED_EDGE('',*,*,#4154,.F.);
#5261=ORIENTED_EDGE('',*,*,#4156,.F.);
#5262=ORIENTED_EDGE('',*,*,#4174,.T.);
#5263=ORIENTED_EDGE('',*,*,#4175,.T.);
#5264=ORIENTED_EDGE('',*,*,#4176,.T.);
#5265=ORIENTED_EDGE('',*,*,#4157,.T.);
#5266=ORIENTED_EDGE('',*,*,#4176,.F.);
#5267=ORIENTED_EDGE('',*,*,#4177,.T.);
#5268=ORIENTED_EDGE('',*,*,#4158,.F.);
#5269=ORIENTED_EDGE('',*,*,#4178,.F.);
#5270=ORIENTED_EDGE('',*,*,#4159,.F.);
#5271=ORIENTED_EDGE('',*,*,#4165,.T.);
#5272=ORIENTED_EDGE('',*,*,#4179,.T.);
#5273=ORIENTED_EDGE('',*,*,#4160,.T.);
#5274=ORIENTED_EDGE('',*,*,#4180,.T.);
#5275=ORIENTED_EDGE('',*,*,#4175,.F.);
#5276=ORIENTED_EDGE('',*,*,#4181,.T.);
#5277=ORIENTED_EDGE('',*,*,#4170,.F.);
#5278=ORIENTED_EDGE('',*,*,#4182,.T.);
#5279=ORIENTED_EDGE('',*,*,#4162,.T.);
#5280=ORIENTED_EDGE('',*,*,#4161,.F.);
#5281=ORIENTED_EDGE('',*,*,#4183,.F.);
#5282=ORIENTED_EDGE('',*,*,#4163,.T.);
#5283=ORIENTED_EDGE('',*,*,#4184,.F.);
#5284=ORIENTED_EDGE('',*,*,#4164,.F.);
#5285=ORIENTED_EDGE('',*,*,#4166,.F.);
#5286=ORIENTED_EDGE('',*,*,#4185,.F.);
#5287=ORIENTED_EDGE('',*,*,#4167,.F.);
#5288=ORIENTED_EDGE('',*,*,#4168,.T.);
#5289=ORIENTED_EDGE('',*,*,#4186,.T.);
#5290=ORIENTED_EDGE('',*,*,#4169,.F.);
#5291=ORIENTED_EDGE('',*,*,#4171,.F.);
#5292=ORIENTED_EDGE('',*,*,#4187,.T.);
#5293=ORIENTED_EDGE('',*,*,#4172,.F.);
#5294=ORIENTED_EDGE('',*,*,#4174,.F.);
#5295=ORIENTED_EDGE('',*,*,#4173,.F.);
#5296=ORIENTED_EDGE('',*,*,#4188,.T.);
#5297=ORIENTED_EDGE('',*,*,#4178,.T.);
#5298=ORIENTED_EDGE('',*,*,#4177,.F.);
#5299=ORIENTED_EDGE('',*,*,#4180,.F.);
#5300=ORIENTED_EDGE('',*,*,#4184,.T.);
#5301=ORIENTED_EDGE('',*,*,#4183,.T.);
#5302=ORIENTED_EDGE('',*,*,#4179,.F.);
#5303=ORIENTED_EDGE('',*,*,#4181,.F.);
#5304=ORIENTED_EDGE('',*,*,#4188,.F.);
#5305=ORIENTED_EDGE('',*,*,#4187,.F.);
#5306=ORIENTED_EDGE('',*,*,#4185,.T.);
#5307=ORIENTED_EDGE('',*,*,#4182,.F.);
#5308=ORIENTED_EDGE('',*,*,#4186,.F.);
#5309=ORIENTED_EDGE('',*,*,#4189,.T.);
#5310=ORIENTED_EDGE('',*,*,#4190,.T.);
#5311=ORIENTED_EDGE('',*,*,#4191,.F.);
#5312=ORIENTED_EDGE('',*,*,#4192,.F.);
#5313=ORIENTED_EDGE('',*,*,#4193,.F.);
#5314=ORIENTED_EDGE('',*,*,#4194,.T.);
#5315=ORIENTED_EDGE('',*,*,#4195,.T.);
#5316=ORIENTED_EDGE('',*,*,#4196,.F.);
#5317=ORIENTED_EDGE('',*,*,#4197,.T.);
#5318=ORIENTED_EDGE('',*,*,#4193,.T.);
#5319=ORIENTED_EDGE('',*,*,#4198,.F.);
#5320=ORIENTED_EDGE('',*,*,#4189,.F.);
#5321=ORIENTED_EDGE('',*,*,#4199,.F.);
#5322=ORIENTED_EDGE('',*,*,#4191,.T.);
#5323=ORIENTED_EDGE('',*,*,#4200,.T.);
#5324=ORIENTED_EDGE('',*,*,#4195,.F.);
#5325=ORIENTED_EDGE('',*,*,#4192,.T.);
#5326=ORIENTED_EDGE('',*,*,#4199,.T.);
#5327=ORIENTED_EDGE('',*,*,#4194,.F.);
#5328=ORIENTED_EDGE('',*,*,#4197,.F.);
#5329=ORIENTED_EDGE('',*,*,#4190,.F.);
#5330=ORIENTED_EDGE('',*,*,#4198,.T.);
#5331=ORIENTED_EDGE('',*,*,#4196,.T.);
#5332=ORIENTED_EDGE('',*,*,#4200,.F.);
#5333=ORIENTED_EDGE('',*,*,#4201,.T.);
#5334=ORIENTED_EDGE('',*,*,#4202,.T.);
#5335=ORIENTED_EDGE('',*,*,#4203,.F.);
#5336=ORIENTED_EDGE('',*,*,#4204,.F.);
#5337=ORIENTED_EDGE('',*,*,#4205,.F.);
#5338=ORIENTED_EDGE('',*,*,#4206,.T.);
#5339=ORIENTED_EDGE('',*,*,#4207,.T.);
#5340=ORIENTED_EDGE('',*,*,#4208,.F.);
#5341=ORIENTED_EDGE('',*,*,#4209,.T.);
#5342=ORIENTED_EDGE('',*,*,#4205,.T.);
#5343=ORIENTED_EDGE('',*,*,#4210,.F.);
#5344=ORIENTED_EDGE('',*,*,#4201,.F.);
#5345=ORIENTED_EDGE('',*,*,#4211,.F.);
#5346=ORIENTED_EDGE('',*,*,#4203,.T.);
#5347=ORIENTED_EDGE('',*,*,#4212,.T.);
#5348=ORIENTED_EDGE('',*,*,#4207,.F.);
#5349=ORIENTED_EDGE('',*,*,#4204,.T.);
#5350=ORIENTED_EDGE('',*,*,#4211,.T.);
#5351=ORIENTED_EDGE('',*,*,#4206,.F.);
#5352=ORIENTED_EDGE('',*,*,#4209,.F.);
#5353=ORIENTED_EDGE('',*,*,#4202,.F.);
#5354=ORIENTED_EDGE('',*,*,#4210,.T.);
#5355=ORIENTED_EDGE('',*,*,#4208,.T.);
#5356=ORIENTED_EDGE('',*,*,#4212,.F.);
#5357=ORIENTED_EDGE('',*,*,#4213,.T.);
#5358=ORIENTED_EDGE('',*,*,#4214,.T.);
#5359=ORIENTED_EDGE('',*,*,#4215,.F.);
#5360=ORIENTED_EDGE('',*,*,#4216,.F.);
#5361=ORIENTED_EDGE('',*,*,#4217,.F.);
#5362=ORIENTED_EDGE('',*,*,#4218,.T.);
#5363=ORIENTED_EDGE('',*,*,#4219,.T.);
#5364=ORIENTED_EDGE('',*,*,#4220,.F.);
#5365=ORIENTED_EDGE('',*,*,#4221,.T.);
#5366=ORIENTED_EDGE('',*,*,#4217,.T.);
#5367=ORIENTED_EDGE('',*,*,#4222,.F.);
#5368=ORIENTED_EDGE('',*,*,#4213,.F.);
#5369=ORIENTED_EDGE('',*,*,#4223,.F.);
#5370=ORIENTED_EDGE('',*,*,#4215,.T.);
#5371=ORIENTED_EDGE('',*,*,#4224,.T.);
#5372=ORIENTED_EDGE('',*,*,#4219,.F.);
#5373=ORIENTED_EDGE('',*,*,#4216,.T.);
#5374=ORIENTED_EDGE('',*,*,#4223,.T.);
#5375=ORIENTED_EDGE('',*,*,#4218,.F.);
#5376=ORIENTED_EDGE('',*,*,#4221,.F.);
#5377=ORIENTED_EDGE('',*,*,#4214,.F.);
#5378=ORIENTED_EDGE('',*,*,#4222,.T.);
#5379=ORIENTED_EDGE('',*,*,#4220,.T.);
#5380=ORIENTED_EDGE('',*,*,#4224,.F.);
#5381=ORIENTED_EDGE('',*,*,#4225,.T.);
#5382=ORIENTED_EDGE('',*,*,#4226,.T.);
#5383=ORIENTED_EDGE('',*,*,#4227,.F.);
#5384=ORIENTED_EDGE('',*,*,#4228,.F.);
#5385=ORIENTED_EDGE('',*,*,#4229,.F.);
#5386=ORIENTED_EDGE('',*,*,#4230,.T.);
#5387=ORIENTED_EDGE('',*,*,#4231,.T.);
#5388=ORIENTED_EDGE('',*,*,#4232,.F.);
#5389=ORIENTED_EDGE('',*,*,#4233,.T.);
#5390=ORIENTED_EDGE('',*,*,#4229,.T.);
#5391=ORIENTED_EDGE('',*,*,#4234,.F.);
#5392=ORIENTED_EDGE('',*,*,#4225,.F.);
#5393=ORIENTED_EDGE('',*,*,#4235,.F.);
#5394=ORIENTED_EDGE('',*,*,#4227,.T.);
#5395=ORIENTED_EDGE('',*,*,#4236,.T.);
#5396=ORIENTED_EDGE('',*,*,#4231,.F.);
#5397=ORIENTED_EDGE('',*,*,#4228,.T.);
#5398=ORIENTED_EDGE('',*,*,#4235,.T.);
#5399=ORIENTED_EDGE('',*,*,#4230,.F.);
#5400=ORIENTED_EDGE('',*,*,#4233,.F.);
#5401=ORIENTED_EDGE('',*,*,#4226,.F.);
#5402=ORIENTED_EDGE('',*,*,#4234,.T.);
#5403=ORIENTED_EDGE('',*,*,#4232,.T.);
#5404=ORIENTED_EDGE('',*,*,#4236,.F.);
#5405=ORIENTED_EDGE('',*,*,#4237,.T.);
#5406=ORIENTED_EDGE('',*,*,#4238,.T.);
#5407=ORIENTED_EDGE('',*,*,#4239,.F.);
#5408=ORIENTED_EDGE('',*,*,#4240,.F.);
#5409=ORIENTED_EDGE('',*,*,#4241,.F.);
#5410=ORIENTED_EDGE('',*,*,#4242,.T.);
#5411=ORIENTED_EDGE('',*,*,#4243,.T.);
#5412=ORIENTED_EDGE('',*,*,#4244,.F.);
#5413=ORIENTED_EDGE('',*,*,#4245,.T.);
#5414=ORIENTED_EDGE('',*,*,#4241,.T.);
#5415=ORIENTED_EDGE('',*,*,#4246,.F.);
#5416=ORIENTED_EDGE('',*,*,#4237,.F.);
#5417=ORIENTED_EDGE('',*,*,#4247,.F.);
#5418=ORIENTED_EDGE('',*,*,#4239,.T.);
#5419=ORIENTED_EDGE('',*,*,#4248,.T.);
#5420=ORIENTED_EDGE('',*,*,#4243,.F.);
#5421=ORIENTED_EDGE('',*,*,#4240,.T.);
#5422=ORIENTED_EDGE('',*,*,#4247,.T.);
#5423=ORIENTED_EDGE('',*,*,#4242,.F.);
#5424=ORIENTED_EDGE('',*,*,#4245,.F.);
#5425=ORIENTED_EDGE('',*,*,#4238,.F.);
#5426=ORIENTED_EDGE('',*,*,#4246,.T.);
#5427=ORIENTED_EDGE('',*,*,#4244,.T.);
#5428=ORIENTED_EDGE('',*,*,#4248,.F.);
#5429=ORIENTED_EDGE('',*,*,#4249,.T.);
#5430=ORIENTED_EDGE('',*,*,#4250,.T.);
#5431=ORIENTED_EDGE('',*,*,#4251,.F.);
#5432=ORIENTED_EDGE('',*,*,#4252,.F.);
#5433=ORIENTED_EDGE('',*,*,#4253,.F.);
#5434=ORIENTED_EDGE('',*,*,#4254,.T.);
#5435=ORIENTED_EDGE('',*,*,#4255,.T.);
#5436=ORIENTED_EDGE('',*,*,#4256,.F.);
#5437=ORIENTED_EDGE('',*,*,#4257,.T.);
#5438=ORIENTED_EDGE('',*,*,#4253,.T.);
#5439=ORIENTED_EDGE('',*,*,#4258,.F.);
#5440=ORIENTED_EDGE('',*,*,#4249,.F.);
#5441=ORIENTED_EDGE('',*,*,#4259,.F.);
#5442=ORIENTED_EDGE('',*,*,#4251,.T.);
#5443=ORIENTED_EDGE('',*,*,#4260,.T.);
#5444=ORIENTED_EDGE('',*,*,#4255,.F.);
#5445=ORIENTED_EDGE('',*,*,#4252,.T.);
#5446=ORIENTED_EDGE('',*,*,#4259,.T.);
#5447=ORIENTED_EDGE('',*,*,#4254,.F.);
#5448=ORIENTED_EDGE('',*,*,#4257,.F.);
#5449=ORIENTED_EDGE('',*,*,#4250,.F.);
#5450=ORIENTED_EDGE('',*,*,#4258,.T.);
#5451=ORIENTED_EDGE('',*,*,#4256,.T.);
#5452=ORIENTED_EDGE('',*,*,#4260,.F.);
#5453=ORIENTED_EDGE('',*,*,#4261,.T.);
#5454=ORIENTED_EDGE('',*,*,#4262,.T.);
#5455=ORIENTED_EDGE('',*,*,#4263,.F.);
#5456=ORIENTED_EDGE('',*,*,#4264,.F.);
#5457=ORIENTED_EDGE('',*,*,#4265,.F.);
#5458=ORIENTED_EDGE('',*,*,#4266,.T.);
#5459=ORIENTED_EDGE('',*,*,#4267,.T.);
#5460=ORIENTED_EDGE('',*,*,#4268,.F.);
#5461=ORIENTED_EDGE('',*,*,#4269,.T.);
#5462=ORIENTED_EDGE('',*,*,#4265,.T.);
#5463=ORIENTED_EDGE('',*,*,#4270,.F.);
#5464=ORIENTED_EDGE('',*,*,#4261,.F.);
#5465=ORIENTED_EDGE('',*,*,#4271,.F.);
#5466=ORIENTED_EDGE('',*,*,#4263,.T.);
#5467=ORIENTED_EDGE('',*,*,#4272,.T.);
#5468=ORIENTED_EDGE('',*,*,#4267,.F.);
#5469=ORIENTED_EDGE('',*,*,#4264,.T.);
#5470=ORIENTED_EDGE('',*,*,#4271,.T.);
#5471=ORIENTED_EDGE('',*,*,#4266,.F.);
#5472=ORIENTED_EDGE('',*,*,#4269,.F.);
#5473=ORIENTED_EDGE('',*,*,#4262,.F.);
#5474=ORIENTED_EDGE('',*,*,#4270,.T.);
#5475=ORIENTED_EDGE('',*,*,#4268,.T.);
#5476=ORIENTED_EDGE('',*,*,#4272,.F.);
#5477=ORIENTED_EDGE('',*,*,#4273,.F.);
#5478=ORIENTED_EDGE('',*,*,#4274,.T.);
#5479=ORIENTED_EDGE('',*,*,#4275,.T.);
#5480=ORIENTED_EDGE('',*,*,#4274,.F.);
#5481=ORIENTED_EDGE('',*,*,#4273,.T.);
#5482=ORIENTED_EDGE('',*,*,#4276,.F.);
#5483=ORIENTED_EDGE('',*,*,#4275,.F.);
#5484=ORIENTED_EDGE('',*,*,#4277,.F.);
#5485=ORIENTED_EDGE('',*,*,#4278,.T.);
#5486=ORIENTED_EDGE('',*,*,#4276,.T.);
#5487=ORIENTED_EDGE('',*,*,#4278,.F.);
#5488=ORIENTED_EDGE('',*,*,#4277,.T.);
#5489=ORIENTED_EDGE('',*,*,#4279,.F.);
#5490=ORIENTED_EDGE('',*,*,#4280,.T.);
#5491=ORIENTED_EDGE('',*,*,#4281,.T.);
#5492=ORIENTED_EDGE('',*,*,#4280,.F.);
#5493=ORIENTED_EDGE('',*,*,#4279,.T.);
#5494=ORIENTED_EDGE('',*,*,#4281,.F.);
#5495=ORIENTED_EDGE('',*,*,#4282,.F.);
#5496=ORIENTED_EDGE('',*,*,#4283,.T.);
#5497=ORIENTED_EDGE('',*,*,#4284,.T.);
#5498=ORIENTED_EDGE('',*,*,#4283,.F.);
#5499=ORIENTED_EDGE('',*,*,#4282,.T.);
#5500=ORIENTED_EDGE('',*,*,#4284,.F.);
#5501=ORIENTED_EDGE('',*,*,#4285,.F.);
#5502=ORIENTED_EDGE('',*,*,#4286,.T.);
#5503=ORIENTED_EDGE('',*,*,#4287,.T.);
#5504=ORIENTED_EDGE('',*,*,#4286,.F.);
#5505=ORIENTED_EDGE('',*,*,#4285,.T.);
#5506=ORIENTED_EDGE('',*,*,#4287,.F.);
#5507=ORIENTED_EDGE('',*,*,#4288,.F.);
#5508=ORIENTED_EDGE('',*,*,#4289,.T.);
#5509=ORIENTED_EDGE('',*,*,#4290,.T.);
#5510=ORIENTED_EDGE('',*,*,#4289,.F.);
#5511=ORIENTED_EDGE('',*,*,#4288,.T.);
#5512=ORIENTED_EDGE('',*,*,#4290,.F.);
#5513=ORIENTED_EDGE('',*,*,#4291,.F.);
#5514=ORIENTED_EDGE('',*,*,#4292,.T.);
#5515=ORIENTED_EDGE('',*,*,#4293,.T.);
#5516=ORIENTED_EDGE('',*,*,#4292,.F.);
#5517=ORIENTED_EDGE('',*,*,#4291,.T.);
#5518=ORIENTED_EDGE('',*,*,#4293,.F.);
#5519=ORIENTED_EDGE('',*,*,#4294,.F.);
#5520=ORIENTED_EDGE('',*,*,#4295,.T.);
#5521=ORIENTED_EDGE('',*,*,#4296,.T.);
#5522=ORIENTED_EDGE('',*,*,#4295,.F.);
#5523=ORIENTED_EDGE('',*,*,#4294,.T.);
#5524=ORIENTED_EDGE('',*,*,#4296,.F.);
#5525=ORIENTED_EDGE('',*,*,#4297,.F.);
#5526=ORIENTED_EDGE('',*,*,#4298,.T.);
#5527=ORIENTED_EDGE('',*,*,#4299,.T.);
#5528=ORIENTED_EDGE('',*,*,#4298,.F.);
#5529=ORIENTED_EDGE('',*,*,#4297,.T.);
#5530=ORIENTED_EDGE('',*,*,#4299,.F.);
#5531=ORIENTED_EDGE('',*,*,#4300,.F.);
#5532=ORIENTED_EDGE('',*,*,#4301,.T.);
#5533=ORIENTED_EDGE('',*,*,#4302,.T.);
#5534=ORIENTED_EDGE('',*,*,#4301,.F.);
#5535=ORIENTED_EDGE('',*,*,#4300,.T.);
#5536=ORIENTED_EDGE('',*,*,#4302,.F.);
#5537=ORIENTED_EDGE('',*,*,#4303,.F.);
#5538=ORIENTED_EDGE('',*,*,#4304,.T.);
#5539=ORIENTED_EDGE('',*,*,#4305,.T.);
#5540=ORIENTED_EDGE('',*,*,#4304,.F.);
#5541=ORIENTED_EDGE('',*,*,#4303,.T.);
#5542=ORIENTED_EDGE('',*,*,#4305,.F.);
#5543=ORIENTED_EDGE('',*,*,#4306,.T.);
#5544=ORIENTED_EDGE('',*,*,#4307,.T.);
#5545=ORIENTED_EDGE('',*,*,#4308,.F.);
#5546=ORIENTED_EDGE('',*,*,#4309,.F.);
#5547=ORIENTED_EDGE('',*,*,#4310,.F.);
#5548=ORIENTED_EDGE('',*,*,#4311,.T.);
#5549=ORIENTED_EDGE('',*,*,#4312,.T.);
#5550=ORIENTED_EDGE('',*,*,#4313,.F.);
#5551=ORIENTED_EDGE('',*,*,#4314,.T.);
#5552=ORIENTED_EDGE('',*,*,#4310,.T.);
#5553=ORIENTED_EDGE('',*,*,#4315,.F.);
#5554=ORIENTED_EDGE('',*,*,#4306,.F.);
#5555=ORIENTED_EDGE('',*,*,#4316,.F.);
#5556=ORIENTED_EDGE('',*,*,#4308,.T.);
#5557=ORIENTED_EDGE('',*,*,#4317,.T.);
#5558=ORIENTED_EDGE('',*,*,#4312,.F.);
#5559=ORIENTED_EDGE('',*,*,#4309,.T.);
#5560=ORIENTED_EDGE('',*,*,#4316,.T.);
#5561=ORIENTED_EDGE('',*,*,#4311,.F.);
#5562=ORIENTED_EDGE('',*,*,#4314,.F.);
#5563=ORIENTED_EDGE('',*,*,#4307,.F.);
#5564=ORIENTED_EDGE('',*,*,#4315,.T.);
#5565=ORIENTED_EDGE('',*,*,#4313,.T.);
#5566=ORIENTED_EDGE('',*,*,#4317,.F.);
#5567=ORIENTED_EDGE('',*,*,#4318,.F.);
#5568=ORIENTED_EDGE('',*,*,#4319,.T.);
#5569=ORIENTED_EDGE('',*,*,#4320,.T.);
#5570=ORIENTED_EDGE('',*,*,#4319,.F.);
#5571=ORIENTED_EDGE('',*,*,#4318,.T.);
#5572=ORIENTED_EDGE('',*,*,#4321,.F.);
#5573=ORIENTED_EDGE('',*,*,#4320,.F.);
#5574=ORIENTED_EDGE('',*,*,#4322,.F.);
#5575=ORIENTED_EDGE('',*,*,#4323,.T.);
#5576=ORIENTED_EDGE('',*,*,#4321,.T.);
#5577=ORIENTED_EDGE('',*,*,#4323,.F.);
#5578=ORIENTED_EDGE('',*,*,#4322,.T.);
#5579=ORIENTED_EDGE('',*,*,#4324,.F.);
#5580=ORIENTED_EDGE('',*,*,#4325,.T.);
#5581=ORIENTED_EDGE('',*,*,#4326,.T.);
#5582=ORIENTED_EDGE('',*,*,#4325,.F.);
#5583=ORIENTED_EDGE('',*,*,#4324,.T.);
#5584=ORIENTED_EDGE('',*,*,#4326,.F.);
#5585=ORIENTED_EDGE('',*,*,#4327,.F.);
#5586=ORIENTED_EDGE('',*,*,#4328,.T.);
#5587=ORIENTED_EDGE('',*,*,#4329,.T.);
#5588=ORIENTED_EDGE('',*,*,#4328,.F.);
#5589=ORIENTED_EDGE('',*,*,#4327,.T.);
#5590=ORIENTED_EDGE('',*,*,#4329,.F.);
#5591=ORIENTED_EDGE('',*,*,#4330,.F.);
#5592=ORIENTED_EDGE('',*,*,#4331,.T.);
#5593=ORIENTED_EDGE('',*,*,#4332,.T.);
#5594=ORIENTED_EDGE('',*,*,#4331,.F.);
#5595=ORIENTED_EDGE('',*,*,#4330,.T.);
#5596=ORIENTED_EDGE('',*,*,#4332,.F.);
#5597=ORIENTED_EDGE('',*,*,#4333,.F.);
#5598=ORIENTED_EDGE('',*,*,#4334,.T.);
#5599=ORIENTED_EDGE('',*,*,#4335,.T.);
#5600=ORIENTED_EDGE('',*,*,#4334,.F.);
#5601=ORIENTED_EDGE('',*,*,#4333,.T.);
#5602=ORIENTED_EDGE('',*,*,#4335,.F.);
#5603=ORIENTED_EDGE('',*,*,#4336,.F.);
#5604=ORIENTED_EDGE('',*,*,#4337,.T.);
#5605=ORIENTED_EDGE('',*,*,#4338,.T.);
#5606=ORIENTED_EDGE('',*,*,#4337,.F.);
#5607=ORIENTED_EDGE('',*,*,#4336,.T.);
#5608=ORIENTED_EDGE('',*,*,#4338,.F.);
#5609=ORIENTED_EDGE('',*,*,#4339,.F.);
#5610=ORIENTED_EDGE('',*,*,#4340,.T.);
#5611=ORIENTED_EDGE('',*,*,#4341,.T.);
#5612=ORIENTED_EDGE('',*,*,#4340,.F.);
#5613=ORIENTED_EDGE('',*,*,#4339,.T.);
#5614=ORIENTED_EDGE('',*,*,#4341,.F.);
#5615=ORIENTED_EDGE('',*,*,#4342,.F.);
#5616=ORIENTED_EDGE('',*,*,#4343,.T.);
#5617=ORIENTED_EDGE('',*,*,#4344,.T.);
#5618=ORIENTED_EDGE('',*,*,#4343,.F.);
#5619=ORIENTED_EDGE('',*,*,#4342,.T.);
#5620=ORIENTED_EDGE('',*,*,#4344,.F.);
#5621=ORIENTED_EDGE('',*,*,#4345,.F.);
#5622=ORIENTED_EDGE('',*,*,#4346,.T.);
#5623=ORIENTED_EDGE('',*,*,#4347,.T.);
#5624=ORIENTED_EDGE('',*,*,#4346,.F.);
#5625=ORIENTED_EDGE('',*,*,#4345,.T.);
#5626=ORIENTED_EDGE('',*,*,#4347,.F.);
#5627=ORIENTED_EDGE('',*,*,#4348,.F.);
#5628=ORIENTED_EDGE('',*,*,#4349,.T.);
#5629=ORIENTED_EDGE('',*,*,#4350,.T.);
#5630=ORIENTED_EDGE('',*,*,#4349,.F.);
#5631=ORIENTED_EDGE('',*,*,#4348,.T.);
#5632=ORIENTED_EDGE('',*,*,#4350,.F.);
#5633=ORIENTED_EDGE('',*,*,#4351,.T.);
#5634=ORIENTED_EDGE('',*,*,#4352,.T.);
#5635=ORIENTED_EDGE('',*,*,#4353,.F.);
#5636=ORIENTED_EDGE('',*,*,#4354,.F.);
#5637=ORIENTED_EDGE('',*,*,#4355,.F.);
#5638=ORIENTED_EDGE('',*,*,#4356,.T.);
#5639=ORIENTED_EDGE('',*,*,#4357,.T.);
#5640=ORIENTED_EDGE('',*,*,#4358,.F.);
#5641=ORIENTED_EDGE('',*,*,#4359,.T.);
#5642=ORIENTED_EDGE('',*,*,#4355,.T.);
#5643=ORIENTED_EDGE('',*,*,#4360,.F.);
#5644=ORIENTED_EDGE('',*,*,#4351,.F.);
#5645=ORIENTED_EDGE('',*,*,#4361,.F.);
#5646=ORIENTED_EDGE('',*,*,#4353,.T.);
#5647=ORIENTED_EDGE('',*,*,#4362,.T.);
#5648=ORIENTED_EDGE('',*,*,#4357,.F.);
#5649=ORIENTED_EDGE('',*,*,#4354,.T.);
#5650=ORIENTED_EDGE('',*,*,#4361,.T.);
#5651=ORIENTED_EDGE('',*,*,#4356,.F.);
#5652=ORIENTED_EDGE('',*,*,#4359,.F.);
#5653=ORIENTED_EDGE('',*,*,#4352,.F.);
#5654=ORIENTED_EDGE('',*,*,#4360,.T.);
#5655=ORIENTED_EDGE('',*,*,#4358,.T.);
#5656=ORIENTED_EDGE('',*,*,#4362,.F.);
#5657=ORIENTED_EDGE('',*,*,#4363,.T.);
#5658=ORIENTED_EDGE('',*,*,#4364,.T.);
#5659=ORIENTED_EDGE('',*,*,#4365,.F.);
#5660=ORIENTED_EDGE('',*,*,#4366,.F.);
#5661=ORIENTED_EDGE('',*,*,#4367,.F.);
#5662=ORIENTED_EDGE('',*,*,#4368,.T.);
#5663=ORIENTED_EDGE('',*,*,#4369,.T.);
#5664=ORIENTED_EDGE('',*,*,#4370,.F.);
#5665=ORIENTED_EDGE('',*,*,#4371,.T.);
#5666=ORIENTED_EDGE('',*,*,#4367,.T.);
#5667=ORIENTED_EDGE('',*,*,#4372,.F.);
#5668=ORIENTED_EDGE('',*,*,#4363,.F.);
#5669=ORIENTED_EDGE('',*,*,#4373,.F.);
#5670=ORIENTED_EDGE('',*,*,#4365,.T.);
#5671=ORIENTED_EDGE('',*,*,#4374,.T.);
#5672=ORIENTED_EDGE('',*,*,#4369,.F.);
#5673=ORIENTED_EDGE('',*,*,#4366,.T.);
#5674=ORIENTED_EDGE('',*,*,#4373,.T.);
#5675=ORIENTED_EDGE('',*,*,#4368,.F.);
#5676=ORIENTED_EDGE('',*,*,#4371,.F.);
#5677=ORIENTED_EDGE('',*,*,#4364,.F.);
#5678=ORIENTED_EDGE('',*,*,#4372,.T.);
#5679=ORIENTED_EDGE('',*,*,#4370,.T.);
#5680=ORIENTED_EDGE('',*,*,#4374,.F.);
#5681=ORIENTED_EDGE('',*,*,#4375,.T.);
#5682=ORIENTED_EDGE('',*,*,#4376,.T.);
#5683=ORIENTED_EDGE('',*,*,#4377,.F.);
#5684=ORIENTED_EDGE('',*,*,#4378,.F.);
#5685=ORIENTED_EDGE('',*,*,#4379,.F.);
#5686=ORIENTED_EDGE('',*,*,#4380,.T.);
#5687=ORIENTED_EDGE('',*,*,#4381,.T.);
#5688=ORIENTED_EDGE('',*,*,#4382,.F.);
#5689=ORIENTED_EDGE('',*,*,#4383,.T.);
#5690=ORIENTED_EDGE('',*,*,#4379,.T.);
#5691=ORIENTED_EDGE('',*,*,#4384,.F.);
#5692=ORIENTED_EDGE('',*,*,#4375,.F.);
#5693=ORIENTED_EDGE('',*,*,#4385,.F.);
#5694=ORIENTED_EDGE('',*,*,#4377,.T.);
#5695=ORIENTED_EDGE('',*,*,#4386,.T.);
#5696=ORIENTED_EDGE('',*,*,#4381,.F.);
#5697=ORIENTED_EDGE('',*,*,#4378,.T.);
#5698=ORIENTED_EDGE('',*,*,#4385,.T.);
#5699=ORIENTED_EDGE('',*,*,#4380,.F.);
#5700=ORIENTED_EDGE('',*,*,#4383,.F.);
#5701=ORIENTED_EDGE('',*,*,#4376,.F.);
#5702=ORIENTED_EDGE('',*,*,#4384,.T.);
#5703=ORIENTED_EDGE('',*,*,#4382,.T.);
#5704=ORIENTED_EDGE('',*,*,#4386,.F.);
#5705=ORIENTED_EDGE('',*,*,#4387,.T.);
#5706=ORIENTED_EDGE('',*,*,#4388,.T.);
#5707=ORIENTED_EDGE('',*,*,#4389,.F.);
#5708=ORIENTED_EDGE('',*,*,#4390,.F.);
#5709=ORIENTED_EDGE('',*,*,#4391,.F.);
#5710=ORIENTED_EDGE('',*,*,#4392,.T.);
#5711=ORIENTED_EDGE('',*,*,#4393,.T.);
#5712=ORIENTED_EDGE('',*,*,#4394,.F.);
#5713=ORIENTED_EDGE('',*,*,#4395,.T.);
#5714=ORIENTED_EDGE('',*,*,#4391,.T.);
#5715=ORIENTED_EDGE('',*,*,#4396,.F.);
#5716=ORIENTED_EDGE('',*,*,#4387,.F.);
#5717=ORIENTED_EDGE('',*,*,#4397,.F.);
#5718=ORIENTED_EDGE('',*,*,#4389,.T.);
#5719=ORIENTED_EDGE('',*,*,#4398,.T.);
#5720=ORIENTED_EDGE('',*,*,#4393,.F.);
#5721=ORIENTED_EDGE('',*,*,#4390,.T.);
#5722=ORIENTED_EDGE('',*,*,#4397,.T.);
#5723=ORIENTED_EDGE('',*,*,#4392,.F.);
#5724=ORIENTED_EDGE('',*,*,#4395,.F.);
#5725=ORIENTED_EDGE('',*,*,#4388,.F.);
#5726=ORIENTED_EDGE('',*,*,#4396,.T.);
#5727=ORIENTED_EDGE('',*,*,#4394,.T.);
#5728=ORIENTED_EDGE('',*,*,#4398,.F.);
#5729=ORIENTED_EDGE('',*,*,#4399,.F.);
#5730=ORIENTED_EDGE('',*,*,#4400,.T.);
#5731=ORIENTED_EDGE('',*,*,#4401,.T.);
#5732=ORIENTED_EDGE('',*,*,#4400,.F.);
#5733=ORIENTED_EDGE('',*,*,#4399,.T.);
#5734=ORIENTED_EDGE('',*,*,#4402,.F.);
#5735=ORIENTED_EDGE('',*,*,#4401,.F.);
#5736=ORIENTED_EDGE('',*,*,#4403,.F.);
#5737=ORIENTED_EDGE('',*,*,#4404,.T.);
#5738=ORIENTED_EDGE('',*,*,#4402,.T.);
#5739=ORIENTED_EDGE('',*,*,#4404,.F.);
#5740=ORIENTED_EDGE('',*,*,#4403,.T.);
#5741=ORIENTED_EDGE('',*,*,#4405,.F.);
#5742=ORIENTED_EDGE('',*,*,#4406,.T.);
#5743=ORIENTED_EDGE('',*,*,#4407,.T.);
#5744=ORIENTED_EDGE('',*,*,#4406,.F.);
#5745=ORIENTED_EDGE('',*,*,#4405,.T.);
#5746=ORIENTED_EDGE('',*,*,#4407,.F.);
#5747=ORIENTED_EDGE('',*,*,#4408,.F.);
#5748=ORIENTED_EDGE('',*,*,#4409,.T.);
#5749=ORIENTED_EDGE('',*,*,#4410,.T.);
#5750=ORIENTED_EDGE('',*,*,#4409,.F.);
#5751=ORIENTED_EDGE('',*,*,#4408,.T.);
#5752=ORIENTED_EDGE('',*,*,#4410,.F.);
#5753=ORIENTED_EDGE('',*,*,#4411,.F.);
#5754=ORIENTED_EDGE('',*,*,#4412,.T.);
#5755=ORIENTED_EDGE('',*,*,#4413,.T.);
#5756=ORIENTED_EDGE('',*,*,#4412,.F.);
#5757=ORIENTED_EDGE('',*,*,#4411,.T.);
#5758=ORIENTED_EDGE('',*,*,#4413,.F.);
#5759=ORIENTED_EDGE('',*,*,#4414,.F.);
#5760=ORIENTED_EDGE('',*,*,#4415,.T.);
#5761=ORIENTED_EDGE('',*,*,#4416,.T.);
#5762=ORIENTED_EDGE('',*,*,#4415,.F.);
#5763=ORIENTED_EDGE('',*,*,#4414,.T.);
#5764=ORIENTED_EDGE('',*,*,#4416,.F.);
#5765=ORIENTED_EDGE('',*,*,#4417,.F.);
#5766=ORIENTED_EDGE('',*,*,#4418,.T.);
#5767=ORIENTED_EDGE('',*,*,#4419,.T.);
#5768=ORIENTED_EDGE('',*,*,#4418,.F.);
#5769=ORIENTED_EDGE('',*,*,#4417,.T.);
#5770=ORIENTED_EDGE('',*,*,#4419,.F.);
#5771=ORIENTED_EDGE('',*,*,#4420,.F.);
#5772=ORIENTED_EDGE('',*,*,#4421,.T.);
#5773=ORIENTED_EDGE('',*,*,#4422,.T.);
#5774=ORIENTED_EDGE('',*,*,#4421,.F.);
#5775=ORIENTED_EDGE('',*,*,#4420,.T.);
#5776=ORIENTED_EDGE('',*,*,#4422,.F.);
#5777=ORIENTED_EDGE('',*,*,#4423,.F.);
#5778=ORIENTED_EDGE('',*,*,#4424,.T.);
#5779=ORIENTED_EDGE('',*,*,#4425,.T.);
#5780=ORIENTED_EDGE('',*,*,#4424,.F.);
#5781=ORIENTED_EDGE('',*,*,#4423,.T.);
#5782=ORIENTED_EDGE('',*,*,#4425,.F.);
#5783=ORIENTED_EDGE('',*,*,#4426,.F.);
#5784=ORIENTED_EDGE('',*,*,#4427,.T.);
#5785=ORIENTED_EDGE('',*,*,#4428,.T.);
#5786=ORIENTED_EDGE('',*,*,#4427,.F.);
#5787=ORIENTED_EDGE('',*,*,#4426,.T.);
#5788=ORIENTED_EDGE('',*,*,#4428,.F.);
#5789=ORIENTED_EDGE('',*,*,#4429,.F.);
#5790=ORIENTED_EDGE('',*,*,#4430,.T.);
#5791=ORIENTED_EDGE('',*,*,#4431,.T.);
#5792=ORIENTED_EDGE('',*,*,#4430,.F.);
#5793=ORIENTED_EDGE('',*,*,#4429,.T.);
#5794=ORIENTED_EDGE('',*,*,#4431,.F.);
#5795=ORIENTED_EDGE('',*,*,#4432,.F.);
#5796=ORIENTED_EDGE('',*,*,#4433,.T.);
#5797=ORIENTED_EDGE('',*,*,#4434,.T.);
#5798=ORIENTED_EDGE('',*,*,#4433,.F.);
#5799=ORIENTED_EDGE('',*,*,#4432,.T.);
#5800=ORIENTED_EDGE('',*,*,#4435,.F.);
#5801=ORIENTED_EDGE('',*,*,#4434,.F.);
#5802=ORIENTED_EDGE('',*,*,#4436,.F.);
#5803=ORIENTED_EDGE('',*,*,#4437,.T.);
#5804=ORIENTED_EDGE('',*,*,#4435,.T.);
#5805=ORIENTED_EDGE('',*,*,#4437,.F.);
#5806=ORIENTED_EDGE('',*,*,#4436,.T.);
#5807=ORIENTED_EDGE('',*,*,#4438,.F.);
#5808=ORIENTED_EDGE('',*,*,#4439,.T.);
#5809=ORIENTED_EDGE('',*,*,#4440,.T.);
#5810=ORIENTED_EDGE('',*,*,#4439,.F.);
#5811=ORIENTED_EDGE('',*,*,#4438,.T.);
#5812=ORIENTED_EDGE('',*,*,#4440,.F.);
#5813=ORIENTED_EDGE('',*,*,#4441,.F.);
#5814=ORIENTED_EDGE('',*,*,#4442,.T.);
#5815=ORIENTED_EDGE('',*,*,#4443,.T.);
#5816=ORIENTED_EDGE('',*,*,#4442,.F.);
#5817=ORIENTED_EDGE('',*,*,#4441,.T.);
#5818=ORIENTED_EDGE('',*,*,#4443,.F.);
#5819=ORIENTED_EDGE('',*,*,#4444,.F.);
#5820=ORIENTED_EDGE('',*,*,#4445,.T.);
#5821=ORIENTED_EDGE('',*,*,#4446,.T.);
#5822=ORIENTED_EDGE('',*,*,#4445,.F.);
#5823=ORIENTED_EDGE('',*,*,#4444,.T.);
#5824=ORIENTED_EDGE('',*,*,#4446,.F.);
#5825=ORIENTED_EDGE('',*,*,#4447,.F.);
#5826=ORIENTED_EDGE('',*,*,#4448,.T.);
#5827=ORIENTED_EDGE('',*,*,#4449,.T.);
#5828=ORIENTED_EDGE('',*,*,#4448,.F.);
#5829=ORIENTED_EDGE('',*,*,#4447,.T.);
#5830=ORIENTED_EDGE('',*,*,#4449,.F.);
#5831=ORIENTED_EDGE('',*,*,#4450,.F.);
#5832=ORIENTED_EDGE('',*,*,#4451,.T.);
#5833=ORIENTED_EDGE('',*,*,#4452,.T.);
#5834=ORIENTED_EDGE('',*,*,#4451,.F.);
#5835=ORIENTED_EDGE('',*,*,#4450,.T.);
#5836=ORIENTED_EDGE('',*,*,#4452,.F.);
#5837=ORIENTED_EDGE('',*,*,#4453,.F.);
#5838=ORIENTED_EDGE('',*,*,#4454,.T.);
#5839=ORIENTED_EDGE('',*,*,#4455,.T.);
#5840=ORIENTED_EDGE('',*,*,#4454,.F.);
#5841=ORIENTED_EDGE('',*,*,#4453,.T.);
#5842=ORIENTED_EDGE('',*,*,#4455,.F.);
#5843=ORIENTED_EDGE('',*,*,#4456,.F.);
#5844=ORIENTED_EDGE('',*,*,#4457,.T.);
#5845=ORIENTED_EDGE('',*,*,#4458,.T.);
#5846=ORIENTED_EDGE('',*,*,#4457,.F.);
#5847=ORIENTED_EDGE('',*,*,#4456,.T.);
#5848=ORIENTED_EDGE('',*,*,#4458,.F.);
#5849=ORIENTED_EDGE('',*,*,#4459,.F.);
#5850=ORIENTED_EDGE('',*,*,#4460,.T.);
#5851=ORIENTED_EDGE('',*,*,#4461,.T.);
#5852=ORIENTED_EDGE('',*,*,#4460,.F.);
#5853=ORIENTED_EDGE('',*,*,#4459,.T.);
#5854=ORIENTED_EDGE('',*,*,#4461,.F.);
#5855=ORIENTED_EDGE('',*,*,#4462,.F.);
#5856=ORIENTED_EDGE('',*,*,#4463,.T.);
#5857=ORIENTED_EDGE('',*,*,#4464,.T.);
#5858=ORIENTED_EDGE('',*,*,#4463,.F.);
#5859=ORIENTED_EDGE('',*,*,#4462,.T.);
#5860=ORIENTED_EDGE('',*,*,#4464,.F.);
#5861=ORIENTED_EDGE('',*,*,#4465,.F.);
#5862=ORIENTED_EDGE('',*,*,#4466,.T.);
#5863=ORIENTED_EDGE('',*,*,#4467,.T.);
#5864=ORIENTED_EDGE('',*,*,#4466,.F.);
#5865=ORIENTED_EDGE('',*,*,#4465,.T.);
#5866=ORIENTED_EDGE('',*,*,#4468,.F.);
#5867=ORIENTED_EDGE('',*,*,#4467,.F.);
#5868=ORIENTED_EDGE('',*,*,#4469,.F.);
#5869=ORIENTED_EDGE('',*,*,#4470,.T.);
#5870=ORIENTED_EDGE('',*,*,#4468,.T.);
#5871=ORIENTED_EDGE('',*,*,#4470,.F.);
#5872=ORIENTED_EDGE('',*,*,#4469,.T.);
#5873=ORIENTED_EDGE('',*,*,#4471,.F.);
#5874=ORIENTED_EDGE('',*,*,#4472,.T.);
#5875=ORIENTED_EDGE('',*,*,#4473,.T.);
#5876=ORIENTED_EDGE('',*,*,#4472,.F.);
#5877=ORIENTED_EDGE('',*,*,#4471,.T.);
#5878=ORIENTED_EDGE('',*,*,#4473,.F.);
#5879=ORIENTED_EDGE('',*,*,#4474,.F.);
#5880=ORIENTED_EDGE('',*,*,#4475,.T.);
#5881=ORIENTED_EDGE('',*,*,#4476,.T.);
#5882=ORIENTED_EDGE('',*,*,#4475,.F.);
#5883=ORIENTED_EDGE('',*,*,#4474,.T.);
#5884=ORIENTED_EDGE('',*,*,#4476,.F.);
#5885=ORIENTED_EDGE('',*,*,#4477,.F.);
#5886=ORIENTED_EDGE('',*,*,#4478,.T.);
#5887=ORIENTED_EDGE('',*,*,#4479,.T.);
#5888=ORIENTED_EDGE('',*,*,#4478,.F.);
#5889=ORIENTED_EDGE('',*,*,#4477,.T.);
#5890=ORIENTED_EDGE('',*,*,#4479,.F.);
#5891=ORIENTED_EDGE('',*,*,#4480,.F.);
#5892=ORIENTED_EDGE('',*,*,#4481,.T.);
#5893=ORIENTED_EDGE('',*,*,#4482,.T.);
#5894=ORIENTED_EDGE('',*,*,#4481,.F.);
#5895=ORIENTED_EDGE('',*,*,#4480,.T.);
#5896=ORIENTED_EDGE('',*,*,#4482,.F.);
#5897=ORIENTED_EDGE('',*,*,#4483,.F.);
#5898=ORIENTED_EDGE('',*,*,#4484,.T.);
#5899=ORIENTED_EDGE('',*,*,#4485,.T.);
#5900=ORIENTED_EDGE('',*,*,#4484,.F.);
#5901=ORIENTED_EDGE('',*,*,#4483,.T.);
#5902=ORIENTED_EDGE('',*,*,#4485,.F.);
#5903=ORIENTED_EDGE('',*,*,#4486,.F.);
#5904=ORIENTED_EDGE('',*,*,#4487,.T.);
#5905=ORIENTED_EDGE('',*,*,#4488,.T.);
#5906=ORIENTED_EDGE('',*,*,#4487,.F.);
#5907=ORIENTED_EDGE('',*,*,#4486,.T.);
#5908=ORIENTED_EDGE('',*,*,#4488,.F.);
#5909=ORIENTED_EDGE('',*,*,#4489,.F.);
#5910=ORIENTED_EDGE('',*,*,#4490,.T.);
#5911=ORIENTED_EDGE('',*,*,#4491,.T.);
#5912=ORIENTED_EDGE('',*,*,#4490,.F.);
#5913=ORIENTED_EDGE('',*,*,#4489,.T.);
#5914=ORIENTED_EDGE('',*,*,#4491,.F.);
#5915=ORIENTED_EDGE('',*,*,#4492,.F.);
#5916=ORIENTED_EDGE('',*,*,#4493,.T.);
#5917=ORIENTED_EDGE('',*,*,#4494,.T.);
#5918=ORIENTED_EDGE('',*,*,#4493,.F.);
#5919=ORIENTED_EDGE('',*,*,#4492,.T.);
#5920=ORIENTED_EDGE('',*,*,#4494,.F.);
#5921=ORIENTED_EDGE('',*,*,#4495,.F.);
#5922=ORIENTED_EDGE('',*,*,#4496,.T.);
#5923=ORIENTED_EDGE('',*,*,#4497,.T.);
#5924=ORIENTED_EDGE('',*,*,#4496,.F.);
#5925=ORIENTED_EDGE('',*,*,#4495,.T.);
#5926=ORIENTED_EDGE('',*,*,#4497,.F.);
#5927=ORIENTED_EDGE('',*,*,#4498,.F.);
#5928=ORIENTED_EDGE('',*,*,#4499,.T.);
#5929=ORIENTED_EDGE('',*,*,#4500,.T.);
#5930=ORIENTED_EDGE('',*,*,#4499,.F.);
#5931=ORIENTED_EDGE('',*,*,#4498,.T.);
#5932=ORIENTED_EDGE('',*,*,#4501,.F.);
#5933=ORIENTED_EDGE('',*,*,#4500,.F.);
#5934=ORIENTED_EDGE('',*,*,#4502,.F.);
#5935=ORIENTED_EDGE('',*,*,#4503,.T.);
#5936=ORIENTED_EDGE('',*,*,#4501,.T.);
#5937=ORIENTED_EDGE('',*,*,#4503,.F.);
#5938=ORIENTED_EDGE('',*,*,#4502,.T.);
#5939=ORIENTED_EDGE('',*,*,#4504,.F.);
#5940=ORIENTED_EDGE('',*,*,#4505,.T.);
#5941=ORIENTED_EDGE('',*,*,#4506,.T.);
#5942=ORIENTED_EDGE('',*,*,#4505,.F.);
#5943=ORIENTED_EDGE('',*,*,#4504,.T.);
#5944=ORIENTED_EDGE('',*,*,#4506,.F.);
#5945=ORIENTED_EDGE('',*,*,#4507,.F.);
#5946=ORIENTED_EDGE('',*,*,#4508,.T.);
#5947=ORIENTED_EDGE('',*,*,#4509,.T.);
#5948=ORIENTED_EDGE('',*,*,#4508,.F.);
#5949=ORIENTED_EDGE('',*,*,#4507,.T.);
#5950=ORIENTED_EDGE('',*,*,#4509,.F.);
#5951=ORIENTED_EDGE('',*,*,#4510,.F.);
#5952=ORIENTED_EDGE('',*,*,#4511,.T.);
#5953=ORIENTED_EDGE('',*,*,#4512,.T.);
#5954=ORIENTED_EDGE('',*,*,#4511,.F.);
#5955=ORIENTED_EDGE('',*,*,#4510,.T.);
#5956=ORIENTED_EDGE('',*,*,#4512,.F.);
#5957=ORIENTED_EDGE('',*,*,#4513,.F.);
#5958=ORIENTED_EDGE('',*,*,#4514,.T.);
#5959=ORIENTED_EDGE('',*,*,#4515,.T.);
#5960=ORIENTED_EDGE('',*,*,#4514,.F.);
#5961=ORIENTED_EDGE('',*,*,#4513,.T.);
#5962=ORIENTED_EDGE('',*,*,#4515,.F.);
#5963=ORIENTED_EDGE('',*,*,#4516,.F.);
#5964=ORIENTED_EDGE('',*,*,#4517,.T.);
#5965=ORIENTED_EDGE('',*,*,#4518,.T.);
#5966=ORIENTED_EDGE('',*,*,#4517,.F.);
#5967=ORIENTED_EDGE('',*,*,#4516,.T.);
#5968=ORIENTED_EDGE('',*,*,#4518,.F.);
#5969=ORIENTED_EDGE('',*,*,#4519,.F.);
#5970=ORIENTED_EDGE('',*,*,#4520,.T.);
#5971=ORIENTED_EDGE('',*,*,#4521,.T.);
#5972=ORIENTED_EDGE('',*,*,#4520,.F.);
#5973=ORIENTED_EDGE('',*,*,#4519,.T.);
#5974=ORIENTED_EDGE('',*,*,#4521,.F.);
#5975=ORIENTED_EDGE('',*,*,#4522,.F.);
#5976=ORIENTED_EDGE('',*,*,#4523,.T.);
#5977=ORIENTED_EDGE('',*,*,#4524,.T.);
#5978=ORIENTED_EDGE('',*,*,#4523,.F.);
#5979=ORIENTED_EDGE('',*,*,#4522,.T.);
#5980=ORIENTED_EDGE('',*,*,#4524,.F.);
#5981=ORIENTED_EDGE('',*,*,#4525,.F.);
#5982=ORIENTED_EDGE('',*,*,#4526,.T.);
#5983=ORIENTED_EDGE('',*,*,#4527,.T.);
#5984=ORIENTED_EDGE('',*,*,#4526,.F.);
#5985=ORIENTED_EDGE('',*,*,#4525,.T.);
#5986=ORIENTED_EDGE('',*,*,#4527,.F.);
#5987=ORIENTED_EDGE('',*,*,#4528,.F.);
#5988=ORIENTED_EDGE('',*,*,#4529,.T.);
#5989=ORIENTED_EDGE('',*,*,#4530,.T.);
#5990=ORIENTED_EDGE('',*,*,#4529,.F.);
#5991=ORIENTED_EDGE('',*,*,#4528,.T.);
#5992=ORIENTED_EDGE('',*,*,#4530,.F.);
#5993=ORIENTED_EDGE('',*,*,#4531,.F.);
#5994=ORIENTED_EDGE('',*,*,#4532,.T.);
#5995=ORIENTED_EDGE('',*,*,#4533,.T.);
#5996=ORIENTED_EDGE('',*,*,#4532,.F.);
#5997=ORIENTED_EDGE('',*,*,#4531,.T.);
#5998=ORIENTED_EDGE('',*,*,#4534,.F.);
#5999=ORIENTED_EDGE('',*,*,#4533,.F.);
#6000=ORIENTED_EDGE('',*,*,#4535,.F.);
#6001=ORIENTED_EDGE('',*,*,#4536,.T.);
#6002=ORIENTED_EDGE('',*,*,#4534,.T.);
#6003=ORIENTED_EDGE('',*,*,#4536,.F.);
#6004=ORIENTED_EDGE('',*,*,#4535,.T.);
#6005=ORIENTED_EDGE('',*,*,#4537,.F.);
#6006=ORIENTED_EDGE('',*,*,#4538,.T.);
#6007=ORIENTED_EDGE('',*,*,#4539,.T.);
#6008=ORIENTED_EDGE('',*,*,#4538,.F.);
#6009=ORIENTED_EDGE('',*,*,#4537,.T.);
#6010=ORIENTED_EDGE('',*,*,#4539,.F.);
#6011=ORIENTED_EDGE('',*,*,#4540,.F.);
#6012=ORIENTED_EDGE('',*,*,#4541,.T.);
#6013=ORIENTED_EDGE('',*,*,#4542,.T.);
#6014=ORIENTED_EDGE('',*,*,#4541,.F.);
#6015=ORIENTED_EDGE('',*,*,#4540,.T.);
#6016=ORIENTED_EDGE('',*,*,#4542,.F.);
#6017=ORIENTED_EDGE('',*,*,#4543,.F.);
#6018=ORIENTED_EDGE('',*,*,#4544,.T.);
#6019=ORIENTED_EDGE('',*,*,#4545,.T.);
#6020=ORIENTED_EDGE('',*,*,#4544,.F.);
#6021=ORIENTED_EDGE('',*,*,#4543,.T.);
#6022=ORIENTED_EDGE('',*,*,#4545,.F.);
#6023=ORIENTED_EDGE('',*,*,#4546,.F.);
#6024=ORIENTED_EDGE('',*,*,#4547,.T.);
#6025=ORIENTED_EDGE('',*,*,#4548,.T.);
#6026=ORIENTED_EDGE('',*,*,#4547,.F.);
#6027=ORIENTED_EDGE('',*,*,#4546,.T.);
#6028=ORIENTED_EDGE('',*,*,#4548,.F.);
#6029=ORIENTED_EDGE('',*,*,#4549,.F.);
#6030=ORIENTED_EDGE('',*,*,#4550,.T.);
#6031=ORIENTED_EDGE('',*,*,#4551,.T.);
#6032=ORIENTED_EDGE('',*,*,#4550,.F.);
#6033=ORIENTED_EDGE('',*,*,#4549,.T.);
#6034=ORIENTED_EDGE('',*,*,#4551,.F.);
#6035=ORIENTED_EDGE('',*,*,#4552,.F.);
#6036=ORIENTED_EDGE('',*,*,#4553,.T.);
#6037=ORIENTED_EDGE('',*,*,#4554,.T.);
#6038=ORIENTED_EDGE('',*,*,#4553,.F.);
#6039=ORIENTED_EDGE('',*,*,#4552,.T.);
#6040=ORIENTED_EDGE('',*,*,#4554,.F.);
#6041=ORIENTED_EDGE('',*,*,#4555,.F.);
#6042=ORIENTED_EDGE('',*,*,#4556,.T.);
#6043=ORIENTED_EDGE('',*,*,#4557,.T.);
#6044=ORIENTED_EDGE('',*,*,#4556,.F.);
#6045=ORIENTED_EDGE('',*,*,#4555,.T.);
#6046=ORIENTED_EDGE('',*,*,#4557,.F.);
#6047=ORIENTED_EDGE('',*,*,#4558,.F.);
#6048=ORIENTED_EDGE('',*,*,#4559,.T.);
#6049=ORIENTED_EDGE('',*,*,#4560,.T.);
#6050=ORIENTED_EDGE('',*,*,#4559,.F.);
#6051=ORIENTED_EDGE('',*,*,#4558,.T.);
#6052=ORIENTED_EDGE('',*,*,#4560,.F.);
#6053=ORIENTED_EDGE('',*,*,#4561,.F.);
#6054=ORIENTED_EDGE('',*,*,#4562,.T.);
#6055=ORIENTED_EDGE('',*,*,#4563,.T.);
#6056=ORIENTED_EDGE('',*,*,#4562,.F.);
#6057=ORIENTED_EDGE('',*,*,#4561,.T.);
#6058=ORIENTED_EDGE('',*,*,#4563,.F.);
#6059=ORIENTED_EDGE('',*,*,#4564,.F.);
#6060=ORIENTED_EDGE('',*,*,#4565,.T.);
#6061=ORIENTED_EDGE('',*,*,#4566,.T.);
#6062=ORIENTED_EDGE('',*,*,#4565,.F.);
#6063=ORIENTED_EDGE('',*,*,#4564,.T.);
#6064=ORIENTED_EDGE('',*,*,#4567,.F.);
#6065=ORIENTED_EDGE('',*,*,#4566,.F.);
#6066=ORIENTED_EDGE('',*,*,#4568,.F.);
#6067=ORIENTED_EDGE('',*,*,#4569,.T.);
#6068=ORIENTED_EDGE('',*,*,#4567,.T.);
#6069=ORIENTED_EDGE('',*,*,#4569,.F.);
#6070=ORIENTED_EDGE('',*,*,#4568,.T.);
#6071=ORIENTED_EDGE('',*,*,#4570,.F.);
#6072=ORIENTED_EDGE('',*,*,#4571,.T.);
#6073=ORIENTED_EDGE('',*,*,#4572,.T.);
#6074=ORIENTED_EDGE('',*,*,#4571,.F.);
#6075=ORIENTED_EDGE('',*,*,#4570,.T.);
#6076=ORIENTED_EDGE('',*,*,#4572,.F.);
#6077=ORIENTED_EDGE('',*,*,#4573,.F.);
#6078=ORIENTED_EDGE('',*,*,#4574,.T.);
#6079=ORIENTED_EDGE('',*,*,#4575,.T.);
#6080=ORIENTED_EDGE('',*,*,#4574,.F.);
#6081=ORIENTED_EDGE('',*,*,#4573,.T.);
#6082=ORIENTED_EDGE('',*,*,#4575,.F.);
#6083=ORIENTED_EDGE('',*,*,#4576,.F.);
#6084=ORIENTED_EDGE('',*,*,#4577,.T.);
#6085=ORIENTED_EDGE('',*,*,#4578,.T.);
#6086=ORIENTED_EDGE('',*,*,#4577,.F.);
#6087=ORIENTED_EDGE('',*,*,#4576,.T.);
#6088=ORIENTED_EDGE('',*,*,#4578,.F.);
#6089=ORIENTED_EDGE('',*,*,#4579,.F.);
#6090=ORIENTED_EDGE('',*,*,#4580,.T.);
#6091=ORIENTED_EDGE('',*,*,#4581,.T.);
#6092=ORIENTED_EDGE('',*,*,#4580,.F.);
#6093=ORIENTED_EDGE('',*,*,#4579,.T.);
#6094=ORIENTED_EDGE('',*,*,#4581,.F.);
#6095=ORIENTED_EDGE('',*,*,#4582,.F.);
#6096=ORIENTED_EDGE('',*,*,#4583,.T.);
#6097=ORIENTED_EDGE('',*,*,#4584,.T.);
#6098=ORIENTED_EDGE('',*,*,#4583,.F.);
#6099=ORIENTED_EDGE('',*,*,#4582,.T.);
#6100=ORIENTED_EDGE('',*,*,#4584,.F.);
#6101=ORIENTED_EDGE('',*,*,#4585,.F.);
#6102=ORIENTED_EDGE('',*,*,#4586,.T.);
#6103=ORIENTED_EDGE('',*,*,#4587,.T.);
#6104=ORIENTED_EDGE('',*,*,#4586,.F.);
#6105=ORIENTED_EDGE('',*,*,#4585,.T.);
#6106=ORIENTED_EDGE('',*,*,#4587,.F.);
#6107=ORIENTED_EDGE('',*,*,#4588,.F.);
#6108=ORIENTED_EDGE('',*,*,#4589,.T.);
#6109=ORIENTED_EDGE('',*,*,#4590,.T.);
#6110=ORIENTED_EDGE('',*,*,#4589,.F.);
#6111=ORIENTED_EDGE('',*,*,#4588,.T.);
#6112=ORIENTED_EDGE('',*,*,#4590,.F.);
#6113=ORIENTED_EDGE('',*,*,#4591,.F.);
#6114=ORIENTED_EDGE('',*,*,#4592,.T.);
#6115=ORIENTED_EDGE('',*,*,#4593,.T.);
#6116=ORIENTED_EDGE('',*,*,#4592,.F.);
#6117=ORIENTED_EDGE('',*,*,#4591,.T.);
#6118=ORIENTED_EDGE('',*,*,#4593,.F.);
#6119=ORIENTED_EDGE('',*,*,#4594,.F.);
#6120=ORIENTED_EDGE('',*,*,#4595,.T.);
#6121=ORIENTED_EDGE('',*,*,#4596,.T.);
#6122=ORIENTED_EDGE('',*,*,#4595,.F.);
#6123=ORIENTED_EDGE('',*,*,#4594,.T.);
#6124=ORIENTED_EDGE('',*,*,#4596,.F.);
#6125=ORIENTED_EDGE('',*,*,#4597,.T.);
#6126=ORIENTED_EDGE('',*,*,#4598,.T.);
#6127=ORIENTED_EDGE('',*,*,#4599,.F.);
#6128=ORIENTED_EDGE('',*,*,#4600,.F.);
#6129=ORIENTED_EDGE('',*,*,#4601,.F.);
#6130=ORIENTED_EDGE('',*,*,#4602,.T.);
#6131=ORIENTED_EDGE('',*,*,#4603,.T.);
#6132=ORIENTED_EDGE('',*,*,#4604,.F.);
#6133=ORIENTED_EDGE('',*,*,#4605,.T.);
#6134=ORIENTED_EDGE('',*,*,#4601,.T.);
#6135=ORIENTED_EDGE('',*,*,#4606,.F.);
#6136=ORIENTED_EDGE('',*,*,#4597,.F.);
#6137=ORIENTED_EDGE('',*,*,#4607,.F.);
#6138=ORIENTED_EDGE('',*,*,#4599,.T.);
#6139=ORIENTED_EDGE('',*,*,#4608,.T.);
#6140=ORIENTED_EDGE('',*,*,#4603,.F.);
#6141=ORIENTED_EDGE('',*,*,#4600,.T.);
#6142=ORIENTED_EDGE('',*,*,#4607,.T.);
#6143=ORIENTED_EDGE('',*,*,#4602,.F.);
#6144=ORIENTED_EDGE('',*,*,#4605,.F.);
#6145=ORIENTED_EDGE('',*,*,#4598,.F.);
#6146=ORIENTED_EDGE('',*,*,#4606,.T.);
#6147=ORIENTED_EDGE('',*,*,#4604,.T.);
#6148=ORIENTED_EDGE('',*,*,#4608,.F.);
#6149=ORIENTED_EDGE('',*,*,#4609,.T.);
#6150=ORIENTED_EDGE('',*,*,#4610,.T.);
#6151=ORIENTED_EDGE('',*,*,#4611,.F.);
#6152=ORIENTED_EDGE('',*,*,#4612,.F.);
#6153=ORIENTED_EDGE('',*,*,#4613,.F.);
#6154=ORIENTED_EDGE('',*,*,#4614,.T.);
#6155=ORIENTED_EDGE('',*,*,#4615,.T.);
#6156=ORIENTED_EDGE('',*,*,#4616,.F.);
#6157=ORIENTED_EDGE('',*,*,#4617,.T.);
#6158=ORIENTED_EDGE('',*,*,#4613,.T.);
#6159=ORIENTED_EDGE('',*,*,#4618,.F.);
#6160=ORIENTED_EDGE('',*,*,#4609,.F.);
#6161=ORIENTED_EDGE('',*,*,#4619,.F.);
#6162=ORIENTED_EDGE('',*,*,#4611,.T.);
#6163=ORIENTED_EDGE('',*,*,#4620,.T.);
#6164=ORIENTED_EDGE('',*,*,#4615,.F.);
#6165=ORIENTED_EDGE('',*,*,#4612,.T.);
#6166=ORIENTED_EDGE('',*,*,#4619,.T.);
#6167=ORIENTED_EDGE('',*,*,#4614,.F.);
#6168=ORIENTED_EDGE('',*,*,#4617,.F.);
#6169=ORIENTED_EDGE('',*,*,#4610,.F.);
#6170=ORIENTED_EDGE('',*,*,#4618,.T.);
#6171=ORIENTED_EDGE('',*,*,#4616,.T.);
#6172=ORIENTED_EDGE('',*,*,#4620,.F.);
#6173=ORIENTED_EDGE('',*,*,#4621,.T.);
#6174=ORIENTED_EDGE('',*,*,#4622,.T.);
#6175=ORIENTED_EDGE('',*,*,#4623,.F.);
#6176=ORIENTED_EDGE('',*,*,#4624,.F.);
#6177=ORIENTED_EDGE('',*,*,#4625,.F.);
#6178=ORIENTED_EDGE('',*,*,#4626,.T.);
#6179=ORIENTED_EDGE('',*,*,#4627,.T.);
#6180=ORIENTED_EDGE('',*,*,#4628,.F.);
#6181=ORIENTED_EDGE('',*,*,#4629,.T.);
#6182=ORIENTED_EDGE('',*,*,#4625,.T.);
#6183=ORIENTED_EDGE('',*,*,#4630,.F.);
#6184=ORIENTED_EDGE('',*,*,#4621,.F.);
#6185=ORIENTED_EDGE('',*,*,#4631,.F.);
#6186=ORIENTED_EDGE('',*,*,#4623,.T.);
#6187=ORIENTED_EDGE('',*,*,#4632,.T.);
#6188=ORIENTED_EDGE('',*,*,#4627,.F.);
#6189=ORIENTED_EDGE('',*,*,#4624,.T.);
#6190=ORIENTED_EDGE('',*,*,#4631,.T.);
#6191=ORIENTED_EDGE('',*,*,#4626,.F.);
#6192=ORIENTED_EDGE('',*,*,#4629,.F.);
#6193=ORIENTED_EDGE('',*,*,#4622,.F.);
#6194=ORIENTED_EDGE('',*,*,#4630,.T.);
#6195=ORIENTED_EDGE('',*,*,#4628,.T.);
#6196=ORIENTED_EDGE('',*,*,#4632,.F.);
#6197=ORIENTED_EDGE('',*,*,#4633,.T.);
#6198=ORIENTED_EDGE('',*,*,#4634,.T.);
#6199=ORIENTED_EDGE('',*,*,#4635,.F.);
#6200=ORIENTED_EDGE('',*,*,#4636,.F.);
#6201=ORIENTED_EDGE('',*,*,#4637,.F.);
#6202=ORIENTED_EDGE('',*,*,#4638,.T.);
#6203=ORIENTED_EDGE('',*,*,#4639,.T.);
#6204=ORIENTED_EDGE('',*,*,#4640,.F.);
#6205=ORIENTED_EDGE('',*,*,#4641,.T.);
#6206=ORIENTED_EDGE('',*,*,#4637,.T.);
#6207=ORIENTED_EDGE('',*,*,#4642,.F.);
#6208=ORIENTED_EDGE('',*,*,#4633,.F.);
#6209=ORIENTED_EDGE('',*,*,#4643,.F.);
#6210=ORIENTED_EDGE('',*,*,#4635,.T.);
#6211=ORIENTED_EDGE('',*,*,#4644,.T.);
#6212=ORIENTED_EDGE('',*,*,#4639,.F.);
#6213=ORIENTED_EDGE('',*,*,#4636,.T.);
#6214=ORIENTED_EDGE('',*,*,#4643,.T.);
#6215=ORIENTED_EDGE('',*,*,#4638,.F.);
#6216=ORIENTED_EDGE('',*,*,#4641,.F.);
#6217=ORIENTED_EDGE('',*,*,#4634,.F.);
#6218=ORIENTED_EDGE('',*,*,#4642,.T.);
#6219=ORIENTED_EDGE('',*,*,#4640,.T.);
#6220=ORIENTED_EDGE('',*,*,#4644,.F.);
#6221=ORIENTED_EDGE('',*,*,#4645,.T.);
#6222=ORIENTED_EDGE('',*,*,#4646,.T.);
#6223=ORIENTED_EDGE('',*,*,#4647,.F.);
#6224=ORIENTED_EDGE('',*,*,#4648,.F.);
#6225=ORIENTED_EDGE('',*,*,#4649,.F.);
#6226=ORIENTED_EDGE('',*,*,#4650,.T.);
#6227=ORIENTED_EDGE('',*,*,#4651,.T.);
#6228=ORIENTED_EDGE('',*,*,#4652,.F.);
#6229=ORIENTED_EDGE('',*,*,#4653,.T.);
#6230=ORIENTED_EDGE('',*,*,#4649,.T.);
#6231=ORIENTED_EDGE('',*,*,#4654,.F.);
#6232=ORIENTED_EDGE('',*,*,#4645,.F.);
#6233=ORIENTED_EDGE('',*,*,#4655,.F.);
#6234=ORIENTED_EDGE('',*,*,#4647,.T.);
#6235=ORIENTED_EDGE('',*,*,#4656,.T.);
#6236=ORIENTED_EDGE('',*,*,#4651,.F.);
#6237=ORIENTED_EDGE('',*,*,#4648,.T.);
#6238=ORIENTED_EDGE('',*,*,#4655,.T.);
#6239=ORIENTED_EDGE('',*,*,#4650,.F.);
#6240=ORIENTED_EDGE('',*,*,#4653,.F.);
#6241=ORIENTED_EDGE('',*,*,#4646,.F.);
#6242=ORIENTED_EDGE('',*,*,#4654,.T.);
#6243=ORIENTED_EDGE('',*,*,#4652,.T.);
#6244=ORIENTED_EDGE('',*,*,#4656,.F.);
#6245=ORIENTED_EDGE('',*,*,#4657,.T.);
#6246=ORIENTED_EDGE('',*,*,#4658,.T.);
#6247=ORIENTED_EDGE('',*,*,#4659,.F.);
#6248=ORIENTED_EDGE('',*,*,#4660,.F.);
#6249=ORIENTED_EDGE('',*,*,#4661,.F.);
#6250=ORIENTED_EDGE('',*,*,#4662,.T.);
#6251=ORIENTED_EDGE('',*,*,#4663,.T.);
#6252=ORIENTED_EDGE('',*,*,#4664,.F.);
#6253=ORIENTED_EDGE('',*,*,#4665,.T.);
#6254=ORIENTED_EDGE('',*,*,#4661,.T.);
#6255=ORIENTED_EDGE('',*,*,#4666,.F.);
#6256=ORIENTED_EDGE('',*,*,#4657,.F.);
#6257=ORIENTED_EDGE('',*,*,#4667,.F.);
#6258=ORIENTED_EDGE('',*,*,#4659,.T.);
#6259=ORIENTED_EDGE('',*,*,#4668,.T.);
#6260=ORIENTED_EDGE('',*,*,#4663,.F.);
#6261=ORIENTED_EDGE('',*,*,#4660,.T.);
#6262=ORIENTED_EDGE('',*,*,#4667,.T.);
#6263=ORIENTED_EDGE('',*,*,#4662,.F.);
#6264=ORIENTED_EDGE('',*,*,#4665,.F.);
#6265=ORIENTED_EDGE('',*,*,#4658,.F.);
#6266=ORIENTED_EDGE('',*,*,#4666,.T.);
#6267=ORIENTED_EDGE('',*,*,#4664,.T.);
#6268=ORIENTED_EDGE('',*,*,#4668,.F.);
#6269=ORIENTED_EDGE('',*,*,#4669,.T.);
#6270=ORIENTED_EDGE('',*,*,#4670,.T.);
#6271=ORIENTED_EDGE('',*,*,#4671,.F.);
#6272=ORIENTED_EDGE('',*,*,#4672,.F.);
#6273=ORIENTED_EDGE('',*,*,#4673,.F.);
#6274=ORIENTED_EDGE('',*,*,#4674,.T.);
#6275=ORIENTED_EDGE('',*,*,#4675,.T.);
#6276=ORIENTED_EDGE('',*,*,#4676,.F.);
#6277=ORIENTED_EDGE('',*,*,#4677,.T.);
#6278=ORIENTED_EDGE('',*,*,#4673,.T.);
#6279=ORIENTED_EDGE('',*,*,#4678,.F.);
#6280=ORIENTED_EDGE('',*,*,#4669,.F.);
#6281=ORIENTED_EDGE('',*,*,#4679,.F.);
#6282=ORIENTED_EDGE('',*,*,#4671,.T.);
#6283=ORIENTED_EDGE('',*,*,#4680,.T.);
#6284=ORIENTED_EDGE('',*,*,#4675,.F.);
#6285=ORIENTED_EDGE('',*,*,#4672,.T.);
#6286=ORIENTED_EDGE('',*,*,#4679,.T.);
#6287=ORIENTED_EDGE('',*,*,#4674,.F.);
#6288=ORIENTED_EDGE('',*,*,#4677,.F.);
#6289=ORIENTED_EDGE('',*,*,#4670,.F.);
#6290=ORIENTED_EDGE('',*,*,#4678,.T.);
#6291=ORIENTED_EDGE('',*,*,#4676,.T.);
#6292=ORIENTED_EDGE('',*,*,#4680,.F.);
#6293=ORIENTED_EDGE('',*,*,#4681,.T.);
#6294=ORIENTED_EDGE('',*,*,#4682,.T.);
#6295=ORIENTED_EDGE('',*,*,#4683,.F.);
#6296=ORIENTED_EDGE('',*,*,#4684,.F.);
#6297=ORIENTED_EDGE('',*,*,#4685,.F.);
#6298=ORIENTED_EDGE('',*,*,#4686,.T.);
#6299=ORIENTED_EDGE('',*,*,#4687,.T.);
#6300=ORIENTED_EDGE('',*,*,#4688,.F.);
#6301=ORIENTED_EDGE('',*,*,#4689,.T.);
#6302=ORIENTED_EDGE('',*,*,#4685,.T.);
#6303=ORIENTED_EDGE('',*,*,#4690,.F.);
#6304=ORIENTED_EDGE('',*,*,#4681,.F.);
#6305=ORIENTED_EDGE('',*,*,#4691,.F.);
#6306=ORIENTED_EDGE('',*,*,#4683,.T.);
#6307=ORIENTED_EDGE('',*,*,#4692,.T.);
#6308=ORIENTED_EDGE('',*,*,#4687,.F.);
#6309=ORIENTED_EDGE('',*,*,#4684,.T.);
#6310=ORIENTED_EDGE('',*,*,#4691,.T.);
#6311=ORIENTED_EDGE('',*,*,#4686,.F.);
#6312=ORIENTED_EDGE('',*,*,#4689,.F.);
#6313=ORIENTED_EDGE('',*,*,#4682,.F.);
#6314=ORIENTED_EDGE('',*,*,#4690,.T.);
#6315=ORIENTED_EDGE('',*,*,#4688,.T.);
#6316=ORIENTED_EDGE('',*,*,#4692,.F.);
#6317=ORIENTED_EDGE('',*,*,#4693,.T.);
#6318=ORIENTED_EDGE('',*,*,#4694,.T.);
#6319=ORIENTED_EDGE('',*,*,#4695,.F.);
#6320=ORIENTED_EDGE('',*,*,#4696,.F.);
#6321=ORIENTED_EDGE('',*,*,#4697,.F.);
#6322=ORIENTED_EDGE('',*,*,#4698,.T.);
#6323=ORIENTED_EDGE('',*,*,#4699,.T.);
#6324=ORIENTED_EDGE('',*,*,#4700,.F.);
#6325=ORIENTED_EDGE('',*,*,#4701,.T.);
#6326=ORIENTED_EDGE('',*,*,#4697,.T.);
#6327=ORIENTED_EDGE('',*,*,#4702,.F.);
#6328=ORIENTED_EDGE('',*,*,#4693,.F.);
#6329=ORIENTED_EDGE('',*,*,#4703,.F.);
#6330=ORIENTED_EDGE('',*,*,#4695,.T.);
#6331=ORIENTED_EDGE('',*,*,#4704,.T.);
#6332=ORIENTED_EDGE('',*,*,#4699,.F.);
#6333=ORIENTED_EDGE('',*,*,#4696,.T.);
#6334=ORIENTED_EDGE('',*,*,#4703,.T.);
#6335=ORIENTED_EDGE('',*,*,#4698,.F.);
#6336=ORIENTED_EDGE('',*,*,#4701,.F.);
#6337=ORIENTED_EDGE('',*,*,#4694,.F.);
#6338=ORIENTED_EDGE('',*,*,#4702,.T.);
#6339=ORIENTED_EDGE('',*,*,#4700,.T.);
#6340=ORIENTED_EDGE('',*,*,#4704,.F.);
#6341=ORIENTED_EDGE('',*,*,#4705,.T.);
#6342=ORIENTED_EDGE('',*,*,#4706,.T.);
#6343=ORIENTED_EDGE('',*,*,#4707,.F.);
#6344=ORIENTED_EDGE('',*,*,#4708,.F.);
#6345=ORIENTED_EDGE('',*,*,#4709,.F.);
#6346=ORIENTED_EDGE('',*,*,#4710,.T.);
#6347=ORIENTED_EDGE('',*,*,#4711,.T.);
#6348=ORIENTED_EDGE('',*,*,#4712,.F.);
#6349=ORIENTED_EDGE('',*,*,#4713,.T.);
#6350=ORIENTED_EDGE('',*,*,#4709,.T.);
#6351=ORIENTED_EDGE('',*,*,#4714,.F.);
#6352=ORIENTED_EDGE('',*,*,#4705,.F.);
#6353=ORIENTED_EDGE('',*,*,#4715,.F.);
#6354=ORIENTED_EDGE('',*,*,#4707,.T.);
#6355=ORIENTED_EDGE('',*,*,#4716,.T.);
#6356=ORIENTED_EDGE('',*,*,#4711,.F.);
#6357=ORIENTED_EDGE('',*,*,#4708,.T.);
#6358=ORIENTED_EDGE('',*,*,#4715,.T.);
#6359=ORIENTED_EDGE('',*,*,#4710,.F.);
#6360=ORIENTED_EDGE('',*,*,#4713,.F.);
#6361=ORIENTED_EDGE('',*,*,#4706,.F.);
#6362=ORIENTED_EDGE('',*,*,#4714,.T.);
#6363=ORIENTED_EDGE('',*,*,#4712,.T.);
#6364=ORIENTED_EDGE('',*,*,#4716,.F.);
#6365=ORIENTED_EDGE('',*,*,#4717,.T.);
#6366=ORIENTED_EDGE('',*,*,#4718,.T.);
#6367=ORIENTED_EDGE('',*,*,#4719,.F.);
#6368=ORIENTED_EDGE('',*,*,#4720,.F.);
#6369=ORIENTED_EDGE('',*,*,#4721,.F.);
#6370=ORIENTED_EDGE('',*,*,#4722,.T.);
#6371=ORIENTED_EDGE('',*,*,#4723,.T.);
#6372=ORIENTED_EDGE('',*,*,#4724,.F.);
#6373=ORIENTED_EDGE('',*,*,#4725,.T.);
#6374=ORIENTED_EDGE('',*,*,#4721,.T.);
#6375=ORIENTED_EDGE('',*,*,#4726,.F.);
#6376=ORIENTED_EDGE('',*,*,#4717,.F.);
#6377=ORIENTED_EDGE('',*,*,#4727,.F.);
#6378=ORIENTED_EDGE('',*,*,#4719,.T.);
#6379=ORIENTED_EDGE('',*,*,#4728,.T.);
#6380=ORIENTED_EDGE('',*,*,#4723,.F.);
#6381=ORIENTED_EDGE('',*,*,#4720,.T.);
#6382=ORIENTED_EDGE('',*,*,#4727,.T.);
#6383=ORIENTED_EDGE('',*,*,#4722,.F.);
#6384=ORIENTED_EDGE('',*,*,#4725,.F.);
#6385=ORIENTED_EDGE('',*,*,#4718,.F.);
#6386=ORIENTED_EDGE('',*,*,#4726,.T.);
#6387=ORIENTED_EDGE('',*,*,#4724,.T.);
#6388=ORIENTED_EDGE('',*,*,#4728,.F.);
#6389=ORIENTED_EDGE('',*,*,#4729,.T.);
#6390=ORIENTED_EDGE('',*,*,#4730,.T.);
#6391=ORIENTED_EDGE('',*,*,#4731,.F.);
#6392=ORIENTED_EDGE('',*,*,#4732,.F.);
#6393=ORIENTED_EDGE('',*,*,#4733,.F.);
#6394=ORIENTED_EDGE('',*,*,#4734,.T.);
#6395=ORIENTED_EDGE('',*,*,#4735,.T.);
#6396=ORIENTED_EDGE('',*,*,#4736,.F.);
#6397=ORIENTED_EDGE('',*,*,#4737,.T.);
#6398=ORIENTED_EDGE('',*,*,#4733,.T.);
#6399=ORIENTED_EDGE('',*,*,#4738,.F.);
#6400=ORIENTED_EDGE('',*,*,#4729,.F.);
#6401=ORIENTED_EDGE('',*,*,#4739,.F.);
#6402=ORIENTED_EDGE('',*,*,#4731,.T.);
#6403=ORIENTED_EDGE('',*,*,#4740,.T.);
#6404=ORIENTED_EDGE('',*,*,#4735,.F.);
#6405=ORIENTED_EDGE('',*,*,#4732,.T.);
#6406=ORIENTED_EDGE('',*,*,#4739,.T.);
#6407=ORIENTED_EDGE('',*,*,#4734,.F.);
#6408=ORIENTED_EDGE('',*,*,#4737,.F.);
#6409=ORIENTED_EDGE('',*,*,#4730,.F.);
#6410=ORIENTED_EDGE('',*,*,#4738,.T.);
#6411=ORIENTED_EDGE('',*,*,#4736,.T.);
#6412=ORIENTED_EDGE('',*,*,#4740,.F.);
#6413=ORIENTED_EDGE('',*,*,#4741,.T.);
#6414=ORIENTED_EDGE('',*,*,#4742,.T.);
#6415=ORIENTED_EDGE('',*,*,#4743,.F.);
#6416=ORIENTED_EDGE('',*,*,#4744,.F.);
#6417=ORIENTED_EDGE('',*,*,#4745,.F.);
#6418=ORIENTED_EDGE('',*,*,#4746,.T.);
#6419=ORIENTED_EDGE('',*,*,#4747,.T.);
#6420=ORIENTED_EDGE('',*,*,#4748,.F.);
#6421=ORIENTED_EDGE('',*,*,#4749,.T.);
#6422=ORIENTED_EDGE('',*,*,#4745,.T.);
#6423=ORIENTED_EDGE('',*,*,#4750,.F.);
#6424=ORIENTED_EDGE('',*,*,#4741,.F.);
#6425=ORIENTED_EDGE('',*,*,#4751,.F.);
#6426=ORIENTED_EDGE('',*,*,#4743,.T.);
#6427=ORIENTED_EDGE('',*,*,#4752,.T.);
#6428=ORIENTED_EDGE('',*,*,#4747,.F.);
#6429=ORIENTED_EDGE('',*,*,#4744,.T.);
#6430=ORIENTED_EDGE('',*,*,#4751,.T.);
#6431=ORIENTED_EDGE('',*,*,#4746,.F.);
#6432=ORIENTED_EDGE('',*,*,#4749,.F.);
#6433=ORIENTED_EDGE('',*,*,#4742,.F.);
#6434=ORIENTED_EDGE('',*,*,#4750,.T.);
#6435=ORIENTED_EDGE('',*,*,#4748,.T.);
#6436=ORIENTED_EDGE('',*,*,#4752,.F.);
#6437=ORIENTED_EDGE('',*,*,#4753,.T.);
#6438=ORIENTED_EDGE('',*,*,#4754,.T.);
#6439=ORIENTED_EDGE('',*,*,#4755,.F.);
#6440=ORIENTED_EDGE('',*,*,#4756,.F.);
#6441=ORIENTED_EDGE('',*,*,#4757,.F.);
#6442=ORIENTED_EDGE('',*,*,#4758,.T.);
#6443=ORIENTED_EDGE('',*,*,#4759,.T.);
#6444=ORIENTED_EDGE('',*,*,#4760,.F.);
#6445=ORIENTED_EDGE('',*,*,#4761,.T.);
#6446=ORIENTED_EDGE('',*,*,#4757,.T.);
#6447=ORIENTED_EDGE('',*,*,#4762,.F.);
#6448=ORIENTED_EDGE('',*,*,#4753,.F.);
#6449=ORIENTED_EDGE('',*,*,#4763,.F.);
#6450=ORIENTED_EDGE('',*,*,#4755,.T.);
#6451=ORIENTED_EDGE('',*,*,#4764,.T.);
#6452=ORIENTED_EDGE('',*,*,#4759,.F.);
#6453=ORIENTED_EDGE('',*,*,#4756,.T.);
#6454=ORIENTED_EDGE('',*,*,#4763,.T.);
#6455=ORIENTED_EDGE('',*,*,#4758,.F.);
#6456=ORIENTED_EDGE('',*,*,#4761,.F.);
#6457=ORIENTED_EDGE('',*,*,#4754,.F.);
#6458=ORIENTED_EDGE('',*,*,#4762,.T.);
#6459=ORIENTED_EDGE('',*,*,#4760,.T.);
#6460=ORIENTED_EDGE('',*,*,#4764,.F.);
#6461=ORIENTED_EDGE('',*,*,#4765,.T.);
#6462=ORIENTED_EDGE('',*,*,#4766,.T.);
#6463=ORIENTED_EDGE('',*,*,#4767,.F.);
#6464=ORIENTED_EDGE('',*,*,#4768,.F.);
#6465=ORIENTED_EDGE('',*,*,#4769,.F.);
#6466=ORIENTED_EDGE('',*,*,#4770,.T.);
#6467=ORIENTED_EDGE('',*,*,#4771,.T.);
#6468=ORIENTED_EDGE('',*,*,#4772,.F.);
#6469=ORIENTED_EDGE('',*,*,#4773,.T.);
#6470=ORIENTED_EDGE('',*,*,#4769,.T.);
#6471=ORIENTED_EDGE('',*,*,#4774,.F.);
#6472=ORIENTED_EDGE('',*,*,#4765,.F.);
#6473=ORIENTED_EDGE('',*,*,#4775,.F.);
#6474=ORIENTED_EDGE('',*,*,#4767,.T.);
#6475=ORIENTED_EDGE('',*,*,#4776,.T.);
#6476=ORIENTED_EDGE('',*,*,#4771,.F.);
#6477=ORIENTED_EDGE('',*,*,#4768,.T.);
#6478=ORIENTED_EDGE('',*,*,#4775,.T.);
#6479=ORIENTED_EDGE('',*,*,#4770,.F.);
#6480=ORIENTED_EDGE('',*,*,#4773,.F.);
#6481=ORIENTED_EDGE('',*,*,#4766,.F.);
#6482=ORIENTED_EDGE('',*,*,#4774,.T.);
#6483=ORIENTED_EDGE('',*,*,#4772,.T.);
#6484=ORIENTED_EDGE('',*,*,#4776,.F.);
#6485=ORIENTED_EDGE('',*,*,#4777,.T.);
#6486=ORIENTED_EDGE('',*,*,#4778,.T.);
#6487=ORIENTED_EDGE('',*,*,#4779,.F.);
#6488=ORIENTED_EDGE('',*,*,#4780,.F.);
#6489=ORIENTED_EDGE('',*,*,#4781,.F.);
#6490=ORIENTED_EDGE('',*,*,#4782,.T.);
#6491=ORIENTED_EDGE('',*,*,#4783,.T.);
#6492=ORIENTED_EDGE('',*,*,#4784,.F.);
#6493=ORIENTED_EDGE('',*,*,#4785,.T.);
#6494=ORIENTED_EDGE('',*,*,#4781,.T.);
#6495=ORIENTED_EDGE('',*,*,#4786,.F.);
#6496=ORIENTED_EDGE('',*,*,#4777,.F.);
#6497=ORIENTED_EDGE('',*,*,#4787,.F.);
#6498=ORIENTED_EDGE('',*,*,#4779,.T.);
#6499=ORIENTED_EDGE('',*,*,#4788,.T.);
#6500=ORIENTED_EDGE('',*,*,#4783,.F.);
#6501=ORIENTED_EDGE('',*,*,#4780,.T.);
#6502=ORIENTED_EDGE('',*,*,#4787,.T.);
#6503=ORIENTED_EDGE('',*,*,#4782,.F.);
#6504=ORIENTED_EDGE('',*,*,#4785,.F.);
#6505=ORIENTED_EDGE('',*,*,#4778,.F.);
#6506=ORIENTED_EDGE('',*,*,#4786,.T.);
#6507=ORIENTED_EDGE('',*,*,#4784,.T.);
#6508=ORIENTED_EDGE('',*,*,#4788,.F.);
#6509=ORIENTED_EDGE('',*,*,#4789,.T.);
#6510=ORIENTED_EDGE('',*,*,#4790,.T.);
#6511=ORIENTED_EDGE('',*,*,#4791,.F.);
#6512=ORIENTED_EDGE('',*,*,#4792,.F.);
#6513=ORIENTED_EDGE('',*,*,#4793,.F.);
#6514=ORIENTED_EDGE('',*,*,#4794,.T.);
#6515=ORIENTED_EDGE('',*,*,#4795,.T.);
#6516=ORIENTED_EDGE('',*,*,#4796,.F.);
#6517=ORIENTED_EDGE('',*,*,#4797,.T.);
#6518=ORIENTED_EDGE('',*,*,#4793,.T.);
#6519=ORIENTED_EDGE('',*,*,#4798,.F.);
#6520=ORIENTED_EDGE('',*,*,#4789,.F.);
#6521=ORIENTED_EDGE('',*,*,#4799,.F.);
#6522=ORIENTED_EDGE('',*,*,#4791,.T.);
#6523=ORIENTED_EDGE('',*,*,#4800,.T.);
#6524=ORIENTED_EDGE('',*,*,#4795,.F.);
#6525=ORIENTED_EDGE('',*,*,#4792,.T.);
#6526=ORIENTED_EDGE('',*,*,#4799,.T.);
#6527=ORIENTED_EDGE('',*,*,#4794,.F.);
#6528=ORIENTED_EDGE('',*,*,#4797,.F.);
#6529=ORIENTED_EDGE('',*,*,#4790,.F.);
#6530=ORIENTED_EDGE('',*,*,#4798,.T.);
#6531=ORIENTED_EDGE('',*,*,#4796,.T.);
#6532=ORIENTED_EDGE('',*,*,#4800,.F.);
#6533=ORIENTED_EDGE('',*,*,#4801,.T.);
#6534=ORIENTED_EDGE('',*,*,#4802,.T.);
#6535=ORIENTED_EDGE('',*,*,#4803,.F.);
#6536=ORIENTED_EDGE('',*,*,#4804,.F.);
#6537=ORIENTED_EDGE('',*,*,#4805,.F.);
#6538=ORIENTED_EDGE('',*,*,#4806,.T.);
#6539=ORIENTED_EDGE('',*,*,#4807,.T.);
#6540=ORIENTED_EDGE('',*,*,#4808,.F.);
#6541=ORIENTED_EDGE('',*,*,#4809,.T.);
#6542=ORIENTED_EDGE('',*,*,#4805,.T.);
#6543=ORIENTED_EDGE('',*,*,#4810,.F.);
#6544=ORIENTED_EDGE('',*,*,#4801,.F.);
#6545=ORIENTED_EDGE('',*,*,#4811,.F.);
#6546=ORIENTED_EDGE('',*,*,#4803,.T.);
#6547=ORIENTED_EDGE('',*,*,#4812,.T.);
#6548=ORIENTED_EDGE('',*,*,#4807,.F.);
#6549=ORIENTED_EDGE('',*,*,#4804,.T.);
#6550=ORIENTED_EDGE('',*,*,#4811,.T.);
#6551=ORIENTED_EDGE('',*,*,#4806,.F.);
#6552=ORIENTED_EDGE('',*,*,#4809,.F.);
#6553=ORIENTED_EDGE('',*,*,#4802,.F.);
#6554=ORIENTED_EDGE('',*,*,#4810,.T.);
#6555=ORIENTED_EDGE('',*,*,#4808,.T.);
#6556=ORIENTED_EDGE('',*,*,#4812,.F.);
#6557=ORIENTED_EDGE('',*,*,#4813,.T.);
#6558=ORIENTED_EDGE('',*,*,#4814,.T.);
#6559=ORIENTED_EDGE('',*,*,#4815,.F.);
#6560=ORIENTED_EDGE('',*,*,#4816,.F.);
#6561=ORIENTED_EDGE('',*,*,#4817,.F.);
#6562=ORIENTED_EDGE('',*,*,#4818,.T.);
#6563=ORIENTED_EDGE('',*,*,#4819,.T.);
#6564=ORIENTED_EDGE('',*,*,#4820,.F.);
#6565=ORIENTED_EDGE('',*,*,#4821,.T.);
#6566=ORIENTED_EDGE('',*,*,#4817,.T.);
#6567=ORIENTED_EDGE('',*,*,#4822,.F.);
#6568=ORIENTED_EDGE('',*,*,#4813,.F.);
#6569=ORIENTED_EDGE('',*,*,#4823,.F.);
#6570=ORIENTED_EDGE('',*,*,#4815,.T.);
#6571=ORIENTED_EDGE('',*,*,#4824,.T.);
#6572=ORIENTED_EDGE('',*,*,#4819,.F.);
#6573=ORIENTED_EDGE('',*,*,#4816,.T.);
#6574=ORIENTED_EDGE('',*,*,#4823,.T.);
#6575=ORIENTED_EDGE('',*,*,#4818,.F.);
#6576=ORIENTED_EDGE('',*,*,#4821,.F.);
#6577=ORIENTED_EDGE('',*,*,#4814,.F.);
#6578=ORIENTED_EDGE('',*,*,#4822,.T.);
#6579=ORIENTED_EDGE('',*,*,#4820,.T.);
#6580=ORIENTED_EDGE('',*,*,#4824,.F.);
#6581=ORIENTED_EDGE('',*,*,#4825,.T.);
#6582=ORIENTED_EDGE('',*,*,#4826,.T.);
#6583=ORIENTED_EDGE('',*,*,#4827,.F.);
#6584=ORIENTED_EDGE('',*,*,#4828,.F.);
#6585=ORIENTED_EDGE('',*,*,#4829,.F.);
#6586=ORIENTED_EDGE('',*,*,#4830,.T.);
#6587=ORIENTED_EDGE('',*,*,#4831,.T.);
#6588=ORIENTED_EDGE('',*,*,#4832,.F.);
#6589=ORIENTED_EDGE('',*,*,#4833,.T.);
#6590=ORIENTED_EDGE('',*,*,#4829,.T.);
#6591=ORIENTED_EDGE('',*,*,#4834,.F.);
#6592=ORIENTED_EDGE('',*,*,#4825,.F.);
#6593=ORIENTED_EDGE('',*,*,#4835,.F.);
#6594=ORIENTED_EDGE('',*,*,#4827,.T.);
#6595=ORIENTED_EDGE('',*,*,#4836,.T.);
#6596=ORIENTED_EDGE('',*,*,#4831,.F.);
#6597=ORIENTED_EDGE('',*,*,#4828,.T.);
#6598=ORIENTED_EDGE('',*,*,#4835,.T.);
#6599=ORIENTED_EDGE('',*,*,#4830,.F.);
#6600=ORIENTED_EDGE('',*,*,#4833,.F.);
#6601=ORIENTED_EDGE('',*,*,#4826,.F.);
#6602=ORIENTED_EDGE('',*,*,#4834,.T.);
#6603=ORIENTED_EDGE('',*,*,#4832,.T.);
#6604=ORIENTED_EDGE('',*,*,#4836,.F.);
#6605=ORIENTED_EDGE('',*,*,#4837,.T.);
#6606=ORIENTED_EDGE('',*,*,#4838,.T.);
#6607=ORIENTED_EDGE('',*,*,#4839,.F.);
#6608=ORIENTED_EDGE('',*,*,#4840,.F.);
#6609=ORIENTED_EDGE('',*,*,#4841,.F.);
#6610=ORIENTED_EDGE('',*,*,#4842,.T.);
#6611=ORIENTED_EDGE('',*,*,#4843,.T.);
#6612=ORIENTED_EDGE('',*,*,#4844,.F.);
#6613=ORIENTED_EDGE('',*,*,#4845,.T.);
#6614=ORIENTED_EDGE('',*,*,#4841,.T.);
#6615=ORIENTED_EDGE('',*,*,#4846,.F.);
#6616=ORIENTED_EDGE('',*,*,#4837,.F.);
#6617=ORIENTED_EDGE('',*,*,#4847,.F.);
#6618=ORIENTED_EDGE('',*,*,#4839,.T.);
#6619=ORIENTED_EDGE('',*,*,#4848,.T.);
#6620=ORIENTED_EDGE('',*,*,#4843,.F.);
#6621=ORIENTED_EDGE('',*,*,#4840,.T.);
#6622=ORIENTED_EDGE('',*,*,#4847,.T.);
#6623=ORIENTED_EDGE('',*,*,#4842,.F.);
#6624=ORIENTED_EDGE('',*,*,#4845,.F.);
#6625=ORIENTED_EDGE('',*,*,#4838,.F.);
#6626=ORIENTED_EDGE('',*,*,#4846,.T.);
#6627=ORIENTED_EDGE('',*,*,#4844,.T.);
#6628=ORIENTED_EDGE('',*,*,#4848,.F.);
#6629=ORIENTED_EDGE('',*,*,#4849,.T.);
#6630=ORIENTED_EDGE('',*,*,#4850,.T.);
#6631=ORIENTED_EDGE('',*,*,#4851,.F.);
#6632=ORIENTED_EDGE('',*,*,#4852,.F.);
#6633=ORIENTED_EDGE('',*,*,#4853,.F.);
#6634=ORIENTED_EDGE('',*,*,#4854,.T.);
#6635=ORIENTED_EDGE('',*,*,#4855,.T.);
#6636=ORIENTED_EDGE('',*,*,#4856,.F.);
#6637=ORIENTED_EDGE('',*,*,#4857,.T.);
#6638=ORIENTED_EDGE('',*,*,#4853,.T.);
#6639=ORIENTED_EDGE('',*,*,#4858,.F.);
#6640=ORIENTED_EDGE('',*,*,#4849,.F.);
#6641=ORIENTED_EDGE('',*,*,#4859,.F.);
#6642=ORIENTED_EDGE('',*,*,#4851,.T.);
#6643=ORIENTED_EDGE('',*,*,#4860,.T.);
#6644=ORIENTED_EDGE('',*,*,#4855,.F.);
#6645=ORIENTED_EDGE('',*,*,#4852,.T.);
#6646=ORIENTED_EDGE('',*,*,#4859,.T.);
#6647=ORIENTED_EDGE('',*,*,#4854,.F.);
#6648=ORIENTED_EDGE('',*,*,#4857,.F.);
#6649=ORIENTED_EDGE('',*,*,#4850,.F.);
#6650=ORIENTED_EDGE('',*,*,#4858,.T.);
#6651=ORIENTED_EDGE('',*,*,#4856,.T.);
#6652=ORIENTED_EDGE('',*,*,#4860,.F.);
#6653=ORIENTED_EDGE('',*,*,#4861,.T.);
#6654=ORIENTED_EDGE('',*,*,#4862,.T.);
#6655=ORIENTED_EDGE('',*,*,#4863,.F.);
#6656=ORIENTED_EDGE('',*,*,#4864,.F.);
#6657=ORIENTED_EDGE('',*,*,#4865,.F.);
#6658=ORIENTED_EDGE('',*,*,#4866,.T.);
#6659=ORIENTED_EDGE('',*,*,#4867,.T.);
#6660=ORIENTED_EDGE('',*,*,#4868,.F.);
#6661=ORIENTED_EDGE('',*,*,#4869,.T.);
#6662=ORIENTED_EDGE('',*,*,#4865,.T.);
#6663=ORIENTED_EDGE('',*,*,#4870,.F.);
#6664=ORIENTED_EDGE('',*,*,#4861,.F.);
#6665=ORIENTED_EDGE('',*,*,#4871,.F.);
#6666=ORIENTED_EDGE('',*,*,#4863,.T.);
#6667=ORIENTED_EDGE('',*,*,#4872,.T.);
#6668=ORIENTED_EDGE('',*,*,#4867,.F.);
#6669=ORIENTED_EDGE('',*,*,#4864,.T.);
#6670=ORIENTED_EDGE('',*,*,#4871,.T.);
#6671=ORIENTED_EDGE('',*,*,#4866,.F.);
#6672=ORIENTED_EDGE('',*,*,#4869,.F.);
#6673=ORIENTED_EDGE('',*,*,#4862,.F.);
#6674=ORIENTED_EDGE('',*,*,#4870,.T.);
#6675=ORIENTED_EDGE('',*,*,#4868,.T.);
#6676=ORIENTED_EDGE('',*,*,#4872,.F.);
#6677=ORIENTED_EDGE('',*,*,#4873,.T.);
#6678=ORIENTED_EDGE('',*,*,#4874,.T.);
#6679=ORIENTED_EDGE('',*,*,#4875,.F.);
#6680=ORIENTED_EDGE('',*,*,#4876,.F.);
#6681=ORIENTED_EDGE('',*,*,#4877,.F.);
#6682=ORIENTED_EDGE('',*,*,#4878,.T.);
#6683=ORIENTED_EDGE('',*,*,#4879,.T.);
#6684=ORIENTED_EDGE('',*,*,#4880,.F.);
#6685=ORIENTED_EDGE('',*,*,#4881,.T.);
#6686=ORIENTED_EDGE('',*,*,#4877,.T.);
#6687=ORIENTED_EDGE('',*,*,#4882,.F.);
#6688=ORIENTED_EDGE('',*,*,#4873,.F.);
#6689=ORIENTED_EDGE('',*,*,#4883,.F.);
#6690=ORIENTED_EDGE('',*,*,#4875,.T.);
#6691=ORIENTED_EDGE('',*,*,#4884,.T.);
#6692=ORIENTED_EDGE('',*,*,#4879,.F.);
#6693=ORIENTED_EDGE('',*,*,#4876,.T.);
#6694=ORIENTED_EDGE('',*,*,#4883,.T.);
#6695=ORIENTED_EDGE('',*,*,#4878,.F.);
#6696=ORIENTED_EDGE('',*,*,#4881,.F.);
#6697=ORIENTED_EDGE('',*,*,#4874,.F.);
#6698=ORIENTED_EDGE('',*,*,#4882,.T.);
#6699=ORIENTED_EDGE('',*,*,#4880,.T.);
#6700=ORIENTED_EDGE('',*,*,#4884,.F.);
#6701=ORIENTED_EDGE('',*,*,#4885,.T.);
#6702=ORIENTED_EDGE('',*,*,#4886,.T.);
#6703=ORIENTED_EDGE('',*,*,#4887,.F.);
#6704=ORIENTED_EDGE('',*,*,#4888,.F.);
#6705=ORIENTED_EDGE('',*,*,#4889,.F.);
#6706=ORIENTED_EDGE('',*,*,#4890,.T.);
#6707=ORIENTED_EDGE('',*,*,#4891,.T.);
#6708=ORIENTED_EDGE('',*,*,#4892,.F.);
#6709=ORIENTED_EDGE('',*,*,#4893,.T.);
#6710=ORIENTED_EDGE('',*,*,#4889,.T.);
#6711=ORIENTED_EDGE('',*,*,#4894,.F.);
#6712=ORIENTED_EDGE('',*,*,#4885,.F.);
#6713=ORIENTED_EDGE('',*,*,#4895,.F.);
#6714=ORIENTED_EDGE('',*,*,#4887,.T.);
#6715=ORIENTED_EDGE('',*,*,#4896,.T.);
#6716=ORIENTED_EDGE('',*,*,#4891,.F.);
#6717=ORIENTED_EDGE('',*,*,#4888,.T.);
#6718=ORIENTED_EDGE('',*,*,#4895,.T.);
#6719=ORIENTED_EDGE('',*,*,#4890,.F.);
#6720=ORIENTED_EDGE('',*,*,#4893,.F.);
#6721=ORIENTED_EDGE('',*,*,#4886,.F.);
#6722=ORIENTED_EDGE('',*,*,#4894,.T.);
#6723=ORIENTED_EDGE('',*,*,#4892,.T.);
#6724=ORIENTED_EDGE('',*,*,#4896,.F.);
#6725=PLANE('',#8432);
#6726=PLANE('',#8433);
#6727=PLANE('',#8434);
#6728=PLANE('',#8481);
#6729=PLANE('',#8482);
#6730=PLANE('',#8533);
#6731=PLANE('',#8582);
#6732=PLANE('',#8585);
#6733=PLANE('',#8588);
#6734=PLANE('',#8591);
#6735=PLANE('',#8592);
#6736=PLANE('',#8593);
#6737=PLANE('',#8596);
#6738=PLANE('',#8597);
#6739=PLANE('',#8600);
#6740=PLANE('',#8601);
#6741=PLANE('',#8604);
#6742=PLANE('',#8605);
#6743=PLANE('',#8608);
#6744=PLANE('',#8609);
#6745=PLANE('',#8610);
#6746=PLANE('',#8615);
#6747=PLANE('',#8616);
#6748=PLANE('',#8617);
#6749=PLANE('',#8618);
#6750=PLANE('',#8619);
#6751=PLANE('',#8620);
#6752=PLANE('',#8621);
#6753=PLANE('',#8622);
#6754=PLANE('',#8623);
#6755=PLANE('',#8624);
#6756=PLANE('',#8626);
#6757=PLANE('',#8627);
#6758=PLANE('',#8628);
#6759=PLANE('',#8629);
#6760=PLANE('',#8630);
#6761=PLANE('',#8631);
#6762=PLANE('',#8633);
#6763=PLANE('',#8634);
#6764=PLANE('',#8635);
#6765=PLANE('',#8636);
#6766=PLANE('',#8637);
#6767=PLANE('',#8638);
#6768=PLANE('',#8640);
#6769=PLANE('',#8641);
#6770=PLANE('',#8642);
#6771=PLANE('',#8643);
#6772=PLANE('',#8644);
#6773=PLANE('',#8645);
#6774=PLANE('',#8647);
#6775=PLANE('',#8648);
#6776=PLANE('',#8649);
#6777=PLANE('',#8650);
#6778=PLANE('',#8651);
#6779=PLANE('',#8652);
#6780=PLANE('',#8654);
#6781=PLANE('',#8655);
#6782=PLANE('',#8656);
#6783=PLANE('',#8657);
#6784=PLANE('',#8658);
#6785=PLANE('',#8659);
#6786=PLANE('',#8661);
#6787=PLANE('',#8662);
#6788=PLANE('',#8663);
#6789=PLANE('',#8664);
#6790=PLANE('',#8665);
#6791=PLANE('',#8666);
#6792=PLANE('',#8668);
#6793=PLANE('',#8669);
#6794=PLANE('',#8670);
#6795=PLANE('',#8671);
#6796=PLANE('',#8672);
#6797=PLANE('',#8673);
#6798=PLANE('',#8678);
#6799=PLANE('',#8680);
#6800=PLANE('',#8683);
#6801=PLANE('',#8687);
#6802=PLANE('',#8688);
#6803=PLANE('',#8692);
#6804=PLANE('',#8693);
#6805=PLANE('',#8697);
#6806=PLANE('',#8698);
#6807=PLANE('',#8702);
#6808=PLANE('',#8703);
#6809=PLANE('',#8707);
#6810=PLANE('',#8708);
#6811=PLANE('',#8712);
#6812=PLANE('',#8713);
#6813=PLANE('',#8717);
#6814=PLANE('',#8718);
#6815=PLANE('',#8722);
#6816=PLANE('',#8723);
#6817=PLANE('',#8727);
#6818=PLANE('',#8728);
#6819=PLANE('',#8730);
#6820=PLANE('',#8731);
#6821=PLANE('',#8732);
#6822=PLANE('',#8733);
#6823=PLANE('',#8734);
#6824=PLANE('',#8735);
#6825=PLANE('',#8740);
#6826=PLANE('',#8742);
#6827=PLANE('',#8745);
#6828=PLANE('',#8749);
#6829=PLANE('',#8750);
#6830=PLANE('',#8754);
#6831=PLANE('',#8755);
#6832=PLANE('',#8759);
#6833=PLANE('',#8760);
#6834=PLANE('',#8764);
#6835=PLANE('',#8765);
#6836=PLANE('',#8769);
#6837=PLANE('',#8770);
#6838=PLANE('',#8774);
#6839=PLANE('',#8775);
#6840=PLANE('',#8779);
#6841=PLANE('',#8780);
#6842=PLANE('',#8784);
#6843=PLANE('',#8785);
#6844=PLANE('',#8789);
#6845=PLANE('',#8790);
#6846=PLANE('',#8792);
#6847=PLANE('',#8793);
#6848=PLANE('',#8794);
#6849=PLANE('',#8795);
#6850=PLANE('',#8796);
#6851=PLANE('',#8797);
#6852=PLANE('',#8799);
#6853=PLANE('',#8800);
#6854=PLANE('',#8801);
#6855=PLANE('',#8802);
#6856=PLANE('',#8803);
#6857=PLANE('',#8804);
#6858=PLANE('',#8806);
#6859=PLANE('',#8807);
#6860=PLANE('',#8808);
#6861=PLANE('',#8809);
#6862=PLANE('',#8810);
#6863=PLANE('',#8811);
#6864=PLANE('',#8813);
#6865=PLANE('',#8814);
#6866=PLANE('',#8815);
#6867=PLANE('',#8816);
#6868=PLANE('',#8817);
#6869=PLANE('',#8818);
#6870=PLANE('',#8823);
#6871=PLANE('',#8825);
#6872=PLANE('',#8828);
#6873=PLANE('',#8832);
#6874=PLANE('',#8833);
#6875=PLANE('',#8837);
#6876=PLANE('',#8838);
#6877=PLANE('',#8842);
#6878=PLANE('',#8843);
#6879=PLANE('',#8847);
#6880=PLANE('',#8848);
#6881=PLANE('',#8852);
#6882=PLANE('',#8853);
#6883=PLANE('',#8857);
#6884=PLANE('',#8858);
#6885=PLANE('',#8862);
#6886=PLANE('',#8863);
#6887=PLANE('',#8867);
#6888=PLANE('',#8868);
#6889=PLANE('',#8872);
#6890=PLANE('',#8873);
#6891=PLANE('',#8878);
#6892=PLANE('',#8880);
#6893=PLANE('',#8883);
#6894=PLANE('',#8887);
#6895=PLANE('',#8888);
#6896=PLANE('',#8892);
#6897=PLANE('',#8893);
#6898=PLANE('',#8897);
#6899=PLANE('',#8898);
#6900=PLANE('',#8902);
#6901=PLANE('',#8903);
#6902=PLANE('',#8907);
#6903=PLANE('',#8908);
#6904=PLANE('',#8912);
#6905=PLANE('',#8913);
#6906=PLANE('',#8917);
#6907=PLANE('',#8918);
#6908=PLANE('',#8922);
#6909=PLANE('',#8923);
#6910=PLANE('',#8927);
#6911=PLANE('',#8928);
#6912=PLANE('',#8933);
#6913=PLANE('',#8935);
#6914=PLANE('',#8938);
#6915=PLANE('',#8942);
#6916=PLANE('',#8943);
#6917=PLANE('',#8947);
#6918=PLANE('',#8948);
#6919=PLANE('',#8952);
#6920=PLANE('',#8953);
#6921=PLANE('',#8957);
#6922=PLANE('',#8958);
#6923=PLANE('',#8962);
#6924=PLANE('',#8963);
#6925=PLANE('',#8967);
#6926=PLANE('',#8968);
#6927=PLANE('',#8972);
#6928=PLANE('',#8973);
#6929=PLANE('',#8977);
#6930=PLANE('',#8978);
#6931=PLANE('',#8982);
#6932=PLANE('',#8983);
#6933=PLANE('',#8988);
#6934=PLANE('',#8990);
#6935=PLANE('',#8993);
#6936=PLANE('',#8997);
#6937=PLANE('',#8998);
#6938=PLANE('',#9002);
#6939=PLANE('',#9003);
#6940=PLANE('',#9007);
#6941=PLANE('',#9008);
#6942=PLANE('',#9012);
#6943=PLANE('',#9013);
#6944=PLANE('',#9017);
#6945=PLANE('',#9018);
#6946=PLANE('',#9022);
#6947=PLANE('',#9023);
#6948=PLANE('',#9027);
#6949=PLANE('',#9028);
#6950=PLANE('',#9032);
#6951=PLANE('',#9033);
#6952=PLANE('',#9037);
#6953=PLANE('',#9038);
#6954=PLANE('',#9043);
#6955=PLANE('',#9045);
#6956=PLANE('',#9048);
#6957=PLANE('',#9052);
#6958=PLANE('',#9053);
#6959=PLANE('',#9057);
#6960=PLANE('',#9058);
#6961=PLANE('',#9062);
#6962=PLANE('',#9063);
#6963=PLANE('',#9067);
#6964=PLANE('',#9068);
#6965=PLANE('',#9072);
#6966=PLANE('',#9073);
#6967=PLANE('',#9077);
#6968=PLANE('',#9078);
#6969=PLANE('',#9082);
#6970=PLANE('',#9083);
#6971=PLANE('',#9087);
#6972=PLANE('',#9088);
#6973=PLANE('',#9092);
#6974=PLANE('',#9093);
#6975=PLANE('',#9098);
#6976=PLANE('',#9100);
#6977=PLANE('',#9103);
#6978=PLANE('',#9107);
#6979=PLANE('',#9108);
#6980=PLANE('',#9112);
#6981=PLANE('',#9113);
#6982=PLANE('',#9117);
#6983=PLANE('',#9118);
#6984=PLANE('',#9122);
#6985=PLANE('',#9123);
#6986=PLANE('',#9127);
#6987=PLANE('',#9128);
#6988=PLANE('',#9132);
#6989=PLANE('',#9133);
#6990=PLANE('',#9137);
#6991=PLANE('',#9138);
#6992=PLANE('',#9142);
#6993=PLANE('',#9143);
#6994=PLANE('',#9147);
#6995=PLANE('',#9148);
#6996=PLANE('',#9150);
#6997=PLANE('',#9151);
#6998=PLANE('',#9152);
#6999=PLANE('',#9153);
#7000=PLANE('',#9154);
#7001=PLANE('',#9155);
#7002=PLANE('',#9157);
#7003=PLANE('',#9158);
#7004=PLANE('',#9159);
#7005=PLANE('',#9160);
#7006=PLANE('',#9161);
#7007=PLANE('',#9162);
#7008=PLANE('',#9163);
#7009=PLANE('',#9164);
#7010=PLANE('',#9165);
#7011=PLANE('',#9166);
#7012=PLANE('',#9167);
#7013=PLANE('',#9168);
#7014=PLANE('',#9169);
#7015=PLANE('',#9170);
#7016=PLANE('',#9171);
#7017=PLANE('',#9172);
#7018=PLANE('',#9173);
#7019=PLANE('',#9174);
#7020=PLANE('',#9175);
#7021=PLANE('',#9176);
#7022=PLANE('',#9177);
#7023=PLANE('',#9178);
#7024=PLANE('',#9179);
#7025=PLANE('',#9180);
#7026=PLANE('',#9181);
#7027=PLANE('',#9182);
#7028=PLANE('',#9183);
#7029=PLANE('',#9184);
#7030=PLANE('',#9185);
#7031=PLANE('',#9186);
#7032=PLANE('',#9187);
#7033=PLANE('',#9188);
#7034=PLANE('',#9189);
#7035=PLANE('',#9190);
#7036=PLANE('',#9191);
#7037=PLANE('',#9192);
#7038=PLANE('',#9193);
#7039=PLANE('',#9194);
#7040=PLANE('',#9195);
#7041=PLANE('',#9196);
#7042=PLANE('',#9197);
#7043=PLANE('',#9198);
#7044=PLANE('',#9199);
#7045=PLANE('',#9200);
#7046=PLANE('',#9201);
#7047=PLANE('',#9202);
#7048=PLANE('',#9203);
#7049=PLANE('',#9204);
#7050=PLANE('',#9205);
#7051=PLANE('',#9206);
#7052=PLANE('',#9207);
#7053=PLANE('',#9208);
#7054=PLANE('',#9209);
#7055=PLANE('',#9210);
#7056=PLANE('',#9211);
#7057=PLANE('',#9212);
#7058=PLANE('',#9213);
#7059=PLANE('',#9214);
#7060=PLANE('',#9215);
#7061=PLANE('',#9216);
#7062=PLANE('',#9217);
#7063=PLANE('',#9218);
#7064=PLANE('',#9219);
#7065=PLANE('',#9220);
#7066=PLANE('',#9221);
#7067=PLANE('',#9222);
#7068=PLANE('',#9223);
#7069=PLANE('',#9224);
#7070=PLANE('',#9225);
#7071=PLANE('',#9226);
#7072=PLANE('',#9227);
#7073=PLANE('',#9228);
#7074=PLANE('',#9229);
#7075=PLANE('',#9230);
#7076=PLANE('',#9231);
#7077=PLANE('',#9232);
#7078=PLANE('',#9233);
#7079=PLANE('',#9234);
#7080=PLANE('',#9235);
#7081=PLANE('',#9236);
#7082=PLANE('',#9237);
#7083=PLANE('',#9238);
#7084=PLANE('',#9239);
#7085=PLANE('',#9240);
#7086=PLANE('',#9241);
#7087=PLANE('',#9242);
#7088=PLANE('',#9243);
#7089=PLANE('',#9244);
#7090=PLANE('',#9245);
#7091=PLANE('',#9246);
#7092=PLANE('',#9247);
#7093=PLANE('',#9248);
#7094=PLANE('',#9249);
#7095=PLANE('',#9250);
#7096=PLANE('',#9251);
#7097=PLANE('',#9252);
#7098=PLANE('',#9253);
#7099=PLANE('',#9254);
#7100=PLANE('',#9255);
#7101=PLANE('',#9256);
#7102=PLANE('',#9257);
#7103=PLANE('',#9258);
#7104=PLANE('',#9259);
#7105=PLANE('',#9260);
#7106=PLANE('',#9261);
#7107=PLANE('',#9262);
#7108=PLANE('',#9263);
#7109=PLANE('',#9264);
#7110=PLANE('',#9265);
#7111=PLANE('',#9266);
#7112=PLANE('',#9267);
#7113=PLANE('',#9268);
#7114=PLANE('',#9269);
#7115=PLANE('',#9270);
#7116=PLANE('',#9271);
#7117=PLANE('',#9272);
#7118=PLANE('',#9273);
#7119=PLANE('',#9274);
#7120=PLANE('',#9275);
#7121=PLANE('',#9276);
#7122=PLANE('',#9277);
#7123=PLANE('',#9278);
#7124=PLANE('',#9279);
#7125=PLANE('',#9280);
#7126=PLANE('',#9281);
#7127=PLANE('',#9282);
#7128=PLANE('',#9283);
#7129=PLANE('',#9284);
#7130=PLANE('',#9285);
#7131=PLANE('',#9286);
#7132=PLANE('',#9287);
#7133=PLANE('',#9288);
#7134=PLANE('',#9289);
#7135=PLANE('',#9290);
#7136=PLANE('',#9291);
#7137=PLANE('',#9292);
#7138=PLANE('',#9293);
#7139=PLANE('',#9294);
#7140=PLANE('',#9295);
#7141=PLANE('',#9296);
#7142=PLANE('',#9297);
#7143=PLANE('',#9298);
#7144=PLANE('',#9299);
#7145=PLANE('',#9300);
#7146=ADVANCED_FACE('',(#912),#6725,.F.);
#7147=ADVANCED_FACE('',(#913),#6726,.F.);
#7148=ADVANCED_FACE('',(#914,#523,#524,#525,#526,#527,#528,#529,#530,#531,
#532,#533,#534,#535,#536,#537,#538,#539,#540,#541,#542,#543,#544,#545,#546,
#547,#548,#549,#550,#551,#552,#553,#554,#555,#556,#557,#558,#559,#560,#561,
#562,#563,#564,#565,#566,#567,#568),#6727,.T.);
#7149=ADVANCED_FACE('',(#915),#6728,.T.);
#7150=ADVANCED_FACE('',(#916,#569,#570,#571,#572,#573,#574,#575,#576,#577,
#578,#579,#580,#581,#582,#583,#584,#585,#586,#587,#588,#589,#590,#591,#592,
#593,#594,#595,#596,#597,#598,#599,#600,#601,#602,#603,#604,#605,#606,#607,
#608,#609,#610,#611,#612,#613,#614,#615),#6729,.F.);
#7151=ADVANCED_FACE('',(#917),#6730,.T.);
#7152=ADVANCED_FACE('',(#918),#385,.F.);
#7153=ADVANCED_FACE('',(#919),#386,.F.);
#7154=ADVANCED_FACE('',(#920),#387,.F.);
#7155=ADVANCED_FACE('',(#921),#388,.F.);
#7156=ADVANCED_FACE('',(#922),#389,.F.);
#7157=ADVANCED_FACE('',(#923),#390,.F.);
#7158=ADVANCED_FACE('',(#924),#391,.F.);
#7159=ADVANCED_FACE('',(#925),#392,.F.);
#7160=ADVANCED_FACE('',(#926),#393,.F.);
#7161=ADVANCED_FACE('',(#927),#394,.F.);
#7162=ADVANCED_FACE('',(#928),#395,.F.);
#7163=ADVANCED_FACE('',(#929),#396,.F.);
#7164=ADVANCED_FACE('',(#930),#397,.F.);
#7165=ADVANCED_FACE('',(#931),#398,.F.);
#7166=ADVANCED_FACE('',(#932),#399,.F.);
#7167=ADVANCED_FACE('',(#933),#400,.F.);
#7168=ADVANCED_FACE('',(#934),#401,.F.);
#7169=ADVANCED_FACE('',(#935),#402,.F.);
#7170=ADVANCED_FACE('',(#936),#403,.F.);
#7171=ADVANCED_FACE('',(#937),#404,.F.);
#7172=ADVANCED_FACE('',(#938),#405,.F.);
#7173=ADVANCED_FACE('',(#939),#406,.F.);
#7174=ADVANCED_FACE('',(#940),#407,.F.);
#7175=ADVANCED_FACE('',(#941),#408,.F.);
#7176=ADVANCED_FACE('',(#942),#409,.F.);
#7177=ADVANCED_FACE('',(#943),#410,.F.);
#7178=ADVANCED_FACE('',(#944),#411,.F.);
#7179=ADVANCED_FACE('',(#945),#412,.F.);
#7180=ADVANCED_FACE('',(#946),#413,.F.);
#7181=ADVANCED_FACE('',(#947),#414,.F.);
#7182=ADVANCED_FACE('',(#948),#415,.F.);
#7183=ADVANCED_FACE('',(#949),#416,.F.);
#7184=ADVANCED_FACE('',(#950),#417,.F.);
#7185=ADVANCED_FACE('',(#951),#418,.F.);
#7186=ADVANCED_FACE('',(#952),#419,.F.);
#7187=ADVANCED_FACE('',(#953),#420,.F.);
#7188=ADVANCED_FACE('',(#954),#421,.F.);
#7189=ADVANCED_FACE('',(#955),#422,.F.);
#7190=ADVANCED_FACE('',(#956),#423,.F.);
#7191=ADVANCED_FACE('',(#957),#424,.F.);
#7192=ADVANCED_FACE('',(#958),#425,.F.);
#7193=ADVANCED_FACE('',(#959),#426,.F.);
#7194=ADVANCED_FACE('',(#960),#427,.F.);
#7195=ADVANCED_FACE('',(#961),#428,.F.);
#7196=ADVANCED_FACE('',(#962),#429,.F.);
#7197=ADVANCED_FACE('',(#963),#430,.F.);
#7198=ADVANCED_FACE('',(#964),#431,.F.);
#7199=ADVANCED_FACE('',(#965),#6731,.F.);
#7200=ADVANCED_FACE('',(#966),#432,.F.);
#7201=ADVANCED_FACE('',(#967),#6732,.T.);
#7202=ADVANCED_FACE('',(#968),#433,.F.);
#7203=ADVANCED_FACE('',(#969),#6733,.T.);
#7204=ADVANCED_FACE('',(#970),#434,.F.);
#7205=ADVANCED_FACE('',(#971),#6734,.F.);
#7206=ADVANCED_FACE('',(#972),#6735,.F.);
#7207=ADVANCED_FACE('',(#973),#6736,.F.);
#7208=ADVANCED_FACE('',(#974),#6737,.F.);
#7209=ADVANCED_FACE('',(#975),#6738,.F.);
#7210=ADVANCED_FACE('',(#976),#6739,.F.);
#7211=ADVANCED_FACE('',(#977),#6740,.F.);
#7212=ADVANCED_FACE('',(#978),#6741,.F.);
#7213=ADVANCED_FACE('',(#979),#6742,.F.);
#7214=ADVANCED_FACE('',(#980),#6743,.F.);
#7215=ADVANCED_FACE('',(#981),#6744,.F.);
#7216=ADVANCED_FACE('',(#982),#6745,.F.);
#7217=ADVANCED_FACE('',(#983),#6746,.F.);
#7218=ADVANCED_FACE('',(#984),#6747,.F.);
#7219=ADVANCED_FACE('',(#985),#6748,.F.);
#7220=ADVANCED_FACE('',(#986),#6749,.F.);
#7221=ADVANCED_FACE('',(#987),#6750,.F.);
#7222=ADVANCED_FACE('',(#988),#6751,.F.);
#7223=ADVANCED_FACE('',(#989),#6752,.F.);
#7224=ADVANCED_FACE('',(#990),#6753,.F.);
#7225=ADVANCED_FACE('',(#991),#6754,.F.);
#7226=ADVANCED_FACE('',(#992),#6755,.F.);
#7227=ADVANCED_FACE('',(#993),#6756,.F.);
#7228=ADVANCED_FACE('',(#994),#6757,.T.);
#7229=ADVANCED_FACE('',(#995),#6758,.F.);
#7230=ADVANCED_FACE('',(#996),#6759,.T.);
#7231=ADVANCED_FACE('',(#997),#6760,.F.);
#7232=ADVANCED_FACE('',(#998),#6761,.T.);
#7233=ADVANCED_FACE('',(#999),#6762,.F.);
#7234=ADVANCED_FACE('',(#1000),#6763,.T.);
#7235=ADVANCED_FACE('',(#1001),#6764,.F.);
#7236=ADVANCED_FACE('',(#1002),#6765,.T.);
#7237=ADVANCED_FACE('',(#1003),#6766,.F.);
#7238=ADVANCED_FACE('',(#1004),#6767,.T.);
#7239=ADVANCED_FACE('',(#1005),#6768,.F.);
#7240=ADVANCED_FACE('',(#1006),#6769,.T.);
#7241=ADVANCED_FACE('',(#1007),#6770,.F.);
#7242=ADVANCED_FACE('',(#1008),#6771,.T.);
#7243=ADVANCED_FACE('',(#1009),#6772,.F.);
#7244=ADVANCED_FACE('',(#1010),#6773,.T.);
#7245=ADVANCED_FACE('',(#1011),#6774,.F.);
#7246=ADVANCED_FACE('',(#1012),#6775,.T.);
#7247=ADVANCED_FACE('',(#1013),#6776,.F.);
#7248=ADVANCED_FACE('',(#1014),#6777,.T.);
#7249=ADVANCED_FACE('',(#1015),#6778,.F.);
#7250=ADVANCED_FACE('',(#1016),#6779,.T.);
#7251=ADVANCED_FACE('',(#1017),#6780,.F.);
#7252=ADVANCED_FACE('',(#1018),#6781,.T.);
#7253=ADVANCED_FACE('',(#1019),#6782,.F.);
#7254=ADVANCED_FACE('',(#1020),#6783,.T.);
#7255=ADVANCED_FACE('',(#1021),#6784,.F.);
#7256=ADVANCED_FACE('',(#1022),#6785,.T.);
#7257=ADVANCED_FACE('',(#1023),#6786,.F.);
#7258=ADVANCED_FACE('',(#1024),#6787,.T.);
#7259=ADVANCED_FACE('',(#1025),#6788,.F.);
#7260=ADVANCED_FACE('',(#1026),#6789,.T.);
#7261=ADVANCED_FACE('',(#1027),#6790,.F.);
#7262=ADVANCED_FACE('',(#1028),#6791,.T.);
#7263=ADVANCED_FACE('',(#1029),#6792,.F.);
#7264=ADVANCED_FACE('',(#1030),#6793,.T.);
#7265=ADVANCED_FACE('',(#1031),#6794,.F.);
#7266=ADVANCED_FACE('',(#1032),#6795,.T.);
#7267=ADVANCED_FACE('',(#1033),#6796,.F.);
#7268=ADVANCED_FACE('',(#1034),#6797,.T.);
#7269=ADVANCED_FACE('',(#1035),#435,.T.);
#7270=ADVANCED_FACE('',(#1036,#616),#6798,.T.);
#7271=ADVANCED_FACE('',(#1037),#6799,.F.);
#7272=ADVANCED_FACE('',(#1038),#436,.F.);
#7273=ADVANCED_FACE('',(#1039),#6800,.T.);
#7274=ADVANCED_FACE('',(#1040),#437,.T.);
#7275=ADVANCED_FACE('',(#1041),#6801,.T.);
#7276=ADVANCED_FACE('',(#1042),#6802,.F.);
#7277=ADVANCED_FACE('',(#1043),#438,.T.);
#7278=ADVANCED_FACE('',(#1044),#6803,.T.);
#7279=ADVANCED_FACE('',(#1045),#6804,.F.);
#7280=ADVANCED_FACE('',(#1046),#439,.T.);
#7281=ADVANCED_FACE('',(#1047),#6805,.T.);
#7282=ADVANCED_FACE('',(#1048),#6806,.F.);
#7283=ADVANCED_FACE('',(#1049),#440,.T.);
#7284=ADVANCED_FACE('',(#1050),#6807,.T.);
#7285=ADVANCED_FACE('',(#1051),#6808,.F.);
#7286=ADVANCED_FACE('',(#1052),#441,.T.);
#7287=ADVANCED_FACE('',(#1053),#6809,.T.);
#7288=ADVANCED_FACE('',(#1054),#6810,.F.);
#7289=ADVANCED_FACE('',(#1055),#442,.T.);
#7290=ADVANCED_FACE('',(#1056),#6811,.T.);
#7291=ADVANCED_FACE('',(#1057),#6812,.F.);
#7292=ADVANCED_FACE('',(#1058),#443,.T.);
#7293=ADVANCED_FACE('',(#1059),#6813,.T.);
#7294=ADVANCED_FACE('',(#1060),#6814,.F.);
#7295=ADVANCED_FACE('',(#1061),#444,.T.);
#7296=ADVANCED_FACE('',(#1062),#6815,.T.);
#7297=ADVANCED_FACE('',(#1063),#6816,.F.);
#7298=ADVANCED_FACE('',(#1064),#445,.T.);
#7299=ADVANCED_FACE('',(#1065),#6817,.T.);
#7300=ADVANCED_FACE('',(#1066),#6818,.F.);
#7301=ADVANCED_FACE('',(#1067),#6819,.F.);
#7302=ADVANCED_FACE('',(#1068),#6820,.T.);
#7303=ADVANCED_FACE('',(#1069),#6821,.F.);
#7304=ADVANCED_FACE('',(#1070),#6822,.T.);
#7305=ADVANCED_FACE('',(#1071),#6823,.F.);
#7306=ADVANCED_FACE('',(#1072),#6824,.T.);
#7307=ADVANCED_FACE('',(#1073),#446,.T.);
#7308=ADVANCED_FACE('',(#1074,#617),#6825,.T.);
#7309=ADVANCED_FACE('',(#1075),#6826,.F.);
#7310=ADVANCED_FACE('',(#1076),#447,.F.);
#7311=ADVANCED_FACE('',(#1077),#6827,.T.);
#7312=ADVANCED_FACE('',(#1078),#448,.T.);
#7313=ADVANCED_FACE('',(#1079),#6828,.T.);
#7314=ADVANCED_FACE('',(#1080),#6829,.F.);
#7315=ADVANCED_FACE('',(#1081),#449,.T.);
#7316=ADVANCED_FACE('',(#1082),#6830,.T.);
#7317=ADVANCED_FACE('',(#1083),#6831,.F.);
#7318=ADVANCED_FACE('',(#1084),#450,.T.);
#7319=ADVANCED_FACE('',(#1085),#6832,.T.);
#7320=ADVANCED_FACE('',(#1086),#6833,.F.);
#7321=ADVANCED_FACE('',(#1087),#451,.T.);
#7322=ADVANCED_FACE('',(#1088),#6834,.T.);
#7323=ADVANCED_FACE('',(#1089),#6835,.F.);
#7324=ADVANCED_FACE('',(#1090),#452,.T.);
#7325=ADVANCED_FACE('',(#1091),#6836,.T.);
#7326=ADVANCED_FACE('',(#1092),#6837,.F.);
#7327=ADVANCED_FACE('',(#1093),#453,.T.);
#7328=ADVANCED_FACE('',(#1094),#6838,.T.);
#7329=ADVANCED_FACE('',(#1095),#6839,.F.);
#7330=ADVANCED_FACE('',(#1096),#454,.T.);
#7331=ADVANCED_FACE('',(#1097),#6840,.T.);
#7332=ADVANCED_FACE('',(#1098),#6841,.F.);
#7333=ADVANCED_FACE('',(#1099),#455,.T.);
#7334=ADVANCED_FACE('',(#1100),#6842,.T.);
#7335=ADVANCED_FACE('',(#1101),#6843,.F.);
#7336=ADVANCED_FACE('',(#1102),#456,.T.);
#7337=ADVANCED_FACE('',(#1103),#6844,.T.);
#7338=ADVANCED_FACE('',(#1104),#6845,.F.);
#7339=ADVANCED_FACE('',(#1105),#6846,.F.);
#7340=ADVANCED_FACE('',(#1106),#6847,.T.);
#7341=ADVANCED_FACE('',(#1107),#6848,.F.);
#7342=ADVANCED_FACE('',(#1108),#6849,.T.);
#7343=ADVANCED_FACE('',(#1109),#6850,.F.);
#7344=ADVANCED_FACE('',(#1110),#6851,.T.);
#7345=ADVANCED_FACE('',(#1111),#6852,.F.);
#7346=ADVANCED_FACE('',(#1112),#6853,.T.);
#7347=ADVANCED_FACE('',(#1113),#6854,.F.);
#7348=ADVANCED_FACE('',(#1114),#6855,.T.);
#7349=ADVANCED_FACE('',(#1115),#6856,.F.);
#7350=ADVANCED_FACE('',(#1116),#6857,.T.);
#7351=ADVANCED_FACE('',(#1117),#6858,.F.);
#7352=ADVANCED_FACE('',(#1118),#6859,.T.);
#7353=ADVANCED_FACE('',(#1119),#6860,.F.);
#7354=ADVANCED_FACE('',(#1120),#6861,.T.);
#7355=ADVANCED_FACE('',(#1121),#6862,.F.);
#7356=ADVANCED_FACE('',(#1122),#6863,.T.);
#7357=ADVANCED_FACE('',(#1123),#6864,.F.);
#7358=ADVANCED_FACE('',(#1124),#6865,.T.);
#7359=ADVANCED_FACE('',(#1125),#6866,.F.);
#7360=ADVANCED_FACE('',(#1126),#6867,.T.);
#7361=ADVANCED_FACE('',(#1127),#6868,.F.);
#7362=ADVANCED_FACE('',(#1128),#6869,.T.);
#7363=ADVANCED_FACE('',(#1129),#457,.T.);
#7364=ADVANCED_FACE('',(#1130,#618),#6870,.T.);
#7365=ADVANCED_FACE('',(#1131),#6871,.F.);
#7366=ADVANCED_FACE('',(#1132),#458,.F.);
#7367=ADVANCED_FACE('',(#1133),#6872,.T.);
#7368=ADVANCED_FACE('',(#1134),#459,.T.);
#7369=ADVANCED_FACE('',(#1135),#6873,.T.);
#7370=ADVANCED_FACE('',(#1136),#6874,.F.);
#7371=ADVANCED_FACE('',(#1137),#460,.T.);
#7372=ADVANCED_FACE('',(#1138),#6875,.T.);
#7373=ADVANCED_FACE('',(#1139),#6876,.F.);
#7374=ADVANCED_FACE('',(#1140),#461,.T.);
#7375=ADVANCED_FACE('',(#1141),#6877,.T.);
#7376=ADVANCED_FACE('',(#1142),#6878,.F.);
#7377=ADVANCED_FACE('',(#1143),#462,.T.);
#7378=ADVANCED_FACE('',(#1144),#6879,.T.);
#7379=ADVANCED_FACE('',(#1145),#6880,.F.);
#7380=ADVANCED_FACE('',(#1146),#463,.T.);
#7381=ADVANCED_FACE('',(#1147),#6881,.T.);
#7382=ADVANCED_FACE('',(#1148),#6882,.F.);
#7383=ADVANCED_FACE('',(#1149),#464,.T.);
#7384=ADVANCED_FACE('',(#1150),#6883,.T.);
#7385=ADVANCED_FACE('',(#1151),#6884,.F.);
#7386=ADVANCED_FACE('',(#1152),#465,.T.);
#7387=ADVANCED_FACE('',(#1153),#6885,.T.);
#7388=ADVANCED_FACE('',(#1154),#6886,.F.);
#7389=ADVANCED_FACE('',(#1155),#466,.T.);
#7390=ADVANCED_FACE('',(#1156),#6887,.T.);
#7391=ADVANCED_FACE('',(#1157),#6888,.F.);
#7392=ADVANCED_FACE('',(#1158),#467,.T.);
#7393=ADVANCED_FACE('',(#1159),#6889,.T.);
#7394=ADVANCED_FACE('',(#1160),#6890,.F.);
#7395=ADVANCED_FACE('',(#1161),#468,.T.);
#7396=ADVANCED_FACE('',(#1162,#619),#6891,.T.);
#7397=ADVANCED_FACE('',(#1163),#6892,.F.);
#7398=ADVANCED_FACE('',(#1164),#469,.F.);
#7399=ADVANCED_FACE('',(#1165),#6893,.T.);
#7400=ADVANCED_FACE('',(#1166),#470,.T.);
#7401=ADVANCED_FACE('',(#1167),#6894,.T.);
#7402=ADVANCED_FACE('',(#1168),#6895,.F.);
#7403=ADVANCED_FACE('',(#1169),#471,.T.);
#7404=ADVANCED_FACE('',(#1170),#6896,.T.);
#7405=ADVANCED_FACE('',(#1171),#6897,.F.);
#7406=ADVANCED_FACE('',(#1172),#472,.T.);
#7407=ADVANCED_FACE('',(#1173),#6898,.T.);
#7408=ADVANCED_FACE('',(#1174),#6899,.F.);
#7409=ADVANCED_FACE('',(#1175),#473,.T.);
#7410=ADVANCED_FACE('',(#1176),#6900,.T.);
#7411=ADVANCED_FACE('',(#1177),#6901,.F.);
#7412=ADVANCED_FACE('',(#1178),#474,.T.);
#7413=ADVANCED_FACE('',(#1179),#6902,.T.);
#7414=ADVANCED_FACE('',(#1180),#6903,.F.);
#7415=ADVANCED_FACE('',(#1181),#475,.T.);
#7416=ADVANCED_FACE('',(#1182),#6904,.T.);
#7417=ADVANCED_FACE('',(#1183),#6905,.F.);
#7418=ADVANCED_FACE('',(#1184),#476,.T.);
#7419=ADVANCED_FACE('',(#1185),#6906,.T.);
#7420=ADVANCED_FACE('',(#1186),#6907,.F.);
#7421=ADVANCED_FACE('',(#1187),#477,.T.);
#7422=ADVANCED_FACE('',(#1188),#6908,.T.);
#7423=ADVANCED_FACE('',(#1189),#6909,.F.);
#7424=ADVANCED_FACE('',(#1190),#478,.T.);
#7425=ADVANCED_FACE('',(#1191),#6910,.T.);
#7426=ADVANCED_FACE('',(#1192),#6911,.F.);
#7427=ADVANCED_FACE('',(#1193),#479,.T.);
#7428=ADVANCED_FACE('',(#1194,#620),#6912,.T.);
#7429=ADVANCED_FACE('',(#1195),#6913,.F.);
#7430=ADVANCED_FACE('',(#1196),#480,.F.);
#7431=ADVANCED_FACE('',(#1197),#6914,.T.);
#7432=ADVANCED_FACE('',(#1198),#481,.T.);
#7433=ADVANCED_FACE('',(#1199),#6915,.T.);
#7434=ADVANCED_FACE('',(#1200),#6916,.F.);
#7435=ADVANCED_FACE('',(#1201),#482,.T.);
#7436=ADVANCED_FACE('',(#1202),#6917,.T.);
#7437=ADVANCED_FACE('',(#1203),#6918,.F.);
#7438=ADVANCED_FACE('',(#1204),#483,.T.);
#7439=ADVANCED_FACE('',(#1205),#6919,.T.);
#7440=ADVANCED_FACE('',(#1206),#6920,.F.);
#7441=ADVANCED_FACE('',(#1207),#484,.T.);
#7442=ADVANCED_FACE('',(#1208),#6921,.T.);
#7443=ADVANCED_FACE('',(#1209),#6922,.F.);
#7444=ADVANCED_FACE('',(#1210),#485,.T.);
#7445=ADVANCED_FACE('',(#1211),#6923,.T.);
#7446=ADVANCED_FACE('',(#1212),#6924,.F.);
#7447=ADVANCED_FACE('',(#1213),#486,.T.);
#7448=ADVANCED_FACE('',(#1214),#6925,.T.);
#7449=ADVANCED_FACE('',(#1215),#6926,.F.);
#7450=ADVANCED_FACE('',(#1216),#487,.T.);
#7451=ADVANCED_FACE('',(#1217),#6927,.T.);
#7452=ADVANCED_FACE('',(#1218),#6928,.F.);
#7453=ADVANCED_FACE('',(#1219),#488,.T.);
#7454=ADVANCED_FACE('',(#1220),#6929,.T.);
#7455=ADVANCED_FACE('',(#1221),#6930,.F.);
#7456=ADVANCED_FACE('',(#1222),#489,.T.);
#7457=ADVANCED_FACE('',(#1223),#6931,.T.);
#7458=ADVANCED_FACE('',(#1224),#6932,.F.);
#7459=ADVANCED_FACE('',(#1225),#490,.T.);
#7460=ADVANCED_FACE('',(#1226,#621),#6933,.T.);
#7461=ADVANCED_FACE('',(#1227),#6934,.F.);
#7462=ADVANCED_FACE('',(#1228),#491,.F.);
#7463=ADVANCED_FACE('',(#1229),#6935,.T.);
#7464=ADVANCED_FACE('',(#1230),#492,.T.);
#7465=ADVANCED_FACE('',(#1231),#6936,.T.);
#7466=ADVANCED_FACE('',(#1232),#6937,.F.);
#7467=ADVANCED_FACE('',(#1233),#493,.T.);
#7468=ADVANCED_FACE('',(#1234),#6938,.T.);
#7469=ADVANCED_FACE('',(#1235),#6939,.F.);
#7470=ADVANCED_FACE('',(#1236),#494,.T.);
#7471=ADVANCED_FACE('',(#1237),#6940,.T.);
#7472=ADVANCED_FACE('',(#1238),#6941,.F.);
#7473=ADVANCED_FACE('',(#1239),#495,.T.);
#7474=ADVANCED_FACE('',(#1240),#6942,.T.);
#7475=ADVANCED_FACE('',(#1241),#6943,.F.);
#7476=ADVANCED_FACE('',(#1242),#496,.T.);
#7477=ADVANCED_FACE('',(#1243),#6944,.T.);
#7478=ADVANCED_FACE('',(#1244),#6945,.F.);
#7479=ADVANCED_FACE('',(#1245),#497,.T.);
#7480=ADVANCED_FACE('',(#1246),#6946,.T.);
#7481=ADVANCED_FACE('',(#1247),#6947,.F.);
#7482=ADVANCED_FACE('',(#1248),#498,.T.);
#7483=ADVANCED_FACE('',(#1249),#6948,.T.);
#7484=ADVANCED_FACE('',(#1250),#6949,.F.);
#7485=ADVANCED_FACE('',(#1251),#499,.T.);
#7486=ADVANCED_FACE('',(#1252),#6950,.T.);
#7487=ADVANCED_FACE('',(#1253),#6951,.F.);
#7488=ADVANCED_FACE('',(#1254),#500,.T.);
#7489=ADVANCED_FACE('',(#1255),#6952,.T.);
#7490=ADVANCED_FACE('',(#1256),#6953,.F.);
#7491=ADVANCED_FACE('',(#1257),#501,.T.);
#7492=ADVANCED_FACE('',(#1258,#622),#6954,.T.);
#7493=ADVANCED_FACE('',(#1259),#6955,.F.);
#7494=ADVANCED_FACE('',(#1260),#502,.F.);
#7495=ADVANCED_FACE('',(#1261),#6956,.T.);
#7496=ADVANCED_FACE('',(#1262),#503,.T.);
#7497=ADVANCED_FACE('',(#1263),#6957,.T.);
#7498=ADVANCED_FACE('',(#1264),#6958,.F.);
#7499=ADVANCED_FACE('',(#1265),#504,.T.);
#7500=ADVANCED_FACE('',(#1266),#6959,.T.);
#7501=ADVANCED_FACE('',(#1267),#6960,.F.);
#7502=ADVANCED_FACE('',(#1268),#505,.T.);
#7503=ADVANCED_FACE('',(#1269),#6961,.T.);
#7504=ADVANCED_FACE('',(#1270),#6962,.F.);
#7505=ADVANCED_FACE('',(#1271),#506,.T.);
#7506=ADVANCED_FACE('',(#1272),#6963,.T.);
#7507=ADVANCED_FACE('',(#1273),#6964,.F.);
#7508=ADVANCED_FACE('',(#1274),#507,.T.);
#7509=ADVANCED_FACE('',(#1275),#6965,.T.);
#7510=ADVANCED_FACE('',(#1276),#6966,.F.);
#7511=ADVANCED_FACE('',(#1277),#508,.T.);
#7512=ADVANCED_FACE('',(#1278),#6967,.T.);
#7513=ADVANCED_FACE('',(#1279),#6968,.F.);
#7514=ADVANCED_FACE('',(#1280),#509,.T.);
#7515=ADVANCED_FACE('',(#1281),#6969,.T.);
#7516=ADVANCED_FACE('',(#1282),#6970,.F.);
#7517=ADVANCED_FACE('',(#1283),#510,.T.);
#7518=ADVANCED_FACE('',(#1284),#6971,.T.);
#7519=ADVANCED_FACE('',(#1285),#6972,.F.);
#7520=ADVANCED_FACE('',(#1286),#511,.T.);
#7521=ADVANCED_FACE('',(#1287),#6973,.T.);
#7522=ADVANCED_FACE('',(#1288),#6974,.F.);
#7523=ADVANCED_FACE('',(#1289),#512,.T.);
#7524=ADVANCED_FACE('',(#1290,#623),#6975,.T.);
#7525=ADVANCED_FACE('',(#1291),#6976,.F.);
#7526=ADVANCED_FACE('',(#1292),#513,.F.);
#7527=ADVANCED_FACE('',(#1293),#6977,.T.);
#7528=ADVANCED_FACE('',(#1294),#514,.T.);
#7529=ADVANCED_FACE('',(#1295),#6978,.T.);
#7530=ADVANCED_FACE('',(#1296),#6979,.F.);
#7531=ADVANCED_FACE('',(#1297),#515,.T.);
#7532=ADVANCED_FACE('',(#1298),#6980,.T.);
#7533=ADVANCED_FACE('',(#1299),#6981,.F.);
#7534=ADVANCED_FACE('',(#1300),#516,.T.);
#7535=ADVANCED_FACE('',(#1301),#6982,.T.);
#7536=ADVANCED_FACE('',(#1302),#6983,.F.);
#7537=ADVANCED_FACE('',(#1303),#517,.T.);
#7538=ADVANCED_FACE('',(#1304),#6984,.T.);
#7539=ADVANCED_FACE('',(#1305),#6985,.F.);
#7540=ADVANCED_FACE('',(#1306),#518,.T.);
#7541=ADVANCED_FACE('',(#1307),#6986,.T.);
#7542=ADVANCED_FACE('',(#1308),#6987,.F.);
#7543=ADVANCED_FACE('',(#1309),#519,.T.);
#7544=ADVANCED_FACE('',(#1310),#6988,.T.);
#7545=ADVANCED_FACE('',(#1311),#6989,.F.);
#7546=ADVANCED_FACE('',(#1312),#520,.T.);
#7547=ADVANCED_FACE('',(#1313),#6990,.T.);
#7548=ADVANCED_FACE('',(#1314),#6991,.F.);
#7549=ADVANCED_FACE('',(#1315),#521,.T.);
#7550=ADVANCED_FACE('',(#1316),#6992,.T.);
#7551=ADVANCED_FACE('',(#1317),#6993,.F.);
#7552=ADVANCED_FACE('',(#1318),#522,.T.);
#7553=ADVANCED_FACE('',(#1319),#6994,.T.);
#7554=ADVANCED_FACE('',(#1320),#6995,.F.);
#7555=ADVANCED_FACE('',(#1321),#6996,.F.);
#7556=ADVANCED_FACE('',(#1322),#6997,.T.);
#7557=ADVANCED_FACE('',(#1323),#6998,.F.);
#7558=ADVANCED_FACE('',(#1324),#6999,.T.);
#7559=ADVANCED_FACE('',(#1325),#7000,.F.);
#7560=ADVANCED_FACE('',(#1326),#7001,.T.);
#7561=ADVANCED_FACE('',(#1327),#7002,.F.);
#7562=ADVANCED_FACE('',(#1328),#7003,.T.);
#7563=ADVANCED_FACE('',(#1329),#7004,.F.);
#7564=ADVANCED_FACE('',(#1330),#7005,.T.);
#7565=ADVANCED_FACE('',(#1331),#7006,.F.);
#7566=ADVANCED_FACE('',(#1332),#7007,.T.);
#7567=ADVANCED_FACE('',(#1333),#7008,.F.);
#7568=ADVANCED_FACE('',(#1334),#7009,.T.);
#7569=ADVANCED_FACE('',(#1335),#7010,.F.);
#7570=ADVANCED_FACE('',(#1336),#7011,.T.);
#7571=ADVANCED_FACE('',(#1337),#7012,.F.);
#7572=ADVANCED_FACE('',(#1338),#7013,.T.);
#7573=ADVANCED_FACE('',(#1339),#7014,.F.);
#7574=ADVANCED_FACE('',(#1340),#7015,.T.);
#7575=ADVANCED_FACE('',(#1341),#7016,.F.);
#7576=ADVANCED_FACE('',(#1342),#7017,.T.);
#7577=ADVANCED_FACE('',(#1343),#7018,.F.);
#7578=ADVANCED_FACE('',(#1344),#7019,.T.);
#7579=ADVANCED_FACE('',(#1345),#7020,.F.);
#7580=ADVANCED_FACE('',(#1346),#7021,.T.);
#7581=ADVANCED_FACE('',(#1347),#7022,.F.);
#7582=ADVANCED_FACE('',(#1348),#7023,.T.);
#7583=ADVANCED_FACE('',(#1349),#7024,.F.);
#7584=ADVANCED_FACE('',(#1350),#7025,.T.);
#7585=ADVANCED_FACE('',(#1351),#7026,.F.);
#7586=ADVANCED_FACE('',(#1352),#7027,.T.);
#7587=ADVANCED_FACE('',(#1353),#7028,.F.);
#7588=ADVANCED_FACE('',(#1354),#7029,.T.);
#7589=ADVANCED_FACE('',(#1355),#7030,.F.);
#7590=ADVANCED_FACE('',(#1356),#7031,.T.);
#7591=ADVANCED_FACE('',(#1357),#7032,.F.);
#7592=ADVANCED_FACE('',(#1358),#7033,.T.);
#7593=ADVANCED_FACE('',(#1359),#7034,.F.);
#7594=ADVANCED_FACE('',(#1360),#7035,.T.);
#7595=ADVANCED_FACE('',(#1361),#7036,.F.);
#7596=ADVANCED_FACE('',(#1362),#7037,.T.);
#7597=ADVANCED_FACE('',(#1363),#7038,.F.);
#7598=ADVANCED_FACE('',(#1364),#7039,.T.);
#7599=ADVANCED_FACE('',(#1365),#7040,.F.);
#7600=ADVANCED_FACE('',(#1366),#7041,.T.);
#7601=ADVANCED_FACE('',(#1367),#7042,.F.);
#7602=ADVANCED_FACE('',(#1368),#7043,.T.);
#7603=ADVANCED_FACE('',(#1369),#7044,.F.);
#7604=ADVANCED_FACE('',(#1370),#7045,.T.);
#7605=ADVANCED_FACE('',(#1371),#7046,.F.);
#7606=ADVANCED_FACE('',(#1372),#7047,.T.);
#7607=ADVANCED_FACE('',(#1373),#7048,.F.);
#7608=ADVANCED_FACE('',(#1374),#7049,.T.);
#7609=ADVANCED_FACE('',(#1375),#7050,.F.);
#7610=ADVANCED_FACE('',(#1376),#7051,.T.);
#7611=ADVANCED_FACE('',(#1377),#7052,.F.);
#7612=ADVANCED_FACE('',(#1378),#7053,.T.);
#7613=ADVANCED_FACE('',(#1379),#7054,.F.);
#7614=ADVANCED_FACE('',(#1380),#7055,.T.);
#7615=ADVANCED_FACE('',(#1381),#7056,.F.);
#7616=ADVANCED_FACE('',(#1382),#7057,.T.);
#7617=ADVANCED_FACE('',(#1383),#7058,.F.);
#7618=ADVANCED_FACE('',(#1384),#7059,.T.);
#7619=ADVANCED_FACE('',(#1385),#7060,.F.);
#7620=ADVANCED_FACE('',(#1386),#7061,.T.);
#7621=ADVANCED_FACE('',(#1387),#7062,.F.);
#7622=ADVANCED_FACE('',(#1388),#7063,.T.);
#7623=ADVANCED_FACE('',(#1389),#7064,.F.);
#7624=ADVANCED_FACE('',(#1390),#7065,.T.);
#7625=ADVANCED_FACE('',(#1391),#7066,.F.);
#7626=ADVANCED_FACE('',(#1392),#7067,.T.);
#7627=ADVANCED_FACE('',(#1393),#7068,.F.);
#7628=ADVANCED_FACE('',(#1394),#7069,.T.);
#7629=ADVANCED_FACE('',(#1395),#7070,.F.);
#7630=ADVANCED_FACE('',(#1396),#7071,.T.);
#7631=ADVANCED_FACE('',(#1397),#7072,.F.);
#7632=ADVANCED_FACE('',(#1398),#7073,.T.);
#7633=ADVANCED_FACE('',(#1399),#7074,.F.);
#7634=ADVANCED_FACE('',(#1400),#7075,.T.);
#7635=ADVANCED_FACE('',(#1401),#7076,.F.);
#7636=ADVANCED_FACE('',(#1402),#7077,.T.);
#7637=ADVANCED_FACE('',(#1403),#7078,.F.);
#7638=ADVANCED_FACE('',(#1404),#7079,.T.);
#7639=ADVANCED_FACE('',(#1405),#7080,.F.);
#7640=ADVANCED_FACE('',(#1406),#7081,.T.);
#7641=ADVANCED_FACE('',(#1407),#7082,.F.);
#7642=ADVANCED_FACE('',(#1408),#7083,.T.);
#7643=ADVANCED_FACE('',(#1409),#7084,.F.);
#7644=ADVANCED_FACE('',(#1410),#7085,.T.);
#7645=ADVANCED_FACE('',(#1411),#7086,.F.);
#7646=ADVANCED_FACE('',(#1412),#7087,.T.);
#7647=ADVANCED_FACE('',(#1413),#7088,.F.);
#7648=ADVANCED_FACE('',(#1414),#7089,.T.);
#7649=ADVANCED_FACE('',(#1415),#7090,.F.);
#7650=ADVANCED_FACE('',(#1416),#7091,.T.);
#7651=ADVANCED_FACE('',(#1417),#7092,.F.);
#7652=ADVANCED_FACE('',(#1418),#7093,.T.);
#7653=ADVANCED_FACE('',(#1419),#7094,.F.);
#7654=ADVANCED_FACE('',(#1420),#7095,.T.);
#7655=ADVANCED_FACE('',(#1421),#7096,.F.);
#7656=ADVANCED_FACE('',(#1422),#7097,.T.);
#7657=ADVANCED_FACE('',(#1423),#7098,.F.);
#7658=ADVANCED_FACE('',(#1424),#7099,.T.);
#7659=ADVANCED_FACE('',(#1425),#7100,.F.);
#7660=ADVANCED_FACE('',(#1426),#7101,.T.);
#7661=ADVANCED_FACE('',(#1427),#7102,.F.);
#7662=ADVANCED_FACE('',(#1428),#7103,.T.);
#7663=ADVANCED_FACE('',(#1429),#7104,.F.);
#7664=ADVANCED_FACE('',(#1430),#7105,.T.);
#7665=ADVANCED_FACE('',(#1431),#7106,.F.);
#7666=ADVANCED_FACE('',(#1432),#7107,.T.);
#7667=ADVANCED_FACE('',(#1433),#7108,.F.);
#7668=ADVANCED_FACE('',(#1434),#7109,.T.);
#7669=ADVANCED_FACE('',(#1435),#7110,.F.);
#7670=ADVANCED_FACE('',(#1436),#7111,.T.);
#7671=ADVANCED_FACE('',(#1437),#7112,.F.);
#7672=ADVANCED_FACE('',(#1438),#7113,.T.);
#7673=ADVANCED_FACE('',(#1439),#7114,.F.);
#7674=ADVANCED_FACE('',(#1440),#7115,.T.);
#7675=ADVANCED_FACE('',(#1441),#7116,.F.);
#7676=ADVANCED_FACE('',(#1442),#7117,.T.);
#7677=ADVANCED_FACE('',(#1443),#7118,.F.);
#7678=ADVANCED_FACE('',(#1444),#7119,.T.);
#7679=ADVANCED_FACE('',(#1445),#7120,.F.);
#7680=ADVANCED_FACE('',(#1446),#7121,.T.);
#7681=ADVANCED_FACE('',(#1447),#7122,.F.);
#7682=ADVANCED_FACE('',(#1448),#7123,.T.);
#7683=ADVANCED_FACE('',(#1449),#7124,.F.);
#7684=ADVANCED_FACE('',(#1450),#7125,.T.);
#7685=ADVANCED_FACE('',(#1451),#7126,.F.);
#7686=ADVANCED_FACE('',(#1452),#7127,.T.);
#7687=ADVANCED_FACE('',(#1453),#7128,.F.);
#7688=ADVANCED_FACE('',(#1454),#7129,.T.);
#7689=ADVANCED_FACE('',(#1455),#7130,.F.);
#7690=ADVANCED_FACE('',(#1456),#7131,.T.);
#7691=ADVANCED_FACE('',(#1457),#7132,.F.);
#7692=ADVANCED_FACE('',(#1458),#7133,.T.);
#7693=ADVANCED_FACE('',(#1459),#7134,.F.);
#7694=ADVANCED_FACE('',(#1460),#7135,.T.);
#7695=ADVANCED_FACE('',(#1461),#7136,.F.);
#7696=ADVANCED_FACE('',(#1462),#7137,.T.);
#7697=ADVANCED_FACE('',(#1463),#7138,.F.);
#7698=ADVANCED_FACE('',(#1464),#7139,.T.);
#7699=ADVANCED_FACE('',(#1465),#7140,.F.);
#7700=ADVANCED_FACE('',(#1466),#7141,.T.);
#7701=ADVANCED_FACE('',(#1467),#7142,.F.);
#7702=ADVANCED_FACE('',(#1468),#7143,.T.);
#7703=ADVANCED_FACE('',(#1469),#7144,.F.);
#7704=ADVANCED_FACE('',(#1470),#7145,.T.);
#7705=CLOSED_SHELL('',(#7146,#7147,#7148,#7149,#7150,#7151,#7152,#7153,
#7154,#7155,#7156,#7157,#7158,#7159,#7160,#7161,#7162,#7163,#7164,#7165,
#7166,#7167,#7168,#7169,#7170,#7171,#7172,#7173,#7174,#7175,#7176,#7177,
#7178,#7179,#7180,#7181,#7182,#7183,#7184,#7185,#7186,#7187,#7188,#7189,
#7190,#7191,#7192,#7193,#7194,#7195,#7196,#7197,#7198,#7199,#7200,#7201,
#7202,#7203,#7204,#7205,#7206,#7207,#7208,#7209,#7210,#7211,#7212,#7213,
#7214,#7215,#7216,#7217,#7218,#7219,#7220,#7221,#7222,#7223,#7224,#7225,
#7226));
#7706=CLOSED_SHELL('',(#7227,#7228,#7229,#7230,#7231,#7232));
#7707=CLOSED_SHELL('',(#7233,#7234,#7235,#7236,#7237,#7238));
#7708=CLOSED_SHELL('',(#7239,#7240,#7241,#7242,#7243,#7244));
#7709=CLOSED_SHELL('',(#7245,#7246,#7247,#7248,#7249,#7250));
#7710=CLOSED_SHELL('',(#7251,#7252,#7253,#7254,#7255,#7256));
#7711=CLOSED_SHELL('',(#7257,#7258,#7259,#7260,#7261,#7262));
#7712=CLOSED_SHELL('',(#7263,#7264,#7265,#7266,#7267,#7268));
#7713=CLOSED_SHELL('',(#7269,#7270,#7271,#7272,#7273));
#7714=CLOSED_SHELL('',(#7274,#7275,#7276));
#7715=CLOSED_SHELL('',(#7277,#7278,#7279));
#7716=CLOSED_SHELL('',(#7280,#7281,#7282));
#7717=CLOSED_SHELL('',(#7283,#7284,#7285));
#7718=CLOSED_SHELL('',(#7286,#7287,#7288));
#7719=CLOSED_SHELL('',(#7289,#7290,#7291));
#7720=CLOSED_SHELL('',(#7292,#7293,#7294));
#7721=CLOSED_SHELL('',(#7295,#7296,#7297));
#7722=CLOSED_SHELL('',(#7298,#7299,#7300));
#7723=CLOSED_SHELL('',(#7301,#7302,#7303,#7304,#7305,#7306));
#7724=CLOSED_SHELL('',(#7307,#7308,#7309,#7310,#7311));
#7725=CLOSED_SHELL('',(#7312,#7313,#7314));
#7726=CLOSED_SHELL('',(#7315,#7316,#7317));
#7727=CLOSED_SHELL('',(#7318,#7319,#7320));
#7728=CLOSED_SHELL('',(#7321,#7322,#7323));
#7729=CLOSED_SHELL('',(#7324,#7325,#7326));
#7730=CLOSED_SHELL('',(#7327,#7328,#7329));
#7731=CLOSED_SHELL('',(#7330,#7331,#7332));
#7732=CLOSED_SHELL('',(#7333,#7334,#7335));
#7733=CLOSED_SHELL('',(#7336,#7337,#7338));
#7734=CLOSED_SHELL('',(#7339,#7340,#7341,#7342,#7343,#7344));
#7735=CLOSED_SHELL('',(#7345,#7346,#7347,#7348,#7349,#7350));
#7736=CLOSED_SHELL('',(#7351,#7352,#7353,#7354,#7355,#7356));
#7737=CLOSED_SHELL('',(#7357,#7358,#7359,#7360,#7361,#7362));
#7738=CLOSED_SHELL('',(#7363,#7364,#7365,#7366,#7367));
#7739=CLOSED_SHELL('',(#7368,#7369,#7370));
#7740=CLOSED_SHELL('',(#7371,#7372,#7373));
#7741=CLOSED_SHELL('',(#7374,#7375,#7376));
#7742=CLOSED_SHELL('',(#7377,#7378,#7379));
#7743=CLOSED_SHELL('',(#7380,#7381,#7382));
#7744=CLOSED_SHELL('',(#7383,#7384,#7385));
#7745=CLOSED_SHELL('',(#7386,#7387,#7388));
#7746=CLOSED_SHELL('',(#7389,#7390,#7391));
#7747=CLOSED_SHELL('',(#7392,#7393,#7394));
#7748=CLOSED_SHELL('',(#7395,#7396,#7397,#7398,#7399));
#7749=CLOSED_SHELL('',(#7400,#7401,#7402));
#7750=CLOSED_SHELL('',(#7403,#7404,#7405));
#7751=CLOSED_SHELL('',(#7406,#7407,#7408));
#7752=CLOSED_SHELL('',(#7409,#7410,#7411));
#7753=CLOSED_SHELL('',(#7412,#7413,#7414));
#7754=CLOSED_SHELL('',(#7415,#7416,#7417));
#7755=CLOSED_SHELL('',(#7418,#7419,#7420));
#7756=CLOSED_SHELL('',(#7421,#7422,#7423));
#7757=CLOSED_SHELL('',(#7424,#7425,#7426));
#7758=CLOSED_SHELL('',(#7427,#7428,#7429,#7430,#7431));
#7759=CLOSED_SHELL('',(#7432,#7433,#7434));
#7760=CLOSED_SHELL('',(#7435,#7436,#7437));
#7761=CLOSED_SHELL('',(#7438,#7439,#7440));
#7762=CLOSED_SHELL('',(#7441,#7442,#7443));
#7763=CLOSED_SHELL('',(#7444,#7445,#7446));
#7764=CLOSED_SHELL('',(#7447,#7448,#7449));
#7765=CLOSED_SHELL('',(#7450,#7451,#7452));
#7766=CLOSED_SHELL('',(#7453,#7454,#7455));
#7767=CLOSED_SHELL('',(#7456,#7457,#7458));
#7768=CLOSED_SHELL('',(#7459,#7460,#7461,#7462,#7463));
#7769=CLOSED_SHELL('',(#7464,#7465,#7466));
#7770=CLOSED_SHELL('',(#7467,#7468,#7469));
#7771=CLOSED_SHELL('',(#7470,#7471,#7472));
#7772=CLOSED_SHELL('',(#7473,#7474,#7475));
#7773=CLOSED_SHELL('',(#7476,#7477,#7478));
#7774=CLOSED_SHELL('',(#7479,#7480,#7481));
#7775=CLOSED_SHELL('',(#7482,#7483,#7484));
#7776=CLOSED_SHELL('',(#7485,#7486,#7487));
#7777=CLOSED_SHELL('',(#7488,#7489,#7490));
#7778=CLOSED_SHELL('',(#7491,#7492,#7493,#7494,#7495));
#7779=CLOSED_SHELL('',(#7496,#7497,#7498));
#7780=CLOSED_SHELL('',(#7499,#7500,#7501));
#7781=CLOSED_SHELL('',(#7502,#7503,#7504));
#7782=CLOSED_SHELL('',(#7505,#7506,#7507));
#7783=CLOSED_SHELL('',(#7508,#7509,#7510));
#7784=CLOSED_SHELL('',(#7511,#7512,#7513));
#7785=CLOSED_SHELL('',(#7514,#7515,#7516));
#7786=CLOSED_SHELL('',(#7517,#7518,#7519));
#7787=CLOSED_SHELL('',(#7520,#7521,#7522));
#7788=CLOSED_SHELL('',(#7523,#7524,#7525,#7526,#7527));
#7789=CLOSED_SHELL('',(#7528,#7529,#7530));
#7790=CLOSED_SHELL('',(#7531,#7532,#7533));
#7791=CLOSED_SHELL('',(#7534,#7535,#7536));
#7792=CLOSED_SHELL('',(#7537,#7538,#7539));
#7793=CLOSED_SHELL('',(#7540,#7541,#7542));
#7794=CLOSED_SHELL('',(#7543,#7544,#7545));
#7795=CLOSED_SHELL('',(#7546,#7547,#7548));
#7796=CLOSED_SHELL('',(#7549,#7550,#7551));
#7797=CLOSED_SHELL('',(#7552,#7553,#7554));
#7798=CLOSED_SHELL('',(#7555,#7556,#7557,#7558,#7559,#7560));
#7799=CLOSED_SHELL('',(#7561,#7562,#7563,#7564,#7565,#7566));
#7800=CLOSED_SHELL('',(#7567,#7568,#7569,#7570,#7571,#7572));
#7801=CLOSED_SHELL('',(#7573,#7574,#7575,#7576,#7577,#7578));
#7802=CLOSED_SHELL('',(#7579,#7580,#7581,#7582,#7583,#7584));
#7803=CLOSED_SHELL('',(#7585,#7586,#7587,#7588,#7589,#7590));
#7804=CLOSED_SHELL('',(#7591,#7592,#7593,#7594,#7595,#7596));
#7805=CLOSED_SHELL('',(#7597,#7598,#7599,#7600,#7601,#7602));
#7806=CLOSED_SHELL('',(#7603,#7604,#7605,#7606,#7607,#7608));
#7807=CLOSED_SHELL('',(#7609,#7610,#7611,#7612,#7613,#7614));
#7808=CLOSED_SHELL('',(#7615,#7616,#7617,#7618,#7619,#7620));
#7809=CLOSED_SHELL('',(#7621,#7622,#7623,#7624,#7625,#7626));
#7810=CLOSED_SHELL('',(#7627,#7628,#7629,#7630,#7631,#7632));
#7811=CLOSED_SHELL('',(#7633,#7634,#7635,#7636,#7637,#7638));
#7812=CLOSED_SHELL('',(#7639,#7640,#7641,#7642,#7643,#7644));
#7813=CLOSED_SHELL('',(#7645,#7646,#7647,#7648,#7649,#7650));
#7814=CLOSED_SHELL('',(#7651,#7652,#7653,#7654,#7655,#7656));
#7815=CLOSED_SHELL('',(#7657,#7658,#7659,#7660,#7661,#7662));
#7816=CLOSED_SHELL('',(#7663,#7664,#7665,#7666,#7667,#7668));
#7817=CLOSED_SHELL('',(#7669,#7670,#7671,#7672,#7673,#7674));
#7818=CLOSED_SHELL('',(#7675,#7676,#7677,#7678,#7679,#7680));
#7819=CLOSED_SHELL('',(#7681,#7682,#7683,#7684,#7685,#7686));
#7820=CLOSED_SHELL('',(#7687,#7688,#7689,#7690,#7691,#7692));
#7821=CLOSED_SHELL('',(#7693,#7694,#7695,#7696,#7697,#7698));
#7822=CLOSED_SHELL('',(#7699,#7700,#7701,#7702,#7703,#7704));
#7823=DERIVED_UNIT_ELEMENT(#7869,1.);
#7824=DERIVED_UNIT_ELEMENT(#13912,-3.);
#7825=DERIVED_UNIT_ELEMENT(#7869,1.);
#7826=DERIVED_UNIT_ELEMENT(#13912,-3.);
#7827=DERIVED_UNIT_ELEMENT(#7869,1.);
#7828=DERIVED_UNIT_ELEMENT(#13912,-3.);
#7829=DERIVED_UNIT_ELEMENT(#7869,1.);
#7830=DERIVED_UNIT_ELEMENT(#13912,-3.);
#7831=DERIVED_UNIT_ELEMENT(#7869,1.);
#7832=DERIVED_UNIT_ELEMENT(#13912,-3.);
#7833=DERIVED_UNIT_ELEMENT(#7869,1.);
#7834=DERIVED_UNIT_ELEMENT(#13912,-3.);
#7835=DERIVED_UNIT_ELEMENT(#7869,1.);
#7836=DERIVED_UNIT_ELEMENT(#13912,-3.);
#7837=DERIVED_UNIT_ELEMENT(#7869,1.);
#7838=DERIVED_UNIT_ELEMENT(#13912,-3.);
#7839=DERIVED_UNIT_ELEMENT(#7869,1.);
#7840=DERIVED_UNIT_ELEMENT(#13912,-3.);
#7841=DERIVED_UNIT_ELEMENT(#7869,1.);
#7842=DERIVED_UNIT_ELEMENT(#13912,-3.);
#7843=DERIVED_UNIT_ELEMENT(#7869,1.);
#7844=DERIVED_UNIT_ELEMENT(#13912,-3.);
#7845=DERIVED_UNIT_ELEMENT(#7869,1.);
#7846=DERIVED_UNIT_ELEMENT(#13912,-3.);
#7847=DERIVED_UNIT_ELEMENT(#7869,1.);
#7848=DERIVED_UNIT_ELEMENT(#13912,-3.);
#7849=DERIVED_UNIT_ELEMENT(#7869,1.);
#7850=DERIVED_UNIT_ELEMENT(#13912,-3.);
#7851=DERIVED_UNIT_ELEMENT(#7869,1.);
#7852=DERIVED_UNIT_ELEMENT(#13912,-3.);
#7853=DERIVED_UNIT_ELEMENT(#7869,1.);
#7854=DERIVED_UNIT_ELEMENT(#13912,-3.);
#7855=DERIVED_UNIT_ELEMENT(#7869,1.);
#7856=DERIVED_UNIT_ELEMENT(#13912,-3.);
#7857=DERIVED_UNIT_ELEMENT(#7869,1.);
#7858=DERIVED_UNIT_ELEMENT(#13912,-3.);
#7859=DERIVED_UNIT_ELEMENT(#7869,1.);
#7860=DERIVED_UNIT_ELEMENT(#13912,-3.);
#7861=DERIVED_UNIT_ELEMENT(#7869,1.);
#7862=DERIVED_UNIT_ELEMENT(#13912,-3.);
#7863=DERIVED_UNIT_ELEMENT(#7869,1.);
#7864=DERIVED_UNIT_ELEMENT(#13912,-3.);
#7865=DERIVED_UNIT_ELEMENT(#7869,1.);
#7866=DERIVED_UNIT_ELEMENT(#13912,-3.);
#7867=DERIVED_UNIT_ELEMENT(#7869,1.);
#7868=DERIVED_UNIT_ELEMENT(#13912,-3.);
#7869=(
CONVERSION_BASED_UNIT('gram',#7871)
MASS_UNIT()
NAMED_UNIT(#13909)
);
#7870=(
MASS_UNIT()
NAMED_UNIT(*)
SI_UNIT(.KILO.,.GRAM.)
);
#7871=MASS_MEASURE_WITH_UNIT(MASS_MEASURE(0.001),#7870);
#7872=DERIVED_UNIT((#7823,#7824));
#7873=DERIVED_UNIT((#7825,#7826));
#7874=DERIVED_UNIT((#7827,#7828));
#7875=DERIVED_UNIT((#7829,#7830));
#7876=DERIVED_UNIT((#7831,#7832));
#7877=DERIVED_UNIT((#7833,#7834));
#7878=DERIVED_UNIT((#7835,#7836));
#7879=DERIVED_UNIT((#7837,#7838));
#7880=DERIVED_UNIT((#7839,#7840));
#7881=DERIVED_UNIT((#7841,#7842));
#7882=DERIVED_UNIT((#7843,#7844));
#7883=DERIVED_UNIT((#7845,#7846));
#7884=DERIVED_UNIT((#7847,#7848));
#7885=DERIVED_UNIT((#7849,#7850));
#7886=DERIVED_UNIT((#7851,#7852));
#7887=DERIVED_UNIT((#7853,#7854));
#7888=DERIVED_UNIT((#7855,#7856));
#7889=DERIVED_UNIT((#7857,#7858));
#7890=DERIVED_UNIT((#7859,#7860));
#7891=DERIVED_UNIT((#7861,#7862));
#7892=DERIVED_UNIT((#7863,#7864));
#7893=DERIVED_UNIT((#7865,#7866));
#7894=DERIVED_UNIT((#7867,#7868));
#7895=MEASURE_REPRESENTATION_ITEM('density measure',
POSITIVE_RATIO_MEASURE(1.),#7872);
#7896=MEASURE_REPRESENTATION_ITEM('density measure',
POSITIVE_RATIO_MEASURE(1.),#7873);
#7897=MEASURE_REPRESENTATION_ITEM('density measure',
POSITIVE_RATIO_MEASURE(1.),#7874);
#7898=MEASURE_REPRESENTATION_ITEM('density measure',
POSITIVE_RATIO_MEASURE(1.),#7875);
#7899=MEASURE_REPRESENTATION_ITEM('density measure',
POSITIVE_RATIO_MEASURE(1.),#7876);
#7900=MEASURE_REPRESENTATION_ITEM('density measure',
POSITIVE_RATIO_MEASURE(1.),#7877);
#7901=MEASURE_REPRESENTATION_ITEM('density measure',
POSITIVE_RATIO_MEASURE(1.),#7878);
#7902=MEASURE_REPRESENTATION_ITEM('density measure',
POSITIVE_RATIO_MEASURE(1.),#7879);
#7903=MEASURE_REPRESENTATION_ITEM('density measure',
POSITIVE_RATIO_MEASURE(1.),#7880);
#7904=MEASURE_REPRESENTATION_ITEM('density measure',
POSITIVE_RATIO_MEASURE(1.),#7881);
#7905=MEASURE_REPRESENTATION_ITEM('density measure',
POSITIVE_RATIO_MEASURE(1.),#7882);
#7906=MEASURE_REPRESENTATION_ITEM('density measure',
POSITIVE_RATIO_MEASURE(1.),#7883);
#7907=MEASURE_REPRESENTATION_ITEM('density measure',
POSITIVE_RATIO_MEASURE(1.),#7884);
#7908=MEASURE_REPRESENTATION_ITEM('density measure',
POSITIVE_RATIO_MEASURE(1.),#7885);
#7909=MEASURE_REPRESENTATION_ITEM('density measure',
POSITIVE_RATIO_MEASURE(1.),#7886);
#7910=MEASURE_REPRESENTATION_ITEM('density measure',
POSITIVE_RATIO_MEASURE(1.),#7887);
#7911=MEASURE_REPRESENTATION_ITEM('density measure',
POSITIVE_RATIO_MEASURE(1.),#7888);
#7912=MEASURE_REPRESENTATION_ITEM('density measure',
POSITIVE_RATIO_MEASURE(1.),#7889);
#7913=MEASURE_REPRESENTATION_ITEM('density measure',
POSITIVE_RATIO_MEASURE(1.),#7890);
#7914=MEASURE_REPRESENTATION_ITEM('density measure',
POSITIVE_RATIO_MEASURE(1.),#7891);
#7915=MEASURE_REPRESENTATION_ITEM('density measure',
POSITIVE_RATIO_MEASURE(1.),#7892);
#7916=MEASURE_REPRESENTATION_ITEM('density measure',
POSITIVE_RATIO_MEASURE(1.),#7893);
#7917=MEASURE_REPRESENTATION_ITEM('density measure',
POSITIVE_RATIO_MEASURE(1.),#7894);
#7918=PROPERTY_DEFINITION_REPRESENTATION(#8033,#7964);
#7919=PROPERTY_DEFINITION_REPRESENTATION(#8034,#7965);
#7920=PROPERTY_DEFINITION_REPRESENTATION(#8035,#7966);
#7921=PROPERTY_DEFINITION_REPRESENTATION(#8036,#7967);
#7922=PROPERTY_DEFINITION_REPRESENTATION(#8037,#7968);
#7923=PROPERTY_DEFINITION_REPRESENTATION(#8038,#7969);
#7924=PROPERTY_DEFINITION_REPRESENTATION(#8039,#7970);
#7925=PROPERTY_DEFINITION_REPRESENTATION(#8040,#7971);
#7926=PROPERTY_DEFINITION_REPRESENTATION(#8041,#7972);
#7927=PROPERTY_DEFINITION_REPRESENTATION(#8042,#7973);
#7928=PROPERTY_DEFINITION_REPRESENTATION(#8043,#7974);
#7929=PROPERTY_DEFINITION_REPRESENTATION(#8044,#7975);
#7930=PROPERTY_DEFINITION_REPRESENTATION(#8045,#7976);
#7931=PROPERTY_DEFINITION_REPRESENTATION(#8046,#7977);
#7932=PROPERTY_DEFINITION_REPRESENTATION(#8047,#7978);
#7933=PROPERTY_DEFINITION_REPRESENTATION(#8048,#7979);
#7934=PROPERTY_DEFINITION_REPRESENTATION(#8049,#7980);
#7935=PROPERTY_DEFINITION_REPRESENTATION(#8050,#7981);
#7936=PROPERTY_DEFINITION_REPRESENTATION(#8051,#7982);
#7937=PROPERTY_DEFINITION_REPRESENTATION(#8052,#7983);
#7938=PROPERTY_DEFINITION_REPRESENTATION(#8053,#7984);
#7939=PROPERTY_DEFINITION_REPRESENTATION(#8054,#7985);
#7940=PROPERTY_DEFINITION_REPRESENTATION(#8055,#7986);
#7941=PROPERTY_DEFINITION_REPRESENTATION(#8056,#7987);
#7942=PROPERTY_DEFINITION_REPRESENTATION(#8057,#7988);
#7943=PROPERTY_DEFINITION_REPRESENTATION(#8058,#7989);
#7944=PROPERTY_DEFINITION_REPRESENTATION(#8059,#7990);
#7945=PROPERTY_DEFINITION_REPRESENTATION(#8060,#7991);
#7946=PROPERTY_DEFINITION_REPRESENTATION(#8061,#7992);
#7947=PROPERTY_DEFINITION_REPRESENTATION(#8062,#7993);
#7948=PROPERTY_DEFINITION_REPRESENTATION(#8063,#7994);
#7949=PROPERTY_DEFINITION_REPRESENTATION(#8064,#7995);
#7950=PROPERTY_DEFINITION_REPRESENTATION(#8065,#7996);
#7951=PROPERTY_DEFINITION_REPRESENTATION(#8066,#7997);
#7952=PROPERTY_DEFINITION_REPRESENTATION(#8067,#7998);
#7953=PROPERTY_DEFINITION_REPRESENTATION(#8068,#7999);
#7954=PROPERTY_DEFINITION_REPRESENTATION(#8069,#8000);
#7955=PROPERTY_DEFINITION_REPRESENTATION(#8070,#8001);
#7956=PROPERTY_DEFINITION_REPRESENTATION(#8071,#8002);
#7957=PROPERTY_DEFINITION_REPRESENTATION(#8072,#8003);
#7958=PROPERTY_DEFINITION_REPRESENTATION(#8073,#8004);
#7959=PROPERTY_DEFINITION_REPRESENTATION(#8074,#8005);
#7960=PROPERTY_DEFINITION_REPRESENTATION(#8075,#8006);
#7961=PROPERTY_DEFINITION_REPRESENTATION(#8076,#8007);
#7962=PROPERTY_DEFINITION_REPRESENTATION(#8077,#8008);
#7963=PROPERTY_DEFINITION_REPRESENTATION(#8078,#8009);
#7964=REPRESENTATION('material name',(#8010),#13884);
#7965=REPRESENTATION('density',(#7895),#13884);
#7966=REPRESENTATION('material name',(#8011),#13885);
#7967=REPRESENTATION('density',(#7896),#13885);
#7968=REPRESENTATION('material name',(#8012),#13886);
#7969=REPRESENTATION('density',(#7897),#13886);
#7970=REPRESENTATION('material name',(#8013),#13887);
#7971=REPRESENTATION('density',(#7898),#13887);
#7972=REPRESENTATION('material name',(#8014),#13888);
#7973=REPRESENTATION('density',(#7899),#13888);
#7974=REPRESENTATION('material name',(#8015),#13889);
#7975=REPRESENTATION('density',(#7900),#13889);
#7976=REPRESENTATION('material name',(#8016),#13890);
#7977=REPRESENTATION('density',(#7901),#13890);
#7978=REPRESENTATION('material name',(#8017),#13891);
#7979=REPRESENTATION('density',(#7902),#13891);
#7980=REPRESENTATION('material name',(#8018),#13892);
#7981=REPRESENTATION('density',(#7903),#13892);
#7982=REPRESENTATION('material name',(#8019),#13893);
#7983=REPRESENTATION('density',(#7904),#13893);
#7984=REPRESENTATION('material name',(#8020),#13894);
#7985=REPRESENTATION('density',(#7905),#13894);
#7986=REPRESENTATION('material name',(#8021),#13895);
#7987=REPRESENTATION('density',(#7906),#13895);
#7988=REPRESENTATION('material name',(#8022),#13896);
#7989=REPRESENTATION('density',(#7907),#13896);
#7990=REPRESENTATION('material name',(#8023),#13897);
#7991=REPRESENTATION('density',(#7908),#13897);
#7992=REPRESENTATION('material name',(#8024),#13898);
#7993=REPRESENTATION('density',(#7909),#13898);
#7994=REPRESENTATION('material name',(#8025),#13899);
#7995=REPRESENTATION('density',(#7910),#13899);
#7996=REPRESENTATION('material name',(#8026),#13900);
#7997=REPRESENTATION('density',(#7911),#13900);
#7998=REPRESENTATION('material name',(#8027),#13901);
#7999=REPRESENTATION('density',(#7912),#13901);
#8000=REPRESENTATION('material name',(#8028),#13902);
#8001=REPRESENTATION('density',(#7913),#13902);
#8002=REPRESENTATION('material name',(#8029),#13903);
#8003=REPRESENTATION('density',(#7914),#13903);
#8004=REPRESENTATION('material name',(#8030),#13904);
#8005=REPRESENTATION('density',(#7915),#13904);
#8006=REPRESENTATION('material name',(#8031),#13905);
#8007=REPRESENTATION('density',(#7916),#13905);
#8008=REPRESENTATION('material name',(#8032),#13906);
#8009=REPRESENTATION('density',(#7917),#13906);
#8010=DESCRIPTIVE_REPRESENTATION_ITEM('Generic','Generic');
#8011=DESCRIPTIVE_REPRESENTATION_ITEM('Generic','Generic');
#8012=DESCRIPTIVE_REPRESENTATION_ITEM('Generic','Generic');
#8013=DESCRIPTIVE_REPRESENTATION_ITEM('Generic','Generic');
#8014=DESCRIPTIVE_REPRESENTATION_ITEM('Generic','Generic');
#8015=DESCRIPTIVE_REPRESENTATION_ITEM('Generic','Generic');
#8016=DESCRIPTIVE_REPRESENTATION_ITEM('Generic','Generic');
#8017=DESCRIPTIVE_REPRESENTATION_ITEM('Generic','Generic');
#8018=DESCRIPTIVE_REPRESENTATION_ITEM('Generic','Generic');
#8019=DESCRIPTIVE_REPRESENTATION_ITEM('Generic','Generic');
#8020=DESCRIPTIVE_REPRESENTATION_ITEM('Generic','Generic');
#8021=DESCRIPTIVE_REPRESENTATION_ITEM('Generic','Generic');
#8022=DESCRIPTIVE_REPRESENTATION_ITEM('Generic','Generic');
#8023=DESCRIPTIVE_REPRESENTATION_ITEM('Generic','Generic');
#8024=DESCRIPTIVE_REPRESENTATION_ITEM('Generic','Generic');
#8025=DESCRIPTIVE_REPRESENTATION_ITEM('Generic','Generic');
#8026=DESCRIPTIVE_REPRESENTATION_ITEM('Generic','Generic');
#8027=DESCRIPTIVE_REPRESENTATION_ITEM('Generic','Generic');
#8028=DESCRIPTIVE_REPRESENTATION_ITEM('Generic','Generic');
#8029=DESCRIPTIVE_REPRESENTATION_ITEM('Generic','Generic');
#8030=DESCRIPTIVE_REPRESENTATION_ITEM('Generic','Generic');
#8031=DESCRIPTIVE_REPRESENTATION_ITEM('Generic','Generic');
#8032=DESCRIPTIVE_REPRESENTATION_ITEM('Generic','Generic');
#8033=PROPERTY_DEFINITION('material property','material name',#14013);
#8034=PROPERTY_DEFINITION('material property','density of part',#14013);
#8035=PROPERTY_DEFINITION('material property','material name',#14014);
#8036=PROPERTY_DEFINITION('material property','density of part',#14014);
#8037=PROPERTY_DEFINITION('material property','material name',#14015);
#8038=PROPERTY_DEFINITION('material property','density of part',#14015);
#8039=PROPERTY_DEFINITION('material property','material name',#14016);
#8040=PROPERTY_DEFINITION('material property','density of part',#14016);
#8041=PROPERTY_DEFINITION('material property','material name',#14017);
#8042=PROPERTY_DEFINITION('material property','density of part',#14017);
#8043=PROPERTY_DEFINITION('material property','material name',#14018);
#8044=PROPERTY_DEFINITION('material property','density of part',#14018);
#8045=PROPERTY_DEFINITION('material property','material name',#14019);
#8046=PROPERTY_DEFINITION('material property','density of part',#14019);
#8047=PROPERTY_DEFINITION('material property','material name',#14020);
#8048=PROPERTY_DEFINITION('material property','density of part',#14020);
#8049=PROPERTY_DEFINITION('material property','material name',#14021);
#8050=PROPERTY_DEFINITION('material property','density of part',#14021);
#8051=PROPERTY_DEFINITION('material property','material name',#14022);
#8052=PROPERTY_DEFINITION('material property','density of part',#14022);
#8053=PROPERTY_DEFINITION('material property','material name',#14023);
#8054=PROPERTY_DEFINITION('material property','density of part',#14023);
#8055=PROPERTY_DEFINITION('material property','material name',#14024);
#8056=PROPERTY_DEFINITION('material property','density of part',#14024);
#8057=PROPERTY_DEFINITION('material property','material name',#14025);
#8058=PROPERTY_DEFINITION('material property','density of part',#14025);
#8059=PROPERTY_DEFINITION('material property','material name',#14026);
#8060=PROPERTY_DEFINITION('material property','density of part',#14026);
#8061=PROPERTY_DEFINITION('material property','material name',#14027);
#8062=PROPERTY_DEFINITION('material property','density of part',#14027);
#8063=PROPERTY_DEFINITION('material property','material name',#14028);
#8064=PROPERTY_DEFINITION('material property','density of part',#14028);
#8065=PROPERTY_DEFINITION('material property','material name',#14029);
#8066=PROPERTY_DEFINITION('material property','density of part',#14029);
#8067=PROPERTY_DEFINITION('material property','material name',#14030);
#8068=PROPERTY_DEFINITION('material property','density of part',#14030);
#8069=PROPERTY_DEFINITION('material property','material name',#14031);
#8070=PROPERTY_DEFINITION('material property','density of part',#14031);
#8071=PROPERTY_DEFINITION('material property','material name',#14032);
#8072=PROPERTY_DEFINITION('material property','density of part',#14032);
#8073=PROPERTY_DEFINITION('material property','material name',#14033);
#8074=PROPERTY_DEFINITION('material property','density of part',#14033);
#8075=PROPERTY_DEFINITION('material property','material name',#14034);
#8076=PROPERTY_DEFINITION('material property','density of part',#14034);
#8077=PROPERTY_DEFINITION('material property','material name',#14035);
#8078=PROPERTY_DEFINITION('material property','density of part',#14035);
#8079=PRESENTATION_STYLE_ASSIGNMENT((#8102));
#8080=PRESENTATION_STYLE_ASSIGNMENT((#8103));
#8081=PRESENTATION_STYLE_ASSIGNMENT((#8104));
#8082=PRESENTATION_STYLE_ASSIGNMENT((#8105));
#8083=PRESENTATION_STYLE_ASSIGNMENT((#8106));
#8084=PRESENTATION_STYLE_ASSIGNMENT((#8107));
#8085=PRESENTATION_STYLE_ASSIGNMENT((#8108));
#8086=PRESENTATION_STYLE_ASSIGNMENT((#8109));
#8087=PRESENTATION_STYLE_ASSIGNMENT((#8110));
#8088=PRESENTATION_STYLE_ASSIGNMENT((#8111));
#8089=PRESENTATION_STYLE_ASSIGNMENT((#8112));
#8090=PRESENTATION_STYLE_ASSIGNMENT((#8113));
#8091=PRESENTATION_STYLE_ASSIGNMENT((#8114));
#8092=PRESENTATION_STYLE_ASSIGNMENT((#8115));
#8093=PRESENTATION_STYLE_ASSIGNMENT((#8116));
#8094=PRESENTATION_STYLE_ASSIGNMENT((#8117));
#8095=PRESENTATION_STYLE_ASSIGNMENT((#8118));
#8096=PRESENTATION_STYLE_ASSIGNMENT((#8119));
#8097=PRESENTATION_STYLE_ASSIGNMENT((#8120));
#8098=PRESENTATION_STYLE_ASSIGNMENT((#8121));
#8099=PRESENTATION_STYLE_ASSIGNMENT((#8122));
#8100=PRESENTATION_STYLE_ASSIGNMENT((#8123));
#8101=PRESENTATION_STYLE_ASSIGNMENT((#8124));
#8102=SURFACE_STYLE_USAGE(.BOTH.,#8171);
#8103=SURFACE_STYLE_USAGE(.BOTH.,#8172);
#8104=SURFACE_STYLE_USAGE(.BOTH.,#8173);
#8105=SURFACE_STYLE_USAGE(.BOTH.,#8174);
#8106=SURFACE_STYLE_USAGE(.BOTH.,#8175);
#8107=SURFACE_STYLE_USAGE(.BOTH.,#8176);
#8108=SURFACE_STYLE_USAGE(.BOTH.,#8177);
#8109=SURFACE_STYLE_USAGE(.BOTH.,#8178);
#8110=SURFACE_STYLE_USAGE(.BOTH.,#8179);
#8111=SURFACE_STYLE_USAGE(.BOTH.,#8180);
#8112=SURFACE_STYLE_USAGE(.BOTH.,#8181);
#8113=SURFACE_STYLE_USAGE(.BOTH.,#8182);
#8114=SURFACE_STYLE_USAGE(.BOTH.,#8183);
#8115=SURFACE_STYLE_USAGE(.BOTH.,#8184);
#8116=SURFACE_STYLE_USAGE(.BOTH.,#8185);
#8117=SURFACE_STYLE_USAGE(.BOTH.,#8186);
#8118=SURFACE_STYLE_USAGE(.BOTH.,#8187);
#8119=SURFACE_STYLE_USAGE(.BOTH.,#8188);
#8120=SURFACE_STYLE_USAGE(.BOTH.,#8189);
#8121=SURFACE_STYLE_USAGE(.BOTH.,#8190);
#8122=SURFACE_STYLE_USAGE(.BOTH.,#8191);
#8123=SURFACE_STYLE_USAGE(.BOTH.,#8192);
#8124=SURFACE_STYLE_USAGE(.BOTH.,#8193);
#8125=SURFACE_STYLE_RENDERING_WITH_PROPERTIES($,#8263,(#8148));
#8126=SURFACE_STYLE_RENDERING_WITH_PROPERTIES($,#8264,(#8149));
#8127=SURFACE_STYLE_RENDERING_WITH_PROPERTIES($,#8265,(#8150));
#8128=SURFACE_STYLE_RENDERING_WITH_PROPERTIES($,#8266,(#8151));
#8129=SURFACE_STYLE_RENDERING_WITH_PROPERTIES($,#8267,(#8152));
#8130=SURFACE_STYLE_RENDERING_WITH_PROPERTIES($,#8268,(#8153));
#8131=SURFACE_STYLE_RENDERING_WITH_PROPERTIES($,#8269,(#8154));
#8132=SURFACE_STYLE_RENDERING_WITH_PROPERTIES($,#8270,(#8155));
#8133=SURFACE_STYLE_RENDERING_WITH_PROPERTIES($,#8271,(#8156));
#8134=SURFACE_STYLE_RENDERING_WITH_PROPERTIES($,#8272,(#8157));
#8135=SURFACE_STYLE_RENDERING_WITH_PROPERTIES($,#8273,(#8158));
#8136=SURFACE_STYLE_RENDERING_WITH_PROPERTIES($,#8274,(#8159));
#8137=SURFACE_STYLE_RENDERING_WITH_PROPERTIES($,#8275,(#8160));
#8138=SURFACE_STYLE_RENDERING_WITH_PROPERTIES($,#8276,(#8161));
#8139=SURFACE_STYLE_RENDERING_WITH_PROPERTIES($,#8277,(#8162));
#8140=SURFACE_STYLE_RENDERING_WITH_PROPERTIES($,#8278,(#8163));
#8141=SURFACE_STYLE_RENDERING_WITH_PROPERTIES($,#8279,(#8164));
#8142=SURFACE_STYLE_RENDERING_WITH_PROPERTIES($,#8280,(#8165));
#8143=SURFACE_STYLE_RENDERING_WITH_PROPERTIES($,#8281,(#8166));
#8144=SURFACE_STYLE_RENDERING_WITH_PROPERTIES($,#8282,(#8167));
#8145=SURFACE_STYLE_RENDERING_WITH_PROPERTIES($,#8283,(#8168));
#8146=SURFACE_STYLE_RENDERING_WITH_PROPERTIES($,#8284,(#8169));
#8147=SURFACE_STYLE_RENDERING_WITH_PROPERTIES($,#8285,(#8170));
#8148=SURFACE_STYLE_TRANSPARENT(0.);
#8149=SURFACE_STYLE_TRANSPARENT(0.);
#8150=SURFACE_STYLE_TRANSPARENT(0.);
#8151=SURFACE_STYLE_TRANSPARENT(0.);
#8152=SURFACE_STYLE_TRANSPARENT(0.);
#8153=SURFACE_STYLE_TRANSPARENT(0.);
#8154=SURFACE_STYLE_TRANSPARENT(0.);
#8155=SURFACE_STYLE_TRANSPARENT(0.);
#8156=SURFACE_STYLE_TRANSPARENT(0.);
#8157=SURFACE_STYLE_TRANSPARENT(0.);
#8158=SURFACE_STYLE_TRANSPARENT(0.);
#8159=SURFACE_STYLE_TRANSPARENT(0.);
#8160=SURFACE_STYLE_TRANSPARENT(0.);
#8161=SURFACE_STYLE_TRANSPARENT(0.);
#8162=SURFACE_STYLE_TRANSPARENT(0.);
#8163=SURFACE_STYLE_TRANSPARENT(0.);
#8164=SURFACE_STYLE_TRANSPARENT(0.);
#8165=SURFACE_STYLE_TRANSPARENT(0.);
#8166=SURFACE_STYLE_TRANSPARENT(0.);
#8167=SURFACE_STYLE_TRANSPARENT(0.);
#8168=SURFACE_STYLE_TRANSPARENT(0.);
#8169=SURFACE_STYLE_TRANSPARENT(0.);
#8170=SURFACE_STYLE_TRANSPARENT(0.);
#8171=SURFACE_SIDE_STYLE('',(#8194,#8125));
#8172=SURFACE_SIDE_STYLE('',(#8195,#8126));
#8173=SURFACE_SIDE_STYLE('',(#8196,#8127));
#8174=SURFACE_SIDE_STYLE('',(#8197,#8128));
#8175=SURFACE_SIDE_STYLE('',(#8198,#8129));
#8176=SURFACE_SIDE_STYLE('',(#8199,#8130));
#8177=SURFACE_SIDE_STYLE('',(#8200,#8131));
#8178=SURFACE_SIDE_STYLE('',(#8201,#8132));
#8179=SURFACE_SIDE_STYLE('',(#8202,#8133));
#8180=SURFACE_SIDE_STYLE('',(#8203,#8134));
#8181=SURFACE_SIDE_STYLE('',(#8204,#8135));
#8182=SURFACE_SIDE_STYLE('',(#8205,#8136));
#8183=SURFACE_SIDE_STYLE('',(#8206,#8137));
#8184=SURFACE_SIDE_STYLE('',(#8207,#8138));
#8185=SURFACE_SIDE_STYLE('',(#8208,#8139));
#8186=SURFACE_SIDE_STYLE('',(#8209,#8140));
#8187=SURFACE_SIDE_STYLE('',(#8210,#8141));
#8188=SURFACE_SIDE_STYLE('',(#8211,#8142));
#8189=SURFACE_SIDE_STYLE('',(#8212,#8143));
#8190=SURFACE_SIDE_STYLE('',(#8213,#8144));
#8191=SURFACE_SIDE_STYLE('',(#8214,#8145));
#8192=SURFACE_SIDE_STYLE('',(#8215,#8146));
#8193=SURFACE_SIDE_STYLE('',(#8216,#8147));
#8194=SURFACE_STYLE_FILL_AREA(#8217);
#8195=SURFACE_STYLE_FILL_AREA(#8218);
#8196=SURFACE_STYLE_FILL_AREA(#8219);
#8197=SURFACE_STYLE_FILL_AREA(#8220);
#8198=SURFACE_STYLE_FILL_AREA(#8221);
#8199=SURFACE_STYLE_FILL_AREA(#8222);
#8200=SURFACE_STYLE_FILL_AREA(#8223);
#8201=SURFACE_STYLE_FILL_AREA(#8224);
#8202=SURFACE_STYLE_FILL_AREA(#8225);
#8203=SURFACE_STYLE_FILL_AREA(#8226);
#8204=SURFACE_STYLE_FILL_AREA(#8227);
#8205=SURFACE_STYLE_FILL_AREA(#8228);
#8206=SURFACE_STYLE_FILL_AREA(#8229);
#8207=SURFACE_STYLE_FILL_AREA(#8230);
#8208=SURFACE_STYLE_FILL_AREA(#8231);
#8209=SURFACE_STYLE_FILL_AREA(#8232);
#8210=SURFACE_STYLE_FILL_AREA(#8233);
#8211=SURFACE_STYLE_FILL_AREA(#8234);
#8212=SURFACE_STYLE_FILL_AREA(#8235);
#8213=SURFACE_STYLE_FILL_AREA(#8236);
#8214=SURFACE_STYLE_FILL_AREA(#8237);
#8215=SURFACE_STYLE_FILL_AREA(#8238);
#8216=SURFACE_STYLE_FILL_AREA(#8239);
#8217=FILL_AREA_STYLE('',(#8240));
#8218=FILL_AREA_STYLE('',(#8241));
#8219=FILL_AREA_STYLE('',(#8242));
#8220=FILL_AREA_STYLE('',(#8243));
#8221=FILL_AREA_STYLE('',(#8244));
#8222=FILL_AREA_STYLE('',(#8245));
#8223=FILL_AREA_STYLE('',(#8246));
#8224=FILL_AREA_STYLE('',(#8247));
#8225=FILL_AREA_STYLE('',(#8248));
#8226=FILL_AREA_STYLE('',(#8249));
#8227=FILL_AREA_STYLE('',(#8250));
#8228=FILL_AREA_STYLE('',(#8251));
#8229=FILL_AREA_STYLE('',(#8252));
#8230=FILL_AREA_STYLE('',(#8253));
#8231=FILL_AREA_STYLE('',(#8254));
#8232=FILL_AREA_STYLE('',(#8255));
#8233=FILL_AREA_STYLE('',(#8256));
#8234=FILL_AREA_STYLE('',(#8257));
#8235=FILL_AREA_STYLE('',(#8258));
#8236=FILL_AREA_STYLE('',(#8259));
#8237=FILL_AREA_STYLE('',(#8260));
#8238=FILL_AREA_STYLE('',(#8261));
#8239=FILL_AREA_STYLE('',(#8262));
#8240=FILL_AREA_STYLE_COLOUR('',#8263);
#8241=FILL_AREA_STYLE_COLOUR('',#8264);
#8242=FILL_AREA_STYLE_COLOUR('',#8265);
#8243=FILL_AREA_STYLE_COLOUR('',#8266);
#8244=FILL_AREA_STYLE_COLOUR('',#8267);
#8245=FILL_AREA_STYLE_COLOUR('',#8268);
#8246=FILL_AREA_STYLE_COLOUR('',#8269);
#8247=FILL_AREA_STYLE_COLOUR('',#8270);
#8248=FILL_AREA_STYLE_COLOUR('',#8271);
#8249=FILL_AREA_STYLE_COLOUR('',#8272);
#8250=FILL_AREA_STYLE_COLOUR('',#8273);
#8251=FILL_AREA_STYLE_COLOUR('',#8274);
#8252=FILL_AREA_STYLE_COLOUR('',#8275);
#8253=FILL_AREA_STYLE_COLOUR('',#8276);
#8254=FILL_AREA_STYLE_COLOUR('',#8277);
#8255=FILL_AREA_STYLE_COLOUR('',#8278);
#8256=FILL_AREA_STYLE_COLOUR('',#8279);
#8257=FILL_AREA_STYLE_COLOUR('',#8280);
#8258=FILL_AREA_STYLE_COLOUR('',#8281);
#8259=FILL_AREA_STYLE_COLOUR('',#8282);
#8260=FILL_AREA_STYLE_COLOUR('',#8283);
#8261=FILL_AREA_STYLE_COLOUR('',#8284);
#8262=FILL_AREA_STYLE_COLOUR('',#8285);
#8263=COLOUR_RGB('',0.164705882352941,0.411764705882353,0.270588235294118);
#8264=COLOUR_RGB('',0.196078431372549,0.207843137254902,0.219607843137255);
#8265=COLOUR_RGB('',0.196078431372549,0.207843137254902,0.219607843137255);
#8266=COLOUR_RGB('',0.196078431372549,0.207843137254902,0.219607843137255);
#8267=COLOUR_RGB('',0.196078431372549,0.207843137254902,0.219607843137255);
#8268=COLOUR_RGB('',0.196078431372549,0.207843137254902,0.219607843137255);
#8269=COLOUR_RGB('',0.196078431372549,0.207843137254902,0.219607843137255);
#8270=COLOUR_RGB('',0.705882352941177,0.486274509803922,0.266666666666667);
#8271=COLOUR_RGB('',0.745098039215686,0.752941176470588,0.764705882352941);
#8272=COLOUR_RGB('',0.705882352941177,0.486274509803922,0.266666666666667);
#8273=COLOUR_RGB('',0.745098039215686,0.752941176470588,0.764705882352941);
#8274=COLOUR_RGB('',0.705882352941177,0.486274509803922,0.266666666666667);
#8275=COLOUR_RGB('',0.705882352941177,0.486274509803922,0.266666666666667);
#8276=COLOUR_RGB('',0.705882352941177,0.486274509803922,0.266666666666667);
#8277=COLOUR_RGB('',0.705882352941177,0.486274509803922,0.266666666666667);
#8278=COLOUR_RGB('',0.745098039215686,0.752941176470588,0.764705882352941);
#8279=COLOUR_RGB('',0.745098039215686,0.752941176470588,0.764705882352941);
#8280=COLOUR_RGB('',0.745098039215686,0.752941176470588,0.764705882352941);
#8281=COLOUR_RGB('',0.745098039215686,0.752941176470588,0.764705882352941);
#8282=COLOUR_RGB('',0.745098039215686,0.752941176470588,0.764705882352941);
#8283=COLOUR_RGB('',0.745098039215686,0.752941176470588,0.764705882352941);
#8284=COLOUR_RGB('',0.862745098039216,0.850980392156863,0.784313725490196);
#8285=COLOUR_RGB('',0.811764705882353,0.666666666666667,0.2);
#8286=DATE_TIME_ROLE('creation_date');
#8287=DATE_TIME_ROLE('creation_date');
#8288=DATE_TIME_ROLE('creation_date');
#8289=DATE_TIME_ROLE('creation_date');
#8290=DATE_TIME_ROLE('creation_date');
#8291=DATE_TIME_ROLE('creation_date');
#8292=DATE_TIME_ROLE('creation_date');
#8293=DATE_TIME_ROLE('creation_date');
#8294=DATE_TIME_ROLE('creation_date');
#8295=DATE_TIME_ROLE('creation_date');
#8296=DATE_TIME_ROLE('creation_date');
#8297=DATE_TIME_ROLE('creation_date');
#8298=DATE_TIME_ROLE('creation_date');
#8299=DATE_TIME_ROLE('creation_date');
#8300=DATE_TIME_ROLE('creation_date');
#8301=DATE_TIME_ROLE('creation_date');
#8302=DATE_TIME_ROLE('creation_date');
#8303=DATE_TIME_ROLE('creation_date');
#8304=DATE_TIME_ROLE('creation_date');
#8305=DATE_TIME_ROLE('creation_date');
#8306=DATE_TIME_ROLE('creation_date');
#8307=DATE_TIME_ROLE('creation_date');
#8308=DATE_TIME_ROLE('creation_date');
#8309=DATE_TIME_ROLE('creation_date');
#8310=APPLIED_DATE_AND_TIME_ASSIGNMENT(#8334,#8286,(#14012));
#8311=APPLIED_DATE_AND_TIME_ASSIGNMENT(#8335,#8287,(#14013));
#8312=APPLIED_DATE_AND_TIME_ASSIGNMENT(#8336,#8288,(#14014));
#8313=APPLIED_DATE_AND_TIME_ASSIGNMENT(#8337,#8289,(#14015));
#8314=APPLIED_DATE_AND_TIME_ASSIGNMENT(#8338,#8290,(#14016));
#8315=APPLIED_DATE_AND_TIME_ASSIGNMENT(#8339,#8291,(#14017));
#8316=APPLIED_DATE_AND_TIME_ASSIGNMENT(#8340,#8292,(#14018));
#8317=APPLIED_DATE_AND_TIME_ASSIGNMENT(#8341,#8293,(#14019));
#8318=APPLIED_DATE_AND_TIME_ASSIGNMENT(#8342,#8294,(#14020));
#8319=APPLIED_DATE_AND_TIME_ASSIGNMENT(#8343,#8295,(#14021));
#8320=APPLIED_DATE_AND_TIME_ASSIGNMENT(#8344,#8296,(#14022));
#8321=APPLIED_DATE_AND_TIME_ASSIGNMENT(#8345,#8297,(#14023));
#8322=APPLIED_DATE_AND_TIME_ASSIGNMENT(#8346,#8298,(#14024));
#8323=APPLIED_DATE_AND_TIME_ASSIGNMENT(#8347,#8299,(#14025));
#8324=APPLIED_DATE_AND_TIME_ASSIGNMENT(#8348,#8300,(#14026));
#8325=APPLIED_DATE_AND_TIME_ASSIGNMENT(#8349,#8301,(#14027));
#8326=APPLIED_DATE_AND_TIME_ASSIGNMENT(#8350,#8302,(#14028));
#8327=APPLIED_DATE_AND_TIME_ASSIGNMENT(#8351,#8303,(#14029));
#8328=APPLIED_DATE_AND_TIME_ASSIGNMENT(#8352,#8304,(#14030));
#8329=APPLIED_DATE_AND_TIME_ASSIGNMENT(#8353,#8305,(#14031));
#8330=APPLIED_DATE_AND_TIME_ASSIGNMENT(#8354,#8306,(#14032));
#8331=APPLIED_DATE_AND_TIME_ASSIGNMENT(#8355,#8307,(#14033));
#8332=APPLIED_DATE_AND_TIME_ASSIGNMENT(#8356,#8308,(#14034));
#8333=APPLIED_DATE_AND_TIME_ASSIGNMENT(#8357,#8309,(#14035));
#8334=DATE_AND_TIME(#8358,#8382);
#8335=DATE_AND_TIME(#8359,#8383);
#8336=DATE_AND_TIME(#8360,#8384);
#8337=DATE_AND_TIME(#8361,#8385);
#8338=DATE_AND_TIME(#8362,#8386);
#8339=DATE_AND_TIME(#8363,#8387);
#8340=DATE_AND_TIME(#8364,#8388);
#8341=DATE_AND_TIME(#8365,#8389);
#8342=DATE_AND_TIME(#8366,#8390);
#8343=DATE_AND_TIME(#8367,#8391);
#8344=DATE_AND_TIME(#8368,#8392);
#8345=DATE_AND_TIME(#8369,#8393);
#8346=DATE_AND_TIME(#8370,#8394);
#8347=DATE_AND_TIME(#8371,#8395);
#8348=DATE_AND_TIME(#8372,#8396);
#8349=DATE_AND_TIME(#8373,#8397);
#8350=DATE_AND_TIME(#8374,#8398);
#8351=DATE_AND_TIME(#8375,#8399);
#8352=DATE_AND_TIME(#8376,#8400);
#8353=DATE_AND_TIME(#8377,#8401);
#8354=DATE_AND_TIME(#8378,#8402);
#8355=DATE_AND_TIME(#8379,#8403);
#8356=DATE_AND_TIME(#8380,#8404);
#8357=DATE_AND_TIME(#8381,#8405);
#8358=CALENDAR_DATE(2026,21,9);
#8359=CALENDAR_DATE(2026,21,9);
#8360=CALENDAR_DATE(2026,21,9);
#8361=CALENDAR_DATE(2026,21,9);
#8362=CALENDAR_DATE(2026,21,9);
#8363=CALENDAR_DATE(2026,21,9);
#8364=CALENDAR_DATE(2026,21,9);
#8365=CALENDAR_DATE(2026,21,9);
#8366=CALENDAR_DATE(2026,21,9);
#8367=CALENDAR_DATE(2026,21,9);
#8368=CALENDAR_DATE(2026,21,9);
#8369=CALENDAR_DATE(2026,21,9);
#8370=CALENDAR_DATE(2026,21,9);
#8371=CALENDAR_DATE(2026,21,9);
#8372=CALENDAR_DATE(2026,21,9);
#8373=CALENDAR_DATE(2026,21,9);
#8374=CALENDAR_DATE(2026,21,9);
#8375=CALENDAR_DATE(2026,21,9);
#8376=CALENDAR_DATE(2026,21,9);
#8377=CALENDAR_DATE(2026,21,9);
#8378=CALENDAR_DATE(2026,21,9);
#8379=CALENDAR_DATE(2026,21,9);
#8380=CALENDAR_DATE(2026,21,9);
#8381=CALENDAR_DATE(2026,21,9);
#8382=LOCAL_TIME(0,0,0.,#8406);
#8383=LOCAL_TIME(0,0,0.,#8407);
#8384=LOCAL_TIME(0,0,0.,#8408);
#8385=LOCAL_TIME(0,0,0.,#8409);
#8386=LOCAL_TIME(0,0,0.,#8410);
#8387=LOCAL_TIME(0,0,0.,#8411);
#8388=LOCAL_TIME(0,0,0.,#8412);
#8389=LOCAL_TIME(0,0,0.,#8413);
#8390=LOCAL_TIME(0,0,0.,#8414);
#8391=LOCAL_TIME(0,0,0.,#8415);
#8392=LOCAL_TIME(0,0,0.,#8416);
#8393=LOCAL_TIME(0,0,0.,#8417);
#8394=LOCAL_TIME(0,0,0.,#8418);
#8395=LOCAL_TIME(0,0,0.,#8419);
#8396=LOCAL_TIME(0,0,0.,#8420);
#8397=LOCAL_TIME(0,0,0.,#8421);
#8398=LOCAL_TIME(0,0,0.,#8422);
#8399=LOCAL_TIME(0,0,0.,#8423);
#8400=LOCAL_TIME(0,0,0.,#8424);
#8401=LOCAL_TIME(0,0,0.,#8425);
#8402=LOCAL_TIME(0,0,0.,#8426);
#8403=LOCAL_TIME(0,0,0.,#8427);
#8404=LOCAL_TIME(0,0,0.,#8428);
#8405=LOCAL_TIME(0,0,0.,#8429);
#8406=COORDINATED_UNIVERSAL_TIME_OFFSET(0,0,.BEHIND.);
#8407=COORDINATED_UNIVERSAL_TIME_OFFSET(0,0,.BEHIND.);
#8408=COORDINATED_UNIVERSAL_TIME_OFFSET(0,0,.BEHIND.);
#8409=COORDINATED_UNIVERSAL_TIME_OFFSET(0,0,.BEHIND.);
#8410=COORDINATED_UNIVERSAL_TIME_OFFSET(0,0,.BEHIND.);
#8411=COORDINATED_UNIVERSAL_TIME_OFFSET(0,0,.BEHIND.);
#8412=COORDINATED_UNIVERSAL_TIME_OFFSET(0,0,.BEHIND.);
#8413=COORDINATED_UNIVERSAL_TIME_OFFSET(0,0,.BEHIND.);
#8414=COORDINATED_UNIVERSAL_TIME_OFFSET(0,0,.BEHIND.);
#8415=COORDINATED_UNIVERSAL_TIME_OFFSET(0,0,.BEHIND.);
#8416=COORDINATED_UNIVERSAL_TIME_OFFSET(0,0,.BEHIND.);
#8417=COORDINATED_UNIVERSAL_TIME_OFFSET(0,0,.BEHIND.);
#8418=COORDINATED_UNIVERSAL_TIME_OFFSET(0,0,.BEHIND.);
#8419=COORDINATED_UNIVERSAL_TIME_OFFSET(0,0,.BEHIND.);
#8420=COORDINATED_UNIVERSAL_TIME_OFFSET(0,0,.BEHIND.);
#8421=COORDINATED_UNIVERSAL_TIME_OFFSET(0,0,.BEHIND.);
#8422=COORDINATED_UNIVERSAL_TIME_OFFSET(0,0,.BEHIND.);
#8423=COORDINATED_UNIVERSAL_TIME_OFFSET(0,0,.BEHIND.);
#8424=COORDINATED_UNIVERSAL_TIME_OFFSET(0,0,.BEHIND.);
#8425=COORDINATED_UNIVERSAL_TIME_OFFSET(0,0,.BEHIND.);
#8426=COORDINATED_UNIVERSAL_TIME_OFFSET(0,0,.BEHIND.);
#8427=COORDINATED_UNIVERSAL_TIME_OFFSET(0,0,.BEHIND.);
#8428=COORDINATED_UNIVERSAL_TIME_OFFSET(0,0,.BEHIND.);
#8429=COORDINATED_UNIVERSAL_TIME_OFFSET(0,0,.BEHIND.);
#8430=AXIS2_PLACEMENT_3D('',#11738,#9324,#9325);
#8431=AXIS2_PLACEMENT_3D('',#11739,#9326,#9327);
#8432=AXIS2_PLACEMENT_3D('',#11740,#9328,#9329);
#8433=AXIS2_PLACEMENT_3D('',#11749,#9334,#9335);
#8434=AXIS2_PLACEMENT_3D('',#11755,#9339,#9340);
#8435=AXIS2_PLACEMENT_3D('',#11760,#9343,#9344);
#8436=AXIS2_PLACEMENT_3D('',#11762,#9345,#9346);
#8437=AXIS2_PLACEMENT_3D('',#11764,#9347,#9348);
#8438=AXIS2_PLACEMENT_3D('',#11766,#9349,#9350);
#8439=AXIS2_PLACEMENT_3D('',#11768,#9351,#9352);
#8440=AXIS2_PLACEMENT_3D('',#11770,#9353,#9354);
#8441=AXIS2_PLACEMENT_3D('',#11772,#9355,#9356);
#8442=AXIS2_PLACEMENT_3D('',#11774,#9357,#9358);
#8443=AXIS2_PLACEMENT_3D('',#11776,#9359,#9360);
#8444=AXIS2_PLACEMENT_3D('',#11778,#9361,#9362);
#8445=AXIS2_PLACEMENT_3D('',#11780,#9363,#9364);
#8446=AXIS2_PLACEMENT_3D('',#11782,#9365,#9366);
#8447=AXIS2_PLACEMENT_3D('',#11784,#9367,#9368);
#8448=AXIS2_PLACEMENT_3D('',#11786,#9369,#9370);
#8449=AXIS2_PLACEMENT_3D('',#11788,#9371,#9372);
#8450=AXIS2_PLACEMENT_3D('',#11790,#9373,#9374);
#8451=AXIS2_PLACEMENT_3D('',#11792,#9375,#9376);
#8452=AXIS2_PLACEMENT_3D('',#11794,#9377,#9378);
#8453=AXIS2_PLACEMENT_3D('',#11796,#9379,#9380);
#8454=AXIS2_PLACEMENT_3D('',#11798,#9381,#9382);
#8455=AXIS2_PLACEMENT_3D('',#11800,#9383,#9384);
#8456=AXIS2_PLACEMENT_3D('',#11802,#9385,#9386);
#8457=AXIS2_PLACEMENT_3D('',#11804,#9387,#9388);
#8458=AXIS2_PLACEMENT_3D('',#11806,#9389,#9390);
#8459=AXIS2_PLACEMENT_3D('',#11808,#9391,#9392);
#8460=AXIS2_PLACEMENT_3D('',#11810,#9393,#9394);
#8461=AXIS2_PLACEMENT_3D('',#11812,#9395,#9396);
#8462=AXIS2_PLACEMENT_3D('',#11814,#9397,#9398);
#8463=AXIS2_PLACEMENT_3D('',#11816,#9399,#9400);
#8464=AXIS2_PLACEMENT_3D('',#11818,#9401,#9402);
#8465=AXIS2_PLACEMENT_3D('',#11820,#9403,#9404);
#8466=AXIS2_PLACEMENT_3D('',#11822,#9405,#9406);
#8467=AXIS2_PLACEMENT_3D('',#11824,#9407,#9408);
#8468=AXIS2_PLACEMENT_3D('',#11826,#9409,#9410);
#8469=AXIS2_PLACEMENT_3D('',#11828,#9411,#9412);
#8470=AXIS2_PLACEMENT_3D('',#11830,#9413,#9414);
#8471=AXIS2_PLACEMENT_3D('',#11832,#9415,#9416);
#8472=AXIS2_PLACEMENT_3D('',#11834,#9417,#9418);
#8473=AXIS2_PLACEMENT_3D('',#11836,#9419,#9420);
#8474=AXIS2_PLACEMENT_3D('',#11838,#9421,#9422);
#8475=AXIS2_PLACEMENT_3D('',#11840,#9423,#9424);
#8476=AXIS2_PLACEMENT_3D('',#11842,#9425,#9426);
#8477=AXIS2_PLACEMENT_3D('',#11844,#9427,#9428);
#8478=AXIS2_PLACEMENT_3D('',#11846,#9429,#9430);
#8479=AXIS2_PLACEMENT_3D('',#11848,#9431,#9432);
#8480=AXIS2_PLACEMENT_3D('',#11850,#9433,#9434);
#8481=AXIS2_PLACEMENT_3D('',#11851,#9435,#9436);
#8482=AXIS2_PLACEMENT_3D('',#11855,#9439,#9440);
#8483=AXIS2_PLACEMENT_3D('',#11858,#9442,#9443);
#8484=AXIS2_PLACEMENT_3D('',#11860,#9444,#9445);
#8485=AXIS2_PLACEMENT_3D('',#11862,#9446,#9447);
#8486=AXIS2_PLACEMENT_3D('',#11864,#9448,#9449);
#8487=AXIS2_PLACEMENT_3D('',#11866,#9450,#9451);
#8488=AXIS2_PLACEMENT_3D('',#11868,#9452,#9453);
#8489=AXIS2_PLACEMENT_3D('',#11870,#9454,#9455);
#8490=AXIS2_PLACEMENT_3D('',#11872,#9456,#9457);
#8491=AXIS2_PLACEMENT_3D('',#11874,#9458,#9459);
#8492=AXIS2_PLACEMENT_3D('',#11876,#9460,#9461);
#8493=AXIS2_PLACEMENT_3D('',#11878,#9462,#9463);
#8494=AXIS2_PLACEMENT_3D('',#11880,#9464,#9465);
#8495=AXIS2_PLACEMENT_3D('',#11882,#9466,#9467);
#8496=AXIS2_PLACEMENT_3D('',#11884,#9468,#9469);
#8497=AXIS2_PLACEMENT_3D('',#11886,#9470,#9471);
#8498=AXIS2_PLACEMENT_3D('',#11888,#9472,#9473);
#8499=AXIS2_PLACEMENT_3D('',#11890,#9474,#9475);
#8500=AXIS2_PLACEMENT_3D('',#11892,#9476,#9477);
#8501=AXIS2_PLACEMENT_3D('',#11894,#9478,#9479);
#8502=AXIS2_PLACEMENT_3D('',#11896,#9480,#9481);
#8503=AXIS2_PLACEMENT_3D('',#11898,#9482,#9483);
#8504=AXIS2_PLACEMENT_3D('',#11900,#9484,#9485);
#8505=AXIS2_PLACEMENT_3D('',#11902,#9486,#9487);
#8506=AXIS2_PLACEMENT_3D('',#11904,#9488,#9489);
#8507=AXIS2_PLACEMENT_3D('',#11906,#9490,#9491);
#8508=AXIS2_PLACEMENT_3D('',#11908,#9492,#9493);
#8509=AXIS2_PLACEMENT_3D('',#11910,#9494,#9495);
#8510=AXIS2_PLACEMENT_3D('',#11912,#9496,#9497);
#8511=AXIS2_PLACEMENT_3D('',#11914,#9498,#9499);
#8512=AXIS2_PLACEMENT_3D('',#11916,#9500,#9501);
#8513=AXIS2_PLACEMENT_3D('',#11918,#9502,#9503);
#8514=AXIS2_PLACEMENT_3D('',#11920,#9504,#9505);
#8515=AXIS2_PLACEMENT_3D('',#11922,#9506,#9507);
#8516=AXIS2_PLACEMENT_3D('',#11924,#9508,#9509);
#8517=AXIS2_PLACEMENT_3D('',#11926,#9510,#9511);
#8518=AXIS2_PLACEMENT_3D('',#11929,#9512,#9513);
#8519=AXIS2_PLACEMENT_3D('',#11933,#9515,#9516);
#8520=AXIS2_PLACEMENT_3D('',#11937,#9518,#9519);
#8521=AXIS2_PLACEMENT_3D('',#11941,#9521,#9522);
#8522=AXIS2_PLACEMENT_3D('',#11944,#9524,#9525);
#8523=AXIS2_PLACEMENT_3D('',#11946,#9526,#9527);
#8524=AXIS2_PLACEMENT_3D('',#11948,#9528,#9529);
#8525=AXIS2_PLACEMENT_3D('',#11950,#9530,#9531);
#8526=AXIS2_PLACEMENT_3D('',#11952,#9532,#9533);
#8527=AXIS2_PLACEMENT_3D('',#11954,#9534,#9535);
#8528=AXIS2_PLACEMENT_3D('',#11956,#9536,#9537);
#8529=AXIS2_PLACEMENT_3D('',#11958,#9538,#9539);
#8530=AXIS2_PLACEMENT_3D('',#11960,#9540,#9541);
#8531=AXIS2_PLACEMENT_3D('',#11962,#9542,#9543);
#8532=AXIS2_PLACEMENT_3D('',#11964,#9544,#9545);
#8533=AXIS2_PLACEMENT_3D('',#11965,#9546,#9547);
#8534=AXIS2_PLACEMENT_3D('',#11966,#9548,#9549);
#8535=AXIS2_PLACEMENT_3D('',#11968,#9551,#9552);
#8536=AXIS2_PLACEMENT_3D('',#11970,#9554,#9555);
#8537=AXIS2_PLACEMENT_3D('',#11972,#9557,#9558);
#8538=AXIS2_PLACEMENT_3D('',#11974,#9560,#9561);
#8539=AXIS2_PLACEMENT_3D('',#11976,#9563,#9564);
#8540=AXIS2_PLACEMENT_3D('',#11978,#9566,#9567);
#8541=AXIS2_PLACEMENT_3D('',#11980,#9569,#9570);
#8542=AXIS2_PLACEMENT_3D('',#11982,#9572,#9573);
#8543=AXIS2_PLACEMENT_3D('',#11984,#9575,#9576);
#8544=AXIS2_PLACEMENT_3D('',#11986,#9578,#9579);
#8545=AXIS2_PLACEMENT_3D('',#11988,#9581,#9582);
#8546=AXIS2_PLACEMENT_3D('',#11990,#9584,#9585);
#8547=AXIS2_PLACEMENT_3D('',#11992,#9587,#9588);
#8548=AXIS2_PLACEMENT_3D('',#11994,#9590,#9591);
#8549=AXIS2_PLACEMENT_3D('',#11996,#9593,#9594);
#8550=AXIS2_PLACEMENT_3D('',#11998,#9596,#9597);
#8551=AXIS2_PLACEMENT_3D('',#12000,#9599,#9600);
#8552=AXIS2_PLACEMENT_3D('',#12002,#9602,#9603);
#8553=AXIS2_PLACEMENT_3D('',#12004,#9605,#9606);
#8554=AXIS2_PLACEMENT_3D('',#12006,#9608,#9609);
#8555=AXIS2_PLACEMENT_3D('',#12008,#9611,#9612);
#8556=AXIS2_PLACEMENT_3D('',#12010,#9614,#9615);
#8557=AXIS2_PLACEMENT_3D('',#12012,#9617,#9618);
#8558=AXIS2_PLACEMENT_3D('',#12014,#9620,#9621);
#8559=AXIS2_PLACEMENT_3D('',#12016,#9623,#9624);
#8560=AXIS2_PLACEMENT_3D('',#12018,#9626,#9627);
#8561=AXIS2_PLACEMENT_3D('',#12020,#9629,#9630);
#8562=AXIS2_PLACEMENT_3D('',#12022,#9632,#9633);
#8563=AXIS2_PLACEMENT_3D('',#12024,#9635,#9636);
#8564=AXIS2_PLACEMENT_3D('',#12026,#9638,#9639);
#8565=AXIS2_PLACEMENT_3D('',#12028,#9641,#9642);
#8566=AXIS2_PLACEMENT_3D('',#12030,#9644,#9645);
#8567=AXIS2_PLACEMENT_3D('',#12032,#9647,#9648);
#8568=AXIS2_PLACEMENT_3D('',#12034,#9650,#9651);
#8569=AXIS2_PLACEMENT_3D('',#12036,#9653,#9654);
#8570=AXIS2_PLACEMENT_3D('',#12038,#9656,#9657);
#8571=AXIS2_PLACEMENT_3D('',#12040,#9659,#9660);
#8572=AXIS2_PLACEMENT_3D('',#12042,#9662,#9663);
#8573=AXIS2_PLACEMENT_3D('',#12044,#9665,#9666);
#8574=AXIS2_PLACEMENT_3D('',#12046,#9668,#9669);
#8575=AXIS2_PLACEMENT_3D('',#12048,#9671,#9672);
#8576=AXIS2_PLACEMENT_3D('',#12050,#9674,#9675);
#8577=AXIS2_PLACEMENT_3D('',#12052,#9677,#9678);
#8578=AXIS2_PLACEMENT_3D('',#12054,#9680,#9681);
#8579=AXIS2_PLACEMENT_3D('',#12056,#9683,#9684);
#8580=AXIS2_PLACEMENT_3D('',#12058,#9686,#9687);
#8581=AXIS2_PLACEMENT_3D('',#12061,#9688,#9689);
#8582=AXIS2_PLACEMENT_3D('',#12064,#9692,#9693);
#8583=AXIS2_PLACEMENT_3D('',#12068,#9696,#9697);
#8584=AXIS2_PLACEMENT_3D('',#12070,#9698,#9699);
#8585=AXIS2_PLACEMENT_3D('',#12072,#9701,#9702);
#8586=AXIS2_PLACEMENT_3D('',#12076,#9705,#9706);
#8587=AXIS2_PLACEMENT_3D('',#12078,#9707,#9708);
#8588=AXIS2_PLACEMENT_3D('',#12080,#9710,#9711);
#8589=AXIS2_PLACEMENT_3D('',#12084,#9714,#9715);
#8590=AXIS2_PLACEMENT_3D('',#12086,#9716,#9717);
#8591=AXIS2_PLACEMENT_3D('',#12088,#9719,#9720);
#8592=AXIS2_PLACEMENT_3D('',#12090,#9722,#9723);
#8593=AXIS2_PLACEMENT_3D('',#12094,#9726,#9727);
#8594=AXIS2_PLACEMENT_3D('',#12096,#9728,#9729);
#8595=AXIS2_PLACEMENT_3D('',#12099,#9731,#9732);
#8596=AXIS2_PLACEMENT_3D('',#12100,#9733,#9734);
#8597=AXIS2_PLACEMENT_3D('',#12104,#9737,#9738);
#8598=AXIS2_PLACEMENT_3D('',#12106,#9739,#9740);
#8599=AXIS2_PLACEMENT_3D('',#12109,#9742,#9743);
#8600=AXIS2_PLACEMENT_3D('',#12110,#9744,#9745);
#8601=AXIS2_PLACEMENT_3D('',#12114,#9748,#9749);
#8602=AXIS2_PLACEMENT_3D('',#12116,#9750,#9751);
#8603=AXIS2_PLACEMENT_3D('',#12119,#9753,#9754);
#8604=AXIS2_PLACEMENT_3D('',#12120,#9755,#9756);
#8605=AXIS2_PLACEMENT_3D('',#12124,#9759,#9760);
#8606=AXIS2_PLACEMENT_3D('',#12126,#9761,#9762);
#8607=AXIS2_PLACEMENT_3D('',#12129,#9764,#9765);
#8608=AXIS2_PLACEMENT_3D('',#12130,#9766,#9767);
#8609=AXIS2_PLACEMENT_3D('',#12132,#9769,#9770);
#8610=AXIS2_PLACEMENT_3D('',#12134,#9772,#9773);
#8611=AXIS2_PLACEMENT_3D('',#12135,#9774,#9775);
#8612=AXIS2_PLACEMENT_3D('',#12136,#9776,#9777);
#8613=AXIS2_PLACEMENT_3D('',#12137,#9778,#9779);
#8614=AXIS2_PLACEMENT_3D('',#12138,#9780,#9781);
#8615=AXIS2_PLACEMENT_3D('',#12139,#9782,#9783);
#8616=AXIS2_PLACEMENT_3D('',#12141,#9785,#9786);
#8617=AXIS2_PLACEMENT_3D('',#12143,#9788,#9789);
#8618=AXIS2_PLACEMENT_3D('',#12145,#9791,#9792);
#8619=AXIS2_PLACEMENT_3D('',#12147,#9794,#9795);
#8620=AXIS2_PLACEMENT_3D('',#12149,#9797,#9798);
#8621=AXIS2_PLACEMENT_3D('',#12151,#9800,#9801);
#8622=AXIS2_PLACEMENT_3D('',#12152,#9802,#9803);
#8623=AXIS2_PLACEMENT_3D('',#12153,#9804,#9805);
#8624=AXIS2_PLACEMENT_3D('',#12154,#9806,#9807);
#8625=AXIS2_PLACEMENT_3D('',#12155,#9808,#9809);
#8626=AXIS2_PLACEMENT_3D('',#12156,#9810,#9811);
#8627=AXIS2_PLACEMENT_3D('',#12165,#9816,#9817);
#8628=AXIS2_PLACEMENT_3D('',#12174,#9822,#9823);
#8629=AXIS2_PLACEMENT_3D('',#12177,#9826,#9827);
#8630=AXIS2_PLACEMENT_3D('',#12180,#9830,#9831);
#8631=AXIS2_PLACEMENT_3D('',#12181,#9832,#9833);
#8632=AXIS2_PLACEMENT_3D('',#12182,#9834,#9835);
#8633=AXIS2_PLACEMENT_3D('',#12183,#9836,#9837);
#8634=AXIS2_PLACEMENT_3D('',#12192,#9842,#9843);
#8635=AXIS2_PLACEMENT_3D('',#12201,#9848,#9849);
#8636=AXIS2_PLACEMENT_3D('',#12204,#9852,#9853);
#8637=AXIS2_PLACEMENT_3D('',#12207,#9856,#9857);
#8638=AXIS2_PLACEMENT_3D('',#12208,#9858,#9859);
#8639=AXIS2_PLACEMENT_3D('',#12209,#9860,#9861);
#8640=AXIS2_PLACEMENT_3D('',#12210,#9862,#9863);
#8641=AXIS2_PLACEMENT_3D('',#12219,#9868,#9869);
#8642=AXIS2_PLACEMENT_3D('',#12228,#9874,#9875);
#8643=AXIS2_PLACEMENT_3D('',#12231,#9878,#9879);
#8644=AXIS2_PLACEMENT_3D('',#12234,#9882,#9883);
#8645=AXIS2_PLACEMENT_3D('',#12235,#9884,#9885);
#8646=AXIS2_PLACEMENT_3D('',#12236,#9886,#9887);
#8647=AXIS2_PLACEMENT_3D('',#12237,#9888,#9889);
#8648=AXIS2_PLACEMENT_3D('',#12246,#9894,#9895);
#8649=AXIS2_PLACEMENT_3D('',#12255,#9900,#9901);
#8650=AXIS2_PLACEMENT_3D('',#12258,#9904,#9905);
#8651=AXIS2_PLACEMENT_3D('',#12261,#9908,#9909);
#8652=AXIS2_PLACEMENT_3D('',#12262,#9910,#9911);
#8653=AXIS2_PLACEMENT_3D('',#12263,#9912,#9913);
#8654=AXIS2_PLACEMENT_3D('',#12264,#9914,#9915);
#8655=AXIS2_PLACEMENT_3D('',#12273,#9920,#9921);
#8656=AXIS2_PLACEMENT_3D('',#12282,#9926,#9927);
#8657=AXIS2_PLACEMENT_3D('',#12285,#9930,#9931);
#8658=AXIS2_PLACEMENT_3D('',#12288,#9934,#9935);
#8659=AXIS2_PLACEMENT_3D('',#12289,#9936,#9937);
#8660=AXIS2_PLACEMENT_3D('',#12290,#9938,#9939);
#8661=AXIS2_PLACEMENT_3D('',#12291,#9940,#9941);
#8662=AXIS2_PLACEMENT_3D('',#12300,#9946,#9947);
#8663=AXIS2_PLACEMENT_3D('',#12309,#9952,#9953);
#8664=AXIS2_PLACEMENT_3D('',#12312,#9956,#9957);
#8665=AXIS2_PLACEMENT_3D('',#12315,#9960,#9961);
#8666=AXIS2_PLACEMENT_3D('',#12316,#9962,#9963);
#8667=AXIS2_PLACEMENT_3D('',#12317,#9964,#9965);
#8668=AXIS2_PLACEMENT_3D('',#12318,#9966,#9967);
#8669=AXIS2_PLACEMENT_3D('',#12327,#9972,#9973);
#8670=AXIS2_PLACEMENT_3D('',#12336,#9978,#9979);
#8671=AXIS2_PLACEMENT_3D('',#12339,#9982,#9983);
#8672=AXIS2_PLACEMENT_3D('',#12342,#9986,#9987);
#8673=AXIS2_PLACEMENT_3D('',#12343,#9988,#9989);
#8674=AXIS2_PLACEMENT_3D('',#12344,#9990,#9991);
#8675=AXIS2_PLACEMENT_3D('',#12345,#9992,#9993);
#8676=AXIS2_PLACEMENT_3D('',#12347,#9994,#9995);
#8677=AXIS2_PLACEMENT_3D('',#12350,#9997,#9998);
#8678=AXIS2_PLACEMENT_3D('',#12351,#9999,#10000);
#8679=AXIS2_PLACEMENT_3D('',#12353,#10001,#10002);
#8680=AXIS2_PLACEMENT_3D('',#12354,#10003,#10004);
#8681=AXIS2_PLACEMENT_3D('',#12355,#10005,#10006);
#8682=AXIS2_PLACEMENT_3D('',#12357,#10007,#10008);
#8683=AXIS2_PLACEMENT_3D('',#12359,#10010,#10011);
#8684=AXIS2_PLACEMENT_3D('',#12360,#10012,#10013);
#8685=AXIS2_PLACEMENT_3D('',#12362,#10014,#10015);
#8686=AXIS2_PLACEMENT_3D('',#12365,#10017,#10018);
#8687=AXIS2_PLACEMENT_3D('',#12366,#10019,#10020);
#8688=AXIS2_PLACEMENT_3D('',#12367,#10021,#10022);
#8689=AXIS2_PLACEMENT_3D('',#12368,#10023,#10024);
#8690=AXIS2_PLACEMENT_3D('',#12370,#10025,#10026);
#8691=AXIS2_PLACEMENT_3D('',#12373,#10028,#10029);
#8692=AXIS2_PLACEMENT_3D('',#12374,#10030,#10031);
#8693=AXIS2_PLACEMENT_3D('',#12375,#10032,#10033);
#8694=AXIS2_PLACEMENT_3D('',#12376,#10034,#10035);
#8695=AXIS2_PLACEMENT_3D('',#12378,#10036,#10037);
#8696=AXIS2_PLACEMENT_3D('',#12381,#10039,#10040);
#8697=AXIS2_PLACEMENT_3D('',#12382,#10041,#10042);
#8698=AXIS2_PLACEMENT_3D('',#12383,#10043,#10044);
#8699=AXIS2_PLACEMENT_3D('',#12384,#10045,#10046);
#8700=AXIS2_PLACEMENT_3D('',#12386,#10047,#10048);
#8701=AXIS2_PLACEMENT_3D('',#12389,#10050,#10051);
#8702=AXIS2_PLACEMENT_3D('',#12390,#10052,#10053);
#8703=AXIS2_PLACEMENT_3D('',#12391,#10054,#10055);
#8704=AXIS2_PLACEMENT_3D('',#12392,#10056,#10057);
#8705=AXIS2_PLACEMENT_3D('',#12394,#10058,#10059);
#8706=AXIS2_PLACEMENT_3D('',#12397,#10061,#10062);
#8707=AXIS2_PLACEMENT_3D('',#12398,#10063,#10064);
#8708=AXIS2_PLACEMENT_3D('',#12399,#10065,#10066);
#8709=AXIS2_PLACEMENT_3D('',#12400,#10067,#10068);
#8710=AXIS2_PLACEMENT_3D('',#12402,#10069,#10070);
#8711=AXIS2_PLACEMENT_3D('',#12405,#10072,#10073);
#8712=AXIS2_PLACEMENT_3D('',#12406,#10074,#10075);
#8713=AXIS2_PLACEMENT_3D('',#12407,#10076,#10077);
#8714=AXIS2_PLACEMENT_3D('',#12408,#10078,#10079);
#8715=AXIS2_PLACEMENT_3D('',#12410,#10080,#10081);
#8716=AXIS2_PLACEMENT_3D('',#12413,#10083,#10084);
#8717=AXIS2_PLACEMENT_3D('',#12414,#10085,#10086);
#8718=AXIS2_PLACEMENT_3D('',#12415,#10087,#10088);
#8719=AXIS2_PLACEMENT_3D('',#12416,#10089,#10090);
#8720=AXIS2_PLACEMENT_3D('',#12418,#10091,#10092);
#8721=AXIS2_PLACEMENT_3D('',#12421,#10094,#10095);
#8722=AXIS2_PLACEMENT_3D('',#12422,#10096,#10097);
#8723=AXIS2_PLACEMENT_3D('',#12423,#10098,#10099);
#8724=AXIS2_PLACEMENT_3D('',#12424,#10100,#10101);
#8725=AXIS2_PLACEMENT_3D('',#12426,#10102,#10103);
#8726=AXIS2_PLACEMENT_3D('',#12429,#10105,#10106);
#8727=AXIS2_PLACEMENT_3D('',#12430,#10107,#10108);
#8728=AXIS2_PLACEMENT_3D('',#12431,#10109,#10110);
#8729=AXIS2_PLACEMENT_3D('',#12432,#10111,#10112);
#8730=AXIS2_PLACEMENT_3D('',#12433,#10113,#10114);
#8731=AXIS2_PLACEMENT_3D('',#12442,#10119,#10120);
#8732=AXIS2_PLACEMENT_3D('',#12451,#10125,#10126);
#8733=AXIS2_PLACEMENT_3D('',#12454,#10129,#10130);
#8734=AXIS2_PLACEMENT_3D('',#12457,#10133,#10134);
#8735=AXIS2_PLACEMENT_3D('',#12458,#10135,#10136);
#8736=AXIS2_PLACEMENT_3D('',#12459,#10137,#10138);
#8737=AXIS2_PLACEMENT_3D('',#12460,#10139,#10140);
#8738=AXIS2_PLACEMENT_3D('',#12462,#10141,#10142);
#8739=AXIS2_PLACEMENT_3D('',#12465,#10144,#10145);
#8740=AXIS2_PLACEMENT_3D('',#12466,#10146,#10147);
#8741=AXIS2_PLACEMENT_3D('',#12468,#10148,#10149);
#8742=AXIS2_PLACEMENT_3D('',#12469,#10150,#10151);
#8743=AXIS2_PLACEMENT_3D('',#12470,#10152,#10153);
#8744=AXIS2_PLACEMENT_3D('',#12472,#10154,#10155);
#8745=AXIS2_PLACEMENT_3D('',#12474,#10157,#10158);
#8746=AXIS2_PLACEMENT_3D('',#12475,#10159,#10160);
#8747=AXIS2_PLACEMENT_3D('',#12477,#10161,#10162);
#8748=AXIS2_PLACEMENT_3D('',#12480,#10164,#10165);
#8749=AXIS2_PLACEMENT_3D('',#12481,#10166,#10167);
#8750=AXIS2_PLACEMENT_3D('',#12482,#10168,#10169);
#8751=AXIS2_PLACEMENT_3D('',#12483,#10170,#10171);
#8752=AXIS2_PLACEMENT_3D('',#12485,#10172,#10173);
#8753=AXIS2_PLACEMENT_3D('',#12488,#10175,#10176);
#8754=AXIS2_PLACEMENT_3D('',#12489,#10177,#10178);
#8755=AXIS2_PLACEMENT_3D('',#12490,#10179,#10180);
#8756=AXIS2_PLACEMENT_3D('',#12491,#10181,#10182);
#8757=AXIS2_PLACEMENT_3D('',#12493,#10183,#10184);
#8758=AXIS2_PLACEMENT_3D('',#12496,#10186,#10187);
#8759=AXIS2_PLACEMENT_3D('',#12497,#10188,#10189);
#8760=AXIS2_PLACEMENT_3D('',#12498,#10190,#10191);
#8761=AXIS2_PLACEMENT_3D('',#12499,#10192,#10193);
#8762=AXIS2_PLACEMENT_3D('',#12501,#10194,#10195);
#8763=AXIS2_PLACEMENT_3D('',#12504,#10197,#10198);
#8764=AXIS2_PLACEMENT_3D('',#12505,#10199,#10200);
#8765=AXIS2_PLACEMENT_3D('',#12506,#10201,#10202);
#8766=AXIS2_PLACEMENT_3D('',#12507,#10203,#10204);
#8767=AXIS2_PLACEMENT_3D('',#12509,#10205,#10206);
#8768=AXIS2_PLACEMENT_3D('',#12512,#10208,#10209);
#8769=AXIS2_PLACEMENT_3D('',#12513,#10210,#10211);
#8770=AXIS2_PLACEMENT_3D('',#12514,#10212,#10213);
#8771=AXIS2_PLACEMENT_3D('',#12515,#10214,#10215);
#8772=AXIS2_PLACEMENT_3D('',#12517,#10216,#10217);
#8773=AXIS2_PLACEMENT_3D('',#12520,#10219,#10220);
#8774=AXIS2_PLACEMENT_3D('',#12521,#10221,#10222);
#8775=AXIS2_PLACEMENT_3D('',#12522,#10223,#10224);
#8776=AXIS2_PLACEMENT_3D('',#12523,#10225,#10226);
#8777=AXIS2_PLACEMENT_3D('',#12525,#10227,#10228);
#8778=AXIS2_PLACEMENT_3D('',#12528,#10230,#10231);
#8779=AXIS2_PLACEMENT_3D('',#12529,#10232,#10233);
#8780=AXIS2_PLACEMENT_3D('',#12530,#10234,#10235);
#8781=AXIS2_PLACEMENT_3D('',#12531,#10236,#10237);
#8782=AXIS2_PLACEMENT_3D('',#12533,#10238,#10239);
#8783=AXIS2_PLACEMENT_3D('',#12536,#10241,#10242);
#8784=AXIS2_PLACEMENT_3D('',#12537,#10243,#10244);
#8785=AXIS2_PLACEMENT_3D('',#12538,#10245,#10246);
#8786=AXIS2_PLACEMENT_3D('',#12539,#10247,#10248);
#8787=AXIS2_PLACEMENT_3D('',#12541,#10249,#10250);
#8788=AXIS2_PLACEMENT_3D('',#12544,#10252,#10253);
#8789=AXIS2_PLACEMENT_3D('',#12545,#10254,#10255);
#8790=AXIS2_PLACEMENT_3D('',#12546,#10256,#10257);
#8791=AXIS2_PLACEMENT_3D('',#12547,#10258,#10259);
#8792=AXIS2_PLACEMENT_3D('',#12548,#10260,#10261);
#8793=AXIS2_PLACEMENT_3D('',#12557,#10266,#10267);
#8794=AXIS2_PLACEMENT_3D('',#12566,#10272,#10273);
#8795=AXIS2_PLACEMENT_3D('',#12569,#10276,#10277);
#8796=AXIS2_PLACEMENT_3D('',#12572,#10280,#10281);
#8797=AXIS2_PLACEMENT_3D('',#12573,#10282,#10283);
#8798=AXIS2_PLACEMENT_3D('',#12574,#10284,#10285);
#8799=AXIS2_PLACEMENT_3D('',#12575,#10286,#10287);
#8800=AXIS2_PLACEMENT_3D('',#12584,#10292,#10293);
#8801=AXIS2_PLACEMENT_3D('',#12593,#10298,#10299);
#8802=AXIS2_PLACEMENT_3D('',#12596,#10302,#10303);
#8803=AXIS2_PLACEMENT_3D('',#12599,#10306,#10307);
#8804=AXIS2_PLACEMENT_3D('',#12600,#10308,#10309);
#8805=AXIS2_PLACEMENT_3D('',#12601,#10310,#10311);
#8806=AXIS2_PLACEMENT_3D('',#12602,#10312,#10313);
#8807=AXIS2_PLACEMENT_3D('',#12611,#10318,#10319);
#8808=AXIS2_PLACEMENT_3D('',#12620,#10324,#10325);
#8809=AXIS2_PLACEMENT_3D('',#12623,#10328,#10329);
#8810=AXIS2_PLACEMENT_3D('',#12626,#10332,#10333);
#8811=AXIS2_PLACEMENT_3D('',#12627,#10334,#10335);
#8812=AXIS2_PLACEMENT_3D('',#12628,#10336,#10337);
#8813=AXIS2_PLACEMENT_3D('',#12629,#10338,#10339);
#8814=AXIS2_PLACEMENT_3D('',#12638,#10344,#10345);
#8815=AXIS2_PLACEMENT_3D('',#12647,#10350,#10351);
#8816=AXIS2_PLACEMENT_3D('',#12650,#10354,#10355);
#8817=AXIS2_PLACEMENT_3D('',#12653,#10358,#10359);
#8818=AXIS2_PLACEMENT_3D('',#12654,#10360,#10361);
#8819=AXIS2_PLACEMENT_3D('',#12655,#10362,#10363);
#8820=AXIS2_PLACEMENT_3D('',#12656,#10364,#10365);
#8821=AXIS2_PLACEMENT_3D('',#12658,#10366,#10367);
#8822=AXIS2_PLACEMENT_3D('',#12661,#10369,#10370);
#8823=AXIS2_PLACEMENT_3D('',#12662,#10371,#10372);
#8824=AXIS2_PLACEMENT_3D('',#12664,#10373,#10374);
#8825=AXIS2_PLACEMENT_3D('',#12665,#10375,#10376);
#8826=AXIS2_PLACEMENT_3D('',#12666,#10377,#10378);
#8827=AXIS2_PLACEMENT_3D('',#12668,#10379,#10380);
#8828=AXIS2_PLACEMENT_3D('',#12670,#10382,#10383);
#8829=AXIS2_PLACEMENT_3D('',#12671,#10384,#10385);
#8830=AXIS2_PLACEMENT_3D('',#12673,#10386,#10387);
#8831=AXIS2_PLACEMENT_3D('',#12676,#10389,#10390);
#8832=AXIS2_PLACEMENT_3D('',#12677,#10391,#10392);
#8833=AXIS2_PLACEMENT_3D('',#12678,#10393,#10394);
#8834=AXIS2_PLACEMENT_3D('',#12679,#10395,#10396);
#8835=AXIS2_PLACEMENT_3D('',#12681,#10397,#10398);
#8836=AXIS2_PLACEMENT_3D('',#12684,#10400,#10401);
#8837=AXIS2_PLACEMENT_3D('',#12685,#10402,#10403);
#8838=AXIS2_PLACEMENT_3D('',#12686,#10404,#10405);
#8839=AXIS2_PLACEMENT_3D('',#12687,#10406,#10407);
#8840=AXIS2_PLACEMENT_3D('',#12689,#10408,#10409);
#8841=AXIS2_PLACEMENT_3D('',#12692,#10411,#10412);
#8842=AXIS2_PLACEMENT_3D('',#12693,#10413,#10414);
#8843=AXIS2_PLACEMENT_3D('',#12694,#10415,#10416);
#8844=AXIS2_PLACEMENT_3D('',#12695,#10417,#10418);
#8845=AXIS2_PLACEMENT_3D('',#12697,#10419,#10420);
#8846=AXIS2_PLACEMENT_3D('',#12700,#10422,#10423);
#8847=AXIS2_PLACEMENT_3D('',#12701,#10424,#10425);
#8848=AXIS2_PLACEMENT_3D('',#12702,#10426,#10427);
#8849=AXIS2_PLACEMENT_3D('',#12703,#10428,#10429);
#8850=AXIS2_PLACEMENT_3D('',#12705,#10430,#10431);
#8851=AXIS2_PLACEMENT_3D('',#12708,#10433,#10434);
#8852=AXIS2_PLACEMENT_3D('',#12709,#10435,#10436);
#8853=AXIS2_PLACEMENT_3D('',#12710,#10437,#10438);
#8854=AXIS2_PLACEMENT_3D('',#12711,#10439,#10440);
#8855=AXIS2_PLACEMENT_3D('',#12713,#10441,#10442);
#8856=AXIS2_PLACEMENT_3D('',#12716,#10444,#10445);
#8857=AXIS2_PLACEMENT_3D('',#12717,#10446,#10447);
#8858=AXIS2_PLACEMENT_3D('',#12718,#10448,#10449);
#8859=AXIS2_PLACEMENT_3D('',#12719,#10450,#10451);
#8860=AXIS2_PLACEMENT_3D('',#12721,#10452,#10453);
#8861=AXIS2_PLACEMENT_3D('',#12724,#10455,#10456);
#8862=AXIS2_PLACEMENT_3D('',#12725,#10457,#10458);
#8863=AXIS2_PLACEMENT_3D('',#12726,#10459,#10460);
#8864=AXIS2_PLACEMENT_3D('',#12727,#10461,#10462);
#8865=AXIS2_PLACEMENT_3D('',#12729,#10463,#10464);
#8866=AXIS2_PLACEMENT_3D('',#12732,#10466,#10467);
#8867=AXIS2_PLACEMENT_3D('',#12733,#10468,#10469);
#8868=AXIS2_PLACEMENT_3D('',#12734,#10470,#10471);
#8869=AXIS2_PLACEMENT_3D('',#12735,#10472,#10473);
#8870=AXIS2_PLACEMENT_3D('',#12737,#10474,#10475);
#8871=AXIS2_PLACEMENT_3D('',#12740,#10477,#10478);
#8872=AXIS2_PLACEMENT_3D('',#12741,#10479,#10480);
#8873=AXIS2_PLACEMENT_3D('',#12742,#10481,#10482);
#8874=AXIS2_PLACEMENT_3D('',#12743,#10483,#10484);
#8875=AXIS2_PLACEMENT_3D('',#12744,#10485,#10486);
#8876=AXIS2_PLACEMENT_3D('',#12746,#10487,#10488);
#8877=AXIS2_PLACEMENT_3D('',#12749,#10490,#10491);
#8878=AXIS2_PLACEMENT_3D('',#12750,#10492,#10493);
#8879=AXIS2_PLACEMENT_3D('',#12752,#10494,#10495);
#8880=AXIS2_PLACEMENT_3D('',#12753,#10496,#10497);
#8881=AXIS2_PLACEMENT_3D('',#12754,#10498,#10499);
#8882=AXIS2_PLACEMENT_3D('',#12756,#10500,#10501);
#8883=AXIS2_PLACEMENT_3D('',#12758,#10503,#10504);
#8884=AXIS2_PLACEMENT_3D('',#12759,#10505,#10506);
#8885=AXIS2_PLACEMENT_3D('',#12761,#10507,#10508);
#8886=AXIS2_PLACEMENT_3D('',#12764,#10510,#10511);
#8887=AXIS2_PLACEMENT_3D('',#12765,#10512,#10513);
#8888=AXIS2_PLACEMENT_3D('',#12766,#10514,#10515);
#8889=AXIS2_PLACEMENT_3D('',#12767,#10516,#10517);
#8890=AXIS2_PLACEMENT_3D('',#12769,#10518,#10519);
#8891=AXIS2_PLACEMENT_3D('',#12772,#10521,#10522);
#8892=AXIS2_PLACEMENT_3D('',#12773,#10523,#10524);
#8893=AXIS2_PLACEMENT_3D('',#12774,#10525,#10526);
#8894=AXIS2_PLACEMENT_3D('',#12775,#10527,#10528);
#8895=AXIS2_PLACEMENT_3D('',#12777,#10529,#10530);
#8896=AXIS2_PLACEMENT_3D('',#12780,#10532,#10533);
#8897=AXIS2_PLACEMENT_3D('',#12781,#10534,#10535);
#8898=AXIS2_PLACEMENT_3D('',#12782,#10536,#10537);
#8899=AXIS2_PLACEMENT_3D('',#12783,#10538,#10539);
#8900=AXIS2_PLACEMENT_3D('',#12785,#10540,#10541);
#8901=AXIS2_PLACEMENT_3D('',#12788,#10543,#10544);
#8902=AXIS2_PLACEMENT_3D('',#12789,#10545,#10546);
#8903=AXIS2_PLACEMENT_3D('',#12790,#10547,#10548);
#8904=AXIS2_PLACEMENT_3D('',#12791,#10549,#10550);
#8905=AXIS2_PLACEMENT_3D('',#12793,#10551,#10552);
#8906=AXIS2_PLACEMENT_3D('',#12796,#10554,#10555);
#8907=AXIS2_PLACEMENT_3D('',#12797,#10556,#10557);
#8908=AXIS2_PLACEMENT_3D('',#12798,#10558,#10559);
#8909=AXIS2_PLACEMENT_3D('',#12799,#10560,#10561);
#8910=AXIS2_PLACEMENT_3D('',#12801,#10562,#10563);
#8911=AXIS2_PLACEMENT_3D('',#12804,#10565,#10566);
#8912=AXIS2_PLACEMENT_3D('',#12805,#10567,#10568);
#8913=AXIS2_PLACEMENT_3D('',#12806,#10569,#10570);
#8914=AXIS2_PLACEMENT_3D('',#12807,#10571,#10572);
#8915=AXIS2_PLACEMENT_3D('',#12809,#10573,#10574);
#8916=AXIS2_PLACEMENT_3D('',#12812,#10576,#10577);
#8917=AXIS2_PLACEMENT_3D('',#12813,#10578,#10579);
#8918=AXIS2_PLACEMENT_3D('',#12814,#10580,#10581);
#8919=AXIS2_PLACEMENT_3D('',#12815,#10582,#10583);
#8920=AXIS2_PLACEMENT_3D('',#12817,#10584,#10585);
#8921=AXIS2_PLACEMENT_3D('',#12820,#10587,#10588);
#8922=AXIS2_PLACEMENT_3D('',#12821,#10589,#10590);
#8923=AXIS2_PLACEMENT_3D('',#12822,#10591,#10592);
#8924=AXIS2_PLACEMENT_3D('',#12823,#10593,#10594);
#8925=AXIS2_PLACEMENT_3D('',#12825,#10595,#10596);
#8926=AXIS2_PLACEMENT_3D('',#12828,#10598,#10599);
#8927=AXIS2_PLACEMENT_3D('',#12829,#10600,#10601);
#8928=AXIS2_PLACEMENT_3D('',#12830,#10602,#10603);
#8929=AXIS2_PLACEMENT_3D('',#12831,#10604,#10605);
#8930=AXIS2_PLACEMENT_3D('',#12832,#10606,#10607);
#8931=AXIS2_PLACEMENT_3D('',#12834,#10608,#10609);
#8932=AXIS2_PLACEMENT_3D('',#12837,#10611,#10612);
#8933=AXIS2_PLACEMENT_3D('',#12838,#10613,#10614);
#8934=AXIS2_PLACEMENT_3D('',#12840,#10615,#10616);
#8935=AXIS2_PLACEMENT_3D('',#12841,#10617,#10618);
#8936=AXIS2_PLACEMENT_3D('',#12842,#10619,#10620);
#8937=AXIS2_PLACEMENT_3D('',#12844,#10621,#10622);
#8938=AXIS2_PLACEMENT_3D('',#12846,#10624,#10625);
#8939=AXIS2_PLACEMENT_3D('',#12847,#10626,#10627);
#8940=AXIS2_PLACEMENT_3D('',#12849,#10628,#10629);
#8941=AXIS2_PLACEMENT_3D('',#12852,#10631,#10632);
#8942=AXIS2_PLACEMENT_3D('',#12853,#10633,#10634);
#8943=AXIS2_PLACEMENT_3D('',#12854,#10635,#10636);
#8944=AXIS2_PLACEMENT_3D('',#12855,#10637,#10638);
#8945=AXIS2_PLACEMENT_3D('',#12857,#10639,#10640);
#8946=AXIS2_PLACEMENT_3D('',#12860,#10642,#10643);
#8947=AXIS2_PLACEMENT_3D('',#12861,#10644,#10645);
#8948=AXIS2_PLACEMENT_3D('',#12862,#10646,#10647);
#8949=AXIS2_PLACEMENT_3D('',#12863,#10648,#10649);
#8950=AXIS2_PLACEMENT_3D('',#12865,#10650,#10651);
#8951=AXIS2_PLACEMENT_3D('',#12868,#10653,#10654);
#8952=AXIS2_PLACEMENT_3D('',#12869,#10655,#10656);
#8953=AXIS2_PLACEMENT_3D('',#12870,#10657,#10658);
#8954=AXIS2_PLACEMENT_3D('',#12871,#10659,#10660);
#8955=AXIS2_PLACEMENT_3D('',#12873,#10661,#10662);
#8956=AXIS2_PLACEMENT_3D('',#12876,#10664,#10665);
#8957=AXIS2_PLACEMENT_3D('',#12877,#10666,#10667);
#8958=AXIS2_PLACEMENT_3D('',#12878,#10668,#10669);
#8959=AXIS2_PLACEMENT_3D('',#12879,#10670,#10671);
#8960=AXIS2_PLACEMENT_3D('',#12881,#10672,#10673);
#8961=AXIS2_PLACEMENT_3D('',#12884,#10675,#10676);
#8962=AXIS2_PLACEMENT_3D('',#12885,#10677,#10678);
#8963=AXIS2_PLACEMENT_3D('',#12886,#10679,#10680);
#8964=AXIS2_PLACEMENT_3D('',#12887,#10681,#10682);
#8965=AXIS2_PLACEMENT_3D('',#12889,#10683,#10684);
#8966=AXIS2_PLACEMENT_3D('',#12892,#10686,#10687);
#8967=AXIS2_PLACEMENT_3D('',#12893,#10688,#10689);
#8968=AXIS2_PLACEMENT_3D('',#12894,#10690,#10691);
#8969=AXIS2_PLACEMENT_3D('',#12895,#10692,#10693);
#8970=AXIS2_PLACEMENT_3D('',#12897,#10694,#10695);
#8971=AXIS2_PLACEMENT_3D('',#12900,#10697,#10698);
#8972=AXIS2_PLACEMENT_3D('',#12901,#10699,#10700);
#8973=AXIS2_PLACEMENT_3D('',#12902,#10701,#10702);
#8974=AXIS2_PLACEMENT_3D('',#12903,#10703,#10704);
#8975=AXIS2_PLACEMENT_3D('',#12905,#10705,#10706);
#8976=AXIS2_PLACEMENT_3D('',#12908,#10708,#10709);
#8977=AXIS2_PLACEMENT_3D('',#12909,#10710,#10711);
#8978=AXIS2_PLACEMENT_3D('',#12910,#10712,#10713);
#8979=AXIS2_PLACEMENT_3D('',#12911,#10714,#10715);
#8980=AXIS2_PLACEMENT_3D('',#12913,#10716,#10717);
#8981=AXIS2_PLACEMENT_3D('',#12916,#10719,#10720);
#8982=AXIS2_PLACEMENT_3D('',#12917,#10721,#10722);
#8983=AXIS2_PLACEMENT_3D('',#12918,#10723,#10724);
#8984=AXIS2_PLACEMENT_3D('',#12919,#10725,#10726);
#8985=AXIS2_PLACEMENT_3D('',#12920,#10727,#10728);
#8986=AXIS2_PLACEMENT_3D('',#12922,#10729,#10730);
#8987=AXIS2_PLACEMENT_3D('',#12925,#10732,#10733);
#8988=AXIS2_PLACEMENT_3D('',#12926,#10734,#10735);
#8989=AXIS2_PLACEMENT_3D('',#12928,#10736,#10737);
#8990=AXIS2_PLACEMENT_3D('',#12929,#10738,#10739);
#8991=AXIS2_PLACEMENT_3D('',#12930,#10740,#10741);
#8992=AXIS2_PLACEMENT_3D('',#12932,#10742,#10743);
#8993=AXIS2_PLACEMENT_3D('',#12934,#10745,#10746);
#8994=AXIS2_PLACEMENT_3D('',#12935,#10747,#10748);
#8995=AXIS2_PLACEMENT_3D('',#12937,#10749,#10750);
#8996=AXIS2_PLACEMENT_3D('',#12940,#10752,#10753);
#8997=AXIS2_PLACEMENT_3D('',#12941,#10754,#10755);
#8998=AXIS2_PLACEMENT_3D('',#12942,#10756,#10757);
#8999=AXIS2_PLACEMENT_3D('',#12943,#10758,#10759);
#9000=AXIS2_PLACEMENT_3D('',#12945,#10760,#10761);
#9001=AXIS2_PLACEMENT_3D('',#12948,#10763,#10764);
#9002=AXIS2_PLACEMENT_3D('',#12949,#10765,#10766);
#9003=AXIS2_PLACEMENT_3D('',#12950,#10767,#10768);
#9004=AXIS2_PLACEMENT_3D('',#12951,#10769,#10770);
#9005=AXIS2_PLACEMENT_3D('',#12953,#10771,#10772);
#9006=AXIS2_PLACEMENT_3D('',#12956,#10774,#10775);
#9007=AXIS2_PLACEMENT_3D('',#12957,#10776,#10777);
#9008=AXIS2_PLACEMENT_3D('',#12958,#10778,#10779);
#9009=AXIS2_PLACEMENT_3D('',#12959,#10780,#10781);
#9010=AXIS2_PLACEMENT_3D('',#12961,#10782,#10783);
#9011=AXIS2_PLACEMENT_3D('',#12964,#10785,#10786);
#9012=AXIS2_PLACEMENT_3D('',#12965,#10787,#10788);
#9013=AXIS2_PLACEMENT_3D('',#12966,#10789,#10790);
#9014=AXIS2_PLACEMENT_3D('',#12967,#10791,#10792);
#9015=AXIS2_PLACEMENT_3D('',#12969,#10793,#10794);
#9016=AXIS2_PLACEMENT_3D('',#12972,#10796,#10797);
#9017=AXIS2_PLACEMENT_3D('',#12973,#10798,#10799);
#9018=AXIS2_PLACEMENT_3D('',#12974,#10800,#10801);
#9019=AXIS2_PLACEMENT_3D('',#12975,#10802,#10803);
#9020=AXIS2_PLACEMENT_3D('',#12977,#10804,#10805);
#9021=AXIS2_PLACEMENT_3D('',#12980,#10807,#10808);
#9022=AXIS2_PLACEMENT_3D('',#12981,#10809,#10810);
#9023=AXIS2_PLACEMENT_3D('',#12982,#10811,#10812);
#9024=AXIS2_PLACEMENT_3D('',#12983,#10813,#10814);
#9025=AXIS2_PLACEMENT_3D('',#12985,#10815,#10816);
#9026=AXIS2_PLACEMENT_3D('',#12988,#10818,#10819);
#9027=AXIS2_PLACEMENT_3D('',#12989,#10820,#10821);
#9028=AXIS2_PLACEMENT_3D('',#12990,#10822,#10823);
#9029=AXIS2_PLACEMENT_3D('',#12991,#10824,#10825);
#9030=AXIS2_PLACEMENT_3D('',#12993,#10826,#10827);
#9031=AXIS2_PLACEMENT_3D('',#12996,#10829,#10830);
#9032=AXIS2_PLACEMENT_3D('',#12997,#10831,#10832);
#9033=AXIS2_PLACEMENT_3D('',#12998,#10833,#10834);
#9034=AXIS2_PLACEMENT_3D('',#12999,#10835,#10836);
#9035=AXIS2_PLACEMENT_3D('',#13001,#10837,#10838);
#9036=AXIS2_PLACEMENT_3D('',#13004,#10840,#10841);
#9037=AXIS2_PLACEMENT_3D('',#13005,#10842,#10843);
#9038=AXIS2_PLACEMENT_3D('',#13006,#10844,#10845);
#9039=AXIS2_PLACEMENT_3D('',#13007,#10846,#10847);
#9040=AXIS2_PLACEMENT_3D('',#13008,#10848,#10849);
#9041=AXIS2_PLACEMENT_3D('',#13010,#10850,#10851);
#9042=AXIS2_PLACEMENT_3D('',#13013,#10853,#10854);
#9043=AXIS2_PLACEMENT_3D('',#13014,#10855,#10856);
#9044=AXIS2_PLACEMENT_3D('',#13016,#10857,#10858);
#9045=AXIS2_PLACEMENT_3D('',#13017,#10859,#10860);
#9046=AXIS2_PLACEMENT_3D('',#13018,#10861,#10862);
#9047=AXIS2_PLACEMENT_3D('',#13020,#10863,#10864);
#9048=AXIS2_PLACEMENT_3D('',#13022,#10866,#10867);
#9049=AXIS2_PLACEMENT_3D('',#13023,#10868,#10869);
#9050=AXIS2_PLACEMENT_3D('',#13025,#10870,#10871);
#9051=AXIS2_PLACEMENT_3D('',#13028,#10873,#10874);
#9052=AXIS2_PLACEMENT_3D('',#13029,#10875,#10876);
#9053=AXIS2_PLACEMENT_3D('',#13030,#10877,#10878);
#9054=AXIS2_PLACEMENT_3D('',#13031,#10879,#10880);
#9055=AXIS2_PLACEMENT_3D('',#13033,#10881,#10882);
#9056=AXIS2_PLACEMENT_3D('',#13036,#10884,#10885);
#9057=AXIS2_PLACEMENT_3D('',#13037,#10886,#10887);
#9058=AXIS2_PLACEMENT_3D('',#13038,#10888,#10889);
#9059=AXIS2_PLACEMENT_3D('',#13039,#10890,#10891);
#9060=AXIS2_PLACEMENT_3D('',#13041,#10892,#10893);
#9061=AXIS2_PLACEMENT_3D('',#13044,#10895,#10896);
#9062=AXIS2_PLACEMENT_3D('',#13045,#10897,#10898);
#9063=AXIS2_PLACEMENT_3D('',#13046,#10899,#10900);
#9064=AXIS2_PLACEMENT_3D('',#13047,#10901,#10902);
#9065=AXIS2_PLACEMENT_3D('',#13049,#10903,#10904);
#9066=AXIS2_PLACEMENT_3D('',#13052,#10906,#10907);
#9067=AXIS2_PLACEMENT_3D('',#13053,#10908,#10909);
#9068=AXIS2_PLACEMENT_3D('',#13054,#10910,#10911);
#9069=AXIS2_PLACEMENT_3D('',#13055,#10912,#10913);
#9070=AXIS2_PLACEMENT_3D('',#13057,#10914,#10915);
#9071=AXIS2_PLACEMENT_3D('',#13060,#10917,#10918);
#9072=AXIS2_PLACEMENT_3D('',#13061,#10919,#10920);
#9073=AXIS2_PLACEMENT_3D('',#13062,#10921,#10922);
#9074=AXIS2_PLACEMENT_3D('',#13063,#10923,#10924);
#9075=AXIS2_PLACEMENT_3D('',#13065,#10925,#10926);
#9076=AXIS2_PLACEMENT_3D('',#13068,#10928,#10929);
#9077=AXIS2_PLACEMENT_3D('',#13069,#10930,#10931);
#9078=AXIS2_PLACEMENT_3D('',#13070,#10932,#10933);
#9079=AXIS2_PLACEMENT_3D('',#13071,#10934,#10935);
#9080=AXIS2_PLACEMENT_3D('',#13073,#10936,#10937);
#9081=AXIS2_PLACEMENT_3D('',#13076,#10939,#10940);
#9082=AXIS2_PLACEMENT_3D('',#13077,#10941,#10942);
#9083=AXIS2_PLACEMENT_3D('',#13078,#10943,#10944);
#9084=AXIS2_PLACEMENT_3D('',#13079,#10945,#10946);
#9085=AXIS2_PLACEMENT_3D('',#13081,#10947,#10948);
#9086=AXIS2_PLACEMENT_3D('',#13084,#10950,#10951);
#9087=AXIS2_PLACEMENT_3D('',#13085,#10952,#10953);
#9088=AXIS2_PLACEMENT_3D('',#13086,#10954,#10955);
#9089=AXIS2_PLACEMENT_3D('',#13087,#10956,#10957);
#9090=AXIS2_PLACEMENT_3D('',#13089,#10958,#10959);
#9091=AXIS2_PLACEMENT_3D('',#13092,#10961,#10962);
#9092=AXIS2_PLACEMENT_3D('',#13093,#10963,#10964);
#9093=AXIS2_PLACEMENT_3D('',#13094,#10965,#10966);
#9094=AXIS2_PLACEMENT_3D('',#13095,#10967,#10968);
#9095=AXIS2_PLACEMENT_3D('',#13096,#10969,#10970);
#9096=AXIS2_PLACEMENT_3D('',#13098,#10971,#10972);
#9097=AXIS2_PLACEMENT_3D('',#13101,#10974,#10975);
#9098=AXIS2_PLACEMENT_3D('',#13102,#10976,#10977);
#9099=AXIS2_PLACEMENT_3D('',#13104,#10978,#10979);
#9100=AXIS2_PLACEMENT_3D('',#13105,#10980,#10981);
#9101=AXIS2_PLACEMENT_3D('',#13106,#10982,#10983);
#9102=AXIS2_PLACEMENT_3D('',#13108,#10984,#10985);
#9103=AXIS2_PLACEMENT_3D('',#13110,#10987,#10988);
#9104=AXIS2_PLACEMENT_3D('',#13111,#10989,#10990);
#9105=AXIS2_PLACEMENT_3D('',#13113,#10991,#10992);
#9106=AXIS2_PLACEMENT_3D('',#13116,#10994,#10995);
#9107=AXIS2_PLACEMENT_3D('',#13117,#10996,#10997);
#9108=AXIS2_PLACEMENT_3D('',#13118,#10998,#10999);
#9109=AXIS2_PLACEMENT_3D('',#13119,#11000,#11001);
#9110=AXIS2_PLACEMENT_3D('',#13121,#11002,#11003);
#9111=AXIS2_PLACEMENT_3D('',#13124,#11005,#11006);
#9112=AXIS2_PLACEMENT_3D('',#13125,#11007,#11008);
#9113=AXIS2_PLACEMENT_3D('',#13126,#11009,#11010);
#9114=AXIS2_PLACEMENT_3D('',#13127,#11011,#11012);
#9115=AXIS2_PLACEMENT_3D('',#13129,#11013,#11014);
#9116=AXIS2_PLACEMENT_3D('',#13132,#11016,#11017);
#9117=AXIS2_PLACEMENT_3D('',#13133,#11018,#11019);
#9118=AXIS2_PLACEMENT_3D('',#13134,#11020,#11021);
#9119=AXIS2_PLACEMENT_3D('',#13135,#11022,#11023);
#9120=AXIS2_PLACEMENT_3D('',#13137,#11024,#11025);
#9121=AXIS2_PLACEMENT_3D('',#13140,#11027,#11028);
#9122=AXIS2_PLACEMENT_3D('',#13141,#11029,#11030);
#9123=AXIS2_PLACEMENT_3D('',#13142,#11031,#11032);
#9124=AXIS2_PLACEMENT_3D('',#13143,#11033,#11034);
#9125=AXIS2_PLACEMENT_3D('',#13145,#11035,#11036);
#9126=AXIS2_PLACEMENT_3D('',#13148,#11038,#11039);
#9127=AXIS2_PLACEMENT_3D('',#13149,#11040,#11041);
#9128=AXIS2_PLACEMENT_3D('',#13150,#11042,#11043);
#9129=AXIS2_PLACEMENT_3D('',#13151,#11044,#11045);
#9130=AXIS2_PLACEMENT_3D('',#13153,#11046,#11047);
#9131=AXIS2_PLACEMENT_3D('',#13156,#11049,#11050);
#9132=AXIS2_PLACEMENT_3D('',#13157,#11051,#11052);
#9133=AXIS2_PLACEMENT_3D('',#13158,#11053,#11054);
#9134=AXIS2_PLACEMENT_3D('',#13159,#11055,#11056);
#9135=AXIS2_PLACEMENT_3D('',#13161,#11057,#11058);
#9136=AXIS2_PLACEMENT_3D('',#13164,#11060,#11061);
#9137=AXIS2_PLACEMENT_3D('',#13165,#11062,#11063);
#9138=AXIS2_PLACEMENT_3D('',#13166,#11064,#11065);
#9139=AXIS2_PLACEMENT_3D('',#13167,#11066,#11067);
#9140=AXIS2_PLACEMENT_3D('',#13169,#11068,#11069);
#9141=AXIS2_PLACEMENT_3D('',#13172,#11071,#11072);
#9142=AXIS2_PLACEMENT_3D('',#13173,#11073,#11074);
#9143=AXIS2_PLACEMENT_3D('',#13174,#11075,#11076);
#9144=AXIS2_PLACEMENT_3D('',#13175,#11077,#11078);
#9145=AXIS2_PLACEMENT_3D('',#13177,#11079,#11080);
#9146=AXIS2_PLACEMENT_3D('',#13180,#11082,#11083);
#9147=AXIS2_PLACEMENT_3D('',#13181,#11084,#11085);
#9148=AXIS2_PLACEMENT_3D('',#13182,#11086,#11087);
#9149=AXIS2_PLACEMENT_3D('',#13183,#11088,#11089);
#9150=AXIS2_PLACEMENT_3D('',#13184,#11090,#11091);
#9151=AXIS2_PLACEMENT_3D('',#13193,#11096,#11097);
#9152=AXIS2_PLACEMENT_3D('',#13202,#11102,#11103);
#9153=AXIS2_PLACEMENT_3D('',#13205,#11106,#11107);
#9154=AXIS2_PLACEMENT_3D('',#13208,#11110,#11111);
#9155=AXIS2_PLACEMENT_3D('',#13209,#11112,#11113);
#9156=AXIS2_PLACEMENT_3D('',#13210,#11114,#11115);
#9157=AXIS2_PLACEMENT_3D('',#13211,#11116,#11117);
#9158=AXIS2_PLACEMENT_3D('',#13220,#11122,#11123);
#9159=AXIS2_PLACEMENT_3D('',#13229,#11128,#11129);
#9160=AXIS2_PLACEMENT_3D('',#13232,#11132,#11133);
#9161=AXIS2_PLACEMENT_3D('',#13235,#11136,#11137);
#9162=AXIS2_PLACEMENT_3D('',#13236,#11138,#11139);
#9163=AXIS2_PLACEMENT_3D('',#13237,#11140,#11141);
#9164=AXIS2_PLACEMENT_3D('',#13246,#11146,#11147);
#9165=AXIS2_PLACEMENT_3D('',#13255,#11152,#11153);
#9166=AXIS2_PLACEMENT_3D('',#13258,#11156,#11157);
#9167=AXIS2_PLACEMENT_3D('',#13261,#11160,#11161);
#9168=AXIS2_PLACEMENT_3D('',#13262,#11162,#11163);
#9169=AXIS2_PLACEMENT_3D('',#13263,#11164,#11165);
#9170=AXIS2_PLACEMENT_3D('',#13272,#11170,#11171);
#9171=AXIS2_PLACEMENT_3D('',#13281,#11176,#11177);
#9172=AXIS2_PLACEMENT_3D('',#13284,#11180,#11181);
#9173=AXIS2_PLACEMENT_3D('',#13287,#11184,#11185);
#9174=AXIS2_PLACEMENT_3D('',#13288,#11186,#11187);
#9175=AXIS2_PLACEMENT_3D('',#13289,#11188,#11189);
#9176=AXIS2_PLACEMENT_3D('',#13298,#11194,#11195);
#9177=AXIS2_PLACEMENT_3D('',#13307,#11200,#11201);
#9178=AXIS2_PLACEMENT_3D('',#13310,#11204,#11205);
#9179=AXIS2_PLACEMENT_3D('',#13313,#11208,#11209);
#9180=AXIS2_PLACEMENT_3D('',#13314,#11210,#11211);
#9181=AXIS2_PLACEMENT_3D('',#13315,#11212,#11213);
#9182=AXIS2_PLACEMENT_3D('',#13324,#11218,#11219);
#9183=AXIS2_PLACEMENT_3D('',#13333,#11224,#11225);
#9184=AXIS2_PLACEMENT_3D('',#13336,#11228,#11229);
#9185=AXIS2_PLACEMENT_3D('',#13339,#11232,#11233);
#9186=AXIS2_PLACEMENT_3D('',#13340,#11234,#11235);
#9187=AXIS2_PLACEMENT_3D('',#13341,#11236,#11237);
#9188=AXIS2_PLACEMENT_3D('',#13350,#11242,#11243);
#9189=AXIS2_PLACEMENT_3D('',#13359,#11248,#11249);
#9190=AXIS2_PLACEMENT_3D('',#13362,#11252,#11253);
#9191=AXIS2_PLACEMENT_3D('',#13365,#11256,#11257);
#9192=AXIS2_PLACEMENT_3D('',#13366,#11258,#11259);
#9193=AXIS2_PLACEMENT_3D('',#13367,#11260,#11261);
#9194=AXIS2_PLACEMENT_3D('',#13376,#11266,#11267);
#9195=AXIS2_PLACEMENT_3D('',#13385,#11272,#11273);
#9196=AXIS2_PLACEMENT_3D('',#13388,#11276,#11277);
#9197=AXIS2_PLACEMENT_3D('',#13391,#11280,#11281);
#9198=AXIS2_PLACEMENT_3D('',#13392,#11282,#11283);
#9199=AXIS2_PLACEMENT_3D('',#13393,#11284,#11285);
#9200=AXIS2_PLACEMENT_3D('',#13402,#11290,#11291);
#9201=AXIS2_PLACEMENT_3D('',#13411,#11296,#11297);
#9202=AXIS2_PLACEMENT_3D('',#13414,#11300,#11301);
#9203=AXIS2_PLACEMENT_3D('',#13417,#11304,#11305);
#9204=AXIS2_PLACEMENT_3D('',#13418,#11306,#11307);
#9205=AXIS2_PLACEMENT_3D('',#13419,#11308,#11309);
#9206=AXIS2_PLACEMENT_3D('',#13428,#11314,#11315);
#9207=AXIS2_PLACEMENT_3D('',#13437,#11320,#11321);
#9208=AXIS2_PLACEMENT_3D('',#13440,#11324,#11325);
#9209=AXIS2_PLACEMENT_3D('',#13443,#11328,#11329);
#9210=AXIS2_PLACEMENT_3D('',#13444,#11330,#11331);
#9211=AXIS2_PLACEMENT_3D('',#13445,#11332,#11333);
#9212=AXIS2_PLACEMENT_3D('',#13454,#11338,#11339);
#9213=AXIS2_PLACEMENT_3D('',#13463,#11344,#11345);
#9214=AXIS2_PLACEMENT_3D('',#13466,#11348,#11349);
#9215=AXIS2_PLACEMENT_3D('',#13469,#11352,#11353);
#9216=AXIS2_PLACEMENT_3D('',#13470,#11354,#11355);
#9217=AXIS2_PLACEMENT_3D('',#13471,#11356,#11357);
#9218=AXIS2_PLACEMENT_3D('',#13480,#11362,#11363);
#9219=AXIS2_PLACEMENT_3D('',#13489,#11368,#11369);
#9220=AXIS2_PLACEMENT_3D('',#13492,#11372,#11373);
#9221=AXIS2_PLACEMENT_3D('',#13495,#11376,#11377);
#9222=AXIS2_PLACEMENT_3D('',#13496,#11378,#11379);
#9223=AXIS2_PLACEMENT_3D('',#13497,#11380,#11381);
#9224=AXIS2_PLACEMENT_3D('',#13506,#11386,#11387);
#9225=AXIS2_PLACEMENT_3D('',#13515,#11392,#11393);
#9226=AXIS2_PLACEMENT_3D('',#13518,#11396,#11397);
#9227=AXIS2_PLACEMENT_3D('',#13521,#11400,#11401);
#9228=AXIS2_PLACEMENT_3D('',#13522,#11402,#11403);
#9229=AXIS2_PLACEMENT_3D('',#13523,#11404,#11405);
#9230=AXIS2_PLACEMENT_3D('',#13532,#11410,#11411);
#9231=AXIS2_PLACEMENT_3D('',#13541,#11416,#11417);
#9232=AXIS2_PLACEMENT_3D('',#13544,#11420,#11421);
#9233=AXIS2_PLACEMENT_3D('',#13547,#11424,#11425);
#9234=AXIS2_PLACEMENT_3D('',#13548,#11426,#11427);
#9235=AXIS2_PLACEMENT_3D('',#13549,#11428,#11429);
#9236=AXIS2_PLACEMENT_3D('',#13558,#11434,#11435);
#9237=AXIS2_PLACEMENT_3D('',#13567,#11440,#11441);
#9238=AXIS2_PLACEMENT_3D('',#13570,#11444,#11445);
#9239=AXIS2_PLACEMENT_3D('',#13573,#11448,#11449);
#9240=AXIS2_PLACEMENT_3D('',#13574,#11450,#11451);
#9241=AXIS2_PLACEMENT_3D('',#13575,#11452,#11453);
#9242=AXIS2_PLACEMENT_3D('',#13584,#11458,#11459);
#9243=AXIS2_PLACEMENT_3D('',#13593,#11464,#11465);
#9244=AXIS2_PLACEMENT_3D('',#13596,#11468,#11469);
#9245=AXIS2_PLACEMENT_3D('',#13599,#11472,#11473);
#9246=AXIS2_PLACEMENT_3D('',#13600,#11474,#11475);
#9247=AXIS2_PLACEMENT_3D('',#13601,#11476,#11477);
#9248=AXIS2_PLACEMENT_3D('',#13610,#11482,#11483);
#9249=AXIS2_PLACEMENT_3D('',#13619,#11488,#11489);
#9250=AXIS2_PLACEMENT_3D('',#13622,#11492,#11493);
#9251=AXIS2_PLACEMENT_3D('',#13625,#11496,#11497);
#9252=AXIS2_PLACEMENT_3D('',#13626,#11498,#11499);
#9253=AXIS2_PLACEMENT_3D('',#13627,#11500,#11501);
#9254=AXIS2_PLACEMENT_3D('',#13636,#11506,#11507);
#9255=AXIS2_PLACEMENT_3D('',#13645,#11512,#11513);
#9256=AXIS2_PLACEMENT_3D('',#13648,#11516,#11517);
#9257=AXIS2_PLACEMENT_3D('',#13651,#11520,#11521);
#9258=AXIS2_PLACEMENT_3D('',#13652,#11522,#11523);
#9259=AXIS2_PLACEMENT_3D('',#13653,#11524,#11525);
#9260=AXIS2_PLACEMENT_3D('',#13662,#11530,#11531);
#9261=AXIS2_PLACEMENT_3D('',#13671,#11536,#11537);
#9262=AXIS2_PLACEMENT_3D('',#13674,#11540,#11541);
#9263=AXIS2_PLACEMENT_3D('',#13677,#11544,#11545);
#9264=AXIS2_PLACEMENT_3D('',#13678,#11546,#11547);
#9265=AXIS2_PLACEMENT_3D('',#13679,#11548,#11549);
#9266=AXIS2_PLACEMENT_3D('',#13688,#11554,#11555);
#9267=AXIS2_PLACEMENT_3D('',#13697,#11560,#11561);
#9268=AXIS2_PLACEMENT_3D('',#13700,#11564,#11565);
#9269=AXIS2_PLACEMENT_3D('',#13703,#11568,#11569);
#9270=AXIS2_PLACEMENT_3D('',#13704,#11570,#11571);
#9271=AXIS2_PLACEMENT_3D('',#13705,#11572,#11573);
#9272=AXIS2_PLACEMENT_3D('',#13714,#11578,#11579);
#9273=AXIS2_PLACEMENT_3D('',#13723,#11584,#11585);
#9274=AXIS2_PLACEMENT_3D('',#13726,#11588,#11589);
#9275=AXIS2_PLACEMENT_3D('',#13729,#11592,#11593);
#9276=AXIS2_PLACEMENT_3D('',#13730,#11594,#11595);
#9277=AXIS2_PLACEMENT_3D('',#13731,#11596,#11597);
#9278=AXIS2_PLACEMENT_3D('',#13740,#11602,#11603);
#9279=AXIS2_PLACEMENT_3D('',#13749,#11608,#11609);
#9280=AXIS2_PLACEMENT_3D('',#13752,#11612,#11613);
#9281=AXIS2_PLACEMENT_3D('',#13755,#11616,#11617);
#9282=AXIS2_PLACEMENT_3D('',#13756,#11618,#11619);
#9283=AXIS2_PLACEMENT_3D('',#13757,#11620,#11621);
#9284=AXIS2_PLACEMENT_3D('',#13766,#11626,#11627);
#9285=AXIS2_PLACEMENT_3D('',#13775,#11632,#11633);
#9286=AXIS2_PLACEMENT_3D('',#13778,#11636,#11637);
#9287=AXIS2_PLACEMENT_3D('',#13781,#11640,#11641);
#9288=AXIS2_PLACEMENT_3D('',#13782,#11642,#11643);
#9289=AXIS2_PLACEMENT_3D('',#13783,#11644,#11645);
#9290=AXIS2_PLACEMENT_3D('',#13792,#11650,#11651);
#9291=AXIS2_PLACEMENT_3D('',#13801,#11656,#11657);
#9292=AXIS2_PLACEMENT_3D('',#13804,#11660,#11661);
#9293=AXIS2_PLACEMENT_3D('',#13807,#11664,#11665);
#9294=AXIS2_PLACEMENT_3D('',#13808,#11666,#11667);
#9295=AXIS2_PLACEMENT_3D('',#13809,#11668,#11669);
#9296=AXIS2_PLACEMENT_3D('',#13818,#11674,#11675);
#9297=AXIS2_PLACEMENT_3D('',#13827,#11680,#11681);
#9298=AXIS2_PLACEMENT_3D('',#13830,#11684,#11685);
#9299=AXIS2_PLACEMENT_3D('',#13833,#11688,#11689);
#9300=AXIS2_PLACEMENT_3D('',#13834,#11690,#11691);
#9301=AXIS2_PLACEMENT_3D('',#13835,#11692,#11693);
#9302=AXIS2_PLACEMENT_3D('',#13836,#11694,#11695);
#9303=AXIS2_PLACEMENT_3D('',#13837,#11696,#11697);
#9304=AXIS2_PLACEMENT_3D('',#13838,#11698,#11699);
#9305=AXIS2_PLACEMENT_3D('',#13839,#11700,#11701);
#9306=AXIS2_PLACEMENT_3D('',#13840,#11702,#11703);
#9307=AXIS2_PLACEMENT_3D('',#13841,#11704,#11705);
#9308=AXIS2_PLACEMENT_3D('',#13842,#11706,#11707);
#9309=AXIS2_PLACEMENT_3D('',#13843,#11708,#11709);
#9310=AXIS2_PLACEMENT_3D('',#13844,#11710,#11711);
#9311=AXIS2_PLACEMENT_3D('',#13845,#11712,#11713);
#9312=AXIS2_PLACEMENT_3D('',#13846,#11714,#11715);
#9313=AXIS2_PLACEMENT_3D('',#13847,#11716,#11717);
#9314=AXIS2_PLACEMENT_3D('',#13848,#11718,#11719);
#9315=AXIS2_PLACEMENT_3D('',#13849,#11720,#11721);
#9316=AXIS2_PLACEMENT_3D('',#13850,#11722,#11723);
#9317=AXIS2_PLACEMENT_3D('',#13851,#11724,#11725);
#9318=AXIS2_PLACEMENT_3D('',#13852,#11726,#11727);
#9319=AXIS2_PLACEMENT_3D('',#13853,#11728,#11729);
#9320=AXIS2_PLACEMENT_3D('',#13854,#11730,#11731);
#9321=AXIS2_PLACEMENT_3D('',#13855,#11732,#11733);
#9322=AXIS2_PLACEMENT_3D('',#13856,#11734,#11735);
#9323=AXIS2_PLACEMENT_3D('',#13857,#11736,#11737);
#9324=DIRECTION('axis',(0.,0.,1.));
#9325=DIRECTION('refdir',(1.,0.,0.));
#9326=DIRECTION('axis',(0.,0.,1.));
#9327=DIRECTION('refdir',(1.,0.,0.));
#9328=DIRECTION('center_axis',(1.,0.,0.));
#9329=DIRECTION('ref_axis',(0.,0.,1.));
#9330=DIRECTION('',(0.,0.,1.));
#9331=DIRECTION('',(0.,1.,0.));
#9332=DIRECTION('',(0.,0.,1.));
#9333=DIRECTION('',(0.,1.,0.));
#9334=DIRECTION('center_axis',(0.,1.,0.));
#9335=DIRECTION('ref_axis',(0.,0.,1.));
#9336=DIRECTION('',(1.,0.,0.));
#9337=DIRECTION('',(0.,0.,1.));
#9338=DIRECTION('',(1.,0.,0.));
#9339=DIRECTION('center_axis',(0.,0.,1.));
#9340=DIRECTION('ref_axis',(1.,0.,0.));
#9341=DIRECTION('',(0.,1.,0.));
#9342=DIRECTION('',(1.,0.,0.));
#9343=DIRECTION('center_axis',(0.,0.,1.));
#9344=DIRECTION('ref_axis',(1.,0.,0.));
#9345=DIRECTION('center_axis',(0.,0.,1.));
#9346=DIRECTION('ref_axis',(1.,0.,0.));
#9347=DIRECTION('center_axis',(0.,0.,1.));
#9348=DIRECTION('ref_axis',(1.,0.,0.));
#9349=DIRECTION('center_axis',(0.,0.,1.));
#9350=DIRECTION('ref_axis',(1.,0.,0.));
#9351=DIRECTION('center_axis',(0.,0.,1.));
#9352=DIRECTION('ref_axis',(1.,0.,0.));
#9353=DIRECTION('center_axis',(0.,0.,1.));
#9354=DIRECTION('ref_axis',(1.,0.,0.));
#9355=DIRECTION('center_axis',(0.,0.,1.));
#9356=DIRECTION('ref_axis',(1.,0.,0.));
#9357=DIRECTION('center_axis',(0.,0.,1.));
#9358=DIRECTION('ref_axis',(1.,0.,0.));
#9359=DIRECTION('center_axis',(0.,0.,1.));
#9360=DIRECTION('ref_axis',(1.,0.,0.));
#9361=DIRECTION('center_axis',(0.,0.,1.));
#9362=DIRECTION('ref_axis',(1.,0.,0.));
#9363=DIRECTION('center_axis',(0.,0.,1.));
#9364=DIRECTION('ref_axis',(1.,0.,0.));
#9365=DIRECTION('center_axis',(0.,0.,1.));
#9366=DIRECTION('ref_axis',(1.,0.,0.));
#9367=DIRECTION('center_axis',(0.,0.,1.));
#9368=DIRECTION('ref_axis',(1.,0.,0.));
#9369=DIRECTION('center_axis',(0.,0.,1.));
#9370=DIRECTION('ref_axis',(1.,0.,0.));
#9371=DIRECTION('center_axis',(0.,0.,1.));
#9372=DIRECTION('ref_axis',(1.,0.,0.));
#9373=DIRECTION('center_axis',(0.,0.,1.));
#9374=DIRECTION('ref_axis',(1.,0.,0.));
#9375=DIRECTION('center_axis',(0.,0.,1.));
#9376=DIRECTION('ref_axis',(1.,0.,0.));
#9377=DIRECTION('center_axis',(0.,0.,1.));
#9378=DIRECTION('ref_axis',(1.,0.,0.));
#9379=DIRECTION('center_axis',(0.,0.,1.));
#9380=DIRECTION('ref_axis',(1.,0.,0.));
#9381=DIRECTION('center_axis',(0.,0.,1.));
#9382=DIRECTION('ref_axis',(1.,0.,0.));
#9383=DIRECTION('center_axis',(0.,0.,1.));
#9384=DIRECTION('ref_axis',(1.,0.,0.));
#9385=DIRECTION('center_axis',(0.,0.,1.));
#9386=DIRECTION('ref_axis',(1.,0.,0.));
#9387=DIRECTION('center_axis',(0.,0.,1.));
#9388=DIRECTION('ref_axis',(1.,0.,0.));
#9389=DIRECTION('center_axis',(0.,0.,1.));
#9390=DIRECTION('ref_axis',(1.,0.,0.));
#9391=DIRECTION('center_axis',(0.,0.,1.));
#9392=DIRECTION('ref_axis',(1.,0.,0.));
#9393=DIRECTION('center_axis',(0.,0.,1.));
#9394=DIRECTION('ref_axis',(1.,0.,0.));
#9395=DIRECTION('center_axis',(0.,0.,1.));
#9396=DIRECTION('ref_axis',(1.,0.,0.));
#9397=DIRECTION('center_axis',(0.,0.,1.));
#9398=DIRECTION('ref_axis',(1.,0.,0.));
#9399=DIRECTION('center_axis',(0.,0.,1.));
#9400=DIRECTION('ref_axis',(1.,0.,0.));
#9401=DIRECTION('center_axis',(0.,0.,1.));
#9402=DIRECTION('ref_axis',(1.,0.,0.));
#9403=DIRECTION('center_axis',(0.,0.,1.));
#9404=DIRECTION('ref_axis',(1.,0.,0.));
#9405=DIRECTION('center_axis',(0.,0.,1.));
#9406=DIRECTION('ref_axis',(1.,0.,0.));
#9407=DIRECTION('center_axis',(0.,0.,1.));
#9408=DIRECTION('ref_axis',(1.,0.,0.));
#9409=DIRECTION('center_axis',(0.,0.,1.));
#9410=DIRECTION('ref_axis',(1.,0.,0.));
#9411=DIRECTION('center_axis',(0.,0.,1.));
#9412=DIRECTION('ref_axis',(1.,0.,0.));
#9413=DIRECTION('center_axis',(0.,0.,1.));
#9414=DIRECTION('ref_axis',(1.,0.,0.));
#9415=DIRECTION('center_axis',(0.,0.,1.));
#9416=DIRECTION('ref_axis',(1.,0.,0.));
#9417=DIRECTION('center_axis',(0.,0.,1.));
#9418=DIRECTION('ref_axis',(1.,0.,0.));
#9419=DIRECTION('center_axis',(0.,0.,1.));
#9420=DIRECTION('ref_axis',(1.,0.,0.));
#9421=DIRECTION('center_axis',(0.,0.,1.));
#9422=DIRECTION('ref_axis',(1.,0.,0.));
#9423=DIRECTION('center_axis',(0.,0.,1.));
#9424=DIRECTION('ref_axis',(1.,0.,0.));
#9425=DIRECTION('center_axis',(0.,0.,1.));
#9426=DIRECTION('ref_axis',(1.,0.,0.));
#9427=DIRECTION('center_axis',(0.,0.,1.));
#9428=DIRECTION('ref_axis',(1.,0.,0.));
#9429=DIRECTION('center_axis',(0.,0.,1.));
#9430=DIRECTION('ref_axis',(1.,0.,0.));
#9431=DIRECTION('center_axis',(0.,0.,1.));
#9432=DIRECTION('ref_axis',(1.,0.,0.));
#9433=DIRECTION('center_axis',(0.,0.,1.));
#9434=DIRECTION('ref_axis',(1.,0.,0.));
#9435=DIRECTION('center_axis',(0.,1.,0.));
#9436=DIRECTION('ref_axis',(0.,0.,1.));
#9437=DIRECTION('',(1.,0.,0.));
#9438=DIRECTION('',(0.,0.,1.));
#9439=DIRECTION('center_axis',(0.,0.,1.));
#9440=DIRECTION('ref_axis',(1.,0.,0.));
#9441=DIRECTION('',(0.,1.,0.));
#9442=DIRECTION('center_axis',(0.,0.,1.));
#9443=DIRECTION('ref_axis',(1.,0.,0.));
#9444=DIRECTION('center_axis',(0.,0.,1.));
#9445=DIRECTION('ref_axis',(1.,0.,0.));
#9446=DIRECTION('center_axis',(0.,0.,1.));
#9447=DIRECTION('ref_axis',(1.,0.,0.));
#9448=DIRECTION('center_axis',(0.,0.,1.));
#9449=DIRECTION('ref_axis',(1.,0.,0.));
#9450=DIRECTION('center_axis',(0.,0.,1.));
#9451=DIRECTION('ref_axis',(1.,0.,0.));
#9452=DIRECTION('center_axis',(0.,0.,1.));
#9453=DIRECTION('ref_axis',(1.,0.,0.));
#9454=DIRECTION('center_axis',(0.,0.,1.));
#9455=DIRECTION('ref_axis',(1.,0.,0.));
#9456=DIRECTION('center_axis',(0.,0.,1.));
#9457=DIRECTION('ref_axis',(1.,0.,0.));
#9458=DIRECTION('center_axis',(0.,0.,1.));
#9459=DIRECTION('ref_axis',(1.,0.,0.));
#9460=DIRECTION('center_axis',(0.,0.,1.));
#9461=DIRECTION('ref_axis',(1.,0.,0.));
#9462=DIRECTION('center_axis',(0.,0.,1.));
#9463=DIRECTION('ref_axis',(1.,0.,0.));
#9464=DIRECTION('center_axis',(0.,0.,1.));
#9465=DIRECTION('ref_axis',(1.,0.,0.));
#9466=DIRECTION('center_axis',(0.,0.,1.));
#9467=DIRECTION('ref_axis',(1.,0.,0.));
#9468=DIRECTION('center_axis',(0.,0.,1.));
#9469=DIRECTION('ref_axis',(1.,0.,0.));
#9470=DIRECTION('center_axis',(0.,0.,1.));
#9471=DIRECTION('ref_axis',(1.,0.,0.));
#9472=DIRECTION('center_axis',(0.,0.,1.));
#9473=DIRECTION('ref_axis',(1.,0.,0.));
#9474=DIRECTION('center_axis',(0.,0.,1.));
#9475=DIRECTION('ref_axis',(1.,0.,0.));
#9476=DIRECTION('center_axis',(0.,0.,1.));
#9477=DIRECTION('ref_axis',(1.,0.,0.));
#9478=DIRECTION('center_axis',(0.,0.,1.));
#9479=DIRECTION('ref_axis',(1.,0.,0.));
#9480=DIRECTION('center_axis',(0.,0.,1.));
#9481=DIRECTION('ref_axis',(1.,0.,0.));
#9482=DIRECTION('center_axis',(0.,0.,1.));
#9483=DIRECTION('ref_axis',(1.,0.,0.));
#9484=DIRECTION('center_axis',(0.,0.,1.));
#9485=DIRECTION('ref_axis',(1.,0.,0.));
#9486=DIRECTION('center_axis',(0.,0.,1.));
#9487=DIRECTION('ref_axis',(1.,0.,0.));
#9488=DIRECTION('center_axis',(0.,0.,1.));
#9489=DIRECTION('ref_axis',(1.,0.,0.));
#9490=DIRECTION('center_axis',(0.,0.,1.));
#9491=DIRECTION('ref_axis',(1.,0.,0.));
#9492=DIRECTION('center_axis',(0.,0.,1.));
#9493=DIRECTION('ref_axis',(1.,0.,0.));
#9494=DIRECTION('center_axis',(0.,0.,1.));
#9495=DIRECTION('ref_axis',(1.,0.,0.));
#9496=DIRECTION('center_axis',(0.,0.,1.));
#9497=DIRECTION('ref_axis',(1.,0.,0.));
#9498=DIRECTION('center_axis',(0.,0.,1.));
#9499=DIRECTION('ref_axis',(1.,0.,0.));
#9500=DIRECTION('center_axis',(0.,0.,1.));
#9501=DIRECTION('ref_axis',(1.,0.,0.));
#9502=DIRECTION('center_axis',(0.,0.,1.));
#9503=DIRECTION('ref_axis',(1.,0.,0.));
#9504=DIRECTION('center_axis',(0.,0.,1.));
#9505=DIRECTION('ref_axis',(1.,0.,0.));
#9506=DIRECTION('center_axis',(0.,0.,1.));
#9507=DIRECTION('ref_axis',(1.,0.,0.));
#9508=DIRECTION('center_axis',(0.,0.,1.));
#9509=DIRECTION('ref_axis',(1.,0.,0.));
#9510=DIRECTION('center_axis',(0.,0.,1.));
#9511=DIRECTION('ref_axis',(1.,0.,0.));
#9512=DIRECTION('center_axis',(0.,0.,1.));
#9513=DIRECTION('ref_axis',(1.,0.,0.));
#9514=DIRECTION('',(-1.,0.,0.));
#9515=DIRECTION('center_axis',(0.,0.,1.));
#9516=DIRECTION('ref_axis',(1.,0.,0.));
#9517=DIRECTION('',(0.,1.,0.));
#9518=DIRECTION('center_axis',(0.,0.,1.));
#9519=DIRECTION('ref_axis',(1.,0.,0.));
#9520=DIRECTION('',(-1.,0.,0.));
#9521=DIRECTION('center_axis',(0.,0.,1.));
#9522=DIRECTION('ref_axis',(1.,0.,0.));
#9523=DIRECTION('',(0.,1.,0.));
#9524=DIRECTION('center_axis',(0.,0.,1.));
#9525=DIRECTION('ref_axis',(1.,0.,0.));
#9526=DIRECTION('center_axis',(0.,0.,1.));
#9527=DIRECTION('ref_axis',(1.,0.,0.));
#9528=DIRECTION('center_axis',(0.,0.,1.));
#9529=DIRECTION('ref_axis',(1.,0.,0.));
#9530=DIRECTION('center_axis',(0.,0.,1.));
#9531=DIRECTION('ref_axis',(1.,0.,0.));
#9532=DIRECTION('center_axis',(0.,0.,1.));
#9533=DIRECTION('ref_axis',(1.,0.,0.));
#9534=DIRECTION('center_axis',(0.,0.,1.));
#9535=DIRECTION('ref_axis',(1.,0.,0.));
#9536=DIRECTION('center_axis',(0.,0.,1.));
#9537=DIRECTION('ref_axis',(1.,0.,0.));
#9538=DIRECTION('center_axis',(0.,0.,1.));
#9539=DIRECTION('ref_axis',(1.,0.,0.));
#9540=DIRECTION('center_axis',(0.,0.,1.));
#9541=DIRECTION('ref_axis',(1.,0.,0.));
#9542=DIRECTION('center_axis',(0.,0.,1.));
#9543=DIRECTION('ref_axis',(1.,0.,0.));
#9544=DIRECTION('center_axis',(0.,0.,1.));
#9545=DIRECTION('ref_axis',(1.,0.,0.));
#9546=DIRECTION('center_axis',(1.,0.,0.));
#9547=DIRECTION('ref_axis',(0.,0.,1.));
#9548=DIRECTION('center_axis',(0.,0.,1.));
#9549=DIRECTION('ref_axis',(1.,0.,0.));
#9550=DIRECTION('',(0.,0.,1.));
#9551=DIRECTION('center_axis',(0.,0.,1.));
#9552=DIRECTION('ref_axis',(1.,0.,0.));
#9553=DIRECTION('',(0.,0.,1.));
#9554=DIRECTION('center_axis',(0.,0.,1.));
#9555=DIRECTION('ref_axis',(1.,0.,0.));
#9556=DIRECTION('',(0.,0.,1.));
#9557=DIRECTION('center_axis',(0.,0.,1.));
#9558=DIRECTION('ref_axis',(1.,0.,0.));
#9559=DIRECTION('',(0.,0.,1.));
#9560=DIRECTION('center_axis',(0.,0.,1.));
#9561=DIRECTION('ref_axis',(1.,0.,0.));
#9562=DIRECTION('',(0.,0.,1.));
#9563=DIRECTION('center_axis',(0.,0.,1.));
#9564=DIRECTION('ref_axis',(1.,0.,0.));
#9565=DIRECTION('',(0.,0.,1.));
#9566=DIRECTION('center_axis',(0.,0.,1.));
#9567=DIRECTION('ref_axis',(1.,0.,0.));
#9568=DIRECTION('',(0.,0.,1.));
#9569=DIRECTION('center_axis',(0.,0.,1.));
#9570=DIRECTION('ref_axis',(1.,0.,0.));
#9571=DIRECTION('',(0.,0.,1.));
#9572=DIRECTION('center_axis',(0.,0.,1.));
#9573=DIRECTION('ref_axis',(1.,0.,0.));
#9574=DIRECTION('',(0.,0.,1.));
#9575=DIRECTION('center_axis',(0.,0.,1.));
#9576=DIRECTION('ref_axis',(1.,0.,0.));
#9577=DIRECTION('',(0.,0.,1.));
#9578=DIRECTION('center_axis',(0.,0.,1.));
#9579=DIRECTION('ref_axis',(1.,0.,0.));
#9580=DIRECTION('',(0.,0.,1.));
#9581=DIRECTION('center_axis',(0.,0.,1.));
#9582=DIRECTION('ref_axis',(1.,0.,0.));
#9583=DIRECTION('',(0.,0.,1.));
#9584=DIRECTION('center_axis',(0.,0.,1.));
#9585=DIRECTION('ref_axis',(1.,0.,0.));
#9586=DIRECTION('',(0.,0.,1.));
#9587=DIRECTION('center_axis',(0.,0.,1.));
#9588=DIRECTION('ref_axis',(1.,0.,0.));
#9589=DIRECTION('',(0.,0.,1.));
#9590=DIRECTION('center_axis',(0.,0.,1.));
#9591=DIRECTION('ref_axis',(1.,0.,0.));
#9592=DIRECTION('',(0.,0.,1.));
#9593=DIRECTION('center_axis',(0.,0.,1.));
#9594=DIRECTION('ref_axis',(1.,0.,0.));
#9595=DIRECTION('',(0.,0.,1.));
#9596=DIRECTION('center_axis',(0.,0.,1.));
#9597=DIRECTION('ref_axis',(1.,0.,0.));
#9598=DIRECTION('',(0.,0.,1.));
#9599=DIRECTION('center_axis',(0.,0.,1.));
#9600=DIRECTION('ref_axis',(1.,0.,0.));
#9601=DIRECTION('',(0.,0.,1.));
#9602=DIRECTION('center_axis',(0.,0.,1.));
#9603=DIRECTION('ref_axis',(1.,0.,0.));
#9604=DIRECTION('',(0.,0.,1.));
#9605=DIRECTION('center_axis',(0.,0.,1.));
#9606=DIRECTION('ref_axis',(1.,0.,0.));
#9607=DIRECTION('',(0.,0.,1.));
#9608=DIRECTION('center_axis',(0.,0.,1.));
#9609=DIRECTION('ref_axis',(1.,0.,0.));
#9610=DIRECTION('',(0.,0.,1.));
#9611=DIRECTION('center_axis',(0.,0.,1.));
#9612=DIRECTION('ref_axis',(1.,0.,0.));
#9613=DIRECTION('',(0.,0.,1.));
#9614=DIRECTION('center_axis',(0.,0.,1.));
#9615=DIRECTION('ref_axis',(1.,0.,0.));
#9616=DIRECTION('',(0.,0.,1.));
#9617=DIRECTION('center_axis',(0.,0.,1.));
#9618=DIRECTION('ref_axis',(1.,0.,0.));
#9619=DIRECTION('',(0.,0.,1.));
#9620=DIRECTION('center_axis',(0.,0.,1.));
#9621=DIRECTION('ref_axis',(1.,0.,0.));
#9622=DIRECTION('',(0.,0.,1.));
#9623=DIRECTION('center_axis',(0.,0.,1.));
#9624=DIRECTION('ref_axis',(1.,0.,0.));
#9625=DIRECTION('',(0.,0.,1.));
#9626=DIRECTION('center_axis',(0.,0.,1.));
#9627=DIRECTION('ref_axis',(1.,0.,0.));
#9628=DIRECTION('',(0.,0.,1.));
#9629=DIRECTION('center_axis',(0.,0.,1.));
#9630=DIRECTION('ref_axis',(1.,0.,0.));
#9631=DIRECTION('',(0.,0.,1.));
#9632=DIRECTION('center_axis',(0.,0.,1.));
#9633=DIRECTION('ref_axis',(1.,0.,0.));
#9634=DIRECTION('',(0.,0.,1.));
#9635=DIRECTION('center_axis',(0.,0.,1.));
#9636=DIRECTION('ref_axis',(1.,0.,0.));
#9637=DIRECTION('',(0.,0.,1.));
#9638=DIRECTION('center_axis',(0.,0.,1.));
#9639=DIRECTION('ref_axis',(1.,0.,0.));
#9640=DIRECTION('',(0.,0.,1.));
#9641=DIRECTION('center_axis',(0.,0.,1.));
#9642=DIRECTION('ref_axis',(1.,0.,0.));
#9643=DIRECTION('',(0.,0.,1.));
#9644=DIRECTION('center_axis',(0.,0.,1.));
#9645=DIRECTION('ref_axis',(1.,0.,0.));
#9646=DIRECTION('',(0.,0.,1.));
#9647=DIRECTION('center_axis',(0.,0.,1.));
#9648=DIRECTION('ref_axis',(1.,0.,0.));
#9649=DIRECTION('',(0.,0.,1.));
#9650=DIRECTION('center_axis',(0.,0.,1.));
#9651=DIRECTION('ref_axis',(1.,0.,0.));
#9652=DIRECTION('',(0.,0.,1.));
#9653=DIRECTION('center_axis',(0.,0.,1.));
#9654=DIRECTION('ref_axis',(1.,0.,0.));
#9655=DIRECTION('',(0.,0.,1.));
#9656=DIRECTION('center_axis',(0.,0.,1.));
#9657=DIRECTION('ref_axis',(1.,0.,0.));
#9658=DIRECTION('',(0.,0.,1.));
#9659=DIRECTION('center_axis',(0.,0.,1.));
#9660=DIRECTION('ref_axis',(1.,0.,0.));
#9661=DIRECTION('',(0.,0.,1.));
#9662=DIRECTION('center_axis',(0.,0.,1.));
#9663=DIRECTION('ref_axis',(1.,0.,0.));
#9664=DIRECTION('',(0.,0.,1.));
#9665=DIRECTION('center_axis',(0.,0.,1.));
#9666=DIRECTION('ref_axis',(1.,0.,0.));
#9667=DIRECTION('',(0.,0.,1.));
#9668=DIRECTION('center_axis',(0.,0.,1.));
#9669=DIRECTION('ref_axis',(1.,0.,0.));
#9670=DIRECTION('',(0.,0.,1.));
#9671=DIRECTION('center_axis',(0.,0.,1.));
#9672=DIRECTION('ref_axis',(1.,0.,0.));
#9673=DIRECTION('',(0.,0.,1.));
#9674=DIRECTION('center_axis',(0.,0.,1.));
#9675=DIRECTION('ref_axis',(1.,0.,0.));
#9676=DIRECTION('',(0.,0.,1.));
#9677=DIRECTION('center_axis',(0.,0.,1.));
#9678=DIRECTION('ref_axis',(1.,0.,0.));
#9679=DIRECTION('',(0.,0.,1.));
#9680=DIRECTION('center_axis',(0.,0.,1.));
#9681=DIRECTION('ref_axis',(1.,0.,0.));
#9682=DIRECTION('',(0.,0.,1.));
#9683=DIRECTION('center_axis',(0.,0.,1.));
#9684=DIRECTION('ref_axis',(1.,0.,0.));
#9685=DIRECTION('',(0.,0.,1.));
#9686=DIRECTION('center_axis',(0.,0.,1.));
#9687=DIRECTION('ref_axis',(1.,0.,0.));
#9688=DIRECTION('center_axis',(0.,0.,1.));
#9689=DIRECTION('ref_axis',(1.,0.,0.));
#9690=DIRECTION('',(0.,0.,1.));
#9691=DIRECTION('',(0.,0.,1.));
#9692=DIRECTION('center_axis',(0.,1.,0.));
#9693=DIRECTION('ref_axis',(0.,0.,1.));
#9694=DIRECTION('',(1.,0.,0.));
#9695=DIRECTION('',(0.,0.,1.));
#9696=DIRECTION('center_axis',(0.,0.,1.));
#9697=DIRECTION('ref_axis',(1.,0.,0.));
#9698=DIRECTION('center_axis',(0.,0.,1.));
#9699=DIRECTION('ref_axis',(1.,0.,0.));
#9700=DIRECTION('',(0.,0.,1.));
#9701=DIRECTION('center_axis',(1.,0.,0.));
#9702=DIRECTION('ref_axis',(0.,0.,1.));
#9703=DIRECTION('',(0.,0.,1.));
#9704=DIRECTION('',(0.,1.,0.));
#9705=DIRECTION('center_axis',(0.,0.,1.));
#9706=DIRECTION('ref_axis',(1.,0.,0.));
#9707=DIRECTION('center_axis',(0.,0.,1.));
#9708=DIRECTION('ref_axis',(1.,0.,0.));
#9709=DIRECTION('',(0.,0.,1.));
#9710=DIRECTION('center_axis',(0.,1.,0.));
#9711=DIRECTION('ref_axis',(0.,0.,1.));
#9712=DIRECTION('',(0.,0.,1.));
#9713=DIRECTION('',(1.,0.,0.));
#9714=DIRECTION('center_axis',(0.,0.,1.));
#9715=DIRECTION('ref_axis',(1.,0.,0.));
#9716=DIRECTION('center_axis',(0.,0.,1.));
#9717=DIRECTION('ref_axis',(1.,0.,0.));
#9718=DIRECTION('',(0.,0.,1.));
#9719=DIRECTION('center_axis',(1.,0.,0.));
#9720=DIRECTION('ref_axis',(0.,0.,1.));
#9721=DIRECTION('',(0.,1.,0.));
#9722=DIRECTION('center_axis',(0.,0.,1.));
#9723=DIRECTION('ref_axis',(1.,0.,0.));
#9724=DIRECTION('',(1.,0.,0.));
#9725=DIRECTION('',(0.,1.,0.));
#9726=DIRECTION('center_axis',(0.,0.,1.));
#9727=DIRECTION('ref_axis',(1.,0.,0.));
#9728=DIRECTION('center_axis',(0.,0.,1.));
#9729=DIRECTION('ref_axis',(1.,0.,0.));
#9730=DIRECTION('',(1.,0.,0.));
#9731=DIRECTION('center_axis',(0.,0.,1.));
#9732=DIRECTION('ref_axis',(1.,0.,0.));
#9733=DIRECTION('center_axis',(0.,0.,1.));
#9734=DIRECTION('ref_axis',(1.,0.,0.));
#9735=DIRECTION('',(0.,1.,0.));
#9736=DIRECTION('',(1.,0.,0.));
#9737=DIRECTION('center_axis',(0.,0.,1.));
#9738=DIRECTION('ref_axis',(1.,0.,0.));
#9739=DIRECTION('center_axis',(0.,0.,1.));
#9740=DIRECTION('ref_axis',(1.,0.,0.));
#9741=DIRECTION('',(0.,1.,0.));
#9742=DIRECTION('center_axis',(0.,0.,1.));
#9743=DIRECTION('ref_axis',(1.,0.,0.));
#9744=DIRECTION('center_axis',(0.,0.,1.));
#9745=DIRECTION('ref_axis',(1.,0.,0.));
#9746=DIRECTION('',(1.,0.,0.));
#9747=DIRECTION('',(0.,1.,0.));
#9748=DIRECTION('center_axis',(0.,0.,1.));
#9749=DIRECTION('ref_axis',(1.,0.,0.));
#9750=DIRECTION('center_axis',(0.,0.,1.));
#9751=DIRECTION('ref_axis',(1.,0.,0.));
#9752=DIRECTION('',(1.,0.,0.));
#9753=DIRECTION('center_axis',(0.,0.,1.));
#9754=DIRECTION('ref_axis',(1.,0.,0.));
#9755=DIRECTION('center_axis',(0.,0.,1.));
#9756=DIRECTION('ref_axis',(1.,0.,0.));
#9757=DIRECTION('',(0.,1.,0.));
#9758=DIRECTION('',(1.,0.,0.));
#9759=DIRECTION('center_axis',(0.,0.,1.));
#9760=DIRECTION('ref_axis',(1.,0.,0.));
#9761=DIRECTION('center_axis',(0.,0.,1.));
#9762=DIRECTION('ref_axis',(1.,0.,0.));
#9763=DIRECTION('',(0.,1.,0.));
#9764=DIRECTION('center_axis',(0.,0.,1.));
#9765=DIRECTION('ref_axis',(1.,0.,0.));
#9766=DIRECTION('center_axis',(0.,0.,1.));
#9767=DIRECTION('ref_axis',(1.,0.,0.));
#9768=DIRECTION('',(0.,1.,0.));
#9769=DIRECTION('center_axis',(0.,0.,1.));
#9770=DIRECTION('ref_axis',(1.,0.,0.));
#9771=DIRECTION('',(1.,0.,0.));
#9772=DIRECTION('center_axis',(0.,0.,1.));
#9773=DIRECTION('ref_axis',(1.,0.,0.));
#9774=DIRECTION('center_axis',(0.,0.,1.));
#9775=DIRECTION('ref_axis',(1.,0.,0.));
#9776=DIRECTION('center_axis',(0.,0.,1.));
#9777=DIRECTION('ref_axis',(1.,0.,0.));
#9778=DIRECTION('center_axis',(0.,0.,1.));
#9779=DIRECTION('ref_axis',(1.,0.,0.));
#9780=DIRECTION('center_axis',(0.,0.,1.));
#9781=DIRECTION('ref_axis',(1.,0.,0.));
#9782=DIRECTION('center_axis',(0.,0.,1.));
#9783=DIRECTION('ref_axis',(1.,0.,0.));
#9784=DIRECTION('',(1.,0.,0.));
#9785=DIRECTION('center_axis',(0.,0.,1.));
#9786=DIRECTION('ref_axis',(1.,0.,0.));
#9787=DIRECTION('',(0.,1.,0.));
#9788=DIRECTION('center_axis',(0.,0.,1.));
#9789=DIRECTION('ref_axis',(1.,0.,0.));
#9790=DIRECTION('',(0.,1.,0.));
#9791=DIRECTION('center_axis',(0.,0.,1.));
#9792=DIRECTION('ref_axis',(1.,0.,0.));
#9793=DIRECTION('',(1.,0.,0.));
#9794=DIRECTION('center_axis',(0.,0.,1.));
#9795=DIRECTION('ref_axis',(1.,0.,0.));
#9796=DIRECTION('',(1.,0.,0.));
#9797=DIRECTION('center_axis',(0.,0.,1.));
#9798=DIRECTION('ref_axis',(1.,0.,0.));
#9799=DIRECTION('',(0.,1.,0.));
#9800=DIRECTION('center_axis',(0.,0.,1.));
#9801=DIRECTION('ref_axis',(1.,0.,0.));
#9802=DIRECTION('center_axis',(0.,0.,1.));
#9803=DIRECTION('ref_axis',(1.,0.,0.));
#9804=DIRECTION('center_axis',(0.,0.,1.));
#9805=DIRECTION('ref_axis',(1.,0.,0.));
#9806=DIRECTION('center_axis',(0.,0.,1.));
#9807=DIRECTION('ref_axis',(1.,0.,0.));
#9808=DIRECTION('axis',(0.,0.,1.));
#9809=DIRECTION('refdir',(1.,0.,0.));
#9810=DIRECTION('center_axis',(-1.,1.224646799147E-16,0.));
#9811=DIRECTION('ref_axis',(0.,0.,1.));
#9812=DIRECTION('',(0.,0.,1.));
#9813=DIRECTION('',(-1.224646799147E-16,-1.,0.));
#9814=DIRECTION('',(0.,0.,1.));
#9815=DIRECTION('',(-1.224646799147E-16,-1.,0.));
#9816=DIRECTION('center_axis',(-1.,1.224646799147E-16,0.));
#9817=DIRECTION('ref_axis',(0.,0.,1.));
#9818=DIRECTION('',(0.,0.,1.));
#9819=DIRECTION('',(-1.224646799147E-16,-1.,0.));
#9820=DIRECTION('',(0.,0.,1.));
#9821=DIRECTION('',(-1.224646799147E-16,-1.,0.));
#9822=DIRECTION('center_axis',(-1.224646799147E-16,-1.,0.));
#9823=DIRECTION('ref_axis',(0.,0.,1.));
#9824=DIRECTION('',(-1.,1.224646799147E-16,0.));
#9825=DIRECTION('',(-1.,1.224646799147E-16,0.));
#9826=DIRECTION('center_axis',(-1.224646799147E-16,-1.,0.));
#9827=DIRECTION('ref_axis',(0.,0.,1.));
#9828=DIRECTION('',(-1.,1.224646799147E-16,0.));
#9829=DIRECTION('',(-1.,1.224646799147E-16,0.));
#9830=DIRECTION('center_axis',(0.,0.,1.));
#9831=DIRECTION('ref_axis',(-1.,1.224646799147E-16,0.));
#9832=DIRECTION('center_axis',(0.,0.,1.));
#9833=DIRECTION('ref_axis',(-1.,1.224646799147E-16,0.));
#9834=DIRECTION('axis',(0.,0.,1.));
#9835=DIRECTION('refdir',(1.,0.,0.));
#9836=DIRECTION('center_axis',(-1.,1.224646799147E-16,0.));
#9837=DIRECTION('ref_axis',(0.,0.,1.));
#9838=DIRECTION('',(0.,0.,1.));
#9839=DIRECTION('',(-1.224646799147E-16,-1.,0.));
#9840=DIRECTION('',(0.,0.,1.));
#9841=DIRECTION('',(-1.224646799147E-16,-1.,0.));
#9842=DIRECTION('center_axis',(-1.,1.224646799147E-16,0.));
#9843=DIRECTION('ref_axis',(0.,0.,1.));
#9844=DIRECTION('',(0.,0.,1.));
#9845=DIRECTION('',(-1.224646799147E-16,-1.,0.));
#9846=DIRECTION('',(0.,0.,1.));
#9847=DIRECTION('',(-1.224646799147E-16,-1.,0.));
#9848=DIRECTION('center_axis',(-1.224646799147E-16,-1.,0.));
#9849=DIRECTION('ref_axis',(0.,0.,1.));
#9850=DIRECTION('',(-1.,1.224646799147E-16,0.));
#9851=DIRECTION('',(-1.,1.224646799147E-16,0.));
#9852=DIRECTION('center_axis',(-1.224646799147E-16,-1.,0.));
#9853=DIRECTION('ref_axis',(0.,0.,1.));
#9854=DIRECTION('',(-1.,1.224646799147E-16,0.));
#9855=DIRECTION('',(-1.,1.224646799147E-16,0.));
#9856=DIRECTION('center_axis',(0.,0.,1.));
#9857=DIRECTION('ref_axis',(-1.,1.224646799147E-16,0.));
#9858=DIRECTION('center_axis',(0.,0.,1.));
#9859=DIRECTION('ref_axis',(-1.,1.224646799147E-16,0.));
#9860=DIRECTION('axis',(0.,0.,1.));
#9861=DIRECTION('refdir',(1.,0.,0.));
#9862=DIRECTION('center_axis',(-1.,1.224646799147E-16,0.));
#9863=DIRECTION('ref_axis',(0.,0.,1.));
#9864=DIRECTION('',(0.,0.,1.));
#9865=DIRECTION('',(-1.224646799147E-16,-1.,0.));
#9866=DIRECTION('',(0.,0.,1.));
#9867=DIRECTION('',(-1.224646799147E-16,-1.,0.));
#9868=DIRECTION('center_axis',(-1.,1.224646799147E-16,0.));
#9869=DIRECTION('ref_axis',(0.,0.,1.));
#9870=DIRECTION('',(0.,0.,1.));
#9871=DIRECTION('',(-1.224646799147E-16,-1.,0.));
#9872=DIRECTION('',(0.,0.,1.));
#9873=DIRECTION('',(-1.224646799147E-16,-1.,0.));
#9874=DIRECTION('center_axis',(-1.224646799147E-16,-1.,0.));
#9875=DIRECTION('ref_axis',(0.,0.,1.));
#9876=DIRECTION('',(-1.,1.224646799147E-16,0.));
#9877=DIRECTION('',(-1.,1.224646799147E-16,0.));
#9878=DIRECTION('center_axis',(-1.224646799147E-16,-1.,0.));
#9879=DIRECTION('ref_axis',(0.,0.,1.));
#9880=DIRECTION('',(-1.,1.224646799147E-16,0.));
#9881=DIRECTION('',(-1.,1.224646799147E-16,0.));
#9882=DIRECTION('center_axis',(0.,0.,1.));
#9883=DIRECTION('ref_axis',(-1.,1.224646799147E-16,0.));
#9884=DIRECTION('center_axis',(0.,0.,1.));
#9885=DIRECTION('ref_axis',(-1.,1.224646799147E-16,0.));
#9886=DIRECTION('axis',(0.,0.,1.));
#9887=DIRECTION('refdir',(1.,0.,0.));
#9888=DIRECTION('center_axis',(1.,0.,0.));
#9889=DIRECTION('ref_axis',(0.,0.,1.));
#9890=DIRECTION('',(0.,0.,1.));
#9891=DIRECTION('',(0.,1.,0.));
#9892=DIRECTION('',(0.,0.,1.));
#9893=DIRECTION('',(0.,1.,0.));
#9894=DIRECTION('center_axis',(1.,0.,0.));
#9895=DIRECTION('ref_axis',(0.,0.,1.));
#9896=DIRECTION('',(0.,0.,1.));
#9897=DIRECTION('',(0.,1.,0.));
#9898=DIRECTION('',(0.,0.,1.));
#9899=DIRECTION('',(0.,1.,0.));
#9900=DIRECTION('center_axis',(0.,1.,0.));
#9901=DIRECTION('ref_axis',(0.,0.,1.));
#9902=DIRECTION('',(1.,0.,0.));
#9903=DIRECTION('',(1.,0.,0.));
#9904=DIRECTION('center_axis',(0.,1.,0.));
#9905=DIRECTION('ref_axis',(0.,0.,1.));
#9906=DIRECTION('',(1.,0.,0.));
#9907=DIRECTION('',(1.,0.,0.));
#9908=DIRECTION('center_axis',(0.,0.,1.));
#9909=DIRECTION('ref_axis',(1.,0.,0.));
#9910=DIRECTION('center_axis',(0.,0.,1.));
#9911=DIRECTION('ref_axis',(1.,0.,0.));
#9912=DIRECTION('axis',(0.,0.,1.));
#9913=DIRECTION('refdir',(1.,0.,0.));
#9914=DIRECTION('center_axis',(1.,0.,0.));
#9915=DIRECTION('ref_axis',(0.,0.,1.));
#9916=DIRECTION('',(0.,0.,1.));
#9917=DIRECTION('',(0.,1.,0.));
#9918=DIRECTION('',(0.,0.,1.));
#9919=DIRECTION('',(0.,1.,0.));
#9920=DIRECTION('center_axis',(1.,0.,0.));
#9921=DIRECTION('ref_axis',(0.,0.,1.));
#9922=DIRECTION('',(0.,0.,1.));
#9923=DIRECTION('',(0.,1.,0.));
#9924=DIRECTION('',(0.,0.,1.));
#9925=DIRECTION('',(0.,1.,0.));
#9926=DIRECTION('center_axis',(0.,1.,0.));
#9927=DIRECTION('ref_axis',(0.,0.,1.));
#9928=DIRECTION('',(1.,0.,0.));
#9929=DIRECTION('',(1.,0.,0.));
#9930=DIRECTION('center_axis',(0.,1.,0.));
#9931=DIRECTION('ref_axis',(0.,0.,1.));
#9932=DIRECTION('',(1.,0.,0.));
#9933=DIRECTION('',(1.,0.,0.));
#9934=DIRECTION('center_axis',(0.,0.,1.));
#9935=DIRECTION('ref_axis',(1.,0.,0.));
#9936=DIRECTION('center_axis',(0.,0.,1.));
#9937=DIRECTION('ref_axis',(1.,0.,0.));
#9938=DIRECTION('axis',(0.,0.,1.));
#9939=DIRECTION('refdir',(1.,0.,0.));
#9940=DIRECTION('center_axis',(1.,0.,0.));
#9941=DIRECTION('ref_axis',(0.,0.,1.));
#9942=DIRECTION('',(0.,0.,1.));
#9943=DIRECTION('',(0.,1.,0.));
#9944=DIRECTION('',(0.,0.,1.));
#9945=DIRECTION('',(0.,1.,0.));
#9946=DIRECTION('center_axis',(1.,0.,0.));
#9947=DIRECTION('ref_axis',(0.,0.,1.));
#9948=DIRECTION('',(0.,0.,1.));
#9949=DIRECTION('',(0.,1.,0.));
#9950=DIRECTION('',(0.,0.,1.));
#9951=DIRECTION('',(0.,1.,0.));
#9952=DIRECTION('center_axis',(0.,1.,0.));
#9953=DIRECTION('ref_axis',(0.,0.,1.));
#9954=DIRECTION('',(1.,0.,0.));
#9955=DIRECTION('',(1.,0.,0.));
#9956=DIRECTION('center_axis',(0.,1.,0.));
#9957=DIRECTION('ref_axis',(0.,0.,1.));
#9958=DIRECTION('',(1.,0.,0.));
#9959=DIRECTION('',(1.,0.,0.));
#9960=DIRECTION('center_axis',(0.,0.,1.));
#9961=DIRECTION('ref_axis',(1.,0.,0.));
#9962=DIRECTION('center_axis',(0.,0.,1.));
#9963=DIRECTION('ref_axis',(1.,0.,0.));
#9964=DIRECTION('axis',(0.,0.,1.));
#9965=DIRECTION('refdir',(1.,0.,0.));
#9966=DIRECTION('center_axis',(1.110223024625E-16,1.,0.));
#9967=DIRECTION('ref_axis',(0.,0.,1.));
#9968=DIRECTION('',(0.,0.,1.));
#9969=DIRECTION('',(-1.,1.110223024625E-16,0.));
#9970=DIRECTION('',(0.,0.,1.));
#9971=DIRECTION('',(-1.,1.110223024625E-16,0.));
#9972=DIRECTION('center_axis',(1.110223024625E-16,1.,0.));
#9973=DIRECTION('ref_axis',(0.,0.,1.));
#9974=DIRECTION('',(0.,0.,1.));
#9975=DIRECTION('',(-1.,1.110223024625E-16,0.));
#9976=DIRECTION('',(0.,0.,1.));
#9977=DIRECTION('',(-1.,1.110223024625E-16,0.));
#9978=DIRECTION('center_axis',(-1.,1.110223024625E-16,0.));
#9979=DIRECTION('ref_axis',(0.,0.,1.));
#9980=DIRECTION('',(1.110223024625E-16,1.,0.));
#9981=DIRECTION('',(1.110223024625E-16,1.,0.));
#9982=DIRECTION('center_axis',(-1.,1.110223024625E-16,0.));
#9983=DIRECTION('ref_axis',(0.,0.,1.));
#9984=DIRECTION('',(1.110223024625E-16,1.,0.));
#9985=DIRECTION('',(1.110223024625E-16,1.,0.));
#9986=DIRECTION('center_axis',(0.,0.,1.));
#9987=DIRECTION('ref_axis',(1.110223024625E-16,1.,0.));
#9988=DIRECTION('center_axis',(0.,0.,1.));
#9989=DIRECTION('ref_axis',(1.110223024625E-16,1.,0.));
#9990=DIRECTION('axis',(0.,0.,1.));
#9991=DIRECTION('refdir',(1.,0.,0.));
#9992=DIRECTION('center_axis',(0.,0.,1.));
#9993=DIRECTION('ref_axis',(1.,0.,0.));
#9994=DIRECTION('center_axis',(0.,0.,1.));
#9995=DIRECTION('ref_axis',(1.,0.,0.));
#9996=DIRECTION('',(0.,0.,-1.));
#9997=DIRECTION('center_axis',(0.,0.,1.));
#9998=DIRECTION('ref_axis',(1.,0.,0.));
#9999=DIRECTION('center_axis',(0.,0.,1.));
#10000=DIRECTION('ref_axis',(1.,0.,0.));
#10001=DIRECTION('center_axis',(0.,0.,1.));
#10002=DIRECTION('ref_axis',(1.,0.,0.));
#10003=DIRECTION('center_axis',(0.,0.,1.));
#10004=DIRECTION('ref_axis',(1.,0.,0.));
#10005=DIRECTION('center_axis',(0.,0.,1.));
#10006=DIRECTION('ref_axis',(1.,0.,0.));
#10007=DIRECTION('center_axis',(0.,0.,1.));
#10008=DIRECTION('ref_axis',(1.,0.,0.));
#10009=DIRECTION('',(0.,0.,1.));
#10010=DIRECTION('center_axis',(0.,0.,1.));
#10011=DIRECTION('ref_axis',(1.,0.,0.));
#10012=DIRECTION('center_axis',(0.,0.,1.));
#10013=DIRECTION('ref_axis',(1.,0.,0.));
#10014=DIRECTION('center_axis',(0.,0.,1.));
#10015=DIRECTION('ref_axis',(1.,0.,0.));
#10016=DIRECTION('',(0.,0.,-1.));
#10017=DIRECTION('center_axis',(0.,0.,1.));
#10018=DIRECTION('ref_axis',(1.,0.,0.));
#10019=DIRECTION('center_axis',(0.,0.,1.));
#10020=DIRECTION('ref_axis',(1.,0.,0.));
#10021=DIRECTION('center_axis',(0.,0.,1.));
#10022=DIRECTION('ref_axis',(1.,0.,0.));
#10023=DIRECTION('center_axis',(0.,0.,1.));
#10024=DIRECTION('ref_axis',(1.,0.,0.));
#10025=DIRECTION('center_axis',(0.,0.,1.));
#10026=DIRECTION('ref_axis',(1.,0.,0.));
#10027=DIRECTION('',(0.,0.,-1.));
#10028=DIRECTION('center_axis',(0.,0.,1.));
#10029=DIRECTION('ref_axis',(1.,0.,0.));
#10030=DIRECTION('center_axis',(0.,0.,1.));
#10031=DIRECTION('ref_axis',(1.,0.,0.));
#10032=DIRECTION('center_axis',(0.,0.,1.));
#10033=DIRECTION('ref_axis',(1.,0.,0.));
#10034=DIRECTION('center_axis',(0.,0.,1.));
#10035=DIRECTION('ref_axis',(1.,0.,0.));
#10036=DIRECTION('center_axis',(0.,0.,1.));
#10037=DIRECTION('ref_axis',(1.,0.,0.));
#10038=DIRECTION('',(0.,0.,-1.));
#10039=DIRECTION('center_axis',(0.,0.,1.));
#10040=DIRECTION('ref_axis',(1.,0.,0.));
#10041=DIRECTION('center_axis',(0.,0.,1.));
#10042=DIRECTION('ref_axis',(1.,0.,0.));
#10043=DIRECTION('center_axis',(0.,0.,1.));
#10044=DIRECTION('ref_axis',(1.,0.,0.));
#10045=DIRECTION('center_axis',(0.,0.,1.));
#10046=DIRECTION('ref_axis',(1.,0.,0.));
#10047=DIRECTION('center_axis',(0.,0.,1.));
#10048=DIRECTION('ref_axis',(1.,0.,0.));
#10049=DIRECTION('',(0.,0.,-1.));
#10050=DIRECTION('center_axis',(0.,0.,1.));
#10051=DIRECTION('ref_axis',(1.,0.,0.));
#10052=DIRECTION('center_axis',(0.,0.,1.));
#10053=DIRECTION('ref_axis',(1.,0.,0.));
#10054=DIRECTION('center_axis',(0.,0.,1.));
#10055=DIRECTION('ref_axis',(1.,0.,0.));
#10056=DIRECTION('center_axis',(0.,0.,1.));
#10057=DIRECTION('ref_axis',(1.,0.,0.));
#10058=DIRECTION('center_axis',(0.,0.,1.));
#10059=DIRECTION('ref_axis',(1.,0.,0.));
#10060=DIRECTION('',(0.,0.,-1.));
#10061=DIRECTION('center_axis',(0.,0.,1.));
#10062=DIRECTION('ref_axis',(1.,0.,0.));
#10063=DIRECTION('center_axis',(0.,0.,1.));
#10064=DIRECTION('ref_axis',(1.,0.,0.));
#10065=DIRECTION('center_axis',(0.,0.,1.));
#10066=DIRECTION('ref_axis',(1.,0.,0.));
#10067=DIRECTION('center_axis',(0.,0.,1.));
#10068=DIRECTION('ref_axis',(1.,0.,0.));
#10069=DIRECTION('center_axis',(0.,0.,1.));
#10070=DIRECTION('ref_axis',(1.,0.,0.));
#10071=DIRECTION('',(0.,0.,-1.));
#10072=DIRECTION('center_axis',(0.,0.,1.));
#10073=DIRECTION('ref_axis',(1.,0.,0.));
#10074=DIRECTION('center_axis',(0.,0.,1.));
#10075=DIRECTION('ref_axis',(1.,0.,0.));
#10076=DIRECTION('center_axis',(0.,0.,1.));
#10077=DIRECTION('ref_axis',(1.,0.,0.));
#10078=DIRECTION('center_axis',(0.,0.,1.));
#10079=DIRECTION('ref_axis',(1.,0.,0.));
#10080=DIRECTION('center_axis',(0.,0.,1.));
#10081=DIRECTION('ref_axis',(1.,0.,0.));
#10082=DIRECTION('',(0.,0.,-1.));
#10083=DIRECTION('center_axis',(0.,0.,1.));
#10084=DIRECTION('ref_axis',(1.,0.,0.));
#10085=DIRECTION('center_axis',(0.,0.,1.));
#10086=DIRECTION('ref_axis',(1.,0.,0.));
#10087=DIRECTION('center_axis',(0.,0.,1.));
#10088=DIRECTION('ref_axis',(1.,0.,0.));
#10089=DIRECTION('center_axis',(0.,0.,1.));
#10090=DIRECTION('ref_axis',(1.,0.,0.));
#10091=DIRECTION('center_axis',(0.,0.,1.));
#10092=DIRECTION('ref_axis',(1.,0.,0.));
#10093=DIRECTION('',(0.,0.,-1.));
#10094=DIRECTION('center_axis',(0.,0.,1.));
#10095=DIRECTION('ref_axis',(1.,0.,0.));
#10096=DIRECTION('center_axis',(0.,0.,1.));
#10097=DIRECTION('ref_axis',(1.,0.,0.));
#10098=DIRECTION('center_axis',(0.,0.,1.));
#10099=DIRECTION('ref_axis',(1.,0.,0.));
#10100=DIRECTION('center_axis',(0.,0.,1.));
#10101=DIRECTION('ref_axis',(1.,0.,0.));
#10102=DIRECTION('center_axis',(0.,0.,1.));
#10103=DIRECTION('ref_axis',(1.,0.,0.));
#10104=DIRECTION('',(0.,0.,-1.));
#10105=DIRECTION('center_axis',(0.,0.,1.));
#10106=DIRECTION('ref_axis',(1.,0.,0.));
#10107=DIRECTION('center_axis',(0.,0.,1.));
#10108=DIRECTION('ref_axis',(1.,0.,0.));
#10109=DIRECTION('center_axis',(0.,0.,1.));
#10110=DIRECTION('ref_axis',(1.,0.,0.));
#10111=DIRECTION('axis',(0.,0.,1.));
#10112=DIRECTION('refdir',(1.,0.,0.));
#10113=DIRECTION('center_axis',(1.110223024625E-16,1.,0.));
#10114=DIRECTION('ref_axis',(0.,0.,1.));
#10115=DIRECTION('',(0.,0.,1.));
#10116=DIRECTION('',(-1.,1.110223024625E-16,0.));
#10117=DIRECTION('',(0.,0.,1.));
#10118=DIRECTION('',(-1.,1.110223024625E-16,0.));
#10119=DIRECTION('center_axis',(1.110223024625E-16,1.,0.));
#10120=DIRECTION('ref_axis',(0.,0.,1.));
#10121=DIRECTION('',(0.,0.,1.));
#10122=DIRECTION('',(-1.,1.110223024625E-16,0.));
#10123=DIRECTION('',(0.,0.,1.));
#10124=DIRECTION('',(-1.,1.110223024625E-16,0.));
#10125=DIRECTION('center_axis',(-1.,1.110223024625E-16,0.));
#10126=DIRECTION('ref_axis',(0.,0.,1.));
#10127=DIRECTION('',(1.110223024625E-16,1.,0.));
#10128=DIRECTION('',(1.110223024625E-16,1.,0.));
#10129=DIRECTION('center_axis',(-1.,1.110223024625E-16,0.));
#10130=DIRECTION('ref_axis',(0.,0.,1.));
#10131=DIRECTION('',(1.110223024625E-16,1.,0.));
#10132=DIRECTION('',(1.110223024625E-16,1.,0.));
#10133=DIRECTION('center_axis',(0.,0.,1.));
#10134=DIRECTION('ref_axis',(1.110223024625E-16,1.,0.));
#10135=DIRECTION('center_axis',(0.,0.,1.));
#10136=DIRECTION('ref_axis',(1.110223024625E-16,1.,0.));
#10137=DIRECTION('axis',(0.,0.,1.));
#10138=DIRECTION('refdir',(1.,0.,0.));
#10139=DIRECTION('center_axis',(0.,0.,1.));
#10140=DIRECTION('ref_axis',(1.,0.,0.));
#10141=DIRECTION('center_axis',(0.,0.,1.));
#10142=DIRECTION('ref_axis',(1.,0.,0.));
#10143=DIRECTION('',(0.,0.,-1.));
#10144=DIRECTION('center_axis',(0.,0.,1.));
#10145=DIRECTION('ref_axis',(1.,0.,0.));
#10146=DIRECTION('center_axis',(0.,0.,1.));
#10147=DIRECTION('ref_axis',(1.,0.,0.));
#10148=DIRECTION('center_axis',(0.,0.,1.));
#10149=DIRECTION('ref_axis',(1.,0.,0.));
#10150=DIRECTION('center_axis',(0.,0.,1.));
#10151=DIRECTION('ref_axis',(1.,0.,0.));
#10152=DIRECTION('center_axis',(0.,0.,1.));
#10153=DIRECTION('ref_axis',(1.,0.,0.));
#10154=DIRECTION('center_axis',(0.,0.,1.));
#10155=DIRECTION('ref_axis',(1.,0.,0.));
#10156=DIRECTION('',(0.,0.,1.));
#10157=DIRECTION('center_axis',(0.,0.,1.));
#10158=DIRECTION('ref_axis',(1.,0.,0.));
#10159=DIRECTION('center_axis',(0.,0.,1.));
#10160=DIRECTION('ref_axis',(1.,0.,0.));
#10161=DIRECTION('center_axis',(0.,0.,1.));
#10162=DIRECTION('ref_axis',(1.,0.,0.));
#10163=DIRECTION('',(0.,0.,-1.));
#10164=DIRECTION('center_axis',(0.,0.,1.));
#10165=DIRECTION('ref_axis',(1.,0.,0.));
#10166=DIRECTION('center_axis',(0.,0.,1.));
#10167=DIRECTION('ref_axis',(1.,0.,0.));
#10168=DIRECTION('center_axis',(0.,0.,1.));
#10169=DIRECTION('ref_axis',(1.,0.,0.));
#10170=DIRECTION('center_axis',(0.,0.,1.));
#10171=DIRECTION('ref_axis',(1.,0.,0.));
#10172=DIRECTION('center_axis',(0.,0.,1.));
#10173=DIRECTION('ref_axis',(1.,0.,0.));
#10174=DIRECTION('',(0.,0.,-1.));
#10175=DIRECTION('center_axis',(0.,0.,1.));
#10176=DIRECTION('ref_axis',(1.,0.,0.));
#10177=DIRECTION('center_axis',(0.,0.,1.));
#10178=DIRECTION('ref_axis',(1.,0.,0.));
#10179=DIRECTION('center_axis',(0.,0.,1.));
#10180=DIRECTION('ref_axis',(1.,0.,0.));
#10181=DIRECTION('center_axis',(0.,0.,1.));
#10182=DIRECTION('ref_axis',(1.,0.,0.));
#10183=DIRECTION('center_axis',(0.,0.,1.));
#10184=DIRECTION('ref_axis',(1.,0.,0.));
#10185=DIRECTION('',(0.,0.,-1.));
#10186=DIRECTION('center_axis',(0.,0.,1.));
#10187=DIRECTION('ref_axis',(1.,0.,0.));
#10188=DIRECTION('center_axis',(0.,0.,1.));
#10189=DIRECTION('ref_axis',(1.,0.,0.));
#10190=DIRECTION('center_axis',(0.,0.,1.));
#10191=DIRECTION('ref_axis',(1.,0.,0.));
#10192=DIRECTION('center_axis',(0.,0.,1.));
#10193=DIRECTION('ref_axis',(1.,0.,0.));
#10194=DIRECTION('center_axis',(0.,0.,1.));
#10195=DIRECTION('ref_axis',(1.,0.,0.));
#10196=DIRECTION('',(0.,0.,-1.));
#10197=DIRECTION('center_axis',(0.,0.,1.));
#10198=DIRECTION('ref_axis',(1.,0.,0.));
#10199=DIRECTION('center_axis',(0.,0.,1.));
#10200=DIRECTION('ref_axis',(1.,0.,0.));
#10201=DIRECTION('center_axis',(0.,0.,1.));
#10202=DIRECTION('ref_axis',(1.,0.,0.));
#10203=DIRECTION('center_axis',(0.,0.,1.));
#10204=DIRECTION('ref_axis',(1.,0.,0.));
#10205=DIRECTION('center_axis',(0.,0.,1.));
#10206=DIRECTION('ref_axis',(1.,0.,0.));
#10207=DIRECTION('',(0.,0.,-1.));
#10208=DIRECTION('center_axis',(0.,0.,1.));
#10209=DIRECTION('ref_axis',(1.,0.,0.));
#10210=DIRECTION('center_axis',(0.,0.,1.));
#10211=DIRECTION('ref_axis',(1.,0.,0.));
#10212=DIRECTION('center_axis',(0.,0.,1.));
#10213=DIRECTION('ref_axis',(1.,0.,0.));
#10214=DIRECTION('center_axis',(0.,0.,1.));
#10215=DIRECTION('ref_axis',(1.,0.,0.));
#10216=DIRECTION('center_axis',(0.,0.,1.));
#10217=DIRECTION('ref_axis',(1.,0.,0.));
#10218=DIRECTION('',(0.,0.,-1.));
#10219=DIRECTION('center_axis',(0.,0.,1.));
#10220=DIRECTION('ref_axis',(1.,0.,0.));
#10221=DIRECTION('center_axis',(0.,0.,1.));
#10222=DIRECTION('ref_axis',(1.,0.,0.));
#10223=DIRECTION('center_axis',(0.,0.,1.));
#10224=DIRECTION('ref_axis',(1.,0.,0.));
#10225=DIRECTION('center_axis',(0.,0.,1.));
#10226=DIRECTION('ref_axis',(1.,0.,0.));
#10227=DIRECTION('center_axis',(0.,0.,1.));
#10228=DIRECTION('ref_axis',(1.,0.,0.));
#10229=DIRECTION('',(0.,0.,-1.));
#10230=DIRECTION('center_axis',(0.,0.,1.));
#10231=DIRECTION('ref_axis',(1.,0.,0.));
#10232=DIRECTION('center_axis',(0.,0.,1.));
#10233=DIRECTION('ref_axis',(1.,0.,0.));
#10234=DIRECTION('center_axis',(0.,0.,1.));
#10235=DIRECTION('ref_axis',(1.,0.,0.));
#10236=DIRECTION('center_axis',(0.,0.,1.));
#10237=DIRECTION('ref_axis',(1.,0.,0.));
#10238=DIRECTION('center_axis',(0.,0.,1.));
#10239=DIRECTION('ref_axis',(1.,0.,0.));
#10240=DIRECTION('',(0.,0.,-1.));
#10241=DIRECTION('center_axis',(0.,0.,1.));
#10242=DIRECTION('ref_axis',(1.,0.,0.));
#10243=DIRECTION('center_axis',(0.,0.,1.));
#10244=DIRECTION('ref_axis',(1.,0.,0.));
#10245=DIRECTION('center_axis',(0.,0.,1.));
#10246=DIRECTION('ref_axis',(1.,0.,0.));
#10247=DIRECTION('center_axis',(0.,0.,1.));
#10248=DIRECTION('ref_axis',(1.,0.,0.));
#10249=DIRECTION('center_axis',(0.,0.,1.));
#10250=DIRECTION('ref_axis',(1.,0.,0.));
#10251=DIRECTION('',(0.,0.,-1.));
#10252=DIRECTION('center_axis',(0.,0.,1.));
#10253=DIRECTION('ref_axis',(1.,0.,0.));
#10254=DIRECTION('center_axis',(0.,0.,1.));
#10255=DIRECTION('ref_axis',(1.,0.,0.));
#10256=DIRECTION('center_axis',(0.,0.,1.));
#10257=DIRECTION('ref_axis',(1.,0.,0.));
#10258=DIRECTION('axis',(0.,0.,1.));
#10259=DIRECTION('refdir',(1.,0.,0.));
#10260=DIRECTION('center_axis',(-2.22044604925E-16,-1.,0.));
#10261=DIRECTION('ref_axis',(0.,0.,1.));
#10262=DIRECTION('',(0.,0.,1.));
#10263=DIRECTION('',(1.,-2.22044604925E-16,0.));
#10264=DIRECTION('',(0.,0.,1.));
#10265=DIRECTION('',(1.,-2.22044604925E-16,0.));
#10266=DIRECTION('center_axis',(-2.22044604925E-16,-1.,0.));
#10267=DIRECTION('ref_axis',(0.,0.,1.));
#10268=DIRECTION('',(0.,0.,1.));
#10269=DIRECTION('',(1.,-2.22044604925E-16,0.));
#10270=DIRECTION('',(0.,0.,1.));
#10271=DIRECTION('',(1.,-2.22044604925E-16,0.));
#10272=DIRECTION('center_axis',(1.,-2.22044604925E-16,0.));
#10273=DIRECTION('ref_axis',(0.,0.,1.));
#10274=DIRECTION('',(-2.22044604925E-16,-1.,0.));
#10275=DIRECTION('',(-2.22044604925E-16,-1.,0.));
#10276=DIRECTION('center_axis',(1.,-2.22044604925E-16,0.));
#10277=DIRECTION('ref_axis',(0.,0.,1.));
#10278=DIRECTION('',(-2.22044604925E-16,-1.,0.));
#10279=DIRECTION('',(-2.22044604925E-16,-1.,0.));
#10280=DIRECTION('center_axis',(0.,0.,1.));
#10281=DIRECTION('ref_axis',(-2.22044604925E-16,-1.,0.));
#10282=DIRECTION('center_axis',(0.,0.,1.));
#10283=DIRECTION('ref_axis',(-2.22044604925E-16,-1.,0.));
#10284=DIRECTION('axis',(0.,0.,1.));
#10285=DIRECTION('refdir',(1.,0.,0.));
#10286=DIRECTION('center_axis',(-2.22044604925E-16,-1.,0.));
#10287=DIRECTION('ref_axis',(0.,0.,1.));
#10288=DIRECTION('',(0.,0.,1.));
#10289=DIRECTION('',(1.,-2.22044604925E-16,0.));
#10290=DIRECTION('',(0.,0.,1.));
#10291=DIRECTION('',(1.,-2.22044604925E-16,0.));
#10292=DIRECTION('center_axis',(-2.22044604925E-16,-1.,0.));
#10293=DIRECTION('ref_axis',(0.,0.,1.));
#10294=DIRECTION('',(0.,0.,1.));
#10295=DIRECTION('',(1.,-2.22044604925E-16,0.));
#10296=DIRECTION('',(0.,0.,1.));
#10297=DIRECTION('',(1.,-2.22044604925E-16,0.));
#10298=DIRECTION('center_axis',(1.,-2.22044604925E-16,0.));
#10299=DIRECTION('ref_axis',(0.,0.,1.));
#10300=DIRECTION('',(-2.22044604925E-16,-1.,0.));
#10301=DIRECTION('',(-2.22044604925E-16,-1.,0.));
#10302=DIRECTION('center_axis',(1.,-2.22044604925E-16,0.));
#10303=DIRECTION('ref_axis',(0.,0.,1.));
#10304=DIRECTION('',(-2.22044604925E-16,-1.,0.));
#10305=DIRECTION('',(-2.22044604925E-16,-1.,0.));
#10306=DIRECTION('center_axis',(0.,0.,1.));
#10307=DIRECTION('ref_axis',(-2.22044604925E-16,-1.,0.));
#10308=DIRECTION('center_axis',(0.,0.,1.));
#10309=DIRECTION('ref_axis',(-2.22044604925E-16,-1.,0.));
#10310=DIRECTION('axis',(0.,0.,1.));
#10311=DIRECTION('refdir',(1.,0.,0.));
#10312=DIRECTION('center_axis',(1.110223024625E-16,1.,0.));
#10313=DIRECTION('ref_axis',(0.,0.,1.));
#10314=DIRECTION('',(0.,0.,1.));
#10315=DIRECTION('',(-1.,1.110223024625E-16,0.));
#10316=DIRECTION('',(0.,0.,1.));
#10317=DIRECTION('',(-1.,1.110223024625E-16,0.));
#10318=DIRECTION('center_axis',(1.110223024625E-16,1.,0.));
#10319=DIRECTION('ref_axis',(0.,0.,1.));
#10320=DIRECTION('',(0.,0.,1.));
#10321=DIRECTION('',(-1.,1.110223024625E-16,0.));
#10322=DIRECTION('',(0.,0.,1.));
#10323=DIRECTION('',(-1.,1.110223024625E-16,0.));
#10324=DIRECTION('center_axis',(-1.,1.110223024625E-16,0.));
#10325=DIRECTION('ref_axis',(0.,0.,1.));
#10326=DIRECTION('',(1.110223024625E-16,1.,0.));
#10327=DIRECTION('',(1.110223024625E-16,1.,0.));
#10328=DIRECTION('center_axis',(-1.,1.110223024625E-16,0.));
#10329=DIRECTION('ref_axis',(0.,0.,1.));
#10330=DIRECTION('',(1.110223024625E-16,1.,0.));
#10331=DIRECTION('',(1.110223024625E-16,1.,0.));
#10332=DIRECTION('center_axis',(0.,0.,1.));
#10333=DIRECTION('ref_axis',(1.110223024625E-16,1.,0.));
#10334=DIRECTION('center_axis',(0.,0.,1.));
#10335=DIRECTION('ref_axis',(1.110223024625E-16,1.,0.));
#10336=DIRECTION('axis',(0.,0.,1.));
#10337=DIRECTION('refdir',(1.,0.,0.));
#10338=DIRECTION('center_axis',(1.110223024625E-16,1.,0.));
#10339=DIRECTION('ref_axis',(0.,0.,1.));
#10340=DIRECTION('',(0.,0.,1.));
#10341=DIRECTION('',(-1.,1.110223024625E-16,0.));
#10342=DIRECTION('',(0.,0.,1.));
#10343=DIRECTION('',(-1.,1.110223024625E-16,0.));
#10344=DIRECTION('center_axis',(1.110223024625E-16,1.,0.));
#10345=DIRECTION('ref_axis',(0.,0.,1.));
#10346=DIRECTION('',(0.,0.,1.));
#10347=DIRECTION('',(-1.,1.110223024625E-16,0.));
#10348=DIRECTION('',(0.,0.,1.));
#10349=DIRECTION('',(-1.,1.110223024625E-16,0.));
#10350=DIRECTION('center_axis',(-1.,1.110223024625E-16,0.));
#10351=DIRECTION('ref_axis',(0.,0.,1.));
#10352=DIRECTION('',(1.110223024625E-16,1.,0.));
#10353=DIRECTION('',(1.110223024625E-16,1.,0.));
#10354=DIRECTION('center_axis',(-1.,1.110223024625E-16,0.));
#10355=DIRECTION('ref_axis',(0.,0.,1.));
#10356=DIRECTION('',(1.110223024625E-16,1.,0.));
#10357=DIRECTION('',(1.110223024625E-16,1.,0.));
#10358=DIRECTION('center_axis',(0.,0.,1.));
#10359=DIRECTION('ref_axis',(1.110223024625E-16,1.,0.));
#10360=DIRECTION('center_axis',(0.,0.,1.));
#10361=DIRECTION('ref_axis',(1.110223024625E-16,1.,0.));
#10362=DIRECTION('axis',(0.,0.,1.));
#10363=DIRECTION('refdir',(1.,0.,0.));
#10364=DIRECTION('center_axis',(0.,0.,1.));
#10365=DIRECTION('ref_axis',(1.,0.,0.));
#10366=DIRECTION('center_axis',(0.,0.,1.));
#10367=DIRECTION('ref_axis',(1.,0.,0.));
#10368=DIRECTION('',(0.,0.,-1.));
#10369=DIRECTION('center_axis',(0.,0.,1.));
#10370=DIRECTION('ref_axis',(1.,0.,0.));
#10371=DIRECTION('center_axis',(0.,0.,1.));
#10372=DIRECTION('ref_axis',(1.,0.,0.));
#10373=DIRECTION('center_axis',(0.,0.,1.));
#10374=DIRECTION('ref_axis',(1.,0.,0.));
#10375=DIRECTION('center_axis',(0.,0.,1.));
#10376=DIRECTION('ref_axis',(1.,0.,0.));
#10377=DIRECTION('center_axis',(0.,0.,1.));
#10378=DIRECTION('ref_axis',(1.,0.,0.));
#10379=DIRECTION('center_axis',(0.,0.,1.));
#10380=DIRECTION('ref_axis',(1.,0.,0.));
#10381=DIRECTION('',(0.,0.,1.));
#10382=DIRECTION('center_axis',(0.,0.,1.));
#10383=DIRECTION('ref_axis',(1.,0.,0.));
#10384=DIRECTION('center_axis',(0.,0.,1.));
#10385=DIRECTION('ref_axis',(1.,0.,0.));
#10386=DIRECTION('center_axis',(0.,0.,1.));
#10387=DIRECTION('ref_axis',(1.,0.,0.));
#10388=DIRECTION('',(0.,0.,-1.));
#10389=DIRECTION('center_axis',(0.,0.,1.));
#10390=DIRECTION('ref_axis',(1.,0.,0.));
#10391=DIRECTION('center_axis',(0.,0.,1.));
#10392=DIRECTION('ref_axis',(1.,0.,0.));
#10393=DIRECTION('center_axis',(0.,0.,1.));
#10394=DIRECTION('ref_axis',(1.,0.,0.));
#10395=DIRECTION('center_axis',(0.,0.,1.));
#10396=DIRECTION('ref_axis',(1.,0.,0.));
#10397=DIRECTION('center_axis',(0.,0.,1.));
#10398=DIRECTION('ref_axis',(1.,0.,0.));
#10399=DIRECTION('',(0.,0.,-1.));
#10400=DIRECTION('center_axis',(0.,0.,1.));
#10401=DIRECTION('ref_axis',(1.,0.,0.));
#10402=DIRECTION('center_axis',(0.,0.,1.));
#10403=DIRECTION('ref_axis',(1.,0.,0.));
#10404=DIRECTION('center_axis',(0.,0.,1.));
#10405=DIRECTION('ref_axis',(1.,0.,0.));
#10406=DIRECTION('center_axis',(0.,0.,1.));
#10407=DIRECTION('ref_axis',(1.,0.,0.));
#10408=DIRECTION('center_axis',(0.,0.,1.));
#10409=DIRECTION('ref_axis',(1.,0.,0.));
#10410=DIRECTION('',(0.,0.,-1.));
#10411=DIRECTION('center_axis',(0.,0.,1.));
#10412=DIRECTION('ref_axis',(1.,0.,0.));
#10413=DIRECTION('center_axis',(0.,0.,1.));
#10414=DIRECTION('ref_axis',(1.,0.,0.));
#10415=DIRECTION('center_axis',(0.,0.,1.));
#10416=DIRECTION('ref_axis',(1.,0.,0.));
#10417=DIRECTION('center_axis',(0.,0.,1.));
#10418=DIRECTION('ref_axis',(1.,0.,0.));
#10419=DIRECTION('center_axis',(0.,0.,1.));
#10420=DIRECTION('ref_axis',(1.,0.,0.));
#10421=DIRECTION('',(0.,0.,-1.));
#10422=DIRECTION('center_axis',(0.,0.,1.));
#10423=DIRECTION('ref_axis',(1.,0.,0.));
#10424=DIRECTION('center_axis',(0.,0.,1.));
#10425=DIRECTION('ref_axis',(1.,0.,0.));
#10426=DIRECTION('center_axis',(0.,0.,1.));
#10427=DIRECTION('ref_axis',(1.,0.,0.));
#10428=DIRECTION('center_axis',(0.,0.,1.));
#10429=DIRECTION('ref_axis',(1.,0.,0.));
#10430=DIRECTION('center_axis',(0.,0.,1.));
#10431=DIRECTION('ref_axis',(1.,0.,0.));
#10432=DIRECTION('',(0.,0.,-1.));
#10433=DIRECTION('center_axis',(0.,0.,1.));
#10434=DIRECTION('ref_axis',(1.,0.,0.));
#10435=DIRECTION('center_axis',(0.,0.,1.));
#10436=DIRECTION('ref_axis',(1.,0.,0.));
#10437=DIRECTION('center_axis',(0.,0.,1.));
#10438=DIRECTION('ref_axis',(1.,0.,0.));
#10439=DIRECTION('center_axis',(0.,0.,1.));
#10440=DIRECTION('ref_axis',(1.,0.,0.));
#10441=DIRECTION('center_axis',(0.,0.,1.));
#10442=DIRECTION('ref_axis',(1.,0.,0.));
#10443=DIRECTION('',(0.,0.,-1.));
#10444=DIRECTION('center_axis',(0.,0.,1.));
#10445=DIRECTION('ref_axis',(1.,0.,0.));
#10446=DIRECTION('center_axis',(0.,0.,1.));
#10447=DIRECTION('ref_axis',(1.,0.,0.));
#10448=DIRECTION('center_axis',(0.,0.,1.));
#10449=DIRECTION('ref_axis',(1.,0.,0.));
#10450=DIRECTION('center_axis',(0.,0.,1.));
#10451=DIRECTION('ref_axis',(1.,0.,0.));
#10452=DIRECTION('center_axis',(0.,0.,1.));
#10453=DIRECTION('ref_axis',(1.,0.,0.));
#10454=DIRECTION('',(0.,0.,-1.));
#10455=DIRECTION('center_axis',(0.,0.,1.));
#10456=DIRECTION('ref_axis',(1.,0.,0.));
#10457=DIRECTION('center_axis',(0.,0.,1.));
#10458=DIRECTION('ref_axis',(1.,0.,0.));
#10459=DIRECTION('center_axis',(0.,0.,1.));
#10460=DIRECTION('ref_axis',(1.,0.,0.));
#10461=DIRECTION('center_axis',(0.,0.,1.));
#10462=DIRECTION('ref_axis',(1.,0.,0.));
#10463=DIRECTION('center_axis',(0.,0.,1.));
#10464=DIRECTION('ref_axis',(1.,0.,0.));
#10465=DIRECTION('',(0.,0.,-1.));
#10466=DIRECTION('center_axis',(0.,0.,1.));
#10467=DIRECTION('ref_axis',(1.,0.,0.));
#10468=DIRECTION('center_axis',(0.,0.,1.));
#10469=DIRECTION('ref_axis',(1.,0.,0.));
#10470=DIRECTION('center_axis',(0.,0.,1.));
#10471=DIRECTION('ref_axis',(1.,0.,0.));
#10472=DIRECTION('center_axis',(0.,0.,1.));
#10473=DIRECTION('ref_axis',(1.,0.,0.));
#10474=DIRECTION('center_axis',(0.,0.,1.));
#10475=DIRECTION('ref_axis',(1.,0.,0.));
#10476=DIRECTION('',(0.,0.,-1.));
#10477=DIRECTION('center_axis',(0.,0.,1.));
#10478=DIRECTION('ref_axis',(1.,0.,0.));
#10479=DIRECTION('center_axis',(0.,0.,1.));
#10480=DIRECTION('ref_axis',(1.,0.,0.));
#10481=DIRECTION('center_axis',(0.,0.,1.));
#10482=DIRECTION('ref_axis',(1.,0.,0.));
#10483=DIRECTION('axis',(0.,0.,1.));
#10484=DIRECTION('refdir',(1.,0.,0.));
#10485=DIRECTION('center_axis',(0.,0.,1.));
#10486=DIRECTION('ref_axis',(1.,0.,0.));
#10487=DIRECTION('center_axis',(0.,0.,1.));
#10488=DIRECTION('ref_axis',(1.,0.,0.));
#10489=DIRECTION('',(0.,0.,-1.));
#10490=DIRECTION('center_axis',(0.,0.,1.));
#10491=DIRECTION('ref_axis',(1.,0.,0.));
#10492=DIRECTION('center_axis',(0.,0.,1.));
#10493=DIRECTION('ref_axis',(1.,0.,0.));
#10494=DIRECTION('center_axis',(0.,0.,1.));
#10495=DIRECTION('ref_axis',(1.,0.,0.));
#10496=DIRECTION('center_axis',(0.,0.,1.));
#10497=DIRECTION('ref_axis',(1.,0.,0.));
#10498=DIRECTION('center_axis',(0.,0.,1.));
#10499=DIRECTION('ref_axis',(1.,0.,0.));
#10500=DIRECTION('center_axis',(0.,0.,1.));
#10501=DIRECTION('ref_axis',(1.,0.,0.));
#10502=DIRECTION('',(0.,0.,1.));
#10503=DIRECTION('center_axis',(0.,0.,1.));
#10504=DIRECTION('ref_axis',(1.,0.,0.));
#10505=DIRECTION('center_axis',(0.,0.,1.));
#10506=DIRECTION('ref_axis',(1.,0.,0.));
#10507=DIRECTION('center_axis',(0.,0.,1.));
#10508=DIRECTION('ref_axis',(1.,0.,0.));
#10509=DIRECTION('',(0.,0.,-1.));
#10510=DIRECTION('center_axis',(0.,0.,1.));
#10511=DIRECTION('ref_axis',(1.,0.,0.));
#10512=DIRECTION('center_axis',(0.,0.,1.));
#10513=DIRECTION('ref_axis',(1.,0.,0.));
#10514=DIRECTION('center_axis',(0.,0.,1.));
#10515=DIRECTION('ref_axis',(1.,0.,0.));
#10516=DIRECTION('center_axis',(0.,0.,1.));
#10517=DIRECTION('ref_axis',(1.,0.,0.));
#10518=DIRECTION('center_axis',(0.,0.,1.));
#10519=DIRECTION('ref_axis',(1.,0.,0.));
#10520=DIRECTION('',(0.,0.,-1.));
#10521=DIRECTION('center_axis',(0.,0.,1.));
#10522=DIRECTION('ref_axis',(1.,0.,0.));
#10523=DIRECTION('center_axis',(0.,0.,1.));
#10524=DIRECTION('ref_axis',(1.,0.,0.));
#10525=DIRECTION('center_axis',(0.,0.,1.));
#10526=DIRECTION('ref_axis',(1.,0.,0.));
#10527=DIRECTION('center_axis',(0.,0.,1.));
#10528=DIRECTION('ref_axis',(1.,0.,0.));
#10529=DIRECTION('center_axis',(0.,0.,1.));
#10530=DIRECTION('ref_axis',(1.,0.,0.));
#10531=DIRECTION('',(0.,0.,-1.));
#10532=DIRECTION('center_axis',(0.,0.,1.));
#10533=DIRECTION('ref_axis',(1.,0.,0.));
#10534=DIRECTION('center_axis',(0.,0.,1.));
#10535=DIRECTION('ref_axis',(1.,0.,0.));
#10536=DIRECTION('center_axis',(0.,0.,1.));
#10537=DIRECTION('ref_axis',(1.,0.,0.));
#10538=DIRECTION('center_axis',(0.,0.,1.));
#10539=DIRECTION('ref_axis',(1.,0.,0.));
#10540=DIRECTION('center_axis',(0.,0.,1.));
#10541=DIRECTION('ref_axis',(1.,0.,0.));
#10542=DIRECTION('',(0.,0.,-1.));
#10543=DIRECTION('center_axis',(0.,0.,1.));
#10544=DIRECTION('ref_axis',(1.,0.,0.));
#10545=DIRECTION('center_axis',(0.,0.,1.));
#10546=DIRECTION('ref_axis',(1.,0.,0.));
#10547=DIRECTION('center_axis',(0.,0.,1.));
#10548=DIRECTION('ref_axis',(1.,0.,0.));
#10549=DIRECTION('center_axis',(0.,0.,1.));
#10550=DIRECTION('ref_axis',(1.,0.,0.));
#10551=DIRECTION('center_axis',(0.,0.,1.));
#10552=DIRECTION('ref_axis',(1.,0.,0.));
#10553=DIRECTION('',(0.,0.,-1.));
#10554=DIRECTION('center_axis',(0.,0.,1.));
#10555=DIRECTION('ref_axis',(1.,0.,0.));
#10556=DIRECTION('center_axis',(0.,0.,1.));
#10557=DIRECTION('ref_axis',(1.,0.,0.));
#10558=DIRECTION('center_axis',(0.,0.,1.));
#10559=DIRECTION('ref_axis',(1.,0.,0.));
#10560=DIRECTION('center_axis',(0.,0.,1.));
#10561=DIRECTION('ref_axis',(1.,0.,0.));
#10562=DIRECTION('center_axis',(0.,0.,1.));
#10563=DIRECTION('ref_axis',(1.,0.,0.));
#10564=DIRECTION('',(0.,0.,-1.));
#10565=DIRECTION('center_axis',(0.,0.,1.));
#10566=DIRECTION('ref_axis',(1.,0.,0.));
#10567=DIRECTION('center_axis',(0.,0.,1.));
#10568=DIRECTION('ref_axis',(1.,0.,0.));
#10569=DIRECTION('center_axis',(0.,0.,1.));
#10570=DIRECTION('ref_axis',(1.,0.,0.));
#10571=DIRECTION('center_axis',(0.,0.,1.));
#10572=DIRECTION('ref_axis',(1.,0.,0.));
#10573=DIRECTION('center_axis',(0.,0.,1.));
#10574=DIRECTION('ref_axis',(1.,0.,0.));
#10575=DIRECTION('',(0.,0.,-1.));
#10576=DIRECTION('center_axis',(0.,0.,1.));
#10577=DIRECTION('ref_axis',(1.,0.,0.));
#10578=DIRECTION('center_axis',(0.,0.,1.));
#10579=DIRECTION('ref_axis',(1.,0.,0.));
#10580=DIRECTION('center_axis',(0.,0.,1.));
#10581=DIRECTION('ref_axis',(1.,0.,0.));
#10582=DIRECTION('center_axis',(0.,0.,1.));
#10583=DIRECTION('ref_axis',(1.,0.,0.));
#10584=DIRECTION('center_axis',(0.,0.,1.));
#10585=DIRECTION('ref_axis',(1.,0.,0.));
#10586=DIRECTION('',(0.,0.,-1.));
#10587=DIRECTION('center_axis',(0.,0.,1.));
#10588=DIRECTION('ref_axis',(1.,0.,0.));
#10589=DIRECTION('center_axis',(0.,0.,1.));
#10590=DIRECTION('ref_axis',(1.,0.,0.));
#10591=DIRECTION('center_axis',(0.,0.,1.));
#10592=DIRECTION('ref_axis',(1.,0.,0.));
#10593=DIRECTION('center_axis',(0.,0.,1.));
#10594=DIRECTION('ref_axis',(1.,0.,0.));
#10595=DIRECTION('center_axis',(0.,0.,1.));
#10596=DIRECTION('ref_axis',(1.,0.,0.));
#10597=DIRECTION('',(0.,0.,-1.));
#10598=DIRECTION('center_axis',(0.,0.,1.));
#10599=DIRECTION('ref_axis',(1.,0.,0.));
#10600=DIRECTION('center_axis',(0.,0.,1.));
#10601=DIRECTION('ref_axis',(1.,0.,0.));
#10602=DIRECTION('center_axis',(0.,0.,1.));
#10603=DIRECTION('ref_axis',(1.,0.,0.));
#10604=DIRECTION('axis',(0.,0.,1.));
#10605=DIRECTION('refdir',(1.,0.,0.));
#10606=DIRECTION('center_axis',(0.,0.,1.));
#10607=DIRECTION('ref_axis',(1.,0.,0.));
#10608=DIRECTION('center_axis',(0.,0.,1.));
#10609=DIRECTION('ref_axis',(1.,0.,0.));
#10610=DIRECTION('',(0.,0.,-1.));
#10611=DIRECTION('center_axis',(0.,0.,1.));
#10612=DIRECTION('ref_axis',(1.,0.,0.));
#10613=DIRECTION('center_axis',(0.,0.,1.));
#10614=DIRECTION('ref_axis',(1.,0.,0.));
#10615=DIRECTION('center_axis',(0.,0.,1.));
#10616=DIRECTION('ref_axis',(1.,0.,0.));
#10617=DIRECTION('center_axis',(0.,0.,1.));
#10618=DIRECTION('ref_axis',(1.,0.,0.));
#10619=DIRECTION('center_axis',(0.,0.,1.));
#10620=DIRECTION('ref_axis',(1.,0.,0.));
#10621=DIRECTION('center_axis',(0.,0.,1.));
#10622=DIRECTION('ref_axis',(1.,0.,0.));
#10623=DIRECTION('',(0.,0.,1.));
#10624=DIRECTION('center_axis',(0.,0.,1.));
#10625=DIRECTION('ref_axis',(1.,0.,0.));
#10626=DIRECTION('center_axis',(0.,0.,1.));
#10627=DIRECTION('ref_axis',(1.,0.,0.));
#10628=DIRECTION('center_axis',(0.,0.,1.));
#10629=DIRECTION('ref_axis',(1.,0.,0.));
#10630=DIRECTION('',(0.,0.,-1.));
#10631=DIRECTION('center_axis',(0.,0.,1.));
#10632=DIRECTION('ref_axis',(1.,0.,0.));
#10633=DIRECTION('center_axis',(0.,0.,1.));
#10634=DIRECTION('ref_axis',(1.,0.,0.));
#10635=DIRECTION('center_axis',(0.,0.,1.));
#10636=DIRECTION('ref_axis',(1.,0.,0.));
#10637=DIRECTION('center_axis',(0.,0.,1.));
#10638=DIRECTION('ref_axis',(1.,0.,0.));
#10639=DIRECTION('center_axis',(0.,0.,1.));
#10640=DIRECTION('ref_axis',(1.,0.,0.));
#10641=DIRECTION('',(0.,0.,-1.));
#10642=DIRECTION('center_axis',(0.,0.,1.));
#10643=DIRECTION('ref_axis',(1.,0.,0.));
#10644=DIRECTION('center_axis',(0.,0.,1.));
#10645=DIRECTION('ref_axis',(1.,0.,0.));
#10646=DIRECTION('center_axis',(0.,0.,1.));
#10647=DIRECTION('ref_axis',(1.,0.,0.));
#10648=DIRECTION('center_axis',(0.,0.,1.));
#10649=DIRECTION('ref_axis',(1.,0.,0.));
#10650=DIRECTION('center_axis',(0.,0.,1.));
#10651=DIRECTION('ref_axis',(1.,0.,0.));
#10652=DIRECTION('',(0.,0.,-1.));
#10653=DIRECTION('center_axis',(0.,0.,1.));
#10654=DIRECTION('ref_axis',(1.,0.,0.));
#10655=DIRECTION('center_axis',(0.,0.,1.));
#10656=DIRECTION('ref_axis',(1.,0.,0.));
#10657=DIRECTION('center_axis',(0.,0.,1.));
#10658=DIRECTION('ref_axis',(1.,0.,0.));
#10659=DIRECTION('center_axis',(0.,0.,1.));
#10660=DIRECTION('ref_axis',(1.,0.,0.));
#10661=DIRECTION('center_axis',(0.,0.,1.));
#10662=DIRECTION('ref_axis',(1.,0.,0.));
#10663=DIRECTION('',(0.,0.,-1.));
#10664=DIRECTION('center_axis',(0.,0.,1.));
#10665=DIRECTION('ref_axis',(1.,0.,0.));
#10666=DIRECTION('center_axis',(0.,0.,1.));
#10667=DIRECTION('ref_axis',(1.,0.,0.));
#10668=DIRECTION('center_axis',(0.,0.,1.));
#10669=DIRECTION('ref_axis',(1.,0.,0.));
#10670=DIRECTION('center_axis',(0.,0.,1.));
#10671=DIRECTION('ref_axis',(1.,0.,0.));
#10672=DIRECTION('center_axis',(0.,0.,1.));
#10673=DIRECTION('ref_axis',(1.,0.,0.));
#10674=DIRECTION('',(0.,0.,-1.));
#10675=DIRECTION('center_axis',(0.,0.,1.));
#10676=DIRECTION('ref_axis',(1.,0.,0.));
#10677=DIRECTION('center_axis',(0.,0.,1.));
#10678=DIRECTION('ref_axis',(1.,0.,0.));
#10679=DIRECTION('center_axis',(0.,0.,1.));
#10680=DIRECTION('ref_axis',(1.,0.,0.));
#10681=DIRECTION('center_axis',(0.,0.,1.));
#10682=DIRECTION('ref_axis',(1.,0.,0.));
#10683=DIRECTION('center_axis',(0.,0.,1.));
#10684=DIRECTION('ref_axis',(1.,0.,0.));
#10685=DIRECTION('',(0.,0.,-1.));
#10686=DIRECTION('center_axis',(0.,0.,1.));
#10687=DIRECTION('ref_axis',(1.,0.,0.));
#10688=DIRECTION('center_axis',(0.,0.,1.));
#10689=DIRECTION('ref_axis',(1.,0.,0.));
#10690=DIRECTION('center_axis',(0.,0.,1.));
#10691=DIRECTION('ref_axis',(1.,0.,0.));
#10692=DIRECTION('center_axis',(0.,0.,1.));
#10693=DIRECTION('ref_axis',(1.,0.,0.));
#10694=DIRECTION('center_axis',(0.,0.,1.));
#10695=DIRECTION('ref_axis',(1.,0.,0.));
#10696=DIRECTION('',(0.,0.,-1.));
#10697=DIRECTION('center_axis',(0.,0.,1.));
#10698=DIRECTION('ref_axis',(1.,0.,0.));
#10699=DIRECTION('center_axis',(0.,0.,1.));
#10700=DIRECTION('ref_axis',(1.,0.,0.));
#10701=DIRECTION('center_axis',(0.,0.,1.));
#10702=DIRECTION('ref_axis',(1.,0.,0.));
#10703=DIRECTION('center_axis',(0.,0.,1.));
#10704=DIRECTION('ref_axis',(1.,0.,0.));
#10705=DIRECTION('center_axis',(0.,0.,1.));
#10706=DIRECTION('ref_axis',(1.,0.,0.));
#10707=DIRECTION('',(0.,0.,-1.));
#10708=DIRECTION('center_axis',(0.,0.,1.));
#10709=DIRECTION('ref_axis',(1.,0.,0.));
#10710=DIRECTION('center_axis',(0.,0.,1.));
#10711=DIRECTION('ref_axis',(1.,0.,0.));
#10712=DIRECTION('center_axis',(0.,0.,1.));
#10713=DIRECTION('ref_axis',(1.,0.,0.));
#10714=DIRECTION('center_axis',(0.,0.,1.));
#10715=DIRECTION('ref_axis',(1.,0.,0.));
#10716=DIRECTION('center_axis',(0.,0.,1.));
#10717=DIRECTION('ref_axis',(1.,0.,0.));
#10718=DIRECTION('',(0.,0.,-1.));
#10719=DIRECTION('center_axis',(0.,0.,1.));
#10720=DIRECTION('ref_axis',(1.,0.,0.));
#10721=DIRECTION('center_axis',(0.,0.,1.));
#10722=DIRECTION('ref_axis',(1.,0.,0.));
#10723=DIRECTION('center_axis',(0.,0.,1.));
#10724=DIRECTION('ref_axis',(1.,0.,0.));
#10725=DIRECTION('axis',(0.,0.,1.));
#10726=DIRECTION('refdir',(1.,0.,0.));
#10727=DIRECTION('center_axis',(0.,0.,1.));
#10728=DIRECTION('ref_axis',(1.,0.,0.));
#10729=DIRECTION('center_axis',(0.,0.,1.));
#10730=DIRECTION('ref_axis',(1.,0.,0.));
#10731=DIRECTION('',(0.,0.,-1.));
#10732=DIRECTION('center_axis',(0.,0.,1.));
#10733=DIRECTION('ref_axis',(1.,0.,0.));
#10734=DIRECTION('center_axis',(0.,0.,1.));
#10735=DIRECTION('ref_axis',(1.,0.,0.));
#10736=DIRECTION('center_axis',(0.,0.,1.));
#10737=DIRECTION('ref_axis',(1.,0.,0.));
#10738=DIRECTION('center_axis',(0.,0.,1.));
#10739=DIRECTION('ref_axis',(1.,0.,0.));
#10740=DIRECTION('center_axis',(0.,0.,1.));
#10741=DIRECTION('ref_axis',(1.,0.,0.));
#10742=DIRECTION('center_axis',(0.,0.,1.));
#10743=DIRECTION('ref_axis',(1.,0.,0.));
#10744=DIRECTION('',(0.,0.,1.));
#10745=DIRECTION('center_axis',(0.,0.,1.));
#10746=DIRECTION('ref_axis',(1.,0.,0.));
#10747=DIRECTION('center_axis',(0.,0.,1.));
#10748=DIRECTION('ref_axis',(1.,0.,0.));
#10749=DIRECTION('center_axis',(0.,0.,1.));
#10750=DIRECTION('ref_axis',(1.,0.,0.));
#10751=DIRECTION('',(0.,0.,-1.));
#10752=DIRECTION('center_axis',(0.,0.,1.));
#10753=DIRECTION('ref_axis',(1.,0.,0.));
#10754=DIRECTION('center_axis',(0.,0.,1.));
#10755=DIRECTION('ref_axis',(1.,0.,0.));
#10756=DIRECTION('center_axis',(0.,0.,1.));
#10757=DIRECTION('ref_axis',(1.,0.,0.));
#10758=DIRECTION('center_axis',(0.,0.,1.));
#10759=DIRECTION('ref_axis',(1.,0.,0.));
#10760=DIRECTION('center_axis',(0.,0.,1.));
#10761=DIRECTION('ref_axis',(1.,0.,0.));
#10762=DIRECTION('',(0.,0.,-1.));
#10763=DIRECTION('center_axis',(0.,0.,1.));
#10764=DIRECTION('ref_axis',(1.,0.,0.));
#10765=DIRECTION('center_axis',(0.,0.,1.));
#10766=DIRECTION('ref_axis',(1.,0.,0.));
#10767=DIRECTION('center_axis',(0.,0.,1.));
#10768=DIRECTION('ref_axis',(1.,0.,0.));
#10769=DIRECTION('center_axis',(0.,0.,1.));
#10770=DIRECTION('ref_axis',(1.,0.,0.));
#10771=DIRECTION('center_axis',(0.,0.,1.));
#10772=DIRECTION('ref_axis',(1.,0.,0.));
#10773=DIRECTION('',(0.,0.,-1.));
#10774=DIRECTION('center_axis',(0.,0.,1.));
#10775=DIRECTION('ref_axis',(1.,0.,0.));
#10776=DIRECTION('center_axis',(0.,0.,1.));
#10777=DIRECTION('ref_axis',(1.,0.,0.));
#10778=DIRECTION('center_axis',(0.,0.,1.));
#10779=DIRECTION('ref_axis',(1.,0.,0.));
#10780=DIRECTION('center_axis',(0.,0.,1.));
#10781=DIRECTION('ref_axis',(1.,0.,0.));
#10782=DIRECTION('center_axis',(0.,0.,1.));
#10783=DIRECTION('ref_axis',(1.,0.,0.));
#10784=DIRECTION('',(0.,0.,-1.));
#10785=DIRECTION('center_axis',(0.,0.,1.));
#10786=DIRECTION('ref_axis',(1.,0.,0.));
#10787=DIRECTION('center_axis',(0.,0.,1.));
#10788=DIRECTION('ref_axis',(1.,0.,0.));
#10789=DIRECTION('center_axis',(0.,0.,1.));
#10790=DIRECTION('ref_axis',(1.,0.,0.));
#10791=DIRECTION('center_axis',(0.,0.,1.));
#10792=DIRECTION('ref_axis',(1.,0.,0.));
#10793=DIRECTION('center_axis',(0.,0.,1.));
#10794=DIRECTION('ref_axis',(1.,0.,0.));
#10795=DIRECTION('',(0.,0.,-1.));
#10796=DIRECTION('center_axis',(0.,0.,1.));
#10797=DIRECTION('ref_axis',(1.,0.,0.));
#10798=DIRECTION('center_axis',(0.,0.,1.));
#10799=DIRECTION('ref_axis',(1.,0.,0.));
#10800=DIRECTION('center_axis',(0.,0.,1.));
#10801=DIRECTION('ref_axis',(1.,0.,0.));
#10802=DIRECTION('center_axis',(0.,0.,1.));
#10803=DIRECTION('ref_axis',(1.,0.,0.));
#10804=DIRECTION('center_axis',(0.,0.,1.));
#10805=DIRECTION('ref_axis',(1.,0.,0.));
#10806=DIRECTION('',(0.,0.,-1.));
#10807=DIRECTION('center_axis',(0.,0.,1.));
#10808=DIRECTION('ref_axis',(1.,0.,0.));
#10809=DIRECTION('center_axis',(0.,0.,1.));
#10810=DIRECTION('ref_axis',(1.,0.,0.));
#10811=DIRECTION('center_axis',(0.,0.,1.));
#10812=DIRECTION('ref_axis',(1.,0.,0.));
#10813=DIRECTION('center_axis',(0.,0.,1.));
#10814=DIRECTION('ref_axis',(1.,0.,0.));
#10815=DIRECTION('center_axis',(0.,0.,1.));
#10816=DIRECTION('ref_axis',(1.,0.,0.));
#10817=DIRECTION('',(0.,0.,-1.));
#10818=DIRECTION('center_axis',(0.,0.,1.));
#10819=DIRECTION('ref_axis',(1.,0.,0.));
#10820=DIRECTION('center_axis',(0.,0.,1.));
#10821=DIRECTION('ref_axis',(1.,0.,0.));
#10822=DIRECTION('center_axis',(0.,0.,1.));
#10823=DIRECTION('ref_axis',(1.,0.,0.));
#10824=DIRECTION('center_axis',(0.,0.,1.));
#10825=DIRECTION('ref_axis',(1.,0.,0.));
#10826=DIRECTION('center_axis',(0.,0.,1.));
#10827=DIRECTION('ref_axis',(1.,0.,0.));
#10828=DIRECTION('',(0.,0.,-1.));
#10829=DIRECTION('center_axis',(0.,0.,1.));
#10830=DIRECTION('ref_axis',(1.,0.,0.));
#10831=DIRECTION('center_axis',(0.,0.,1.));
#10832=DIRECTION('ref_axis',(1.,0.,0.));
#10833=DIRECTION('center_axis',(0.,0.,1.));
#10834=DIRECTION('ref_axis',(1.,0.,0.));
#10835=DIRECTION('center_axis',(0.,0.,1.));
#10836=DIRECTION('ref_axis',(1.,0.,0.));
#10837=DIRECTION('center_axis',(0.,0.,1.));
#10838=DIRECTION('ref_axis',(1.,0.,0.));
#10839=DIRECTION('',(0.,0.,-1.));
#10840=DIRECTION('center_axis',(0.,0.,1.));
#10841=DIRECTION('ref_axis',(1.,0.,0.));
#10842=DIRECTION('center_axis',(0.,0.,1.));
#10843=DIRECTION('ref_axis',(1.,0.,0.));
#10844=DIRECTION('center_axis',(0.,0.,1.));
#10845=DIRECTION('ref_axis',(1.,0.,0.));
#10846=DIRECTION('axis',(0.,0.,1.));
#10847=DIRECTION('refdir',(1.,0.,0.));
#10848=DIRECTION('center_axis',(0.,0.,1.));
#10849=DIRECTION('ref_axis',(1.,0.,0.));
#10850=DIRECTION('center_axis',(0.,0.,1.));
#10851=DIRECTION('ref_axis',(1.,0.,0.));
#10852=DIRECTION('',(0.,0.,-1.));
#10853=DIRECTION('center_axis',(0.,0.,1.));
#10854=DIRECTION('ref_axis',(1.,0.,0.));
#10855=DIRECTION('center_axis',(0.,0.,1.));
#10856=DIRECTION('ref_axis',(1.,0.,0.));
#10857=DIRECTION('center_axis',(0.,0.,1.));
#10858=DIRECTION('ref_axis',(1.,0.,0.));
#10859=DIRECTION('center_axis',(0.,0.,1.));
#10860=DIRECTION('ref_axis',(1.,0.,0.));
#10861=DIRECTION('center_axis',(0.,0.,1.));
#10862=DIRECTION('ref_axis',(1.,0.,0.));
#10863=DIRECTION('center_axis',(0.,0.,1.));
#10864=DIRECTION('ref_axis',(1.,0.,0.));
#10865=DIRECTION('',(0.,0.,1.));
#10866=DIRECTION('center_axis',(0.,0.,1.));
#10867=DIRECTION('ref_axis',(1.,0.,0.));
#10868=DIRECTION('center_axis',(0.,0.,1.));
#10869=DIRECTION('ref_axis',(1.,0.,0.));
#10870=DIRECTION('center_axis',(0.,0.,1.));
#10871=DIRECTION('ref_axis',(1.,0.,0.));
#10872=DIRECTION('',(0.,0.,-1.));
#10873=DIRECTION('center_axis',(0.,0.,1.));
#10874=DIRECTION('ref_axis',(1.,0.,0.));
#10875=DIRECTION('center_axis',(0.,0.,1.));
#10876=DIRECTION('ref_axis',(1.,0.,0.));
#10877=DIRECTION('center_axis',(0.,0.,1.));
#10878=DIRECTION('ref_axis',(1.,0.,0.));
#10879=DIRECTION('center_axis',(0.,0.,1.));
#10880=DIRECTION('ref_axis',(1.,0.,0.));
#10881=DIRECTION('center_axis',(0.,0.,1.));
#10882=DIRECTION('ref_axis',(1.,0.,0.));
#10883=DIRECTION('',(0.,0.,-1.));
#10884=DIRECTION('center_axis',(0.,0.,1.));
#10885=DIRECTION('ref_axis',(1.,0.,0.));
#10886=DIRECTION('center_axis',(0.,0.,1.));
#10887=DIRECTION('ref_axis',(1.,0.,0.));
#10888=DIRECTION('center_axis',(0.,0.,1.));
#10889=DIRECTION('ref_axis',(1.,0.,0.));
#10890=DIRECTION('center_axis',(0.,0.,1.));
#10891=DIRECTION('ref_axis',(1.,0.,0.));
#10892=DIRECTION('center_axis',(0.,0.,1.));
#10893=DIRECTION('ref_axis',(1.,0.,0.));
#10894=DIRECTION('',(0.,0.,-1.));
#10895=DIRECTION('center_axis',(0.,0.,1.));
#10896=DIRECTION('ref_axis',(1.,0.,0.));
#10897=DIRECTION('center_axis',(0.,0.,1.));
#10898=DIRECTION('ref_axis',(1.,0.,0.));
#10899=DIRECTION('center_axis',(0.,0.,1.));
#10900=DIRECTION('ref_axis',(1.,0.,0.));
#10901=DIRECTION('center_axis',(0.,0.,1.));
#10902=DIRECTION('ref_axis',(1.,0.,0.));
#10903=DIRECTION('center_axis',(0.,0.,1.));
#10904=DIRECTION('ref_axis',(1.,0.,0.));
#10905=DIRECTION('',(0.,0.,-1.));
#10906=DIRECTION('center_axis',(0.,0.,1.));
#10907=DIRECTION('ref_axis',(1.,0.,0.));
#10908=DIRECTION('center_axis',(0.,0.,1.));
#10909=DIRECTION('ref_axis',(1.,0.,0.));
#10910=DIRECTION('center_axis',(0.,0.,1.));
#10911=DIRECTION('ref_axis',(1.,0.,0.));
#10912=DIRECTION('center_axis',(0.,0.,1.));
#10913=DIRECTION('ref_axis',(1.,0.,0.));
#10914=DIRECTION('center_axis',(0.,0.,1.));
#10915=DIRECTION('ref_axis',(1.,0.,0.));
#10916=DIRECTION('',(0.,0.,-1.));
#10917=DIRECTION('center_axis',(0.,0.,1.));
#10918=DIRECTION('ref_axis',(1.,0.,0.));
#10919=DIRECTION('center_axis',(0.,0.,1.));
#10920=DIRECTION('ref_axis',(1.,0.,0.));
#10921=DIRECTION('center_axis',(0.,0.,1.));
#10922=DIRECTION('ref_axis',(1.,0.,0.));
#10923=DIRECTION('center_axis',(0.,0.,1.));
#10924=DIRECTION('ref_axis',(1.,0.,0.));
#10925=DIRECTION('center_axis',(0.,0.,1.));
#10926=DIRECTION('ref_axis',(1.,0.,0.));
#10927=DIRECTION('',(0.,0.,-1.));
#10928=DIRECTION('center_axis',(0.,0.,1.));
#10929=DIRECTION('ref_axis',(1.,0.,0.));
#10930=DIRECTION('center_axis',(0.,0.,1.));
#10931=DIRECTION('ref_axis',(1.,0.,0.));
#10932=DIRECTION('center_axis',(0.,0.,1.));
#10933=DIRECTION('ref_axis',(1.,0.,0.));
#10934=DIRECTION('center_axis',(0.,0.,1.));
#10935=DIRECTION('ref_axis',(1.,0.,0.));
#10936=DIRECTION('center_axis',(0.,0.,1.));
#10937=DIRECTION('ref_axis',(1.,0.,0.));
#10938=DIRECTION('',(0.,0.,-1.));
#10939=DIRECTION('center_axis',(0.,0.,1.));
#10940=DIRECTION('ref_axis',(1.,0.,0.));
#10941=DIRECTION('center_axis',(0.,0.,1.));
#10942=DIRECTION('ref_axis',(1.,0.,0.));
#10943=DIRECTION('center_axis',(0.,0.,1.));
#10944=DIRECTION('ref_axis',(1.,0.,0.));
#10945=DIRECTION('center_axis',(0.,0.,1.));
#10946=DIRECTION('ref_axis',(1.,0.,0.));
#10947=DIRECTION('center_axis',(0.,0.,1.));
#10948=DIRECTION('ref_axis',(1.,0.,0.));
#10949=DIRECTION('',(0.,0.,-1.));
#10950=DIRECTION('center_axis',(0.,0.,1.));
#10951=DIRECTION('ref_axis',(1.,0.,0.));
#10952=DIRECTION('center_axis',(0.,0.,1.));
#10953=DIRECTION('ref_axis',(1.,0.,0.));
#10954=DIRECTION('center_axis',(0.,0.,1.));
#10955=DIRECTION('ref_axis',(1.,0.,0.));
#10956=DIRECTION('center_axis',(0.,0.,1.));
#10957=DIRECTION('ref_axis',(1.,0.,0.));
#10958=DIRECTION('center_axis',(0.,0.,1.));
#10959=DIRECTION('ref_axis',(1.,0.,0.));
#10960=DIRECTION('',(0.,0.,-1.));
#10961=DIRECTION('center_axis',(0.,0.,1.));
#10962=DIRECTION('ref_axis',(1.,0.,0.));
#10963=DIRECTION('center_axis',(0.,0.,1.));
#10964=DIRECTION('ref_axis',(1.,0.,0.));
#10965=DIRECTION('center_axis',(0.,0.,1.));
#10966=DIRECTION('ref_axis',(1.,0.,0.));
#10967=DIRECTION('axis',(0.,0.,1.));
#10968=DIRECTION('refdir',(1.,0.,0.));
#10969=DIRECTION('center_axis',(0.,0.,1.));
#10970=DIRECTION('ref_axis',(1.,0.,0.));
#10971=DIRECTION('center_axis',(0.,0.,1.));
#10972=DIRECTION('ref_axis',(1.,0.,0.));
#10973=DIRECTION('',(0.,0.,-1.));
#10974=DIRECTION('center_axis',(0.,0.,1.));
#10975=DIRECTION('ref_axis',(1.,0.,0.));
#10976=DIRECTION('center_axis',(0.,0.,1.));
#10977=DIRECTION('ref_axis',(1.,0.,0.));
#10978=DIRECTION('center_axis',(0.,0.,1.));
#10979=DIRECTION('ref_axis',(1.,0.,0.));
#10980=DIRECTION('center_axis',(0.,0.,1.));
#10981=DIRECTION('ref_axis',(1.,0.,0.));
#10982=DIRECTION('center_axis',(0.,0.,1.));
#10983=DIRECTION('ref_axis',(1.,0.,0.));
#10984=DIRECTION('center_axis',(0.,0.,1.));
#10985=DIRECTION('ref_axis',(1.,0.,0.));
#10986=DIRECTION('',(0.,0.,1.));
#10987=DIRECTION('center_axis',(0.,0.,1.));
#10988=DIRECTION('ref_axis',(1.,0.,0.));
#10989=DIRECTION('center_axis',(0.,0.,1.));
#10990=DIRECTION('ref_axis',(1.,0.,0.));
#10991=DIRECTION('center_axis',(0.,0.,1.));
#10992=DIRECTION('ref_axis',(1.,0.,0.));
#10993=DIRECTION('',(0.,0.,-1.));
#10994=DIRECTION('center_axis',(0.,0.,1.));
#10995=DIRECTION('ref_axis',(1.,0.,0.));
#10996=DIRECTION('center_axis',(0.,0.,1.));
#10997=DIRECTION('ref_axis',(1.,0.,0.));
#10998=DIRECTION('center_axis',(0.,0.,1.));
#10999=DIRECTION('ref_axis',(1.,0.,0.));
#11000=DIRECTION('center_axis',(0.,0.,1.));
#11001=DIRECTION('ref_axis',(1.,0.,0.));
#11002=DIRECTION('center_axis',(0.,0.,1.));
#11003=DIRECTION('ref_axis',(1.,0.,0.));
#11004=DIRECTION('',(0.,0.,-1.));
#11005=DIRECTION('center_axis',(0.,0.,1.));
#11006=DIRECTION('ref_axis',(1.,0.,0.));
#11007=DIRECTION('center_axis',(0.,0.,1.));
#11008=DIRECTION('ref_axis',(1.,0.,0.));
#11009=DIRECTION('center_axis',(0.,0.,1.));
#11010=DIRECTION('ref_axis',(1.,0.,0.));
#11011=DIRECTION('center_axis',(0.,0.,1.));
#11012=DIRECTION('ref_axis',(1.,0.,0.));
#11013=DIRECTION('center_axis',(0.,0.,1.));
#11014=DIRECTION('ref_axis',(1.,0.,0.));
#11015=DIRECTION('',(0.,0.,-1.));
#11016=DIRECTION('center_axis',(0.,0.,1.));
#11017=DIRECTION('ref_axis',(1.,0.,0.));
#11018=DIRECTION('center_axis',(0.,0.,1.));
#11019=DIRECTION('ref_axis',(1.,0.,0.));
#11020=DIRECTION('center_axis',(0.,0.,1.));
#11021=DIRECTION('ref_axis',(1.,0.,0.));
#11022=DIRECTION('center_axis',(0.,0.,1.));
#11023=DIRECTION('ref_axis',(1.,0.,0.));
#11024=DIRECTION('center_axis',(0.,0.,1.));
#11025=DIRECTION('ref_axis',(1.,0.,0.));
#11026=DIRECTION('',(0.,0.,-1.));
#11027=DIRECTION('center_axis',(0.,0.,1.));
#11028=DIRECTION('ref_axis',(1.,0.,0.));
#11029=DIRECTION('center_axis',(0.,0.,1.));
#11030=DIRECTION('ref_axis',(1.,0.,0.));
#11031=DIRECTION('center_axis',(0.,0.,1.));
#11032=DIRECTION('ref_axis',(1.,0.,0.));
#11033=DIRECTION('center_axis',(0.,0.,1.));
#11034=DIRECTION('ref_axis',(1.,0.,0.));
#11035=DIRECTION('center_axis',(0.,0.,1.));
#11036=DIRECTION('ref_axis',(1.,0.,0.));
#11037=DIRECTION('',(0.,0.,-1.));
#11038=DIRECTION('center_axis',(0.,0.,1.));
#11039=DIRECTION('ref_axis',(1.,0.,0.));
#11040=DIRECTION('center_axis',(0.,0.,1.));
#11041=DIRECTION('ref_axis',(1.,0.,0.));
#11042=DIRECTION('center_axis',(0.,0.,1.));
#11043=DIRECTION('ref_axis',(1.,0.,0.));
#11044=DIRECTION('center_axis',(0.,0.,1.));
#11045=DIRECTION('ref_axis',(1.,0.,0.));
#11046=DIRECTION('center_axis',(0.,0.,1.));
#11047=DIRECTION('ref_axis',(1.,0.,0.));
#11048=DIRECTION('',(0.,0.,-1.));
#11049=DIRECTION('center_axis',(0.,0.,1.));
#11050=DIRECTION('ref_axis',(1.,0.,0.));
#11051=DIRECTION('center_axis',(0.,0.,1.));
#11052=DIRECTION('ref_axis',(1.,0.,0.));
#11053=DIRECTION('center_axis',(0.,0.,1.));
#11054=DIRECTION('ref_axis',(1.,0.,0.));
#11055=DIRECTION('center_axis',(0.,0.,1.));
#11056=DIRECTION('ref_axis',(1.,0.,0.));
#11057=DIRECTION('center_axis',(0.,0.,1.));
#11058=DIRECTION('ref_axis',(1.,0.,0.));
#11059=DIRECTION('',(0.,0.,-1.));
#11060=DIRECTION('center_axis',(0.,0.,1.));
#11061=DIRECTION('ref_axis',(1.,0.,0.));
#11062=DIRECTION('center_axis',(0.,0.,1.));
#11063=DIRECTION('ref_axis',(1.,0.,0.));
#11064=DIRECTION('center_axis',(0.,0.,1.));
#11065=DIRECTION('ref_axis',(1.,0.,0.));
#11066=DIRECTION('center_axis',(0.,0.,1.));
#11067=DIRECTION('ref_axis',(1.,0.,0.));
#11068=DIRECTION('center_axis',(0.,0.,1.));
#11069=DIRECTION('ref_axis',(1.,0.,0.));
#11070=DIRECTION('',(0.,0.,-1.));
#11071=DIRECTION('center_axis',(0.,0.,1.));
#11072=DIRECTION('ref_axis',(1.,0.,0.));
#11073=DIRECTION('center_axis',(0.,0.,1.));
#11074=DIRECTION('ref_axis',(1.,0.,0.));
#11075=DIRECTION('center_axis',(0.,0.,1.));
#11076=DIRECTION('ref_axis',(1.,0.,0.));
#11077=DIRECTION('center_axis',(0.,0.,1.));
#11078=DIRECTION('ref_axis',(1.,0.,0.));
#11079=DIRECTION('center_axis',(0.,0.,1.));
#11080=DIRECTION('ref_axis',(1.,0.,0.));
#11081=DIRECTION('',(0.,0.,-1.));
#11082=DIRECTION('center_axis',(0.,0.,1.));
#11083=DIRECTION('ref_axis',(1.,0.,0.));
#11084=DIRECTION('center_axis',(0.,0.,1.));
#11085=DIRECTION('ref_axis',(1.,0.,0.));
#11086=DIRECTION('center_axis',(0.,0.,1.));
#11087=DIRECTION('ref_axis',(1.,0.,0.));
#11088=DIRECTION('axis',(0.,0.,1.));
#11089=DIRECTION('refdir',(1.,0.,0.));
#11090=DIRECTION('center_axis',(1.,0.,0.));
#11091=DIRECTION('ref_axis',(0.,0.,1.));
#11092=DIRECTION('',(0.,0.,1.));
#11093=DIRECTION('',(0.,1.,0.));
#11094=DIRECTION('',(0.,0.,1.));
#11095=DIRECTION('',(0.,1.,0.));
#11096=DIRECTION('center_axis',(1.,0.,0.));
#11097=DIRECTION('ref_axis',(0.,0.,1.));
#11098=DIRECTION('',(0.,0.,1.));
#11099=DIRECTION('',(0.,1.,0.));
#11100=DIRECTION('',(0.,0.,1.));
#11101=DIRECTION('',(0.,1.,0.));
#11102=DIRECTION('center_axis',(0.,1.,0.));
#11103=DIRECTION('ref_axis',(0.,0.,1.));
#11104=DIRECTION('',(1.,0.,0.));
#11105=DIRECTION('',(1.,0.,0.));
#11106=DIRECTION('center_axis',(0.,1.,0.));
#11107=DIRECTION('ref_axis',(0.,0.,1.));
#11108=DIRECTION('',(1.,0.,0.));
#11109=DIRECTION('',(1.,0.,0.));
#11110=DIRECTION('center_axis',(0.,0.,1.));
#11111=DIRECTION('ref_axis',(1.,0.,0.));
#11112=DIRECTION('center_axis',(0.,0.,1.));
#11113=DIRECTION('ref_axis',(1.,0.,0.));
#11114=DIRECTION('axis',(0.,0.,1.));
#11115=DIRECTION('refdir',(1.,0.,0.));
#11116=DIRECTION('center_axis',(-1.,1.224646799147E-16,0.));
#11117=DIRECTION('ref_axis',(0.,0.,1.));
#11118=DIRECTION('',(0.,0.,1.));
#11119=DIRECTION('',(-1.224646799147E-16,-1.,0.));
#11120=DIRECTION('',(0.,0.,1.));
#11121=DIRECTION('',(-1.224646799147E-16,-1.,0.));
#11122=DIRECTION('center_axis',(-1.,1.224646799147E-16,0.));
#11123=DIRECTION('ref_axis',(0.,0.,1.));
#11124=DIRECTION('',(0.,0.,1.));
#11125=DIRECTION('',(-1.224646799147E-16,-1.,0.));
#11126=DIRECTION('',(0.,0.,1.));
#11127=DIRECTION('',(-1.224646799147E-16,-1.,0.));
#11128=DIRECTION('center_axis',(-1.224646799147E-16,-1.,0.));
#11129=DIRECTION('ref_axis',(0.,0.,1.));
#11130=DIRECTION('',(-1.,1.224646799147E-16,0.));
#11131=DIRECTION('',(-1.,1.224646799147E-16,0.));
#11132=DIRECTION('center_axis',(-1.224646799147E-16,-1.,0.));
#11133=DIRECTION('ref_axis',(0.,0.,1.));
#11134=DIRECTION('',(-1.,1.224646799147E-16,0.));
#11135=DIRECTION('',(-1.,1.224646799147E-16,0.));
#11136=DIRECTION('center_axis',(0.,0.,1.));
#11137=DIRECTION('ref_axis',(-1.,1.224646799147E-16,0.));
#11138=DIRECTION('center_axis',(0.,0.,1.));
#11139=DIRECTION('ref_axis',(-1.,1.224646799147E-16,0.));
#11140=DIRECTION('center_axis',(-1.,1.224646799147E-16,0.));
#11141=DIRECTION('ref_axis',(0.,0.,1.));
#11142=DIRECTION('',(0.,0.,1.));
#11143=DIRECTION('',(-1.224646799147E-16,-1.,0.));
#11144=DIRECTION('',(0.,0.,1.));
#11145=DIRECTION('',(-1.224646799147E-16,-1.,0.));
#11146=DIRECTION('center_axis',(-1.,1.224646799147E-16,0.));
#11147=DIRECTION('ref_axis',(0.,0.,1.));
#11148=DIRECTION('',(0.,0.,1.));
#11149=DIRECTION('',(-1.224646799147E-16,-1.,0.));
#11150=DIRECTION('',(0.,0.,1.));
#11151=DIRECTION('',(-1.224646799147E-16,-1.,0.));
#11152=DIRECTION('center_axis',(-1.224646799147E-16,-1.,0.));
#11153=DIRECTION('ref_axis',(0.,0.,1.));
#11154=DIRECTION('',(-1.,1.224646799147E-16,0.));
#11155=DIRECTION('',(-1.,1.224646799147E-16,0.));
#11156=DIRECTION('center_axis',(-1.224646799147E-16,-1.,0.));
#11157=DIRECTION('ref_axis',(0.,0.,1.));
#11158=DIRECTION('',(-1.,1.224646799147E-16,0.));
#11159=DIRECTION('',(-1.,1.224646799147E-16,0.));
#11160=DIRECTION('center_axis',(0.,0.,1.));
#11161=DIRECTION('ref_axis',(-1.,1.224646799147E-16,0.));
#11162=DIRECTION('center_axis',(0.,0.,1.));
#11163=DIRECTION('ref_axis',(-1.,1.224646799147E-16,0.));
#11164=DIRECTION('center_axis',(1.110223024625E-16,1.,0.));
#11165=DIRECTION('ref_axis',(0.,0.,1.));
#11166=DIRECTION('',(0.,0.,1.));
#11167=DIRECTION('',(-1.,1.110223024625E-16,0.));
#11168=DIRECTION('',(0.,0.,1.));
#11169=DIRECTION('',(-1.,1.110223024625E-16,0.));
#11170=DIRECTION('center_axis',(1.110223024625E-16,1.,0.));
#11171=DIRECTION('ref_axis',(0.,0.,1.));
#11172=DIRECTION('',(0.,0.,1.));
#11173=DIRECTION('',(-1.,1.110223024625E-16,0.));
#11174=DIRECTION('',(0.,0.,1.));
#11175=DIRECTION('',(-1.,1.110223024625E-16,0.));
#11176=DIRECTION('center_axis',(-1.,1.110223024625E-16,0.));
#11177=DIRECTION('ref_axis',(0.,0.,1.));
#11178=DIRECTION('',(1.110223024625E-16,1.,0.));
#11179=DIRECTION('',(1.110223024625E-16,1.,0.));
#11180=DIRECTION('center_axis',(-1.,1.110223024625E-16,0.));
#11181=DIRECTION('ref_axis',(0.,0.,1.));
#11182=DIRECTION('',(1.110223024625E-16,1.,0.));
#11183=DIRECTION('',(1.110223024625E-16,1.,0.));
#11184=DIRECTION('center_axis',(0.,0.,1.));
#11185=DIRECTION('ref_axis',(1.110223024625E-16,1.,0.));
#11186=DIRECTION('center_axis',(0.,0.,1.));
#11187=DIRECTION('ref_axis',(1.110223024625E-16,1.,0.));
#11188=DIRECTION('center_axis',(-1.,1.224646799147E-16,0.));
#11189=DIRECTION('ref_axis',(0.,0.,1.));
#11190=DIRECTION('',(0.,0.,1.));
#11191=DIRECTION('',(-1.224646799147E-16,-1.,0.));
#11192=DIRECTION('',(0.,0.,1.));
#11193=DIRECTION('',(-1.224646799147E-16,-1.,0.));
#11194=DIRECTION('center_axis',(-1.,1.224646799147E-16,0.));
#11195=DIRECTION('ref_axis',(0.,0.,1.));
#11196=DIRECTION('',(0.,0.,1.));
#11197=DIRECTION('',(-1.224646799147E-16,-1.,0.));
#11198=DIRECTION('',(0.,0.,1.));
#11199=DIRECTION('',(-1.224646799147E-16,-1.,0.));
#11200=DIRECTION('center_axis',(-1.224646799147E-16,-1.,0.));
#11201=DIRECTION('ref_axis',(0.,0.,1.));
#11202=DIRECTION('',(-1.,1.224646799147E-16,0.));
#11203=DIRECTION('',(-1.,1.224646799147E-16,0.));
#11204=DIRECTION('center_axis',(-1.224646799147E-16,-1.,0.));
#11205=DIRECTION('ref_axis',(0.,0.,1.));
#11206=DIRECTION('',(-1.,1.224646799147E-16,0.));
#11207=DIRECTION('',(-1.,1.224646799147E-16,0.));
#11208=DIRECTION('center_axis',(0.,0.,1.));
#11209=DIRECTION('ref_axis',(-1.,1.224646799147E-16,0.));
#11210=DIRECTION('center_axis',(0.,0.,1.));
#11211=DIRECTION('ref_axis',(-1.,1.224646799147E-16,0.));
#11212=DIRECTION('center_axis',(-1.,1.224646799147E-16,0.));
#11213=DIRECTION('ref_axis',(0.,0.,1.));
#11214=DIRECTION('',(0.,0.,1.));
#11215=DIRECTION('',(-1.224646799147E-16,-1.,0.));
#11216=DIRECTION('',(0.,0.,1.));
#11217=DIRECTION('',(-1.224646799147E-16,-1.,0.));
#11218=DIRECTION('center_axis',(-1.,1.224646799147E-16,0.));
#11219=DIRECTION('ref_axis',(0.,0.,1.));
#11220=DIRECTION('',(0.,0.,1.));
#11221=DIRECTION('',(-1.224646799147E-16,-1.,0.));
#11222=DIRECTION('',(0.,0.,1.));
#11223=DIRECTION('',(-1.224646799147E-16,-1.,0.));
#11224=DIRECTION('center_axis',(-1.224646799147E-16,-1.,0.));
#11225=DIRECTION('ref_axis',(0.,0.,1.));
#11226=DIRECTION('',(-1.,1.224646799147E-16,0.));
#11227=DIRECTION('',(-1.,1.224646799147E-16,0.));
#11228=DIRECTION('center_axis',(-1.224646799147E-16,-1.,0.));
#11229=DIRECTION('ref_axis',(0.,0.,1.));
#11230=DIRECTION('',(-1.,1.224646799147E-16,0.));
#11231=DIRECTION('',(-1.,1.224646799147E-16,0.));
#11232=DIRECTION('center_axis',(0.,0.,1.));
#11233=DIRECTION('ref_axis',(-1.,1.224646799147E-16,0.));
#11234=DIRECTION('center_axis',(0.,0.,1.));
#11235=DIRECTION('ref_axis',(-1.,1.224646799147E-16,0.));
#11236=DIRECTION('center_axis',(-1.,1.224646799147E-16,0.));
#11237=DIRECTION('ref_axis',(0.,0.,1.));
#11238=DIRECTION('',(0.,0.,1.));
#11239=DIRECTION('',(-1.224646799147E-16,-1.,0.));
#11240=DIRECTION('',(0.,0.,1.));
#11241=DIRECTION('',(-1.224646799147E-16,-1.,0.));
#11242=DIRECTION('center_axis',(-1.,1.224646799147E-16,0.));
#11243=DIRECTION('ref_axis',(0.,0.,1.));
#11244=DIRECTION('',(0.,0.,1.));
#11245=DIRECTION('',(-1.224646799147E-16,-1.,0.));
#11246=DIRECTION('',(0.,0.,1.));
#11247=DIRECTION('',(-1.224646799147E-16,-1.,0.));
#11248=DIRECTION('center_axis',(-1.224646799147E-16,-1.,0.));
#11249=DIRECTION('ref_axis',(0.,0.,1.));
#11250=DIRECTION('',(-1.,1.224646799147E-16,0.));
#11251=DIRECTION('',(-1.,1.224646799147E-16,0.));
#11252=DIRECTION('center_axis',(-1.224646799147E-16,-1.,0.));
#11253=DIRECTION('ref_axis',(0.,0.,1.));
#11254=DIRECTION('',(-1.,1.224646799147E-16,0.));
#11255=DIRECTION('',(-1.,1.224646799147E-16,0.));
#11256=DIRECTION('center_axis',(0.,0.,1.));
#11257=DIRECTION('ref_axis',(-1.,1.224646799147E-16,0.));
#11258=DIRECTION('center_axis',(0.,0.,1.));
#11259=DIRECTION('ref_axis',(-1.,1.224646799147E-16,0.));
#11260=DIRECTION('center_axis',(-1.,1.224646799147E-16,0.));
#11261=DIRECTION('ref_axis',(0.,0.,1.));
#11262=DIRECTION('',(0.,0.,1.));
#11263=DIRECTION('',(-1.224646799147E-16,-1.,0.));
#11264=DIRECTION('',(0.,0.,1.));
#11265=DIRECTION('',(-1.224646799147E-16,-1.,0.));
#11266=DIRECTION('center_axis',(-1.,1.224646799147E-16,0.));
#11267=DIRECTION('ref_axis',(0.,0.,1.));
#11268=DIRECTION('',(0.,0.,1.));
#11269=DIRECTION('',(-1.224646799147E-16,-1.,0.));
#11270=DIRECTION('',(0.,0.,1.));
#11271=DIRECTION('',(-1.224646799147E-16,-1.,0.));
#11272=DIRECTION('center_axis',(-1.224646799147E-16,-1.,0.));
#11273=DIRECTION('ref_axis',(0.,0.,1.));
#11274=DIRECTION('',(-1.,1.224646799147E-16,0.));
#11275=DIRECTION('',(-1.,1.224646799147E-16,0.));
#11276=DIRECTION('center_axis',(-1.224646799147E-16,-1.,0.));
#11277=DIRECTION('ref_axis',(0.,0.,1.));
#11278=DIRECTION('',(-1.,1.224646799147E-16,0.));
#11279=DIRECTION('',(-1.,1.224646799147E-16,0.));
#11280=DIRECTION('center_axis',(0.,0.,1.));
#11281=DIRECTION('ref_axis',(-1.,1.224646799147E-16,0.));
#11282=DIRECTION('center_axis',(0.,0.,1.));
#11283=DIRECTION('ref_axis',(-1.,1.224646799147E-16,0.));
#11284=DIRECTION('center_axis',(-1.,1.224646799147E-16,0.));
#11285=DIRECTION('ref_axis',(0.,0.,1.));
#11286=DIRECTION('',(0.,0.,1.));
#11287=DIRECTION('',(-1.224646799147E-16,-1.,0.));
#11288=DIRECTION('',(0.,0.,1.));
#11289=DIRECTION('',(-1.224646799147E-16,-1.,0.));
#11290=DIRECTION('center_axis',(-1.,1.224646799147E-16,0.));
#11291=DIRECTION('ref_axis',(0.,0.,1.));
#11292=DIRECTION('',(0.,0.,1.));
#11293=DIRECTION('',(-1.224646799147E-16,-1.,0.));
#11294=DIRECTION('',(0.,0.,1.));
#11295=DIRECTION('',(-1.224646799147E-16,-1.,0.));
#11296=DIRECTION('center_axis',(-1.224646799147E-16,-1.,0.));
#11297=DIRECTION('ref_axis',(0.,0.,1.));
#11298=DIRECTION('',(-1.,1.224646799147E-16,0.));
#11299=DIRECTION('',(-1.,1.224646799147E-16,0.));
#11300=DIRECTION('center_axis',(-1.224646799147E-16,-1.,0.));
#11301=DIRECTION('ref_axis',(0.,0.,1.));
#11302=DIRECTION('',(-1.,1.224646799147E-16,0.));
#11303=DIRECTION('',(-1.,1.224646799147E-16,0.));
#11304=DIRECTION('center_axis',(0.,0.,1.));
#11305=DIRECTION('ref_axis',(-1.,1.224646799147E-16,0.));
#11306=DIRECTION('center_axis',(0.,0.,1.));
#11307=DIRECTION('ref_axis',(-1.,1.224646799147E-16,0.));
#11308=DIRECTION('center_axis',(1.110223024625E-16,1.,0.));
#11309=DIRECTION('ref_axis',(0.,0.,1.));
#11310=DIRECTION('',(0.,0.,1.));
#11311=DIRECTION('',(-1.,1.110223024625E-16,0.));
#11312=DIRECTION('',(0.,0.,1.));
#11313=DIRECTION('',(-1.,1.110223024625E-16,0.));
#11314=DIRECTION('center_axis',(1.110223024625E-16,1.,0.));
#11315=DIRECTION('ref_axis',(0.,0.,1.));
#11316=DIRECTION('',(0.,0.,1.));
#11317=DIRECTION('',(-1.,1.110223024625E-16,0.));
#11318=DIRECTION('',(0.,0.,1.));
#11319=DIRECTION('',(-1.,1.110223024625E-16,0.));
#11320=DIRECTION('center_axis',(-1.,1.110223024625E-16,0.));
#11321=DIRECTION('ref_axis',(0.,0.,1.));
#11322=DIRECTION('',(1.110223024625E-16,1.,0.));
#11323=DIRECTION('',(1.110223024625E-16,1.,0.));
#11324=DIRECTION('center_axis',(-1.,1.110223024625E-16,0.));
#11325=DIRECTION('ref_axis',(0.,0.,1.));
#11326=DIRECTION('',(1.110223024625E-16,1.,0.));
#11327=DIRECTION('',(1.110223024625E-16,1.,0.));
#11328=DIRECTION('center_axis',(0.,0.,1.));
#11329=DIRECTION('ref_axis',(1.110223024625E-16,1.,0.));
#11330=DIRECTION('center_axis',(0.,0.,1.));
#11331=DIRECTION('ref_axis',(1.110223024625E-16,1.,0.));
#11332=DIRECTION('center_axis',(1.110223024625E-16,1.,0.));
#11333=DIRECTION('ref_axis',(0.,0.,1.));
#11334=DIRECTION('',(0.,0.,1.));
#11335=DIRECTION('',(-1.,1.110223024625E-16,0.));
#11336=DIRECTION('',(0.,0.,1.));
#11337=DIRECTION('',(-1.,1.110223024625E-16,0.));
#11338=DIRECTION('center_axis',(1.110223024625E-16,1.,0.));
#11339=DIRECTION('ref_axis',(0.,0.,1.));
#11340=DIRECTION('',(0.,0.,1.));
#11341=DIRECTION('',(-1.,1.110223024625E-16,0.));
#11342=DIRECTION('',(0.,0.,1.));
#11343=DIRECTION('',(-1.,1.110223024625E-16,0.));
#11344=DIRECTION('center_axis',(-1.,1.110223024625E-16,0.));
#11345=DIRECTION('ref_axis',(0.,0.,1.));
#11346=DIRECTION('',(1.110223024625E-16,1.,0.));
#11347=DIRECTION('',(1.110223024625E-16,1.,0.));
#11348=DIRECTION('center_axis',(-1.,1.110223024625E-16,0.));
#11349=DIRECTION('ref_axis',(0.,0.,1.));
#11350=DIRECTION('',(1.110223024625E-16,1.,0.));
#11351=DIRECTION('',(1.110223024625E-16,1.,0.));
#11352=DIRECTION('center_axis',(0.,0.,1.));
#11353=DIRECTION('ref_axis',(1.110223024625E-16,1.,0.));
#11354=DIRECTION('center_axis',(0.,0.,1.));
#11355=DIRECTION('ref_axis',(1.110223024625E-16,1.,0.));
#11356=DIRECTION('center_axis',(1.110223024625E-16,1.,0.));
#11357=DIRECTION('ref_axis',(0.,0.,1.));
#11358=DIRECTION('',(0.,0.,1.));
#11359=DIRECTION('',(-1.,1.110223024625E-16,0.));
#11360=DIRECTION('',(0.,0.,1.));
#11361=DIRECTION('',(-1.,1.110223024625E-16,0.));
#11362=DIRECTION('center_axis',(1.110223024625E-16,1.,0.));
#11363=DIRECTION('ref_axis',(0.,0.,1.));
#11364=DIRECTION('',(0.,0.,1.));
#11365=DIRECTION('',(-1.,1.110223024625E-16,0.));
#11366=DIRECTION('',(0.,0.,1.));
#11367=DIRECTION('',(-1.,1.110223024625E-16,0.));
#11368=DIRECTION('center_axis',(-1.,1.110223024625E-16,0.));
#11369=DIRECTION('ref_axis',(0.,0.,1.));
#11370=DIRECTION('',(1.110223024625E-16,1.,0.));
#11371=DIRECTION('',(1.110223024625E-16,1.,0.));
#11372=DIRECTION('center_axis',(-1.,1.110223024625E-16,0.));
#11373=DIRECTION('ref_axis',(0.,0.,1.));
#11374=DIRECTION('',(1.110223024625E-16,1.,0.));
#11375=DIRECTION('',(1.110223024625E-16,1.,0.));
#11376=DIRECTION('center_axis',(0.,0.,1.));
#11377=DIRECTION('ref_axis',(1.110223024625E-16,1.,0.));
#11378=DIRECTION('center_axis',(0.,0.,1.));
#11379=DIRECTION('ref_axis',(1.110223024625E-16,1.,0.));
#11380=DIRECTION('center_axis',(1.110223024625E-16,1.,0.));
#11381=DIRECTION('ref_axis',(0.,0.,1.));
#11382=DIRECTION('',(0.,0.,1.));
#11383=DIRECTION('',(-1.,1.110223024625E-16,0.));
#11384=DIRECTION('',(0.,0.,1.));
#11385=DIRECTION('',(-1.,1.110223024625E-16,0.));
#11386=DIRECTION('center_axis',(1.110223024625E-16,1.,0.));
#11387=DIRECTION('ref_axis',(0.,0.,1.));
#11388=DIRECTION('',(0.,0.,1.));
#11389=DIRECTION('',(-1.,1.110223024625E-16,0.));
#11390=DIRECTION('',(0.,0.,1.));
#11391=DIRECTION('',(-1.,1.110223024625E-16,0.));
#11392=DIRECTION('center_axis',(-1.,1.110223024625E-16,0.));
#11393=DIRECTION('ref_axis',(0.,0.,1.));
#11394=DIRECTION('',(1.110223024625E-16,1.,0.));
#11395=DIRECTION('',(1.110223024625E-16,1.,0.));
#11396=DIRECTION('center_axis',(-1.,1.110223024625E-16,0.));
#11397=DIRECTION('ref_axis',(0.,0.,1.));
#11398=DIRECTION('',(1.110223024625E-16,1.,0.));
#11399=DIRECTION('',(1.110223024625E-16,1.,0.));
#11400=DIRECTION('center_axis',(0.,0.,1.));
#11401=DIRECTION('ref_axis',(1.110223024625E-16,1.,0.));
#11402=DIRECTION('center_axis',(0.,0.,1.));
#11403=DIRECTION('ref_axis',(1.110223024625E-16,1.,0.));
#11404=DIRECTION('center_axis',(1.110223024625E-16,1.,0.));
#11405=DIRECTION('ref_axis',(0.,0.,1.));
#11406=DIRECTION('',(0.,0.,1.));
#11407=DIRECTION('',(-1.,1.110223024625E-16,0.));
#11408=DIRECTION('',(0.,0.,1.));
#11409=DIRECTION('',(-1.,1.110223024625E-16,0.));
#11410=DIRECTION('center_axis',(1.110223024625E-16,1.,0.));
#11411=DIRECTION('ref_axis',(0.,0.,1.));
#11412=DIRECTION('',(0.,0.,1.));
#11413=DIRECTION('',(-1.,1.110223024625E-16,0.));
#11414=DIRECTION('',(0.,0.,1.));
#11415=DIRECTION('',(-1.,1.110223024625E-16,0.));
#11416=DIRECTION('center_axis',(-1.,1.110223024625E-16,0.));
#11417=DIRECTION('ref_axis',(0.,0.,1.));
#11418=DIRECTION('',(1.110223024625E-16,1.,0.));
#11419=DIRECTION('',(1.110223024625E-16,1.,0.));
#11420=DIRECTION('center_axis',(-1.,1.110223024625E-16,0.));
#11421=DIRECTION('ref_axis',(0.,0.,1.));
#11422=DIRECTION('',(1.110223024625E-16,1.,0.));
#11423=DIRECTION('',(1.110223024625E-16,1.,0.));
#11424=DIRECTION('center_axis',(0.,0.,1.));
#11425=DIRECTION('ref_axis',(1.110223024625E-16,1.,0.));
#11426=DIRECTION('center_axis',(0.,0.,1.));
#11427=DIRECTION('ref_axis',(1.110223024625E-16,1.,0.));
#11428=DIRECTION('center_axis',(1.110223024625E-16,1.,0.));
#11429=DIRECTION('ref_axis',(0.,0.,1.));
#11430=DIRECTION('',(0.,0.,1.));
#11431=DIRECTION('',(-1.,1.110223024625E-16,0.));
#11432=DIRECTION('',(0.,0.,1.));
#11433=DIRECTION('',(-1.,1.110223024625E-16,0.));
#11434=DIRECTION('center_axis',(1.110223024625E-16,1.,0.));
#11435=DIRECTION('ref_axis',(0.,0.,1.));
#11436=DIRECTION('',(0.,0.,1.));
#11437=DIRECTION('',(-1.,1.110223024625E-16,0.));
#11438=DIRECTION('',(0.,0.,1.));
#11439=DIRECTION('',(-1.,1.110223024625E-16,0.));
#11440=DIRECTION('center_axis',(-1.,1.110223024625E-16,0.));
#11441=DIRECTION('ref_axis',(0.,0.,1.));
#11442=DIRECTION('',(1.110223024625E-16,1.,0.));
#11443=DIRECTION('',(1.110223024625E-16,1.,0.));
#11444=DIRECTION('center_axis',(-1.,1.110223024625E-16,0.));
#11445=DIRECTION('ref_axis',(0.,0.,1.));
#11446=DIRECTION('',(1.110223024625E-16,1.,0.));
#11447=DIRECTION('',(1.110223024625E-16,1.,0.));
#11448=DIRECTION('center_axis',(0.,0.,1.));
#11449=DIRECTION('ref_axis',(1.110223024625E-16,1.,0.));
#11450=DIRECTION('center_axis',(0.,0.,1.));
#11451=DIRECTION('ref_axis',(1.110223024625E-16,1.,0.));
#11452=DIRECTION('center_axis',(1.110223024625E-16,1.,0.));
#11453=DIRECTION('ref_axis',(0.,0.,1.));
#11454=DIRECTION('',(0.,0.,1.));
#11455=DIRECTION('',(-1.,1.110223024625E-16,0.));
#11456=DIRECTION('',(0.,0.,1.));
#11457=DIRECTION('',(-1.,1.110223024625E-16,0.));
#11458=DIRECTION('center_axis',(1.110223024625E-16,1.,0.));
#11459=DIRECTION('ref_axis',(0.,0.,1.));
#11460=DIRECTION('',(0.,0.,1.));
#11461=DIRECTION('',(-1.,1.110223024625E-16,0.));
#11462=DIRECTION('',(0.,0.,1.));
#11463=DIRECTION('',(-1.,1.110223024625E-16,0.));
#11464=DIRECTION('center_axis',(-1.,1.110223024625E-16,0.));
#11465=DIRECTION('ref_axis',(0.,0.,1.));
#11466=DIRECTION('',(1.110223024625E-16,1.,0.));
#11467=DIRECTION('',(1.110223024625E-16,1.,0.));
#11468=DIRECTION('center_axis',(-1.,1.110223024625E-16,0.));
#11469=DIRECTION('ref_axis',(0.,0.,1.));
#11470=DIRECTION('',(1.110223024625E-16,1.,0.));
#11471=DIRECTION('',(1.110223024625E-16,1.,0.));
#11472=DIRECTION('center_axis',(0.,0.,1.));
#11473=DIRECTION('ref_axis',(1.110223024625E-16,1.,0.));
#11474=DIRECTION('center_axis',(0.,0.,1.));
#11475=DIRECTION('ref_axis',(1.110223024625E-16,1.,0.));
#11476=DIRECTION('center_axis',(1.110223024625E-16,1.,0.));
#11477=DIRECTION('ref_axis',(0.,0.,1.));
#11478=DIRECTION('',(0.,0.,1.));
#11479=DIRECTION('',(-1.,1.110223024625E-16,0.));
#11480=DIRECTION('',(0.,0.,1.));
#11481=DIRECTION('',(-1.,1.110223024625E-16,0.));
#11482=DIRECTION('center_axis',(1.110223024625E-16,1.,0.));
#11483=DIRECTION('ref_axis',(0.,0.,1.));
#11484=DIRECTION('',(0.,0.,1.));
#11485=DIRECTION('',(-1.,1.110223024625E-16,0.));
#11486=DIRECTION('',(0.,0.,1.));
#11487=DIRECTION('',(-1.,1.110223024625E-16,0.));
#11488=DIRECTION('center_axis',(-1.,1.110223024625E-16,0.));
#11489=DIRECTION('ref_axis',(0.,0.,1.));
#11490=DIRECTION('',(1.110223024625E-16,1.,0.));
#11491=DIRECTION('',(1.110223024625E-16,1.,0.));
#11492=DIRECTION('center_axis',(-1.,1.110223024625E-16,0.));
#11493=DIRECTION('ref_axis',(0.,0.,1.));
#11494=DIRECTION('',(1.110223024625E-16,1.,0.));
#11495=DIRECTION('',(1.110223024625E-16,1.,0.));
#11496=DIRECTION('center_axis',(0.,0.,1.));
#11497=DIRECTION('ref_axis',(1.110223024625E-16,1.,0.));
#11498=DIRECTION('center_axis',(0.,0.,1.));
#11499=DIRECTION('ref_axis',(1.110223024625E-16,1.,0.));
#11500=DIRECTION('center_axis',(-1.,1.224646799147E-16,0.));
#11501=DIRECTION('ref_axis',(0.,0.,1.));
#11502=DIRECTION('',(0.,0.,1.));
#11503=DIRECTION('',(-1.224646799147E-16,-1.,0.));
#11504=DIRECTION('',(0.,0.,1.));
#11505=DIRECTION('',(-1.224646799147E-16,-1.,0.));
#11506=DIRECTION('center_axis',(-1.,1.224646799147E-16,0.));
#11507=DIRECTION('ref_axis',(0.,0.,1.));
#11508=DIRECTION('',(0.,0.,1.));
#11509=DIRECTION('',(-1.224646799147E-16,-1.,0.));
#11510=DIRECTION('',(0.,0.,1.));
#11511=DIRECTION('',(-1.224646799147E-16,-1.,0.));
#11512=DIRECTION('center_axis',(-1.224646799147E-16,-1.,0.));
#11513=DIRECTION('ref_axis',(0.,0.,1.));
#11514=DIRECTION('',(-1.,1.224646799147E-16,0.));
#11515=DIRECTION('',(-1.,1.224646799147E-16,0.));
#11516=DIRECTION('center_axis',(-1.224646799147E-16,-1.,0.));
#11517=DIRECTION('ref_axis',(0.,0.,1.));
#11518=DIRECTION('',(-1.,1.224646799147E-16,0.));
#11519=DIRECTION('',(-1.,1.224646799147E-16,0.));
#11520=DIRECTION('center_axis',(0.,0.,1.));
#11521=DIRECTION('ref_axis',(-1.,1.224646799147E-16,0.));
#11522=DIRECTION('center_axis',(0.,0.,1.));
#11523=DIRECTION('ref_axis',(-1.,1.224646799147E-16,0.));
#11524=DIRECTION('center_axis',(-1.,1.224646799147E-16,0.));
#11525=DIRECTION('ref_axis',(0.,0.,1.));
#11526=DIRECTION('',(0.,0.,1.));
#11527=DIRECTION('',(-1.224646799147E-16,-1.,0.));
#11528=DIRECTION('',(0.,0.,1.));
#11529=DIRECTION('',(-1.224646799147E-16,-1.,0.));
#11530=DIRECTION('center_axis',(-1.,1.224646799147E-16,0.));
#11531=DIRECTION('ref_axis',(0.,0.,1.));
#11532=DIRECTION('',(0.,0.,1.));
#11533=DIRECTION('',(-1.224646799147E-16,-1.,0.));
#11534=DIRECTION('',(0.,0.,1.));
#11535=DIRECTION('',(-1.224646799147E-16,-1.,0.));
#11536=DIRECTION('center_axis',(-1.224646799147E-16,-1.,0.));
#11537=DIRECTION('ref_axis',(0.,0.,1.));
#11538=DIRECTION('',(-1.,1.224646799147E-16,0.));
#11539=DIRECTION('',(-1.,1.224646799147E-16,0.));
#11540=DIRECTION('center_axis',(-1.224646799147E-16,-1.,0.));
#11541=DIRECTION('ref_axis',(0.,0.,1.));
#11542=DIRECTION('',(-1.,1.224646799147E-16,0.));
#11543=DIRECTION('',(-1.,1.224646799147E-16,0.));
#11544=DIRECTION('center_axis',(0.,0.,1.));
#11545=DIRECTION('ref_axis',(-1.,1.224646799147E-16,0.));
#11546=DIRECTION('center_axis',(0.,0.,1.));
#11547=DIRECTION('ref_axis',(-1.,1.224646799147E-16,0.));
#11548=DIRECTION('center_axis',(-1.,1.224646799147E-16,0.));
#11549=DIRECTION('ref_axis',(0.,0.,1.));
#11550=DIRECTION('',(0.,0.,1.));
#11551=DIRECTION('',(-1.224646799147E-16,-1.,0.));
#11552=DIRECTION('',(0.,0.,1.));
#11553=DIRECTION('',(-1.224646799147E-16,-1.,0.));
#11554=DIRECTION('center_axis',(-1.,1.224646799147E-16,0.));
#11555=DIRECTION('ref_axis',(0.,0.,1.));
#11556=DIRECTION('',(0.,0.,1.));
#11557=DIRECTION('',(-1.224646799147E-16,-1.,0.));
#11558=DIRECTION('',(0.,0.,1.));
#11559=DIRECTION('',(-1.224646799147E-16,-1.,0.));
#11560=DIRECTION('center_axis',(-1.224646799147E-16,-1.,0.));
#11561=DIRECTION('ref_axis',(0.,0.,1.));
#11562=DIRECTION('',(-1.,1.224646799147E-16,0.));
#11563=DIRECTION('',(-1.,1.224646799147E-16,0.));
#11564=DIRECTION('center_axis',(-1.224646799147E-16,-1.,0.));
#11565=DIRECTION('ref_axis',(0.,0.,1.));
#11566=DIRECTION('',(-1.,1.224646799147E-16,0.));
#11567=DIRECTION('',(-1.,1.224646799147E-16,0.));
#11568=DIRECTION('center_axis',(0.,0.,1.));
#11569=DIRECTION('ref_axis',(-1.,1.224646799147E-16,0.));
#11570=DIRECTION('center_axis',(0.,0.,1.));
#11571=DIRECTION('ref_axis',(-1.,1.224646799147E-16,0.));
#11572=DIRECTION('center_axis',(-1.,1.224646799147E-16,0.));
#11573=DIRECTION('ref_axis',(0.,0.,1.));
#11574=DIRECTION('',(0.,0.,1.));
#11575=DIRECTION('',(-1.224646799147E-16,-1.,0.));
#11576=DIRECTION('',(0.,0.,1.));
#11577=DIRECTION('',(-1.224646799147E-16,-1.,0.));
#11578=DIRECTION('center_axis',(-1.,1.224646799147E-16,0.));
#11579=DIRECTION('ref_axis',(0.,0.,1.));
#11580=DIRECTION('',(0.,0.,1.));
#11581=DIRECTION('',(-1.224646799147E-16,-1.,0.));
#11582=DIRECTION('',(0.,0.,1.));
#11583=DIRECTION('',(-1.224646799147E-16,-1.,0.));
#11584=DIRECTION('center_axis',(-1.224646799147E-16,-1.,0.));
#11585=DIRECTION('ref_axis',(0.,0.,1.));
#11586=DIRECTION('',(-1.,1.224646799147E-16,0.));
#11587=DIRECTION('',(-1.,1.224646799147E-16,0.));
#11588=DIRECTION('center_axis',(-1.224646799147E-16,-1.,0.));
#11589=DIRECTION('ref_axis',(0.,0.,1.));
#11590=DIRECTION('',(-1.,1.224646799147E-16,0.));
#11591=DIRECTION('',(-1.,1.224646799147E-16,0.));
#11592=DIRECTION('center_axis',(0.,0.,1.));
#11593=DIRECTION('ref_axis',(-1.,1.224646799147E-16,0.));
#11594=DIRECTION('center_axis',(0.,0.,1.));
#11595=DIRECTION('ref_axis',(-1.,1.224646799147E-16,0.));
#11596=DIRECTION('center_axis',(-1.,1.224646799147E-16,0.));
#11597=DIRECTION('ref_axis',(0.,0.,1.));
#11598=DIRECTION('',(0.,0.,1.));
#11599=DIRECTION('',(-1.224646799147E-16,-1.,0.));
#11600=DIRECTION('',(0.,0.,1.));
#11601=DIRECTION('',(-1.224646799147E-16,-1.,0.));
#11602=DIRECTION('center_axis',(-1.,1.224646799147E-16,0.));
#11603=DIRECTION('ref_axis',(0.,0.,1.));
#11604=DIRECTION('',(0.,0.,1.));
#11605=DIRECTION('',(-1.224646799147E-16,-1.,0.));
#11606=DIRECTION('',(0.,0.,1.));
#11607=DIRECTION('',(-1.224646799147E-16,-1.,0.));
#11608=DIRECTION('center_axis',(-1.224646799147E-16,-1.,0.));
#11609=DIRECTION('ref_axis',(0.,0.,1.));
#11610=DIRECTION('',(-1.,1.224646799147E-16,0.));
#11611=DIRECTION('',(-1.,1.224646799147E-16,0.));
#11612=DIRECTION('center_axis',(-1.224646799147E-16,-1.,0.));
#11613=DIRECTION('ref_axis',(0.,0.,1.));
#11614=DIRECTION('',(-1.,1.224646799147E-16,0.));
#11615=DIRECTION('',(-1.,1.224646799147E-16,0.));
#11616=DIRECTION('center_axis',(0.,0.,1.));
#11617=DIRECTION('ref_axis',(-1.,1.224646799147E-16,0.));
#11618=DIRECTION('center_axis',(0.,0.,1.));
#11619=DIRECTION('ref_axis',(-1.,1.224646799147E-16,0.));
#11620=DIRECTION('center_axis',(-1.,1.224646799147E-16,0.));
#11621=DIRECTION('ref_axis',(0.,0.,1.));
#11622=DIRECTION('',(0.,0.,1.));
#11623=DIRECTION('',(-1.224646799147E-16,-1.,0.));
#11624=DIRECTION('',(0.,0.,1.));
#11625=DIRECTION('',(-1.224646799147E-16,-1.,0.));
#11626=DIRECTION('center_axis',(-1.,1.224646799147E-16,0.));
#11627=DIRECTION('ref_axis',(0.,0.,1.));
#11628=DIRECTION('',(0.,0.,1.));
#11629=DIRECTION('',(-1.224646799147E-16,-1.,0.));
#11630=DIRECTION('',(0.,0.,1.));
#11631=DIRECTION('',(-1.224646799147E-16,-1.,0.));
#11632=DIRECTION('center_axis',(-1.224646799147E-16,-1.,0.));
#11633=DIRECTION('ref_axis',(0.,0.,1.));
#11634=DIRECTION('',(-1.,1.224646799147E-16,0.));
#11635=DIRECTION('',(-1.,1.224646799147E-16,0.));
#11636=DIRECTION('center_axis',(-1.224646799147E-16,-1.,0.));
#11637=DIRECTION('ref_axis',(0.,0.,1.));
#11638=DIRECTION('',(-1.,1.224646799147E-16,0.));
#11639=DIRECTION('',(-1.,1.224646799147E-16,0.));
#11640=DIRECTION('center_axis',(0.,0.,1.));
#11641=DIRECTION('ref_axis',(-1.,1.224646799147E-16,0.));
#11642=DIRECTION('center_axis',(0.,0.,1.));
#11643=DIRECTION('ref_axis',(-1.,1.224646799147E-16,0.));
#11644=DIRECTION('center_axis',(-1.,1.224646799147E-16,0.));
#11645=DIRECTION('ref_axis',(0.,0.,1.));
#11646=DIRECTION('',(0.,0.,1.));
#11647=DIRECTION('',(-1.224646799147E-16,-1.,0.));
#11648=DIRECTION('',(0.,0.,1.));
#11649=DIRECTION('',(-1.224646799147E-16,-1.,0.));
#11650=DIRECTION('center_axis',(-1.,1.224646799147E-16,0.));
#11651=DIRECTION('ref_axis',(0.,0.,1.));
#11652=DIRECTION('',(0.,0.,1.));
#11653=DIRECTION('',(-1.224646799147E-16,-1.,0.));
#11654=DIRECTION('',(0.,0.,1.));
#11655=DIRECTION('',(-1.224646799147E-16,-1.,0.));
#11656=DIRECTION('center_axis',(-1.224646799147E-16,-1.,0.));
#11657=DIRECTION('ref_axis',(0.,0.,1.));
#11658=DIRECTION('',(-1.,1.224646799147E-16,0.));
#11659=DIRECTION('',(-1.,1.224646799147E-16,0.));
#11660=DIRECTION('center_axis',(-1.224646799147E-16,-1.,0.));
#11661=DIRECTION('ref_axis',(0.,0.,1.));
#11662=DIRECTION('',(-1.,1.224646799147E-16,0.));
#11663=DIRECTION('',(-1.,1.224646799147E-16,0.));
#11664=DIRECTION('center_axis',(0.,0.,1.));
#11665=DIRECTION('ref_axis',(-1.,1.224646799147E-16,0.));
#11666=DIRECTION('center_axis',(0.,0.,1.));
#11667=DIRECTION('ref_axis',(-1.,1.224646799147E-16,0.));
#11668=DIRECTION('center_axis',(1.110223024625E-16,1.,0.));
#11669=DIRECTION('ref_axis',(0.,0.,1.));
#11670=DIRECTION('',(0.,0.,1.));
#11671=DIRECTION('',(-1.,1.110223024625E-16,0.));
#11672=DIRECTION('',(0.,0.,1.));
#11673=DIRECTION('',(-1.,1.110223024625E-16,0.));
#11674=DIRECTION('center_axis',(1.110223024625E-16,1.,0.));
#11675=DIRECTION('ref_axis',(0.,0.,1.));
#11676=DIRECTION('',(0.,0.,1.));
#11677=DIRECTION('',(-1.,1.110223024625E-16,0.));
#11678=DIRECTION('',(0.,0.,1.));
#11679=DIRECTION('',(-1.,1.110223024625E-16,0.));
#11680=DIRECTION('center_axis',(-1.,1.110223024625E-16,0.));
#11681=DIRECTION('ref_axis',(0.,0.,1.));
#11682=DIRECTION('',(1.110223024625E-16,1.,0.));
#11683=DIRECTION('',(1.110223024625E-16,1.,0.));
#11684=DIRECTION('center_axis',(-1.,1.110223024625E-16,0.));
#11685=DIRECTION('ref_axis',(0.,0.,1.));
#11686=DIRECTION('',(1.110223024625E-16,1.,0.));
#11687=DIRECTION('',(1.110223024625E-16,1.,0.));
#11688=DIRECTION('center_axis',(0.,0.,1.));
#11689=DIRECTION('ref_axis',(1.110223024625E-16,1.,0.));
#11690=DIRECTION('center_axis',(0.,0.,1.));
#11691=DIRECTION('ref_axis',(1.110223024625E-16,1.,0.));
#11692=DIRECTION('',(0.,0.,1.));
#11693=DIRECTION('',(1.,0.,0.));
#11694=DIRECTION('',(0.,0.,1.));
#11695=DIRECTION('',(1.,0.,0.));
#11696=DIRECTION('',(0.,0.,1.));
#11697=DIRECTION('',(1.,0.,0.));
#11698=DIRECTION('',(0.,0.,1.));
#11699=DIRECTION('',(1.,0.,0.));
#11700=DIRECTION('',(0.,0.,1.));
#11701=DIRECTION('',(1.,0.,0.));
#11702=DIRECTION('',(0.,0.,1.));
#11703=DIRECTION('',(1.,0.,0.));
#11704=DIRECTION('',(0.,0.,1.));
#11705=DIRECTION('',(1.,0.,0.));
#11706=DIRECTION('',(0.,0.,1.));
#11707=DIRECTION('',(1.,0.,0.));
#11708=DIRECTION('',(0.,0.,1.));
#11709=DIRECTION('',(1.,0.,0.));
#11710=DIRECTION('',(0.,0.,1.));
#11711=DIRECTION('',(1.,0.,0.));
#11712=DIRECTION('',(0.,0.,1.));
#11713=DIRECTION('',(1.,0.,0.));
#11714=DIRECTION('',(0.,0.,1.));
#11715=DIRECTION('',(1.,0.,0.));
#11716=DIRECTION('',(0.,0.,1.));
#11717=DIRECTION('',(1.,0.,0.));
#11718=DIRECTION('',(0.,0.,1.));
#11719=DIRECTION('',(1.,0.,0.));
#11720=DIRECTION('',(0.,0.,1.));
#11721=DIRECTION('',(1.,0.,0.));
#11722=DIRECTION('',(0.,0.,1.));
#11723=DIRECTION('',(1.,0.,0.));
#11724=DIRECTION('',(0.,0.,1.));
#11725=DIRECTION('',(1.,0.,0.));
#11726=DIRECTION('',(0.,0.,1.));
#11727=DIRECTION('',(1.,0.,0.));
#11728=DIRECTION('',(0.,0.,1.));
#11729=DIRECTION('',(1.,0.,0.));
#11730=DIRECTION('',(0.,0.,1.));
#11731=DIRECTION('',(1.,0.,0.));
#11732=DIRECTION('',(0.,0.,1.));
#11733=DIRECTION('',(1.,0.,0.));
#11734=DIRECTION('',(0.,0.,1.));
#11735=DIRECTION('',(1.,0.,0.));
#11736=DIRECTION('',(0.,0.,1.));
#11737=DIRECTION('',(1.,0.,0.));
#11738=CARTESIAN_POINT('',(0.,0.,0.));
#11739=CARTESIAN_POINT('',(0.,0.,0.));
#11740=CARTESIAN_POINT('Origin',(0.,0.,0.));
#11741=CARTESIAN_POINT('',(0.,0.,0.));
#11742=CARTESIAN_POINT('',(0.,0.,0.0625353));
#11743=CARTESIAN_POINT('',(0.,0.,0.));
#11744=CARTESIAN_POINT('',(0.,2.6732283,0.0625353));
#11745=CARTESIAN_POINT('',(0.,0.,0.0625353));
#11746=CARTESIAN_POINT('',(0.,2.6732283,0.));
#11747=CARTESIAN_POINT('',(0.,2.6732283,0.));
#11748=CARTESIAN_POINT('',(0.,0.,0.));
#11749=CARTESIAN_POINT('Origin',(0.,0.,0.));
#11750=CARTESIAN_POINT('',(0.7677165,0.,0.));
#11751=CARTESIAN_POINT('',(0.,0.,0.));
#11752=CARTESIAN_POINT('',(0.7677165,0.,0.0625353));
#11753=CARTESIAN_POINT('',(0.7677165,0.,0.));
#11754=CARTESIAN_POINT('',(0.,0.,0.0625353));
#11755=CARTESIAN_POINT('Origin',(0.,0.,0.0625353));
#11756=CARTESIAN_POINT('',(0.7677165,2.6732283,0.0625353));
#11757=CARTESIAN_POINT('',(0.7677165,0.,0.0625353));
#11758=CARTESIAN_POINT('',(0.,2.6732283,0.0625353));
#11759=CARTESIAN_POINT('',(0.0541338,0.5192913,0.0625353));
#11760=CARTESIAN_POINT('Origin',(0.0954724,0.5192913,0.0625353));
#11761=CARTESIAN_POINT('',(0.05610235,0.7122047,0.0625353));
#11762=CARTESIAN_POINT('Origin',(0.1348425,0.7122047,0.0625353));
#11763=CARTESIAN_POINT('',(0.0572834,1.0185039,0.0625353));
#11764=CARTESIAN_POINT('Origin',(0.0720472,1.0185039,0.0625353));
#11765=CARTESIAN_POINT('',(0.0572834,1.1185039,0.0625353));
#11766=CARTESIAN_POINT('Origin',(0.0720472,1.1185039,0.0625353));
#11767=CARTESIAN_POINT('',(0.1072834,1.0685039,0.0625353));
#11768=CARTESIAN_POINT('Origin',(0.1220472,1.0685039,0.0625353));
#11769=CARTESIAN_POINT('',(0.1572834,1.0185039,0.0625353));
#11770=CARTESIAN_POINT('Origin',(0.1720472,1.0185039,0.0625353));
#11771=CARTESIAN_POINT('',(0.1572834,1.1185039,0.0625353));
#11772=CARTESIAN_POINT('Origin',(0.1720472,1.1185039,0.0625353));
#11773=CARTESIAN_POINT('',(0.0572834,1.3019685,0.0625353));
#11774=CARTESIAN_POINT('Origin',(0.0720472,1.3019685,0.0625353));
#11775=CARTESIAN_POINT('',(0.0572834,1.4019685,0.0625353));
#11776=CARTESIAN_POINT('Origin',(0.0720472,1.4019685,0.0625353));
#11777=CARTESIAN_POINT('',(0.1072834,1.3519685,0.0625353));
#11778=CARTESIAN_POINT('Origin',(0.1220472,1.3519685,0.0625353));
#11779=CARTESIAN_POINT('',(0.1572834,1.3019685,0.0625353));
#11780=CARTESIAN_POINT('Origin',(0.1720472,1.3019685,0.0625353));
#11781=CARTESIAN_POINT('',(0.1572834,1.4019685,0.0625353));
#11782=CARTESIAN_POINT('Origin',(0.1720472,1.4019685,0.0625353));
#11783=CARTESIAN_POINT('',(0.6309055,0.5192913,0.0625353));
#11784=CARTESIAN_POINT('Origin',(0.6722441,0.5192913,0.0625353));
#11785=CARTESIAN_POINT('',(0.55413385,0.7122047,0.0625353));
#11786=CARTESIAN_POINT('Origin',(0.632874,0.7122047,0.0625353));
#11787=CARTESIAN_POINT('',(0.5809055,1.0185039,0.0625353));
#11788=CARTESIAN_POINT('Origin',(0.5956693,1.0185039,0.0625353));
#11789=CARTESIAN_POINT('',(0.5809055,1.1185039,0.0625353));
#11790=CARTESIAN_POINT('Origin',(0.5956693,1.1185039,0.0625353));
#11791=CARTESIAN_POINT('',(0.6309055,1.0685039,0.0625353));
#11792=CARTESIAN_POINT('Origin',(0.6456693,1.0685039,0.0625353));
#11793=CARTESIAN_POINT('',(0.6809055,1.0185039,0.0625353));
#11794=CARTESIAN_POINT('Origin',(0.6956693,1.0185039,0.0625353));
#11795=CARTESIAN_POINT('',(0.6809055,1.1185039,0.0625353));
#11796=CARTESIAN_POINT('Origin',(0.6956693,1.1185039,0.0625353));
#11797=CARTESIAN_POINT('',(0.5809055,1.3019685,0.0625353));
#11798=CARTESIAN_POINT('Origin',(0.5956693,1.3019685,0.0625353));
#11799=CARTESIAN_POINT('',(0.5809055,1.4019685,0.0625353));
#11800=CARTESIAN_POINT('Origin',(0.5956693,1.4019685,0.0625353));
#11801=CARTESIAN_POINT('',(0.6309055,1.3519685,0.0625353));
#11802=CARTESIAN_POINT('Origin',(0.6456693,1.3519685,0.0625353));
#11803=CARTESIAN_POINT('',(0.6809055,1.3019685,0.0625353));
#11804=CARTESIAN_POINT('Origin',(0.6956693,1.3019685,0.0625353));
#11805=CARTESIAN_POINT('',(0.6809055,1.4019685,0.0625353));
#11806=CARTESIAN_POINT('Origin',(0.6956693,1.4019685,0.0625353));
#11807=CARTESIAN_POINT('',(0.0572834,1.8728346,0.0625353));
#11808=CARTESIAN_POINT('Origin',(0.0720472,1.8728346,0.0625353));
#11809=CARTESIAN_POINT('',(0.1072834,1.9228346,0.0625353));
#11810=CARTESIAN_POINT('Origin',(0.1220472,1.9228346,0.0625353));
#11811=CARTESIAN_POINT('',(0.0572834,1.9728346,0.0625353));
#11812=CARTESIAN_POINT('Origin',(0.0720472,1.9728346,0.0625353));
#11813=CARTESIAN_POINT('',(0.1572834,1.8728346,0.0625353));
#11814=CARTESIAN_POINT('Origin',(0.1720472,1.8728346,0.0625353));
#11815=CARTESIAN_POINT('',(0.1572834,1.9728346,0.0625353));
#11816=CARTESIAN_POINT('Origin',(0.1720472,1.9728346,0.0625353));
#11817=CARTESIAN_POINT('',(0.0572834,2.1681102,0.0625353));
#11818=CARTESIAN_POINT('Origin',(0.0720472,2.1681102,0.0625353));
#11819=CARTESIAN_POINT('',(0.0572834,2.2681102,0.0625353));
#11820=CARTESIAN_POINT('Origin',(0.0720472,2.2681102,0.0625353));
#11821=CARTESIAN_POINT('',(0.1072834,2.2181102,0.0625353));
#11822=CARTESIAN_POINT('Origin',(0.1220472,2.2181102,0.0625353));
#11823=CARTESIAN_POINT('',(0.1572834,2.1681102,0.0625353));
#11824=CARTESIAN_POINT('Origin',(0.1720472,2.1681102,0.0625353));
#11825=CARTESIAN_POINT('',(0.1572834,2.2681102,0.0625353));
#11826=CARTESIAN_POINT('Origin',(0.1720472,2.2681102,0.0625353));
#11827=CARTESIAN_POINT('',(0.0541338,2.5724409,0.0625353));
#11828=CARTESIAN_POINT('Origin',(0.0954724,2.5724409,0.0625353));
#11829=CARTESIAN_POINT('',(0.5809055,1.8728346,0.0625353));
#11830=CARTESIAN_POINT('Origin',(0.5956693,1.8728346,0.0625353));
#11831=CARTESIAN_POINT('',(0.5809055,1.9728346,0.0625353));
#11832=CARTESIAN_POINT('Origin',(0.5956693,1.9728346,0.0625353));
#11833=CARTESIAN_POINT('',(0.6309055,1.9228346,0.0625353));
#11834=CARTESIAN_POINT('Origin',(0.6456693,1.9228346,0.0625353));
#11835=CARTESIAN_POINT('',(0.6809055,1.8728346,0.0625353));
#11836=CARTESIAN_POINT('Origin',(0.6956693,1.8728346,0.0625353));
#11837=CARTESIAN_POINT('',(0.6809055,1.9728346,0.0625353));
#11838=CARTESIAN_POINT('Origin',(0.6956693,1.9728346,0.0625353));
#11839=CARTESIAN_POINT('',(0.5809055,2.1681102,0.0625353));
#11840=CARTESIAN_POINT('Origin',(0.5956693,2.1681102,0.0625353));
#11841=CARTESIAN_POINT('',(0.5809055,2.2681102,0.0625353));
#11842=CARTESIAN_POINT('Origin',(0.5956693,2.2681102,0.0625353));
#11843=CARTESIAN_POINT('',(0.6809055,2.1681102,0.0625353));
#11844=CARTESIAN_POINT('Origin',(0.6956693,2.1681102,0.0625353));
#11845=CARTESIAN_POINT('',(0.6309055,2.2181102,0.0625353));
#11846=CARTESIAN_POINT('Origin',(0.6456693,2.2181102,0.0625353));
#11847=CARTESIAN_POINT('',(0.6809055,2.2681102,0.0625353));
#11848=CARTESIAN_POINT('Origin',(0.6956693,2.2681102,0.0625353));
#11849=CARTESIAN_POINT('',(0.6309055,2.5724409,0.0625353));
#11850=CARTESIAN_POINT('Origin',(0.6722441,2.5724409,0.0625353));
#11851=CARTESIAN_POINT('Origin',(0.,2.6732283,0.));
#11852=CARTESIAN_POINT('',(0.7677165,2.6732283,0.));
#11853=CARTESIAN_POINT('',(0.,2.6732283,0.));
#11854=CARTESIAN_POINT('',(0.7677165,2.6732283,0.));
#11855=CARTESIAN_POINT('Origin',(0.,0.,0.));
#11856=CARTESIAN_POINT('',(0.7677165,0.,0.));
#11857=CARTESIAN_POINT('',(0.0541338,0.5192913,0.));
#11858=CARTESIAN_POINT('Origin',(0.0954724,0.5192913,0.));
#11859=CARTESIAN_POINT('',(0.05610235,0.7122047,0.));
#11860=CARTESIAN_POINT('Origin',(0.1348425,0.7122047,0.));
#11861=CARTESIAN_POINT('',(0.0572834,1.0185039,-6.82961998416066E-19));
#11862=CARTESIAN_POINT('Origin',(0.0720472,1.0185039,0.));
#11863=CARTESIAN_POINT('',(0.0572834,1.1185039,-6.82961998416066E-19));
#11864=CARTESIAN_POINT('Origin',(0.0720472,1.1185039,0.));
#11865=CARTESIAN_POINT('',(0.1072834,1.0685039,-6.82961998416066E-19));
#11866=CARTESIAN_POINT('Origin',(0.1220472,1.0685039,0.));
#11867=CARTESIAN_POINT('',(0.1572834,1.0185039,-6.82961998416066E-19));
#11868=CARTESIAN_POINT('Origin',(0.1720472,1.0185039,0.));
#11869=CARTESIAN_POINT('',(0.1572834,1.1185039,-6.82961998416066E-19));
#11870=CARTESIAN_POINT('Origin',(0.1720472,1.1185039,0.));
#11871=CARTESIAN_POINT('',(0.0572834,1.3019685,-6.82961998416066E-19));
#11872=CARTESIAN_POINT('Origin',(0.0720472,1.3019685,0.));
#11873=CARTESIAN_POINT('',(0.0572834,1.4019685,-6.82961998416066E-19));
#11874=CARTESIAN_POINT('Origin',(0.0720472,1.4019685,0.));
#11875=CARTESIAN_POINT('',(0.1072834,1.3519685,-6.82961998416066E-19));
#11876=CARTESIAN_POINT('Origin',(0.1220472,1.3519685,0.));
#11877=CARTESIAN_POINT('',(0.1572834,1.3019685,-6.82961998416066E-19));
#11878=CARTESIAN_POINT('Origin',(0.1720472,1.3019685,0.));
#11879=CARTESIAN_POINT('',(0.1572834,1.4019685,-6.82961998416066E-19));
#11880=CARTESIAN_POINT('Origin',(0.1720472,1.4019685,0.));
#11881=CARTESIAN_POINT('',(0.6309055,0.5192913,0.));
#11882=CARTESIAN_POINT('Origin',(0.6722441,0.5192913,0.));
#11883=CARTESIAN_POINT('',(0.55413385,0.7122047,0.));
#11884=CARTESIAN_POINT('Origin',(0.632874,0.7122047,0.));
#11885=CARTESIAN_POINT('',(0.5809055,1.0185039,-6.82961998416066E-19));
#11886=CARTESIAN_POINT('Origin',(0.5956693,1.0185039,0.));
#11887=CARTESIAN_POINT('',(0.5809055,1.1185039,-6.82961998416066E-19));
#11888=CARTESIAN_POINT('Origin',(0.5956693,1.1185039,0.));
#11889=CARTESIAN_POINT('',(0.6309055,1.0685039,-6.82961998416066E-19));
#11890=CARTESIAN_POINT('Origin',(0.6456693,1.0685039,0.));
#11891=CARTESIAN_POINT('',(0.6809055,1.0185039,-6.82961998416066E-19));
#11892=CARTESIAN_POINT('Origin',(0.6956693,1.0185039,0.));
#11893=CARTESIAN_POINT('',(0.6809055,1.1185039,-6.82961998416066E-19));
#11894=CARTESIAN_POINT('Origin',(0.6956693,1.1185039,0.));
#11895=CARTESIAN_POINT('',(0.5809055,1.3019685,-6.82961998416066E-19));
#11896=CARTESIAN_POINT('Origin',(0.5956693,1.3019685,0.));
#11897=CARTESIAN_POINT('',(0.5809055,1.4019685,-6.82961998416066E-19));
#11898=CARTESIAN_POINT('Origin',(0.5956693,1.4019685,0.));
#11899=CARTESIAN_POINT('',(0.6309055,1.3519685,-6.82961998416066E-19));
#11900=CARTESIAN_POINT('Origin',(0.6456693,1.3519685,0.));
#11901=CARTESIAN_POINT('',(0.6809055,1.3019685,-6.82961998416066E-19));
#11902=CARTESIAN_POINT('Origin',(0.6956693,1.3019685,0.));
#11903=CARTESIAN_POINT('',(0.6809055,1.4019685,-6.82961998416066E-19));
#11904=CARTESIAN_POINT('Origin',(0.6956693,1.4019685,0.));
#11905=CARTESIAN_POINT('',(0.0572834,1.8728346,-6.82961998416066E-19));
#11906=CARTESIAN_POINT('Origin',(0.0720472,1.8728346,0.));
#11907=CARTESIAN_POINT('',(0.1072834,1.9228346,-6.82961998416066E-19));
#11908=CARTESIAN_POINT('Origin',(0.1220472,1.9228346,0.));
#11909=CARTESIAN_POINT('',(0.0572834,1.9728346,-6.82961998416066E-19));
#11910=CARTESIAN_POINT('Origin',(0.0720472,1.9728346,0.));
#11911=CARTESIAN_POINT('',(0.1572834,1.8728346,-6.82961998416066E-19));
#11912=CARTESIAN_POINT('Origin',(0.1720472,1.8728346,0.));
#11913=CARTESIAN_POINT('',(0.1572834,1.9728346,-6.82961998416066E-19));
#11914=CARTESIAN_POINT('Origin',(0.1720472,1.9728346,0.));
#11915=CARTESIAN_POINT('',(0.0572834,2.1681102,-6.82961998416066E-19));
#11916=CARTESIAN_POINT('Origin',(0.0720472,2.1681102,0.));
#11917=CARTESIAN_POINT('',(0.0572834,2.2681102,-6.82961998416066E-19));
#11918=CARTESIAN_POINT('Origin',(0.0720472,2.2681102,0.));
#11919=CARTESIAN_POINT('',(0.1072834,2.2181102,-6.82961998416066E-19));
#11920=CARTESIAN_POINT('Origin',(0.1220472,2.2181102,0.));
#11921=CARTESIAN_POINT('',(0.1572834,2.1681102,-6.82961998416066E-19));
#11922=CARTESIAN_POINT('Origin',(0.1720472,2.1681102,0.));
#11923=CARTESIAN_POINT('',(0.1572834,2.2681102,-6.82961998416066E-19));
#11924=CARTESIAN_POINT('Origin',(0.1720472,2.2681102,0.));
#11925=CARTESIAN_POINT('',(0.0541338,2.5724409,0.));
#11926=CARTESIAN_POINT('Origin',(0.0954724,2.5724409,0.));
#11927=CARTESIAN_POINT('',(0.468503937007874,1.73818897637795,0.));
#11928=CARTESIAN_POINT('',(0.448818897637795,1.75787401574803,0.));
#11929=CARTESIAN_POINT('Origin',(0.448818897637795,1.73818897637795,0.));
#11930=CARTESIAN_POINT('',(0.318897637795276,1.75787401574803,0.));
#11931=CARTESIAN_POINT('',(0.159448818897638,1.75787401574803,0.));
#11932=CARTESIAN_POINT('',(0.299212598425197,1.73818897637795,0.));
#11933=CARTESIAN_POINT('Origin',(0.318897637795276,1.73818897637795,0.));
#11934=CARTESIAN_POINT('',(0.299212598425197,1.60826771653543,0.));
#11935=CARTESIAN_POINT('',(0.299212598425197,0.804133858267716,0.));
#11936=CARTESIAN_POINT('',(0.318897637795276,1.58858267716535,0.));
#11937=CARTESIAN_POINT('Origin',(0.318897637795276,1.60826771653543,0.));
#11938=CARTESIAN_POINT('',(0.448818897637795,1.58858267716535,0.));
#11939=CARTESIAN_POINT('',(0.159448818897638,1.58858267716535,0.));
#11940=CARTESIAN_POINT('',(0.468503937007874,1.60826771653543,0.));
#11941=CARTESIAN_POINT('Origin',(0.448818897637795,1.60826771653543,0.));
#11942=CARTESIAN_POINT('',(0.468503937007874,0.804133858267716,0.));
#11943=CARTESIAN_POINT('',(0.5809055,1.8728346,-6.82961998416066E-19));
#11944=CARTESIAN_POINT('Origin',(0.5956693,1.8728346,0.));
#11945=CARTESIAN_POINT('',(0.5809055,1.9728346,-6.82961998416066E-19));
#11946=CARTESIAN_POINT('Origin',(0.5956693,1.9728346,0.));
#11947=CARTESIAN_POINT('',(0.6309055,1.9228346,-6.82961998416066E-19));
#11948=CARTESIAN_POINT('Origin',(0.6456693,1.9228346,0.));
#11949=CARTESIAN_POINT('',(0.6809055,1.8728346,-6.82961998416066E-19));
#11950=CARTESIAN_POINT('Origin',(0.6956693,1.8728346,0.));
#11951=CARTESIAN_POINT('',(0.6809055,1.9728346,-6.82961998416066E-19));
#11952=CARTESIAN_POINT('Origin',(0.6956693,1.9728346,0.));
#11953=CARTESIAN_POINT('',(0.5809055,2.1681102,-6.82961998416066E-19));
#11954=CARTESIAN_POINT('Origin',(0.5956693,2.1681102,0.));
#11955=CARTESIAN_POINT('',(0.5809055,2.2681102,-6.82961998416066E-19));
#11956=CARTESIAN_POINT('Origin',(0.5956693,2.2681102,0.));
#11957=CARTESIAN_POINT('',(0.6809055,2.1681102,-6.82961998416066E-19));
#11958=CARTESIAN_POINT('Origin',(0.6956693,2.1681102,0.));
#11959=CARTESIAN_POINT('',(0.6309055,2.2181102,-6.82961998416066E-19));
#11960=CARTESIAN_POINT('Origin',(0.6456693,2.2181102,0.));
#11961=CARTESIAN_POINT('',(0.6809055,2.2681102,-6.82961998416066E-19));
#11962=CARTESIAN_POINT('Origin',(0.6956693,2.2681102,0.));
#11963=CARTESIAN_POINT('',(0.6309055,2.5724409,0.));
#11964=CARTESIAN_POINT('Origin',(0.6722441,2.5724409,0.));
#11965=CARTESIAN_POINT('Origin',(0.7677165,0.,0.));
#11966=CARTESIAN_POINT('Origin',(0.0954724,0.5192913,-0.00393700787401575));
#11967=CARTESIAN_POINT('',(0.0541338,0.5192913,-0.00393700787401575));
#11968=CARTESIAN_POINT('Origin',(0.1348425,0.7122047,-0.00393700787401575));
#11969=CARTESIAN_POINT('',(0.05610235,0.7122047,-0.00393700787401575));
#11970=CARTESIAN_POINT('Origin',(0.0720472,1.0185039,-0.00393700787401575));
#11971=CARTESIAN_POINT('',(0.0572834,1.0185039,-0.00393700787401575));
#11972=CARTESIAN_POINT('Origin',(0.0720472,1.1185039,-0.00393700787401575));
#11973=CARTESIAN_POINT('',(0.0572834,1.1185039,-0.00393700787401575));
#11974=CARTESIAN_POINT('Origin',(0.1220472,1.0685039,-0.00393700787401575));
#11975=CARTESIAN_POINT('',(0.1072834,1.0685039,-0.00393700787401575));
#11976=CARTESIAN_POINT('Origin',(0.1720472,1.0185039,-0.00393700787401575));
#11977=CARTESIAN_POINT('',(0.1572834,1.0185039,-0.00393700787401575));
#11978=CARTESIAN_POINT('Origin',(0.1720472,1.1185039,-0.00393700787401575));
#11979=CARTESIAN_POINT('',(0.1572834,1.1185039,-0.00393700787401575));
#11980=CARTESIAN_POINT('Origin',(0.0720472,1.3019685,-0.00393700787401575));
#11981=CARTESIAN_POINT('',(0.0572834,1.3019685,-0.00393700787401575));
#11982=CARTESIAN_POINT('Origin',(0.0720472,1.4019685,-0.00393700787401575));
#11983=CARTESIAN_POINT('',(0.0572834,1.4019685,-0.00393700787401575));
#11984=CARTESIAN_POINT('Origin',(0.1220472,1.3519685,-0.00393700787401575));
#11985=CARTESIAN_POINT('',(0.1072834,1.3519685,-0.00393700787401575));
#11986=CARTESIAN_POINT('Origin',(0.1720472,1.3019685,-0.00393700787401575));
#11987=CARTESIAN_POINT('',(0.1572834,1.3019685,-0.00393700787401575));
#11988=CARTESIAN_POINT('Origin',(0.1720472,1.4019685,-0.00393700787401575));
#11989=CARTESIAN_POINT('',(0.1572834,1.4019685,-0.00393700787401575));
#11990=CARTESIAN_POINT('Origin',(0.6722441,0.5192913,-0.00393700787401575));
#11991=CARTESIAN_POINT('',(0.6309055,0.5192913,-0.00393700787401575));
#11992=CARTESIAN_POINT('Origin',(0.632874,0.7122047,-0.00393700787401575));
#11993=CARTESIAN_POINT('',(0.55413385,0.7122047,-0.00393700787401575));
#11994=CARTESIAN_POINT('Origin',(0.5956693,1.0185039,-0.00393700787401575));
#11995=CARTESIAN_POINT('',(0.5809055,1.0185039,-0.00393700787401575));
#11996=CARTESIAN_POINT('Origin',(0.5956693,1.1185039,-0.00393700787401575));
#11997=CARTESIAN_POINT('',(0.5809055,1.1185039,-0.00393700787401575));
#11998=CARTESIAN_POINT('Origin',(0.6456693,1.0685039,-0.00393700787401575));
#11999=CARTESIAN_POINT('',(0.6309055,1.0685039,-0.00393700787401575));
#12000=CARTESIAN_POINT('Origin',(0.6956693,1.0185039,-0.00393700787401575));
#12001=CARTESIAN_POINT('',(0.6809055,1.0185039,-0.00393700787401575));
#12002=CARTESIAN_POINT('Origin',(0.6956693,1.1185039,-0.00393700787401575));
#12003=CARTESIAN_POINT('',(0.6809055,1.1185039,-0.00393700787401575));
#12004=CARTESIAN_POINT('Origin',(0.5956693,1.3019685,-0.00393700787401575));
#12005=CARTESIAN_POINT('',(0.5809055,1.3019685,-0.00393700787401575));
#12006=CARTESIAN_POINT('Origin',(0.5956693,1.4019685,-0.00393700787401575));
#12007=CARTESIAN_POINT('',(0.5809055,1.4019685,-0.00393700787401575));
#12008=CARTESIAN_POINT('Origin',(0.6456693,1.3519685,-0.00393700787401575));
#12009=CARTESIAN_POINT('',(0.6309055,1.3519685,-0.00393700787401575));
#12010=CARTESIAN_POINT('Origin',(0.6956693,1.3019685,-0.00393700787401575));
#12011=CARTESIAN_POINT('',(0.6809055,1.3019685,-0.00393700787401575));
#12012=CARTESIAN_POINT('Origin',(0.6956693,1.4019685,-0.00393700787401575));
#12013=CARTESIAN_POINT('',(0.6809055,1.4019685,-0.00393700787401575));
#12014=CARTESIAN_POINT('Origin',(0.0720472,1.8728346,-0.00393700787401575));
#12015=CARTESIAN_POINT('',(0.0572834,1.8728346,-0.00393700787401575));
#12016=CARTESIAN_POINT('Origin',(0.1220472,1.9228346,-0.00393700787401575));
#12017=CARTESIAN_POINT('',(0.1072834,1.9228346,-0.00393700787401575));
#12018=CARTESIAN_POINT('Origin',(0.0720472,1.9728346,-0.00393700787401575));
#12019=CARTESIAN_POINT('',(0.0572834,1.9728346,-0.00393700787401575));
#12020=CARTESIAN_POINT('Origin',(0.1720472,1.8728346,-0.00393700787401575));
#12021=CARTESIAN_POINT('',(0.1572834,1.8728346,-0.00393700787401575));
#12022=CARTESIAN_POINT('Origin',(0.1720472,1.9728346,-0.00393700787401575));
#12023=CARTESIAN_POINT('',(0.1572834,1.9728346,-0.00393700787401575));
#12024=CARTESIAN_POINT('Origin',(0.0720472,2.1681102,-0.00393700787401575));
#12025=CARTESIAN_POINT('',(0.0572834,2.1681102,-0.00393700787401575));
#12026=CARTESIAN_POINT('Origin',(0.0720472,2.2681102,-0.00393700787401575));
#12027=CARTESIAN_POINT('',(0.0572834,2.2681102,-0.00393700787401575));
#12028=CARTESIAN_POINT('Origin',(0.1220472,2.2181102,-0.00393700787401575));
#12029=CARTESIAN_POINT('',(0.1072834,2.2181102,-0.00393700787401575));
#12030=CARTESIAN_POINT('Origin',(0.1720472,2.1681102,-0.00393700787401575));
#12031=CARTESIAN_POINT('',(0.1572834,2.1681102,-0.00393700787401575));
#12032=CARTESIAN_POINT('Origin',(0.1720472,2.2681102,-0.00393700787401575));
#12033=CARTESIAN_POINT('',(0.1572834,2.2681102,-0.00393700787401575));
#12034=CARTESIAN_POINT('Origin',(0.0954724,2.5724409,-0.00393700787401575));
#12035=CARTESIAN_POINT('',(0.0541338,2.5724409,-0.00393700787401575));
#12036=CARTESIAN_POINT('Origin',(0.5956693,1.8728346,-0.00393700787401575));
#12037=CARTESIAN_POINT('',(0.5809055,1.8728346,-0.00393700787401575));
#12038=CARTESIAN_POINT('Origin',(0.5956693,1.9728346,-0.00393700787401575));
#12039=CARTESIAN_POINT('',(0.5809055,1.9728346,-0.00393700787401575));
#12040=CARTESIAN_POINT('Origin',(0.6456693,1.9228346,-0.00393700787401575));
#12041=CARTESIAN_POINT('',(0.6309055,1.9228346,-0.00393700787401575));
#12042=CARTESIAN_POINT('Origin',(0.6956693,1.8728346,-0.00393700787401575));
#12043=CARTESIAN_POINT('',(0.6809055,1.8728346,-0.00393700787401575));
#12044=CARTESIAN_POINT('Origin',(0.6956693,1.9728346,-0.00393700787401575));
#12045=CARTESIAN_POINT('',(0.6809055,1.9728346,-0.00393700787401575));
#12046=CARTESIAN_POINT('Origin',(0.5956693,2.1681102,-0.00393700787401575));
#12047=CARTESIAN_POINT('',(0.5809055,2.1681102,-0.00393700787401575));
#12048=CARTESIAN_POINT('Origin',(0.5956693,2.2681102,-0.00393700787401575));
#12049=CARTESIAN_POINT('',(0.5809055,2.2681102,-0.00393700787401575));
#12050=CARTESIAN_POINT('Origin',(0.6956693,2.1681102,-0.00393700787401575));
#12051=CARTESIAN_POINT('',(0.6809055,2.1681102,-0.00393700787401575));
#12052=CARTESIAN_POINT('Origin',(0.6456693,2.2181102,-0.00393700787401575));
#12053=CARTESIAN_POINT('',(0.6309055,2.2181102,-0.00393700787401575));
#12054=CARTESIAN_POINT('Origin',(0.6956693,2.2681102,-0.00393700787401575));
#12055=CARTESIAN_POINT('',(0.6809055,2.2681102,-0.00393700787401575));
#12056=CARTESIAN_POINT('Origin',(0.6722441,2.5724409,-0.00393700787401575));
#12057=CARTESIAN_POINT('',(0.6309055,2.5724409,-0.00393700787401575));
#12058=CARTESIAN_POINT('Origin',(0.448818897637795,1.73818897637795,-0.000393700787401575));
#12059=CARTESIAN_POINT('',(0.468503937007874,1.73818897637795,0.047244094488189));
#12060=CARTESIAN_POINT('',(0.448818897637795,1.75787401574803,0.047244094488189));
#12061=CARTESIAN_POINT('Origin',(0.448818897637795,1.73818897637795,0.047244094488189));
#12062=CARTESIAN_POINT('',(0.448818897637795,1.75787401574803,-0.000393700787401575));
#12063=CARTESIAN_POINT('',(0.468503937007874,1.73818897637795,-0.000393700787401575));
#12064=CARTESIAN_POINT('Origin',(0.318897637795276,1.75787401574803,-0.000393700787401575));
#12065=CARTESIAN_POINT('',(0.318897637795276,1.75787401574803,0.047244094488189));
#12066=CARTESIAN_POINT('',(0.318897637795276,1.75787401574803,0.047244094488189));
#12067=CARTESIAN_POINT('',(0.318897637795276,1.75787401574803,-0.000393700787401575));
#12068=CARTESIAN_POINT('Origin',(0.318897637795276,1.73818897637795,-0.000393700787401575));
#12069=CARTESIAN_POINT('',(0.299212598425197,1.73818897637795,0.047244094488189));
#12070=CARTESIAN_POINT('Origin',(0.318897637795276,1.73818897637795,0.047244094488189));
#12071=CARTESIAN_POINT('',(0.299212598425197,1.73818897637795,-0.000393700787401575));
#12072=CARTESIAN_POINT('Origin',(0.299212598425197,1.60826771653543,-0.000393700787401575));
#12073=CARTESIAN_POINT('',(0.299212598425197,1.60826771653543,0.047244094488189));
#12074=CARTESIAN_POINT('',(0.299212598425197,1.60826771653543,-0.000393700787401575));
#12075=CARTESIAN_POINT('',(0.299212598425197,1.60826771653543,0.047244094488189));
#12076=CARTESIAN_POINT('Origin',(0.318897637795276,1.60826771653543,-0.000393700787401575));
#12077=CARTESIAN_POINT('',(0.318897637795276,1.58858267716535,0.047244094488189));
#12078=CARTESIAN_POINT('Origin',(0.318897637795276,1.60826771653543,0.047244094488189));
#12079=CARTESIAN_POINT('',(0.318897637795276,1.58858267716535,-0.000393700787401575));
#12080=CARTESIAN_POINT('Origin',(0.318897637795276,1.58858267716535,-0.000393700787401575));
#12081=CARTESIAN_POINT('',(0.448818897637795,1.58858267716535,0.047244094488189));
#12082=CARTESIAN_POINT('',(0.448818897637795,1.58858267716535,-0.000393700787401575));
#12083=CARTESIAN_POINT('',(0.318897637795276,1.58858267716535,0.047244094488189));
#12084=CARTESIAN_POINT('Origin',(0.448818897637795,1.60826771653543,-0.000393700787401575));
#12085=CARTESIAN_POINT('',(0.468503937007874,1.60826771653543,0.047244094488189));
#12086=CARTESIAN_POINT('Origin',(0.448818897637795,1.60826771653543,0.047244094488189));
#12087=CARTESIAN_POINT('',(0.468503937007874,1.60826771653543,-0.000393700787401575));
#12088=CARTESIAN_POINT('Origin',(0.468503937007874,1.60826771653543,-0.000393700787401575));
#12089=CARTESIAN_POINT('',(0.468503937007874,1.60826771653543,0.047244094488189));
#12090=CARTESIAN_POINT('Origin',(0.448818897637795,1.73818897637795,0.047244094488189));
#12091=CARTESIAN_POINT('',(0.448818897637795,1.73818897637795,0.047244094488189));
#12092=CARTESIAN_POINT('',(0.299212598425197,1.73818897637795,0.047244094488189));
#12093=CARTESIAN_POINT('',(0.448818897637795,1.58858267716535,0.047244094488189));
#12094=CARTESIAN_POINT('Origin',(0.318897637795276,1.58858267716535,0.047244094488189));
#12095=CARTESIAN_POINT('',(0.429133858267717,1.73818897637795,0.047244094488189));
#12096=CARTESIAN_POINT('Origin',(0.448818897637795,1.73818897637795,0.047244094488189));
#12097=CARTESIAN_POINT('',(0.338582677165354,1.73818897637795,0.047244094488189));
#12098=CARTESIAN_POINT('',(0.299212598425197,1.73818897637795,0.047244094488189));
#12099=CARTESIAN_POINT('Origin',(0.318897637795276,1.73818897637795,0.047244094488189));
#12100=CARTESIAN_POINT('Origin',(0.318897637795276,1.73818897637795,0.047244094488189));
#12101=CARTESIAN_POINT('',(0.318897637795276,1.73818897637795,0.047244094488189));
#12102=CARTESIAN_POINT('',(0.318897637795276,1.58858267716535,0.047244094488189));
#12103=CARTESIAN_POINT('',(0.299212598425197,1.73818897637795,0.047244094488189));
#12104=CARTESIAN_POINT('Origin',(0.299212598425197,1.60826771653543,0.047244094488189));
#12105=CARTESIAN_POINT('',(0.318897637795276,1.71850393700787,0.047244094488189));
#12106=CARTESIAN_POINT('Origin',(0.318897637795276,1.73818897637795,0.047244094488189));
#12107=CARTESIAN_POINT('',(0.318897637795276,1.62795275590551,0.047244094488189));
#12108=CARTESIAN_POINT('',(0.318897637795276,1.58858267716535,0.047244094488189));
#12109=CARTESIAN_POINT('Origin',(0.318897637795276,1.60826771653543,0.047244094488189));
#12110=CARTESIAN_POINT('Origin',(0.318897637795276,1.60826771653543,0.047244094488189));
#12111=CARTESIAN_POINT('',(0.318897637795276,1.60826771653543,0.047244094488189));
#12112=CARTESIAN_POINT('',(0.299212598425197,1.60826771653543,0.047244094488189));
#12113=CARTESIAN_POINT('',(0.318897637795276,1.58858267716535,0.047244094488189));
#12114=CARTESIAN_POINT('Origin',(0.318897637795276,1.58858267716535,0.047244094488189));
#12115=CARTESIAN_POINT('',(0.338582677165354,1.60826771653543,0.047244094488189));
#12116=CARTESIAN_POINT('Origin',(0.318897637795276,1.60826771653543,0.047244094488189));
#12117=CARTESIAN_POINT('',(0.429133858267717,1.60826771653543,0.047244094488189));
#12118=CARTESIAN_POINT('',(0.299212598425197,1.60826771653543,0.047244094488189));
#12119=CARTESIAN_POINT('Origin',(0.448818897637795,1.60826771653543,0.047244094488189));
#12120=CARTESIAN_POINT('Origin',(0.448818897637795,1.60826771653543,0.047244094488189));
#12121=CARTESIAN_POINT('',(0.448818897637795,1.60826771653543,0.047244094488189));
#12122=CARTESIAN_POINT('',(0.448818897637795,1.58858267716535,0.047244094488189));
#12123=CARTESIAN_POINT('',(0.299212598425197,1.60826771653543,0.047244094488189));
#12124=CARTESIAN_POINT('Origin',(0.299212598425197,1.60826771653543,0.047244094488189));
#12125=CARTESIAN_POINT('',(0.448818897637795,1.62795275590551,0.047244094488189));
#12126=CARTESIAN_POINT('Origin',(0.448818897637795,1.60826771653543,0.047244094488189));
#12127=CARTESIAN_POINT('',(0.448818897637795,1.71850393700787,0.047244094488189));
#12128=CARTESIAN_POINT('',(0.448818897637795,1.58858267716535,0.047244094488189));
#12129=CARTESIAN_POINT('Origin',(0.448818897637795,1.73818897637795,0.047244094488189));
#12130=CARTESIAN_POINT('Origin',(0.299212598425197,1.60826771653543,0.047244094488189));
#12131=CARTESIAN_POINT('',(0.448818897637795,1.58858267716535,0.047244094488189));
#12132=CARTESIAN_POINT('Origin',(0.318897637795276,1.58858267716535,0.047244094488189));
#12133=CARTESIAN_POINT('',(0.299212598425197,1.73818897637795,0.047244094488189));
#12134=CARTESIAN_POINT('Origin',(0.318897637795276,1.58858267716535,0.047244094488189));
#12135=CARTESIAN_POINT('Origin',(0.318897637795276,1.73818897637795,0.047244094488189));
#12136=CARTESIAN_POINT('Origin',(0.448818897637795,1.73818897637795,0.047244094488189));
#12137=CARTESIAN_POINT('Origin',(0.448818897637795,1.60826771653543,0.047244094488189));
#12138=CARTESIAN_POINT('Origin',(0.318897637795276,1.60826771653543,0.047244094488189));
#12139=CARTESIAN_POINT('Origin',(0.318897637795276,1.58858267716535,0.047244094488189));
#12140=CARTESIAN_POINT('',(0.299212598425197,1.73818897637795,0.047244094488189));
#12141=CARTESIAN_POINT('Origin',(0.299212598425197,1.60826771653543,0.047244094488189));
#12142=CARTESIAN_POINT('',(0.318897637795276,1.58858267716535,0.047244094488189));
#12143=CARTESIAN_POINT('Origin',(0.299212598425197,1.60826771653543,0.047244094488189));
#12144=CARTESIAN_POINT('',(0.318897637795276,1.58858267716535,0.047244094488189));
#12145=CARTESIAN_POINT('Origin',(0.318897637795276,1.58858267716535,0.047244094488189));
#12146=CARTESIAN_POINT('',(0.299212598425197,1.60826771653543,0.047244094488189));
#12147=CARTESIAN_POINT('Origin',(0.318897637795276,1.58858267716535,0.047244094488189));
#12148=CARTESIAN_POINT('',(0.299212598425197,1.60826771653543,0.047244094488189));
#12149=CARTESIAN_POINT('Origin',(0.299212598425197,1.60826771653543,0.047244094488189));
#12150=CARTESIAN_POINT('',(0.448818897637795,1.58858267716535,0.047244094488189));
#12151=CARTESIAN_POINT('Origin',(0.318897637795276,1.58858267716535,0.047244094488189));
#12152=CARTESIAN_POINT('Origin',(0.318897637795276,1.58858267716535,0.047244094488189));
#12153=CARTESIAN_POINT('Origin',(0.318897637795276,1.58858267716535,0.047244094488189));
#12154=CARTESIAN_POINT('Origin',(0.318897637795276,1.58858267716535,0.047244094488189));
#12155=CARTESIAN_POINT('',(0.,0.,0.));
#12156=CARTESIAN_POINT('Origin',(0.143700862992126,1.62007873149606,-0.0177165354330709));
#12157=CARTESIAN_POINT('',(0.143700862992126,1.62007873149606,-0.0177165354330709));
#12158=CARTESIAN_POINT('',(0.143700862992126,1.62007873149606,0.));
#12159=CARTESIAN_POINT('',(0.143700862992126,1.62007873149606,-0.0177165354330709));
#12160=CARTESIAN_POINT('',(0.143700862992126,1.58858266850394,0.));
#12161=CARTESIAN_POINT('',(0.143700862992126,1.62007873149606,0.));
#12162=CARTESIAN_POINT('',(0.143700862992126,1.58858266850394,-0.0177165354330709));
#12163=CARTESIAN_POINT('',(0.143700862992126,1.58858266850394,-0.0177165354330709));
#12164=CARTESIAN_POINT('',(0.143700862992126,1.62007873149606,-0.0177165354330709));
#12165=CARTESIAN_POINT('Origin',(0.080708737007874,1.62007873149606,-0.0177165354330709));
#12166=CARTESIAN_POINT('',(0.080708737007874,1.62007873149606,-0.0177165354330709));
#12167=CARTESIAN_POINT('',(0.080708737007874,1.62007873149606,0.));
#12168=CARTESIAN_POINT('',(0.080708737007874,1.62007873149606,-0.0177165354330709));
#12169=CARTESIAN_POINT('',(0.080708737007874,1.58858266850394,-0.0177165354330709));
#12170=CARTESIAN_POINT('',(0.080708737007874,1.62007873149606,-0.0177165354330709));
#12171=CARTESIAN_POINT('',(0.080708737007874,1.58858266850394,0.));
#12172=CARTESIAN_POINT('',(0.080708737007874,1.58858266850394,-0.0177165354330709));
#12173=CARTESIAN_POINT('',(0.080708737007874,1.62007873149606,0.));
#12174=CARTESIAN_POINT('Origin',(0.143700862992126,1.62007873149606,-0.0177165354330709));
#12175=CARTESIAN_POINT('',(0.143700862992126,1.62007873149606,-0.0177165354330709));
#12176=CARTESIAN_POINT('',(0.143700862992126,1.62007873149606,0.));
#12177=CARTESIAN_POINT('Origin',(0.143700862992126,1.58858266850394,-0.0177165354330709));
#12178=CARTESIAN_POINT('',(0.143700862992126,1.58858266850394,-0.0177165354330709));
#12179=CARTESIAN_POINT('',(0.143700862992126,1.58858266850394,0.));
#12180=CARTESIAN_POINT('Origin',(0.143700862992126,1.62007873149606,-0.0177165354330709));
#12181=CARTESIAN_POINT('Origin',(0.143700862992126,1.62007873149606,0.));
#12182=CARTESIAN_POINT('',(0.,0.,0.));
#12183=CARTESIAN_POINT('Origin',(0.280314862992126,1.23622053149606,-0.0177165354330709));
#12184=CARTESIAN_POINT('',(0.280314862992126,1.23622053149606,-0.0177165354330709));
#12185=CARTESIAN_POINT('',(0.280314862992126,1.23622053149606,0.));
#12186=CARTESIAN_POINT('',(0.280314862992126,1.23622053149606,-0.0177165354330709));
#12187=CARTESIAN_POINT('',(0.280314862992126,1.20472446850394,0.));
#12188=CARTESIAN_POINT('',(0.280314862992126,1.23622053149606,0.));
#12189=CARTESIAN_POINT('',(0.280314862992126,1.20472446850394,-0.0177165354330709));
#12190=CARTESIAN_POINT('',(0.280314862992126,1.20472446850394,-0.0177165354330709));
#12191=CARTESIAN_POINT('',(0.280314862992126,1.23622053149606,-0.0177165354330709));
#12192=CARTESIAN_POINT('Origin',(0.217322737007874,1.23622053149606,-0.0177165354330709));
#12193=CARTESIAN_POINT('',(0.217322737007874,1.23622053149606,-0.0177165354330709));
#12194=CARTESIAN_POINT('',(0.217322737007874,1.23622053149606,0.));
#12195=CARTESIAN_POINT('',(0.217322737007874,1.23622053149606,-0.0177165354330709));
#12196=CARTESIAN_POINT('',(0.217322737007874,1.20472446850394,-0.0177165354330709));
#12197=CARTESIAN_POINT('',(0.217322737007874,1.23622053149606,-0.0177165354330709));
#12198=CARTESIAN_POINT('',(0.217322737007874,1.20472446850394,0.));
#12199=CARTESIAN_POINT('',(0.217322737007874,1.20472446850394,-0.0177165354330709));
#12200=CARTESIAN_POINT('',(0.217322737007874,1.23622053149606,0.));
#12201=CARTESIAN_POINT('Origin',(0.280314862992126,1.23622053149606,-0.0177165354330709));
#12202=CARTESIAN_POINT('',(0.280314862992126,1.23622053149606,-0.0177165354330709));
#12203=CARTESIAN_POINT('',(0.280314862992126,1.23622053149606,0.));
#12204=CARTESIAN_POINT('Origin',(0.280314862992126,1.20472446850394,-0.0177165354330709));
#12205=CARTESIAN_POINT('',(0.280314862992126,1.20472446850394,-0.0177165354330709));
#12206=CARTESIAN_POINT('',(0.280314862992126,1.20472446850394,0.));
#12207=CARTESIAN_POINT('Origin',(0.280314862992126,1.23622053149606,-0.0177165354330709));
#12208=CARTESIAN_POINT('Origin',(0.280314862992126,1.23622053149606,0.));
#12209=CARTESIAN_POINT('',(0.,0.,0.));
#12210=CARTESIAN_POINT('Origin',(0.332677262992126,1.92125993149606,-0.0177165354330709));
#12211=CARTESIAN_POINT('',(0.332677262992126,1.92125993149606,-0.0177165354330709));
#12212=CARTESIAN_POINT('',(0.332677262992126,1.92125993149606,0.));
#12213=CARTESIAN_POINT('',(0.332677262992126,1.92125993149606,-0.0177165354330709));
#12214=CARTESIAN_POINT('',(0.332677262992126,1.88976386850394,0.));
#12215=CARTESIAN_POINT('',(0.332677262992126,1.92125993149606,0.));
#12216=CARTESIAN_POINT('',(0.332677262992126,1.88976386850394,-0.0177165354330709));
#12217=CARTESIAN_POINT('',(0.332677262992126,1.88976386850394,-0.0177165354330709));
#12218=CARTESIAN_POINT('',(0.332677262992126,1.92125993149606,-0.0177165354330709));
#12219=CARTESIAN_POINT('Origin',(0.269685137007874,1.92125993149606,-0.0177165354330709));
#12220=CARTESIAN_POINT('',(0.269685137007874,1.92125993149606,-0.0177165354330709));
#12221=CARTESIAN_POINT('',(0.269685137007874,1.92125993149606,0.));
#12222=CARTESIAN_POINT('',(0.269685137007874,1.92125993149606,-0.0177165354330709));
#12223=CARTESIAN_POINT('',(0.269685137007874,1.88976386850394,-0.0177165354330709));
#12224=CARTESIAN_POINT('',(0.269685137007874,1.92125993149606,-0.0177165354330709));
#12225=CARTESIAN_POINT('',(0.269685137007874,1.88976386850394,0.));
#12226=CARTESIAN_POINT('',(0.269685137007874,1.88976386850394,-0.0177165354330709));
#12227=CARTESIAN_POINT('',(0.269685137007874,1.92125993149606,0.));
#12228=CARTESIAN_POINT('Origin',(0.332677262992126,1.92125993149606,-0.0177165354330709));
#12229=CARTESIAN_POINT('',(0.332677262992126,1.92125993149606,-0.0177165354330709));
#12230=CARTESIAN_POINT('',(0.332677262992126,1.92125993149606,0.));
#12231=CARTESIAN_POINT('Origin',(0.332677262992126,1.88976386850394,-0.0177165354330709));
#12232=CARTESIAN_POINT('',(0.332677262992126,1.88976386850394,-0.0177165354330709));
#12233=CARTESIAN_POINT('',(0.332677262992126,1.88976386850394,0.));
#12234=CARTESIAN_POINT('Origin',(0.332677262992126,1.92125993149606,-0.0177165354330709));
#12235=CARTESIAN_POINT('Origin',(0.332677262992126,1.92125993149606,0.));
#12236=CARTESIAN_POINT('',(0.,0.,0.));
#12237=CARTESIAN_POINT('Origin',(0.435039437007874,1.88976376850394,-0.0177165354330709));
#12238=CARTESIAN_POINT('',(0.435039437007874,1.88976376850394,-0.0177165354330709));
#12239=CARTESIAN_POINT('',(0.435039437007874,1.88976376850394,0.));
#12240=CARTESIAN_POINT('',(0.435039437007874,1.88976376850394,-0.0177165354330709));
#12241=CARTESIAN_POINT('',(0.435039437007874,1.92125983149606,0.));
#12242=CARTESIAN_POINT('',(0.435039437007874,1.88976376850394,0.));
#12243=CARTESIAN_POINT('',(0.435039437007874,1.92125983149606,-0.0177165354330709));
#12244=CARTESIAN_POINT('',(0.435039437007874,1.92125983149606,-0.0177165354330709));
#12245=CARTESIAN_POINT('',(0.435039437007874,1.88976376850394,-0.0177165354330709));
#12246=CARTESIAN_POINT('Origin',(0.498031562992126,1.88976376850394,-0.0177165354330709));
#12247=CARTESIAN_POINT('',(0.498031562992126,1.88976376850394,-0.0177165354330709));
#12248=CARTESIAN_POINT('',(0.498031562992126,1.88976376850394,0.));
#12249=CARTESIAN_POINT('',(0.498031562992126,1.88976376850394,-0.0177165354330709));
#12250=CARTESIAN_POINT('',(0.498031562992126,1.92125983149606,-0.0177165354330709));
#12251=CARTESIAN_POINT('',(0.498031562992126,1.88976376850394,-0.0177165354330709));
#12252=CARTESIAN_POINT('',(0.498031562992126,1.92125983149606,0.));
#12253=CARTESIAN_POINT('',(0.498031562992126,1.92125983149606,-0.0177165354330709));
#12254=CARTESIAN_POINT('',(0.498031562992126,1.88976376850394,0.));
#12255=CARTESIAN_POINT('Origin',(0.435039437007874,1.88976376850394,-0.0177165354330709));
#12256=CARTESIAN_POINT('',(0.435039437007874,1.88976376850394,-0.0177165354330709));
#12257=CARTESIAN_POINT('',(0.435039437007874,1.88976376850394,0.));
#12258=CARTESIAN_POINT('Origin',(0.435039437007874,1.92125983149606,-0.0177165354330709));
#12259=CARTESIAN_POINT('',(0.435039437007874,1.92125983149606,-0.0177165354330709));
#12260=CARTESIAN_POINT('',(0.435039437007874,1.92125983149606,0.));
#12261=CARTESIAN_POINT('Origin',(0.435039437007874,1.88976376850394,-0.0177165354330709));
#12262=CARTESIAN_POINT('Origin',(0.435039437007874,1.88976376850394,0.));
#12263=CARTESIAN_POINT('',(0.,0.,0.));
#12264=CARTESIAN_POINT('Origin',(0.624015737007874,1.61614176850394,-0.0177165354330709));
#12265=CARTESIAN_POINT('',(0.624015737007874,1.61614176850394,-0.0177165354330709));
#12266=CARTESIAN_POINT('',(0.624015737007874,1.61614176850394,0.));
#12267=CARTESIAN_POINT('',(0.624015737007874,1.61614176850394,-0.0177165354330709));
#12268=CARTESIAN_POINT('',(0.624015737007874,1.64763783149606,0.));
#12269=CARTESIAN_POINT('',(0.624015737007874,1.61614176850394,0.));
#12270=CARTESIAN_POINT('',(0.624015737007874,1.64763783149606,-0.0177165354330709));
#12271=CARTESIAN_POINT('',(0.624015737007874,1.64763783149606,-0.0177165354330709));
#12272=CARTESIAN_POINT('',(0.624015737007874,1.61614176850394,-0.0177165354330709));
#12273=CARTESIAN_POINT('Origin',(0.687007862992126,1.61614176850394,-0.0177165354330709));
#12274=CARTESIAN_POINT('',(0.687007862992126,1.61614176850394,-0.0177165354330709));
#12275=CARTESIAN_POINT('',(0.687007862992126,1.61614176850394,0.));
#12276=CARTESIAN_POINT('',(0.687007862992126,1.61614176850394,-0.0177165354330709));
#12277=CARTESIAN_POINT('',(0.687007862992126,1.64763783149606,-0.0177165354330709));
#12278=CARTESIAN_POINT('',(0.687007862992126,1.61614176850394,-0.0177165354330709));
#12279=CARTESIAN_POINT('',(0.687007862992126,1.64763783149606,0.));
#12280=CARTESIAN_POINT('',(0.687007862992126,1.64763783149606,-0.0177165354330709));
#12281=CARTESIAN_POINT('',(0.687007862992126,1.61614176850394,0.));
#12282=CARTESIAN_POINT('Origin',(0.624015737007874,1.61614176850394,-0.0177165354330709));
#12283=CARTESIAN_POINT('',(0.624015737007874,1.61614176850394,-0.0177165354330709));
#12284=CARTESIAN_POINT('',(0.624015737007874,1.61614176850394,0.));
#12285=CARTESIAN_POINT('Origin',(0.624015737007874,1.64763783149606,-0.0177165354330709));
#12286=CARTESIAN_POINT('',(0.624015737007874,1.64763783149606,-0.0177165354330709));
#12287=CARTESIAN_POINT('',(0.624015737007874,1.64763783149606,0.));
#12288=CARTESIAN_POINT('Origin',(0.624015737007874,1.61614176850394,-0.0177165354330709));
#12289=CARTESIAN_POINT('Origin',(0.624015737007874,1.61614176850394,0.));
#12290=CARTESIAN_POINT('',(0.,0.,0.));
#12291=CARTESIAN_POINT('Origin',(0.477755837007874,1.20472446850394,-0.0177165354330709));
#12292=CARTESIAN_POINT('',(0.477755837007874,1.20472446850394,-0.0177165354330709));
#12293=CARTESIAN_POINT('',(0.477755837007874,1.20472446850394,0.));
#12294=CARTESIAN_POINT('',(0.477755837007874,1.20472446850394,-0.0177165354330709));
#12295=CARTESIAN_POINT('',(0.477755837007874,1.23622053149606,0.));
#12296=CARTESIAN_POINT('',(0.477755837007874,1.20472446850394,0.));
#12297=CARTESIAN_POINT('',(0.477755837007874,1.23622053149606,-0.0177165354330709));
#12298=CARTESIAN_POINT('',(0.477755837007874,1.23622053149606,-0.0177165354330709));
#12299=CARTESIAN_POINT('',(0.477755837007874,1.20472446850394,-0.0177165354330709));
#12300=CARTESIAN_POINT('Origin',(0.540747962992126,1.20472446850394,-0.0177165354330709));
#12301=CARTESIAN_POINT('',(0.540747962992126,1.20472446850394,-0.0177165354330709));
#12302=CARTESIAN_POINT('',(0.540747962992126,1.20472446850394,0.));
#12303=CARTESIAN_POINT('',(0.540747962992126,1.20472446850394,-0.0177165354330709));
#12304=CARTESIAN_POINT('',(0.540747962992126,1.23622053149606,-0.0177165354330709));
#12305=CARTESIAN_POINT('',(0.540747962992126,1.20472446850394,-0.0177165354330709));
#12306=CARTESIAN_POINT('',(0.540747962992126,1.23622053149606,0.));
#12307=CARTESIAN_POINT('',(0.540747962992126,1.23622053149606,-0.0177165354330709));
#12308=CARTESIAN_POINT('',(0.540747962992126,1.20472446850394,0.));
#12309=CARTESIAN_POINT('Origin',(0.477755837007874,1.20472446850394,-0.0177165354330709));
#12310=CARTESIAN_POINT('',(0.477755837007874,1.20472446850394,-0.0177165354330709));
#12311=CARTESIAN_POINT('',(0.477755837007874,1.20472446850394,0.));
#12312=CARTESIAN_POINT('Origin',(0.477755837007874,1.23622053149606,-0.0177165354330709));
#12313=CARTESIAN_POINT('',(0.477755837007874,1.23622053149606,-0.0177165354330709));
#12314=CARTESIAN_POINT('',(0.477755837007874,1.23622053149606,0.));
#12315=CARTESIAN_POINT('Origin',(0.477755837007874,1.20472446850394,-0.0177165354330709));
#12316=CARTESIAN_POINT('Origin',(0.477755837007874,1.20472446850394,0.));
#12317=CARTESIAN_POINT('',(0.,0.,0.));
#12318=CARTESIAN_POINT('Origin',(0.155511819685039,1.52362216062992,-0.021771657480315));
#12319=CARTESIAN_POINT('',(0.155511819685039,1.52362216062992,-0.021771657480315));
#12320=CARTESIAN_POINT('',(0.155511819685039,1.52362216062992,0.));
#12321=CARTESIAN_POINT('',(0.155511819685039,1.52362216062992,-0.021771657480315));
#12322=CARTESIAN_POINT('',(0.135826780314961,1.52362216062992,0.));
#12323=CARTESIAN_POINT('',(0.155511819685039,1.52362216062992,0.));
#12324=CARTESIAN_POINT('',(0.135826780314961,1.52362216062992,-0.021771657480315));
#12325=CARTESIAN_POINT('',(0.135826780314961,1.52362216062992,-0.021771657480315));
#12326=CARTESIAN_POINT('',(0.155511819685039,1.52362216062992,-0.021771657480315));
#12327=CARTESIAN_POINT('Origin',(0.155511819685039,1.56299223937008,-0.021771657480315));
#12328=CARTESIAN_POINT('',(0.155511819685039,1.56299223937008,-0.021771657480315));
#12329=CARTESIAN_POINT('',(0.155511819685039,1.56299223937008,0.));
#12330=CARTESIAN_POINT('',(0.155511819685039,1.56299223937008,-0.021771657480315));
#12331=CARTESIAN_POINT('',(0.135826780314961,1.56299223937008,-0.021771657480315));
#12332=CARTESIAN_POINT('',(0.155511819685039,1.56299223937008,-0.021771657480315));
#12333=CARTESIAN_POINT('',(0.135826780314961,1.56299223937008,0.));
#12334=CARTESIAN_POINT('',(0.135826780314961,1.56299223937008,-0.021771657480315));
#12335=CARTESIAN_POINT('',(0.155511819685039,1.56299223937008,0.));
#12336=CARTESIAN_POINT('Origin',(0.155511819685039,1.52362216062992,-0.021771657480315));
#12337=CARTESIAN_POINT('',(0.155511819685039,1.52362216062992,-0.021771657480315));
#12338=CARTESIAN_POINT('',(0.155511819685039,1.52362216062992,0.));
#12339=CARTESIAN_POINT('Origin',(0.135826780314961,1.52362216062992,-0.021771657480315));
#12340=CARTESIAN_POINT('',(0.135826780314961,1.52362216062992,-0.021771657480315));
#12341=CARTESIAN_POINT('',(0.135826780314961,1.52362216062992,0.));
#12342=CARTESIAN_POINT('Origin',(0.155511819685039,1.52362216062992,-0.021771657480315));
#12343=CARTESIAN_POINT('Origin',(0.155511819685039,1.52362216062992,0.));
#12344=CARTESIAN_POINT('',(0.,0.,0.));
#12345=CARTESIAN_POINT('Origin',(0.1220472,1.3519685,0.0861573));
#12346=CARTESIAN_POINT('',(0.0137794834645669,1.3519685,0.275133677952756));
#12347=CARTESIAN_POINT('Origin',(0.1220472,1.3519685,0.275133677952756));
#12348=CARTESIAN_POINT('',(0.0137794834645669,1.3519685,0.0861573));
#12349=CARTESIAN_POINT('',(0.0137794834645669,1.3519685,0.0861573));
#12350=CARTESIAN_POINT('Origin',(0.1220472,1.3519685,0.0861573));
#12351=CARTESIAN_POINT('Origin',(0.1220472,1.3519685,0.275133677952756));
#12352=CARTESIAN_POINT('',(0.0499999559055118,1.3519685,0.275133677952756));
#12353=CARTESIAN_POINT('Origin',(0.1220472,1.3519685,0.275133677952756));
#12354=CARTESIAN_POINT('Origin',(0.1220472,1.3519685,0.0861573));
#12355=CARTESIAN_POINT('Origin',(0.1220472,1.3519685,0.165291158267717));
#12356=CARTESIAN_POINT('',(0.0499999559055118,1.3519685,0.165291158267717));
#12357=CARTESIAN_POINT('Origin',(0.1220472,1.3519685,0.165291158267717));
#12358=CARTESIAN_POINT('',(0.0499999559055118,1.3519685,0.165291158267717));
#12359=CARTESIAN_POINT('Origin',(0.1220472,1.3519685,0.165291158267717));
#12360=CARTESIAN_POINT('Origin',(0.1220472,1.3519685,-0.0638427));
#12361=CARTESIAN_POINT('',(0.110236176377953,1.3519685,0.0861573));
#12362=CARTESIAN_POINT('Origin',(0.1220472,1.3519685,0.0861573));
#12363=CARTESIAN_POINT('',(0.110236176377953,1.3519685,-0.0638427));
#12364=CARTESIAN_POINT('',(0.110236176377953,1.3519685,-0.0638427));
#12365=CARTESIAN_POINT('Origin',(0.1220472,1.3519685,-0.0638427));
#12366=CARTESIAN_POINT('Origin',(0.1220472,1.3519685,0.0861573));
#12367=CARTESIAN_POINT('Origin',(0.1220472,1.3519685,-0.0638427));
#12368=CARTESIAN_POINT('Origin',(0.0720472,1.4019685,-0.0638427));
#12369=CARTESIAN_POINT('',(0.0602361763779527,1.4019685,0.0861573));
#12370=CARTESIAN_POINT('Origin',(0.0720472,1.4019685,0.0861573));
#12371=CARTESIAN_POINT('',(0.0602361763779527,1.4019685,-0.0638427));
#12372=CARTESIAN_POINT('',(0.0602361763779527,1.4019685,-0.0638427));
#12373=CARTESIAN_POINT('Origin',(0.0720472,1.4019685,-0.0638427));
#12374=CARTESIAN_POINT('Origin',(0.0720472,1.4019685,0.0861573));
#12375=CARTESIAN_POINT('Origin',(0.0720472,1.4019685,-0.0638427));
#12376=CARTESIAN_POINT('Origin',(0.0720472,1.4019685,0.0625353));
#12377=CARTESIAN_POINT('',(0.0503936566929134,1.4019685,0.078283331496063));
#12378=CARTESIAN_POINT('Origin',(0.0720472,1.4019685,0.078283331496063));
#12379=CARTESIAN_POINT('',(0.0503936566929134,1.4019685,0.0625353));
#12380=CARTESIAN_POINT('',(0.0503936566929134,1.4019685,0.0625353));
#12381=CARTESIAN_POINT('Origin',(0.0720472,1.4019685,0.0625353));
#12382=CARTESIAN_POINT('Origin',(0.0720472,1.4019685,0.078283331496063));
#12383=CARTESIAN_POINT('Origin',(0.0720472,1.4019685,0.0625353));
#12384=CARTESIAN_POINT('Origin',(0.0720472,1.3019685,-0.0638427));
#12385=CARTESIAN_POINT('',(0.0602361763779527,1.3019685,0.0861573));
#12386=CARTESIAN_POINT('Origin',(0.0720472,1.3019685,0.0861573));
#12387=CARTESIAN_POINT('',(0.0602361763779527,1.3019685,-0.0638427));
#12388=CARTESIAN_POINT('',(0.0602361763779527,1.3019685,-0.0638427));
#12389=CARTESIAN_POINT('Origin',(0.0720472,1.3019685,-0.0638427));
#12390=CARTESIAN_POINT('Origin',(0.0720472,1.3019685,0.0861573));
#12391=CARTESIAN_POINT('Origin',(0.0720472,1.3019685,-0.0638427));
#12392=CARTESIAN_POINT('Origin',(0.0720472,1.3019685,0.0625353));
#12393=CARTESIAN_POINT('',(0.0503936566929134,1.3019685,0.078283331496063));
#12394=CARTESIAN_POINT('Origin',(0.0720472,1.3019685,0.078283331496063));
#12395=CARTESIAN_POINT('',(0.0503936566929134,1.3019685,0.0625353));
#12396=CARTESIAN_POINT('',(0.0503936566929134,1.3019685,0.0625353));
#12397=CARTESIAN_POINT('Origin',(0.0720472,1.3019685,0.0625353));
#12398=CARTESIAN_POINT('Origin',(0.0720472,1.3019685,0.078283331496063));
#12399=CARTESIAN_POINT('Origin',(0.0720472,1.3019685,0.0625353));
#12400=CARTESIAN_POINT('Origin',(0.1720472,1.4019685,-0.0638427));
#12401=CARTESIAN_POINT('',(0.160236176377953,1.4019685,0.0861573));
#12402=CARTESIAN_POINT('Origin',(0.1720472,1.4019685,0.0861573));
#12403=CARTESIAN_POINT('',(0.160236176377953,1.4019685,-0.0638427));
#12404=CARTESIAN_POINT('',(0.160236176377953,1.4019685,-0.0638427));
#12405=CARTESIAN_POINT('Origin',(0.1720472,1.4019685,-0.0638427));
#12406=CARTESIAN_POINT('Origin',(0.1720472,1.4019685,0.0861573));
#12407=CARTESIAN_POINT('Origin',(0.1720472,1.4019685,-0.0638427));
#12408=CARTESIAN_POINT('Origin',(0.1720472,1.4019685,0.0625353));
#12409=CARTESIAN_POINT('',(0.150393656692913,1.4019685,0.078283331496063));
#12410=CARTESIAN_POINT('Origin',(0.1720472,1.4019685,0.078283331496063));
#12411=CARTESIAN_POINT('',(0.150393656692913,1.4019685,0.0625353));
#12412=CARTESIAN_POINT('',(0.150393656692913,1.4019685,0.0625353));
#12413=CARTESIAN_POINT('Origin',(0.1720472,1.4019685,0.0625353));
#12414=CARTESIAN_POINT('Origin',(0.1720472,1.4019685,0.078283331496063));
#12415=CARTESIAN_POINT('Origin',(0.1720472,1.4019685,0.0625353));
#12416=CARTESIAN_POINT('Origin',(0.1720472,1.3019685,-0.0638427));
#12417=CARTESIAN_POINT('',(0.160236176377953,1.3019685,0.0861573));
#12418=CARTESIAN_POINT('Origin',(0.1720472,1.3019685,0.0861573));
#12419=CARTESIAN_POINT('',(0.160236176377953,1.3019685,-0.0638427));
#12420=CARTESIAN_POINT('',(0.160236176377953,1.3019685,-0.0638427));
#12421=CARTESIAN_POINT('Origin',(0.1720472,1.3019685,-0.0638427));
#12422=CARTESIAN_POINT('Origin',(0.1720472,1.3019685,0.0861573));
#12423=CARTESIAN_POINT('Origin',(0.1720472,1.3019685,-0.0638427));
#12424=CARTESIAN_POINT('Origin',(0.1720472,1.3019685,0.0625353));
#12425=CARTESIAN_POINT('',(0.150393656692913,1.3019685,0.078283331496063));
#12426=CARTESIAN_POINT('Origin',(0.1720472,1.3019685,0.078283331496063));
#12427=CARTESIAN_POINT('',(0.150393656692913,1.3019685,0.0625353));
#12428=CARTESIAN_POINT('',(0.150393656692913,1.3019685,0.0625353));
#12429=CARTESIAN_POINT('Origin',(0.1720472,1.3019685,0.0625353));
#12430=CARTESIAN_POINT('Origin',(0.1720472,1.3019685,0.078283331496063));
#12431=CARTESIAN_POINT('Origin',(0.1720472,1.3019685,0.0625353));
#12432=CARTESIAN_POINT('',(0.,0.,0.));
#12433=CARTESIAN_POINT('Origin',(0.292125919685039,1.13976386062992,-0.021771657480315));
#12434=CARTESIAN_POINT('',(0.292125919685039,1.13976386062992,-0.021771657480315));
#12435=CARTESIAN_POINT('',(0.292125919685039,1.13976386062992,0.));
#12436=CARTESIAN_POINT('',(0.292125919685039,1.13976386062992,-0.021771657480315));
#12437=CARTESIAN_POINT('',(0.272440880314961,1.13976386062992,0.));
#12438=CARTESIAN_POINT('',(0.292125919685039,1.13976386062992,0.));
#12439=CARTESIAN_POINT('',(0.272440880314961,1.13976386062992,-0.021771657480315));
#12440=CARTESIAN_POINT('',(0.272440880314961,1.13976386062992,-0.021771657480315));
#12441=CARTESIAN_POINT('',(0.292125919685039,1.13976386062992,-0.021771657480315));
#12442=CARTESIAN_POINT('Origin',(0.292125919685039,1.17913393937008,-0.021771657480315));
#12443=CARTESIAN_POINT('',(0.292125919685039,1.17913393937008,-0.021771657480315));
#12444=CARTESIAN_POINT('',(0.292125919685039,1.17913393937008,0.));
#12445=CARTESIAN_POINT('',(0.292125919685039,1.17913393937008,-0.021771657480315));
#12446=CARTESIAN_POINT('',(0.272440880314961,1.17913393937008,-0.021771657480315));
#12447=CARTESIAN_POINT('',(0.292125919685039,1.17913393937008,-0.021771657480315));
#12448=CARTESIAN_POINT('',(0.272440880314961,1.17913393937008,0.));
#12449=CARTESIAN_POINT('',(0.272440880314961,1.17913393937008,-0.021771657480315));
#12450=CARTESIAN_POINT('',(0.292125919685039,1.17913393937008,0.));
#12451=CARTESIAN_POINT('Origin',(0.292125919685039,1.13976386062992,-0.021771657480315));
#12452=CARTESIAN_POINT('',(0.292125919685039,1.13976386062992,-0.021771657480315));
#12453=CARTESIAN_POINT('',(0.292125919685039,1.13976386062992,0.));
#12454=CARTESIAN_POINT('Origin',(0.272440880314961,1.13976386062992,-0.021771657480315));
#12455=CARTESIAN_POINT('',(0.272440880314961,1.13976386062992,-0.021771657480315));
#12456=CARTESIAN_POINT('',(0.272440880314961,1.13976386062992,0.));
#12457=CARTESIAN_POINT('Origin',(0.292125919685039,1.13976386062992,-0.021771657480315));
#12458=CARTESIAN_POINT('Origin',(0.292125919685039,1.13976386062992,0.));
#12459=CARTESIAN_POINT('',(0.,0.,0.));
#12460=CARTESIAN_POINT('Origin',(0.1220472,1.0685039,0.0861573));
#12461=CARTESIAN_POINT('',(0.0137794834645669,1.0685039,0.275133677952756));
#12462=CARTESIAN_POINT('Origin',(0.1220472,1.0685039,0.275133677952756));
#12463=CARTESIAN_POINT('',(0.0137794834645669,1.0685039,0.0861573));
#12464=CARTESIAN_POINT('',(0.0137794834645669,1.0685039,0.0861573));
#12465=CARTESIAN_POINT('Origin',(0.1220472,1.0685039,0.0861573));
#12466=CARTESIAN_POINT('Origin',(0.1220472,1.0685039,0.275133677952756));
#12467=CARTESIAN_POINT('',(0.0499999559055118,1.0685039,0.275133677952756));
#12468=CARTESIAN_POINT('Origin',(0.1220472,1.0685039,0.275133677952756));
#12469=CARTESIAN_POINT('Origin',(0.1220472,1.0685039,0.0861573));
#12470=CARTESIAN_POINT('Origin',(0.1220472,1.0685039,0.165291158267717));
#12471=CARTESIAN_POINT('',(0.0499999559055118,1.0685039,0.165291158267717));
#12472=CARTESIAN_POINT('Origin',(0.1220472,1.0685039,0.165291158267717));
#12473=CARTESIAN_POINT('',(0.0499999559055118,1.0685039,0.165291158267717));
#12474=CARTESIAN_POINT('Origin',(0.1220472,1.0685039,0.165291158267717));
#12475=CARTESIAN_POINT('Origin',(0.1220472,1.0685039,-0.0638427));
#12476=CARTESIAN_POINT('',(0.110236176377953,1.0685039,0.0861573));
#12477=CARTESIAN_POINT('Origin',(0.1220472,1.0685039,0.0861573));
#12478=CARTESIAN_POINT('',(0.110236176377953,1.0685039,-0.0638427));
#12479=CARTESIAN_POINT('',(0.110236176377953,1.0685039,-0.0638427));
#12480=CARTESIAN_POINT('Origin',(0.1220472,1.0685039,-0.0638427));
#12481=CARTESIAN_POINT('Origin',(0.1220472,1.0685039,0.0861573));
#12482=CARTESIAN_POINT('Origin',(0.1220472,1.0685039,-0.0638427));
#12483=CARTESIAN_POINT('Origin',(0.0720472,1.1185039,-0.0638427));
#12484=CARTESIAN_POINT('',(0.0602361763779527,1.1185039,0.0861573));
#12485=CARTESIAN_POINT('Origin',(0.0720472,1.1185039,0.0861573));
#12486=CARTESIAN_POINT('',(0.0602361763779527,1.1185039,-0.0638427));
#12487=CARTESIAN_POINT('',(0.0602361763779527,1.1185039,-0.0638427));
#12488=CARTESIAN_POINT('Origin',(0.0720472,1.1185039,-0.0638427));
#12489=CARTESIAN_POINT('Origin',(0.0720472,1.1185039,0.0861573));
#12490=CARTESIAN_POINT('Origin',(0.0720472,1.1185039,-0.0638427));
#12491=CARTESIAN_POINT('Origin',(0.0720472,1.1185039,0.0625353));
#12492=CARTESIAN_POINT('',(0.0503936566929134,1.1185039,0.078283331496063));
#12493=CARTESIAN_POINT('Origin',(0.0720472,1.1185039,0.078283331496063));
#12494=CARTESIAN_POINT('',(0.0503936566929134,1.1185039,0.0625353));
#12495=CARTESIAN_POINT('',(0.0503936566929134,1.1185039,0.0625353));
#12496=CARTESIAN_POINT('Origin',(0.0720472,1.1185039,0.0625353));
#12497=CARTESIAN_POINT('Origin',(0.0720472,1.1185039,0.078283331496063));
#12498=CARTESIAN_POINT('Origin',(0.0720472,1.1185039,0.0625353));
#12499=CARTESIAN_POINT('Origin',(0.0720472,1.0185039,-0.0638427));
#12500=CARTESIAN_POINT('',(0.0602361763779527,1.0185039,0.0861573));
#12501=CARTESIAN_POINT('Origin',(0.0720472,1.0185039,0.0861573));
#12502=CARTESIAN_POINT('',(0.0602361763779527,1.0185039,-0.0638427));
#12503=CARTESIAN_POINT('',(0.0602361763779527,1.0185039,-0.0638427));
#12504=CARTESIAN_POINT('Origin',(0.0720472,1.0185039,-0.0638427));
#12505=CARTESIAN_POINT('Origin',(0.0720472,1.0185039,0.0861573));
#12506=CARTESIAN_POINT('Origin',(0.0720472,1.0185039,-0.0638427));
#12507=CARTESIAN_POINT('Origin',(0.0720472,1.0185039,0.0625353));
#12508=CARTESIAN_POINT('',(0.0503936566929134,1.0185039,0.078283331496063));
#12509=CARTESIAN_POINT('Origin',(0.0720472,1.0185039,0.078283331496063));
#12510=CARTESIAN_POINT('',(0.0503936566929134,1.0185039,0.0625353));
#12511=CARTESIAN_POINT('',(0.0503936566929134,1.0185039,0.0625353));
#12512=CARTESIAN_POINT('Origin',(0.0720472,1.0185039,0.0625353));
#12513=CARTESIAN_POINT('Origin',(0.0720472,1.0185039,0.078283331496063));
#12514=CARTESIAN_POINT('Origin',(0.0720472,1.0185039,0.0625353));
#12515=CARTESIAN_POINT('Origin',(0.1720472,1.1185039,-0.0638427));
#12516=CARTESIAN_POINT('',(0.160236176377953,1.1185039,0.0861573));
#12517=CARTESIAN_POINT('Origin',(0.1720472,1.1185039,0.0861573));
#12518=CARTESIAN_POINT('',(0.160236176377953,1.1185039,-0.0638427));
#12519=CARTESIAN_POINT('',(0.160236176377953,1.1185039,-0.0638427));
#12520=CARTESIAN_POINT('Origin',(0.1720472,1.1185039,-0.0638427));
#12521=CARTESIAN_POINT('Origin',(0.1720472,1.1185039,0.0861573));
#12522=CARTESIAN_POINT('Origin',(0.1720472,1.1185039,-0.0638427));
#12523=CARTESIAN_POINT('Origin',(0.1720472,1.1185039,0.0625353));
#12524=CARTESIAN_POINT('',(0.150393656692913,1.1185039,0.078283331496063));
#12525=CARTESIAN_POINT('Origin',(0.1720472,1.1185039,0.078283331496063));
#12526=CARTESIAN_POINT('',(0.150393656692913,1.1185039,0.0625353));
#12527=CARTESIAN_POINT('',(0.150393656692913,1.1185039,0.0625353));
#12528=CARTESIAN_POINT('Origin',(0.1720472,1.1185039,0.0625353));
#12529=CARTESIAN_POINT('Origin',(0.1720472,1.1185039,0.078283331496063));
#12530=CARTESIAN_POINT('Origin',(0.1720472,1.1185039,0.0625353));
#12531=CARTESIAN_POINT('Origin',(0.1720472,1.0185039,-0.0638427));
#12532=CARTESIAN_POINT('',(0.160236176377953,1.0185039,0.0861573));
#12533=CARTESIAN_POINT('Origin',(0.1720472,1.0185039,0.0861573));
#12534=CARTESIAN_POINT('',(0.160236176377953,1.0185039,-0.0638427));
#12535=CARTESIAN_POINT('',(0.160236176377953,1.0185039,-0.0638427));
#12536=CARTESIAN_POINT('Origin',(0.1720472,1.0185039,-0.0638427));
#12537=CARTESIAN_POINT('Origin',(0.1720472,1.0185039,0.0861573));
#12538=CARTESIAN_POINT('Origin',(0.1720472,1.0185039,-0.0638427));
#12539=CARTESIAN_POINT('Origin',(0.1720472,1.0185039,0.0625353));
#12540=CARTESIAN_POINT('',(0.150393656692913,1.0185039,0.078283331496063));
#12541=CARTESIAN_POINT('Origin',(0.1720472,1.0185039,0.078283331496063));
#12542=CARTESIAN_POINT('',(0.150393656692913,1.0185039,0.0625353));
#12543=CARTESIAN_POINT('',(0.150393656692913,1.0185039,0.0625353));
#12544=CARTESIAN_POINT('Origin',(0.1720472,1.0185039,0.0625353));
#12545=CARTESIAN_POINT('Origin',(0.1720472,1.0185039,0.078283331496063));
#12546=CARTESIAN_POINT('Origin',(0.1720472,1.0185039,0.0625353));
#12547=CARTESIAN_POINT('',(0.,0.,0.));
#12548=CARTESIAN_POINT('Origin',(0.324803180314961,1.98622043937008,-0.021771657480315));
#12549=CARTESIAN_POINT('',(0.324803180314961,1.98622043937008,-0.021771657480315));
#12550=CARTESIAN_POINT('',(0.324803180314961,1.98622043937008,0.));
#12551=CARTESIAN_POINT('',(0.324803180314961,1.98622043937008,-0.021771657480315));
#12552=CARTESIAN_POINT('',(0.344488219685039,1.98622043937008,0.));
#12553=CARTESIAN_POINT('',(0.324803180314961,1.98622043937008,0.));
#12554=CARTESIAN_POINT('',(0.344488219685039,1.98622043937008,-0.021771657480315));
#12555=CARTESIAN_POINT('',(0.344488219685039,1.98622043937008,-0.021771657480315));
#12556=CARTESIAN_POINT('',(0.324803180314961,1.98622043937008,-0.021771657480315));
#12557=CARTESIAN_POINT('Origin',(0.324803180314961,1.94685036062992,-0.021771657480315));
#12558=CARTESIAN_POINT('',(0.324803180314961,1.94685036062992,-0.021771657480315));
#12559=CARTESIAN_POINT('',(0.324803180314961,1.94685036062992,0.));
#12560=CARTESIAN_POINT('',(0.324803180314961,1.94685036062992,-0.021771657480315));
#12561=CARTESIAN_POINT('',(0.344488219685039,1.94685036062992,-0.021771657480315));
#12562=CARTESIAN_POINT('',(0.324803180314961,1.94685036062992,-0.021771657480315));
#12563=CARTESIAN_POINT('',(0.344488219685039,1.94685036062992,0.));
#12564=CARTESIAN_POINT('',(0.344488219685039,1.94685036062992,-0.021771657480315));
#12565=CARTESIAN_POINT('',(0.324803180314961,1.94685036062992,0.));
#12566=CARTESIAN_POINT('Origin',(0.324803180314961,1.98622043937008,-0.021771657480315));
#12567=CARTESIAN_POINT('',(0.324803180314961,1.98622043937008,-0.021771657480315));
#12568=CARTESIAN_POINT('',(0.324803180314961,1.98622043937008,0.));
#12569=CARTESIAN_POINT('Origin',(0.344488219685039,1.98622043937008,-0.021771657480315));
#12570=CARTESIAN_POINT('',(0.344488219685039,1.98622043937008,-0.021771657480315));
#12571=CARTESIAN_POINT('',(0.344488219685039,1.98622043937008,0.));
#12572=CARTESIAN_POINT('Origin',(0.324803180314961,1.98622043937008,-0.021771657480315));
#12573=CARTESIAN_POINT('Origin',(0.324803180314961,1.98622043937008,0.));
#12574=CARTESIAN_POINT('',(0.,0.,0.));
#12575=CARTESIAN_POINT('Origin',(0.423228480314961,1.98622043937008,-0.021771657480315));
#12576=CARTESIAN_POINT('',(0.423228480314961,1.98622043937008,-0.021771657480315));
#12577=CARTESIAN_POINT('',(0.423228480314961,1.98622043937008,0.));
#12578=CARTESIAN_POINT('',(0.423228480314961,1.98622043937008,-0.021771657480315));
#12579=CARTESIAN_POINT('',(0.442913519685039,1.98622043937008,0.));
#12580=CARTESIAN_POINT('',(0.423228480314961,1.98622043937008,0.));
#12581=CARTESIAN_POINT('',(0.442913519685039,1.98622043937008,-0.021771657480315));
#12582=CARTESIAN_POINT('',(0.442913519685039,1.98622043937008,-0.021771657480315));
#12583=CARTESIAN_POINT('',(0.423228480314961,1.98622043937008,-0.021771657480315));
#12584=CARTESIAN_POINT('Origin',(0.423228480314961,1.94685036062992,-0.021771657480315));
#12585=CARTESIAN_POINT('',(0.423228480314961,1.94685036062992,-0.021771657480315));
#12586=CARTESIAN_POINT('',(0.423228480314961,1.94685036062992,0.));
#12587=CARTESIAN_POINT('',(0.423228480314961,1.94685036062992,-0.021771657480315));
#12588=CARTESIAN_POINT('',(0.442913519685039,1.94685036062992,-0.021771657480315));
#12589=CARTESIAN_POINT('',(0.423228480314961,1.94685036062992,-0.021771657480315));
#12590=CARTESIAN_POINT('',(0.442913519685039,1.94685036062992,0.));
#12591=CARTESIAN_POINT('',(0.442913519685039,1.94685036062992,-0.021771657480315));
#12592=CARTESIAN_POINT('',(0.423228480314961,1.94685036062992,0.));
#12593=CARTESIAN_POINT('Origin',(0.423228480314961,1.98622043937008,-0.021771657480315));
#12594=CARTESIAN_POINT('',(0.423228480314961,1.98622043937008,-0.021771657480315));
#12595=CARTESIAN_POINT('',(0.423228480314961,1.98622043937008,0.));
#12596=CARTESIAN_POINT('Origin',(0.442913519685039,1.98622043937008,-0.021771657480315));
#12597=CARTESIAN_POINT('',(0.442913519685039,1.98622043937008,-0.021771657480315));
#12598=CARTESIAN_POINT('',(0.442913519685039,1.98622043937008,0.));
#12599=CARTESIAN_POINT('Origin',(0.423228480314961,1.98622043937008,-0.021771657480315));
#12600=CARTESIAN_POINT('Origin',(0.423228480314961,1.98622043937008,0.));
#12601=CARTESIAN_POINT('',(0.,0.,0.));
#12602=CARTESIAN_POINT('Origin',(0.631889719685039,1.55118116062992,-0.021771657480315));
#12603=CARTESIAN_POINT('',(0.631889719685039,1.55118116062992,-0.021771657480315));
#12604=CARTESIAN_POINT('',(0.631889719685039,1.55118116062992,0.));
#12605=CARTESIAN_POINT('',(0.631889719685039,1.55118116062992,-0.021771657480315));
#12606=CARTESIAN_POINT('',(0.612204680314961,1.55118116062992,0.));
#12607=CARTESIAN_POINT('',(0.631889719685039,1.55118116062992,0.));
#12608=CARTESIAN_POINT('',(0.612204680314961,1.55118116062992,-0.021771657480315));
#12609=CARTESIAN_POINT('',(0.612204680314961,1.55118116062992,-0.021771657480315));
#12610=CARTESIAN_POINT('',(0.631889719685039,1.55118116062992,-0.021771657480315));
#12611=CARTESIAN_POINT('Origin',(0.631889719685039,1.59055123937008,-0.021771657480315));
#12612=CARTESIAN_POINT('',(0.631889719685039,1.59055123937008,-0.021771657480315));
#12613=CARTESIAN_POINT('',(0.631889719685039,1.59055123937008,0.));
#12614=CARTESIAN_POINT('',(0.631889719685039,1.59055123937008,-0.021771657480315));
#12615=CARTESIAN_POINT('',(0.612204680314961,1.59055123937008,-0.021771657480315));
#12616=CARTESIAN_POINT('',(0.631889719685039,1.59055123937008,-0.021771657480315));
#12617=CARTESIAN_POINT('',(0.612204680314961,1.59055123937008,0.));
#12618=CARTESIAN_POINT('',(0.612204680314961,1.59055123937008,-0.021771657480315));
#12619=CARTESIAN_POINT('',(0.631889719685039,1.59055123937008,0.));
#12620=CARTESIAN_POINT('Origin',(0.631889719685039,1.55118116062992,-0.021771657480315));
#12621=CARTESIAN_POINT('',(0.631889719685039,1.55118116062992,-0.021771657480315));
#12622=CARTESIAN_POINT('',(0.631889719685039,1.55118116062992,0.));
#12623=CARTESIAN_POINT('Origin',(0.612204680314961,1.55118116062992,-0.021771657480315));
#12624=CARTESIAN_POINT('',(0.612204680314961,1.55118116062992,-0.021771657480315));
#12625=CARTESIAN_POINT('',(0.612204680314961,1.55118116062992,0.));
#12626=CARTESIAN_POINT('Origin',(0.631889719685039,1.55118116062992,-0.021771657480315));
#12627=CARTESIAN_POINT('Origin',(0.631889719685039,1.55118116062992,0.));
#12628=CARTESIAN_POINT('',(0.,0.,0.));
#12629=CARTESIAN_POINT('Origin',(0.485629919685039,1.13976386062992,-0.021771657480315));
#12630=CARTESIAN_POINT('',(0.485629919685039,1.13976386062992,-0.021771657480315));
#12631=CARTESIAN_POINT('',(0.485629919685039,1.13976386062992,0.));
#12632=CARTESIAN_POINT('',(0.485629919685039,1.13976386062992,-0.021771657480315));
#12633=CARTESIAN_POINT('',(0.465944880314961,1.13976386062992,0.));
#12634=CARTESIAN_POINT('',(0.485629919685039,1.13976386062992,0.));
#12635=CARTESIAN_POINT('',(0.465944880314961,1.13976386062992,-0.021771657480315));
#12636=CARTESIAN_POINT('',(0.465944880314961,1.13976386062992,-0.021771657480315));
#12637=CARTESIAN_POINT('',(0.485629919685039,1.13976386062992,-0.021771657480315));
#12638=CARTESIAN_POINT('Origin',(0.485629919685039,1.17913393937008,-0.021771657480315));
#12639=CARTESIAN_POINT('',(0.485629919685039,1.17913393937008,-0.021771657480315));
#12640=CARTESIAN_POINT('',(0.485629919685039,1.17913393937008,0.));
#12641=CARTESIAN_POINT('',(0.485629919685039,1.17913393937008,-0.021771657480315));
#12642=CARTESIAN_POINT('',(0.465944880314961,1.17913393937008,-0.021771657480315));
#12643=CARTESIAN_POINT('',(0.485629919685039,1.17913393937008,-0.021771657480315));
#12644=CARTESIAN_POINT('',(0.465944880314961,1.17913393937008,0.));
#12645=CARTESIAN_POINT('',(0.465944880314961,1.17913393937008,-0.021771657480315));
#12646=CARTESIAN_POINT('',(0.485629919685039,1.17913393937008,0.));
#12647=CARTESIAN_POINT('Origin',(0.485629919685039,1.13976386062992,-0.021771657480315));
#12648=CARTESIAN_POINT('',(0.485629919685039,1.13976386062992,-0.021771657480315));
#12649=CARTESIAN_POINT('',(0.485629919685039,1.13976386062992,0.));
#12650=CARTESIAN_POINT('Origin',(0.465944880314961,1.13976386062992,-0.021771657480315));
#12651=CARTESIAN_POINT('',(0.465944880314961,1.13976386062992,-0.021771657480315));
#12652=CARTESIAN_POINT('',(0.465944880314961,1.13976386062992,0.));
#12653=CARTESIAN_POINT('Origin',(0.485629919685039,1.13976386062992,-0.021771657480315));
#12654=CARTESIAN_POINT('Origin',(0.485629919685039,1.13976386062992,0.));
#12655=CARTESIAN_POINT('',(0.,0.,0.));
#12656=CARTESIAN_POINT('Origin',(0.6456693,1.0685039,0.0861573));
#12657=CARTESIAN_POINT('',(0.537401583464567,1.0685039,0.275133677952756));
#12658=CARTESIAN_POINT('Origin',(0.6456693,1.0685039,0.275133677952756));
#12659=CARTESIAN_POINT('',(0.537401583464567,1.0685039,0.0861573));
#12660=CARTESIAN_POINT('',(0.537401583464567,1.0685039,0.0861573));
#12661=CARTESIAN_POINT('Origin',(0.6456693,1.0685039,0.0861573));
#12662=CARTESIAN_POINT('Origin',(0.6456693,1.0685039,0.275133677952756));
#12663=CARTESIAN_POINT('',(0.573622055905512,1.0685039,0.275133677952756));
#12664=CARTESIAN_POINT('Origin',(0.6456693,1.0685039,0.275133677952756));
#12665=CARTESIAN_POINT('Origin',(0.6456693,1.0685039,0.0861573));
#12666=CARTESIAN_POINT('Origin',(0.6456693,1.0685039,0.165291158267717));
#12667=CARTESIAN_POINT('',(0.573622055905512,1.0685039,0.165291158267717));
#12668=CARTESIAN_POINT('Origin',(0.6456693,1.0685039,0.165291158267717));
#12669=CARTESIAN_POINT('',(0.573622055905512,1.0685039,0.165291158267717));
#12670=CARTESIAN_POINT('Origin',(0.6456693,1.0685039,0.165291158267717));
#12671=CARTESIAN_POINT('Origin',(0.5956693,1.1185039,-0.0638427));
#12672=CARTESIAN_POINT('',(0.583858276377953,1.1185039,0.0861573));
#12673=CARTESIAN_POINT('Origin',(0.5956693,1.1185039,0.0861573));
#12674=CARTESIAN_POINT('',(0.583858276377953,1.1185039,-0.0638427));
#12675=CARTESIAN_POINT('',(0.583858276377953,1.1185039,-0.0638427));
#12676=CARTESIAN_POINT('Origin',(0.5956693,1.1185039,-0.0638427));
#12677=CARTESIAN_POINT('Origin',(0.5956693,1.1185039,0.0861573));
#12678=CARTESIAN_POINT('Origin',(0.5956693,1.1185039,-0.0638427));
#12679=CARTESIAN_POINT('Origin',(0.5956693,1.1185039,0.0625353));
#12680=CARTESIAN_POINT('',(0.574015756692913,1.1185039,0.078283331496063));
#12681=CARTESIAN_POINT('Origin',(0.5956693,1.1185039,0.078283331496063));
#12682=CARTESIAN_POINT('',(0.574015756692913,1.1185039,0.0625353));
#12683=CARTESIAN_POINT('',(0.574015756692913,1.1185039,0.0625353));
#12684=CARTESIAN_POINT('Origin',(0.5956693,1.1185039,0.0625353));
#12685=CARTESIAN_POINT('Origin',(0.5956693,1.1185039,0.078283331496063));
#12686=CARTESIAN_POINT('Origin',(0.5956693,1.1185039,0.0625353));
#12687=CARTESIAN_POINT('Origin',(0.5956693,1.0185039,-0.0638427));
#12688=CARTESIAN_POINT('',(0.583858276377953,1.0185039,0.0861573));
#12689=CARTESIAN_POINT('Origin',(0.5956693,1.0185039,0.0861573));
#12690=CARTESIAN_POINT('',(0.583858276377953,1.0185039,-0.0638427));
#12691=CARTESIAN_POINT('',(0.583858276377953,1.0185039,-0.0638427));
#12692=CARTESIAN_POINT('Origin',(0.5956693,1.0185039,-0.0638427));
#12693=CARTESIAN_POINT('Origin',(0.5956693,1.0185039,0.0861573));
#12694=CARTESIAN_POINT('Origin',(0.5956693,1.0185039,-0.0638427));
#12695=CARTESIAN_POINT('Origin',(0.5956693,1.0185039,0.0625353));
#12696=CARTESIAN_POINT('',(0.574015756692913,1.0185039,0.078283331496063));
#12697=CARTESIAN_POINT('Origin',(0.5956693,1.0185039,0.078283331496063));
#12698=CARTESIAN_POINT('',(0.574015756692913,1.0185039,0.0625353));
#12699=CARTESIAN_POINT('',(0.574015756692913,1.0185039,0.0625353));
#12700=CARTESIAN_POINT('Origin',(0.5956693,1.0185039,0.0625353));
#12701=CARTESIAN_POINT('Origin',(0.5956693,1.0185039,0.078283331496063));
#12702=CARTESIAN_POINT('Origin',(0.5956693,1.0185039,0.0625353));
#12703=CARTESIAN_POINT('Origin',(0.6956693,1.1185039,-0.0638427));
#12704=CARTESIAN_POINT('',(0.683858276377953,1.1185039,0.0861573));
#12705=CARTESIAN_POINT('Origin',(0.6956693,1.1185039,0.0861573));
#12706=CARTESIAN_POINT('',(0.683858276377953,1.1185039,-0.0638427));
#12707=CARTESIAN_POINT('',(0.683858276377953,1.1185039,-0.0638427));
#12708=CARTESIAN_POINT('Origin',(0.6956693,1.1185039,-0.0638427));
#12709=CARTESIAN_POINT('Origin',(0.6956693,1.1185039,0.0861573));
#12710=CARTESIAN_POINT('Origin',(0.6956693,1.1185039,-0.0638427));
#12711=CARTESIAN_POINT('Origin',(0.6956693,1.1185039,0.0625353));
#12712=CARTESIAN_POINT('',(0.674015756692913,1.1185039,0.078283331496063));
#12713=CARTESIAN_POINT('Origin',(0.6956693,1.1185039,0.078283331496063));
#12714=CARTESIAN_POINT('',(0.674015756692913,1.1185039,0.0625353));
#12715=CARTESIAN_POINT('',(0.674015756692913,1.1185039,0.0625353));
#12716=CARTESIAN_POINT('Origin',(0.6956693,1.1185039,0.0625353));
#12717=CARTESIAN_POINT('Origin',(0.6956693,1.1185039,0.078283331496063));
#12718=CARTESIAN_POINT('Origin',(0.6956693,1.1185039,0.0625353));
#12719=CARTESIAN_POINT('Origin',(0.6956693,1.0185039,-0.0638427));
#12720=CARTESIAN_POINT('',(0.683858276377953,1.0185039,0.0861573));
#12721=CARTESIAN_POINT('Origin',(0.6956693,1.0185039,0.0861573));
#12722=CARTESIAN_POINT('',(0.683858276377953,1.0185039,-0.0638427));
#12723=CARTESIAN_POINT('',(0.683858276377953,1.0185039,-0.0638427));
#12724=CARTESIAN_POINT('Origin',(0.6956693,1.0185039,-0.0638427));
#12725=CARTESIAN_POINT('Origin',(0.6956693,1.0185039,0.0861573));
#12726=CARTESIAN_POINT('Origin',(0.6956693,1.0185039,-0.0638427));
#12727=CARTESIAN_POINT('Origin',(0.6956693,1.0185039,0.0625353));
#12728=CARTESIAN_POINT('',(0.674015756692913,1.0185039,0.078283331496063));
#12729=CARTESIAN_POINT('Origin',(0.6956693,1.0185039,0.078283331496063));
#12730=CARTESIAN_POINT('',(0.674015756692913,1.0185039,0.0625353));
#12731=CARTESIAN_POINT('',(0.674015756692913,1.0185039,0.0625353));
#12732=CARTESIAN_POINT('Origin',(0.6956693,1.0185039,0.0625353));
#12733=CARTESIAN_POINT('Origin',(0.6956693,1.0185039,0.078283331496063));
#12734=CARTESIAN_POINT('Origin',(0.6956693,1.0185039,0.0625353));
#12735=CARTESIAN_POINT('Origin',(0.6456693,1.0685039,-0.0638427));
#12736=CARTESIAN_POINT('',(0.633858276377953,1.0685039,0.0861573));
#12737=CARTESIAN_POINT('Origin',(0.6456693,1.0685039,0.0861573));
#12738=CARTESIAN_POINT('',(0.633858276377953,1.0685039,-0.0638427));
#12739=CARTESIAN_POINT('',(0.633858276377953,1.0685039,-0.0638427));
#12740=CARTESIAN_POINT('Origin',(0.6456693,1.0685039,-0.0638427));
#12741=CARTESIAN_POINT('Origin',(0.6456693,1.0685039,0.0861573));
#12742=CARTESIAN_POINT('Origin',(0.6456693,1.0685039,-0.0638427));
#12743=CARTESIAN_POINT('',(0.,0.,0.));
#12744=CARTESIAN_POINT('Origin',(0.6456693,1.3519685,0.0861573));
#12745=CARTESIAN_POINT('',(0.537401583464567,1.3519685,0.275133677952756));
#12746=CARTESIAN_POINT('Origin',(0.6456693,1.3519685,0.275133677952756));
#12747=CARTESIAN_POINT('',(0.537401583464567,1.3519685,0.0861573));
#12748=CARTESIAN_POINT('',(0.537401583464567,1.3519685,0.0861573));
#12749=CARTESIAN_POINT('Origin',(0.6456693,1.3519685,0.0861573));
#12750=CARTESIAN_POINT('Origin',(0.6456693,1.3519685,0.275133677952756));
#12751=CARTESIAN_POINT('',(0.573622055905512,1.3519685,0.275133677952756));
#12752=CARTESIAN_POINT('Origin',(0.6456693,1.3519685,0.275133677952756));
#12753=CARTESIAN_POINT('Origin',(0.6456693,1.3519685,0.0861573));
#12754=CARTESIAN_POINT('Origin',(0.6456693,1.3519685,0.165291158267717));
#12755=CARTESIAN_POINT('',(0.573622055905512,1.3519685,0.165291158267717));
#12756=CARTESIAN_POINT('Origin',(0.6456693,1.3519685,0.165291158267717));
#12757=CARTESIAN_POINT('',(0.573622055905512,1.3519685,0.165291158267717));
#12758=CARTESIAN_POINT('Origin',(0.6456693,1.3519685,0.165291158267717));
#12759=CARTESIAN_POINT('Origin',(0.5956693,1.4019685,-0.0638427));
#12760=CARTESIAN_POINT('',(0.583858276377953,1.4019685,0.0861573));
#12761=CARTESIAN_POINT('Origin',(0.5956693,1.4019685,0.0861573));
#12762=CARTESIAN_POINT('',(0.583858276377953,1.4019685,-0.0638427));
#12763=CARTESIAN_POINT('',(0.583858276377953,1.4019685,-0.0638427));
#12764=CARTESIAN_POINT('Origin',(0.5956693,1.4019685,-0.0638427));
#12765=CARTESIAN_POINT('Origin',(0.5956693,1.4019685,0.0861573));
#12766=CARTESIAN_POINT('Origin',(0.5956693,1.4019685,-0.0638427));
#12767=CARTESIAN_POINT('Origin',(0.5956693,1.4019685,0.0625353));
#12768=CARTESIAN_POINT('',(0.574015756692913,1.4019685,0.078283331496063));
#12769=CARTESIAN_POINT('Origin',(0.5956693,1.4019685,0.078283331496063));
#12770=CARTESIAN_POINT('',(0.574015756692913,1.4019685,0.0625353));
#12771=CARTESIAN_POINT('',(0.574015756692913,1.4019685,0.0625353));
#12772=CARTESIAN_POINT('Origin',(0.5956693,1.4019685,0.0625353));
#12773=CARTESIAN_POINT('Origin',(0.5956693,1.4019685,0.078283331496063));
#12774=CARTESIAN_POINT('Origin',(0.5956693,1.4019685,0.0625353));
#12775=CARTESIAN_POINT('Origin',(0.5956693,1.3019685,-0.0638427));
#12776=CARTESIAN_POINT('',(0.583858276377953,1.3019685,0.0861573));
#12777=CARTESIAN_POINT('Origin',(0.5956693,1.3019685,0.0861573));
#12778=CARTESIAN_POINT('',(0.583858276377953,1.3019685,-0.0638427));
#12779=CARTESIAN_POINT('',(0.583858276377953,1.3019685,-0.0638427));
#12780=CARTESIAN_POINT('Origin',(0.5956693,1.3019685,-0.0638427));
#12781=CARTESIAN_POINT('Origin',(0.5956693,1.3019685,0.0861573));
#12782=CARTESIAN_POINT('Origin',(0.5956693,1.3019685,-0.0638427));
#12783=CARTESIAN_POINT('Origin',(0.5956693,1.3019685,0.0625353));
#12784=CARTESIAN_POINT('',(0.574015756692913,1.3019685,0.078283331496063));
#12785=CARTESIAN_POINT('Origin',(0.5956693,1.3019685,0.078283331496063));
#12786=CARTESIAN_POINT('',(0.574015756692913,1.3019685,0.0625353));
#12787=CARTESIAN_POINT('',(0.574015756692913,1.3019685,0.0625353));
#12788=CARTESIAN_POINT('Origin',(0.5956693,1.3019685,0.0625353));
#12789=CARTESIAN_POINT('Origin',(0.5956693,1.3019685,0.078283331496063));
#12790=CARTESIAN_POINT('Origin',(0.5956693,1.3019685,0.0625353));
#12791=CARTESIAN_POINT('Origin',(0.6956693,1.4019685,-0.0638427));
#12792=CARTESIAN_POINT('',(0.683858276377953,1.4019685,0.0861573));
#12793=CARTESIAN_POINT('Origin',(0.6956693,1.4019685,0.0861573));
#12794=CARTESIAN_POINT('',(0.683858276377953,1.4019685,-0.0638427));
#12795=CARTESIAN_POINT('',(0.683858276377953,1.4019685,-0.0638427));
#12796=CARTESIAN_POINT('Origin',(0.6956693,1.4019685,-0.0638427));
#12797=CARTESIAN_POINT('Origin',(0.6956693,1.4019685,0.0861573));
#12798=CARTESIAN_POINT('Origin',(0.6956693,1.4019685,-0.0638427));
#12799=CARTESIAN_POINT('Origin',(0.6956693,1.4019685,0.0625353));
#12800=CARTESIAN_POINT('',(0.674015756692913,1.4019685,0.078283331496063));
#12801=CARTESIAN_POINT('Origin',(0.6956693,1.4019685,0.078283331496063));
#12802=CARTESIAN_POINT('',(0.674015756692913,1.4019685,0.0625353));
#12803=CARTESIAN_POINT('',(0.674015756692913,1.4019685,0.0625353));
#12804=CARTESIAN_POINT('Origin',(0.6956693,1.4019685,0.0625353));
#12805=CARTESIAN_POINT('Origin',(0.6956693,1.4019685,0.078283331496063));
#12806=CARTESIAN_POINT('Origin',(0.6956693,1.4019685,0.0625353));
#12807=CARTESIAN_POINT('Origin',(0.6956693,1.3019685,-0.0638427));
#12808=CARTESIAN_POINT('',(0.683858276377953,1.3019685,0.0861573));
#12809=CARTESIAN_POINT('Origin',(0.6956693,1.3019685,0.0861573));
#12810=CARTESIAN_POINT('',(0.683858276377953,1.3019685,-0.0638427));
#12811=CARTESIAN_POINT('',(0.683858276377953,1.3019685,-0.0638427));
#12812=CARTESIAN_POINT('Origin',(0.6956693,1.3019685,-0.0638427));
#12813=CARTESIAN_POINT('Origin',(0.6956693,1.3019685,0.0861573));
#12814=CARTESIAN_POINT('Origin',(0.6956693,1.3019685,-0.0638427));
#12815=CARTESIAN_POINT('Origin',(0.6956693,1.3019685,0.0625353));
#12816=CARTESIAN_POINT('',(0.674015756692913,1.3019685,0.078283331496063));
#12817=CARTESIAN_POINT('Origin',(0.6956693,1.3019685,0.078283331496063));
#12818=CARTESIAN_POINT('',(0.674015756692913,1.3019685,0.0625353));
#12819=CARTESIAN_POINT('',(0.674015756692913,1.3019685,0.0625353));
#12820=CARTESIAN_POINT('Origin',(0.6956693,1.3019685,0.0625353));
#12821=CARTESIAN_POINT('Origin',(0.6956693,1.3019685,0.078283331496063));
#12822=CARTESIAN_POINT('Origin',(0.6956693,1.3019685,0.0625353));
#12823=CARTESIAN_POINT('Origin',(0.6456693,1.3519685,-0.0638427));
#12824=CARTESIAN_POINT('',(0.633858276377953,1.3519685,0.0861573));
#12825=CARTESIAN_POINT('Origin',(0.6456693,1.3519685,0.0861573));
#12826=CARTESIAN_POINT('',(0.633858276377953,1.3519685,-0.0638427));
#12827=CARTESIAN_POINT('',(0.633858276377953,1.3519685,-0.0638427));
#12828=CARTESIAN_POINT('Origin',(0.6456693,1.3519685,-0.0638427));
#12829=CARTESIAN_POINT('Origin',(0.6456693,1.3519685,0.0861573));
#12830=CARTESIAN_POINT('Origin',(0.6456693,1.3519685,-0.0638427));
#12831=CARTESIAN_POINT('',(0.,0.,0.));
#12832=CARTESIAN_POINT('Origin',(0.6456693,1.9228346,0.0861573));
#12833=CARTESIAN_POINT('',(0.537401583464567,1.9228346,0.275133677952756));
#12834=CARTESIAN_POINT('Origin',(0.6456693,1.9228346,0.275133677952756));
#12835=CARTESIAN_POINT('',(0.537401583464567,1.9228346,0.0861573));
#12836=CARTESIAN_POINT('',(0.537401583464567,1.9228346,0.0861573));
#12837=CARTESIAN_POINT('Origin',(0.6456693,1.9228346,0.0861573));
#12838=CARTESIAN_POINT('Origin',(0.6456693,1.9228346,0.275133677952756));
#12839=CARTESIAN_POINT('',(0.573622055905512,1.9228346,0.275133677952756));
#12840=CARTESIAN_POINT('Origin',(0.6456693,1.9228346,0.275133677952756));
#12841=CARTESIAN_POINT('Origin',(0.6456693,1.9228346,0.0861573));
#12842=CARTESIAN_POINT('Origin',(0.6456693,1.9228346,0.165291158267717));
#12843=CARTESIAN_POINT('',(0.573622055905512,1.9228346,0.165291158267717));
#12844=CARTESIAN_POINT('Origin',(0.6456693,1.9228346,0.165291158267717));
#12845=CARTESIAN_POINT('',(0.573622055905512,1.9228346,0.165291158267717));
#12846=CARTESIAN_POINT('Origin',(0.6456693,1.9228346,0.165291158267717));
#12847=CARTESIAN_POINT('Origin',(0.5956693,1.9728346,-0.0638427));
#12848=CARTESIAN_POINT('',(0.583858276377953,1.9728346,0.0861573));
#12849=CARTESIAN_POINT('Origin',(0.5956693,1.9728346,0.0861573));
#12850=CARTESIAN_POINT('',(0.583858276377953,1.9728346,-0.0638427));
#12851=CARTESIAN_POINT('',(0.583858276377953,1.9728346,-0.0638427));
#12852=CARTESIAN_POINT('Origin',(0.5956693,1.9728346,-0.0638427));
#12853=CARTESIAN_POINT('Origin',(0.5956693,1.9728346,0.0861573));
#12854=CARTESIAN_POINT('Origin',(0.5956693,1.9728346,-0.0638427));
#12855=CARTESIAN_POINT('Origin',(0.5956693,1.9728346,0.0625353));
#12856=CARTESIAN_POINT('',(0.574015756692913,1.9728346,0.078283331496063));
#12857=CARTESIAN_POINT('Origin',(0.5956693,1.9728346,0.078283331496063));
#12858=CARTESIAN_POINT('',(0.574015756692913,1.9728346,0.0625353));
#12859=CARTESIAN_POINT('',(0.574015756692913,1.9728346,0.0625353));
#12860=CARTESIAN_POINT('Origin',(0.5956693,1.9728346,0.0625353));
#12861=CARTESIAN_POINT('Origin',(0.5956693,1.9728346,0.078283331496063));
#12862=CARTESIAN_POINT('Origin',(0.5956693,1.9728346,0.0625353));
#12863=CARTESIAN_POINT('Origin',(0.5956693,1.8728346,-0.0638427));
#12864=CARTESIAN_POINT('',(0.583858276377953,1.8728346,0.0861573));
#12865=CARTESIAN_POINT('Origin',(0.5956693,1.8728346,0.0861573));
#12866=CARTESIAN_POINT('',(0.583858276377953,1.8728346,-0.0638427));
#12867=CARTESIAN_POINT('',(0.583858276377953,1.8728346,-0.0638427));
#12868=CARTESIAN_POINT('Origin',(0.5956693,1.8728346,-0.0638427));
#12869=CARTESIAN_POINT('Origin',(0.5956693,1.8728346,0.0861573));
#12870=CARTESIAN_POINT('Origin',(0.5956693,1.8728346,-0.0638427));
#12871=CARTESIAN_POINT('Origin',(0.5956693,1.8728346,0.0625353));
#12872=CARTESIAN_POINT('',(0.574015756692913,1.8728346,0.078283331496063));
#12873=CARTESIAN_POINT('Origin',(0.5956693,1.8728346,0.078283331496063));
#12874=CARTESIAN_POINT('',(0.574015756692913,1.8728346,0.0625353));
#12875=CARTESIAN_POINT('',(0.574015756692913,1.8728346,0.0625353));
#12876=CARTESIAN_POINT('Origin',(0.5956693,1.8728346,0.0625353));
#12877=CARTESIAN_POINT('Origin',(0.5956693,1.8728346,0.078283331496063));
#12878=CARTESIAN_POINT('Origin',(0.5956693,1.8728346,0.0625353));
#12879=CARTESIAN_POINT('Origin',(0.6956693,1.9728346,-0.0638427));
#12880=CARTESIAN_POINT('',(0.683858276377953,1.9728346,0.0861573));
#12881=CARTESIAN_POINT('Origin',(0.6956693,1.9728346,0.0861573));
#12882=CARTESIAN_POINT('',(0.683858276377953,1.9728346,-0.0638427));
#12883=CARTESIAN_POINT('',(0.683858276377953,1.9728346,-0.0638427));
#12884=CARTESIAN_POINT('Origin',(0.6956693,1.9728346,-0.0638427));
#12885=CARTESIAN_POINT('Origin',(0.6956693,1.9728346,0.0861573));
#12886=CARTESIAN_POINT('Origin',(0.6956693,1.9728346,-0.0638427));
#12887=CARTESIAN_POINT('Origin',(0.6956693,1.9728346,0.0625353));
#12888=CARTESIAN_POINT('',(0.674015756692913,1.9728346,0.078283331496063));
#12889=CARTESIAN_POINT('Origin',(0.6956693,1.9728346,0.078283331496063));
#12890=CARTESIAN_POINT('',(0.674015756692913,1.9728346,0.0625353));
#12891=CARTESIAN_POINT('',(0.674015756692913,1.9728346,0.0625353));
#12892=CARTESIAN_POINT('Origin',(0.6956693,1.9728346,0.0625353));
#12893=CARTESIAN_POINT('Origin',(0.6956693,1.9728346,0.078283331496063));
#12894=CARTESIAN_POINT('Origin',(0.6956693,1.9728346,0.0625353));
#12895=CARTESIAN_POINT('Origin',(0.6956693,1.8728346,-0.0638427));
#12896=CARTESIAN_POINT('',(0.683858276377953,1.8728346,0.0861573));
#12897=CARTESIAN_POINT('Origin',(0.6956693,1.8728346,0.0861573));
#12898=CARTESIAN_POINT('',(0.683858276377953,1.8728346,-0.0638427));
#12899=CARTESIAN_POINT('',(0.683858276377953,1.8728346,-0.0638427));
#12900=CARTESIAN_POINT('Origin',(0.6956693,1.8728346,-0.0638427));
#12901=CARTESIAN_POINT('Origin',(0.6956693,1.8728346,0.0861573));
#12902=CARTESIAN_POINT('Origin',(0.6956693,1.8728346,-0.0638427));
#12903=CARTESIAN_POINT('Origin',(0.6956693,1.8728346,0.0625353));
#12904=CARTESIAN_POINT('',(0.674015756692913,1.8728346,0.078283331496063));
#12905=CARTESIAN_POINT('Origin',(0.6956693,1.8728346,0.078283331496063));
#12906=CARTESIAN_POINT('',(0.674015756692913,1.8728346,0.0625353));
#12907=CARTESIAN_POINT('',(0.674015756692913,1.8728346,0.0625353));
#12908=CARTESIAN_POINT('Origin',(0.6956693,1.8728346,0.0625353));
#12909=CARTESIAN_POINT('Origin',(0.6956693,1.8728346,0.078283331496063));
#12910=CARTESIAN_POINT('Origin',(0.6956693,1.8728346,0.0625353));
#12911=CARTESIAN_POINT('Origin',(0.6456693,1.9228346,-0.0638427));
#12912=CARTESIAN_POINT('',(0.633858276377953,1.9228346,0.0861573));
#12913=CARTESIAN_POINT('Origin',(0.6456693,1.9228346,0.0861573));
#12914=CARTESIAN_POINT('',(0.633858276377953,1.9228346,-0.0638427));
#12915=CARTESIAN_POINT('',(0.633858276377953,1.9228346,-0.0638427));
#12916=CARTESIAN_POINT('Origin',(0.6456693,1.9228346,-0.0638427));
#12917=CARTESIAN_POINT('Origin',(0.6456693,1.9228346,0.0861573));
#12918=CARTESIAN_POINT('Origin',(0.6456693,1.9228346,-0.0638427));
#12919=CARTESIAN_POINT('',(0.,0.,0.));
#12920=CARTESIAN_POINT('Origin',(0.1220472,1.9228346,0.0861573));
#12921=CARTESIAN_POINT('',(0.0137794834645669,1.9228346,0.275133677952756));
#12922=CARTESIAN_POINT('Origin',(0.1220472,1.9228346,0.275133677952756));
#12923=CARTESIAN_POINT('',(0.0137794834645669,1.9228346,0.0861573));
#12924=CARTESIAN_POINT('',(0.0137794834645669,1.9228346,0.0861573));
#12925=CARTESIAN_POINT('Origin',(0.1220472,1.9228346,0.0861573));
#12926=CARTESIAN_POINT('Origin',(0.1220472,1.9228346,0.275133677952756));
#12927=CARTESIAN_POINT('',(0.0499999559055118,1.9228346,0.275133677952756));
#12928=CARTESIAN_POINT('Origin',(0.1220472,1.9228346,0.275133677952756));
#12929=CARTESIAN_POINT('Origin',(0.1220472,1.9228346,0.0861573));
#12930=CARTESIAN_POINT('Origin',(0.1220472,1.9228346,0.165291158267717));
#12931=CARTESIAN_POINT('',(0.0499999559055118,1.9228346,0.165291158267717));
#12932=CARTESIAN_POINT('Origin',(0.1220472,1.9228346,0.165291158267717));
#12933=CARTESIAN_POINT('',(0.0499999559055118,1.9228346,0.165291158267717));
#12934=CARTESIAN_POINT('Origin',(0.1220472,1.9228346,0.165291158267717));
#12935=CARTESIAN_POINT('Origin',(0.0720472,1.9728346,-0.0638427));
#12936=CARTESIAN_POINT('',(0.0602361763779527,1.9728346,0.0861573));
#12937=CARTESIAN_POINT('Origin',(0.0720472,1.9728346,0.0861573));
#12938=CARTESIAN_POINT('',(0.0602361763779527,1.9728346,-0.0638427));
#12939=CARTESIAN_POINT('',(0.0602361763779527,1.9728346,-0.0638427));
#12940=CARTESIAN_POINT('Origin',(0.0720472,1.9728346,-0.0638427));
#12941=CARTESIAN_POINT('Origin',(0.0720472,1.9728346,0.0861573));
#12942=CARTESIAN_POINT('Origin',(0.0720472,1.9728346,-0.0638427));
#12943=CARTESIAN_POINT('Origin',(0.0720472,1.9728346,0.0625353));
#12944=CARTESIAN_POINT('',(0.0503936566929134,1.9728346,0.078283331496063));
#12945=CARTESIAN_POINT('Origin',(0.0720472,1.9728346,0.078283331496063));
#12946=CARTESIAN_POINT('',(0.0503936566929134,1.9728346,0.0625353));
#12947=CARTESIAN_POINT('',(0.0503936566929134,1.9728346,0.0625353));
#12948=CARTESIAN_POINT('Origin',(0.0720472,1.9728346,0.0625353));
#12949=CARTESIAN_POINT('Origin',(0.0720472,1.9728346,0.078283331496063));
#12950=CARTESIAN_POINT('Origin',(0.0720472,1.9728346,0.0625353));
#12951=CARTESIAN_POINT('Origin',(0.0720472,1.8728346,-0.0638427));
#12952=CARTESIAN_POINT('',(0.0602361763779527,1.8728346,0.0861573));
#12953=CARTESIAN_POINT('Origin',(0.0720472,1.8728346,0.0861573));
#12954=CARTESIAN_POINT('',(0.0602361763779527,1.8728346,-0.0638427));
#12955=CARTESIAN_POINT('',(0.0602361763779527,1.8728346,-0.0638427));
#12956=CARTESIAN_POINT('Origin',(0.0720472,1.8728346,-0.0638427));
#12957=CARTESIAN_POINT('Origin',(0.0720472,1.8728346,0.0861573));
#12958=CARTESIAN_POINT('Origin',(0.0720472,1.8728346,-0.0638427));
#12959=CARTESIAN_POINT('Origin',(0.0720472,1.8728346,0.0625353));
#12960=CARTESIAN_POINT('',(0.0503936566929134,1.8728346,0.078283331496063));
#12961=CARTESIAN_POINT('Origin',(0.0720472,1.8728346,0.078283331496063));
#12962=CARTESIAN_POINT('',(0.0503936566929134,1.8728346,0.0625353));
#12963=CARTESIAN_POINT('',(0.0503936566929134,1.8728346,0.0625353));
#12964=CARTESIAN_POINT('Origin',(0.0720472,1.8728346,0.0625353));
#12965=CARTESIAN_POINT('Origin',(0.0720472,1.8728346,0.078283331496063));
#12966=CARTESIAN_POINT('Origin',(0.0720472,1.8728346,0.0625353));
#12967=CARTESIAN_POINT('Origin',(0.1720472,1.9728346,-0.0638427));
#12968=CARTESIAN_POINT('',(0.160236176377953,1.9728346,0.0861573));
#12969=CARTESIAN_POINT('Origin',(0.1720472,1.9728346,0.0861573));
#12970=CARTESIAN_POINT('',(0.160236176377953,1.9728346,-0.0638427));
#12971=CARTESIAN_POINT('',(0.160236176377953,1.9728346,-0.0638427));
#12972=CARTESIAN_POINT('Origin',(0.1720472,1.9728346,-0.0638427));
#12973=CARTESIAN_POINT('Origin',(0.1720472,1.9728346,0.0861573));
#12974=CARTESIAN_POINT('Origin',(0.1720472,1.9728346,-0.0638427));
#12975=CARTESIAN_POINT('Origin',(0.1720472,1.9728346,0.0625353));
#12976=CARTESIAN_POINT('',(0.150393656692913,1.9728346,0.078283331496063));
#12977=CARTESIAN_POINT('Origin',(0.1720472,1.9728346,0.078283331496063));
#12978=CARTESIAN_POINT('',(0.150393656692913,1.9728346,0.0625353));
#12979=CARTESIAN_POINT('',(0.150393656692913,1.9728346,0.0625353));
#12980=CARTESIAN_POINT('Origin',(0.1720472,1.9728346,0.0625353));
#12981=CARTESIAN_POINT('Origin',(0.1720472,1.9728346,0.078283331496063));
#12982=CARTESIAN_POINT('Origin',(0.1720472,1.9728346,0.0625353));
#12983=CARTESIAN_POINT('Origin',(0.1720472,1.8728346,-0.0638427));
#12984=CARTESIAN_POINT('',(0.160236176377953,1.8728346,0.0861573));
#12985=CARTESIAN_POINT('Origin',(0.1720472,1.8728346,0.0861573));
#12986=CARTESIAN_POINT('',(0.160236176377953,1.8728346,-0.0638427));
#12987=CARTESIAN_POINT('',(0.160236176377953,1.8728346,-0.0638427));
#12988=CARTESIAN_POINT('Origin',(0.1720472,1.8728346,-0.0638427));
#12989=CARTESIAN_POINT('Origin',(0.1720472,1.8728346,0.0861573));
#12990=CARTESIAN_POINT('Origin',(0.1720472,1.8728346,-0.0638427));
#12991=CARTESIAN_POINT('Origin',(0.1720472,1.8728346,0.0625353));
#12992=CARTESIAN_POINT('',(0.150393656692913,1.8728346,0.078283331496063));
#12993=CARTESIAN_POINT('Origin',(0.1720472,1.8728346,0.078283331496063));
#12994=CARTESIAN_POINT('',(0.150393656692913,1.8728346,0.0625353));
#12995=CARTESIAN_POINT('',(0.150393656692913,1.8728346,0.0625353));
#12996=CARTESIAN_POINT('Origin',(0.1720472,1.8728346,0.0625353));
#12997=CARTESIAN_POINT('Origin',(0.1720472,1.8728346,0.078283331496063));
#12998=CARTESIAN_POINT('Origin',(0.1720472,1.8728346,0.0625353));
#12999=CARTESIAN_POINT('Origin',(0.1220472,1.9228346,-0.0638427));
#13000=CARTESIAN_POINT('',(0.110236176377953,1.9228346,0.0861573));
#13001=CARTESIAN_POINT('Origin',(0.1220472,1.9228346,0.0861573));
#13002=CARTESIAN_POINT('',(0.110236176377953,1.9228346,-0.0638427));
#13003=CARTESIAN_POINT('',(0.110236176377953,1.9228346,-0.0638427));
#13004=CARTESIAN_POINT('Origin',(0.1220472,1.9228346,-0.0638427));
#13005=CARTESIAN_POINT('Origin',(0.1220472,1.9228346,0.0861573));
#13006=CARTESIAN_POINT('Origin',(0.1220472,1.9228346,-0.0638427));
#13007=CARTESIAN_POINT('',(0.,0.,0.));
#13008=CARTESIAN_POINT('Origin',(0.1220472,2.2181102,0.0861573));
#13009=CARTESIAN_POINT('',(0.0137794834645669,2.2181102,0.275133677952756));
#13010=CARTESIAN_POINT('Origin',(0.1220472,2.2181102,0.275133677952756));
#13011=CARTESIAN_POINT('',(0.0137794834645669,2.2181102,0.0861573));
#13012=CARTESIAN_POINT('',(0.0137794834645669,2.2181102,0.0861573));
#13013=CARTESIAN_POINT('Origin',(0.1220472,2.2181102,0.0861573));
#13014=CARTESIAN_POINT('Origin',(0.1220472,2.2181102,0.275133677952756));
#13015=CARTESIAN_POINT('',(0.0499999559055118,2.2181102,0.275133677952756));
#13016=CARTESIAN_POINT('Origin',(0.1220472,2.2181102,0.275133677952756));
#13017=CARTESIAN_POINT('Origin',(0.1220472,2.2181102,0.0861573));
#13018=CARTESIAN_POINT('Origin',(0.1220472,2.2181102,0.165291158267717));
#13019=CARTESIAN_POINT('',(0.0499999559055118,2.2181102,0.165291158267717));
#13020=CARTESIAN_POINT('Origin',(0.1220472,2.2181102,0.165291158267717));
#13021=CARTESIAN_POINT('',(0.0499999559055118,2.2181102,0.165291158267717));
#13022=CARTESIAN_POINT('Origin',(0.1220472,2.2181102,0.165291158267717));
#13023=CARTESIAN_POINT('Origin',(0.0720472,2.2681102,-0.0638427));
#13024=CARTESIAN_POINT('',(0.0602361763779527,2.2681102,0.0861573));
#13025=CARTESIAN_POINT('Origin',(0.0720472,2.2681102,0.0861573));
#13026=CARTESIAN_POINT('',(0.0602361763779527,2.2681102,-0.0638427));
#13027=CARTESIAN_POINT('',(0.0602361763779527,2.2681102,-0.0638427));
#13028=CARTESIAN_POINT('Origin',(0.0720472,2.2681102,-0.0638427));
#13029=CARTESIAN_POINT('Origin',(0.0720472,2.2681102,0.0861573));
#13030=CARTESIAN_POINT('Origin',(0.0720472,2.2681102,-0.0638427));
#13031=CARTESIAN_POINT('Origin',(0.0720472,2.2681102,0.0625353));
#13032=CARTESIAN_POINT('',(0.0503936566929134,2.2681102,0.078283331496063));
#13033=CARTESIAN_POINT('Origin',(0.0720472,2.2681102,0.078283331496063));
#13034=CARTESIAN_POINT('',(0.0503936566929134,2.2681102,0.0625353));
#13035=CARTESIAN_POINT('',(0.0503936566929134,2.2681102,0.0625353));
#13036=CARTESIAN_POINT('Origin',(0.0720472,2.2681102,0.0625353));
#13037=CARTESIAN_POINT('Origin',(0.0720472,2.2681102,0.078283331496063));
#13038=CARTESIAN_POINT('Origin',(0.0720472,2.2681102,0.0625353));
#13039=CARTESIAN_POINT('Origin',(0.0720472,2.1681102,-0.0638427));
#13040=CARTESIAN_POINT('',(0.0602361763779527,2.1681102,0.0861573));
#13041=CARTESIAN_POINT('Origin',(0.0720472,2.1681102,0.0861573));
#13042=CARTESIAN_POINT('',(0.0602361763779527,2.1681102,-0.0638427));
#13043=CARTESIAN_POINT('',(0.0602361763779527,2.1681102,-0.0638427));
#13044=CARTESIAN_POINT('Origin',(0.0720472,2.1681102,-0.0638427));
#13045=CARTESIAN_POINT('Origin',(0.0720472,2.1681102,0.0861573));
#13046=CARTESIAN_POINT('Origin',(0.0720472,2.1681102,-0.0638427));
#13047=CARTESIAN_POINT('Origin',(0.0720472,2.1681102,0.0625353));
#13048=CARTESIAN_POINT('',(0.0503936566929134,2.1681102,0.078283331496063));
#13049=CARTESIAN_POINT('Origin',(0.0720472,2.1681102,0.078283331496063));
#13050=CARTESIAN_POINT('',(0.0503936566929134,2.1681102,0.0625353));
#13051=CARTESIAN_POINT('',(0.0503936566929134,2.1681102,0.0625353));
#13052=CARTESIAN_POINT('Origin',(0.0720472,2.1681102,0.0625353));
#13053=CARTESIAN_POINT('Origin',(0.0720472,2.1681102,0.078283331496063));
#13054=CARTESIAN_POINT('Origin',(0.0720472,2.1681102,0.0625353));
#13055=CARTESIAN_POINT('Origin',(0.1720472,2.2681102,-0.0638427));
#13056=CARTESIAN_POINT('',(0.160236176377953,2.2681102,0.0861573));
#13057=CARTESIAN_POINT('Origin',(0.1720472,2.2681102,0.0861573));
#13058=CARTESIAN_POINT('',(0.160236176377953,2.2681102,-0.0638427));
#13059=CARTESIAN_POINT('',(0.160236176377953,2.2681102,-0.0638427));
#13060=CARTESIAN_POINT('Origin',(0.1720472,2.2681102,-0.0638427));
#13061=CARTESIAN_POINT('Origin',(0.1720472,2.2681102,0.0861573));
#13062=CARTESIAN_POINT('Origin',(0.1720472,2.2681102,-0.0638427));
#13063=CARTESIAN_POINT('Origin',(0.1720472,2.2681102,0.0625353));
#13064=CARTESIAN_POINT('',(0.150393656692913,2.2681102,0.078283331496063));
#13065=CARTESIAN_POINT('Origin',(0.1720472,2.2681102,0.078283331496063));
#13066=CARTESIAN_POINT('',(0.150393656692913,2.2681102,0.0625353));
#13067=CARTESIAN_POINT('',(0.150393656692913,2.2681102,0.0625353));
#13068=CARTESIAN_POINT('Origin',(0.1720472,2.2681102,0.0625353));
#13069=CARTESIAN_POINT('Origin',(0.1720472,2.2681102,0.078283331496063));
#13070=CARTESIAN_POINT('Origin',(0.1720472,2.2681102,0.0625353));
#13071=CARTESIAN_POINT('Origin',(0.1720472,2.1681102,-0.0638427));
#13072=CARTESIAN_POINT('',(0.160236176377953,2.1681102,0.0861573));
#13073=CARTESIAN_POINT('Origin',(0.1720472,2.1681102,0.0861573));
#13074=CARTESIAN_POINT('',(0.160236176377953,2.1681102,-0.0638427));
#13075=CARTESIAN_POINT('',(0.160236176377953,2.1681102,-0.0638427));
#13076=CARTESIAN_POINT('Origin',(0.1720472,2.1681102,-0.0638427));
#13077=CARTESIAN_POINT('Origin',(0.1720472,2.1681102,0.0861573));
#13078=CARTESIAN_POINT('Origin',(0.1720472,2.1681102,-0.0638427));
#13079=CARTESIAN_POINT('Origin',(0.1720472,2.1681102,0.0625353));
#13080=CARTESIAN_POINT('',(0.150393656692913,2.1681102,0.078283331496063));
#13081=CARTESIAN_POINT('Origin',(0.1720472,2.1681102,0.078283331496063));
#13082=CARTESIAN_POINT('',(0.150393656692913,2.1681102,0.0625353));
#13083=CARTESIAN_POINT('',(0.150393656692913,2.1681102,0.0625353));
#13084=CARTESIAN_POINT('Origin',(0.1720472,2.1681102,0.0625353));
#13085=CARTESIAN_POINT('Origin',(0.1720472,2.1681102,0.078283331496063));
#13086=CARTESIAN_POINT('Origin',(0.1720472,2.1681102,0.0625353));
#13087=CARTESIAN_POINT('Origin',(0.1220472,2.2181102,-0.0638427));
#13088=CARTESIAN_POINT('',(0.110236176377953,2.2181102,0.0861573));
#13089=CARTESIAN_POINT('Origin',(0.1220472,2.2181102,0.0861573));
#13090=CARTESIAN_POINT('',(0.110236176377953,2.2181102,-0.0638427));
#13091=CARTESIAN_POINT('',(0.110236176377953,2.2181102,-0.0638427));
#13092=CARTESIAN_POINT('Origin',(0.1220472,2.2181102,-0.0638427));
#13093=CARTESIAN_POINT('Origin',(0.1220472,2.2181102,0.0861573));
#13094=CARTESIAN_POINT('Origin',(0.1220472,2.2181102,-0.0638427));
#13095=CARTESIAN_POINT('',(0.,0.,0.));
#13096=CARTESIAN_POINT('Origin',(0.6456693,2.2181102,0.0861573));
#13097=CARTESIAN_POINT('',(0.537401583464567,2.2181102,0.275133677952756));
#13098=CARTESIAN_POINT('Origin',(0.6456693,2.2181102,0.275133677952756));
#13099=CARTESIAN_POINT('',(0.537401583464567,2.2181102,0.0861573));
#13100=CARTESIAN_POINT('',(0.537401583464567,2.2181102,0.0861573));
#13101=CARTESIAN_POINT('Origin',(0.6456693,2.2181102,0.0861573));
#13102=CARTESIAN_POINT('Origin',(0.6456693,2.2181102,0.275133677952756));
#13103=CARTESIAN_POINT('',(0.573622055905512,2.2181102,0.275133677952756));
#13104=CARTESIAN_POINT('Origin',(0.6456693,2.2181102,0.275133677952756));
#13105=CARTESIAN_POINT('Origin',(0.6456693,2.2181102,0.0861573));
#13106=CARTESIAN_POINT('Origin',(0.6456693,2.2181102,0.165291158267717));
#13107=CARTESIAN_POINT('',(0.573622055905512,2.2181102,0.165291158267717));
#13108=CARTESIAN_POINT('Origin',(0.6456693,2.2181102,0.165291158267717));
#13109=CARTESIAN_POINT('',(0.573622055905512,2.2181102,0.165291158267717));
#13110=CARTESIAN_POINT('Origin',(0.6456693,2.2181102,0.165291158267717));
#13111=CARTESIAN_POINT('Origin',(0.5956693,2.2681102,-0.0638427));
#13112=CARTESIAN_POINT('',(0.583858276377953,2.2681102,0.0861573));
#13113=CARTESIAN_POINT('Origin',(0.5956693,2.2681102,0.0861573));
#13114=CARTESIAN_POINT('',(0.583858276377953,2.2681102,-0.0638427));
#13115=CARTESIAN_POINT('',(0.583858276377953,2.2681102,-0.0638427));
#13116=CARTESIAN_POINT('Origin',(0.5956693,2.2681102,-0.0638427));
#13117=CARTESIAN_POINT('Origin',(0.5956693,2.2681102,0.0861573));
#13118=CARTESIAN_POINT('Origin',(0.5956693,2.2681102,-0.0638427));
#13119=CARTESIAN_POINT('Origin',(0.5956693,2.2681102,0.0625353));
#13120=CARTESIAN_POINT('',(0.574015756692913,2.2681102,0.078283331496063));
#13121=CARTESIAN_POINT('Origin',(0.5956693,2.2681102,0.078283331496063));
#13122=CARTESIAN_POINT('',(0.574015756692913,2.2681102,0.0625353));
#13123=CARTESIAN_POINT('',(0.574015756692913,2.2681102,0.0625353));
#13124=CARTESIAN_POINT('Origin',(0.5956693,2.2681102,0.0625353));
#13125=CARTESIAN_POINT('Origin',(0.5956693,2.2681102,0.078283331496063));
#13126=CARTESIAN_POINT('Origin',(0.5956693,2.2681102,0.0625353));
#13127=CARTESIAN_POINT('Origin',(0.5956693,2.1681102,-0.0638427));
#13128=CARTESIAN_POINT('',(0.583858276377953,2.1681102,0.0861573));
#13129=CARTESIAN_POINT('Origin',(0.5956693,2.1681102,0.0861573));
#13130=CARTESIAN_POINT('',(0.583858276377953,2.1681102,-0.0638427));
#13131=CARTESIAN_POINT('',(0.583858276377953,2.1681102,-0.0638427));
#13132=CARTESIAN_POINT('Origin',(0.5956693,2.1681102,-0.0638427));
#13133=CARTESIAN_POINT('Origin',(0.5956693,2.1681102,0.0861573));
#13134=CARTESIAN_POINT('Origin',(0.5956693,2.1681102,-0.0638427));
#13135=CARTESIAN_POINT('Origin',(0.5956693,2.1681102,0.0625353));
#13136=CARTESIAN_POINT('',(0.574015756692913,2.1681102,0.078283331496063));
#13137=CARTESIAN_POINT('Origin',(0.5956693,2.1681102,0.078283331496063));
#13138=CARTESIAN_POINT('',(0.574015756692913,2.1681102,0.0625353));
#13139=CARTESIAN_POINT('',(0.574015756692913,2.1681102,0.0625353));
#13140=CARTESIAN_POINT('Origin',(0.5956693,2.1681102,0.0625353));
#13141=CARTESIAN_POINT('Origin',(0.5956693,2.1681102,0.078283331496063));
#13142=CARTESIAN_POINT('Origin',(0.5956693,2.1681102,0.0625353));
#13143=CARTESIAN_POINT('Origin',(0.6956693,2.2681102,-0.0638427));
#13144=CARTESIAN_POINT('',(0.683858276377953,2.2681102,0.0861573));
#13145=CARTESIAN_POINT('Origin',(0.6956693,2.2681102,0.0861573));
#13146=CARTESIAN_POINT('',(0.683858276377953,2.2681102,-0.0638427));
#13147=CARTESIAN_POINT('',(0.683858276377953,2.2681102,-0.0638427));
#13148=CARTESIAN_POINT('Origin',(0.6956693,2.2681102,-0.0638427));
#13149=CARTESIAN_POINT('Origin',(0.6956693,2.2681102,0.0861573));
#13150=CARTESIAN_POINT('Origin',(0.6956693,2.2681102,-0.0638427));
#13151=CARTESIAN_POINT('Origin',(0.6956693,2.2681102,0.0625353));
#13152=CARTESIAN_POINT('',(0.674015756692913,2.2681102,0.078283331496063));
#13153=CARTESIAN_POINT('Origin',(0.6956693,2.2681102,0.078283331496063));
#13154=CARTESIAN_POINT('',(0.674015756692913,2.2681102,0.0625353));
#13155=CARTESIAN_POINT('',(0.674015756692913,2.2681102,0.0625353));
#13156=CARTESIAN_POINT('Origin',(0.6956693,2.2681102,0.0625353));
#13157=CARTESIAN_POINT('Origin',(0.6956693,2.2681102,0.078283331496063));
#13158=CARTESIAN_POINT('Origin',(0.6956693,2.2681102,0.0625353));
#13159=CARTESIAN_POINT('Origin',(0.6956693,2.1681102,-0.0638427));
#13160=CARTESIAN_POINT('',(0.683858276377953,2.1681102,0.0861573));
#13161=CARTESIAN_POINT('Origin',(0.6956693,2.1681102,0.0861573));
#13162=CARTESIAN_POINT('',(0.683858276377953,2.1681102,-0.0638427));
#13163=CARTESIAN_POINT('',(0.683858276377953,2.1681102,-0.0638427));
#13164=CARTESIAN_POINT('Origin',(0.6956693,2.1681102,-0.0638427));
#13165=CARTESIAN_POINT('Origin',(0.6956693,2.1681102,0.0861573));
#13166=CARTESIAN_POINT('Origin',(0.6956693,2.1681102,-0.0638427));
#13167=CARTESIAN_POINT('Origin',(0.6956693,2.1681102,0.0625353));
#13168=CARTESIAN_POINT('',(0.674015756692913,2.1681102,0.078283331496063));
#13169=CARTESIAN_POINT('Origin',(0.6956693,2.1681102,0.078283331496063));
#13170=CARTESIAN_POINT('',(0.674015756692913,2.1681102,0.0625353));
#13171=CARTESIAN_POINT('',(0.674015756692913,2.1681102,0.0625353));
#13172=CARTESIAN_POINT('Origin',(0.6956693,2.1681102,0.0625353));
#13173=CARTESIAN_POINT('Origin',(0.6956693,2.1681102,0.078283331496063));
#13174=CARTESIAN_POINT('Origin',(0.6956693,2.1681102,0.0625353));
#13175=CARTESIAN_POINT('Origin',(0.6456693,2.2181102,-0.0638427));
#13176=CARTESIAN_POINT('',(0.633858276377953,2.2181102,0.0861573));
#13177=CARTESIAN_POINT('Origin',(0.6456693,2.2181102,0.0861573));
#13178=CARTESIAN_POINT('',(0.633858276377953,2.2181102,-0.0638427));
#13179=CARTESIAN_POINT('',(0.633858276377953,2.2181102,-0.0638427));
#13180=CARTESIAN_POINT('Origin',(0.6456693,2.2181102,-0.0638427));
#13181=CARTESIAN_POINT('Origin',(0.6456693,2.2181102,0.0861573));
#13182=CARTESIAN_POINT('Origin',(0.6456693,2.2181102,-0.0638427));
#13183=CARTESIAN_POINT('',(0.,0.,0.));
#13184=CARTESIAN_POINT('Origin',(0.0413386149606299,0.103346406299213,0.0668660535433071));
#13185=CARTESIAN_POINT('',(0.0413386149606299,0.103346406299213,0.0668660535433071));
#13186=CARTESIAN_POINT('',(0.0413386149606299,0.103346406299213,0.112141644094488));
#13187=CARTESIAN_POINT('',(0.0413386149606299,0.103346406299213,0.0668660535433071));
#13188=CARTESIAN_POINT('',(0.0413386149606299,0.252952705511811,0.112141644094488));
#13189=CARTESIAN_POINT('',(0.0413386149606299,0.103346406299213,0.112141644094488));
#13190=CARTESIAN_POINT('',(0.0413386149606299,0.252952705511811,0.0668660535433071));
#13191=CARTESIAN_POINT('',(0.0413386149606299,0.252952705511811,0.0668660535433071));
#13192=CARTESIAN_POINT('',(0.0413386149606299,0.103346406299213,0.0668660535433071));
#13193=CARTESIAN_POINT('Origin',(0.72637798503937,0.103346406299213,0.0668660535433071));
#13194=CARTESIAN_POINT('',(0.72637798503937,0.103346406299213,0.0668660535433071));
#13195=CARTESIAN_POINT('',(0.72637798503937,0.103346406299213,0.112141644094488));
#13196=CARTESIAN_POINT('',(0.72637798503937,0.103346406299213,0.0668660535433071));
#13197=CARTESIAN_POINT('',(0.72637798503937,0.252952705511811,0.0668660535433071));
#13198=CARTESIAN_POINT('',(0.72637798503937,0.103346406299213,0.0668660535433071));
#13199=CARTESIAN_POINT('',(0.72637798503937,0.252952705511811,0.112141644094488));
#13200=CARTESIAN_POINT('',(0.72637798503937,0.252952705511811,0.0668660535433071));
#13201=CARTESIAN_POINT('',(0.72637798503937,0.103346406299213,0.112141644094488));
#13202=CARTESIAN_POINT('Origin',(0.0413386149606299,0.103346406299213,0.0668660535433071));
#13203=CARTESIAN_POINT('',(0.0413386149606299,0.103346406299213,0.0668660535433071));
#13204=CARTESIAN_POINT('',(0.0413386149606299,0.103346406299213,0.112141644094488));
#13205=CARTESIAN_POINT('Origin',(0.0413386149606299,0.252952705511811,0.0668660535433071));
#13206=CARTESIAN_POINT('',(0.0413386149606299,0.252952705511811,0.0668660535433071));
#13207=CARTESIAN_POINT('',(0.0413386149606299,0.252952705511811,0.112141644094488));
#13208=CARTESIAN_POINT('Origin',(0.0413386149606299,0.103346406299213,0.0668660535433071));
#13209=CARTESIAN_POINT('Origin',(0.0413386149606299,0.103346406299213,0.112141644094488));
#13210=CARTESIAN_POINT('',(0.,0.,0.));
#13211=CARTESIAN_POINT('Origin',(0.29133865,1.7795275,-0.000196850393700787));
#13212=CARTESIAN_POINT('',(0.29133865,1.7795275,-0.000196850393700787));
#13213=CARTESIAN_POINT('',(0.29133865,1.7795275,0.));
#13214=CARTESIAN_POINT('',(0.29133865,1.7795275,-0.000196850393700787));
#13215=CARTESIAN_POINT('',(0.29133865,1.7598425,0.));
#13216=CARTESIAN_POINT('',(0.29133865,1.7795275,0.));
#13217=CARTESIAN_POINT('',(0.29133865,1.7598425,-0.000196850393700787));
#13218=CARTESIAN_POINT('',(0.29133865,1.7598425,-0.000196850393700787));
#13219=CARTESIAN_POINT('',(0.29133865,1.7795275,-0.000196850393700787));
#13220=CARTESIAN_POINT('Origin',(0.25196855,1.7795275,-0.000196850393700787));
#13221=CARTESIAN_POINT('',(0.25196855,1.7795275,-0.000196850393700787));
#13222=CARTESIAN_POINT('',(0.25196855,1.7795275,0.));
#13223=CARTESIAN_POINT('',(0.25196855,1.7795275,-0.000196850393700787));
#13224=CARTESIAN_POINT('',(0.25196855,1.7598425,-0.000196850393700787));
#13225=CARTESIAN_POINT('',(0.25196855,1.7795275,-0.000196850393700787));
#13226=CARTESIAN_POINT('',(0.25196855,1.7598425,0.));
#13227=CARTESIAN_POINT('',(0.25196855,1.7598425,-0.000196850393700787));
#13228=CARTESIAN_POINT('',(0.25196855,1.7795275,0.));
#13229=CARTESIAN_POINT('Origin',(0.29133865,1.7795275,-0.000196850393700787));
#13230=CARTESIAN_POINT('',(0.29133865,1.7795275,-0.000196850393700787));
#13231=CARTESIAN_POINT('',(0.29133865,1.7795275,0.));
#13232=CARTESIAN_POINT('Origin',(0.29133865,1.7598425,-0.000196850393700787));
#13233=CARTESIAN_POINT('',(0.29133865,1.7598425,-0.000196850393700787));
#13234=CARTESIAN_POINT('',(0.29133865,1.7598425,0.));
#13235=CARTESIAN_POINT('Origin',(0.29133865,1.7795275,-0.000196850393700787));
#13236=CARTESIAN_POINT('Origin',(0.29133865,1.7795275,0.));
#13237=CARTESIAN_POINT('Origin',(0.29133865,1.7519684,-0.000196850393700787));
#13238=CARTESIAN_POINT('',(0.29133865,1.7519684,-0.000196850393700787));
#13239=CARTESIAN_POINT('',(0.29133865,1.7519684,0.));
#13240=CARTESIAN_POINT('',(0.29133865,1.7519684,-0.000196850393700787));
#13241=CARTESIAN_POINT('',(0.29133865,1.7322834,0.));
#13242=CARTESIAN_POINT('',(0.29133865,1.7519684,0.));
#13243=CARTESIAN_POINT('',(0.29133865,1.7322834,-0.000196850393700787));
#13244=CARTESIAN_POINT('',(0.29133865,1.7322834,-0.000196850393700787));
#13245=CARTESIAN_POINT('',(0.29133865,1.7519684,-0.000196850393700787));
#13246=CARTESIAN_POINT('Origin',(0.25196855,1.7519684,-0.000196850393700787));
#13247=CARTESIAN_POINT('',(0.25196855,1.7519684,-0.000196850393700787));
#13248=CARTESIAN_POINT('',(0.25196855,1.7519684,0.));
#13249=CARTESIAN_POINT('',(0.25196855,1.7519684,-0.000196850393700787));
#13250=CARTESIAN_POINT('',(0.25196855,1.7322834,-0.000196850393700787));
#13251=CARTESIAN_POINT('',(0.25196855,1.7519684,-0.000196850393700787));
#13252=CARTESIAN_POINT('',(0.25196855,1.7322834,0.));
#13253=CARTESIAN_POINT('',(0.25196855,1.7322834,-0.000196850393700787));
#13254=CARTESIAN_POINT('',(0.25196855,1.7519684,0.));
#13255=CARTESIAN_POINT('Origin',(0.29133865,1.7519684,-0.000196850393700787));
#13256=CARTESIAN_POINT('',(0.29133865,1.7519684,-0.000196850393700787));
#13257=CARTESIAN_POINT('',(0.29133865,1.7519684,0.));
#13258=CARTESIAN_POINT('Origin',(0.29133865,1.7322834,-0.000196850393700787));
#13259=CARTESIAN_POINT('',(0.29133865,1.7322834,-0.000196850393700787));
#13260=CARTESIAN_POINT('',(0.29133865,1.7322834,0.));
#13261=CARTESIAN_POINT('Origin',(0.29133865,1.7519684,-0.000196850393700787));
#13262=CARTESIAN_POINT('Origin',(0.29133865,1.7519684,0.));
#13263=CARTESIAN_POINT('Origin',(0.3267717,1.76574795,-0.000196850393700787));
#13264=CARTESIAN_POINT('',(0.3267717,1.76574795,-0.000196850393700787));
#13265=CARTESIAN_POINT('',(0.3267717,1.76574795,0.));
#13266=CARTESIAN_POINT('',(0.3267717,1.76574795,-0.000196850393700787));
#13267=CARTESIAN_POINT('',(0.3070867,1.76574795,0.));
#13268=CARTESIAN_POINT('',(0.3267717,1.76574795,0.));
#13269=CARTESIAN_POINT('',(0.3070867,1.76574795,-0.000196850393700787));
#13270=CARTESIAN_POINT('',(0.3070867,1.76574795,-0.000196850393700787));
#13271=CARTESIAN_POINT('',(0.3267717,1.76574795,-0.000196850393700787));
#13272=CARTESIAN_POINT('Origin',(0.3267717,1.80511805,-0.000196850393700787));
#13273=CARTESIAN_POINT('',(0.3267717,1.80511805,-0.000196850393700787));
#13274=CARTESIAN_POINT('',(0.3267717,1.80511805,0.));
#13275=CARTESIAN_POINT('',(0.3267717,1.80511805,-0.000196850393700787));
#13276=CARTESIAN_POINT('',(0.3070867,1.80511805,-0.000196850393700787));
#13277=CARTESIAN_POINT('',(0.3267717,1.80511805,-0.000196850393700787));
#13278=CARTESIAN_POINT('',(0.3070867,1.80511805,0.));
#13279=CARTESIAN_POINT('',(0.3070867,1.80511805,-0.000196850393700787));
#13280=CARTESIAN_POINT('',(0.3267717,1.80511805,0.));
#13281=CARTESIAN_POINT('Origin',(0.3267717,1.76574795,-0.000196850393700787));
#13282=CARTESIAN_POINT('',(0.3267717,1.76574795,-0.000196850393700787));
#13283=CARTESIAN_POINT('',(0.3267717,1.76574795,0.));
#13284=CARTESIAN_POINT('Origin',(0.3070867,1.76574795,-0.000196850393700787));
#13285=CARTESIAN_POINT('',(0.3070867,1.76574795,-0.000196850393700787));
#13286=CARTESIAN_POINT('',(0.3070867,1.76574795,0.));
#13287=CARTESIAN_POINT('Origin',(0.3267717,1.76574795,-0.000196850393700787));
#13288=CARTESIAN_POINT('Origin',(0.3267717,1.76574795,0.));
#13289=CARTESIAN_POINT('Origin',(0.29133865,1.7244094,-0.000196850393700787));
#13290=CARTESIAN_POINT('',(0.29133865,1.7244094,-0.000196850393700787));
#13291=CARTESIAN_POINT('',(0.29133865,1.7244094,0.));
#13292=CARTESIAN_POINT('',(0.29133865,1.7244094,-0.000196850393700787));
#13293=CARTESIAN_POINT('',(0.29133865,1.7047244,0.));
#13294=CARTESIAN_POINT('',(0.29133865,1.7244094,0.));
#13295=CARTESIAN_POINT('',(0.29133865,1.7047244,-0.000196850393700787));
#13296=CARTESIAN_POINT('',(0.29133865,1.7047244,-0.000196850393700787));
#13297=CARTESIAN_POINT('',(0.29133865,1.7244094,-0.000196850393700787));
#13298=CARTESIAN_POINT('Origin',(0.25196855,1.7244094,-0.000196850393700787));
#13299=CARTESIAN_POINT('',(0.25196855,1.7244094,-0.000196850393700787));
#13300=CARTESIAN_POINT('',(0.25196855,1.7244094,0.));
#13301=CARTESIAN_POINT('',(0.25196855,1.7244094,-0.000196850393700787));
#13302=CARTESIAN_POINT('',(0.25196855,1.7047244,-0.000196850393700787));
#13303=CARTESIAN_POINT('',(0.25196855,1.7244094,-0.000196850393700787));
#13304=CARTESIAN_POINT('',(0.25196855,1.7047244,0.));
#13305=CARTESIAN_POINT('',(0.25196855,1.7047244,-0.000196850393700787));
#13306=CARTESIAN_POINT('',(0.25196855,1.7244094,0.));
#13307=CARTESIAN_POINT('Origin',(0.29133865,1.7244094,-0.000196850393700787));
#13308=CARTESIAN_POINT('',(0.29133865,1.7244094,-0.000196850393700787));
#13309=CARTESIAN_POINT('',(0.29133865,1.7244094,0.));
#13310=CARTESIAN_POINT('Origin',(0.29133865,1.7047244,-0.000196850393700787));
#13311=CARTESIAN_POINT('',(0.29133865,1.7047244,-0.000196850393700787));
#13312=CARTESIAN_POINT('',(0.29133865,1.7047244,0.));
#13313=CARTESIAN_POINT('Origin',(0.29133865,1.7244094,-0.000196850393700787));
#13314=CARTESIAN_POINT('Origin',(0.29133865,1.7244094,0.));
#13315=CARTESIAN_POINT('Origin',(0.29133865,1.6968503,-0.000196850393700787));
#13316=CARTESIAN_POINT('',(0.29133865,1.6968503,-0.000196850393700787));
#13317=CARTESIAN_POINT('',(0.29133865,1.6968503,0.));
#13318=CARTESIAN_POINT('',(0.29133865,1.6968503,-0.000196850393700787));
#13319=CARTESIAN_POINT('',(0.29133865,1.6771653,0.));
#13320=CARTESIAN_POINT('',(0.29133865,1.6968503,0.));
#13321=CARTESIAN_POINT('',(0.29133865,1.6771653,-0.000196850393700787));
#13322=CARTESIAN_POINT('',(0.29133865,1.6771653,-0.000196850393700787));
#13323=CARTESIAN_POINT('',(0.29133865,1.6968503,-0.000196850393700787));
#13324=CARTESIAN_POINT('Origin',(0.25196855,1.6968503,-0.000196850393700787));
#13325=CARTESIAN_POINT('',(0.25196855,1.6968503,-0.000196850393700787));
#13326=CARTESIAN_POINT('',(0.25196855,1.6968503,0.));
#13327=CARTESIAN_POINT('',(0.25196855,1.6968503,-0.000196850393700787));
#13328=CARTESIAN_POINT('',(0.25196855,1.6771653,-0.000196850393700787));
#13329=CARTESIAN_POINT('',(0.25196855,1.6968503,-0.000196850393700787));
#13330=CARTESIAN_POINT('',(0.25196855,1.6771653,0.));
#13331=CARTESIAN_POINT('',(0.25196855,1.6771653,-0.000196850393700787));
#13332=CARTESIAN_POINT('',(0.25196855,1.6968503,0.));
#13333=CARTESIAN_POINT('Origin',(0.29133865,1.6968503,-0.000196850393700787));
#13334=CARTESIAN_POINT('',(0.29133865,1.6968503,-0.000196850393700787));
#13335=CARTESIAN_POINT('',(0.29133865,1.6968503,0.));
#13336=CARTESIAN_POINT('Origin',(0.29133865,1.6771653,-0.000196850393700787));
#13337=CARTESIAN_POINT('',(0.29133865,1.6771653,-0.000196850393700787));
#13338=CARTESIAN_POINT('',(0.29133865,1.6771653,0.));
#13339=CARTESIAN_POINT('Origin',(0.29133865,1.6968503,-0.000196850393700787));
#13340=CARTESIAN_POINT('Origin',(0.29133865,1.6968503,0.));
#13341=CARTESIAN_POINT('Origin',(0.29133865,1.6692913,-0.000196850393700787));
#13342=CARTESIAN_POINT('',(0.29133865,1.6692913,-0.000196850393700787));
#13343=CARTESIAN_POINT('',(0.29133865,1.6692913,0.));
#13344=CARTESIAN_POINT('',(0.29133865,1.6692913,-0.000196850393700787));
#13345=CARTESIAN_POINT('',(0.29133865,1.6496063,0.));
#13346=CARTESIAN_POINT('',(0.29133865,1.6692913,0.));
#13347=CARTESIAN_POINT('',(0.29133865,1.6496063,-0.000196850393700787));
#13348=CARTESIAN_POINT('',(0.29133865,1.6496063,-0.000196850393700787));
#13349=CARTESIAN_POINT('',(0.29133865,1.6692913,-0.000196850393700787));
#13350=CARTESIAN_POINT('Origin',(0.25196855,1.6692913,-0.000196850393700787));
#13351=CARTESIAN_POINT('',(0.25196855,1.6692913,-0.000196850393700787));
#13352=CARTESIAN_POINT('',(0.25196855,1.6692913,0.));
#13353=CARTESIAN_POINT('',(0.25196855,1.6692913,-0.000196850393700787));
#13354=CARTESIAN_POINT('',(0.25196855,1.6496063,-0.000196850393700787));
#13355=CARTESIAN_POINT('',(0.25196855,1.6692913,-0.000196850393700787));
#13356=CARTESIAN_POINT('',(0.25196855,1.6496063,0.));
#13357=CARTESIAN_POINT('',(0.25196855,1.6496063,-0.000196850393700787));
#13358=CARTESIAN_POINT('',(0.25196855,1.6692913,0.));
#13359=CARTESIAN_POINT('Origin',(0.29133865,1.6692913,-0.000196850393700787));
#13360=CARTESIAN_POINT('',(0.29133865,1.6692913,-0.000196850393700787));
#13361=CARTESIAN_POINT('',(0.29133865,1.6692913,0.));
#13362=CARTESIAN_POINT('Origin',(0.29133865,1.6496063,-0.000196850393700787));
#13363=CARTESIAN_POINT('',(0.29133865,1.6496063,-0.000196850393700787));
#13364=CARTESIAN_POINT('',(0.29133865,1.6496063,0.));
#13365=CARTESIAN_POINT('Origin',(0.29133865,1.6692913,-0.000196850393700787));
#13366=CARTESIAN_POINT('Origin',(0.29133865,1.6692913,0.));
#13367=CARTESIAN_POINT('Origin',(0.29133865,1.6417322,-0.000196850393700787));
#13368=CARTESIAN_POINT('',(0.29133865,1.6417322,-0.000196850393700787));
#13369=CARTESIAN_POINT('',(0.29133865,1.6417322,0.));
#13370=CARTESIAN_POINT('',(0.29133865,1.6417322,-0.000196850393700787));
#13371=CARTESIAN_POINT('',(0.29133865,1.6220472,0.));
#13372=CARTESIAN_POINT('',(0.29133865,1.6417322,0.));
#13373=CARTESIAN_POINT('',(0.29133865,1.6220472,-0.000196850393700787));
#13374=CARTESIAN_POINT('',(0.29133865,1.6220472,-0.000196850393700787));
#13375=CARTESIAN_POINT('',(0.29133865,1.6417322,-0.000196850393700787));
#13376=CARTESIAN_POINT('Origin',(0.25196855,1.6417322,-0.000196850393700787));
#13377=CARTESIAN_POINT('',(0.25196855,1.6417322,-0.000196850393700787));
#13378=CARTESIAN_POINT('',(0.25196855,1.6417322,0.));
#13379=CARTESIAN_POINT('',(0.25196855,1.6417322,-0.000196850393700787));
#13380=CARTESIAN_POINT('',(0.25196855,1.6220472,-0.000196850393700787));
#13381=CARTESIAN_POINT('',(0.25196855,1.6417322,-0.000196850393700787));
#13382=CARTESIAN_POINT('',(0.25196855,1.6220472,0.));
#13383=CARTESIAN_POINT('',(0.25196855,1.6220472,-0.000196850393700787));
#13384=CARTESIAN_POINT('',(0.25196855,1.6417322,0.));
#13385=CARTESIAN_POINT('Origin',(0.29133865,1.6417322,-0.000196850393700787));
#13386=CARTESIAN_POINT('',(0.29133865,1.6417322,-0.000196850393700787));
#13387=CARTESIAN_POINT('',(0.29133865,1.6417322,0.));
#13388=CARTESIAN_POINT('Origin',(0.29133865,1.6220472,-0.000196850393700787));
#13389=CARTESIAN_POINT('',(0.29133865,1.6220472,-0.000196850393700787));
#13390=CARTESIAN_POINT('',(0.29133865,1.6220472,0.));
#13391=CARTESIAN_POINT('Origin',(0.29133865,1.6417322,-0.000196850393700787));
#13392=CARTESIAN_POINT('Origin',(0.29133865,1.6417322,0.));
#13393=CARTESIAN_POINT('Origin',(0.29133865,1.6141732,-0.000196850393700787));
#13394=CARTESIAN_POINT('',(0.29133865,1.6141732,-0.000196850393700787));
#13395=CARTESIAN_POINT('',(0.29133865,1.6141732,0.));
#13396=CARTESIAN_POINT('',(0.29133865,1.6141732,-0.000196850393700787));
#13397=CARTESIAN_POINT('',(0.29133865,1.5944882,0.));
#13398=CARTESIAN_POINT('',(0.29133865,1.6141732,0.));
#13399=CARTESIAN_POINT('',(0.29133865,1.5944882,-0.000196850393700787));
#13400=CARTESIAN_POINT('',(0.29133865,1.5944882,-0.000196850393700787));
#13401=CARTESIAN_POINT('',(0.29133865,1.6141732,-0.000196850393700787));
#13402=CARTESIAN_POINT('Origin',(0.25196855,1.6141732,-0.000196850393700787));
#13403=CARTESIAN_POINT('',(0.25196855,1.6141732,-0.000196850393700787));
#13404=CARTESIAN_POINT('',(0.25196855,1.6141732,0.));
#13405=CARTESIAN_POINT('',(0.25196855,1.6141732,-0.000196850393700787));
#13406=CARTESIAN_POINT('',(0.25196855,1.5944882,-0.000196850393700787));
#13407=CARTESIAN_POINT('',(0.25196855,1.6141732,-0.000196850393700787));
#13408=CARTESIAN_POINT('',(0.25196855,1.5944882,0.));
#13409=CARTESIAN_POINT('',(0.25196855,1.5944882,-0.000196850393700787));
#13410=CARTESIAN_POINT('',(0.25196855,1.6141732,0.));
#13411=CARTESIAN_POINT('Origin',(0.29133865,1.6141732,-0.000196850393700787));
#13412=CARTESIAN_POINT('',(0.29133865,1.6141732,-0.000196850393700787));
#13413=CARTESIAN_POINT('',(0.29133865,1.6141732,0.));
#13414=CARTESIAN_POINT('Origin',(0.29133865,1.5944882,-0.000196850393700787));
#13415=CARTESIAN_POINT('',(0.29133865,1.5944882,-0.000196850393700787));
#13416=CARTESIAN_POINT('',(0.29133865,1.5944882,0.));
#13417=CARTESIAN_POINT('Origin',(0.29133865,1.6141732,-0.000196850393700787));
#13418=CARTESIAN_POINT('Origin',(0.29133865,1.6141732,0.));
#13419=CARTESIAN_POINT('Origin',(0.2972441,1.54133855,-0.000196850393700787));
#13420=CARTESIAN_POINT('',(0.2972441,1.54133855,-0.000196850393700787));
#13421=CARTESIAN_POINT('',(0.2972441,1.54133855,0.));
#13422=CARTESIAN_POINT('',(0.2972441,1.54133855,-0.000196850393700787));
#13423=CARTESIAN_POINT('',(0.2775591,1.54133855,0.));
#13424=CARTESIAN_POINT('',(0.2972441,1.54133855,0.));
#13425=CARTESIAN_POINT('',(0.2775591,1.54133855,-0.000196850393700787));
#13426=CARTESIAN_POINT('',(0.2775591,1.54133855,-0.000196850393700787));
#13427=CARTESIAN_POINT('',(0.2972441,1.54133855,-0.000196850393700787));
#13428=CARTESIAN_POINT('Origin',(0.2972441,1.58070865,-0.000196850393700787));
#13429=CARTESIAN_POINT('',(0.2972441,1.58070865,-0.000196850393700787));
#13430=CARTESIAN_POINT('',(0.2972441,1.58070865,0.));
#13431=CARTESIAN_POINT('',(0.2972441,1.58070865,-0.000196850393700787));
#13432=CARTESIAN_POINT('',(0.2775591,1.58070865,-0.000196850393700787));
#13433=CARTESIAN_POINT('',(0.2972441,1.58070865,-0.000196850393700787));
#13434=CARTESIAN_POINT('',(0.2775591,1.58070865,0.));
#13435=CARTESIAN_POINT('',(0.2775591,1.58070865,-0.000196850393700787));
#13436=CARTESIAN_POINT('',(0.2972441,1.58070865,0.));
#13437=CARTESIAN_POINT('Origin',(0.2972441,1.54133855,-0.000196850393700787));
#13438=CARTESIAN_POINT('',(0.2972441,1.54133855,-0.000196850393700787));
#13439=CARTESIAN_POINT('',(0.2972441,1.54133855,0.));
#13440=CARTESIAN_POINT('Origin',(0.2775591,1.54133855,-0.000196850393700787));
#13441=CARTESIAN_POINT('',(0.2775591,1.54133855,-0.000196850393700787));
#13442=CARTESIAN_POINT('',(0.2775591,1.54133855,0.));
#13443=CARTESIAN_POINT('Origin',(0.2972441,1.54133855,-0.000196850393700787));
#13444=CARTESIAN_POINT('Origin',(0.2972441,1.54133855,0.));
#13445=CARTESIAN_POINT('Origin',(0.3248032,1.54133855,-0.000196850393700787));
#13446=CARTESIAN_POINT('',(0.3248032,1.54133855,-0.000196850393700787));
#13447=CARTESIAN_POINT('',(0.3248032,1.54133855,0.));
#13448=CARTESIAN_POINT('',(0.3248032,1.54133855,-0.000196850393700787));
#13449=CARTESIAN_POINT('',(0.3051182,1.54133855,0.));
#13450=CARTESIAN_POINT('',(0.3248032,1.54133855,0.));
#13451=CARTESIAN_POINT('',(0.3051182,1.54133855,-0.000196850393700787));
#13452=CARTESIAN_POINT('',(0.3051182,1.54133855,-0.000196850393700787));
#13453=CARTESIAN_POINT('',(0.3248032,1.54133855,-0.000196850393700787));
#13454=CARTESIAN_POINT('Origin',(0.3248032,1.58070865,-0.000196850393700787));
#13455=CARTESIAN_POINT('',(0.3248032,1.58070865,-0.000196850393700787));
#13456=CARTESIAN_POINT('',(0.3248032,1.58070865,0.));
#13457=CARTESIAN_POINT('',(0.3248032,1.58070865,-0.000196850393700787));
#13458=CARTESIAN_POINT('',(0.3051182,1.58070865,-0.000196850393700787));
#13459=CARTESIAN_POINT('',(0.3248032,1.58070865,-0.000196850393700787));
#13460=CARTESIAN_POINT('',(0.3051182,1.58070865,0.));
#13461=CARTESIAN_POINT('',(0.3051182,1.58070865,-0.000196850393700787));
#13462=CARTESIAN_POINT('',(0.3248032,1.58070865,0.));
#13463=CARTESIAN_POINT('Origin',(0.3248032,1.54133855,-0.000196850393700787));
#13464=CARTESIAN_POINT('',(0.3248032,1.54133855,-0.000196850393700787));
#13465=CARTESIAN_POINT('',(0.3248032,1.54133855,0.));
#13466=CARTESIAN_POINT('Origin',(0.3051182,1.54133855,-0.000196850393700787));
#13467=CARTESIAN_POINT('',(0.3051182,1.54133855,-0.000196850393700787));
#13468=CARTESIAN_POINT('',(0.3051182,1.54133855,0.));
#13469=CARTESIAN_POINT('Origin',(0.3248032,1.54133855,-0.000196850393700787));
#13470=CARTESIAN_POINT('Origin',(0.3248032,1.54133855,0.));
#13471=CARTESIAN_POINT('Origin',(0.3523622,1.54133855,-0.000196850393700787));
#13472=CARTESIAN_POINT('',(0.3523622,1.54133855,-0.000196850393700787));
#13473=CARTESIAN_POINT('',(0.3523622,1.54133855,0.));
#13474=CARTESIAN_POINT('',(0.3523622,1.54133855,-0.000196850393700787));
#13475=CARTESIAN_POINT('',(0.3326772,1.54133855,0.));
#13476=CARTESIAN_POINT('',(0.3523622,1.54133855,0.));
#13477=CARTESIAN_POINT('',(0.3326772,1.54133855,-0.000196850393700787));
#13478=CARTESIAN_POINT('',(0.3326772,1.54133855,-0.000196850393700787));
#13479=CARTESIAN_POINT('',(0.3523622,1.54133855,-0.000196850393700787));
#13480=CARTESIAN_POINT('Origin',(0.3523622,1.58070865,-0.000196850393700787));
#13481=CARTESIAN_POINT('',(0.3523622,1.58070865,-0.000196850393700787));
#13482=CARTESIAN_POINT('',(0.3523622,1.58070865,0.));
#13483=CARTESIAN_POINT('',(0.3523622,1.58070865,-0.000196850393700787));
#13484=CARTESIAN_POINT('',(0.3326772,1.58070865,-0.000196850393700787));
#13485=CARTESIAN_POINT('',(0.3523622,1.58070865,-0.000196850393700787));
#13486=CARTESIAN_POINT('',(0.3326772,1.58070865,0.));
#13487=CARTESIAN_POINT('',(0.3326772,1.58070865,-0.000196850393700787));
#13488=CARTESIAN_POINT('',(0.3523622,1.58070865,0.));
#13489=CARTESIAN_POINT('Origin',(0.3523622,1.54133855,-0.000196850393700787));
#13490=CARTESIAN_POINT('',(0.3523622,1.54133855,-0.000196850393700787));
#13491=CARTESIAN_POINT('',(0.3523622,1.54133855,0.));
#13492=CARTESIAN_POINT('Origin',(0.3326772,1.54133855,-0.000196850393700787));
#13493=CARTESIAN_POINT('',(0.3326772,1.54133855,-0.000196850393700787));
#13494=CARTESIAN_POINT('',(0.3326772,1.54133855,0.));
#13495=CARTESIAN_POINT('Origin',(0.3523622,1.54133855,-0.000196850393700787));
#13496=CARTESIAN_POINT('Origin',(0.3523622,1.54133855,0.));
#13497=CARTESIAN_POINT('Origin',(0.3799213,1.54133855,-0.000196850393700787));
#13498=CARTESIAN_POINT('',(0.3799213,1.54133855,-0.000196850393700787));
#13499=CARTESIAN_POINT('',(0.3799213,1.54133855,0.));
#13500=CARTESIAN_POINT('',(0.3799213,1.54133855,-0.000196850393700787));
#13501=CARTESIAN_POINT('',(0.3602363,1.54133855,0.));
#13502=CARTESIAN_POINT('',(0.3799213,1.54133855,0.));
#13503=CARTESIAN_POINT('',(0.3602363,1.54133855,-0.000196850393700787));
#13504=CARTESIAN_POINT('',(0.3602363,1.54133855,-0.000196850393700787));
#13505=CARTESIAN_POINT('',(0.3799213,1.54133855,-0.000196850393700787));
#13506=CARTESIAN_POINT('Origin',(0.3799213,1.58070865,-0.000196850393700787));
#13507=CARTESIAN_POINT('',(0.3799213,1.58070865,-0.000196850393700787));
#13508=CARTESIAN_POINT('',(0.3799213,1.58070865,0.));
#13509=CARTESIAN_POINT('',(0.3799213,1.58070865,-0.000196850393700787));
#13510=CARTESIAN_POINT('',(0.3602363,1.58070865,-0.000196850393700787));
#13511=CARTESIAN_POINT('',(0.3799213,1.58070865,-0.000196850393700787));
#13512=CARTESIAN_POINT('',(0.3602363,1.58070865,0.));
#13513=CARTESIAN_POINT('',(0.3602363,1.58070865,-0.000196850393700787));
#13514=CARTESIAN_POINT('',(0.3799213,1.58070865,0.));
#13515=CARTESIAN_POINT('Origin',(0.3799213,1.54133855,-0.000196850393700787));
#13516=CARTESIAN_POINT('',(0.3799213,1.54133855,-0.000196850393700787));
#13517=CARTESIAN_POINT('',(0.3799213,1.54133855,0.));
#13518=CARTESIAN_POINT('Origin',(0.3602363,1.54133855,-0.000196850393700787));
#13519=CARTESIAN_POINT('',(0.3602363,1.54133855,-0.000196850393700787));
#13520=CARTESIAN_POINT('',(0.3602363,1.54133855,0.));
#13521=CARTESIAN_POINT('Origin',(0.3799213,1.54133855,-0.000196850393700787));
#13522=CARTESIAN_POINT('Origin',(0.3799213,1.54133855,0.));
#13523=CARTESIAN_POINT('Origin',(0.4074803,1.54133855,-0.000196850393700787));
#13524=CARTESIAN_POINT('',(0.4074803,1.54133855,-0.000196850393700787));
#13525=CARTESIAN_POINT('',(0.4074803,1.54133855,0.));
#13526=CARTESIAN_POINT('',(0.4074803,1.54133855,-0.000196850393700787));
#13527=CARTESIAN_POINT('',(0.3877953,1.54133855,0.));
#13528=CARTESIAN_POINT('',(0.4074803,1.54133855,0.));
#13529=CARTESIAN_POINT('',(0.3877953,1.54133855,-0.000196850393700787));
#13530=CARTESIAN_POINT('',(0.3877953,1.54133855,-0.000196850393700787));
#13531=CARTESIAN_POINT('',(0.4074803,1.54133855,-0.000196850393700787));
#13532=CARTESIAN_POINT('Origin',(0.4074803,1.58070865,-0.000196850393700787));
#13533=CARTESIAN_POINT('',(0.4074803,1.58070865,-0.000196850393700787));
#13534=CARTESIAN_POINT('',(0.4074803,1.58070865,0.));
#13535=CARTESIAN_POINT('',(0.4074803,1.58070865,-0.000196850393700787));
#13536=CARTESIAN_POINT('',(0.3877953,1.58070865,-0.000196850393700787));
#13537=CARTESIAN_POINT('',(0.4074803,1.58070865,-0.000196850393700787));
#13538=CARTESIAN_POINT('',(0.3877953,1.58070865,0.));
#13539=CARTESIAN_POINT('',(0.3877953,1.58070865,-0.000196850393700787));
#13540=CARTESIAN_POINT('',(0.4074803,1.58070865,0.));
#13541=CARTESIAN_POINT('Origin',(0.4074803,1.54133855,-0.000196850393700787));
#13542=CARTESIAN_POINT('',(0.4074803,1.54133855,-0.000196850393700787));
#13543=CARTESIAN_POINT('',(0.4074803,1.54133855,0.));
#13544=CARTESIAN_POINT('Origin',(0.3877953,1.54133855,-0.000196850393700787));
#13545=CARTESIAN_POINT('',(0.3877953,1.54133855,-0.000196850393700787));
#13546=CARTESIAN_POINT('',(0.3877953,1.54133855,0.));
#13547=CARTESIAN_POINT('Origin',(0.4074803,1.54133855,-0.000196850393700787));
#13548=CARTESIAN_POINT('Origin',(0.4074803,1.54133855,0.));
#13549=CARTESIAN_POINT('Origin',(0.4350394,1.54133855,-0.000196850393700787));
#13550=CARTESIAN_POINT('',(0.4350394,1.54133855,-0.000196850393700787));
#13551=CARTESIAN_POINT('',(0.4350394,1.54133855,0.));
#13552=CARTESIAN_POINT('',(0.4350394,1.54133855,-0.000196850393700787));
#13553=CARTESIAN_POINT('',(0.4153544,1.54133855,0.));
#13554=CARTESIAN_POINT('',(0.4350394,1.54133855,0.));
#13555=CARTESIAN_POINT('',(0.4153544,1.54133855,-0.000196850393700787));
#13556=CARTESIAN_POINT('',(0.4153544,1.54133855,-0.000196850393700787));
#13557=CARTESIAN_POINT('',(0.4350394,1.54133855,-0.000196850393700787));
#13558=CARTESIAN_POINT('Origin',(0.4350394,1.58070865,-0.000196850393700787));
#13559=CARTESIAN_POINT('',(0.4350394,1.58070865,-0.000196850393700787));
#13560=CARTESIAN_POINT('',(0.4350394,1.58070865,0.));
#13561=CARTESIAN_POINT('',(0.4350394,1.58070865,-0.000196850393700787));
#13562=CARTESIAN_POINT('',(0.4153544,1.58070865,-0.000196850393700787));
#13563=CARTESIAN_POINT('',(0.4350394,1.58070865,-0.000196850393700787));
#13564=CARTESIAN_POINT('',(0.4153544,1.58070865,0.));
#13565=CARTESIAN_POINT('',(0.4153544,1.58070865,-0.000196850393700787));
#13566=CARTESIAN_POINT('',(0.4350394,1.58070865,0.));
#13567=CARTESIAN_POINT('Origin',(0.4350394,1.54133855,-0.000196850393700787));
#13568=CARTESIAN_POINT('',(0.4350394,1.54133855,-0.000196850393700787));
#13569=CARTESIAN_POINT('',(0.4350394,1.54133855,0.));
#13570=CARTESIAN_POINT('Origin',(0.4153544,1.54133855,-0.000196850393700787));
#13571=CARTESIAN_POINT('',(0.4153544,1.54133855,-0.000196850393700787));
#13572=CARTESIAN_POINT('',(0.4153544,1.54133855,0.));
#13573=CARTESIAN_POINT('Origin',(0.4350394,1.54133855,-0.000196850393700787));
#13574=CARTESIAN_POINT('Origin',(0.4350394,1.54133855,0.));
#13575=CARTESIAN_POINT('Origin',(0.4625984,1.54133855,-0.000196850393700787));
#13576=CARTESIAN_POINT('',(0.4625984,1.54133855,-0.000196850393700787));
#13577=CARTESIAN_POINT('',(0.4625984,1.54133855,0.));
#13578=CARTESIAN_POINT('',(0.4625984,1.54133855,-0.000196850393700787));
#13579=CARTESIAN_POINT('',(0.4429134,1.54133855,0.));
#13580=CARTESIAN_POINT('',(0.4625984,1.54133855,0.));
#13581=CARTESIAN_POINT('',(0.4429134,1.54133855,-0.000196850393700787));
#13582=CARTESIAN_POINT('',(0.4429134,1.54133855,-0.000196850393700787));
#13583=CARTESIAN_POINT('',(0.4625984,1.54133855,-0.000196850393700787));
#13584=CARTESIAN_POINT('Origin',(0.4625984,1.58070865,-0.000196850393700787));
#13585=CARTESIAN_POINT('',(0.4625984,1.58070865,-0.000196850393700787));
#13586=CARTESIAN_POINT('',(0.4625984,1.58070865,0.));
#13587=CARTESIAN_POINT('',(0.4625984,1.58070865,-0.000196850393700787));
#13588=CARTESIAN_POINT('',(0.4429134,1.58070865,-0.000196850393700787));
#13589=CARTESIAN_POINT('',(0.4625984,1.58070865,-0.000196850393700787));
#13590=CARTESIAN_POINT('',(0.4429134,1.58070865,0.));
#13591=CARTESIAN_POINT('',(0.4429134,1.58070865,-0.000196850393700787));
#13592=CARTESIAN_POINT('',(0.4625984,1.58070865,0.));
#13593=CARTESIAN_POINT('Origin',(0.4625984,1.54133855,-0.000196850393700787));
#13594=CARTESIAN_POINT('',(0.4625984,1.54133855,-0.000196850393700787));
#13595=CARTESIAN_POINT('',(0.4625984,1.54133855,0.));
#13596=CARTESIAN_POINT('Origin',(0.4429134,1.54133855,-0.000196850393700787));
#13597=CARTESIAN_POINT('',(0.4429134,1.54133855,-0.000196850393700787));
#13598=CARTESIAN_POINT('',(0.4429134,1.54133855,0.));
#13599=CARTESIAN_POINT('Origin',(0.4625984,1.54133855,-0.000196850393700787));
#13600=CARTESIAN_POINT('Origin',(0.4625984,1.54133855,0.));
#13601=CARTESIAN_POINT('Origin',(0.4901575,1.54133855,-0.000196850393700787));
#13602=CARTESIAN_POINT('',(0.4901575,1.54133855,-0.000196850393700787));
#13603=CARTESIAN_POINT('',(0.4901575,1.54133855,0.));
#13604=CARTESIAN_POINT('',(0.4901575,1.54133855,-0.000196850393700787));
#13605=CARTESIAN_POINT('',(0.4704725,1.54133855,0.));
#13606=CARTESIAN_POINT('',(0.4901575,1.54133855,0.));
#13607=CARTESIAN_POINT('',(0.4704725,1.54133855,-0.000196850393700787));
#13608=CARTESIAN_POINT('',(0.4704725,1.54133855,-0.000196850393700787));
#13609=CARTESIAN_POINT('',(0.4901575,1.54133855,-0.000196850393700787));
#13610=CARTESIAN_POINT('Origin',(0.4901575,1.58070865,-0.000196850393700787));
#13611=CARTESIAN_POINT('',(0.4901575,1.58070865,-0.000196850393700787));
#13612=CARTESIAN_POINT('',(0.4901575,1.58070865,0.));
#13613=CARTESIAN_POINT('',(0.4901575,1.58070865,-0.000196850393700787));
#13614=CARTESIAN_POINT('',(0.4704725,1.58070865,-0.000196850393700787));
#13615=CARTESIAN_POINT('',(0.4901575,1.58070865,-0.000196850393700787));
#13616=CARTESIAN_POINT('',(0.4704725,1.58070865,0.));
#13617=CARTESIAN_POINT('',(0.4704725,1.58070865,-0.000196850393700787));
#13618=CARTESIAN_POINT('',(0.4901575,1.58070865,0.));
#13619=CARTESIAN_POINT('Origin',(0.4901575,1.54133855,-0.000196850393700787));
#13620=CARTESIAN_POINT('',(0.4901575,1.54133855,-0.000196850393700787));
#13621=CARTESIAN_POINT('',(0.4901575,1.54133855,0.));
#13622=CARTESIAN_POINT('Origin',(0.4704725,1.54133855,-0.000196850393700787));
#13623=CARTESIAN_POINT('',(0.4704725,1.54133855,-0.000196850393700787));
#13624=CARTESIAN_POINT('',(0.4704725,1.54133855,0.));
#13625=CARTESIAN_POINT('Origin',(0.4901575,1.54133855,-0.000196850393700787));
#13626=CARTESIAN_POINT('Origin',(0.4901575,1.54133855,0.));
#13627=CARTESIAN_POINT('Origin',(0.51574805,1.6141732,-0.000196850393700787));
#13628=CARTESIAN_POINT('',(0.51574805,1.6141732,-0.000196850393700787));
#13629=CARTESIAN_POINT('',(0.51574805,1.6141732,0.));
#13630=CARTESIAN_POINT('',(0.51574805,1.6141732,-0.000196850393700787));
#13631=CARTESIAN_POINT('',(0.51574805,1.5944882,0.));
#13632=CARTESIAN_POINT('',(0.51574805,1.6141732,0.));
#13633=CARTESIAN_POINT('',(0.51574805,1.5944882,-0.000196850393700787));
#13634=CARTESIAN_POINT('',(0.51574805,1.5944882,-0.000196850393700787));
#13635=CARTESIAN_POINT('',(0.51574805,1.6141732,-0.000196850393700787));
#13636=CARTESIAN_POINT('Origin',(0.47637795,1.6141732,-0.000196850393700787));
#13637=CARTESIAN_POINT('',(0.47637795,1.6141732,-0.000196850393700787));
#13638=CARTESIAN_POINT('',(0.47637795,1.6141732,0.));
#13639=CARTESIAN_POINT('',(0.47637795,1.6141732,-0.000196850393700787));
#13640=CARTESIAN_POINT('',(0.47637795,1.5944882,-0.000196850393700787));
#13641=CARTESIAN_POINT('',(0.47637795,1.6141732,-0.000196850393700787));
#13642=CARTESIAN_POINT('',(0.47637795,1.5944882,0.));
#13643=CARTESIAN_POINT('',(0.47637795,1.5944882,-0.000196850393700787));
#13644=CARTESIAN_POINT('',(0.47637795,1.6141732,0.));
#13645=CARTESIAN_POINT('Origin',(0.51574805,1.6141732,-0.000196850393700787));
#13646=CARTESIAN_POINT('',(0.51574805,1.6141732,-0.000196850393700787));
#13647=CARTESIAN_POINT('',(0.51574805,1.6141732,0.));
#13648=CARTESIAN_POINT('Origin',(0.51574805,1.5944882,-0.000196850393700787));
#13649=CARTESIAN_POINT('',(0.51574805,1.5944882,-0.000196850393700787));
#13650=CARTESIAN_POINT('',(0.51574805,1.5944882,0.));
#13651=CARTESIAN_POINT('Origin',(0.51574805,1.6141732,-0.000196850393700787));
#13652=CARTESIAN_POINT('Origin',(0.51574805,1.6141732,0.));
#13653=CARTESIAN_POINT('Origin',(0.51574805,1.6417322,-0.000196850393700787));
#13654=CARTESIAN_POINT('',(0.51574805,1.6417322,-0.000196850393700787));
#13655=CARTESIAN_POINT('',(0.51574805,1.6417322,0.));
#13656=CARTESIAN_POINT('',(0.51574805,1.6417322,-0.000196850393700787));
#13657=CARTESIAN_POINT('',(0.51574805,1.6220472,0.));
#13658=CARTESIAN_POINT('',(0.51574805,1.6417322,0.));
#13659=CARTESIAN_POINT('',(0.51574805,1.6220472,-0.000196850393700787));
#13660=CARTESIAN_POINT('',(0.51574805,1.6220472,-0.000196850393700787));
#13661=CARTESIAN_POINT('',(0.51574805,1.6417322,-0.000196850393700787));
#13662=CARTESIAN_POINT('Origin',(0.47637795,1.6417322,-0.000196850393700787));
#13663=CARTESIAN_POINT('',(0.47637795,1.6417322,-0.000196850393700787));
#13664=CARTESIAN_POINT('',(0.47637795,1.6417322,0.));
#13665=CARTESIAN_POINT('',(0.47637795,1.6417322,-0.000196850393700787));
#13666=CARTESIAN_POINT('',(0.47637795,1.6220472,-0.000196850393700787));
#13667=CARTESIAN_POINT('',(0.47637795,1.6417322,-0.000196850393700787));
#13668=CARTESIAN_POINT('',(0.47637795,1.6220472,0.));
#13669=CARTESIAN_POINT('',(0.47637795,1.6220472,-0.000196850393700787));
#13670=CARTESIAN_POINT('',(0.47637795,1.6417322,0.));
#13671=CARTESIAN_POINT('Origin',(0.51574805,1.6417322,-0.000196850393700787));
#13672=CARTESIAN_POINT('',(0.51574805,1.6417322,-0.000196850393700787));
#13673=CARTESIAN_POINT('',(0.51574805,1.6417322,0.));
#13674=CARTESIAN_POINT('Origin',(0.51574805,1.6220472,-0.000196850393700787));
#13675=CARTESIAN_POINT('',(0.51574805,1.6220472,-0.000196850393700787));
#13676=CARTESIAN_POINT('',(0.51574805,1.6220472,0.));
#13677=CARTESIAN_POINT('Origin',(0.51574805,1.6417322,-0.000196850393700787));
#13678=CARTESIAN_POINT('Origin',(0.51574805,1.6417322,0.));
#13679=CARTESIAN_POINT('Origin',(0.51574805,1.6692913,-0.000196850393700787));
#13680=CARTESIAN_POINT('',(0.51574805,1.6692913,-0.000196850393700787));
#13681=CARTESIAN_POINT('',(0.51574805,1.6692913,0.));
#13682=CARTESIAN_POINT('',(0.51574805,1.6692913,-0.000196850393700787));
#13683=CARTESIAN_POINT('',(0.51574805,1.6496063,0.));
#13684=CARTESIAN_POINT('',(0.51574805,1.6692913,0.));
#13685=CARTESIAN_POINT('',(0.51574805,1.6496063,-0.000196850393700787));
#13686=CARTESIAN_POINT('',(0.51574805,1.6496063,-0.000196850393700787));
#13687=CARTESIAN_POINT('',(0.51574805,1.6692913,-0.000196850393700787));
#13688=CARTESIAN_POINT('Origin',(0.47637795,1.6692913,-0.000196850393700787));
#13689=CARTESIAN_POINT('',(0.47637795,1.6692913,-0.000196850393700787));
#13690=CARTESIAN_POINT('',(0.47637795,1.6692913,0.));
#13691=CARTESIAN_POINT('',(0.47637795,1.6692913,-0.000196850393700787));
#13692=CARTESIAN_POINT('',(0.47637795,1.6496063,-0.000196850393700787));
#13693=CARTESIAN_POINT('',(0.47637795,1.6692913,-0.000196850393700787));
#13694=CARTESIAN_POINT('',(0.47637795,1.6496063,0.));
#13695=CARTESIAN_POINT('',(0.47637795,1.6496063,-0.000196850393700787));
#13696=CARTESIAN_POINT('',(0.47637795,1.6692913,0.));
#13697=CARTESIAN_POINT('Origin',(0.51574805,1.6692913,-0.000196850393700787));
#13698=CARTESIAN_POINT('',(0.51574805,1.6692913,-0.000196850393700787));
#13699=CARTESIAN_POINT('',(0.51574805,1.6692913,0.));
#13700=CARTESIAN_POINT('Origin',(0.51574805,1.6496063,-0.000196850393700787));
#13701=CARTESIAN_POINT('',(0.51574805,1.6496063,-0.000196850393700787));
#13702=CARTESIAN_POINT('',(0.51574805,1.6496063,0.));
#13703=CARTESIAN_POINT('Origin',(0.51574805,1.6692913,-0.000196850393700787));
#13704=CARTESIAN_POINT('Origin',(0.51574805,1.6692913,0.));
#13705=CARTESIAN_POINT('Origin',(0.51574805,1.6968503,-0.000196850393700787));
#13706=CARTESIAN_POINT('',(0.51574805,1.6968503,-0.000196850393700787));
#13707=CARTESIAN_POINT('',(0.51574805,1.6968503,0.));
#13708=CARTESIAN_POINT('',(0.51574805,1.6968503,-0.000196850393700787));
#13709=CARTESIAN_POINT('',(0.51574805,1.6771653,0.));
#13710=CARTESIAN_POINT('',(0.51574805,1.6968503,0.));
#13711=CARTESIAN_POINT('',(0.51574805,1.6771653,-0.000196850393700787));
#13712=CARTESIAN_POINT('',(0.51574805,1.6771653,-0.000196850393700787));
#13713=CARTESIAN_POINT('',(0.51574805,1.6968503,-0.000196850393700787));
#13714=CARTESIAN_POINT('Origin',(0.47637795,1.6968503,-0.000196850393700787));
#13715=CARTESIAN_POINT('',(0.47637795,1.6968503,-0.000196850393700787));
#13716=CARTESIAN_POINT('',(0.47637795,1.6968503,0.));
#13717=CARTESIAN_POINT('',(0.47637795,1.6968503,-0.000196850393700787));
#13718=CARTESIAN_POINT('',(0.47637795,1.6771653,-0.000196850393700787));
#13719=CARTESIAN_POINT('',(0.47637795,1.6968503,-0.000196850393700787));
#13720=CARTESIAN_POINT('',(0.47637795,1.6771653,0.));
#13721=CARTESIAN_POINT('',(0.47637795,1.6771653,-0.000196850393700787));
#13722=CARTESIAN_POINT('',(0.47637795,1.6968503,0.));
#13723=CARTESIAN_POINT('Origin',(0.51574805,1.6968503,-0.000196850393700787));
#13724=CARTESIAN_POINT('',(0.51574805,1.6968503,-0.000196850393700787));
#13725=CARTESIAN_POINT('',(0.51574805,1.6968503,0.));
#13726=CARTESIAN_POINT('Origin',(0.51574805,1.6771653,-0.000196850393700787));
#13727=CARTESIAN_POINT('',(0.51574805,1.6771653,-0.000196850393700787));
#13728=CARTESIAN_POINT('',(0.51574805,1.6771653,0.));
#13729=CARTESIAN_POINT('Origin',(0.51574805,1.6968503,-0.000196850393700787));
#13730=CARTESIAN_POINT('Origin',(0.51574805,1.6968503,0.));
#13731=CARTESIAN_POINT('Origin',(0.51574805,1.7244094,-0.000196850393700787));
#13732=CARTESIAN_POINT('',(0.51574805,1.7244094,-0.000196850393700787));
#13733=CARTESIAN_POINT('',(0.51574805,1.7244094,0.));
#13734=CARTESIAN_POINT('',(0.51574805,1.7244094,-0.000196850393700787));
#13735=CARTESIAN_POINT('',(0.51574805,1.7047244,0.));
#13736=CARTESIAN_POINT('',(0.51574805,1.7244094,0.));
#13737=CARTESIAN_POINT('',(0.51574805,1.7047244,-0.000196850393700787));
#13738=CARTESIAN_POINT('',(0.51574805,1.7047244,-0.000196850393700787));
#13739=CARTESIAN_POINT('',(0.51574805,1.7244094,-0.000196850393700787));
#13740=CARTESIAN_POINT('Origin',(0.47637795,1.7244094,-0.000196850393700787));
#13741=CARTESIAN_POINT('',(0.47637795,1.7244094,-0.000196850393700787));
#13742=CARTESIAN_POINT('',(0.47637795,1.7244094,0.));
#13743=CARTESIAN_POINT('',(0.47637795,1.7244094,-0.000196850393700787));
#13744=CARTESIAN_POINT('',(0.47637795,1.7047244,-0.000196850393700787));
#13745=CARTESIAN_POINT('',(0.47637795,1.7244094,-0.000196850393700787));
#13746=CARTESIAN_POINT('',(0.47637795,1.7047244,0.));
#13747=CARTESIAN_POINT('',(0.47637795,1.7047244,-0.000196850393700787));
#13748=CARTESIAN_POINT('',(0.47637795,1.7244094,0.));
#13749=CARTESIAN_POINT('Origin',(0.51574805,1.7244094,-0.000196850393700787));
#13750=CARTESIAN_POINT('',(0.51574805,1.7244094,-0.000196850393700787));
#13751=CARTESIAN_POINT('',(0.51574805,1.7244094,0.));
#13752=CARTESIAN_POINT('Origin',(0.51574805,1.7047244,-0.000196850393700787));
#13753=CARTESIAN_POINT('',(0.51574805,1.7047244,-0.000196850393700787));
#13754=CARTESIAN_POINT('',(0.51574805,1.7047244,0.));
#13755=CARTESIAN_POINT('Origin',(0.51574805,1.7244094,-0.000196850393700787));
#13756=CARTESIAN_POINT('Origin',(0.51574805,1.7244094,0.));
#13757=CARTESIAN_POINT('Origin',(0.51574805,1.7519684,-0.000196850393700787));
#13758=CARTESIAN_POINT('',(0.51574805,1.7519684,-0.000196850393700787));
#13759=CARTESIAN_POINT('',(0.51574805,1.7519684,0.));
#13760=CARTESIAN_POINT('',(0.51574805,1.7519684,-0.000196850393700787));
#13761=CARTESIAN_POINT('',(0.51574805,1.7322834,0.));
#13762=CARTESIAN_POINT('',(0.51574805,1.7519684,0.));
#13763=CARTESIAN_POINT('',(0.51574805,1.7322834,-0.000196850393700787));
#13764=CARTESIAN_POINT('',(0.51574805,1.7322834,-0.000196850393700787));
#13765=CARTESIAN_POINT('',(0.51574805,1.7519684,-0.000196850393700787));
#13766=CARTESIAN_POINT('Origin',(0.47637795,1.7519684,-0.000196850393700787));
#13767=CARTESIAN_POINT('',(0.47637795,1.7519684,-0.000196850393700787));
#13768=CARTESIAN_POINT('',(0.47637795,1.7519684,0.));
#13769=CARTESIAN_POINT('',(0.47637795,1.7519684,-0.000196850393700787));
#13770=CARTESIAN_POINT('',(0.47637795,1.7322834,-0.000196850393700787));
#13771=CARTESIAN_POINT('',(0.47637795,1.7519684,-0.000196850393700787));
#13772=CARTESIAN_POINT('',(0.47637795,1.7322834,0.));
#13773=CARTESIAN_POINT('',(0.47637795,1.7322834,-0.000196850393700787));
#13774=CARTESIAN_POINT('',(0.47637795,1.7519684,0.));
#13775=CARTESIAN_POINT('Origin',(0.51574805,1.7519684,-0.000196850393700787));
#13776=CARTESIAN_POINT('',(0.51574805,1.7519684,-0.000196850393700787));
#13777=CARTESIAN_POINT('',(0.51574805,1.7519684,0.));
#13778=CARTESIAN_POINT('Origin',(0.51574805,1.7322834,-0.000196850393700787));
#13779=CARTESIAN_POINT('',(0.51574805,1.7322834,-0.000196850393700787));
#13780=CARTESIAN_POINT('',(0.51574805,1.7322834,0.));
#13781=CARTESIAN_POINT('Origin',(0.51574805,1.7519684,-0.000196850393700787));
#13782=CARTESIAN_POINT('Origin',(0.51574805,1.7519684,0.));
#13783=CARTESIAN_POINT('Origin',(0.51574805,1.7795275,-0.000196850393700787));
#13784=CARTESIAN_POINT('',(0.51574805,1.7795275,-0.000196850393700787));
#13785=CARTESIAN_POINT('',(0.51574805,1.7795275,0.));
#13786=CARTESIAN_POINT('',(0.51574805,1.7795275,-0.000196850393700787));
#13787=CARTESIAN_POINT('',(0.51574805,1.7598425,0.));
#13788=CARTESIAN_POINT('',(0.51574805,1.7795275,0.));
#13789=CARTESIAN_POINT('',(0.51574805,1.7598425,-0.000196850393700787));
#13790=CARTESIAN_POINT('',(0.51574805,1.7598425,-0.000196850393700787));
#13791=CARTESIAN_POINT('',(0.51574805,1.7795275,-0.000196850393700787));
#13792=CARTESIAN_POINT('Origin',(0.47637795,1.7795275,-0.000196850393700787));
#13793=CARTESIAN_POINT('',(0.47637795,1.7795275,-0.000196850393700787));
#13794=CARTESIAN_POINT('',(0.47637795,1.7795275,0.));
#13795=CARTESIAN_POINT('',(0.47637795,1.7795275,-0.000196850393700787));
#13796=CARTESIAN_POINT('',(0.47637795,1.7598425,-0.000196850393700787));
#13797=CARTESIAN_POINT('',(0.47637795,1.7795275,-0.000196850393700787));
#13798=CARTESIAN_POINT('',(0.47637795,1.7598425,0.));
#13799=CARTESIAN_POINT('',(0.47637795,1.7598425,-0.000196850393700787));
#13800=CARTESIAN_POINT('',(0.47637795,1.7795275,0.));
#13801=CARTESIAN_POINT('Origin',(0.51574805,1.7795275,-0.000196850393700787));
#13802=CARTESIAN_POINT('',(0.51574805,1.7795275,-0.000196850393700787));
#13803=CARTESIAN_POINT('',(0.51574805,1.7795275,0.));
#13804=CARTESIAN_POINT('Origin',(0.51574805,1.7598425,-0.000196850393700787));
#13805=CARTESIAN_POINT('',(0.51574805,1.7598425,-0.000196850393700787));
#13806=CARTESIAN_POINT('',(0.51574805,1.7598425,0.));
#13807=CARTESIAN_POINT('Origin',(0.51574805,1.7795275,-0.000196850393700787));
#13808=CARTESIAN_POINT('Origin',(0.51574805,1.7795275,0.));
#13809=CARTESIAN_POINT('Origin',(0.4606299,1.76574795,-0.000196850393700787));
#13810=CARTESIAN_POINT('',(0.4606299,1.76574795,-0.000196850393700787));
#13811=CARTESIAN_POINT('',(0.4606299,1.76574795,0.));
#13812=CARTESIAN_POINT('',(0.4606299,1.76574795,-0.000196850393700787));
#13813=CARTESIAN_POINT('',(0.4409449,1.76574795,0.));
#13814=CARTESIAN_POINT('',(0.4606299,1.76574795,0.));
#13815=CARTESIAN_POINT('',(0.4409449,1.76574795,-0.000196850393700787));
#13816=CARTESIAN_POINT('',(0.4409449,1.76574795,-0.000196850393700787));
#13817=CARTESIAN_POINT('',(0.4606299,1.76574795,-0.000196850393700787));
#13818=CARTESIAN_POINT('Origin',(0.4606299,1.80511805,-0.000196850393700787));
#13819=CARTESIAN_POINT('',(0.4606299,1.80511805,-0.000196850393700787));
#13820=CARTESIAN_POINT('',(0.4606299,1.80511805,0.));
#13821=CARTESIAN_POINT('',(0.4606299,1.80511805,-0.000196850393700787));
#13822=CARTESIAN_POINT('',(0.4409449,1.80511805,-0.000196850393700787));
#13823=CARTESIAN_POINT('',(0.4606299,1.80511805,-0.000196850393700787));
#13824=CARTESIAN_POINT('',(0.4409449,1.80511805,0.));
#13825=CARTESIAN_POINT('',(0.4409449,1.80511805,-0.000196850393700787));
#13826=CARTESIAN_POINT('',(0.4606299,1.80511805,0.));
#13827=CARTESIAN_POINT('Origin',(0.4606299,1.76574795,-0.000196850393700787));
#13828=CARTESIAN_POINT('',(0.4606299,1.76574795,-0.000196850393700787));
#13829=CARTESIAN_POINT('',(0.4606299,1.76574795,0.));
#13830=CARTESIAN_POINT('Origin',(0.4409449,1.76574795,-0.000196850393700787));
#13831=CARTESIAN_POINT('',(0.4409449,1.76574795,-0.000196850393700787));
#13832=CARTESIAN_POINT('',(0.4409449,1.76574795,0.));
#13833=CARTESIAN_POINT('Origin',(0.4606299,1.76574795,-0.000196850393700787));
#13834=CARTESIAN_POINT('Origin',(0.4606299,1.76574795,0.));
#13835=CARTESIAN_POINT('',(0.,0.,0.));
#13836=CARTESIAN_POINT('',(0.,0.,0.));
#13837=CARTESIAN_POINT('',(0.,0.,0.));
#13838=CARTESIAN_POINT('',(0.,0.,0.));
#13839=CARTESIAN_POINT('',(0.,0.,0.));
#13840=CARTESIAN_POINT('',(0.,0.,0.));
#13841=CARTESIAN_POINT('',(0.,0.,0.));
#13842=CARTESIAN_POINT('',(0.,0.,0.));
#13843=CARTESIAN_POINT('',(0.,0.,0.));
#13844=CARTESIAN_POINT('',(0.,0.,0.));
#13845=CARTESIAN_POINT('',(0.,0.,0.));
#13846=CARTESIAN_POINT('',(0.,0.,0.));
#13847=CARTESIAN_POINT('',(0.,0.,0.));
#13848=CARTESIAN_POINT('',(0.,0.,0.));
#13849=CARTESIAN_POINT('',(0.,0.,0.));
#13850=CARTESIAN_POINT('',(0.,0.,0.));
#13851=CARTESIAN_POINT('',(0.,0.,0.));
#13852=CARTESIAN_POINT('',(0.,0.,0.));
#13853=CARTESIAN_POINT('',(0.,0.,0.));
#13854=CARTESIAN_POINT('',(0.,0.,0.));
#13855=CARTESIAN_POINT('',(0.,0.,0.));
#13856=CARTESIAN_POINT('',(0.,0.,0.));
#13857=CARTESIAN_POINT('',(0.,0.,0.));
#13858=UNCERTAINTY_MEASURE_WITH_UNIT(LENGTH_MEASURE(0.000393700787401575),
#13910,'DISTANCE_ACCURACY_VALUE',
'Maximum model space distance between geometric entities at asserted c
onnectivities');
#13859=UNCERTAINTY_MEASURE_WITH_UNIT(LENGTH_MEASURE(0.000393700787401575),
#13910,'DISTANCE_ACCURACY_VALUE',
'Maximum model space distance between geometric entities at asserted c
onnectivities');
#13860=UNCERTAINTY_MEASURE_WITH_UNIT(LENGTH_MEASURE(0.000393700787401575),
#13910,'DISTANCE_ACCURACY_VALUE',
'Maximum model space distance between geometric entities at asserted c
onnectivities');
#13861=UNCERTAINTY_MEASURE_WITH_UNIT(LENGTH_MEASURE(0.000393700787401575),
#13910,'DISTANCE_ACCURACY_VALUE',
'Maximum model space distance between geometric entities at asserted c
onnectivities');
#13862=UNCERTAINTY_MEASURE_WITH_UNIT(LENGTH_MEASURE(0.000393700787401575),
#13910,'DISTANCE_ACCURACY_VALUE',
'Maximum model space distance between geometric entities at asserted c
onnectivities');
#13863=UNCERTAINTY_MEASURE_WITH_UNIT(LENGTH_MEASURE(0.000393700787401575),
#13910,'DISTANCE_ACCURACY_VALUE',
'Maximum model space distance between geometric entities at asserted c
onnectivities');
#13864=UNCERTAINTY_MEASURE_WITH_UNIT(LENGTH_MEASURE(0.000393700787401575),
#13910,'DISTANCE_ACCURACY_VALUE',
'Maximum model space distance between geometric entities at asserted c
onnectivities');
#13865=UNCERTAINTY_MEASURE_WITH_UNIT(LENGTH_MEASURE(0.000393700787401575),
#13910,'DISTANCE_ACCURACY_VALUE',
'Maximum model space distance between geometric entities at asserted c
onnectivities');
#13866=UNCERTAINTY_MEASURE_WITH_UNIT(LENGTH_MEASURE(0.000393700787401575),
#13910,'DISTANCE_ACCURACY_VALUE',
'Maximum model space distance between geometric entities at asserted c
onnectivities');
#13867=UNCERTAINTY_MEASURE_WITH_UNIT(LENGTH_MEASURE(0.000393700787401575),
#13910,'DISTANCE_ACCURACY_VALUE',
'Maximum model space distance between geometric entities at asserted c
onnectivities');
#13868=UNCERTAINTY_MEASURE_WITH_UNIT(LENGTH_MEASURE(0.000393700787401575),
#13910,'DISTANCE_ACCURACY_VALUE',
'Maximum model space distance between geometric entities at asserted c
onnectivities');
#13869=UNCERTAINTY_MEASURE_WITH_UNIT(LENGTH_MEASURE(0.000393700787401575),
#13910,'DISTANCE_ACCURACY_VALUE',
'Maximum model space distance between geometric entities at asserted c
onnectivities');
#13870=UNCERTAINTY_MEASURE_WITH_UNIT(LENGTH_MEASURE(0.000393700787401575),
#13910,'DISTANCE_ACCURACY_VALUE',
'Maximum model space distance between geometric entities at asserted c
onnectivities');
#13871=UNCERTAINTY_MEASURE_WITH_UNIT(LENGTH_MEASURE(0.000393700787401575),
#13910,'DISTANCE_ACCURACY_VALUE',
'Maximum model space distance between geometric entities at asserted c
onnectivities');
#13872=UNCERTAINTY_MEASURE_WITH_UNIT(LENGTH_MEASURE(0.000393700787401575),
#13910,'DISTANCE_ACCURACY_VALUE',
'Maximum model space distance between geometric entities at asserted c
onnectivities');
#13873=UNCERTAINTY_MEASURE_WITH_UNIT(LENGTH_MEASURE(0.000393700787401575),
#13910,'DISTANCE_ACCURACY_VALUE',
'Maximum model space distance between geometric entities at asserted c
onnectivities');
#13874=UNCERTAINTY_MEASURE_WITH_UNIT(LENGTH_MEASURE(0.000393700787401575),
#13910,'DISTANCE_ACCURACY_VALUE',
'Maximum model space distance between geometric entities at asserted c
onnectivities');
#13875=UNCERTAINTY_MEASURE_WITH_UNIT(LENGTH_MEASURE(0.000393700787401575),
#13910,'DISTANCE_ACCURACY_VALUE',
'Maximum model space distance between geometric entities at asserted c
onnectivities');
#13876=UNCERTAINTY_MEASURE_WITH_UNIT(LENGTH_MEASURE(0.000393700787401575),
#13910,'DISTANCE_ACCURACY_VALUE',
'Maximum model space distance between geometric entities at asserted c
onnectivities');
#13877=UNCERTAINTY_MEASURE_WITH_UNIT(LENGTH_MEASURE(0.000393700787401575),
#13910,'DISTANCE_ACCURACY_VALUE',
'Maximum model space distance between geometric entities at asserted c
onnectivities');
#13878=UNCERTAINTY_MEASURE_WITH_UNIT(LENGTH_MEASURE(0.000393700787401575),
#13910,'DISTANCE_ACCURACY_VALUE',
'Maximum model space distance between geometric entities at asserted c
onnectivities');
#13879=UNCERTAINTY_MEASURE_WITH_UNIT(LENGTH_MEASURE(0.000393700787401575),
#13910,'DISTANCE_ACCURACY_VALUE',
'Maximum model space distance between geometric entities at asserted c
onnectivities');
#13880=UNCERTAINTY_MEASURE_WITH_UNIT(LENGTH_MEASURE(0.000393700787401575),
#13910,'DISTANCE_ACCURACY_VALUE',
'Maximum model space distance between geometric entities at asserted c
onnectivities');
#13881=UNCERTAINTY_MEASURE_WITH_UNIT(LENGTH_MEASURE(0.000393700787401575),
#13910,'DISTANCE_ACCURACY_VALUE',
'Maximum model space distance between geometric entities at asserted c
onnectivities');
#13882=UNCERTAINTY_MEASURE_WITH_UNIT(LENGTH_MEASURE(0.000393700787401575),
#13910,'DISTANCE_ACCURACY_VALUE',
'Maximum model space distance between geometric entities at asserted c
onnectivities');
#13883=(
GEOMETRIC_REPRESENTATION_CONTEXT(3)
GLOBAL_UNCERTAINTY_ASSIGNED_CONTEXT((#13858))
GLOBAL_UNIT_ASSIGNED_CONTEXT((#13910,#13914,#13915))
REPRESENTATION_CONTEXT('','3D')
);
#13884=(
GEOMETRIC_REPRESENTATION_CONTEXT(3)
GLOBAL_UNCERTAINTY_ASSIGNED_CONTEXT((#13859))
GLOBAL_UNIT_ASSIGNED_CONTEXT((#13910,#13914,#13915))
REPRESENTATION_CONTEXT('','3D')
);
#13885=(
GEOMETRIC_REPRESENTATION_CONTEXT(3)
GLOBAL_UNCERTAINTY_ASSIGNED_CONTEXT((#13860))
GLOBAL_UNIT_ASSIGNED_CONTEXT((#13910,#13914,#13915))
REPRESENTATION_CONTEXT('','3D')
);
#13886=(
GEOMETRIC_REPRESENTATION_CONTEXT(3)
GLOBAL_UNCERTAINTY_ASSIGNED_CONTEXT((#13861))
GLOBAL_UNIT_ASSIGNED_CONTEXT((#13910,#13914,#13915))
REPRESENTATION_CONTEXT('','3D')
);
#13887=(
GEOMETRIC_REPRESENTATION_CONTEXT(3)
GLOBAL_UNCERTAINTY_ASSIGNED_CONTEXT((#13862))
GLOBAL_UNIT_ASSIGNED_CONTEXT((#13910,#13914,#13915))
REPRESENTATION_CONTEXT('','3D')
);
#13888=(
GEOMETRIC_REPRESENTATION_CONTEXT(3)
GLOBAL_UNCERTAINTY_ASSIGNED_CONTEXT((#13863))
GLOBAL_UNIT_ASSIGNED_CONTEXT((#13910,#13914,#13915))
REPRESENTATION_CONTEXT('','3D')
);
#13889=(
GEOMETRIC_REPRESENTATION_CONTEXT(3)
GLOBAL_UNCERTAINTY_ASSIGNED_CONTEXT((#13864))
GLOBAL_UNIT_ASSIGNED_CONTEXT((#13910,#13914,#13915))
REPRESENTATION_CONTEXT('','3D')
);
#13890=(
GEOMETRIC_REPRESENTATION_CONTEXT(3)
GLOBAL_UNCERTAINTY_ASSIGNED_CONTEXT((#13865))
GLOBAL_UNIT_ASSIGNED_CONTEXT((#13910,#13914,#13915))
REPRESENTATION_CONTEXT('','3D')
);
#13891=(
GEOMETRIC_REPRESENTATION_CONTEXT(3)
GLOBAL_UNCERTAINTY_ASSIGNED_CONTEXT((#13866))
GLOBAL_UNIT_ASSIGNED_CONTEXT((#13910,#13914,#13915))
REPRESENTATION_CONTEXT('','3D')
);
#13892=(
GEOMETRIC_REPRESENTATION_CONTEXT(3)
GLOBAL_UNCERTAINTY_ASSIGNED_CONTEXT((#13867))
GLOBAL_UNIT_ASSIGNED_CONTEXT((#13910,#13914,#13915))
REPRESENTATION_CONTEXT('','3D')
);
#13893=(
GEOMETRIC_REPRESENTATION_CONTEXT(3)
GLOBAL_UNCERTAINTY_ASSIGNED_CONTEXT((#13868))
GLOBAL_UNIT_ASSIGNED_CONTEXT((#13910,#13914,#13915))
REPRESENTATION_CONTEXT('','3D')
);
#13894=(
GEOMETRIC_REPRESENTATION_CONTEXT(3)
GLOBAL_UNCERTAINTY_ASSIGNED_CONTEXT((#13869))
GLOBAL_UNIT_ASSIGNED_CONTEXT((#13910,#13914,#13915))
REPRESENTATION_CONTEXT('','3D')
);
#13895=(
GEOMETRIC_REPRESENTATION_CONTEXT(3)
GLOBAL_UNCERTAINTY_ASSIGNED_CONTEXT((#13870))
GLOBAL_UNIT_ASSIGNED_CONTEXT((#13910,#13914,#13915))
REPRESENTATION_CONTEXT('','3D')
);
#13896=(
GEOMETRIC_REPRESENTATION_CONTEXT(3)
GLOBAL_UNCERTAINTY_ASSIGNED_CONTEXT((#13871))
GLOBAL_UNIT_ASSIGNED_CONTEXT((#13910,#13914,#13915))
REPRESENTATION_CONTEXT('','3D')
);
#13897=(
GEOMETRIC_REPRESENTATION_CONTEXT(3)
GLOBAL_UNCERTAINTY_ASSIGNED_CONTEXT((#13872))
GLOBAL_UNIT_ASSIGNED_CONTEXT((#13910,#13914,#13915))
REPRESENTATION_CONTEXT('','3D')
);
#13898=(
GEOMETRIC_REPRESENTATION_CONTEXT(3)
GLOBAL_UNCERTAINTY_ASSIGNED_CONTEXT((#13873))
GLOBAL_UNIT_ASSIGNED_CONTEXT((#13910,#13914,#13915))
REPRESENTATION_CONTEXT('','3D')
);
#13899=(
GEOMETRIC_REPRESENTATION_CONTEXT(3)
GLOBAL_UNCERTAINTY_ASSIGNED_CONTEXT((#13874))
GLOBAL_UNIT_ASSIGNED_CONTEXT((#13910,#13914,#13915))
REPRESENTATION_CONTEXT('','3D')
);
#13900=(
GEOMETRIC_REPRESENTATION_CONTEXT(3)
GLOBAL_UNCERTAINTY_ASSIGNED_CONTEXT((#13875))
GLOBAL_UNIT_ASSIGNED_CONTEXT((#13910,#13914,#13915))
REPRESENTATION_CONTEXT('','3D')
);
#13901=(
GEOMETRIC_REPRESENTATION_CONTEXT(3)
GLOBAL_UNCERTAINTY_ASSIGNED_CONTEXT((#13876))
GLOBAL_UNIT_ASSIGNED_CONTEXT((#13910,#13914,#13915))
REPRESENTATION_CONTEXT('','3D')
);
#13902=(
GEOMETRIC_REPRESENTATION_CONTEXT(3)
GLOBAL_UNCERTAINTY_ASSIGNED_CONTEXT((#13877))
GLOBAL_UNIT_ASSIGNED_CONTEXT((#13910,#13914,#13915))
REPRESENTATION_CONTEXT('','3D')
);
#13903=(
GEOMETRIC_REPRESENTATION_CONTEXT(3)
GLOBAL_UNCERTAINTY_ASSIGNED_CONTEXT((#13878))
GLOBAL_UNIT_ASSIGNED_CONTEXT((#13910,#13914,#13915))
REPRESENTATION_CONTEXT('','3D')
);
#13904=(
GEOMETRIC_REPRESENTATION_CONTEXT(3)
GLOBAL_UNCERTAINTY_ASSIGNED_CONTEXT((#13879))
GLOBAL_UNIT_ASSIGNED_CONTEXT((#13910,#13914,#13915))
REPRESENTATION_CONTEXT('','3D')
);
#13905=(
GEOMETRIC_REPRESENTATION_CONTEXT(3)
GLOBAL_UNCERTAINTY_ASSIGNED_CONTEXT((#13880))
GLOBAL_UNIT_ASSIGNED_CONTEXT((#13910,#13914,#13915))
REPRESENTATION_CONTEXT('','3D')
);
#13906=(
GEOMETRIC_REPRESENTATION_CONTEXT(3)
GLOBAL_UNCERTAINTY_ASSIGNED_CONTEXT((#13881))
GLOBAL_UNIT_ASSIGNED_CONTEXT((#13910,#13914,#13915))
REPRESENTATION_CONTEXT('','3D')
);
#13907=(
GEOMETRIC_REPRESENTATION_CONTEXT(3)
GLOBAL_UNCERTAINTY_ASSIGNED_CONTEXT((#13882))
GLOBAL_UNIT_ASSIGNED_CONTEXT((#13910,#13914,#13915))
REPRESENTATION_CONTEXT('','3D')
);
#13908=DIMENSIONAL_EXPONENTS(1.,0.,0.,0.,0.,0.,0.);
#13909=DIMENSIONAL_EXPONENTS(0.,1.,0.,0.,0.,0.,0.);
#13910=(
CONVERSION_BASED_UNIT('inch',#13913)
LENGTH_UNIT()
NAMED_UNIT(#13908)
);
#13911=(
LENGTH_UNIT()
NAMED_UNIT(*)
SI_UNIT(.MILLI.,.METRE.)
);
#13912=(
LENGTH_UNIT()
NAMED_UNIT(*)
SI_UNIT(.CENTI.,.METRE.)
);
#13913=LENGTH_MEASURE_WITH_UNIT(LENGTH_MEASURE(25.4),#13911);
#13914=(
NAMED_UNIT(*)
PLANE_ANGLE_UNIT()
SI_UNIT($,.RADIAN.)
);
#13915=(
NAMED_UNIT(*)
SI_UNIT($,.STERADIAN.)
SOLID_ANGLE_UNIT()
);
#13916=SHAPE_DEFINITION_REPRESENTATION(#13940,#13987);
#13917=SHAPE_DEFINITION_REPRESENTATION(#13941,#13988);
#13918=SHAPE_DEFINITION_REPRESENTATION(#13942,#13989);
#13919=SHAPE_DEFINITION_REPRESENTATION(#13943,#13990);
#13920=SHAPE_DEFINITION_REPRESENTATION(#13944,#13991);
#13921=SHAPE_DEFINITION_REPRESENTATION(#13945,#13992);
#13922=SHAPE_DEFINITION_REPRESENTATION(#13946,#13993);
#13923=SHAPE_DEFINITION_REPRESENTATION(#13947,#13994);
#13924=SHAPE_DEFINITION_REPRESENTATION(#13948,#13995);
#13925=SHAPE_DEFINITION_REPRESENTATION(#13949,#13996);
#13926=SHAPE_DEFINITION_REPRESENTATION(#13950,#13997);
#13927=SHAPE_DEFINITION_REPRESENTATION(#13951,#13998);
#13928=SHAPE_DEFINITION_REPRESENTATION(#13952,#13999);
#13929=SHAPE_DEFINITION_REPRESENTATION(#13953,#14000);
#13930=SHAPE_DEFINITION_REPRESENTATION(#13954,#14001);
#13931=SHAPE_DEFINITION_REPRESENTATION(#13955,#14002);
#13932=SHAPE_DEFINITION_REPRESENTATION(#13956,#14003);
#13933=SHAPE_DEFINITION_REPRESENTATION(#13957,#14004);
#13934=SHAPE_DEFINITION_REPRESENTATION(#13958,#14005);
#13935=SHAPE_DEFINITION_REPRESENTATION(#13959,#14006);
#13936=SHAPE_DEFINITION_REPRESENTATION(#13960,#14007);
#13937=SHAPE_DEFINITION_REPRESENTATION(#13961,#14008);
#13938=SHAPE_DEFINITION_REPRESENTATION(#13962,#14009);
#13939=SHAPE_DEFINITION_REPRESENTATION(#13963,#14010);
#13940=PRODUCT_DEFINITION_SHAPE('',$,#14012);
#13941=PRODUCT_DEFINITION_SHAPE('',$,#14013);
#13942=PRODUCT_DEFINITION_SHAPE('',$,#14014);
#13943=PRODUCT_DEFINITION_SHAPE('',$,#14015);
#13944=PRODUCT_DEFINITION_SHAPE('',$,#14016);
#13945=PRODUCT_DEFINITION_SHAPE('',$,#14017);
#13946=PRODUCT_DEFINITION_SHAPE('',$,#14018);
#13947=PRODUCT_DEFINITION_SHAPE('',$,#14019);
#13948=PRODUCT_DEFINITION_SHAPE('',$,#14020);
#13949=PRODUCT_DEFINITION_SHAPE('',$,#14021);
#13950=PRODUCT_DEFINITION_SHAPE('',$,#14022);
#13951=PRODUCT_DEFINITION_SHAPE('',$,#14023);
#13952=PRODUCT_DEFINITION_SHAPE('',$,#14024);
#13953=PRODUCT_DEFINITION_SHAPE('',$,#14025);
#13954=PRODUCT_DEFINITION_SHAPE('',$,#14026);
#13955=PRODUCT_DEFINITION_SHAPE('',$,#14027);
#13956=PRODUCT_DEFINITION_SHAPE('',$,#14028);
#13957=PRODUCT_DEFINITION_SHAPE('',$,#14029);
#13958=PRODUCT_DEFINITION_SHAPE('',$,#14030);
#13959=PRODUCT_DEFINITION_SHAPE('',$,#14031);
#13960=PRODUCT_DEFINITION_SHAPE('',$,#14032);
#13961=PRODUCT_DEFINITION_SHAPE('',$,#14033);
#13962=PRODUCT_DEFINITION_SHAPE('',$,#14034);
#13963=PRODUCT_DEFINITION_SHAPE('',$,#14035);
#13964=PRODUCT_DEFINITION_SHAPE($,$,#80);
#13965=PRODUCT_DEFINITION_SHAPE($,$,#81);
#13966=PRODUCT_DEFINITION_SHAPE($,$,#82);
#13967=PRODUCT_DEFINITION_SHAPE($,$,#83);
#13968=PRODUCT_DEFINITION_SHAPE($,$,#84);
#13969=PRODUCT_DEFINITION_SHAPE($,$,#85);
#13970=PRODUCT_DEFINITION_SHAPE($,$,#86);
#13971=PRODUCT_DEFINITION_SHAPE($,$,#87);
#13972=PRODUCT_DEFINITION_SHAPE($,$,#88);
#13973=PRODUCT_DEFINITION_SHAPE($,$,#89);
#13974=PRODUCT_DEFINITION_SHAPE($,$,#90);
#13975=PRODUCT_DEFINITION_SHAPE($,$,#91);
#13976=PRODUCT_DEFINITION_SHAPE($,$,#92);
#13977=PRODUCT_DEFINITION_SHAPE($,$,#93);
#13978=PRODUCT_DEFINITION_SHAPE($,$,#94);
#13979=PRODUCT_DEFINITION_SHAPE($,$,#95);
#13980=PRODUCT_DEFINITION_SHAPE($,$,#96);
#13981=PRODUCT_DEFINITION_SHAPE($,$,#97);
#13982=PRODUCT_DEFINITION_SHAPE($,$,#98);
#13983=PRODUCT_DEFINITION_SHAPE($,$,#99);
#13984=PRODUCT_DEFINITION_SHAPE($,$,#100);
#13985=PRODUCT_DEFINITION_SHAPE($,$,#101);
#13986=PRODUCT_DEFINITION_SHAPE($,$,#102);
#13987=SHAPE_REPRESENTATION('',(#8430,#9301,#9302,#9303,#9304,#9305,#9306,
#9307,#9308,#9309,#9310,#9311,#9312,#9313,#9314,#9315,#9316,#9317,#9318,
#9319,#9320,#9321,#9322,#9323),#13883);
#13988=SHAPE_REPRESENTATION('',(#8431),#13884);
#13989=SHAPE_REPRESENTATION('',(#8625),#13885);
#13990=SHAPE_REPRESENTATION('',(#8632),#13886);
#13991=SHAPE_REPRESENTATION('',(#8639),#13887);
#13992=SHAPE_REPRESENTATION('',(#8646),#13888);
#13993=SHAPE_REPRESENTATION('',(#8653),#13889);
#13994=SHAPE_REPRESENTATION('',(#8660),#13890);
#13995=SHAPE_REPRESENTATION('',(#8667),#13891);
#13996=SHAPE_REPRESENTATION('',(#8674),#13892);
#13997=SHAPE_REPRESENTATION('',(#8729),#13893);
#13998=SHAPE_REPRESENTATION('',(#8736),#13894);
#13999=SHAPE_REPRESENTATION('',(#8791),#13895);
#14000=SHAPE_REPRESENTATION('',(#8798),#13896);
#14001=SHAPE_REPRESENTATION('',(#8805),#13897);
#14002=SHAPE_REPRESENTATION('',(#8812),#13898);
#14003=SHAPE_REPRESENTATION('',(#8819),#13899);
#14004=SHAPE_REPRESENTATION('',(#8874),#13900);
#14005=SHAPE_REPRESENTATION('',(#8929),#13901);
#14006=SHAPE_REPRESENTATION('',(#8984),#13902);
#14007=SHAPE_REPRESENTATION('',(#9039),#13903);
#14008=SHAPE_REPRESENTATION('',(#9094),#13904);
#14009=SHAPE_REPRESENTATION('',(#9149),#13905);
#14010=SHAPE_REPRESENTATION('',(#9156),#13906);
#14011=PRODUCT_DEFINITION_CONTEXT('part definition',#14085,'design');
#14012=PRODUCT_DEFINITION('PCB_simplified','PCB_simplified',#14036,#14011);
#14013=PRODUCT_DEFINITION('PCB_board','PCB_board',#14037,#14011);
#14014=PRODUCT_DEFINITION('R6','R6',#14038,#14011);
#14015=PRODUCT_DEFINITION('R5','R5',#14039,#14011);
#14016=PRODUCT_DEFINITION('R4','R4',#14040,#14011);
#14017=PRODUCT_DEFINITION('R3','R3',#14041,#14011);
#14018=PRODUCT_DEFINITION('R2','R2',#14042,#14011);
#14019=PRODUCT_DEFINITION('R1','R1',#14043,#14011);
#14020=PRODUCT_DEFINITION('C6','C6',#14044,#14011);
#14021=PRODUCT_DEFINITION('Open CASCADE STEP translator 8.0 9','SMP6',#14045,
#14011);
#14022=PRODUCT_DEFINITION('C5','C5',#14046,#14011);
#14023=PRODUCT_DEFINITION('Open CASCADE STEP translator 8.0 11','SMP5',
#14047,#14011);
#14024=PRODUCT_DEFINITION('C4','C4',#14048,#14011);
#14025=PRODUCT_DEFINITION('C3','C3',#14049,#14011);
#14026=PRODUCT_DEFINITION('C2','C2',#14050,#14011);
#14027=PRODUCT_DEFINITION('C1','C1',#14051,#14011);
#14028=PRODUCT_DEFINITION('Open CASCADE STEP translator 8.0 16','SMP1',
#14052,#14011);
#14029=PRODUCT_DEFINITION('Open CASCADE STEP translator 8.0 17','SMP2',
#14053,#14011);
#14030=PRODUCT_DEFINITION('Open CASCADE STEP translator 8.0 18','SMP3',
#14054,#14011);
#14031=PRODUCT_DEFINITION('Open CASCADE STEP translator 8.0 19','SMP4',
#14055,#14011);
#14032=PRODUCT_DEFINITION('Open CASCADE STEP translator 8.0 20','SMP7',
#14056,#14011);
#14033=PRODUCT_DEFINITION('Open CASCADE STEP translator 8.0 21','SMP8',
#14057,#14011);
#14034=PRODUCT_DEFINITION('J1','J1',#14058,#14011);
#14035=PRODUCT_DEFINITION('Open CASCADE STEP translator 8.0 23',
'QD_bond_pads',#14059,#14011);
#14036=PRODUCT_DEFINITION_FORMATION('',$,#14087);
#14037=PRODUCT_DEFINITION_FORMATION('',$,#14088);
#14038=PRODUCT_DEFINITION_FORMATION('',$,#14089);
#14039=PRODUCT_DEFINITION_FORMATION('',$,#14090);
#14040=PRODUCT_DEFINITION_FORMATION('',$,#14091);
#14041=PRODUCT_DEFINITION_FORMATION('',$,#14092);
#14042=PRODUCT_DEFINITION_FORMATION('',$,#14093);
#14043=PRODUCT_DEFINITION_FORMATION('',$,#14094);
#14044=PRODUCT_DEFINITION_FORMATION('',$,#14095);
#14045=PRODUCT_DEFINITION_FORMATION('',$,#14096);
#14046=PRODUCT_DEFINITION_FORMATION('',$,#14097);
#14047=PRODUCT_DEFINITION_FORMATION('',$,#14098);
#14048=PRODUCT_DEFINITION_FORMATION('',$,#14099);
#14049=PRODUCT_DEFINITION_FORMATION('',$,#14100);
#14050=PRODUCT_DEFINITION_FORMATION('',$,#14101);
#14051=PRODUCT_DEFINITION_FORMATION('',$,#14102);
#14052=PRODUCT_DEFINITION_FORMATION('',$,#14103);
#14053=PRODUCT_DEFINITION_FORMATION('',$,#14104);
#14054=PRODUCT_DEFINITION_FORMATION('',$,#14105);
#14055=PRODUCT_DEFINITION_FORMATION('',$,#14106);
#14056=PRODUCT_DEFINITION_FORMATION('',$,#14107);
#14057=PRODUCT_DEFINITION_FORMATION('',$,#14108);
#14058=PRODUCT_DEFINITION_FORMATION('',$,#14109);
#14059=PRODUCT_DEFINITION_FORMATION('',$,#14110);
#14060=PRODUCT_RELATED_PRODUCT_CATEGORY('PCB_simplified',
'PCB_simplified',(#14087));
#14061=PRODUCT_RELATED_PRODUCT_CATEGORY('PCB_board','PCB_board',(#14088));
#14062=PRODUCT_RELATED_PRODUCT_CATEGORY('R6','R6',(#14089));
#14063=PRODUCT_RELATED_PRODUCT_CATEGORY('R5','R5',(#14090));
#14064=PRODUCT_RELATED_PRODUCT_CATEGORY('R4','R4',(#14091));
#14065=PRODUCT_RELATED_PRODUCT_CATEGORY('R3','R3',(#14092));
#14066=PRODUCT_RELATED_PRODUCT_CATEGORY('R2','R2',(#14093));
#14067=PRODUCT_RELATED_PRODUCT_CATEGORY('R1','R1',(#14094));
#14068=PRODUCT_RELATED_PRODUCT_CATEGORY('C6','C6',(#14095));
#14069=PRODUCT_RELATED_PRODUCT_CATEGORY('SMP6','SMP6',(#14096));
#14070=PRODUCT_RELATED_PRODUCT_CATEGORY('C5','C5',(#14097));
#14071=PRODUCT_RELATED_PRODUCT_CATEGORY('SMP5','SMP5',(#14098));
#14072=PRODUCT_RELATED_PRODUCT_CATEGORY('C4','C4',(#14099));
#14073=PRODUCT_RELATED_PRODUCT_CATEGORY('C3','C3',(#14100));
#14074=PRODUCT_RELATED_PRODUCT_CATEGORY('C2','C2',(#14101));
#14075=PRODUCT_RELATED_PRODUCT_CATEGORY('C1','C1',(#14102));
#14076=PRODUCT_RELATED_PRODUCT_CATEGORY('SMP1','SMP1',(#14103));
#14077=PRODUCT_RELATED_PRODUCT_CATEGORY('SMP2','SMP2',(#14104));
#14078=PRODUCT_RELATED_PRODUCT_CATEGORY('SMP3','SMP3',(#14105));
#14079=PRODUCT_RELATED_PRODUCT_CATEGORY('SMP4','SMP4',(#14106));
#14080=PRODUCT_RELATED_PRODUCT_CATEGORY('SMP7','SMP7',(#14107));
#14081=PRODUCT_RELATED_PRODUCT_CATEGORY('SMP8','SMP8',(#14108));
#14082=PRODUCT_RELATED_PRODUCT_CATEGORY('J1','J1',(#14109));
#14083=PRODUCT_RELATED_PRODUCT_CATEGORY('QD_bond_pads','QD_bond_pads',(#14110));
#14084=APPLICATION_PROTOCOL_DEFINITION('international standard',
'automotive_design',2009,#14085);
#14085=APPLICATION_CONTEXT(
'Core Data for Automotive Mechanical Design Process');
#14086=PRODUCT_CONTEXT('part definition',#14085,'mechanical');
#14087=PRODUCT('PCB_simplified','PCB_simplified',$,(#14086));
#14088=PRODUCT('PCB_board','PCB_board',$,(#14086));
#14089=PRODUCT('R6','R6',$,(#14086));
#14090=PRODUCT('R5','R5',$,(#14086));
#14091=PRODUCT('R4','R4',$,(#14086));
#14092=PRODUCT('R3','R3',$,(#14086));
#14093=PRODUCT('R2','R2',$,(#14086));
#14094=PRODUCT('R1','R1',$,(#14086));
#14095=PRODUCT('C6','C6',$,(#14086));
#14096=PRODUCT('Open CASCADE STEP translator 8.0 9','SMP6',$,(#14086));
#14097=PRODUCT('C5','C5',$,(#14086));
#14098=PRODUCT('Open CASCADE STEP translator 8.0 11','SMP5',$,(#14086));
#14099=PRODUCT('C4','C4',$,(#14086));
#14100=PRODUCT('C3','C3',$,(#14086));
#14101=PRODUCT('C2','C2',$,(#14086));
#14102=PRODUCT('C1','C1',$,(#14086));
#14103=PRODUCT('Open CASCADE STEP translator 8.0 16','SMP1',$,(#14086));
#14104=PRODUCT('Open CASCADE STEP translator 8.0 17','SMP2',$,(#14086));
#14105=PRODUCT('Open CASCADE STEP translator 8.0 18','SMP3',$,(#14086));
#14106=PRODUCT('Open CASCADE STEP translator 8.0 19','SMP4',$,(#14086));
#14107=PRODUCT('Open CASCADE STEP translator 8.0 20','SMP7',$,(#14086));
#14108=PRODUCT('Open CASCADE STEP translator 8.0 21','SMP8',$,(#14086));
#14109=PRODUCT('J1','J1',$,(#14086));
#14110=PRODUCT('Open CASCADE STEP translator 8.0 23','QD_bond_pads',$,(#14086));
ENDSEC;
END-ISO-10303-21;
