ISO-10303-21;
HEADER;
/* Generated by software containing ST-Developer
 * from STEP Tools, Inc. (www.steptools.com) 
 */

FILE_DESCRIPTION(
/* description */ (''),
/* implementation_level */ '2;1');

FILE_NAME(
/* name */ 'Split_Mount_Plate_Only.step',
/* time_stamp */ '2026-09-24T09:35:25-07:00',
/* author */ ('\X2\BC15C815D604\X0\'),
/* organization */ (''),
/* preprocessor_version */ 'ST-DEVELOPER v20.2',
/* originating_system */ 'Autodesk Inventor 2027',
/* authorisation */ '');

FILE_SCHEMA (('AUTOMOTIVE_DESIGN { 1 0 10303 214 3 1 1 }'));
ENDSEC;

DATA;
#10=MECHANICAL_DESIGN_GEOMETRIC_PRESENTATION_REPRESENTATION('',(#76,#77,
#78,#79),#3749);
#11=ITEM_DEFINED_TRANSFORMATION($,$,#2222,#2461);
#12=ITEM_DEFINED_TRANSFORMATION($,$,#2346,#2462);
#13=ITEM_DEFINED_TRANSFORMATION($,$,#2391,#2463);
#14=ITEM_DEFINED_TRANSFORMATION($,$,#2436,#2464);
#15=ITEM_DEFINED_TRANSFORMATION($,$,#2436,#2465);
#16=ITEM_DEFINED_TRANSFORMATION($,$,#2436,#2466);
#17=ITEM_DEFINED_TRANSFORMATION($,$,#2436,#2467);
#18=ITEM_DEFINED_TRANSFORMATION($,$,#2436,#2468);
#19=ITEM_DEFINED_TRANSFORMATION($,$,#2436,#2469);
#20=ITEM_DEFINED_TRANSFORMATION($,$,#2436,#2470);
#21=ITEM_DEFINED_TRANSFORMATION($,$,#2436,#2471);
#22=(
REPRESENTATION_RELATIONSHIP($,$,#3780,#3779)
REPRESENTATION_RELATIONSHIP_WITH_TRANSFORMATION(#11)
SHAPE_REPRESENTATION_RELATIONSHIP()
);
#23=(
REPRESENTATION_RELATIONSHIP($,$,#3781,#3779)
REPRESENTATION_RELATIONSHIP_WITH_TRANSFORMATION(#12)
SHAPE_REPRESENTATION_RELATIONSHIP()
);
#24=(
REPRESENTATION_RELATIONSHIP($,$,#3782,#3779)
REPRESENTATION_RELATIONSHIP_WITH_TRANSFORMATION(#13)
SHAPE_REPRESENTATION_RELATIONSHIP()
);
#25=(
REPRESENTATION_RELATIONSHIP($,$,#3783,#3779)
REPRESENTATION_RELATIONSHIP_WITH_TRANSFORMATION(#14)
SHAPE_REPRESENTATION_RELATIONSHIP()
);
#26=(
REPRESENTATION_RELATIONSHIP($,$,#3783,#3779)
REPRESENTATION_RELATIONSHIP_WITH_TRANSFORMATION(#15)
SHAPE_REPRESENTATION_RELATIONSHIP()
);
#27=(
REPRESENTATION_RELATIONSHIP($,$,#3783,#3779)
REPRESENTATION_RELATIONSHIP_WITH_TRANSFORMATION(#16)
SHAPE_REPRESENTATION_RELATIONSHIP()
);
#28=(
REPRESENTATION_RELATIONSHIP($,$,#3783,#3779)
REPRESENTATION_RELATIONSHIP_WITH_TRANSFORMATION(#17)
SHAPE_REPRESENTATION_RELATIONSHIP()
);
#29=(
REPRESENTATION_RELATIONSHIP($,$,#3783,#3779)
REPRESENTATION_RELATIONSHIP_WITH_TRANSFORMATION(#18)
SHAPE_REPRESENTATION_RELATIONSHIP()
);
#30=(
REPRESENTATION_RELATIONSHIP($,$,#3783,#3779)
REPRESENTATION_RELATIONSHIP_WITH_TRANSFORMATION(#19)
SHAPE_REPRESENTATION_RELATIONSHIP()
);
#31=(
REPRESENTATION_RELATIONSHIP($,$,#3783,#3779)
REPRESENTATION_RELATIONSHIP_WITH_TRANSFORMATION(#20)
SHAPE_REPRESENTATION_RELATIONSHIP()
);
#32=(
REPRESENTATION_RELATIONSHIP($,$,#3783,#3779)
REPRESENTATION_RELATIONSHIP_WITH_TRANSFORMATION(#21)
SHAPE_REPRESENTATION_RELATIONSHIP()
);
#33=CONTEXT_DEPENDENT_SHAPE_REPRESENTATION(#22,#3768);
#34=CONTEXT_DEPENDENT_SHAPE_REPRESENTATION(#23,#3769);
#35=CONTEXT_DEPENDENT_SHAPE_REPRESENTATION(#24,#3770);
#36=CONTEXT_DEPENDENT_SHAPE_REPRESENTATION(#25,#3771);
#37=CONTEXT_DEPENDENT_SHAPE_REPRESENTATION(#26,#3772);
#38=CONTEXT_DEPENDENT_SHAPE_REPRESENTATION(#27,#3773);
#39=CONTEXT_DEPENDENT_SHAPE_REPRESENTATION(#28,#3774);
#40=CONTEXT_DEPENDENT_SHAPE_REPRESENTATION(#29,#3775);
#41=CONTEXT_DEPENDENT_SHAPE_REPRESENTATION(#30,#3776);
#42=CONTEXT_DEPENDENT_SHAPE_REPRESENTATION(#31,#3777);
#43=CONTEXT_DEPENDENT_SHAPE_REPRESENTATION(#32,#3778);
#44=NEXT_ASSEMBLY_USAGE_OCCURRENCE('Centre_Plate:1','Centre_Plate:1',
'Centre_Plate:1',#3785,#3786,'Centre_Plate:1');
#45=NEXT_ASSEMBLY_USAGE_OCCURRENCE('Left_Rod_Support:1',
'Left_Rod_Support:1','Left_Rod_Support:1',#3785,#3787,
'Left_Rod_Support:1');
#46=NEXT_ASSEMBLY_USAGE_OCCURRENCE('Right_Rod_Support:1',
'Right_Rod_Support:1','Right_Rod_Support:1',#3785,#3788,
'Right_Rod_Support:1');
#47=NEXT_ASSEMBLY_USAGE_OCCURRENCE('Deck_M3x10_Countersunk:1',
'Deck_M3x10_Countersunk:1','Deck_M3x10_Countersunk:1',#3785,#3789,
'Deck_M3x10_Countersunk:1');
#48=NEXT_ASSEMBLY_USAGE_OCCURRENCE('Deck_M3x10_Countersunk:2',
'Deck_M3x10_Countersunk:2','Deck_M3x10_Countersunk:2',#3785,#3789,
'Deck_M3x10_Countersunk:2');
#49=NEXT_ASSEMBLY_USAGE_OCCURRENCE('Deck_M3x10_Countersunk:3',
'Deck_M3x10_Countersunk:3','Deck_M3x10_Countersunk:3',#3785,#3789,
'Deck_M3x10_Countersunk:3');
#50=NEXT_ASSEMBLY_USAGE_OCCURRENCE('Deck_M3x10_Countersunk:4',
'Deck_M3x10_Countersunk:4','Deck_M3x10_Countersunk:4',#3785,#3789,
'Deck_M3x10_Countersunk:4');
#51=NEXT_ASSEMBLY_USAGE_OCCURRENCE('Deck_M3x10_Countersunk:5',
'Deck_M3x10_Countersunk:5','Deck_M3x10_Countersunk:5',#3785,#3789,
'Deck_M3x10_Countersunk:5');
#52=NEXT_ASSEMBLY_USAGE_OCCURRENCE('Deck_M3x10_Countersunk:6',
'Deck_M3x10_Countersunk:6','Deck_M3x10_Countersunk:6',#3785,#3789,
'Deck_M3x10_Countersunk:6');
#53=NEXT_ASSEMBLY_USAGE_OCCURRENCE('Deck_M3x10_Countersunk:7',
'Deck_M3x10_Countersunk:7','Deck_M3x10_Countersunk:7',#3785,#3789,
'Deck_M3x10_Countersunk:7');
#54=NEXT_ASSEMBLY_USAGE_OCCURRENCE('Deck_M3x10_Countersunk:8',
'Deck_M3x10_Countersunk:8','Deck_M3x10_Countersunk:8',#3785,#3789,
'Deck_M3x10_Countersunk:8');
#55=TOROIDAL_SURFACE('',#2445,1.6,0.1);
#56=ELLIPSE('',#2348,2.40416305603426,1.7);
#57=ELLIPSE('',#2349,2.40416305603426,1.7);
#58=ELLIPSE('',#2350,2.40416305603426,1.7);
#59=ELLIPSE('',#2351,2.40416305603426,1.7);
#60=ELLIPSE('',#2393,2.40416305603426,1.7);
#61=ELLIPSE('',#2394,2.40416305603426,1.7);
#62=ELLIPSE('',#2395,2.40416305603426,1.7);
#63=ELLIPSE('',#2396,2.40416305603426,1.7);
#64=ELLIPSE('',#2397,2.40416305603426,1.7);
#65=ELLIPSE('',#2398,2.40416305603426,1.7);
#66=ELLIPSE('',#2399,2.40416305603426,1.7);
#67=ELLIPSE('',#2400,2.40416305603426,1.7);
#68=SHAPE_REPRESENTATION_RELATIONSHIP('SRR','None',#3780,#72);
#69=SHAPE_REPRESENTATION_RELATIONSHIP('SRR','None',#3781,#73);
#70=SHAPE_REPRESENTATION_RELATIONSHIP('SRR','None',#3782,#74);
#71=SHAPE_REPRESENTATION_RELATIONSHIP('SRR','None',#3783,#75);
#72=ADVANCED_BREP_SHAPE_REPRESENTATION('',(#80),#3745);
#73=ADVANCED_BREP_SHAPE_REPRESENTATION('',(#81),#3746);
#74=ADVANCED_BREP_SHAPE_REPRESENTATION('',(#82),#3747);
#75=ADVANCED_BREP_SHAPE_REPRESENTATION('',(#83),#3748);
#76=STYLED_ITEM('',(#2155),#80);
#77=STYLED_ITEM('',(#2156),#81);
#78=STYLED_ITEM('',(#2157),#82);
#79=STYLED_ITEM('',(#2158),#83);
#80=MANIFOLD_SOLID_BREP('Solid1',#2104);
#81=MANIFOLD_SOLID_BREP('Solid1',#2105);
#82=MANIFOLD_SOLID_BREP('Solid1',#2106);
#83=MANIFOLD_SOLID_BREP('Solid1',#2107);
#84=CONICAL_SURFACE('',#2304,2.5,0.785398163397448);
#85=CONICAL_SURFACE('',#2308,2.5,0.785398163397448);
#86=CONICAL_SURFACE('',#2312,2.5,0.785398163397448);
#87=CONICAL_SURFACE('',#2316,2.5,0.785398163397448);
#88=CONICAL_SURFACE('',#2320,2.5,0.785398163397448);
#89=CONICAL_SURFACE('',#2324,2.5,0.785398163397448);
#90=CONICAL_SURFACE('',#2328,2.5,0.785398163397448);
#91=CONICAL_SURFACE('',#2332,2.5,0.785398163397448);
#92=CONICAL_SURFACE('',#2437,1.375,0.785398163397448);
#93=CONICAL_SURFACE('',#2449,2.25,0.785398163397448);
#94=FACE_BOUND('',#326,.T.);
#95=FACE_BOUND('',#327,.T.);
#96=FACE_BOUND('',#328,.T.);
#97=FACE_BOUND('',#329,.T.);
#98=FACE_BOUND('',#330,.T.);
#99=FACE_BOUND('',#331,.T.);
#100=FACE_BOUND('',#332,.T.);
#101=FACE_BOUND('',#333,.T.);
#102=FACE_BOUND('',#334,.T.);
#103=FACE_BOUND('',#380,.T.);
#104=FACE_BOUND('',#381,.T.);
#105=FACE_BOUND('',#382,.T.);
#106=FACE_BOUND('',#383,.T.);
#107=FACE_BOUND('',#384,.T.);
#108=FACE_BOUND('',#387,.T.);
#109=FACE_BOUND('',#388,.T.);
#110=FACE_BOUND('',#389,.T.);
#111=FACE_BOUND('',#390,.T.);
#112=FACE_BOUND('',#391,.T.);
#113=FACE_BOUND('',#399,.T.);
#114=FACE_BOUND('',#400,.T.);
#115=FACE_BOUND('',#401,.T.);
#116=FACE_BOUND('',#402,.T.);
#117=FACE_BOUND('',#403,.T.);
#118=FACE_BOUND('',#404,.T.);
#119=FACE_BOUND('',#405,.T.);
#120=FACE_BOUND('',#406,.T.);
#121=FACE_BOUND('',#426,.T.);
#122=FACE_BOUND('',#427,.T.);
#123=FACE_BOUND('',#428,.T.);
#124=FACE_BOUND('',#429,.T.);
#125=FACE_BOUND('',#431,.T.);
#126=FACE_BOUND('',#432,.T.);
#127=FACE_BOUND('',#433,.T.);
#128=FACE_BOUND('',#434,.T.);
#129=FACE_BOUND('',#454,.T.);
#130=FACE_BOUND('',#455,.T.);
#131=FACE_BOUND('',#456,.T.);
#132=FACE_BOUND('',#457,.T.);
#133=FACE_BOUND('',#459,.T.);
#134=FACE_BOUND('',#460,.T.);
#135=FACE_BOUND('',#461,.T.);
#136=FACE_BOUND('',#462,.T.);
#137=FACE_BOUND('',#476,.T.);
#138=PLANE('',#2226);
#139=PLANE('',#2230);
#140=PLANE('',#2237);
#141=PLANE('',#2238);
#142=PLANE('',#2239);
#143=PLANE('',#2256);
#144=PLANE('',#2259);
#145=PLANE('',#2262);
#146=PLANE('',#2263);
#147=PLANE('',#2267);
#148=PLANE('',#2271);
#149=PLANE('',#2275);
#150=PLANE('',#2279);
#151=PLANE('',#2283);
#152=PLANE('',#2287);
#153=PLANE('',#2291);
#154=PLANE('',#2295);
#155=PLANE('',#2299);
#156=PLANE('',#2303);
#157=PLANE('',#2336);
#158=PLANE('',#2337);
#159=PLANE('',#2338);
#160=PLANE('',#2339);
#161=PLANE('',#2340);
#162=PLANE('',#2341);
#163=PLANE('',#2342);
#164=PLANE('',#2343);
#165=PLANE('',#2344);
#166=PLANE('',#2345);
#167=PLANE('',#2347);
#168=PLANE('',#2360);
#169=PLANE('',#2364);
#170=PLANE('',#2368);
#171=PLANE('',#2372);
#172=PLANE('',#2376);
#173=PLANE('',#2385);
#174=PLANE('',#2386);
#175=PLANE('',#2387);
#176=PLANE('',#2388);
#177=PLANE('',#2389);
#178=PLANE('',#2390);
#179=PLANE('',#2392);
#180=PLANE('',#2407);
#181=PLANE('',#2411);
#182=PLANE('',#2415);
#183=PLANE('',#2419);
#184=PLANE('',#2423);
#185=PLANE('',#2430);
#186=PLANE('',#2431);
#187=PLANE('',#2432);
#188=PLANE('',#2433);
#189=PLANE('',#2434);
#190=PLANE('',#2435);
#191=PLANE('',#2444);
#192=PLANE('',#2451);
#193=PLANE('',#2452);
#194=PLANE('',#2453);
#195=PLANE('',#2454);
#196=PLANE('',#2455);
#197=PLANE('',#2456);
#198=PLANE('',#2457);
#199=PLANE('',#2458);
#200=FACE_OUTER_BOUND('',#317,.T.);
#201=FACE_OUTER_BOUND('',#318,.T.);
#202=FACE_OUTER_BOUND('',#319,.T.);
#203=FACE_OUTER_BOUND('',#320,.T.);
#204=FACE_OUTER_BOUND('',#321,.T.);
#205=FACE_OUTER_BOUND('',#322,.T.);
#206=FACE_OUTER_BOUND('',#323,.T.);
#207=FACE_OUTER_BOUND('',#324,.T.);
#208=FACE_OUTER_BOUND('',#325,.T.);
#209=FACE_OUTER_BOUND('',#335,.T.);
#210=FACE_OUTER_BOUND('',#336,.T.);
#211=FACE_OUTER_BOUND('',#337,.T.);
#212=FACE_OUTER_BOUND('',#338,.T.);
#213=FACE_OUTER_BOUND('',#339,.T.);
#214=FACE_OUTER_BOUND('',#340,.T.);
#215=FACE_OUTER_BOUND('',#341,.T.);
#216=FACE_OUTER_BOUND('',#342,.T.);
#217=FACE_OUTER_BOUND('',#343,.T.);
#218=FACE_OUTER_BOUND('',#344,.T.);
#219=FACE_OUTER_BOUND('',#345,.T.);
#220=FACE_OUTER_BOUND('',#346,.T.);
#221=FACE_OUTER_BOUND('',#347,.T.);
#222=FACE_OUTER_BOUND('',#348,.T.);
#223=FACE_OUTER_BOUND('',#349,.T.);
#224=FACE_OUTER_BOUND('',#350,.T.);
#225=FACE_OUTER_BOUND('',#351,.T.);
#226=FACE_OUTER_BOUND('',#352,.T.);
#227=FACE_OUTER_BOUND('',#353,.T.);
#228=FACE_OUTER_BOUND('',#354,.T.);
#229=FACE_OUTER_BOUND('',#355,.T.);
#230=FACE_OUTER_BOUND('',#356,.T.);
#231=FACE_OUTER_BOUND('',#357,.T.);
#232=FACE_OUTER_BOUND('',#358,.T.);
#233=FACE_OUTER_BOUND('',#359,.T.);
#234=FACE_OUTER_BOUND('',#360,.T.);
#235=FACE_OUTER_BOUND('',#361,.T.);
#236=FACE_OUTER_BOUND('',#362,.T.);
#237=FACE_OUTER_BOUND('',#363,.T.);
#238=FACE_OUTER_BOUND('',#364,.T.);
#239=FACE_OUTER_BOUND('',#365,.T.);
#240=FACE_OUTER_BOUND('',#366,.T.);
#241=FACE_OUTER_BOUND('',#367,.T.);
#242=FACE_OUTER_BOUND('',#368,.T.);
#243=FACE_OUTER_BOUND('',#369,.T.);
#244=FACE_OUTER_BOUND('',#370,.T.);
#245=FACE_OUTER_BOUND('',#371,.T.);
#246=FACE_OUTER_BOUND('',#372,.T.);
#247=FACE_OUTER_BOUND('',#373,.T.);
#248=FACE_OUTER_BOUND('',#374,.T.);
#249=FACE_OUTER_BOUND('',#375,.T.);
#250=FACE_OUTER_BOUND('',#376,.T.);
#251=FACE_OUTER_BOUND('',#377,.T.);
#252=FACE_OUTER_BOUND('',#378,.T.);
#253=FACE_OUTER_BOUND('',#379,.T.);
#254=FACE_OUTER_BOUND('',#385,.T.);
#255=FACE_OUTER_BOUND('',#386,.T.);
#256=FACE_OUTER_BOUND('',#392,.T.);
#257=FACE_OUTER_BOUND('',#393,.T.);
#258=FACE_OUTER_BOUND('',#394,.T.);
#259=FACE_OUTER_BOUND('',#395,.T.);
#260=FACE_OUTER_BOUND('',#396,.T.);
#261=FACE_OUTER_BOUND('',#397,.T.);
#262=FACE_OUTER_BOUND('',#398,.T.);
#263=FACE_OUTER_BOUND('',#407,.T.);
#264=FACE_OUTER_BOUND('',#408,.T.);
#265=FACE_OUTER_BOUND('',#409,.T.);
#266=FACE_OUTER_BOUND('',#410,.T.);
#267=FACE_OUTER_BOUND('',#411,.T.);
#268=FACE_OUTER_BOUND('',#412,.T.);
#269=FACE_OUTER_BOUND('',#413,.T.);
#270=FACE_OUTER_BOUND('',#414,.T.);
#271=FACE_OUTER_BOUND('',#415,.T.);
#272=FACE_OUTER_BOUND('',#416,.T.);
#273=FACE_OUTER_BOUND('',#417,.T.);
#274=FACE_OUTER_BOUND('',#418,.T.);
#275=FACE_OUTER_BOUND('',#419,.T.);
#276=FACE_OUTER_BOUND('',#420,.T.);
#277=FACE_OUTER_BOUND('',#421,.T.);
#278=FACE_OUTER_BOUND('',#422,.T.);
#279=FACE_OUTER_BOUND('',#423,.T.);
#280=FACE_OUTER_BOUND('',#424,.T.);
#281=FACE_OUTER_BOUND('',#425,.T.);
#282=FACE_OUTER_BOUND('',#430,.T.);
#283=FACE_OUTER_BOUND('',#435,.T.);
#284=FACE_OUTER_BOUND('',#436,.T.);
#285=FACE_OUTER_BOUND('',#437,.T.);
#286=FACE_OUTER_BOUND('',#438,.T.);
#287=FACE_OUTER_BOUND('',#439,.T.);
#288=FACE_OUTER_BOUND('',#440,.T.);
#289=FACE_OUTER_BOUND('',#441,.T.);
#290=FACE_OUTER_BOUND('',#442,.T.);
#291=FACE_OUTER_BOUND('',#443,.T.);
#292=FACE_OUTER_BOUND('',#444,.T.);
#293=FACE_OUTER_BOUND('',#445,.T.);
#294=FACE_OUTER_BOUND('',#446,.T.);
#295=FACE_OUTER_BOUND('',#447,.T.);
#296=FACE_OUTER_BOUND('',#448,.T.);
#297=FACE_OUTER_BOUND('',#449,.T.);
#298=FACE_OUTER_BOUND('',#450,.T.);
#299=FACE_OUTER_BOUND('',#451,.T.);
#300=FACE_OUTER_BOUND('',#452,.T.);
#301=FACE_OUTER_BOUND('',#453,.T.);
#302=FACE_OUTER_BOUND('',#458,.T.);
#303=FACE_OUTER_BOUND('',#463,.T.);
#304=FACE_OUTER_BOUND('',#464,.T.);
#305=FACE_OUTER_BOUND('',#465,.T.);
#306=FACE_OUTER_BOUND('',#466,.T.);
#307=FACE_OUTER_BOUND('',#467,.T.);
#308=FACE_OUTER_BOUND('',#468,.T.);
#309=FACE_OUTER_BOUND('',#469,.T.);
#310=FACE_OUTER_BOUND('',#470,.T.);
#311=FACE_OUTER_BOUND('',#471,.T.);
#312=FACE_OUTER_BOUND('',#472,.T.);
#313=FACE_OUTER_BOUND('',#473,.T.);
#314=FACE_OUTER_BOUND('',#474,.T.);
#315=FACE_OUTER_BOUND('',#475,.T.);
#316=FACE_OUTER_BOUND('',#477,.T.);
#317=EDGE_LOOP('',(#1379,#1380,#1381,#1382));
#318=EDGE_LOOP('',(#1383,#1384,#1385,#1386));
#319=EDGE_LOOP('',(#1387,#1388,#1389,#1390));
#320=EDGE_LOOP('',(#1391,#1392,#1393,#1394));
#321=EDGE_LOOP('',(#1395,#1396,#1397,#1398));
#322=EDGE_LOOP('',(#1399,#1400,#1401,#1402));
#323=EDGE_LOOP('',(#1403,#1404,#1405,#1406));
#324=EDGE_LOOP('',(#1407,#1408,#1409,#1410,#1411,#1412,#1413,#1414));
#325=EDGE_LOOP('',(#1415,#1416,#1417,#1418));
#326=EDGE_LOOP('',(#1419));
#327=EDGE_LOOP('',(#1420));
#328=EDGE_LOOP('',(#1421));
#329=EDGE_LOOP('',(#1422));
#330=EDGE_LOOP('',(#1423));
#331=EDGE_LOOP('',(#1424));
#332=EDGE_LOOP('',(#1425));
#333=EDGE_LOOP('',(#1426));
#334=EDGE_LOOP('',(#1427,#1428,#1429,#1430,#1431,#1432,#1433,#1434,#1435,
#1436,#1437,#1438,#1439,#1440,#1441,#1442,#1443,#1444,#1445,#1446));
#335=EDGE_LOOP('',(#1447,#1448,#1449,#1450));
#336=EDGE_LOOP('',(#1451,#1452,#1453,#1454));
#337=EDGE_LOOP('',(#1455,#1456,#1457,#1458));
#338=EDGE_LOOP('',(#1459,#1460,#1461,#1462));
#339=EDGE_LOOP('',(#1463,#1464,#1465,#1466));
#340=EDGE_LOOP('',(#1467,#1468,#1469,#1470));
#341=EDGE_LOOP('',(#1471,#1472,#1473,#1474));
#342=EDGE_LOOP('',(#1475,#1476,#1477,#1478,#1479,#1480,#1481,#1482));
#343=EDGE_LOOP('',(#1483,#1484,#1485,#1486));
#344=EDGE_LOOP('',(#1487));
#345=EDGE_LOOP('',(#1488,#1489,#1490,#1491));
#346=EDGE_LOOP('',(#1492));
#347=EDGE_LOOP('',(#1493,#1494,#1495,#1496));
#348=EDGE_LOOP('',(#1497));
#349=EDGE_LOOP('',(#1498,#1499,#1500,#1501));
#350=EDGE_LOOP('',(#1502));
#351=EDGE_LOOP('',(#1503,#1504,#1505,#1506));
#352=EDGE_LOOP('',(#1507));
#353=EDGE_LOOP('',(#1508,#1509,#1510,#1511));
#354=EDGE_LOOP('',(#1512));
#355=EDGE_LOOP('',(#1513,#1514,#1515,#1516));
#356=EDGE_LOOP('',(#1517));
#357=EDGE_LOOP('',(#1518,#1519,#1520,#1521));
#358=EDGE_LOOP('',(#1522));
#359=EDGE_LOOP('',(#1523,#1524,#1525,#1526));
#360=EDGE_LOOP('',(#1527));
#361=EDGE_LOOP('',(#1528,#1529,#1530,#1531));
#362=EDGE_LOOP('',(#1532));
#363=EDGE_LOOP('',(#1533,#1534,#1535,#1536));
#364=EDGE_LOOP('',(#1537,#1538,#1539,#1540));
#365=EDGE_LOOP('',(#1541,#1542,#1543,#1544));
#366=EDGE_LOOP('',(#1545,#1546,#1547,#1548));
#367=EDGE_LOOP('',(#1549,#1550,#1551,#1552));
#368=EDGE_LOOP('',(#1553,#1554,#1555,#1556));
#369=EDGE_LOOP('',(#1557,#1558,#1559,#1560));
#370=EDGE_LOOP('',(#1561,#1562,#1563,#1564));
#371=EDGE_LOOP('',(#1565,#1566,#1567,#1568));
#372=EDGE_LOOP('',(#1569,#1570,#1571,#1572));
#373=EDGE_LOOP('',(#1573,#1574,#1575,#1576));
#374=EDGE_LOOP('',(#1577,#1578,#1579,#1580));
#375=EDGE_LOOP('',(#1581,#1582,#1583,#1584));
#376=EDGE_LOOP('',(#1585,#1586,#1587,#1588));
#377=EDGE_LOOP('',(#1589,#1590,#1591,#1592));
#378=EDGE_LOOP('',(#1593,#1594,#1595,#1596));
#379=EDGE_LOOP('',(#1597,#1598,#1599,#1600,#1601,#1602,#1603,#1604));
#380=EDGE_LOOP('',(#1605));
#381=EDGE_LOOP('',(#1606));
#382=EDGE_LOOP('',(#1607));
#383=EDGE_LOOP('',(#1608));
#384=EDGE_LOOP('',(#1609));
#385=EDGE_LOOP('',(#1610,#1611,#1612,#1613));
#386=EDGE_LOOP('',(#1614,#1615,#1616,#1617,#1618,#1619,#1620,#1621));
#387=EDGE_LOOP('',(#1622));
#388=EDGE_LOOP('',(#1623));
#389=EDGE_LOOP('',(#1624));
#390=EDGE_LOOP('',(#1625));
#391=EDGE_LOOP('',(#1626));
#392=EDGE_LOOP('',(#1627,#1628,#1629,#1630));
#393=EDGE_LOOP('',(#1631,#1632,#1633,#1634));
#394=EDGE_LOOP('',(#1635,#1636,#1637,#1638));
#395=EDGE_LOOP('',(#1639,#1640,#1641,#1642));
#396=EDGE_LOOP('',(#1643,#1644,#1645,#1646));
#397=EDGE_LOOP('',(#1647,#1648,#1649,#1650));
#398=EDGE_LOOP('',(#1651,#1652,#1653,#1654));
#399=EDGE_LOOP('',(#1655));
#400=EDGE_LOOP('',(#1656));
#401=EDGE_LOOP('',(#1657));
#402=EDGE_LOOP('',(#1658));
#403=EDGE_LOOP('',(#1659));
#404=EDGE_LOOP('',(#1660));
#405=EDGE_LOOP('',(#1661));
#406=EDGE_LOOP('',(#1662));
#407=EDGE_LOOP('',(#1663,#1664,#1665,#1666,#1667,#1668,#1669,#1670,#1671,
#1672,#1673,#1674));
#408=EDGE_LOOP('',(#1675,#1676,#1677,#1678,#1679,#1680));
#409=EDGE_LOOP('',(#1681,#1682,#1683,#1684,#1685,#1686));
#410=EDGE_LOOP('',(#1687,#1688,#1689,#1690,#1691,#1692));
#411=EDGE_LOOP('',(#1693,#1694,#1695,#1696));
#412=EDGE_LOOP('',(#1697));
#413=EDGE_LOOP('',(#1698,#1699,#1700,#1701));
#414=EDGE_LOOP('',(#1702));
#415=EDGE_LOOP('',(#1703,#1704,#1705,#1706));
#416=EDGE_LOOP('',(#1707));
#417=EDGE_LOOP('',(#1708,#1709,#1710,#1711));
#418=EDGE_LOOP('',(#1712));
#419=EDGE_LOOP('',(#1713,#1714,#1715,#1716,#1717,#1718));
#420=EDGE_LOOP('',(#1719,#1720,#1721,#1722,#1723,#1724));
#421=EDGE_LOOP('',(#1725,#1726,#1727,#1728,#1729,#1730,#1731,#1732,#1733,
#1734,#1735,#1736,#1737,#1738,#1739,#1740));
#422=EDGE_LOOP('',(#1741,#1742,#1743,#1744));
#423=EDGE_LOOP('',(#1745,#1746,#1747,#1748,#1749,#1750));
#424=EDGE_LOOP('',(#1751,#1752,#1753,#1754));
#425=EDGE_LOOP('',(#1755,#1756,#1757,#1758));
#426=EDGE_LOOP('',(#1759));
#427=EDGE_LOOP('',(#1760));
#428=EDGE_LOOP('',(#1761));
#429=EDGE_LOOP('',(#1762));
#430=EDGE_LOOP('',(#1763,#1764,#1765,#1766));
#431=EDGE_LOOP('',(#1767));
#432=EDGE_LOOP('',(#1768));
#433=EDGE_LOOP('',(#1769));
#434=EDGE_LOOP('',(#1770));
#435=EDGE_LOOP('',(#1771,#1772,#1773,#1774,#1775,#1776,#1777,#1778,#1779,
#1780,#1781,#1782,#1783,#1784,#1785,#1786));
#436=EDGE_LOOP('',(#1787,#1788,#1789,#1790,#1791,#1792));
#437=EDGE_LOOP('',(#1793,#1794,#1795,#1796,#1797,#1798));
#438=EDGE_LOOP('',(#1799,#1800,#1801,#1802,#1803,#1804));
#439=EDGE_LOOP('',(#1805,#1806,#1807,#1808));
#440=EDGE_LOOP('',(#1809));
#441=EDGE_LOOP('',(#1810,#1811,#1812,#1813));
#442=EDGE_LOOP('',(#1814));
#443=EDGE_LOOP('',(#1815,#1816,#1817,#1818));
#444=EDGE_LOOP('',(#1819));
#445=EDGE_LOOP('',(#1820,#1821,#1822,#1823));
#446=EDGE_LOOP('',(#1824));
#447=EDGE_LOOP('',(#1825,#1826,#1827,#1828,#1829,#1830));
#448=EDGE_LOOP('',(#1831,#1832,#1833,#1834,#1835,#1836));
#449=EDGE_LOOP('',(#1837,#1838,#1839,#1840,#1841,#1842,#1843,#1844,#1845,
#1846,#1847,#1848));
#450=EDGE_LOOP('',(#1849,#1850,#1851,#1852,#1853,#1854));
#451=EDGE_LOOP('',(#1855,#1856,#1857,#1858));
#452=EDGE_LOOP('',(#1859,#1860,#1861,#1862));
#453=EDGE_LOOP('',(#1863,#1864,#1865,#1866));
#454=EDGE_LOOP('',(#1867));
#455=EDGE_LOOP('',(#1868));
#456=EDGE_LOOP('',(#1869));
#457=EDGE_LOOP('',(#1870));
#458=EDGE_LOOP('',(#1871,#1872,#1873,#1874));
#459=EDGE_LOOP('',(#1875));
#460=EDGE_LOOP('',(#1876));
#461=EDGE_LOOP('',(#1877));
#462=EDGE_LOOP('',(#1878));
#463=EDGE_LOOP('',(#1879,#1880,#1881,#1882,#1883));
#464=EDGE_LOOP('',(#1884,#1885,#1886,#1887,#1888,#1889));
#465=EDGE_LOOP('',(#1890));
#466=EDGE_LOOP('',(#1891,#1892,#1893,#1894,#1895,#1896));
#467=EDGE_LOOP('',(#1897,#1898,#1899,#1900,#1901));
#468=EDGE_LOOP('',(#1902,#1903,#1904,#1905));
#469=EDGE_LOOP('',(#1906,#1907,#1908,#1909));
#470=EDGE_LOOP('',(#1910,#1911,#1912,#1913));
#471=EDGE_LOOP('',(#1914,#1915,#1916,#1917));
#472=EDGE_LOOP('',(#1918,#1919,#1920,#1921));
#473=EDGE_LOOP('',(#1922,#1923,#1924,#1925));
#474=EDGE_LOOP('',(#1926,#1927,#1928,#1929,#1930,#1931));
#475=EDGE_LOOP('',(#1932));
#476=EDGE_LOOP('',(#1933,#1934,#1935,#1936,#1937,#1938));
#477=EDGE_LOOP('',(#1939,#1940,#1941,#1942));
#478=LINE('',#3145,#642);
#479=LINE('',#3148,#643);
#480=LINE('',#3151,#644);
#481=LINE('',#3153,#645);
#482=LINE('',#3154,#646);
#483=LINE('',#3159,#647);
#484=LINE('',#3163,#648);
#485=LINE('',#3165,#649);
#486=LINE('',#3166,#650);
#487=LINE('',#3171,#651);
#488=LINE('',#3178,#652);
#489=LINE('',#3181,#653);
#490=LINE('',#3183,#654);
#491=LINE('',#3184,#655);
#492=LINE('',#3186,#656);
#493=LINE('',#3190,#657);
#494=LINE('',#3192,#658);
#495=LINE('',#3194,#659);
#496=LINE('',#3195,#660);
#497=LINE('',#3213,#661);
#498=LINE('',#3215,#662);
#499=LINE('',#3217,#663);
#500=LINE('',#3221,#664);
#501=LINE('',#3225,#665);
#502=LINE('',#3229,#666);
#503=LINE('',#3233,#667);
#504=LINE('',#3235,#668);
#505=LINE('',#3236,#669);
#506=LINE('',#3239,#670);
#507=LINE('',#3242,#671);
#508=LINE('',#3245,#672);
#509=LINE('',#3248,#673);
#510=LINE('',#3251,#674);
#511=LINE('',#3252,#675);
#512=LINE('',#3255,#676);
#513=LINE('',#3259,#677);
#514=LINE('',#3260,#678);
#515=LINE('',#3263,#679);
#516=LINE('',#3266,#680);
#517=LINE('',#3268,#681);
#518=LINE('',#3273,#682);
#519=LINE('',#3280,#683);
#520=LINE('',#3287,#684);
#521=LINE('',#3294,#685);
#522=LINE('',#3301,#686);
#523=LINE('',#3308,#687);
#524=LINE('',#3315,#688);
#525=LINE('',#3322,#689);
#526=LINE('',#3329,#690);
#527=LINE('',#3336,#691);
#528=LINE('',#3343,#692);
#529=LINE('',#3346,#693);
#530=LINE('',#3351,#694);
#531=LINE('',#3354,#695);
#532=LINE('',#3359,#696);
#533=LINE('',#3362,#697);
#534=LINE('',#3367,#698);
#535=LINE('',#3370,#699);
#536=LINE('',#3375,#700);
#537=LINE('',#3378,#701);
#538=LINE('',#3383,#702);
#539=LINE('',#3386,#703);
#540=LINE('',#3391,#704);
#541=LINE('',#3394,#705);
#542=LINE('',#3399,#706);
#543=LINE('',#3402,#707);
#544=LINE('',#3405,#708);
#545=LINE('',#3407,#709);
#546=LINE('',#3408,#710);
#547=LINE('',#3411,#711);
#548=LINE('',#3412,#712);
#549=LINE('',#3415,#713);
#550=LINE('',#3416,#714);
#551=LINE('',#3418,#715);
#552=LINE('',#3423,#716);
#553=LINE('',#3424,#717);
#554=LINE('',#3425,#718);
#555=LINE('',#3428,#719);
#556=LINE('',#3429,#720);
#557=LINE('',#3432,#721);
#558=LINE('',#3433,#722);
#559=LINE('',#3435,#723);
#560=LINE('',#3441,#724);
#561=LINE('',#3443,#725);
#562=LINE('',#3445,#726);
#563=LINE('',#3447,#727);
#564=LINE('',#3451,#728);
#565=LINE('',#3455,#729);
#566=LINE('',#3459,#730);
#567=LINE('',#3462,#731);
#568=LINE('',#3467,#732);
#569=LINE('',#3474,#733);
#570=LINE('',#3479,#734);
#571=LINE('',#3481,#735);
#572=LINE('',#3483,#736);
#573=LINE('',#3485,#737);
#574=LINE('',#3486,#738);
#575=LINE('',#3491,#739);
#576=LINE('',#3498,#740);
#577=LINE('',#3505,#741);
#578=LINE('',#3512,#742);
#579=LINE('',#3519,#743);
#580=LINE('',#3526,#744);
#581=LINE('',#3531,#745);
#582=LINE('',#3532,#746);
#583=LINE('',#3536,#747);
#584=LINE('',#3537,#748);
#585=LINE('',#3538,#749);
#586=LINE('',#3541,#750);
#587=LINE('',#3542,#751);
#588=LINE('',#3543,#752);
#589=LINE('',#3545,#753);
#590=LINE('',#3552,#754);
#591=LINE('',#3554,#755);
#592=LINE('',#3556,#756);
#593=LINE('',#3558,#757);
#594=LINE('',#3564,#758);
#595=LINE('',#3570,#759);
#596=LINE('',#3576,#760);
#597=LINE('',#3581,#761);
#598=LINE('',#3585,#762);
#599=LINE('',#3590,#763);
#600=LINE('',#3594,#764);
#601=LINE('',#3596,#765);
#602=LINE('',#3598,#766);
#603=LINE('',#3600,#767);
#604=LINE('',#3601,#768);
#605=LINE('',#3606,#769);
#606=LINE('',#3613,#770);
#607=LINE('',#3620,#771);
#608=LINE('',#3627,#772);
#609=LINE('',#3633,#773);
#610=LINE('',#3638,#774);
#611=LINE('',#3642,#775);
#612=LINE('',#3643,#776);
#613=LINE('',#3646,#777);
#614=LINE('',#3648,#778);
#615=LINE('',#3650,#779);
#616=LINE('',#3651,#780);
#617=LINE('',#3653,#781);
#618=LINE('',#3655,#782);
#619=LINE('',#3656,#783);
#620=LINE('',#3664,#784);
#621=LINE('',#3670,#785);
#622=LINE('',#3683,#786);
#623=LINE('',#3688,#787);
#624=LINE('',#3690,#788);
#625=LINE('',#3692,#789);
#626=LINE('',#3693,#790);
#627=LINE('',#3696,#791);
#628=LINE('',#3698,#792);
#629=LINE('',#3699,#793);
#630=LINE('',#3702,#794);
#631=LINE('',#3704,#795);
#632=LINE('',#3705,#796);
#633=LINE('',#3708,#797);
#634=LINE('',#3710,#798);
#635=LINE('',#3711,#799);
#636=LINE('',#3714,#800);
#637=LINE('',#3716,#801);
#638=LINE('',#3717,#802);
#639=LINE('',#3719,#803);
#640=LINE('',#3720,#804);
#641=LINE('',#3726,#805);
#642=VECTOR('',#2480,10.);
#643=VECTOR('',#2483,10.);
#644=VECTOR('',#2486,10.);
#645=VECTOR('',#2487,10.);
#646=VECTOR('',#2488,10.);
#647=VECTOR('',#2493,10.);
#648=VECTOR('',#2498,10.);
#649=VECTOR('',#2499,10.);
#650=VECTOR('',#2500,10.);
#651=VECTOR('',#2505,10.);
#652=VECTOR('',#2512,10.);
#653=VECTOR('',#2515,10.);
#654=VECTOR('',#2518,10.);
#655=VECTOR('',#2519,10.);
#656=VECTOR('',#2522,10.);
#657=VECTOR('',#2525,10.);
#658=VECTOR('',#2526,10.);
#659=VECTOR('',#2527,10.);
#660=VECTOR('',#2528,10.);
#661=VECTOR('',#2545,10.);
#662=VECTOR('',#2546,10.);
#663=VECTOR('',#2547,10.);
#664=VECTOR('',#2550,10.);
#665=VECTOR('',#2553,10.);
#666=VECTOR('',#2556,10.);
#667=VECTOR('',#2559,10.);
#668=VECTOR('',#2560,10.);
#669=VECTOR('',#2561,10.);
#670=VECTOR('',#2564,10.);
#671=VECTOR('',#2567,10.);
#672=VECTOR('',#2570,10.);
#673=VECTOR('',#2573,10.);
#674=VECTOR('',#2576,10.);
#675=VECTOR('',#2577,10.);
#676=VECTOR('',#2580,10.);
#677=VECTOR('',#2585,10.);
#678=VECTOR('',#2586,10.);
#679=VECTOR('',#2589,10.);
#680=VECTOR('',#2594,10.);
#681=VECTOR('',#2597,10.);
#682=VECTOR('',#2602,1.25);
#683=VECTOR('',#2611,1.25);
#684=VECTOR('',#2620,1.25);
#685=VECTOR('',#2629,1.25);
#686=VECTOR('',#2638,1.25);
#687=VECTOR('',#2647,1.25);
#688=VECTOR('',#2656,1.25);
#689=VECTOR('',#2665,1.25);
#690=VECTOR('',#2674,1.25);
#691=VECTOR('',#2683,1.25);
#692=VECTOR('',#2692,2.5);
#693=VECTOR('',#2697,1.7);
#694=VECTOR('',#2702,2.5);
#695=VECTOR('',#2707,1.7);
#696=VECTOR('',#2712,2.5);
#697=VECTOR('',#2717,1.7);
#698=VECTOR('',#2722,2.5);
#699=VECTOR('',#2727,1.7);
#700=VECTOR('',#2732,2.5);
#701=VECTOR('',#2737,1.7);
#702=VECTOR('',#2742,2.5);
#703=VECTOR('',#2747,1.7);
#704=VECTOR('',#2752,2.5);
#705=VECTOR('',#2757,1.7);
#706=VECTOR('',#2762,2.5);
#707=VECTOR('',#2767,1.7);
#708=VECTOR('',#2770,10.);
#709=VECTOR('',#2771,10.);
#710=VECTOR('',#2772,10.);
#711=VECTOR('',#2775,10.);
#712=VECTOR('',#2776,10.);
#713=VECTOR('',#2779,10.);
#714=VECTOR('',#2780,10.);
#715=VECTOR('',#2783,10.);
#716=VECTOR('',#2788,10.);
#717=VECTOR('',#2789,10.);
#718=VECTOR('',#2790,10.);
#719=VECTOR('',#2793,10.);
#720=VECTOR('',#2794,10.);
#721=VECTOR('',#2797,10.);
#722=VECTOR('',#2798,10.);
#723=VECTOR('',#2801,10.);
#724=VECTOR('',#2808,10.);
#725=VECTOR('',#2809,10.);
#726=VECTOR('',#2810,10.);
#727=VECTOR('',#2811,10.);
#728=VECTOR('',#2814,10.);
#729=VECTOR('',#2817,10.);
#730=VECTOR('',#2820,10.);
#731=VECTOR('',#2823,10.);
#732=VECTOR('',#2828,1.7);
#733=VECTOR('',#2837,1.7);
#734=VECTOR('',#2844,10.);
#735=VECTOR('',#2845,10.);
#736=VECTOR('',#2846,10.);
#737=VECTOR('',#2847,10.);
#738=VECTOR('',#2848,10.);
#739=VECTOR('',#2853,1.25);
#740=VECTOR('',#2862,1.25);
#741=VECTOR('',#2871,1.25);
#742=VECTOR('',#2880,1.25);
#743=VECTOR('',#2889,1.7);
#744=VECTOR('',#2898,1.7);
#745=VECTOR('',#2905,10.);
#746=VECTOR('',#2906,10.);
#747=VECTOR('',#2909,10.);
#748=VECTOR('',#2910,10.);
#749=VECTOR('',#2911,10.);
#750=VECTOR('',#2914,10.);
#751=VECTOR('',#2915,10.);
#752=VECTOR('',#2916,10.);
#753=VECTOR('',#2919,10.);
#754=VECTOR('',#2928,10.);
#755=VECTOR('',#2929,10.);
#756=VECTOR('',#2930,10.);
#757=VECTOR('',#2931,10.);
#758=VECTOR('',#2936,10.);
#759=VECTOR('',#2941,10.);
#760=VECTOR('',#2946,10.);
#761=VECTOR('',#2951,10.);
#762=VECTOR('',#2956,1.7);
#763=VECTOR('',#2963,1.7);
#764=VECTOR('',#2968,10.);
#765=VECTOR('',#2969,10.);
#766=VECTOR('',#2970,10.);
#767=VECTOR('',#2971,10.);
#768=VECTOR('',#2972,10.);
#769=VECTOR('',#2977,1.25);
#770=VECTOR('',#2986,1.25);
#771=VECTOR('',#2995,1.25);
#772=VECTOR('',#3004,1.25);
#773=VECTOR('',#3013,1.7);
#774=VECTOR('',#3020,1.7);
#775=VECTOR('',#3025,10.);
#776=VECTOR('',#3026,10.);
#777=VECTOR('',#3029,10.);
#778=VECTOR('',#3030,10.);
#779=VECTOR('',#3031,10.);
#780=VECTOR('',#3032,10.);
#781=VECTOR('',#3035,10.);
#782=VECTOR('',#3038,10.);
#783=VECTOR('',#3039,10.);
#784=VECTOR('',#3050,1.375);
#785=VECTOR('',#3057,1.5);
#786=VECTOR('',#3074,2.25);
#787=VECTOR('',#3079,10.);
#788=VECTOR('',#3080,10.);
#789=VECTOR('',#3081,10.);
#790=VECTOR('',#3082,10.);
#791=VECTOR('',#3085,10.);
#792=VECTOR('',#3086,10.);
#793=VECTOR('',#3087,10.);
#794=VECTOR('',#3090,10.);
#795=VECTOR('',#3091,10.);
#796=VECTOR('',#3092,10.);
#797=VECTOR('',#3095,10.);
#798=VECTOR('',#3096,10.);
#799=VECTOR('',#3097,10.);
#800=VECTOR('',#3100,10.);
#801=VECTOR('',#3101,10.);
#802=VECTOR('',#3102,10.);
#803=VECTOR('',#3105,10.);
#804=VECTOR('',#3106,10.);
#805=VECTOR('',#3115,3.);
#806=CIRCLE('',#2224,0.5);
#807=CIRCLE('',#2225,0.5);
#808=CIRCLE('',#2228,0.499999999999998);
#809=CIRCLE('',#2229,0.499999999999998);
#810=CIRCLE('',#2232,0.499999999999998);
#811=CIRCLE('',#2233,0.499999999999998);
#812=CIRCLE('',#2235,0.499999999999998);
#813=CIRCLE('',#2236,0.499999999999998);
#814=CIRCLE('',#2240,1.7);
#815=CIRCLE('',#2241,1.7);
#816=CIRCLE('',#2242,1.7);
#817=CIRCLE('',#2243,1.7);
#818=CIRCLE('',#2244,1.7);
#819=CIRCLE('',#2245,1.7);
#820=CIRCLE('',#2246,1.7);
#821=CIRCLE('',#2247,1.7);
#822=CIRCLE('',#2248,0.5);
#823=CIRCLE('',#2249,0.5);
#824=CIRCLE('',#2250,0.499999999999998);
#825=CIRCLE('',#2251,0.5);
#826=CIRCLE('',#2253,0.5);
#827=CIRCLE('',#2255,0.5);
#828=CIRCLE('',#2258,0.499999999999998);
#829=CIRCLE('',#2261,0.5);
#830=CIRCLE('',#2265,1.25);
#831=CIRCLE('',#2266,1.25);
#832=CIRCLE('',#2269,1.25);
#833=CIRCLE('',#2270,1.25);
#834=CIRCLE('',#2273,1.25);
#835=CIRCLE('',#2274,1.25);
#836=CIRCLE('',#2277,1.25);
#837=CIRCLE('',#2278,1.25);
#838=CIRCLE('',#2281,1.25);
#839=CIRCLE('',#2282,1.25);
#840=CIRCLE('',#2285,1.25);
#841=CIRCLE('',#2286,1.25);
#842=CIRCLE('',#2289,1.25);
#843=CIRCLE('',#2290,1.25);
#844=CIRCLE('',#2293,1.25);
#845=CIRCLE('',#2294,1.25);
#846=CIRCLE('',#2297,1.25);
#847=CIRCLE('',#2298,1.25);
#848=CIRCLE('',#2301,1.25);
#849=CIRCLE('',#2302,1.25);
#850=CIRCLE('',#2305,3.3);
#851=CIRCLE('',#2306,1.7);
#852=CIRCLE('',#2309,3.3);
#853=CIRCLE('',#2310,1.7);
#854=CIRCLE('',#2313,3.3);
#855=CIRCLE('',#2314,1.7);
#856=CIRCLE('',#2317,3.3);
#857=CIRCLE('',#2318,1.7);
#858=CIRCLE('',#2321,3.3);
#859=CIRCLE('',#2322,1.7);
#860=CIRCLE('',#2325,3.3);
#861=CIRCLE('',#2326,1.7);
#862=CIRCLE('',#2329,3.3);
#863=CIRCLE('',#2330,1.7);
#864=CIRCLE('',#2333,3.3);
#865=CIRCLE('',#2334,1.7);
#866=CIRCLE('',#2353,1.7);
#867=CIRCLE('',#2354,1.7);
#868=CIRCLE('',#2355,1.7);
#869=CIRCLE('',#2357,1.7);
#870=CIRCLE('',#2358,1.7);
#871=CIRCLE('',#2359,1.7);
#872=CIRCLE('',#2362,1.25);
#873=CIRCLE('',#2363,1.25);
#874=CIRCLE('',#2366,1.25);
#875=CIRCLE('',#2367,1.25);
#876=CIRCLE('',#2370,1.25);
#877=CIRCLE('',#2371,1.25);
#878=CIRCLE('',#2374,1.25);
#879=CIRCLE('',#2375,1.25);
#880=CIRCLE('',#2378,1.7);
#881=CIRCLE('',#2379,1.7);
#882=CIRCLE('',#2380,1.7);
#883=CIRCLE('',#2382,1.7);
#884=CIRCLE('',#2383,1.7);
#885=CIRCLE('',#2384,1.7);
#886=CIRCLE('',#2402,1.7);
#887=CIRCLE('',#2403,1.7);
#888=CIRCLE('',#2405,1.7);
#889=CIRCLE('',#2406,1.7);
#890=CIRCLE('',#2409,1.25);
#891=CIRCLE('',#2410,1.25);
#892=CIRCLE('',#2413,1.25);
#893=CIRCLE('',#2414,1.25);
#894=CIRCLE('',#2417,1.25);
#895=CIRCLE('',#2418,1.25);
#896=CIRCLE('',#2421,1.25);
#897=CIRCLE('',#2422,1.25);
#898=CIRCLE('',#2425,1.7);
#899=CIRCLE('',#2426,1.7);
#900=CIRCLE('',#2428,1.7);
#901=CIRCLE('',#2429,1.7);
#902=CIRCLE('',#2438,1.25);
#903=CIRCLE('',#2439,1.5);
#904=CIRCLE('',#2440,1.5);
#905=CIRCLE('',#2442,1.5);
#906=CIRCLE('',#2443,1.5);
#907=CIRCLE('',#2446,1.52928932188135);
#908=CIRCLE('',#2447,1.52928932188135);
#909=CIRCLE('',#2448,0.1);
#910=CIRCLE('',#2450,3.);
#911=CIRCLE('',#2459,3.);
#912=VERTEX_POINT('',#3141);
#913=VERTEX_POINT('',#3142);
#914=VERTEX_POINT('',#3144);
#915=VERTEX_POINT('',#3146);
#916=VERTEX_POINT('',#3150);
#917=VERTEX_POINT('',#3152);
#918=VERTEX_POINT('',#3156);
#919=VERTEX_POINT('',#3158);
#920=VERTEX_POINT('',#3162);
#921=VERTEX_POINT('',#3164);
#922=VERTEX_POINT('',#3168);
#923=VERTEX_POINT('',#3170);
#924=VERTEX_POINT('',#3174);
#925=VERTEX_POINT('',#3175);
#926=VERTEX_POINT('',#3177);
#927=VERTEX_POINT('',#3179);
#928=VERTEX_POINT('',#3188);
#929=VERTEX_POINT('',#3189);
#930=VERTEX_POINT('',#3191);
#931=VERTEX_POINT('',#3193);
#932=VERTEX_POINT('',#3196);
#933=VERTEX_POINT('',#3198);
#934=VERTEX_POINT('',#3200);
#935=VERTEX_POINT('',#3202);
#936=VERTEX_POINT('',#3204);
#937=VERTEX_POINT('',#3206);
#938=VERTEX_POINT('',#3208);
#939=VERTEX_POINT('',#3210);
#940=VERTEX_POINT('',#3212);
#941=VERTEX_POINT('',#3214);
#942=VERTEX_POINT('',#3216);
#943=VERTEX_POINT('',#3218);
#944=VERTEX_POINT('',#3220);
#945=VERTEX_POINT('',#3222);
#946=VERTEX_POINT('',#3224);
#947=VERTEX_POINT('',#3226);
#948=VERTEX_POINT('',#3228);
#949=VERTEX_POINT('',#3230);
#950=VERTEX_POINT('',#3232);
#951=VERTEX_POINT('',#3234);
#952=VERTEX_POINT('',#3238);
#953=VERTEX_POINT('',#3240);
#954=VERTEX_POINT('',#3244);
#955=VERTEX_POINT('',#3246);
#956=VERTEX_POINT('',#3250);
#957=VERTEX_POINT('',#3254);
#958=VERTEX_POINT('',#3258);
#959=VERTEX_POINT('',#3262);
#960=VERTEX_POINT('',#3270);
#961=VERTEX_POINT('',#3272);
#962=VERTEX_POINT('',#3277);
#963=VERTEX_POINT('',#3279);
#964=VERTEX_POINT('',#3284);
#965=VERTEX_POINT('',#3286);
#966=VERTEX_POINT('',#3291);
#967=VERTEX_POINT('',#3293);
#968=VERTEX_POINT('',#3298);
#969=VERTEX_POINT('',#3300);
#970=VERTEX_POINT('',#3305);
#971=VERTEX_POINT('',#3307);
#972=VERTEX_POINT('',#3312);
#973=VERTEX_POINT('',#3314);
#974=VERTEX_POINT('',#3319);
#975=VERTEX_POINT('',#3321);
#976=VERTEX_POINT('',#3326);
#977=VERTEX_POINT('',#3328);
#978=VERTEX_POINT('',#3333);
#979=VERTEX_POINT('',#3335);
#980=VERTEX_POINT('',#3340);
#981=VERTEX_POINT('',#3342);
#982=VERTEX_POINT('',#3348);
#983=VERTEX_POINT('',#3350);
#984=VERTEX_POINT('',#3356);
#985=VERTEX_POINT('',#3358);
#986=VERTEX_POINT('',#3364);
#987=VERTEX_POINT('',#3366);
#988=VERTEX_POINT('',#3372);
#989=VERTEX_POINT('',#3374);
#990=VERTEX_POINT('',#3380);
#991=VERTEX_POINT('',#3382);
#992=VERTEX_POINT('',#3388);
#993=VERTEX_POINT('',#3390);
#994=VERTEX_POINT('',#3396);
#995=VERTEX_POINT('',#3398);
#996=VERTEX_POINT('',#3404);
#997=VERTEX_POINT('',#3406);
#998=VERTEX_POINT('',#3410);
#999=VERTEX_POINT('',#3414);
#1000=VERTEX_POINT('',#3421);
#1001=VERTEX_POINT('',#3422);
#1002=VERTEX_POINT('',#3427);
#1003=VERTEX_POINT('',#3431);
#1004=VERTEX_POINT('',#3439);
#1005=VERTEX_POINT('',#3440);
#1006=VERTEX_POINT('',#3442);
#1007=VERTEX_POINT('',#3444);
#1008=VERTEX_POINT('',#3446);
#1009=VERTEX_POINT('',#3448);
#1010=VERTEX_POINT('',#3450);
#1011=VERTEX_POINT('',#3452);
#1012=VERTEX_POINT('',#3454);
#1013=VERTEX_POINT('',#3456);
#1014=VERTEX_POINT('',#3458);
#1015=VERTEX_POINT('',#3460);
#1016=VERTEX_POINT('',#3464);
#1017=VERTEX_POINT('',#3466);
#1018=VERTEX_POINT('',#3471);
#1019=VERTEX_POINT('',#3473);
#1020=VERTEX_POINT('',#3478);
#1021=VERTEX_POINT('',#3480);
#1022=VERTEX_POINT('',#3482);
#1023=VERTEX_POINT('',#3484);
#1024=VERTEX_POINT('',#3488);
#1025=VERTEX_POINT('',#3490);
#1026=VERTEX_POINT('',#3495);
#1027=VERTEX_POINT('',#3497);
#1028=VERTEX_POINT('',#3502);
#1029=VERTEX_POINT('',#3504);
#1030=VERTEX_POINT('',#3509);
#1031=VERTEX_POINT('',#3511);
#1032=VERTEX_POINT('',#3516);
#1033=VERTEX_POINT('',#3518);
#1034=VERTEX_POINT('',#3523);
#1035=VERTEX_POINT('',#3525);
#1036=VERTEX_POINT('',#3530);
#1037=VERTEX_POINT('',#3534);
#1038=VERTEX_POINT('',#3535);
#1039=VERTEX_POINT('',#3540);
#1040=VERTEX_POINT('',#3550);
#1041=VERTEX_POINT('',#3551);
#1042=VERTEX_POINT('',#3553);
#1043=VERTEX_POINT('',#3555);
#1044=VERTEX_POINT('',#3557);
#1045=VERTEX_POINT('',#3559);
#1046=VERTEX_POINT('',#3561);
#1047=VERTEX_POINT('',#3563);
#1048=VERTEX_POINT('',#3565);
#1049=VERTEX_POINT('',#3567);
#1050=VERTEX_POINT('',#3569);
#1051=VERTEX_POINT('',#3571);
#1052=VERTEX_POINT('',#3573);
#1053=VERTEX_POINT('',#3575);
#1054=VERTEX_POINT('',#3577);
#1055=VERTEX_POINT('',#3579);
#1056=VERTEX_POINT('',#3584);
#1057=VERTEX_POINT('',#3589);
#1058=VERTEX_POINT('',#3593);
#1059=VERTEX_POINT('',#3595);
#1060=VERTEX_POINT('',#3597);
#1061=VERTEX_POINT('',#3599);
#1062=VERTEX_POINT('',#3603);
#1063=VERTEX_POINT('',#3605);
#1064=VERTEX_POINT('',#3610);
#1065=VERTEX_POINT('',#3612);
#1066=VERTEX_POINT('',#3617);
#1067=VERTEX_POINT('',#3619);
#1068=VERTEX_POINT('',#3624);
#1069=VERTEX_POINT('',#3626);
#1070=VERTEX_POINT('',#3632);
#1071=VERTEX_POINT('',#3637);
#1072=VERTEX_POINT('',#3641);
#1073=VERTEX_POINT('',#3645);
#1074=VERTEX_POINT('',#3647);
#1075=VERTEX_POINT('',#3649);
#1076=VERTEX_POINT('',#3661);
#1077=VERTEX_POINT('',#3663);
#1078=VERTEX_POINT('',#3665);
#1079=VERTEX_POINT('',#3669);
#1080=VERTEX_POINT('',#3671);
#1081=VERTEX_POINT('',#3676);
#1082=VERTEX_POINT('',#3677);
#1083=VERTEX_POINT('',#3682);
#1084=VERTEX_POINT('',#3686);
#1085=VERTEX_POINT('',#3687);
#1086=VERTEX_POINT('',#3689);
#1087=VERTEX_POINT('',#3691);
#1088=VERTEX_POINT('',#3695);
#1089=VERTEX_POINT('',#3697);
#1090=VERTEX_POINT('',#3701);
#1091=VERTEX_POINT('',#3703);
#1092=VERTEX_POINT('',#3707);
#1093=VERTEX_POINT('',#3709);
#1094=VERTEX_POINT('',#3713);
#1095=VERTEX_POINT('',#3715);
#1096=VERTEX_POINT('',#3723);
#1097=EDGE_CURVE('',#912,#913,#806,.T.);
#1098=EDGE_CURVE('',#912,#914,#478,.T.);
#1099=EDGE_CURVE('',#914,#915,#807,.T.);
#1100=EDGE_CURVE('',#913,#915,#479,.T.);
#1101=EDGE_CURVE('',#916,#912,#480,.T.);
#1102=EDGE_CURVE('',#916,#917,#481,.T.);
#1103=EDGE_CURVE('',#917,#914,#482,.T.);
#1104=EDGE_CURVE('',#918,#916,#808,.T.);
#1105=EDGE_CURVE('',#918,#919,#483,.T.);
#1106=EDGE_CURVE('',#919,#917,#809,.T.);
#1107=EDGE_CURVE('',#920,#918,#484,.T.);
#1108=EDGE_CURVE('',#920,#921,#485,.T.);
#1109=EDGE_CURVE('',#921,#919,#486,.T.);
#1110=EDGE_CURVE('',#922,#920,#810,.T.);
#1111=EDGE_CURVE('',#922,#923,#487,.T.);
#1112=EDGE_CURVE('',#923,#921,#811,.T.);
#1113=EDGE_CURVE('',#924,#925,#812,.T.);
#1114=EDGE_CURVE('',#924,#926,#488,.T.);
#1115=EDGE_CURVE('',#926,#927,#813,.T.);
#1116=EDGE_CURVE('',#925,#927,#489,.T.);
#1117=EDGE_CURVE('',#913,#924,#490,.T.);
#1118=EDGE_CURVE('',#915,#926,#491,.T.);
#1119=EDGE_CURVE('',#927,#923,#492,.T.);
#1120=EDGE_CURVE('',#928,#929,#493,.T.);
#1121=EDGE_CURVE('',#929,#930,#494,.T.);
#1122=EDGE_CURVE('',#930,#931,#495,.T.);
#1123=EDGE_CURVE('',#931,#928,#496,.T.);
#1124=EDGE_CURVE('',#932,#932,#814,.T.);
#1125=EDGE_CURVE('',#933,#933,#815,.T.);
#1126=EDGE_CURVE('',#934,#934,#816,.T.);
#1127=EDGE_CURVE('',#935,#935,#817,.T.);
#1128=EDGE_CURVE('',#936,#936,#818,.T.);
#1129=EDGE_CURVE('',#937,#937,#819,.T.);
#1130=EDGE_CURVE('',#938,#938,#820,.T.);
#1131=EDGE_CURVE('',#939,#939,#821,.T.);
#1132=EDGE_CURVE('',#925,#940,#497,.T.);
#1133=EDGE_CURVE('',#940,#941,#498,.T.);
#1134=EDGE_CURVE('',#941,#942,#499,.T.);
#1135=EDGE_CURVE('',#942,#943,#822,.T.);
#1136=EDGE_CURVE('',#943,#944,#500,.T.);
#1137=EDGE_CURVE('',#944,#945,#823,.T.);
#1138=EDGE_CURVE('',#945,#946,#501,.T.);
#1139=EDGE_CURVE('',#946,#947,#824,.T.);
#1140=EDGE_CURVE('',#947,#948,#502,.T.);
#1141=EDGE_CURVE('',#948,#949,#825,.T.);
#1142=EDGE_CURVE('',#949,#950,#503,.T.);
#1143=EDGE_CURVE('',#950,#951,#504,.T.);
#1144=EDGE_CURVE('',#951,#922,#505,.T.);
#1145=EDGE_CURVE('',#942,#952,#506,.T.);
#1146=EDGE_CURVE('',#952,#953,#826,.T.);
#1147=EDGE_CURVE('',#943,#953,#507,.T.);
#1148=EDGE_CURVE('',#948,#954,#508,.T.);
#1149=EDGE_CURVE('',#954,#955,#827,.T.);
#1150=EDGE_CURVE('',#949,#955,#509,.T.);
#1151=EDGE_CURVE('',#947,#956,#510,.T.);
#1152=EDGE_CURVE('',#956,#954,#511,.T.);
#1153=EDGE_CURVE('',#946,#957,#512,.T.);
#1154=EDGE_CURVE('',#957,#956,#828,.T.);
#1155=EDGE_CURVE('',#945,#958,#513,.T.);
#1156=EDGE_CURVE('',#958,#957,#514,.T.);
#1157=EDGE_CURVE('',#944,#959,#515,.T.);
#1158=EDGE_CURVE('',#959,#958,#829,.T.);
#1159=EDGE_CURVE('',#953,#959,#516,.T.);
#1160=EDGE_CURVE('',#955,#952,#517,.T.);
#1161=EDGE_CURVE('',#960,#960,#830,.T.);
#1162=EDGE_CURVE('',#960,#961,#518,.T.);
#1163=EDGE_CURVE('',#961,#961,#831,.T.);
#1164=EDGE_CURVE('',#962,#962,#832,.T.);
#1165=EDGE_CURVE('',#962,#963,#519,.T.);
#1166=EDGE_CURVE('',#963,#963,#833,.T.);
#1167=EDGE_CURVE('',#964,#964,#834,.T.);
#1168=EDGE_CURVE('',#964,#965,#520,.T.);
#1169=EDGE_CURVE('',#965,#965,#835,.T.);
#1170=EDGE_CURVE('',#966,#966,#836,.T.);
#1171=EDGE_CURVE('',#966,#967,#521,.T.);
#1172=EDGE_CURVE('',#967,#967,#837,.T.);
#1173=EDGE_CURVE('',#968,#968,#838,.T.);
#1174=EDGE_CURVE('',#968,#969,#522,.T.);
#1175=EDGE_CURVE('',#969,#969,#839,.T.);
#1176=EDGE_CURVE('',#970,#970,#840,.T.);
#1177=EDGE_CURVE('',#970,#971,#523,.T.);
#1178=EDGE_CURVE('',#971,#971,#841,.T.);
#1179=EDGE_CURVE('',#972,#972,#842,.T.);
#1180=EDGE_CURVE('',#972,#973,#524,.T.);
#1181=EDGE_CURVE('',#973,#973,#843,.T.);
#1182=EDGE_CURVE('',#974,#974,#844,.T.);
#1183=EDGE_CURVE('',#974,#975,#525,.T.);
#1184=EDGE_CURVE('',#975,#975,#845,.T.);
#1185=EDGE_CURVE('',#976,#976,#846,.T.);
#1186=EDGE_CURVE('',#976,#977,#526,.T.);
#1187=EDGE_CURVE('',#977,#977,#847,.T.);
#1188=EDGE_CURVE('',#978,#978,#848,.T.);
#1189=EDGE_CURVE('',#978,#979,#527,.T.);
#1190=EDGE_CURVE('',#979,#979,#849,.T.);
#1191=EDGE_CURVE('',#980,#980,#850,.T.);
#1192=EDGE_CURVE('',#980,#981,#528,.T.);
#1193=EDGE_CURVE('',#981,#981,#851,.T.);
#1194=EDGE_CURVE('',#981,#939,#529,.T.);
#1195=EDGE_CURVE('',#982,#982,#852,.T.);
#1196=EDGE_CURVE('',#982,#983,#530,.T.);
#1197=EDGE_CURVE('',#983,#983,#853,.T.);
#1198=EDGE_CURVE('',#983,#938,#531,.T.);
#1199=EDGE_CURVE('',#984,#984,#854,.T.);
#1200=EDGE_CURVE('',#984,#985,#532,.T.);
#1201=EDGE_CURVE('',#985,#985,#855,.T.);
#1202=EDGE_CURVE('',#985,#937,#533,.T.);
#1203=EDGE_CURVE('',#986,#986,#856,.T.);
#1204=EDGE_CURVE('',#986,#987,#534,.T.);
#1205=EDGE_CURVE('',#987,#987,#857,.T.);
#1206=EDGE_CURVE('',#987,#936,#535,.T.);
#1207=EDGE_CURVE('',#988,#988,#858,.T.);
#1208=EDGE_CURVE('',#988,#989,#536,.T.);
#1209=EDGE_CURVE('',#989,#989,#859,.T.);
#1210=EDGE_CURVE('',#989,#935,#537,.T.);
#1211=EDGE_CURVE('',#990,#990,#860,.T.);
#1212=EDGE_CURVE('',#990,#991,#538,.T.);
#1213=EDGE_CURVE('',#991,#991,#861,.T.);
#1214=EDGE_CURVE('',#991,#934,#539,.T.);
#1215=EDGE_CURVE('',#992,#992,#862,.T.);
#1216=EDGE_CURVE('',#992,#993,#540,.T.);
#1217=EDGE_CURVE('',#993,#993,#863,.T.);
#1218=EDGE_CURVE('',#993,#933,#541,.T.);
#1219=EDGE_CURVE('',#994,#994,#864,.T.);
#1220=EDGE_CURVE('',#994,#995,#542,.T.);
#1221=EDGE_CURVE('',#995,#995,#865,.T.);
#1222=EDGE_CURVE('',#995,#932,#543,.T.);
#1223=EDGE_CURVE('',#941,#996,#544,.T.);
#1224=EDGE_CURVE('',#997,#996,#545,.T.);
#1225=EDGE_CURVE('',#950,#997,#546,.T.);
#1226=EDGE_CURVE('',#998,#997,#547,.T.);
#1227=EDGE_CURVE('',#951,#998,#548,.T.);
#1228=EDGE_CURVE('',#999,#998,#549,.T.);
#1229=EDGE_CURVE('',#940,#999,#550,.T.);
#1230=EDGE_CURVE('',#996,#999,#551,.T.);
#1231=EDGE_CURVE('',#1000,#1001,#552,.T.);
#1232=EDGE_CURVE('',#1001,#928,#553,.T.);
#1233=EDGE_CURVE('',#1000,#931,#554,.T.);
#1234=EDGE_CURVE('',#1002,#1000,#555,.T.);
#1235=EDGE_CURVE('',#1002,#930,#556,.T.);
#1236=EDGE_CURVE('',#1003,#1002,#557,.T.);
#1237=EDGE_CURVE('',#1003,#929,#558,.T.);
#1238=EDGE_CURVE('',#1001,#1003,#559,.T.);
#1239=EDGE_CURVE('',#1004,#1005,#560,.T.);
#1240=EDGE_CURVE('',#1006,#1005,#561,.T.);
#1241=EDGE_CURVE('',#1006,#1007,#562,.T.);
#1242=EDGE_CURVE('',#1007,#1008,#563,.T.);
#1243=EDGE_CURVE('',#1008,#1009,#56,.T.);
#1244=EDGE_CURVE('',#1009,#1010,#564,.T.);
#1245=EDGE_CURVE('',#1010,#1011,#57,.T.);
#1246=EDGE_CURVE('',#1011,#1012,#565,.T.);
#1247=EDGE_CURVE('',#1012,#1013,#58,.T.);
#1248=EDGE_CURVE('',#1013,#1014,#566,.T.);
#1249=EDGE_CURVE('',#1014,#1015,#59,.T.);
#1250=EDGE_CURVE('',#1015,#1004,#567,.T.);
#1251=EDGE_CURVE('',#1016,#1010,#866,.T.);
#1252=EDGE_CURVE('',#1016,#1017,#568,.T.);
#1253=EDGE_CURVE('',#1017,#1017,#867,.T.);
#1254=EDGE_CURVE('',#1011,#1016,#868,.T.);
#1255=EDGE_CURVE('',#1018,#1008,#869,.T.);
#1256=EDGE_CURVE('',#1018,#1019,#569,.T.);
#1257=EDGE_CURVE('',#1019,#1019,#870,.T.);
#1258=EDGE_CURVE('',#1009,#1018,#871,.T.);
#1259=EDGE_CURVE('',#1020,#1006,#570,.T.);
#1260=EDGE_CURVE('',#1021,#1020,#571,.T.);
#1261=EDGE_CURVE('',#1021,#1022,#572,.T.);
#1262=EDGE_CURVE('',#1022,#1023,#573,.T.);
#1263=EDGE_CURVE('',#1023,#1007,#574,.T.);
#1264=EDGE_CURVE('',#1024,#1024,#872,.T.);
#1265=EDGE_CURVE('',#1024,#1025,#575,.T.);
#1266=EDGE_CURVE('',#1025,#1025,#873,.T.);
#1267=EDGE_CURVE('',#1026,#1026,#874,.T.);
#1268=EDGE_CURVE('',#1026,#1027,#576,.T.);
#1269=EDGE_CURVE('',#1027,#1027,#875,.T.);
#1270=EDGE_CURVE('',#1028,#1028,#876,.T.);
#1271=EDGE_CURVE('',#1028,#1029,#577,.T.);
#1272=EDGE_CURVE('',#1029,#1029,#877,.T.);
#1273=EDGE_CURVE('',#1030,#1030,#878,.T.);
#1274=EDGE_CURVE('',#1030,#1031,#578,.T.);
#1275=EDGE_CURVE('',#1031,#1031,#879,.T.);
#1276=EDGE_CURVE('',#1032,#1014,#880,.T.);
#1277=EDGE_CURVE('',#1032,#1033,#579,.T.);
#1278=EDGE_CURVE('',#1033,#1033,#881,.T.);
#1279=EDGE_CURVE('',#1015,#1032,#882,.T.);
#1280=EDGE_CURVE('',#1034,#1012,#883,.T.);
#1281=EDGE_CURVE('',#1034,#1035,#580,.T.);
#1282=EDGE_CURVE('',#1035,#1035,#884,.T.);
#1283=EDGE_CURVE('',#1013,#1034,#885,.T.);
#1284=EDGE_CURVE('',#1036,#1023,#581,.T.);
#1285=EDGE_CURVE('',#1004,#1036,#582,.T.);
#1286=EDGE_CURVE('',#1037,#1038,#583,.T.);
#1287=EDGE_CURVE('',#1037,#1021,#584,.T.);
#1288=EDGE_CURVE('',#1038,#1020,#585,.T.);
#1289=EDGE_CURVE('',#1039,#1036,#586,.T.);
#1290=EDGE_CURVE('',#1039,#1037,#587,.T.);
#1291=EDGE_CURVE('',#1005,#1038,#588,.T.);
#1292=EDGE_CURVE('',#1022,#1039,#589,.T.);
#1293=EDGE_CURVE('',#1040,#1041,#590,.T.);
#1294=EDGE_CURVE('',#1042,#1041,#591,.T.);
#1295=EDGE_CURVE('',#1042,#1043,#592,.T.);
#1296=EDGE_CURVE('',#1043,#1044,#593,.T.);
#1297=EDGE_CURVE('',#1044,#1045,#60,.T.);
#1298=EDGE_CURVE('',#1045,#1046,#61,.T.);
#1299=EDGE_CURVE('',#1046,#1047,#594,.T.);
#1300=EDGE_CURVE('',#1047,#1048,#62,.T.);
#1301=EDGE_CURVE('',#1048,#1049,#63,.T.);
#1302=EDGE_CURVE('',#1049,#1050,#595,.T.);
#1303=EDGE_CURVE('',#1050,#1051,#64,.T.);
#1304=EDGE_CURVE('',#1051,#1052,#65,.T.);
#1305=EDGE_CURVE('',#1052,#1053,#596,.T.);
#1306=EDGE_CURVE('',#1053,#1054,#66,.T.);
#1307=EDGE_CURVE('',#1054,#1055,#67,.T.);
#1308=EDGE_CURVE('',#1055,#1040,#597,.T.);
#1309=EDGE_CURVE('',#1049,#1047,#886,.T.);
#1310=EDGE_CURVE('',#1048,#1056,#598,.T.);
#1311=EDGE_CURVE('',#1056,#1056,#887,.T.);
#1312=EDGE_CURVE('',#1046,#1044,#888,.T.);
#1313=EDGE_CURVE('',#1045,#1057,#599,.T.);
#1314=EDGE_CURVE('',#1057,#1057,#889,.T.);
#1315=EDGE_CURVE('',#1058,#1042,#600,.T.);
#1316=EDGE_CURVE('',#1059,#1058,#601,.T.);
#1317=EDGE_CURVE('',#1059,#1060,#602,.T.);
#1318=EDGE_CURVE('',#1060,#1061,#603,.T.);
#1319=EDGE_CURVE('',#1061,#1043,#604,.T.);
#1320=EDGE_CURVE('',#1062,#1062,#890,.T.);
#1321=EDGE_CURVE('',#1062,#1063,#605,.T.);
#1322=EDGE_CURVE('',#1063,#1063,#891,.T.);
#1323=EDGE_CURVE('',#1064,#1064,#892,.T.);
#1324=EDGE_CURVE('',#1064,#1065,#606,.T.);
#1325=EDGE_CURVE('',#1065,#1065,#893,.T.);
#1326=EDGE_CURVE('',#1066,#1066,#894,.T.);
#1327=EDGE_CURVE('',#1066,#1067,#607,.T.);
#1328=EDGE_CURVE('',#1067,#1067,#895,.T.);
#1329=EDGE_CURVE('',#1068,#1068,#896,.T.);
#1330=EDGE_CURVE('',#1068,#1069,#608,.T.);
#1331=EDGE_CURVE('',#1069,#1069,#897,.T.);
#1332=EDGE_CURVE('',#1052,#1050,#898,.T.);
#1333=EDGE_CURVE('',#1051,#1070,#609,.T.);
#1334=EDGE_CURVE('',#1070,#1070,#899,.T.);
#1335=EDGE_CURVE('',#1055,#1053,#900,.T.);
#1336=EDGE_CURVE('',#1054,#1071,#610,.T.);
#1337=EDGE_CURVE('',#1071,#1071,#901,.T.);
#1338=EDGE_CURVE('',#1072,#1061,#611,.T.);
#1339=EDGE_CURVE('',#1040,#1072,#612,.T.);
#1340=EDGE_CURVE('',#1073,#1072,#613,.T.);
#1341=EDGE_CURVE('',#1073,#1074,#614,.T.);
#1342=EDGE_CURVE('',#1074,#1075,#615,.T.);
#1343=EDGE_CURVE('',#1041,#1075,#616,.T.);
#1344=EDGE_CURVE('',#1060,#1073,#617,.T.);
#1345=EDGE_CURVE('',#1074,#1059,#618,.T.);
#1346=EDGE_CURVE('',#1075,#1058,#619,.T.);
#1347=EDGE_CURVE('',#1076,#1076,#902,.T.);
#1348=EDGE_CURVE('',#1076,#1077,#620,.T.);
#1349=EDGE_CURVE('',#1077,#1078,#903,.T.);
#1350=EDGE_CURVE('',#1078,#1077,#904,.T.);
#1351=EDGE_CURVE('',#1078,#1079,#621,.T.);
#1352=EDGE_CURVE('',#1080,#1079,#905,.T.);
#1353=EDGE_CURVE('',#1079,#1080,#906,.T.);
#1354=EDGE_CURVE('',#1081,#1082,#907,.T.);
#1355=EDGE_CURVE('',#1082,#1081,#908,.T.);
#1356=EDGE_CURVE('',#1081,#1080,#909,.T.);
#1357=EDGE_CURVE('',#1082,#1083,#622,.T.);
#1358=EDGE_CURVE('',#1083,#1083,#910,.T.);
#1359=EDGE_CURVE('',#1084,#1085,#623,.T.);
#1360=EDGE_CURVE('',#1086,#1084,#624,.T.);
#1361=EDGE_CURVE('',#1087,#1086,#625,.T.);
#1362=EDGE_CURVE('',#1087,#1085,#626,.T.);
#1363=EDGE_CURVE('',#1085,#1088,#627,.T.);
#1364=EDGE_CURVE('',#1089,#1087,#628,.T.);
#1365=EDGE_CURVE('',#1089,#1088,#629,.T.);
#1366=EDGE_CURVE('',#1088,#1090,#630,.T.);
#1367=EDGE_CURVE('',#1091,#1089,#631,.T.);
#1368=EDGE_CURVE('',#1091,#1090,#632,.T.);
#1369=EDGE_CURVE('',#1090,#1092,#633,.T.);
#1370=EDGE_CURVE('',#1093,#1091,#634,.T.);
#1371=EDGE_CURVE('',#1093,#1092,#635,.T.);
#1372=EDGE_CURVE('',#1092,#1094,#636,.T.);
#1373=EDGE_CURVE('',#1095,#1093,#637,.T.);
#1374=EDGE_CURVE('',#1095,#1094,#638,.T.);
#1375=EDGE_CURVE('',#1094,#1084,#639,.T.);
#1376=EDGE_CURVE('',#1086,#1095,#640,.T.);
#1377=EDGE_CURVE('',#1096,#1096,#911,.T.);
#1378=EDGE_CURVE('',#1083,#1096,#641,.T.);
#1379=ORIENTED_EDGE('',*,*,#1097,.F.);
#1380=ORIENTED_EDGE('',*,*,#1098,.T.);
#1381=ORIENTED_EDGE('',*,*,#1099,.T.);
#1382=ORIENTED_EDGE('',*,*,#1100,.F.);
#1383=ORIENTED_EDGE('',*,*,#1101,.F.);
#1384=ORIENTED_EDGE('',*,*,#1102,.T.);
#1385=ORIENTED_EDGE('',*,*,#1103,.T.);
#1386=ORIENTED_EDGE('',*,*,#1098,.F.);
#1387=ORIENTED_EDGE('',*,*,#1104,.F.);
#1388=ORIENTED_EDGE('',*,*,#1105,.T.);
#1389=ORIENTED_EDGE('',*,*,#1106,.T.);
#1390=ORIENTED_EDGE('',*,*,#1102,.F.);
#1391=ORIENTED_EDGE('',*,*,#1107,.F.);
#1392=ORIENTED_EDGE('',*,*,#1108,.T.);
#1393=ORIENTED_EDGE('',*,*,#1109,.T.);
#1394=ORIENTED_EDGE('',*,*,#1105,.F.);
#1395=ORIENTED_EDGE('',*,*,#1110,.F.);
#1396=ORIENTED_EDGE('',*,*,#1111,.T.);
#1397=ORIENTED_EDGE('',*,*,#1112,.T.);
#1398=ORIENTED_EDGE('',*,*,#1108,.F.);
#1399=ORIENTED_EDGE('',*,*,#1113,.F.);
#1400=ORIENTED_EDGE('',*,*,#1114,.T.);
#1401=ORIENTED_EDGE('',*,*,#1115,.T.);
#1402=ORIENTED_EDGE('',*,*,#1116,.F.);
#1403=ORIENTED_EDGE('',*,*,#1117,.F.);
#1404=ORIENTED_EDGE('',*,*,#1100,.T.);
#1405=ORIENTED_EDGE('',*,*,#1118,.T.);
#1406=ORIENTED_EDGE('',*,*,#1114,.F.);
#1407=ORIENTED_EDGE('',*,*,#1118,.F.);
#1408=ORIENTED_EDGE('',*,*,#1099,.F.);
#1409=ORIENTED_EDGE('',*,*,#1103,.F.);
#1410=ORIENTED_EDGE('',*,*,#1106,.F.);
#1411=ORIENTED_EDGE('',*,*,#1109,.F.);
#1412=ORIENTED_EDGE('',*,*,#1112,.F.);
#1413=ORIENTED_EDGE('',*,*,#1119,.F.);
#1414=ORIENTED_EDGE('',*,*,#1115,.F.);
#1415=ORIENTED_EDGE('',*,*,#1120,.T.);
#1416=ORIENTED_EDGE('',*,*,#1121,.T.);
#1417=ORIENTED_EDGE('',*,*,#1122,.T.);
#1418=ORIENTED_EDGE('',*,*,#1123,.T.);
#1419=ORIENTED_EDGE('',*,*,#1124,.T.);
#1420=ORIENTED_EDGE('',*,*,#1125,.T.);
#1421=ORIENTED_EDGE('',*,*,#1126,.T.);
#1422=ORIENTED_EDGE('',*,*,#1127,.T.);
#1423=ORIENTED_EDGE('',*,*,#1128,.T.);
#1424=ORIENTED_EDGE('',*,*,#1129,.T.);
#1425=ORIENTED_EDGE('',*,*,#1130,.T.);
#1426=ORIENTED_EDGE('',*,*,#1131,.T.);
#1427=ORIENTED_EDGE('',*,*,#1110,.T.);
#1428=ORIENTED_EDGE('',*,*,#1107,.T.);
#1429=ORIENTED_EDGE('',*,*,#1104,.T.);
#1430=ORIENTED_EDGE('',*,*,#1101,.T.);
#1431=ORIENTED_EDGE('',*,*,#1097,.T.);
#1432=ORIENTED_EDGE('',*,*,#1117,.T.);
#1433=ORIENTED_EDGE('',*,*,#1113,.T.);
#1434=ORIENTED_EDGE('',*,*,#1132,.T.);
#1435=ORIENTED_EDGE('',*,*,#1133,.T.);
#1436=ORIENTED_EDGE('',*,*,#1134,.T.);
#1437=ORIENTED_EDGE('',*,*,#1135,.T.);
#1438=ORIENTED_EDGE('',*,*,#1136,.T.);
#1439=ORIENTED_EDGE('',*,*,#1137,.T.);
#1440=ORIENTED_EDGE('',*,*,#1138,.T.);
#1441=ORIENTED_EDGE('',*,*,#1139,.T.);
#1442=ORIENTED_EDGE('',*,*,#1140,.T.);
#1443=ORIENTED_EDGE('',*,*,#1141,.T.);
#1444=ORIENTED_EDGE('',*,*,#1142,.T.);
#1445=ORIENTED_EDGE('',*,*,#1143,.T.);
#1446=ORIENTED_EDGE('',*,*,#1144,.T.);
#1447=ORIENTED_EDGE('',*,*,#1135,.F.);
#1448=ORIENTED_EDGE('',*,*,#1145,.T.);
#1449=ORIENTED_EDGE('',*,*,#1146,.T.);
#1450=ORIENTED_EDGE('',*,*,#1147,.F.);
#1451=ORIENTED_EDGE('',*,*,#1141,.F.);
#1452=ORIENTED_EDGE('',*,*,#1148,.T.);
#1453=ORIENTED_EDGE('',*,*,#1149,.T.);
#1454=ORIENTED_EDGE('',*,*,#1150,.F.);
#1455=ORIENTED_EDGE('',*,*,#1140,.F.);
#1456=ORIENTED_EDGE('',*,*,#1151,.T.);
#1457=ORIENTED_EDGE('',*,*,#1152,.T.);
#1458=ORIENTED_EDGE('',*,*,#1148,.F.);
#1459=ORIENTED_EDGE('',*,*,#1139,.F.);
#1460=ORIENTED_EDGE('',*,*,#1153,.T.);
#1461=ORIENTED_EDGE('',*,*,#1154,.T.);
#1462=ORIENTED_EDGE('',*,*,#1151,.F.);
#1463=ORIENTED_EDGE('',*,*,#1138,.F.);
#1464=ORIENTED_EDGE('',*,*,#1155,.T.);
#1465=ORIENTED_EDGE('',*,*,#1156,.T.);
#1466=ORIENTED_EDGE('',*,*,#1153,.F.);
#1467=ORIENTED_EDGE('',*,*,#1137,.F.);
#1468=ORIENTED_EDGE('',*,*,#1157,.T.);
#1469=ORIENTED_EDGE('',*,*,#1158,.T.);
#1470=ORIENTED_EDGE('',*,*,#1155,.F.);
#1471=ORIENTED_EDGE('',*,*,#1136,.F.);
#1472=ORIENTED_EDGE('',*,*,#1147,.T.);
#1473=ORIENTED_EDGE('',*,*,#1159,.T.);
#1474=ORIENTED_EDGE('',*,*,#1157,.F.);
#1475=ORIENTED_EDGE('',*,*,#1159,.F.);
#1476=ORIENTED_EDGE('',*,*,#1146,.F.);
#1477=ORIENTED_EDGE('',*,*,#1160,.F.);
#1478=ORIENTED_EDGE('',*,*,#1149,.F.);
#1479=ORIENTED_EDGE('',*,*,#1152,.F.);
#1480=ORIENTED_EDGE('',*,*,#1154,.F.);
#1481=ORIENTED_EDGE('',*,*,#1156,.F.);
#1482=ORIENTED_EDGE('',*,*,#1158,.F.);
#1483=ORIENTED_EDGE('',*,*,#1161,.F.);
#1484=ORIENTED_EDGE('',*,*,#1162,.T.);
#1485=ORIENTED_EDGE('',*,*,#1163,.T.);
#1486=ORIENTED_EDGE('',*,*,#1162,.F.);
#1487=ORIENTED_EDGE('',*,*,#1163,.F.);
#1488=ORIENTED_EDGE('',*,*,#1164,.F.);
#1489=ORIENTED_EDGE('',*,*,#1165,.T.);
#1490=ORIENTED_EDGE('',*,*,#1166,.T.);
#1491=ORIENTED_EDGE('',*,*,#1165,.F.);
#1492=ORIENTED_EDGE('',*,*,#1166,.F.);
#1493=ORIENTED_EDGE('',*,*,#1167,.F.);
#1494=ORIENTED_EDGE('',*,*,#1168,.T.);
#1495=ORIENTED_EDGE('',*,*,#1169,.T.);
#1496=ORIENTED_EDGE('',*,*,#1168,.F.);
#1497=ORIENTED_EDGE('',*,*,#1169,.F.);
#1498=ORIENTED_EDGE('',*,*,#1170,.F.);
#1499=ORIENTED_EDGE('',*,*,#1171,.T.);
#1500=ORIENTED_EDGE('',*,*,#1172,.T.);
#1501=ORIENTED_EDGE('',*,*,#1171,.F.);
#1502=ORIENTED_EDGE('',*,*,#1172,.F.);
#1503=ORIENTED_EDGE('',*,*,#1173,.F.);
#1504=ORIENTED_EDGE('',*,*,#1174,.T.);
#1505=ORIENTED_EDGE('',*,*,#1175,.T.);
#1506=ORIENTED_EDGE('',*,*,#1174,.F.);
#1507=ORIENTED_EDGE('',*,*,#1175,.F.);
#1508=ORIENTED_EDGE('',*,*,#1176,.F.);
#1509=ORIENTED_EDGE('',*,*,#1177,.T.);
#1510=ORIENTED_EDGE('',*,*,#1178,.T.);
#1511=ORIENTED_EDGE('',*,*,#1177,.F.);
#1512=ORIENTED_EDGE('',*,*,#1178,.F.);
#1513=ORIENTED_EDGE('',*,*,#1179,.F.);
#1514=ORIENTED_EDGE('',*,*,#1180,.T.);
#1515=ORIENTED_EDGE('',*,*,#1181,.T.);
#1516=ORIENTED_EDGE('',*,*,#1180,.F.);
#1517=ORIENTED_EDGE('',*,*,#1181,.F.);
#1518=ORIENTED_EDGE('',*,*,#1182,.F.);
#1519=ORIENTED_EDGE('',*,*,#1183,.T.);
#1520=ORIENTED_EDGE('',*,*,#1184,.T.);
#1521=ORIENTED_EDGE('',*,*,#1183,.F.);
#1522=ORIENTED_EDGE('',*,*,#1184,.F.);
#1523=ORIENTED_EDGE('',*,*,#1185,.F.);
#1524=ORIENTED_EDGE('',*,*,#1186,.T.);
#1525=ORIENTED_EDGE('',*,*,#1187,.T.);
#1526=ORIENTED_EDGE('',*,*,#1186,.F.);
#1527=ORIENTED_EDGE('',*,*,#1187,.F.);
#1528=ORIENTED_EDGE('',*,*,#1188,.F.);
#1529=ORIENTED_EDGE('',*,*,#1189,.T.);
#1530=ORIENTED_EDGE('',*,*,#1190,.T.);
#1531=ORIENTED_EDGE('',*,*,#1189,.F.);
#1532=ORIENTED_EDGE('',*,*,#1190,.F.);
#1533=ORIENTED_EDGE('',*,*,#1191,.F.);
#1534=ORIENTED_EDGE('',*,*,#1192,.T.);
#1535=ORIENTED_EDGE('',*,*,#1193,.T.);
#1536=ORIENTED_EDGE('',*,*,#1192,.F.);
#1537=ORIENTED_EDGE('',*,*,#1193,.F.);
#1538=ORIENTED_EDGE('',*,*,#1194,.T.);
#1539=ORIENTED_EDGE('',*,*,#1131,.F.);
#1540=ORIENTED_EDGE('',*,*,#1194,.F.);
#1541=ORIENTED_EDGE('',*,*,#1195,.F.);
#1542=ORIENTED_EDGE('',*,*,#1196,.T.);
#1543=ORIENTED_EDGE('',*,*,#1197,.T.);
#1544=ORIENTED_EDGE('',*,*,#1196,.F.);
#1545=ORIENTED_EDGE('',*,*,#1197,.F.);
#1546=ORIENTED_EDGE('',*,*,#1198,.T.);
#1547=ORIENTED_EDGE('',*,*,#1130,.F.);
#1548=ORIENTED_EDGE('',*,*,#1198,.F.);
#1549=ORIENTED_EDGE('',*,*,#1199,.F.);
#1550=ORIENTED_EDGE('',*,*,#1200,.T.);
#1551=ORIENTED_EDGE('',*,*,#1201,.T.);
#1552=ORIENTED_EDGE('',*,*,#1200,.F.);
#1553=ORIENTED_EDGE('',*,*,#1201,.F.);
#1554=ORIENTED_EDGE('',*,*,#1202,.T.);
#1555=ORIENTED_EDGE('',*,*,#1129,.F.);
#1556=ORIENTED_EDGE('',*,*,#1202,.F.);
#1557=ORIENTED_EDGE('',*,*,#1203,.F.);
#1558=ORIENTED_EDGE('',*,*,#1204,.T.);
#1559=ORIENTED_EDGE('',*,*,#1205,.T.);
#1560=ORIENTED_EDGE('',*,*,#1204,.F.);
#1561=ORIENTED_EDGE('',*,*,#1205,.F.);
#1562=ORIENTED_EDGE('',*,*,#1206,.T.);
#1563=ORIENTED_EDGE('',*,*,#1128,.F.);
#1564=ORIENTED_EDGE('',*,*,#1206,.F.);
#1565=ORIENTED_EDGE('',*,*,#1207,.F.);
#1566=ORIENTED_EDGE('',*,*,#1208,.T.);
#1567=ORIENTED_EDGE('',*,*,#1209,.T.);
#1568=ORIENTED_EDGE('',*,*,#1208,.F.);
#1569=ORIENTED_EDGE('',*,*,#1209,.F.);
#1570=ORIENTED_EDGE('',*,*,#1210,.T.);
#1571=ORIENTED_EDGE('',*,*,#1127,.F.);
#1572=ORIENTED_EDGE('',*,*,#1210,.F.);
#1573=ORIENTED_EDGE('',*,*,#1211,.F.);
#1574=ORIENTED_EDGE('',*,*,#1212,.T.);
#1575=ORIENTED_EDGE('',*,*,#1213,.T.);
#1576=ORIENTED_EDGE('',*,*,#1212,.F.);
#1577=ORIENTED_EDGE('',*,*,#1213,.F.);
#1578=ORIENTED_EDGE('',*,*,#1214,.T.);
#1579=ORIENTED_EDGE('',*,*,#1126,.F.);
#1580=ORIENTED_EDGE('',*,*,#1214,.F.);
#1581=ORIENTED_EDGE('',*,*,#1215,.F.);
#1582=ORIENTED_EDGE('',*,*,#1216,.T.);
#1583=ORIENTED_EDGE('',*,*,#1217,.T.);
#1584=ORIENTED_EDGE('',*,*,#1216,.F.);
#1585=ORIENTED_EDGE('',*,*,#1217,.F.);
#1586=ORIENTED_EDGE('',*,*,#1218,.T.);
#1587=ORIENTED_EDGE('',*,*,#1125,.F.);
#1588=ORIENTED_EDGE('',*,*,#1218,.F.);
#1589=ORIENTED_EDGE('',*,*,#1219,.F.);
#1590=ORIENTED_EDGE('',*,*,#1220,.T.);
#1591=ORIENTED_EDGE('',*,*,#1221,.T.);
#1592=ORIENTED_EDGE('',*,*,#1220,.F.);
#1593=ORIENTED_EDGE('',*,*,#1221,.F.);
#1594=ORIENTED_EDGE('',*,*,#1222,.T.);
#1595=ORIENTED_EDGE('',*,*,#1124,.F.);
#1596=ORIENTED_EDGE('',*,*,#1222,.F.);
#1597=ORIENTED_EDGE('',*,*,#1134,.F.);
#1598=ORIENTED_EDGE('',*,*,#1223,.T.);
#1599=ORIENTED_EDGE('',*,*,#1224,.F.);
#1600=ORIENTED_EDGE('',*,*,#1225,.F.);
#1601=ORIENTED_EDGE('',*,*,#1142,.F.);
#1602=ORIENTED_EDGE('',*,*,#1150,.T.);
#1603=ORIENTED_EDGE('',*,*,#1160,.T.);
#1604=ORIENTED_EDGE('',*,*,#1145,.F.);
#1605=ORIENTED_EDGE('',*,*,#1161,.T.);
#1606=ORIENTED_EDGE('',*,*,#1164,.T.);
#1607=ORIENTED_EDGE('',*,*,#1167,.T.);
#1608=ORIENTED_EDGE('',*,*,#1170,.T.);
#1609=ORIENTED_EDGE('',*,*,#1173,.T.);
#1610=ORIENTED_EDGE('',*,*,#1143,.F.);
#1611=ORIENTED_EDGE('',*,*,#1225,.T.);
#1612=ORIENTED_EDGE('',*,*,#1226,.F.);
#1613=ORIENTED_EDGE('',*,*,#1227,.F.);
#1614=ORIENTED_EDGE('',*,*,#1144,.F.);
#1615=ORIENTED_EDGE('',*,*,#1227,.T.);
#1616=ORIENTED_EDGE('',*,*,#1228,.F.);
#1617=ORIENTED_EDGE('',*,*,#1229,.F.);
#1618=ORIENTED_EDGE('',*,*,#1132,.F.);
#1619=ORIENTED_EDGE('',*,*,#1116,.T.);
#1620=ORIENTED_EDGE('',*,*,#1119,.T.);
#1621=ORIENTED_EDGE('',*,*,#1111,.F.);
#1622=ORIENTED_EDGE('',*,*,#1176,.T.);
#1623=ORIENTED_EDGE('',*,*,#1179,.T.);
#1624=ORIENTED_EDGE('',*,*,#1182,.T.);
#1625=ORIENTED_EDGE('',*,*,#1185,.T.);
#1626=ORIENTED_EDGE('',*,*,#1188,.T.);
#1627=ORIENTED_EDGE('',*,*,#1133,.F.);
#1628=ORIENTED_EDGE('',*,*,#1229,.T.);
#1629=ORIENTED_EDGE('',*,*,#1230,.F.);
#1630=ORIENTED_EDGE('',*,*,#1223,.F.);
#1631=ORIENTED_EDGE('',*,*,#1230,.T.);
#1632=ORIENTED_EDGE('',*,*,#1228,.T.);
#1633=ORIENTED_EDGE('',*,*,#1226,.T.);
#1634=ORIENTED_EDGE('',*,*,#1224,.T.);
#1635=ORIENTED_EDGE('',*,*,#1231,.T.);
#1636=ORIENTED_EDGE('',*,*,#1232,.T.);
#1637=ORIENTED_EDGE('',*,*,#1123,.F.);
#1638=ORIENTED_EDGE('',*,*,#1233,.F.);
#1639=ORIENTED_EDGE('',*,*,#1234,.T.);
#1640=ORIENTED_EDGE('',*,*,#1233,.T.);
#1641=ORIENTED_EDGE('',*,*,#1122,.F.);
#1642=ORIENTED_EDGE('',*,*,#1235,.F.);
#1643=ORIENTED_EDGE('',*,*,#1236,.T.);
#1644=ORIENTED_EDGE('',*,*,#1235,.T.);
#1645=ORIENTED_EDGE('',*,*,#1121,.F.);
#1646=ORIENTED_EDGE('',*,*,#1237,.F.);
#1647=ORIENTED_EDGE('',*,*,#1238,.T.);
#1648=ORIENTED_EDGE('',*,*,#1237,.T.);
#1649=ORIENTED_EDGE('',*,*,#1120,.F.);
#1650=ORIENTED_EDGE('',*,*,#1232,.F.);
#1651=ORIENTED_EDGE('',*,*,#1238,.F.);
#1652=ORIENTED_EDGE('',*,*,#1231,.F.);
#1653=ORIENTED_EDGE('',*,*,#1234,.F.);
#1654=ORIENTED_EDGE('',*,*,#1236,.F.);
#1655=ORIENTED_EDGE('',*,*,#1191,.T.);
#1656=ORIENTED_EDGE('',*,*,#1195,.T.);
#1657=ORIENTED_EDGE('',*,*,#1199,.T.);
#1658=ORIENTED_EDGE('',*,*,#1203,.T.);
#1659=ORIENTED_EDGE('',*,*,#1207,.T.);
#1660=ORIENTED_EDGE('',*,*,#1211,.T.);
#1661=ORIENTED_EDGE('',*,*,#1215,.T.);
#1662=ORIENTED_EDGE('',*,*,#1219,.T.);
#1663=ORIENTED_EDGE('',*,*,#1239,.T.);
#1664=ORIENTED_EDGE('',*,*,#1240,.F.);
#1665=ORIENTED_EDGE('',*,*,#1241,.T.);
#1666=ORIENTED_EDGE('',*,*,#1242,.T.);
#1667=ORIENTED_EDGE('',*,*,#1243,.T.);
#1668=ORIENTED_EDGE('',*,*,#1244,.T.);
#1669=ORIENTED_EDGE('',*,*,#1245,.T.);
#1670=ORIENTED_EDGE('',*,*,#1246,.T.);
#1671=ORIENTED_EDGE('',*,*,#1247,.T.);
#1672=ORIENTED_EDGE('',*,*,#1248,.T.);
#1673=ORIENTED_EDGE('',*,*,#1249,.T.);
#1674=ORIENTED_EDGE('',*,*,#1250,.T.);
#1675=ORIENTED_EDGE('',*,*,#1245,.F.);
#1676=ORIENTED_EDGE('',*,*,#1251,.F.);
#1677=ORIENTED_EDGE('',*,*,#1252,.T.);
#1678=ORIENTED_EDGE('',*,*,#1253,.F.);
#1679=ORIENTED_EDGE('',*,*,#1252,.F.);
#1680=ORIENTED_EDGE('',*,*,#1254,.F.);
#1681=ORIENTED_EDGE('',*,*,#1243,.F.);
#1682=ORIENTED_EDGE('',*,*,#1255,.F.);
#1683=ORIENTED_EDGE('',*,*,#1256,.T.);
#1684=ORIENTED_EDGE('',*,*,#1257,.F.);
#1685=ORIENTED_EDGE('',*,*,#1256,.F.);
#1686=ORIENTED_EDGE('',*,*,#1258,.F.);
#1687=ORIENTED_EDGE('',*,*,#1241,.F.);
#1688=ORIENTED_EDGE('',*,*,#1259,.F.);
#1689=ORIENTED_EDGE('',*,*,#1260,.F.);
#1690=ORIENTED_EDGE('',*,*,#1261,.T.);
#1691=ORIENTED_EDGE('',*,*,#1262,.T.);
#1692=ORIENTED_EDGE('',*,*,#1263,.T.);
#1693=ORIENTED_EDGE('',*,*,#1264,.F.);
#1694=ORIENTED_EDGE('',*,*,#1265,.T.);
#1695=ORIENTED_EDGE('',*,*,#1266,.T.);
#1696=ORIENTED_EDGE('',*,*,#1265,.F.);
#1697=ORIENTED_EDGE('',*,*,#1266,.F.);
#1698=ORIENTED_EDGE('',*,*,#1267,.F.);
#1699=ORIENTED_EDGE('',*,*,#1268,.T.);
#1700=ORIENTED_EDGE('',*,*,#1269,.T.);
#1701=ORIENTED_EDGE('',*,*,#1268,.F.);
#1702=ORIENTED_EDGE('',*,*,#1269,.F.);
#1703=ORIENTED_EDGE('',*,*,#1270,.F.);
#1704=ORIENTED_EDGE('',*,*,#1271,.T.);
#1705=ORIENTED_EDGE('',*,*,#1272,.T.);
#1706=ORIENTED_EDGE('',*,*,#1271,.F.);
#1707=ORIENTED_EDGE('',*,*,#1272,.F.);
#1708=ORIENTED_EDGE('',*,*,#1273,.F.);
#1709=ORIENTED_EDGE('',*,*,#1274,.T.);
#1710=ORIENTED_EDGE('',*,*,#1275,.T.);
#1711=ORIENTED_EDGE('',*,*,#1274,.F.);
#1712=ORIENTED_EDGE('',*,*,#1275,.F.);
#1713=ORIENTED_EDGE('',*,*,#1249,.F.);
#1714=ORIENTED_EDGE('',*,*,#1276,.F.);
#1715=ORIENTED_EDGE('',*,*,#1277,.T.);
#1716=ORIENTED_EDGE('',*,*,#1278,.F.);
#1717=ORIENTED_EDGE('',*,*,#1277,.F.);
#1718=ORIENTED_EDGE('',*,*,#1279,.F.);
#1719=ORIENTED_EDGE('',*,*,#1247,.F.);
#1720=ORIENTED_EDGE('',*,*,#1280,.F.);
#1721=ORIENTED_EDGE('',*,*,#1281,.T.);
#1722=ORIENTED_EDGE('',*,*,#1282,.F.);
#1723=ORIENTED_EDGE('',*,*,#1281,.F.);
#1724=ORIENTED_EDGE('',*,*,#1283,.F.);
#1725=ORIENTED_EDGE('',*,*,#1246,.F.);
#1726=ORIENTED_EDGE('',*,*,#1254,.T.);
#1727=ORIENTED_EDGE('',*,*,#1251,.T.);
#1728=ORIENTED_EDGE('',*,*,#1244,.F.);
#1729=ORIENTED_EDGE('',*,*,#1258,.T.);
#1730=ORIENTED_EDGE('',*,*,#1255,.T.);
#1731=ORIENTED_EDGE('',*,*,#1242,.F.);
#1732=ORIENTED_EDGE('',*,*,#1263,.F.);
#1733=ORIENTED_EDGE('',*,*,#1284,.F.);
#1734=ORIENTED_EDGE('',*,*,#1285,.F.);
#1735=ORIENTED_EDGE('',*,*,#1250,.F.);
#1736=ORIENTED_EDGE('',*,*,#1279,.T.);
#1737=ORIENTED_EDGE('',*,*,#1276,.T.);
#1738=ORIENTED_EDGE('',*,*,#1248,.F.);
#1739=ORIENTED_EDGE('',*,*,#1283,.T.);
#1740=ORIENTED_EDGE('',*,*,#1280,.T.);
#1741=ORIENTED_EDGE('',*,*,#1286,.F.);
#1742=ORIENTED_EDGE('',*,*,#1287,.T.);
#1743=ORIENTED_EDGE('',*,*,#1260,.T.);
#1744=ORIENTED_EDGE('',*,*,#1288,.F.);
#1745=ORIENTED_EDGE('',*,*,#1239,.F.);
#1746=ORIENTED_EDGE('',*,*,#1285,.T.);
#1747=ORIENTED_EDGE('',*,*,#1289,.F.);
#1748=ORIENTED_EDGE('',*,*,#1290,.T.);
#1749=ORIENTED_EDGE('',*,*,#1286,.T.);
#1750=ORIENTED_EDGE('',*,*,#1291,.F.);
#1751=ORIENTED_EDGE('',*,*,#1284,.T.);
#1752=ORIENTED_EDGE('',*,*,#1262,.F.);
#1753=ORIENTED_EDGE('',*,*,#1292,.T.);
#1754=ORIENTED_EDGE('',*,*,#1289,.T.);
#1755=ORIENTED_EDGE('',*,*,#1291,.T.);
#1756=ORIENTED_EDGE('',*,*,#1288,.T.);
#1757=ORIENTED_EDGE('',*,*,#1259,.T.);
#1758=ORIENTED_EDGE('',*,*,#1240,.T.);
#1759=ORIENTED_EDGE('',*,*,#1253,.T.);
#1760=ORIENTED_EDGE('',*,*,#1278,.T.);
#1761=ORIENTED_EDGE('',*,*,#1282,.T.);
#1762=ORIENTED_EDGE('',*,*,#1257,.T.);
#1763=ORIENTED_EDGE('',*,*,#1290,.F.);
#1764=ORIENTED_EDGE('',*,*,#1292,.F.);
#1765=ORIENTED_EDGE('',*,*,#1261,.F.);
#1766=ORIENTED_EDGE('',*,*,#1287,.F.);
#1767=ORIENTED_EDGE('',*,*,#1264,.T.);
#1768=ORIENTED_EDGE('',*,*,#1267,.T.);
#1769=ORIENTED_EDGE('',*,*,#1270,.T.);
#1770=ORIENTED_EDGE('',*,*,#1273,.T.);
#1771=ORIENTED_EDGE('',*,*,#1293,.T.);
#1772=ORIENTED_EDGE('',*,*,#1294,.F.);
#1773=ORIENTED_EDGE('',*,*,#1295,.T.);
#1774=ORIENTED_EDGE('',*,*,#1296,.T.);
#1775=ORIENTED_EDGE('',*,*,#1297,.T.);
#1776=ORIENTED_EDGE('',*,*,#1298,.T.);
#1777=ORIENTED_EDGE('',*,*,#1299,.T.);
#1778=ORIENTED_EDGE('',*,*,#1300,.T.);
#1779=ORIENTED_EDGE('',*,*,#1301,.T.);
#1780=ORIENTED_EDGE('',*,*,#1302,.T.);
#1781=ORIENTED_EDGE('',*,*,#1303,.T.);
#1782=ORIENTED_EDGE('',*,*,#1304,.T.);
#1783=ORIENTED_EDGE('',*,*,#1305,.T.);
#1784=ORIENTED_EDGE('',*,*,#1306,.T.);
#1785=ORIENTED_EDGE('',*,*,#1307,.T.);
#1786=ORIENTED_EDGE('',*,*,#1308,.T.);
#1787=ORIENTED_EDGE('',*,*,#1300,.F.);
#1788=ORIENTED_EDGE('',*,*,#1309,.F.);
#1789=ORIENTED_EDGE('',*,*,#1301,.F.);
#1790=ORIENTED_EDGE('',*,*,#1310,.T.);
#1791=ORIENTED_EDGE('',*,*,#1311,.F.);
#1792=ORIENTED_EDGE('',*,*,#1310,.F.);
#1793=ORIENTED_EDGE('',*,*,#1297,.F.);
#1794=ORIENTED_EDGE('',*,*,#1312,.F.);
#1795=ORIENTED_EDGE('',*,*,#1298,.F.);
#1796=ORIENTED_EDGE('',*,*,#1313,.T.);
#1797=ORIENTED_EDGE('',*,*,#1314,.F.);
#1798=ORIENTED_EDGE('',*,*,#1313,.F.);
#1799=ORIENTED_EDGE('',*,*,#1295,.F.);
#1800=ORIENTED_EDGE('',*,*,#1315,.F.);
#1801=ORIENTED_EDGE('',*,*,#1316,.F.);
#1802=ORIENTED_EDGE('',*,*,#1317,.T.);
#1803=ORIENTED_EDGE('',*,*,#1318,.T.);
#1804=ORIENTED_EDGE('',*,*,#1319,.T.);
#1805=ORIENTED_EDGE('',*,*,#1320,.F.);
#1806=ORIENTED_EDGE('',*,*,#1321,.T.);
#1807=ORIENTED_EDGE('',*,*,#1322,.T.);
#1808=ORIENTED_EDGE('',*,*,#1321,.F.);
#1809=ORIENTED_EDGE('',*,*,#1322,.F.);
#1810=ORIENTED_EDGE('',*,*,#1323,.F.);
#1811=ORIENTED_EDGE('',*,*,#1324,.T.);
#1812=ORIENTED_EDGE('',*,*,#1325,.T.);
#1813=ORIENTED_EDGE('',*,*,#1324,.F.);
#1814=ORIENTED_EDGE('',*,*,#1325,.F.);
#1815=ORIENTED_EDGE('',*,*,#1326,.F.);
#1816=ORIENTED_EDGE('',*,*,#1327,.T.);
#1817=ORIENTED_EDGE('',*,*,#1328,.T.);
#1818=ORIENTED_EDGE('',*,*,#1327,.F.);
#1819=ORIENTED_EDGE('',*,*,#1328,.F.);
#1820=ORIENTED_EDGE('',*,*,#1329,.F.);
#1821=ORIENTED_EDGE('',*,*,#1330,.T.);
#1822=ORIENTED_EDGE('',*,*,#1331,.T.);
#1823=ORIENTED_EDGE('',*,*,#1330,.F.);
#1824=ORIENTED_EDGE('',*,*,#1331,.F.);
#1825=ORIENTED_EDGE('',*,*,#1303,.F.);
#1826=ORIENTED_EDGE('',*,*,#1332,.F.);
#1827=ORIENTED_EDGE('',*,*,#1304,.F.);
#1828=ORIENTED_EDGE('',*,*,#1333,.T.);
#1829=ORIENTED_EDGE('',*,*,#1334,.F.);
#1830=ORIENTED_EDGE('',*,*,#1333,.F.);
#1831=ORIENTED_EDGE('',*,*,#1306,.F.);
#1832=ORIENTED_EDGE('',*,*,#1335,.F.);
#1833=ORIENTED_EDGE('',*,*,#1307,.F.);
#1834=ORIENTED_EDGE('',*,*,#1336,.T.);
#1835=ORIENTED_EDGE('',*,*,#1337,.F.);
#1836=ORIENTED_EDGE('',*,*,#1336,.F.);
#1837=ORIENTED_EDGE('',*,*,#1302,.F.);
#1838=ORIENTED_EDGE('',*,*,#1309,.T.);
#1839=ORIENTED_EDGE('',*,*,#1299,.F.);
#1840=ORIENTED_EDGE('',*,*,#1312,.T.);
#1841=ORIENTED_EDGE('',*,*,#1296,.F.);
#1842=ORIENTED_EDGE('',*,*,#1319,.F.);
#1843=ORIENTED_EDGE('',*,*,#1338,.F.);
#1844=ORIENTED_EDGE('',*,*,#1339,.F.);
#1845=ORIENTED_EDGE('',*,*,#1308,.F.);
#1846=ORIENTED_EDGE('',*,*,#1335,.T.);
#1847=ORIENTED_EDGE('',*,*,#1305,.F.);
#1848=ORIENTED_EDGE('',*,*,#1332,.T.);
#1849=ORIENTED_EDGE('',*,*,#1293,.F.);
#1850=ORIENTED_EDGE('',*,*,#1339,.T.);
#1851=ORIENTED_EDGE('',*,*,#1340,.F.);
#1852=ORIENTED_EDGE('',*,*,#1341,.T.);
#1853=ORIENTED_EDGE('',*,*,#1342,.T.);
#1854=ORIENTED_EDGE('',*,*,#1343,.F.);
#1855=ORIENTED_EDGE('',*,*,#1338,.T.);
#1856=ORIENTED_EDGE('',*,*,#1318,.F.);
#1857=ORIENTED_EDGE('',*,*,#1344,.T.);
#1858=ORIENTED_EDGE('',*,*,#1340,.T.);
#1859=ORIENTED_EDGE('',*,*,#1342,.F.);
#1860=ORIENTED_EDGE('',*,*,#1345,.T.);
#1861=ORIENTED_EDGE('',*,*,#1316,.T.);
#1862=ORIENTED_EDGE('',*,*,#1346,.F.);
#1863=ORIENTED_EDGE('',*,*,#1315,.T.);
#1864=ORIENTED_EDGE('',*,*,#1294,.T.);
#1865=ORIENTED_EDGE('',*,*,#1343,.T.);
#1866=ORIENTED_EDGE('',*,*,#1346,.T.);
#1867=ORIENTED_EDGE('',*,*,#1334,.T.);
#1868=ORIENTED_EDGE('',*,*,#1314,.T.);
#1869=ORIENTED_EDGE('',*,*,#1311,.T.);
#1870=ORIENTED_EDGE('',*,*,#1337,.T.);
#1871=ORIENTED_EDGE('',*,*,#1317,.F.);
#1872=ORIENTED_EDGE('',*,*,#1345,.F.);
#1873=ORIENTED_EDGE('',*,*,#1341,.F.);
#1874=ORIENTED_EDGE('',*,*,#1344,.F.);
#1875=ORIENTED_EDGE('',*,*,#1320,.T.);
#1876=ORIENTED_EDGE('',*,*,#1323,.T.);
#1877=ORIENTED_EDGE('',*,*,#1326,.T.);
#1878=ORIENTED_EDGE('',*,*,#1329,.T.);
#1879=ORIENTED_EDGE('',*,*,#1347,.T.);
#1880=ORIENTED_EDGE('',*,*,#1348,.T.);
#1881=ORIENTED_EDGE('',*,*,#1349,.T.);
#1882=ORIENTED_EDGE('',*,*,#1350,.T.);
#1883=ORIENTED_EDGE('',*,*,#1348,.F.);
#1884=ORIENTED_EDGE('',*,*,#1349,.F.);
#1885=ORIENTED_EDGE('',*,*,#1350,.F.);
#1886=ORIENTED_EDGE('',*,*,#1351,.T.);
#1887=ORIENTED_EDGE('',*,*,#1352,.F.);
#1888=ORIENTED_EDGE('',*,*,#1353,.F.);
#1889=ORIENTED_EDGE('',*,*,#1351,.F.);
#1890=ORIENTED_EDGE('',*,*,#1347,.F.);
#1891=ORIENTED_EDGE('',*,*,#1354,.T.);
#1892=ORIENTED_EDGE('',*,*,#1355,.T.);
#1893=ORIENTED_EDGE('',*,*,#1356,.T.);
#1894=ORIENTED_EDGE('',*,*,#1352,.T.);
#1895=ORIENTED_EDGE('',*,*,#1353,.T.);
#1896=ORIENTED_EDGE('',*,*,#1356,.F.);
#1897=ORIENTED_EDGE('',*,*,#1354,.F.);
#1898=ORIENTED_EDGE('',*,*,#1355,.F.);
#1899=ORIENTED_EDGE('',*,*,#1357,.T.);
#1900=ORIENTED_EDGE('',*,*,#1358,.T.);
#1901=ORIENTED_EDGE('',*,*,#1357,.F.);
#1902=ORIENTED_EDGE('',*,*,#1359,.F.);
#1903=ORIENTED_EDGE('',*,*,#1360,.F.);
#1904=ORIENTED_EDGE('',*,*,#1361,.F.);
#1905=ORIENTED_EDGE('',*,*,#1362,.T.);
#1906=ORIENTED_EDGE('',*,*,#1363,.F.);
#1907=ORIENTED_EDGE('',*,*,#1362,.F.);
#1908=ORIENTED_EDGE('',*,*,#1364,.F.);
#1909=ORIENTED_EDGE('',*,*,#1365,.T.);
#1910=ORIENTED_EDGE('',*,*,#1366,.F.);
#1911=ORIENTED_EDGE('',*,*,#1365,.F.);
#1912=ORIENTED_EDGE('',*,*,#1367,.F.);
#1913=ORIENTED_EDGE('',*,*,#1368,.T.);
#1914=ORIENTED_EDGE('',*,*,#1369,.F.);
#1915=ORIENTED_EDGE('',*,*,#1368,.F.);
#1916=ORIENTED_EDGE('',*,*,#1370,.F.);
#1917=ORIENTED_EDGE('',*,*,#1371,.T.);
#1918=ORIENTED_EDGE('',*,*,#1372,.F.);
#1919=ORIENTED_EDGE('',*,*,#1371,.F.);
#1920=ORIENTED_EDGE('',*,*,#1373,.F.);
#1921=ORIENTED_EDGE('',*,*,#1374,.T.);
#1922=ORIENTED_EDGE('',*,*,#1375,.F.);
#1923=ORIENTED_EDGE('',*,*,#1374,.F.);
#1924=ORIENTED_EDGE('',*,*,#1376,.F.);
#1925=ORIENTED_EDGE('',*,*,#1360,.T.);
#1926=ORIENTED_EDGE('',*,*,#1359,.T.);
#1927=ORIENTED_EDGE('',*,*,#1363,.T.);
#1928=ORIENTED_EDGE('',*,*,#1366,.T.);
#1929=ORIENTED_EDGE('',*,*,#1369,.T.);
#1930=ORIENTED_EDGE('',*,*,#1372,.T.);
#1931=ORIENTED_EDGE('',*,*,#1375,.T.);
#1932=ORIENTED_EDGE('',*,*,#1377,.F.);
#1933=ORIENTED_EDGE('',*,*,#1361,.T.);
#1934=ORIENTED_EDGE('',*,*,#1376,.T.);
#1935=ORIENTED_EDGE('',*,*,#1373,.T.);
#1936=ORIENTED_EDGE('',*,*,#1370,.T.);
#1937=ORIENTED_EDGE('',*,*,#1367,.T.);
#1938=ORIENTED_EDGE('',*,*,#1364,.T.);
#1939=ORIENTED_EDGE('',*,*,#1358,.F.);
#1940=ORIENTED_EDGE('',*,*,#1378,.T.);
#1941=ORIENTED_EDGE('',*,*,#1377,.T.);
#1942=ORIENTED_EDGE('',*,*,#1378,.F.);
#1943=CYLINDRICAL_SURFACE('',#2223,0.5);
#1944=CYLINDRICAL_SURFACE('',#2227,0.499999999999998);
#1945=CYLINDRICAL_SURFACE('',#2231,0.499999999999998);
#1946=CYLINDRICAL_SURFACE('',#2234,0.499999999999998);
#1947=CYLINDRICAL_SURFACE('',#2252,0.5);
#1948=CYLINDRICAL_SURFACE('',#2254,0.5);
#1949=CYLINDRICAL_SURFACE('',#2257,0.499999999999998);
#1950=CYLINDRICAL_SURFACE('',#2260,0.5);
#1951=CYLINDRICAL_SURFACE('',#2264,1.25);
#1952=CYLINDRICAL_SURFACE('',#2268,1.25);
#1953=CYLINDRICAL_SURFACE('',#2272,1.25);
#1954=CYLINDRICAL_SURFACE('',#2276,1.25);
#1955=CYLINDRICAL_SURFACE('',#2280,1.25);
#1956=CYLINDRICAL_SURFACE('',#2284,1.25);
#1957=CYLINDRICAL_SURFACE('',#2288,1.25);
#1958=CYLINDRICAL_SURFACE('',#2292,1.25);
#1959=CYLINDRICAL_SURFACE('',#2296,1.25);
#1960=CYLINDRICAL_SURFACE('',#2300,1.25);
#1961=CYLINDRICAL_SURFACE('',#2307,1.7);
#1962=CYLINDRICAL_SURFACE('',#2311,1.7);
#1963=CYLINDRICAL_SURFACE('',#2315,1.7);
#1964=CYLINDRICAL_SURFACE('',#2319,1.7);
#1965=CYLINDRICAL_SURFACE('',#2323,1.7);
#1966=CYLINDRICAL_SURFACE('',#2327,1.7);
#1967=CYLINDRICAL_SURFACE('',#2331,1.7);
#1968=CYLINDRICAL_SURFACE('',#2335,1.7);
#1969=CYLINDRICAL_SURFACE('',#2352,1.7);
#1970=CYLINDRICAL_SURFACE('',#2356,1.7);
#1971=CYLINDRICAL_SURFACE('',#2361,1.25);
#1972=CYLINDRICAL_SURFACE('',#2365,1.25);
#1973=CYLINDRICAL_SURFACE('',#2369,1.25);
#1974=CYLINDRICAL_SURFACE('',#2373,1.25);
#1975=CYLINDRICAL_SURFACE('',#2377,1.7);
#1976=CYLINDRICAL_SURFACE('',#2381,1.7);
#1977=CYLINDRICAL_SURFACE('',#2401,1.7);
#1978=CYLINDRICAL_SURFACE('',#2404,1.7);
#1979=CYLINDRICAL_SURFACE('',#2408,1.25);
#1980=CYLINDRICAL_SURFACE('',#2412,1.25);
#1981=CYLINDRICAL_SURFACE('',#2416,1.25);
#1982=CYLINDRICAL_SURFACE('',#2420,1.25);
#1983=CYLINDRICAL_SURFACE('',#2424,1.7);
#1984=CYLINDRICAL_SURFACE('',#2427,1.7);
#1985=CYLINDRICAL_SURFACE('',#2441,1.5);
#1986=CYLINDRICAL_SURFACE('',#2460,3.);
#1987=ADVANCED_FACE('',(#200),#1943,.F.);
#1988=ADVANCED_FACE('',(#201),#138,.F.);
#1989=ADVANCED_FACE('',(#202),#1944,.F.);
#1990=ADVANCED_FACE('',(#203),#139,.F.);
#1991=ADVANCED_FACE('',(#204),#1945,.F.);
#1992=ADVANCED_FACE('',(#205),#1946,.F.);
#1993=ADVANCED_FACE('',(#206),#140,.F.);
#1994=ADVANCED_FACE('',(#207),#141,.T.);
#1995=ADVANCED_FACE('',(#208,#94,#95,#96,#97,#98,#99,#100,#101,#102),#142,
 .T.);
#1996=ADVANCED_FACE('',(#209),#1947,.F.);
#1997=ADVANCED_FACE('',(#210),#1948,.F.);
#1998=ADVANCED_FACE('',(#211),#143,.F.);
#1999=ADVANCED_FACE('',(#212),#1949,.F.);
#2000=ADVANCED_FACE('',(#213),#144,.F.);
#2001=ADVANCED_FACE('',(#214),#1950,.F.);
#2002=ADVANCED_FACE('',(#215),#145,.F.);
#2003=ADVANCED_FACE('',(#216),#146,.T.);
#2004=ADVANCED_FACE('',(#217),#1951,.F.);
#2005=ADVANCED_FACE('',(#218),#147,.F.);
#2006=ADVANCED_FACE('',(#219),#1952,.F.);
#2007=ADVANCED_FACE('',(#220),#148,.F.);
#2008=ADVANCED_FACE('',(#221),#1953,.F.);
#2009=ADVANCED_FACE('',(#222),#149,.F.);
#2010=ADVANCED_FACE('',(#223),#1954,.F.);
#2011=ADVANCED_FACE('',(#224),#150,.F.);
#2012=ADVANCED_FACE('',(#225),#1955,.F.);
#2013=ADVANCED_FACE('',(#226),#151,.F.);
#2014=ADVANCED_FACE('',(#227),#1956,.F.);
#2015=ADVANCED_FACE('',(#228),#152,.T.);
#2016=ADVANCED_FACE('',(#229),#1957,.F.);
#2017=ADVANCED_FACE('',(#230),#153,.T.);
#2018=ADVANCED_FACE('',(#231),#1958,.F.);
#2019=ADVANCED_FACE('',(#232),#154,.T.);
#2020=ADVANCED_FACE('',(#233),#1959,.F.);
#2021=ADVANCED_FACE('',(#234),#155,.T.);
#2022=ADVANCED_FACE('',(#235),#1960,.F.);
#2023=ADVANCED_FACE('',(#236),#156,.T.);
#2024=ADVANCED_FACE('',(#237),#84,.F.);
#2025=ADVANCED_FACE('',(#238),#1961,.F.);
#2026=ADVANCED_FACE('',(#239),#85,.F.);
#2027=ADVANCED_FACE('',(#240),#1962,.F.);
#2028=ADVANCED_FACE('',(#241),#86,.F.);
#2029=ADVANCED_FACE('',(#242),#1963,.F.);
#2030=ADVANCED_FACE('',(#243),#87,.F.);
#2031=ADVANCED_FACE('',(#244),#1964,.F.);
#2032=ADVANCED_FACE('',(#245),#88,.F.);
#2033=ADVANCED_FACE('',(#246),#1965,.F.);
#2034=ADVANCED_FACE('',(#247),#89,.F.);
#2035=ADVANCED_FACE('',(#248),#1966,.F.);
#2036=ADVANCED_FACE('',(#249),#90,.F.);
#2037=ADVANCED_FACE('',(#250),#1967,.F.);
#2038=ADVANCED_FACE('',(#251),#91,.F.);
#2039=ADVANCED_FACE('',(#252),#1968,.F.);
#2040=ADVANCED_FACE('',(#253,#103,#104,#105,#106,#107),#157,.T.);
#2041=ADVANCED_FACE('',(#254),#158,.T.);
#2042=ADVANCED_FACE('',(#255,#108,#109,#110,#111,#112),#159,.T.);
#2043=ADVANCED_FACE('',(#256),#160,.T.);
#2044=ADVANCED_FACE('',(#257),#161,.T.);
#2045=ADVANCED_FACE('',(#258),#162,.T.);
#2046=ADVANCED_FACE('',(#259),#163,.T.);
#2047=ADVANCED_FACE('',(#260),#164,.T.);
#2048=ADVANCED_FACE('',(#261),#165,.T.);
#2049=ADVANCED_FACE('',(#262,#113,#114,#115,#116,#117,#118,#119,#120),#166,
 .F.);
#2050=ADVANCED_FACE('',(#263),#167,.T.);
#2051=ADVANCED_FACE('',(#264),#1969,.F.);
#2052=ADVANCED_FACE('',(#265),#1970,.F.);
#2053=ADVANCED_FACE('',(#266),#168,.T.);
#2054=ADVANCED_FACE('',(#267),#1971,.F.);
#2055=ADVANCED_FACE('',(#268),#169,.F.);
#2056=ADVANCED_FACE('',(#269),#1972,.F.);
#2057=ADVANCED_FACE('',(#270),#170,.F.);
#2058=ADVANCED_FACE('',(#271),#1973,.F.);
#2059=ADVANCED_FACE('',(#272),#171,.F.);
#2060=ADVANCED_FACE('',(#273),#1974,.F.);
#2061=ADVANCED_FACE('',(#274),#172,.F.);
#2062=ADVANCED_FACE('',(#275),#1975,.F.);
#2063=ADVANCED_FACE('',(#276),#1976,.F.);
#2064=ADVANCED_FACE('',(#277),#173,.F.);
#2065=ADVANCED_FACE('',(#278),#174,.T.);
#2066=ADVANCED_FACE('',(#279),#175,.T.);
#2067=ADVANCED_FACE('',(#280),#176,.T.);
#2068=ADVANCED_FACE('',(#281,#121,#122,#123,#124),#177,.T.);
#2069=ADVANCED_FACE('',(#282,#125,#126,#127,#128),#178,.F.);
#2070=ADVANCED_FACE('',(#283),#179,.T.);
#2071=ADVANCED_FACE('',(#284),#1977,.F.);
#2072=ADVANCED_FACE('',(#285),#1978,.F.);
#2073=ADVANCED_FACE('',(#286),#180,.T.);
#2074=ADVANCED_FACE('',(#287),#1979,.F.);
#2075=ADVANCED_FACE('',(#288),#181,.F.);
#2076=ADVANCED_FACE('',(#289),#1980,.F.);
#2077=ADVANCED_FACE('',(#290),#182,.F.);
#2078=ADVANCED_FACE('',(#291),#1981,.F.);
#2079=ADVANCED_FACE('',(#292),#183,.F.);
#2080=ADVANCED_FACE('',(#293),#1982,.F.);
#2081=ADVANCED_FACE('',(#294),#184,.F.);
#2082=ADVANCED_FACE('',(#295),#1983,.F.);
#2083=ADVANCED_FACE('',(#296),#1984,.F.);
#2084=ADVANCED_FACE('',(#297),#185,.F.);
#2085=ADVANCED_FACE('',(#298),#186,.T.);
#2086=ADVANCED_FACE('',(#299),#187,.T.);
#2087=ADVANCED_FACE('',(#300),#188,.T.);
#2088=ADVANCED_FACE('',(#301,#129,#130,#131,#132),#189,.T.);
#2089=ADVANCED_FACE('',(#302,#133,#134,#135,#136),#190,.F.);
#2090=ADVANCED_FACE('',(#303),#92,.T.);
#2091=ADVANCED_FACE('',(#304),#1985,.T.);
#2092=ADVANCED_FACE('',(#305),#191,.T.);
#2093=ADVANCED_FACE('',(#306),#55,.F.);
#2094=ADVANCED_FACE('',(#307),#93,.T.);
#2095=ADVANCED_FACE('',(#308),#192,.F.);
#2096=ADVANCED_FACE('',(#309),#193,.F.);
#2097=ADVANCED_FACE('',(#310),#194,.F.);
#2098=ADVANCED_FACE('',(#311),#195,.F.);
#2099=ADVANCED_FACE('',(#312),#196,.F.);
#2100=ADVANCED_FACE('',(#313),#197,.F.);
#2101=ADVANCED_FACE('',(#314),#198,.T.);
#2102=ADVANCED_FACE('',(#315,#137),#199,.T.);
#2103=ADVANCED_FACE('',(#316),#1986,.T.);
#2104=CLOSED_SHELL('',(#1987,#1988,#1989,#1990,#1991,#1992,#1993,#1994,
#1995,#1996,#1997,#1998,#1999,#2000,#2001,#2002,#2003,#2004,#2005,#2006,
#2007,#2008,#2009,#2010,#2011,#2012,#2013,#2014,#2015,#2016,#2017,#2018,
#2019,#2020,#2021,#2022,#2023,#2024,#2025,#2026,#2027,#2028,#2029,#2030,
#2031,#2032,#2033,#2034,#2035,#2036,#2037,#2038,#2039,#2040,#2041,#2042,
#2043,#2044,#2045,#2046,#2047,#2048,#2049));
#2105=CLOSED_SHELL('',(#2050,#2051,#2052,#2053,#2054,#2055,#2056,#2057,
#2058,#2059,#2060,#2061,#2062,#2063,#2064,#2065,#2066,#2067,#2068,#2069));
#2106=CLOSED_SHELL('',(#2070,#2071,#2072,#2073,#2074,#2075,#2076,#2077,
#2078,#2079,#2080,#2081,#2082,#2083,#2084,#2085,#2086,#2087,#2088,#2089));
#2107=CLOSED_SHELL('',(#2090,#2091,#2092,#2093,#2094,#2095,#2096,#2097,
#2098,#2099,#2100,#2101,#2102,#2103));
#2108=DERIVED_UNIT_ELEMENT(#2116,1.);
#2109=DERIVED_UNIT_ELEMENT(#3754,-3.);
#2110=DERIVED_UNIT_ELEMENT(#2116,1.);
#2111=DERIVED_UNIT_ELEMENT(#3754,-3.);
#2112=DERIVED_UNIT_ELEMENT(#2116,1.);
#2113=DERIVED_UNIT_ELEMENT(#3754,-3.);
#2114=DERIVED_UNIT_ELEMENT(#2116,1.);
#2115=DERIVED_UNIT_ELEMENT(#3754,-3.);
#2116=(
CONVERSION_BASED_UNIT('gram',#2118)
MASS_UNIT()
NAMED_UNIT(#3751)
);
#2117=(
MASS_UNIT()
NAMED_UNIT(*)
SI_UNIT(.KILO.,.GRAM.)
);
#2118=MASS_MEASURE_WITH_UNIT(MASS_MEASURE(0.001),#2117);
#2119=DERIVED_UNIT((#2108,#2109));
#2120=DERIVED_UNIT((#2110,#2111));
#2121=DERIVED_UNIT((#2112,#2113));
#2122=DERIVED_UNIT((#2114,#2115));
#2123=MEASURE_REPRESENTATION_ITEM('density measure',
POSITIVE_RATIO_MEASURE(1.),#2119);
#2124=MEASURE_REPRESENTATION_ITEM('density measure',
POSITIVE_RATIO_MEASURE(1.),#2120);
#2125=MEASURE_REPRESENTATION_ITEM('density measure',
POSITIVE_RATIO_MEASURE(1.),#2121);
#2126=MEASURE_REPRESENTATION_ITEM('density measure',
POSITIVE_RATIO_MEASURE(7.85),#2122);
#2127=PROPERTY_DEFINITION_REPRESENTATION(#2147,#2135);
#2128=PROPERTY_DEFINITION_REPRESENTATION(#2148,#2136);
#2129=PROPERTY_DEFINITION_REPRESENTATION(#2149,#2137);
#2130=PROPERTY_DEFINITION_REPRESENTATION(#2150,#2138);
#2131=PROPERTY_DEFINITION_REPRESENTATION(#2151,#2139);
#2132=PROPERTY_DEFINITION_REPRESENTATION(#2152,#2140);
#2133=PROPERTY_DEFINITION_REPRESENTATION(#2153,#2141);
#2134=PROPERTY_DEFINITION_REPRESENTATION(#2154,#2142);
#2135=REPRESENTATION('material name',(#2143),#3745);
#2136=REPRESENTATION('density',(#2123),#3745);
#2137=REPRESENTATION('material name',(#2144),#3746);
#2138=REPRESENTATION('density',(#2124),#3746);
#2139=REPRESENTATION('material name',(#2145),#3747);
#2140=REPRESENTATION('density',(#2125),#3747);
#2141=REPRESENTATION('material name',(#2146),#3748);
#2142=REPRESENTATION('density',(#2126),#3748);
#2143=DESCRIPTIVE_REPRESENTATION_ITEM('Generic','Generic');
#2144=DESCRIPTIVE_REPRESENTATION_ITEM('Generic','Generic');
#2145=DESCRIPTIVE_REPRESENTATION_ITEM('Generic','Generic');
#2146=DESCRIPTIVE_REPRESENTATION_ITEM('Steel, Mild','Steel, Mild');
#2147=PROPERTY_DEFINITION('material property','material name',#3786);
#2148=PROPERTY_DEFINITION('material property','density of part',#3786);
#2149=PROPERTY_DEFINITION('material property','material name',#3787);
#2150=PROPERTY_DEFINITION('material property','density of part',#3787);
#2151=PROPERTY_DEFINITION('material property','material name',#3788);
#2152=PROPERTY_DEFINITION('material property','density of part',#3788);
#2153=PROPERTY_DEFINITION('material property','material name',#3789);
#2154=PROPERTY_DEFINITION('material property','density of part',#3789);
#2155=PRESENTATION_STYLE_ASSIGNMENT((#2159));
#2156=PRESENTATION_STYLE_ASSIGNMENT((#2160));
#2157=PRESENTATION_STYLE_ASSIGNMENT((#2161));
#2158=PRESENTATION_STYLE_ASSIGNMENT((#2162));
#2159=SURFACE_STYLE_USAGE(.BOTH.,#2171);
#2160=SURFACE_STYLE_USAGE(.BOTH.,#2172);
#2161=SURFACE_STYLE_USAGE(.BOTH.,#2173);
#2162=SURFACE_STYLE_USAGE(.BOTH.,#2174);
#2163=SURFACE_STYLE_RENDERING_WITH_PROPERTIES($,#2187,(#2167));
#2164=SURFACE_STYLE_RENDERING_WITH_PROPERTIES($,#2188,(#2168));
#2165=SURFACE_STYLE_RENDERING_WITH_PROPERTIES($,#2189,(#2169));
#2166=SURFACE_STYLE_RENDERING_WITH_PROPERTIES($,#2190,(#2170));
#2167=SURFACE_STYLE_TRANSPARENT(0.);
#2168=SURFACE_STYLE_TRANSPARENT(0.);
#2169=SURFACE_STYLE_TRANSPARENT(0.);
#2170=SURFACE_STYLE_TRANSPARENT(0.);
#2171=SURFACE_SIDE_STYLE('',(#2175,#2163));
#2172=SURFACE_SIDE_STYLE('',(#2176,#2164));
#2173=SURFACE_SIDE_STYLE('',(#2177,#2165));
#2174=SURFACE_SIDE_STYLE('',(#2178,#2166));
#2175=SURFACE_STYLE_FILL_AREA(#2179);
#2176=SURFACE_STYLE_FILL_AREA(#2180);
#2177=SURFACE_STYLE_FILL_AREA(#2181);
#2178=SURFACE_STYLE_FILL_AREA(#2182);
#2179=FILL_AREA_STYLE('',(#2183));
#2180=FILL_AREA_STYLE('',(#2184));
#2181=FILL_AREA_STYLE('',(#2185));
#2182=FILL_AREA_STYLE('',(#2186));
#2183=FILL_AREA_STYLE_COLOUR('',#2187);
#2184=FILL_AREA_STYLE_COLOUR('',#2188);
#2185=FILL_AREA_STYLE_COLOUR('',#2189);
#2186=FILL_AREA_STYLE_COLOUR('',#2190);
#2187=COLOUR_RGB('',0.223529411764706,0.501960784313725,0.67843137254902);
#2188=COLOUR_RGB('',0.235294117647059,0.647058823529412,0.603921568627451);
#2189=COLOUR_RGB('',0.235294117647059,0.647058823529412,0.603921568627451);
#2190=COLOUR_RGB('',0.745098039215686,0.737254901960784,0.729411764705882);
#2191=DATE_TIME_ROLE('creation_date');
#2192=DATE_TIME_ROLE('creation_date');
#2193=DATE_TIME_ROLE('creation_date');
#2194=DATE_TIME_ROLE('creation_date');
#2195=DATE_TIME_ROLE('creation_date');
#2196=APPLIED_DATE_AND_TIME_ASSIGNMENT(#2201,#2191,(#3785));
#2197=APPLIED_DATE_AND_TIME_ASSIGNMENT(#2202,#2192,(#3786));
#2198=APPLIED_DATE_AND_TIME_ASSIGNMENT(#2203,#2193,(#3787));
#2199=APPLIED_DATE_AND_TIME_ASSIGNMENT(#2204,#2194,(#3788));
#2200=APPLIED_DATE_AND_TIME_ASSIGNMENT(#2205,#2195,(#3789));
#2201=DATE_AND_TIME(#2206,#2211);
#2202=DATE_AND_TIME(#2207,#2212);
#2203=DATE_AND_TIME(#2208,#2213);
#2204=DATE_AND_TIME(#2209,#2214);
#2205=DATE_AND_TIME(#2210,#2215);
#2206=CALENDAR_DATE(2026,22,9);
#2207=CALENDAR_DATE(2026,22,9);
#2208=CALENDAR_DATE(2026,22,9);
#2209=CALENDAR_DATE(2026,22,9);
#2210=CALENDAR_DATE(2026,2,2);
#2211=LOCAL_TIME(0,0,0.,#2216);
#2212=LOCAL_TIME(0,0,0.,#2217);
#2213=LOCAL_TIME(0,0,0.,#2218);
#2214=LOCAL_TIME(0,0,0.,#2219);
#2215=LOCAL_TIME(0,0,0.,#2220);
#2216=COORDINATED_UNIVERSAL_TIME_OFFSET(0,0,.BEHIND.);
#2217=COORDINATED_UNIVERSAL_TIME_OFFSET(0,0,.BEHIND.);
#2218=COORDINATED_UNIVERSAL_TIME_OFFSET(0,0,.BEHIND.);
#2219=COORDINATED_UNIVERSAL_TIME_OFFSET(0,0,.BEHIND.);
#2220=COORDINATED_UNIVERSAL_TIME_OFFSET(0,0,.BEHIND.);
#2221=AXIS2_PLACEMENT_3D('',#3138,#2472,#2473);
#2222=AXIS2_PLACEMENT_3D('',#3139,#2474,#2475);
#2223=AXIS2_PLACEMENT_3D('',#3140,#2476,#2477);
#2224=AXIS2_PLACEMENT_3D('',#3143,#2478,#2479);
#2225=AXIS2_PLACEMENT_3D('',#3147,#2481,#2482);
#2226=AXIS2_PLACEMENT_3D('',#3149,#2484,#2485);
#2227=AXIS2_PLACEMENT_3D('',#3155,#2489,#2490);
#2228=AXIS2_PLACEMENT_3D('',#3157,#2491,#2492);
#2229=AXIS2_PLACEMENT_3D('',#3160,#2494,#2495);
#2230=AXIS2_PLACEMENT_3D('',#3161,#2496,#2497);
#2231=AXIS2_PLACEMENT_3D('',#3167,#2501,#2502);
#2232=AXIS2_PLACEMENT_3D('',#3169,#2503,#2504);
#2233=AXIS2_PLACEMENT_3D('',#3172,#2506,#2507);
#2234=AXIS2_PLACEMENT_3D('',#3173,#2508,#2509);
#2235=AXIS2_PLACEMENT_3D('',#3176,#2510,#2511);
#2236=AXIS2_PLACEMENT_3D('',#3180,#2513,#2514);
#2237=AXIS2_PLACEMENT_3D('',#3182,#2516,#2517);
#2238=AXIS2_PLACEMENT_3D('',#3185,#2520,#2521);
#2239=AXIS2_PLACEMENT_3D('',#3187,#2523,#2524);
#2240=AXIS2_PLACEMENT_3D('',#3197,#2529,#2530);
#2241=AXIS2_PLACEMENT_3D('',#3199,#2531,#2532);
#2242=AXIS2_PLACEMENT_3D('',#3201,#2533,#2534);
#2243=AXIS2_PLACEMENT_3D('',#3203,#2535,#2536);
#2244=AXIS2_PLACEMENT_3D('',#3205,#2537,#2538);
#2245=AXIS2_PLACEMENT_3D('',#3207,#2539,#2540);
#2246=AXIS2_PLACEMENT_3D('',#3209,#2541,#2542);
#2247=AXIS2_PLACEMENT_3D('',#3211,#2543,#2544);
#2248=AXIS2_PLACEMENT_3D('',#3219,#2548,#2549);
#2249=AXIS2_PLACEMENT_3D('',#3223,#2551,#2552);
#2250=AXIS2_PLACEMENT_3D('',#3227,#2554,#2555);
#2251=AXIS2_PLACEMENT_3D('',#3231,#2557,#2558);
#2252=AXIS2_PLACEMENT_3D('',#3237,#2562,#2563);
#2253=AXIS2_PLACEMENT_3D('',#3241,#2565,#2566);
#2254=AXIS2_PLACEMENT_3D('',#3243,#2568,#2569);
#2255=AXIS2_PLACEMENT_3D('',#3247,#2571,#2572);
#2256=AXIS2_PLACEMENT_3D('',#3249,#2574,#2575);
#2257=AXIS2_PLACEMENT_3D('',#3253,#2578,#2579);
#2258=AXIS2_PLACEMENT_3D('',#3256,#2581,#2582);
#2259=AXIS2_PLACEMENT_3D('',#3257,#2583,#2584);
#2260=AXIS2_PLACEMENT_3D('',#3261,#2587,#2588);
#2261=AXIS2_PLACEMENT_3D('',#3264,#2590,#2591);
#2262=AXIS2_PLACEMENT_3D('',#3265,#2592,#2593);
#2263=AXIS2_PLACEMENT_3D('',#3267,#2595,#2596);
#2264=AXIS2_PLACEMENT_3D('',#3269,#2598,#2599);
#2265=AXIS2_PLACEMENT_3D('',#3271,#2600,#2601);
#2266=AXIS2_PLACEMENT_3D('',#3274,#2603,#2604);
#2267=AXIS2_PLACEMENT_3D('',#3275,#2605,#2606);
#2268=AXIS2_PLACEMENT_3D('',#3276,#2607,#2608);
#2269=AXIS2_PLACEMENT_3D('',#3278,#2609,#2610);
#2270=AXIS2_PLACEMENT_3D('',#3281,#2612,#2613);
#2271=AXIS2_PLACEMENT_3D('',#3282,#2614,#2615);
#2272=AXIS2_PLACEMENT_3D('',#3283,#2616,#2617);
#2273=AXIS2_PLACEMENT_3D('',#3285,#2618,#2619);
#2274=AXIS2_PLACEMENT_3D('',#3288,#2621,#2622);
#2275=AXIS2_PLACEMENT_3D('',#3289,#2623,#2624);
#2276=AXIS2_PLACEMENT_3D('',#3290,#2625,#2626);
#2277=AXIS2_PLACEMENT_3D('',#3292,#2627,#2628);
#2278=AXIS2_PLACEMENT_3D('',#3295,#2630,#2631);
#2279=AXIS2_PLACEMENT_3D('',#3296,#2632,#2633);
#2280=AXIS2_PLACEMENT_3D('',#3297,#2634,#2635);
#2281=AXIS2_PLACEMENT_3D('',#3299,#2636,#2637);
#2282=AXIS2_PLACEMENT_3D('',#3302,#2639,#2640);
#2283=AXIS2_PLACEMENT_3D('',#3303,#2641,#2642);
#2284=AXIS2_PLACEMENT_3D('',#3304,#2643,#2644);
#2285=AXIS2_PLACEMENT_3D('',#3306,#2645,#2646);
#2286=AXIS2_PLACEMENT_3D('',#3309,#2648,#2649);
#2287=AXIS2_PLACEMENT_3D('',#3310,#2650,#2651);
#2288=AXIS2_PLACEMENT_3D('',#3311,#2652,#2653);
#2289=AXIS2_PLACEMENT_3D('',#3313,#2654,#2655);
#2290=AXIS2_PLACEMENT_3D('',#3316,#2657,#2658);
#2291=AXIS2_PLACEMENT_3D('',#3317,#2659,#2660);
#2292=AXIS2_PLACEMENT_3D('',#3318,#2661,#2662);
#2293=AXIS2_PLACEMENT_3D('',#3320,#2663,#2664);
#2294=AXIS2_PLACEMENT_3D('',#3323,#2666,#2667);
#2295=AXIS2_PLACEMENT_3D('',#3324,#2668,#2669);
#2296=AXIS2_PLACEMENT_3D('',#3325,#2670,#2671);
#2297=AXIS2_PLACEMENT_3D('',#3327,#2672,#2673);
#2298=AXIS2_PLACEMENT_3D('',#3330,#2675,#2676);
#2299=AXIS2_PLACEMENT_3D('',#3331,#2677,#2678);
#2300=AXIS2_PLACEMENT_3D('',#3332,#2679,#2680);
#2301=AXIS2_PLACEMENT_3D('',#3334,#2681,#2682);
#2302=AXIS2_PLACEMENT_3D('',#3337,#2684,#2685);
#2303=AXIS2_PLACEMENT_3D('',#3338,#2686,#2687);
#2304=AXIS2_PLACEMENT_3D('',#3339,#2688,#2689);
#2305=AXIS2_PLACEMENT_3D('',#3341,#2690,#2691);
#2306=AXIS2_PLACEMENT_3D('',#3344,#2693,#2694);
#2307=AXIS2_PLACEMENT_3D('',#3345,#2695,#2696);
#2308=AXIS2_PLACEMENT_3D('',#3347,#2698,#2699);
#2309=AXIS2_PLACEMENT_3D('',#3349,#2700,#2701);
#2310=AXIS2_PLACEMENT_3D('',#3352,#2703,#2704);
#2311=AXIS2_PLACEMENT_3D('',#3353,#2705,#2706);
#2312=AXIS2_PLACEMENT_3D('',#3355,#2708,#2709);
#2313=AXIS2_PLACEMENT_3D('',#3357,#2710,#2711);
#2314=AXIS2_PLACEMENT_3D('',#3360,#2713,#2714);
#2315=AXIS2_PLACEMENT_3D('',#3361,#2715,#2716);
#2316=AXIS2_PLACEMENT_3D('',#3363,#2718,#2719);
#2317=AXIS2_PLACEMENT_3D('',#3365,#2720,#2721);
#2318=AXIS2_PLACEMENT_3D('',#3368,#2723,#2724);
#2319=AXIS2_PLACEMENT_3D('',#3369,#2725,#2726);
#2320=AXIS2_PLACEMENT_3D('',#3371,#2728,#2729);
#2321=AXIS2_PLACEMENT_3D('',#3373,#2730,#2731);
#2322=AXIS2_PLACEMENT_3D('',#3376,#2733,#2734);
#2323=AXIS2_PLACEMENT_3D('',#3377,#2735,#2736);
#2324=AXIS2_PLACEMENT_3D('',#3379,#2738,#2739);
#2325=AXIS2_PLACEMENT_3D('',#3381,#2740,#2741);
#2326=AXIS2_PLACEMENT_3D('',#3384,#2743,#2744);
#2327=AXIS2_PLACEMENT_3D('',#3385,#2745,#2746);
#2328=AXIS2_PLACEMENT_3D('',#3387,#2748,#2749);
#2329=AXIS2_PLACEMENT_3D('',#3389,#2750,#2751);
#2330=AXIS2_PLACEMENT_3D('',#3392,#2753,#2754);
#2331=AXIS2_PLACEMENT_3D('',#3393,#2755,#2756);
#2332=AXIS2_PLACEMENT_3D('',#3395,#2758,#2759);
#2333=AXIS2_PLACEMENT_3D('',#3397,#2760,#2761);
#2334=AXIS2_PLACEMENT_3D('',#3400,#2763,#2764);
#2335=AXIS2_PLACEMENT_3D('',#3401,#2765,#2766);
#2336=AXIS2_PLACEMENT_3D('',#3403,#2768,#2769);
#2337=AXIS2_PLACEMENT_3D('',#3409,#2773,#2774);
#2338=AXIS2_PLACEMENT_3D('',#3413,#2777,#2778);
#2339=AXIS2_PLACEMENT_3D('',#3417,#2781,#2782);
#2340=AXIS2_PLACEMENT_3D('',#3419,#2784,#2785);
#2341=AXIS2_PLACEMENT_3D('',#3420,#2786,#2787);
#2342=AXIS2_PLACEMENT_3D('',#3426,#2791,#2792);
#2343=AXIS2_PLACEMENT_3D('',#3430,#2795,#2796);
#2344=AXIS2_PLACEMENT_3D('',#3434,#2799,#2800);
#2345=AXIS2_PLACEMENT_3D('',#3436,#2802,#2803);
#2346=AXIS2_PLACEMENT_3D('',#3437,#2804,#2805);
#2347=AXIS2_PLACEMENT_3D('',#3438,#2806,#2807);
#2348=AXIS2_PLACEMENT_3D('',#3449,#2812,#2813);
#2349=AXIS2_PLACEMENT_3D('',#3453,#2815,#2816);
#2350=AXIS2_PLACEMENT_3D('',#3457,#2818,#2819);
#2351=AXIS2_PLACEMENT_3D('',#3461,#2821,#2822);
#2352=AXIS2_PLACEMENT_3D('',#3463,#2824,#2825);
#2353=AXIS2_PLACEMENT_3D('',#3465,#2826,#2827);
#2354=AXIS2_PLACEMENT_3D('',#3468,#2829,#2830);
#2355=AXIS2_PLACEMENT_3D('',#3469,#2831,#2832);
#2356=AXIS2_PLACEMENT_3D('',#3470,#2833,#2834);
#2357=AXIS2_PLACEMENT_3D('',#3472,#2835,#2836);
#2358=AXIS2_PLACEMENT_3D('',#3475,#2838,#2839);
#2359=AXIS2_PLACEMENT_3D('',#3476,#2840,#2841);
#2360=AXIS2_PLACEMENT_3D('',#3477,#2842,#2843);
#2361=AXIS2_PLACEMENT_3D('',#3487,#2849,#2850);
#2362=AXIS2_PLACEMENT_3D('',#3489,#2851,#2852);
#2363=AXIS2_PLACEMENT_3D('',#3492,#2854,#2855);
#2364=AXIS2_PLACEMENT_3D('',#3493,#2856,#2857);
#2365=AXIS2_PLACEMENT_3D('',#3494,#2858,#2859);
#2366=AXIS2_PLACEMENT_3D('',#3496,#2860,#2861);
#2367=AXIS2_PLACEMENT_3D('',#3499,#2863,#2864);
#2368=AXIS2_PLACEMENT_3D('',#3500,#2865,#2866);
#2369=AXIS2_PLACEMENT_3D('',#3501,#2867,#2868);
#2370=AXIS2_PLACEMENT_3D('',#3503,#2869,#2870);
#2371=AXIS2_PLACEMENT_3D('',#3506,#2872,#2873);
#2372=AXIS2_PLACEMENT_3D('',#3507,#2874,#2875);
#2373=AXIS2_PLACEMENT_3D('',#3508,#2876,#2877);
#2374=AXIS2_PLACEMENT_3D('',#3510,#2878,#2879);
#2375=AXIS2_PLACEMENT_3D('',#3513,#2881,#2882);
#2376=AXIS2_PLACEMENT_3D('',#3514,#2883,#2884);
#2377=AXIS2_PLACEMENT_3D('',#3515,#2885,#2886);
#2378=AXIS2_PLACEMENT_3D('',#3517,#2887,#2888);
#2379=AXIS2_PLACEMENT_3D('',#3520,#2890,#2891);
#2380=AXIS2_PLACEMENT_3D('',#3521,#2892,#2893);
#2381=AXIS2_PLACEMENT_3D('',#3522,#2894,#2895);
#2382=AXIS2_PLACEMENT_3D('',#3524,#2896,#2897);
#2383=AXIS2_PLACEMENT_3D('',#3527,#2899,#2900);
#2384=AXIS2_PLACEMENT_3D('',#3528,#2901,#2902);
#2385=AXIS2_PLACEMENT_3D('',#3529,#2903,#2904);
#2386=AXIS2_PLACEMENT_3D('',#3533,#2907,#2908);
#2387=AXIS2_PLACEMENT_3D('',#3539,#2912,#2913);
#2388=AXIS2_PLACEMENT_3D('',#3544,#2917,#2918);
#2389=AXIS2_PLACEMENT_3D('',#3546,#2920,#2921);
#2390=AXIS2_PLACEMENT_3D('',#3547,#2922,#2923);
#2391=AXIS2_PLACEMENT_3D('',#3548,#2924,#2925);
#2392=AXIS2_PLACEMENT_3D('',#3549,#2926,#2927);
#2393=AXIS2_PLACEMENT_3D('',#3560,#2932,#2933);
#2394=AXIS2_PLACEMENT_3D('',#3562,#2934,#2935);
#2395=AXIS2_PLACEMENT_3D('',#3566,#2937,#2938);
#2396=AXIS2_PLACEMENT_3D('',#3568,#2939,#2940);
#2397=AXIS2_PLACEMENT_3D('',#3572,#2942,#2943);
#2398=AXIS2_PLACEMENT_3D('',#3574,#2944,#2945);
#2399=AXIS2_PLACEMENT_3D('',#3578,#2947,#2948);
#2400=AXIS2_PLACEMENT_3D('',#3580,#2949,#2950);
#2401=AXIS2_PLACEMENT_3D('',#3582,#2952,#2953);
#2402=AXIS2_PLACEMENT_3D('',#3583,#2954,#2955);
#2403=AXIS2_PLACEMENT_3D('',#3586,#2957,#2958);
#2404=AXIS2_PLACEMENT_3D('',#3587,#2959,#2960);
#2405=AXIS2_PLACEMENT_3D('',#3588,#2961,#2962);
#2406=AXIS2_PLACEMENT_3D('',#3591,#2964,#2965);
#2407=AXIS2_PLACEMENT_3D('',#3592,#2966,#2967);
#2408=AXIS2_PLACEMENT_3D('',#3602,#2973,#2974);
#2409=AXIS2_PLACEMENT_3D('',#3604,#2975,#2976);
#2410=AXIS2_PLACEMENT_3D('',#3607,#2978,#2979);
#2411=AXIS2_PLACEMENT_3D('',#3608,#2980,#2981);
#2412=AXIS2_PLACEMENT_3D('',#3609,#2982,#2983);
#2413=AXIS2_PLACEMENT_3D('',#3611,#2984,#2985);
#2414=AXIS2_PLACEMENT_3D('',#3614,#2987,#2988);
#2415=AXIS2_PLACEMENT_3D('',#3615,#2989,#2990);
#2416=AXIS2_PLACEMENT_3D('',#3616,#2991,#2992);
#2417=AXIS2_PLACEMENT_3D('',#3618,#2993,#2994);
#2418=AXIS2_PLACEMENT_3D('',#3621,#2996,#2997);
#2419=AXIS2_PLACEMENT_3D('',#3622,#2998,#2999);
#2420=AXIS2_PLACEMENT_3D('',#3623,#3000,#3001);
#2421=AXIS2_PLACEMENT_3D('',#3625,#3002,#3003);
#2422=AXIS2_PLACEMENT_3D('',#3628,#3005,#3006);
#2423=AXIS2_PLACEMENT_3D('',#3629,#3007,#3008);
#2424=AXIS2_PLACEMENT_3D('',#3630,#3009,#3010);
#2425=AXIS2_PLACEMENT_3D('',#3631,#3011,#3012);
#2426=AXIS2_PLACEMENT_3D('',#3634,#3014,#3015);
#2427=AXIS2_PLACEMENT_3D('',#3635,#3016,#3017);
#2428=AXIS2_PLACEMENT_3D('',#3636,#3018,#3019);
#2429=AXIS2_PLACEMENT_3D('',#3639,#3021,#3022);
#2430=AXIS2_PLACEMENT_3D('',#3640,#3023,#3024);
#2431=AXIS2_PLACEMENT_3D('',#3644,#3027,#3028);
#2432=AXIS2_PLACEMENT_3D('',#3652,#3033,#3034);
#2433=AXIS2_PLACEMENT_3D('',#3654,#3036,#3037);
#2434=AXIS2_PLACEMENT_3D('',#3657,#3040,#3041);
#2435=AXIS2_PLACEMENT_3D('',#3658,#3042,#3043);
#2436=AXIS2_PLACEMENT_3D('',#3659,#3044,#3045);
#2437=AXIS2_PLACEMENT_3D('',#3660,#3046,#3047);
#2438=AXIS2_PLACEMENT_3D('',#3662,#3048,#3049);
#2439=AXIS2_PLACEMENT_3D('',#3666,#3051,#3052);
#2440=AXIS2_PLACEMENT_3D('',#3667,#3053,#3054);
#2441=AXIS2_PLACEMENT_3D('',#3668,#3055,#3056);
#2442=AXIS2_PLACEMENT_3D('',#3672,#3058,#3059);
#2443=AXIS2_PLACEMENT_3D('',#3673,#3060,#3061);
#2444=AXIS2_PLACEMENT_3D('',#3674,#3062,#3063);
#2445=AXIS2_PLACEMENT_3D('',#3675,#3064,#3065);
#2446=AXIS2_PLACEMENT_3D('',#3678,#3066,#3067);
#2447=AXIS2_PLACEMENT_3D('',#3679,#3068,#3069);
#2448=AXIS2_PLACEMENT_3D('',#3680,#3070,#3071);
#2449=AXIS2_PLACEMENT_3D('',#3681,#3072,#3073);
#2450=AXIS2_PLACEMENT_3D('',#3684,#3075,#3076);
#2451=AXIS2_PLACEMENT_3D('',#3685,#3077,#3078);
#2452=AXIS2_PLACEMENT_3D('',#3694,#3083,#3084);
#2453=AXIS2_PLACEMENT_3D('',#3700,#3088,#3089);
#2454=AXIS2_PLACEMENT_3D('',#3706,#3093,#3094);
#2455=AXIS2_PLACEMENT_3D('',#3712,#3098,#3099);
#2456=AXIS2_PLACEMENT_3D('',#3718,#3103,#3104);
#2457=AXIS2_PLACEMENT_3D('',#3721,#3107,#3108);
#2458=AXIS2_PLACEMENT_3D('',#3722,#3109,#3110);
#2459=AXIS2_PLACEMENT_3D('',#3724,#3111,#3112);
#2460=AXIS2_PLACEMENT_3D('',#3725,#3113,#3114);
#2461=AXIS2_PLACEMENT_3D('',#3727,#3116,#3117);
#2462=AXIS2_PLACEMENT_3D('',#3728,#3118,#3119);
#2463=AXIS2_PLACEMENT_3D('',#3729,#3120,#3121);
#2464=AXIS2_PLACEMENT_3D('',#3730,#3122,#3123);
#2465=AXIS2_PLACEMENT_3D('',#3731,#3124,#3125);
#2466=AXIS2_PLACEMENT_3D('',#3732,#3126,#3127);
#2467=AXIS2_PLACEMENT_3D('',#3733,#3128,#3129);
#2468=AXIS2_PLACEMENT_3D('',#3734,#3130,#3131);
#2469=AXIS2_PLACEMENT_3D('',#3735,#3132,#3133);
#2470=AXIS2_PLACEMENT_3D('',#3736,#3134,#3135);
#2471=AXIS2_PLACEMENT_3D('',#3737,#3136,#3137);
#2472=DIRECTION('axis',(0.,0.,1.));
#2473=DIRECTION('refdir',(1.,0.,0.));
#2474=DIRECTION('axis',(0.,0.,1.));
#2475=DIRECTION('refdir',(1.,0.,0.));
#2476=DIRECTION('center_axis',(0.,0.,-1.));
#2477=DIRECTION('ref_axis',(0.,-1.,0.));
#2478=DIRECTION('center_axis',(0.,0.,-1.));
#2479=DIRECTION('ref_axis',(0.,-1.,0.));
#2480=DIRECTION('',(0.,0.,-1.));
#2481=DIRECTION('center_axis',(0.,0.,-1.));
#2482=DIRECTION('ref_axis',(0.,-1.,0.));
#2483=DIRECTION('',(0.,0.,-1.));
#2484=DIRECTION('center_axis',(1.,0.,0.));
#2485=DIRECTION('ref_axis',(0.,-1.,0.));
#2486=DIRECTION('',(0.,-1.,0.));
#2487=DIRECTION('',(0.,0.,-1.));
#2488=DIRECTION('',(0.,-1.,0.));
#2489=DIRECTION('center_axis',(0.,0.,-1.));
#2490=DIRECTION('ref_axis',(1.,0.,0.));
#2491=DIRECTION('center_axis',(0.,0.,-1.));
#2492=DIRECTION('ref_axis',(1.,0.,0.));
#2493=DIRECTION('',(0.,0.,-1.));
#2494=DIRECTION('center_axis',(0.,0.,-1.));
#2495=DIRECTION('ref_axis',(1.,0.,0.));
#2496=DIRECTION('center_axis',(0.,1.,0.));
#2497=DIRECTION('ref_axis',(1.,0.,0.));
#2498=DIRECTION('',(1.,0.,0.));
#2499=DIRECTION('',(0.,0.,-1.));
#2500=DIRECTION('',(1.,0.,0.));
#2501=DIRECTION('center_axis',(0.,0.,-1.));
#2502=DIRECTION('ref_axis',(0.,1.,0.));
#2503=DIRECTION('center_axis',(0.,0.,-1.));
#2504=DIRECTION('ref_axis',(0.,1.,0.));
#2505=DIRECTION('',(0.,0.,-1.));
#2506=DIRECTION('center_axis',(0.,0.,-1.));
#2507=DIRECTION('ref_axis',(0.,1.,0.));
#2508=DIRECTION('center_axis',(0.,0.,-1.));
#2509=DIRECTION('ref_axis',(-1.,0.,0.));
#2510=DIRECTION('center_axis',(0.,0.,-1.));
#2511=DIRECTION('ref_axis',(-1.,0.,0.));
#2512=DIRECTION('',(0.,0.,-1.));
#2513=DIRECTION('center_axis',(0.,0.,-1.));
#2514=DIRECTION('ref_axis',(-1.,0.,0.));
#2515=DIRECTION('',(0.,0.,-1.));
#2516=DIRECTION('center_axis',(0.,-1.,0.));
#2517=DIRECTION('ref_axis',(-1.,0.,0.));
#2518=DIRECTION('',(-1.,0.,0.));
#2519=DIRECTION('',(-1.,0.,0.));
#2520=DIRECTION('center_axis',(0.,0.,1.));
#2521=DIRECTION('ref_axis',(1.,0.,0.));
#2522=DIRECTION('',(0.,1.,0.));
#2523=DIRECTION('center_axis',(0.,0.,1.));
#2524=DIRECTION('ref_axis',(1.,0.,0.));
#2525=DIRECTION('',(1.,0.,0.));
#2526=DIRECTION('',(0.,1.,0.));
#2527=DIRECTION('',(-1.,0.,0.));
#2528=DIRECTION('',(0.,-1.,0.));
#2529=DIRECTION('center_axis',(0.,0.,-1.));
#2530=DIRECTION('ref_axis',(1.,0.,0.));
#2531=DIRECTION('center_axis',(0.,0.,-1.));
#2532=DIRECTION('ref_axis',(1.,0.,0.));
#2533=DIRECTION('center_axis',(0.,0.,-1.));
#2534=DIRECTION('ref_axis',(1.,0.,0.));
#2535=DIRECTION('center_axis',(0.,0.,-1.));
#2536=DIRECTION('ref_axis',(1.,0.,0.));
#2537=DIRECTION('center_axis',(0.,0.,-1.));
#2538=DIRECTION('ref_axis',(1.,0.,0.));
#2539=DIRECTION('center_axis',(0.,0.,-1.));
#2540=DIRECTION('ref_axis',(1.,0.,0.));
#2541=DIRECTION('center_axis',(0.,0.,-1.));
#2542=DIRECTION('ref_axis',(1.,0.,0.));
#2543=DIRECTION('center_axis',(0.,0.,-1.));
#2544=DIRECTION('ref_axis',(1.,0.,0.));
#2545=DIRECTION('',(0.,-1.,0.));
#2546=DIRECTION('',(-1.,0.,0.));
#2547=DIRECTION('',(0.,1.,0.));
#2548=DIRECTION('center_axis',(0.,0.,-1.));
#2549=DIRECTION('ref_axis',(0.,-1.,0.));
#2550=DIRECTION('',(-1.,0.,0.));
#2551=DIRECTION('center_axis',(0.,0.,-1.));
#2552=DIRECTION('ref_axis',(-1.,0.,0.));
#2553=DIRECTION('',(0.,1.,0.));
#2554=DIRECTION('center_axis',(0.,0.,-1.));
#2555=DIRECTION('ref_axis',(0.,1.,0.));
#2556=DIRECTION('',(1.,0.,0.));
#2557=DIRECTION('center_axis',(0.,0.,-1.));
#2558=DIRECTION('ref_axis',(1.,0.,0.));
#2559=DIRECTION('',(0.,1.,0.));
#2560=DIRECTION('',(1.,0.,0.));
#2561=DIRECTION('',(0.,-1.,0.));
#2562=DIRECTION('center_axis',(0.,0.,-1.));
#2563=DIRECTION('ref_axis',(0.,-1.,0.));
#2564=DIRECTION('',(0.,0.,-1.));
#2565=DIRECTION('center_axis',(0.,0.,-1.));
#2566=DIRECTION('ref_axis',(0.,-1.,0.));
#2567=DIRECTION('',(0.,0.,-1.));
#2568=DIRECTION('center_axis',(0.,0.,-1.));
#2569=DIRECTION('ref_axis',(1.,0.,0.));
#2570=DIRECTION('',(0.,0.,-1.));
#2571=DIRECTION('center_axis',(0.,0.,-1.));
#2572=DIRECTION('ref_axis',(1.,0.,0.));
#2573=DIRECTION('',(0.,0.,-1.));
#2574=DIRECTION('center_axis',(0.,1.,0.));
#2575=DIRECTION('ref_axis',(1.,0.,0.));
#2576=DIRECTION('',(0.,0.,-1.));
#2577=DIRECTION('',(1.,0.,0.));
#2578=DIRECTION('center_axis',(0.,0.,-1.));
#2579=DIRECTION('ref_axis',(0.,1.,0.));
#2580=DIRECTION('',(0.,0.,-1.));
#2581=DIRECTION('center_axis',(0.,0.,-1.));
#2582=DIRECTION('ref_axis',(0.,1.,0.));
#2583=DIRECTION('center_axis',(-1.,0.,0.));
#2584=DIRECTION('ref_axis',(0.,1.,0.));
#2585=DIRECTION('',(0.,0.,-1.));
#2586=DIRECTION('',(0.,1.,0.));
#2587=DIRECTION('center_axis',(0.,0.,-1.));
#2588=DIRECTION('ref_axis',(-1.,0.,0.));
#2589=DIRECTION('',(0.,0.,-1.));
#2590=DIRECTION('center_axis',(0.,0.,-1.));
#2591=DIRECTION('ref_axis',(-1.,0.,0.));
#2592=DIRECTION('center_axis',(0.,-1.,0.));
#2593=DIRECTION('ref_axis',(-1.,0.,0.));
#2594=DIRECTION('',(-1.,0.,0.));
#2595=DIRECTION('center_axis',(0.,0.,1.));
#2596=DIRECTION('ref_axis',(1.,0.,0.));
#2597=DIRECTION('',(0.,-1.,0.));
#2598=DIRECTION('center_axis',(1.,0.,0.));
#2599=DIRECTION('ref_axis',(0.,-1.,0.));
#2600=DIRECTION('center_axis',(1.,0.,0.));
#2601=DIRECTION('ref_axis',(0.,-1.,0.));
#2602=DIRECTION('',(1.,0.,0.));
#2603=DIRECTION('center_axis',(1.,0.,0.));
#2604=DIRECTION('ref_axis',(0.,-1.,0.));
#2605=DIRECTION('center_axis',(1.,0.,0.));
#2606=DIRECTION('ref_axis',(0.,0.,-1.));
#2607=DIRECTION('center_axis',(1.,0.,0.));
#2608=DIRECTION('ref_axis',(0.,-1.,0.));
#2609=DIRECTION('center_axis',(1.,0.,0.));
#2610=DIRECTION('ref_axis',(0.,-1.,0.));
#2611=DIRECTION('',(1.,0.,0.));
#2612=DIRECTION('center_axis',(1.,0.,0.));
#2613=DIRECTION('ref_axis',(0.,-1.,0.));
#2614=DIRECTION('center_axis',(1.,0.,0.));
#2615=DIRECTION('ref_axis',(0.,0.,-1.));
#2616=DIRECTION('center_axis',(1.,0.,0.));
#2617=DIRECTION('ref_axis',(0.,-1.,0.));
#2618=DIRECTION('center_axis',(1.,0.,0.));
#2619=DIRECTION('ref_axis',(0.,-1.,0.));
#2620=DIRECTION('',(1.,0.,0.));
#2621=DIRECTION('center_axis',(1.,0.,0.));
#2622=DIRECTION('ref_axis',(0.,-1.,0.));
#2623=DIRECTION('center_axis',(1.,0.,0.));
#2624=DIRECTION('ref_axis',(0.,0.,-1.));
#2625=DIRECTION('center_axis',(1.,0.,0.));
#2626=DIRECTION('ref_axis',(0.,-1.,0.));
#2627=DIRECTION('center_axis',(1.,0.,0.));
#2628=DIRECTION('ref_axis',(0.,-1.,0.));
#2629=DIRECTION('',(1.,0.,0.));
#2630=DIRECTION('center_axis',(1.,0.,0.));
#2631=DIRECTION('ref_axis',(0.,-1.,0.));
#2632=DIRECTION('center_axis',(1.,0.,0.));
#2633=DIRECTION('ref_axis',(0.,0.,-1.));
#2634=DIRECTION('center_axis',(1.,0.,0.));
#2635=DIRECTION('ref_axis',(0.,-1.,0.));
#2636=DIRECTION('center_axis',(1.,0.,0.));
#2637=DIRECTION('ref_axis',(0.,-1.,0.));
#2638=DIRECTION('',(1.,0.,0.));
#2639=DIRECTION('center_axis',(1.,0.,0.));
#2640=DIRECTION('ref_axis',(0.,-1.,0.));
#2641=DIRECTION('center_axis',(1.,0.,0.));
#2642=DIRECTION('ref_axis',(0.,0.,-1.));
#2643=DIRECTION('center_axis',(-1.,0.,0.));
#2644=DIRECTION('ref_axis',(0.,-1.,0.));
#2645=DIRECTION('center_axis',(-1.,0.,0.));
#2646=DIRECTION('ref_axis',(0.,-1.,0.));
#2647=DIRECTION('',(-1.,0.,0.));
#2648=DIRECTION('center_axis',(-1.,0.,0.));
#2649=DIRECTION('ref_axis',(0.,-1.,0.));
#2650=DIRECTION('center_axis',(1.,0.,0.));
#2651=DIRECTION('ref_axis',(0.,0.,-1.));
#2652=DIRECTION('center_axis',(-1.,0.,0.));
#2653=DIRECTION('ref_axis',(0.,-1.,0.));
#2654=DIRECTION('center_axis',(-1.,0.,0.));
#2655=DIRECTION('ref_axis',(0.,-1.,0.));
#2656=DIRECTION('',(-1.,0.,0.));
#2657=DIRECTION('center_axis',(-1.,0.,0.));
#2658=DIRECTION('ref_axis',(0.,-1.,0.));
#2659=DIRECTION('center_axis',(1.,0.,0.));
#2660=DIRECTION('ref_axis',(0.,0.,-1.));
#2661=DIRECTION('center_axis',(-1.,0.,0.));
#2662=DIRECTION('ref_axis',(0.,-1.,0.));
#2663=DIRECTION('center_axis',(-1.,0.,0.));
#2664=DIRECTION('ref_axis',(0.,-1.,0.));
#2665=DIRECTION('',(-1.,0.,0.));
#2666=DIRECTION('center_axis',(-1.,0.,0.));
#2667=DIRECTION('ref_axis',(0.,-1.,0.));
#2668=DIRECTION('center_axis',(1.,0.,0.));
#2669=DIRECTION('ref_axis',(0.,0.,-1.));
#2670=DIRECTION('center_axis',(-1.,0.,0.));
#2671=DIRECTION('ref_axis',(0.,-1.,0.));
#2672=DIRECTION('center_axis',(-1.,0.,0.));
#2673=DIRECTION('ref_axis',(0.,-1.,0.));
#2674=DIRECTION('',(-1.,0.,0.));
#2675=DIRECTION('center_axis',(-1.,0.,0.));
#2676=DIRECTION('ref_axis',(0.,-1.,0.));
#2677=DIRECTION('center_axis',(1.,0.,0.));
#2678=DIRECTION('ref_axis',(0.,0.,-1.));
#2679=DIRECTION('center_axis',(-1.,0.,0.));
#2680=DIRECTION('ref_axis',(0.,-1.,0.));
#2681=DIRECTION('center_axis',(-1.,0.,0.));
#2682=DIRECTION('ref_axis',(0.,-1.,0.));
#2683=DIRECTION('',(-1.,0.,0.));
#2684=DIRECTION('center_axis',(-1.,0.,0.));
#2685=DIRECTION('ref_axis',(0.,-1.,0.));
#2686=DIRECTION('center_axis',(1.,0.,0.));
#2687=DIRECTION('ref_axis',(0.,0.,-1.));
#2688=DIRECTION('center_axis',(0.,0.,-1.));
#2689=DIRECTION('ref_axis',(1.,0.,0.));
#2690=DIRECTION('center_axis',(0.,0.,1.));
#2691=DIRECTION('ref_axis',(1.,0.,0.));
#2692=DIRECTION('',(0.707106781186547,8.65956056235493E-17,0.707106781186548));
#2693=DIRECTION('center_axis',(0.,0.,1.));
#2694=DIRECTION('ref_axis',(1.,0.,0.));
#2695=DIRECTION('center_axis',(0.,0.,1.));
#2696=DIRECTION('ref_axis',(1.,0.,0.));
#2697=DIRECTION('',(0.,0.,1.));
#2698=DIRECTION('center_axis',(0.,0.,-1.));
#2699=DIRECTION('ref_axis',(1.,0.,0.));
#2700=DIRECTION('center_axis',(0.,0.,1.));
#2701=DIRECTION('ref_axis',(1.,0.,0.));
#2702=DIRECTION('',(0.707106781186547,8.65956056235493E-17,0.707106781186548));
#2703=DIRECTION('center_axis',(0.,0.,1.));
#2704=DIRECTION('ref_axis',(1.,0.,0.));
#2705=DIRECTION('center_axis',(0.,0.,1.));
#2706=DIRECTION('ref_axis',(1.,0.,0.));
#2707=DIRECTION('',(0.,0.,1.));
#2708=DIRECTION('center_axis',(0.,0.,-1.));
#2709=DIRECTION('ref_axis',(1.,0.,0.));
#2710=DIRECTION('center_axis',(0.,0.,1.));
#2711=DIRECTION('ref_axis',(1.,0.,0.));
#2712=DIRECTION('',(0.707106781186547,8.65956056235493E-17,0.707106781186548));
#2713=DIRECTION('center_axis',(0.,0.,1.));
#2714=DIRECTION('ref_axis',(1.,0.,0.));
#2715=DIRECTION('center_axis',(0.,0.,1.));
#2716=DIRECTION('ref_axis',(1.,0.,0.));
#2717=DIRECTION('',(0.,0.,1.));
#2718=DIRECTION('center_axis',(0.,0.,-1.));
#2719=DIRECTION('ref_axis',(1.,0.,0.));
#2720=DIRECTION('center_axis',(0.,0.,1.));
#2721=DIRECTION('ref_axis',(1.,0.,0.));
#2722=DIRECTION('',(0.707106781186547,8.65956056235493E-17,0.707106781186548));
#2723=DIRECTION('center_axis',(0.,0.,1.));
#2724=DIRECTION('ref_axis',(1.,0.,0.));
#2725=DIRECTION('center_axis',(0.,0.,1.));
#2726=DIRECTION('ref_axis',(1.,0.,0.));
#2727=DIRECTION('',(0.,0.,1.));
#2728=DIRECTION('center_axis',(0.,0.,-1.));
#2729=DIRECTION('ref_axis',(1.,0.,0.));
#2730=DIRECTION('center_axis',(0.,0.,1.));
#2731=DIRECTION('ref_axis',(1.,0.,0.));
#2732=DIRECTION('',(0.707106781186547,8.65956056235493E-17,0.707106781186548));
#2733=DIRECTION('center_axis',(0.,0.,1.));
#2734=DIRECTION('ref_axis',(1.,0.,0.));
#2735=DIRECTION('center_axis',(0.,0.,1.));
#2736=DIRECTION('ref_axis',(1.,0.,0.));
#2737=DIRECTION('',(0.,0.,1.));
#2738=DIRECTION('center_axis',(0.,0.,-1.));
#2739=DIRECTION('ref_axis',(1.,0.,0.));
#2740=DIRECTION('center_axis',(0.,0.,1.));
#2741=DIRECTION('ref_axis',(1.,0.,0.));
#2742=DIRECTION('',(0.707106781186547,8.65956056235493E-17,0.707106781186548));
#2743=DIRECTION('center_axis',(0.,0.,1.));
#2744=DIRECTION('ref_axis',(1.,0.,0.));
#2745=DIRECTION('center_axis',(0.,0.,1.));
#2746=DIRECTION('ref_axis',(1.,0.,0.));
#2747=DIRECTION('',(0.,0.,1.));
#2748=DIRECTION('center_axis',(0.,0.,-1.));
#2749=DIRECTION('ref_axis',(1.,0.,0.));
#2750=DIRECTION('center_axis',(0.,0.,1.));
#2751=DIRECTION('ref_axis',(1.,0.,0.));
#2752=DIRECTION('',(0.707106781186547,8.65956056235493E-17,0.707106781186548));
#2753=DIRECTION('center_axis',(0.,0.,1.));
#2754=DIRECTION('ref_axis',(1.,0.,0.));
#2755=DIRECTION('center_axis',(0.,0.,1.));
#2756=DIRECTION('ref_axis',(1.,0.,0.));
#2757=DIRECTION('',(0.,0.,1.));
#2758=DIRECTION('center_axis',(0.,0.,-1.));
#2759=DIRECTION('ref_axis',(1.,0.,0.));
#2760=DIRECTION('center_axis',(0.,0.,1.));
#2761=DIRECTION('ref_axis',(1.,0.,0.));
#2762=DIRECTION('',(0.707106781186547,8.65956056235493E-17,0.707106781186548));
#2763=DIRECTION('center_axis',(0.,0.,1.));
#2764=DIRECTION('ref_axis',(1.,0.,0.));
#2765=DIRECTION('center_axis',(0.,0.,1.));
#2766=DIRECTION('ref_axis',(1.,0.,0.));
#2767=DIRECTION('',(0.,0.,1.));
#2768=DIRECTION('center_axis',(-1.,0.,0.));
#2769=DIRECTION('ref_axis',(0.,-1.,0.));
#2770=DIRECTION('',(0.,0.,1.));
#2771=DIRECTION('',(0.,-1.,0.));
#2772=DIRECTION('',(0.,0.,1.));
#2773=DIRECTION('center_axis',(0.,1.,0.));
#2774=DIRECTION('ref_axis',(-1.,0.,0.));
#2775=DIRECTION('',(-1.,0.,0.));
#2776=DIRECTION('',(0.,0.,1.));
#2777=DIRECTION('center_axis',(1.,0.,0.));
#2778=DIRECTION('ref_axis',(0.,1.,0.));
#2779=DIRECTION('',(0.,1.,0.));
#2780=DIRECTION('',(0.,0.,1.));
#2781=DIRECTION('center_axis',(0.,-1.,0.));
#2782=DIRECTION('ref_axis',(1.,0.,0.));
#2783=DIRECTION('',(1.,0.,0.));
#2784=DIRECTION('center_axis',(0.,0.,1.));
#2785=DIRECTION('ref_axis',(1.,0.,0.));
#2786=DIRECTION('center_axis',(-1.,0.,0.));
#2787=DIRECTION('ref_axis',(0.,-1.,0.));
#2788=DIRECTION('',(0.,-1.,0.));
#2789=DIRECTION('',(0.,0.,1.));
#2790=DIRECTION('',(0.,0.,1.));
#2791=DIRECTION('center_axis',(0.,1.,0.));
#2792=DIRECTION('ref_axis',(-1.,0.,0.));
#2793=DIRECTION('',(-1.,0.,0.));
#2794=DIRECTION('',(0.,0.,1.));
#2795=DIRECTION('center_axis',(1.,0.,0.));
#2796=DIRECTION('ref_axis',(0.,1.,0.));
#2797=DIRECTION('',(0.,1.,0.));
#2798=DIRECTION('',(0.,0.,1.));
#2799=DIRECTION('center_axis',(0.,-1.,0.));
#2800=DIRECTION('ref_axis',(1.,0.,0.));
#2801=DIRECTION('',(1.,0.,0.));
#2802=DIRECTION('center_axis',(0.,0.,1.));
#2803=DIRECTION('ref_axis',(1.,0.,0.));
#2804=DIRECTION('axis',(0.,0.,1.));
#2805=DIRECTION('refdir',(1.,0.,0.));
#2806=DIRECTION('center_axis',(-0.707106781186548,0.,-0.707106781186547));
#2807=DIRECTION('ref_axis',(-0.707106781186547,0.,0.707106781186548));
#2808=DIRECTION('',(-0.707106781186547,0.,0.707106781186548));
#2809=DIRECTION('',(0.,-1.,0.));
#2810=DIRECTION('',(0.707106781186547,0.,-0.707106781186548));
#2811=DIRECTION('',(0.,-1.,0.));
#2812=DIRECTION('center_axis',(0.707106781186548,0.,0.707106781186547));
#2813=DIRECTION('ref_axis',(-0.707106781186547,0.,0.707106781186548));
#2814=DIRECTION('',(0.,-1.,0.));
#2815=DIRECTION('center_axis',(0.707106781186548,0.,0.707106781186547));
#2816=DIRECTION('ref_axis',(-0.707106781186547,0.,0.707106781186548));
#2817=DIRECTION('',(0.,-1.,0.));
#2818=DIRECTION('center_axis',(0.707106781186548,0.,0.707106781186547));
#2819=DIRECTION('ref_axis',(-0.707106781186547,0.,0.707106781186548));
#2820=DIRECTION('',(0.,-1.,0.));
#2821=DIRECTION('center_axis',(0.707106781186548,0.,0.707106781186547));
#2822=DIRECTION('ref_axis',(-0.707106781186547,0.,0.707106781186548));
#2823=DIRECTION('',(0.,-1.,0.));
#2824=DIRECTION('center_axis',(0.,0.,1.));
#2825=DIRECTION('ref_axis',(-1.,0.,0.));
#2826=DIRECTION('center_axis',(0.,0.,1.));
#2827=DIRECTION('ref_axis',(-1.,0.,0.));
#2828=DIRECTION('',(0.,0.,1.));
#2829=DIRECTION('center_axis',(0.,0.,-1.));
#2830=DIRECTION('ref_axis',(-1.,0.,0.));
#2831=DIRECTION('center_axis',(0.,0.,1.));
#2832=DIRECTION('ref_axis',(-1.,0.,0.));
#2833=DIRECTION('center_axis',(0.,0.,1.));
#2834=DIRECTION('ref_axis',(-1.,0.,0.));
#2835=DIRECTION('center_axis',(0.,0.,1.));
#2836=DIRECTION('ref_axis',(-1.,0.,0.));
#2837=DIRECTION('',(0.,0.,1.));
#2838=DIRECTION('center_axis',(0.,0.,-1.));
#2839=DIRECTION('ref_axis',(-1.,0.,0.));
#2840=DIRECTION('center_axis',(0.,0.,1.));
#2841=DIRECTION('ref_axis',(-1.,0.,0.));
#2842=DIRECTION('center_axis',(0.,1.,0.));
#2843=DIRECTION('ref_axis',(-1.,0.,0.));
#2844=DIRECTION('',(-1.,0.,0.));
#2845=DIRECTION('',(0.,0.,1.));
#2846=DIRECTION('',(-1.,0.,0.));
#2847=DIRECTION('',(0.,0.,1.));
#2848=DIRECTION('',(-1.,0.,0.));
#2849=DIRECTION('center_axis',(0.,0.,1.));
#2850=DIRECTION('ref_axis',(-1.,0.,0.));
#2851=DIRECTION('center_axis',(0.,0.,1.));
#2852=DIRECTION('ref_axis',(-1.,0.,0.));
#2853=DIRECTION('',(0.,0.,1.));
#2854=DIRECTION('center_axis',(0.,0.,1.));
#2855=DIRECTION('ref_axis',(-1.,0.,0.));
#2856=DIRECTION('center_axis',(0.,0.,1.));
#2857=DIRECTION('ref_axis',(1.,0.,0.));
#2858=DIRECTION('center_axis',(0.,0.,1.));
#2859=DIRECTION('ref_axis',(-1.,0.,0.));
#2860=DIRECTION('center_axis',(0.,0.,1.));
#2861=DIRECTION('ref_axis',(-1.,0.,0.));
#2862=DIRECTION('',(0.,0.,1.));
#2863=DIRECTION('center_axis',(0.,0.,1.));
#2864=DIRECTION('ref_axis',(-1.,0.,0.));
#2865=DIRECTION('center_axis',(0.,0.,1.));
#2866=DIRECTION('ref_axis',(1.,0.,0.));
#2867=DIRECTION('center_axis',(0.,0.,1.));
#2868=DIRECTION('ref_axis',(-1.,0.,0.));
#2869=DIRECTION('center_axis',(0.,0.,1.));
#2870=DIRECTION('ref_axis',(-1.,0.,0.));
#2871=DIRECTION('',(0.,0.,1.));
#2872=DIRECTION('center_axis',(0.,0.,1.));
#2873=DIRECTION('ref_axis',(-1.,0.,0.));
#2874=DIRECTION('center_axis',(0.,0.,1.));
#2875=DIRECTION('ref_axis',(1.,0.,0.));
#2876=DIRECTION('center_axis',(0.,0.,1.));
#2877=DIRECTION('ref_axis',(-1.,0.,0.));
#2878=DIRECTION('center_axis',(0.,0.,1.));
#2879=DIRECTION('ref_axis',(-1.,0.,0.));
#2880=DIRECTION('',(0.,0.,1.));
#2881=DIRECTION('center_axis',(0.,0.,1.));
#2882=DIRECTION('ref_axis',(-1.,0.,0.));
#2883=DIRECTION('center_axis',(0.,0.,1.));
#2884=DIRECTION('ref_axis',(1.,0.,0.));
#2885=DIRECTION('center_axis',(0.,0.,1.));
#2886=DIRECTION('ref_axis',(-1.,0.,0.));
#2887=DIRECTION('center_axis',(0.,0.,1.));
#2888=DIRECTION('ref_axis',(-1.,0.,0.));
#2889=DIRECTION('',(0.,0.,1.));
#2890=DIRECTION('center_axis',(0.,0.,-1.));
#2891=DIRECTION('ref_axis',(-1.,0.,0.));
#2892=DIRECTION('center_axis',(0.,0.,1.));
#2893=DIRECTION('ref_axis',(-1.,0.,0.));
#2894=DIRECTION('center_axis',(0.,0.,1.));
#2895=DIRECTION('ref_axis',(-1.,0.,0.));
#2896=DIRECTION('center_axis',(0.,0.,1.));
#2897=DIRECTION('ref_axis',(-1.,0.,0.));
#2898=DIRECTION('',(0.,0.,1.));
#2899=DIRECTION('center_axis',(0.,0.,-1.));
#2900=DIRECTION('ref_axis',(-1.,0.,0.));
#2901=DIRECTION('center_axis',(0.,0.,1.));
#2902=DIRECTION('ref_axis',(-1.,0.,0.));
#2903=DIRECTION('center_axis',(0.,0.,1.));
#2904=DIRECTION('ref_axis',(1.,0.,0.));
#2905=DIRECTION('',(0.,1.,0.));
#2906=DIRECTION('',(1.,0.,0.));
#2907=DIRECTION('center_axis',(1.,0.,0.));
#2908=DIRECTION('ref_axis',(0.,1.,0.));
#2909=DIRECTION('',(0.,0.,1.));
#2910=DIRECTION('',(0.,1.,0.));
#2911=DIRECTION('',(0.,1.,0.));
#2912=DIRECTION('center_axis',(0.,-1.,0.));
#2913=DIRECTION('ref_axis',(1.,0.,0.));
#2914=DIRECTION('',(0.,0.,1.));
#2915=DIRECTION('',(1.,0.,0.));
#2916=DIRECTION('',(1.,0.,0.));
#2917=DIRECTION('center_axis',(-1.,0.,0.));
#2918=DIRECTION('ref_axis',(0.,-1.,0.));
#2919=DIRECTION('',(0.,-1.,0.));
#2920=DIRECTION('center_axis',(0.,0.,1.));
#2921=DIRECTION('ref_axis',(1.,0.,0.));
#2922=DIRECTION('center_axis',(0.,0.,1.));
#2923=DIRECTION('ref_axis',(1.,0.,0.));
#2924=DIRECTION('axis',(0.,0.,1.));
#2925=DIRECTION('refdir',(1.,0.,0.));
#2926=DIRECTION('center_axis',(0.707106781186548,0.,-0.707106781186548));
#2927=DIRECTION('ref_axis',(-0.707106781186548,0.,-0.707106781186548));
#2928=DIRECTION('',(0.707106781186547,0.,0.707106781186547));
#2929=DIRECTION('',(0.,1.,0.));
#2930=DIRECTION('',(-0.707106781186547,0.,-0.707106781186547));
#2931=DIRECTION('',(0.,1.,0.));
#2932=DIRECTION('center_axis',(-0.707106781186548,0.,0.707106781186548));
#2933=DIRECTION('ref_axis',(-0.707106781186548,0.,-0.707106781186548));
#2934=DIRECTION('center_axis',(-0.707106781186548,0.,0.707106781186548));
#2935=DIRECTION('ref_axis',(-0.707106781186548,0.,-0.707106781186548));
#2936=DIRECTION('',(0.,1.,0.));
#2937=DIRECTION('center_axis',(-0.707106781186548,0.,0.707106781186548));
#2938=DIRECTION('ref_axis',(-0.707106781186548,0.,-0.707106781186548));
#2939=DIRECTION('center_axis',(-0.707106781186548,0.,0.707106781186548));
#2940=DIRECTION('ref_axis',(-0.707106781186548,0.,-0.707106781186548));
#2941=DIRECTION('',(0.,1.,0.));
#2942=DIRECTION('center_axis',(-0.707106781186548,0.,0.707106781186548));
#2943=DIRECTION('ref_axis',(-0.707106781186548,0.,-0.707106781186548));
#2944=DIRECTION('center_axis',(-0.707106781186548,0.,0.707106781186548));
#2945=DIRECTION('ref_axis',(-0.707106781186548,0.,-0.707106781186548));
#2946=DIRECTION('',(0.,1.,0.));
#2947=DIRECTION('center_axis',(-0.707106781186548,0.,0.707106781186548));
#2948=DIRECTION('ref_axis',(-0.707106781186548,0.,-0.707106781186548));
#2949=DIRECTION('center_axis',(-0.707106781186548,0.,0.707106781186548));
#2950=DIRECTION('ref_axis',(-0.707106781186548,0.,-0.707106781186548));
#2951=DIRECTION('',(0.,1.,0.));
#2952=DIRECTION('center_axis',(0.,0.,1.));
#2953=DIRECTION('ref_axis',(-1.,0.,0.));
#2954=DIRECTION('center_axis',(0.,0.,1.));
#2955=DIRECTION('ref_axis',(-1.,0.,0.));
#2956=DIRECTION('',(0.,0.,1.));
#2957=DIRECTION('center_axis',(0.,0.,-1.));
#2958=DIRECTION('ref_axis',(-1.,0.,0.));
#2959=DIRECTION('center_axis',(0.,0.,1.));
#2960=DIRECTION('ref_axis',(-1.,0.,0.));
#2961=DIRECTION('center_axis',(0.,0.,1.));
#2962=DIRECTION('ref_axis',(-1.,0.,0.));
#2963=DIRECTION('',(0.,0.,1.));
#2964=DIRECTION('center_axis',(0.,0.,-1.));
#2965=DIRECTION('ref_axis',(-1.,0.,0.));
#2966=DIRECTION('center_axis',(0.,-1.,0.));
#2967=DIRECTION('ref_axis',(1.,0.,0.));
#2968=DIRECTION('',(1.,0.,0.));
#2969=DIRECTION('',(0.,0.,1.));
#2970=DIRECTION('',(1.,0.,0.));
#2971=DIRECTION('',(0.,0.,1.));
#2972=DIRECTION('',(1.,0.,0.));
#2973=DIRECTION('center_axis',(0.,0.,1.));
#2974=DIRECTION('ref_axis',(-1.,0.,0.));
#2975=DIRECTION('center_axis',(0.,0.,1.));
#2976=DIRECTION('ref_axis',(-1.,0.,0.));
#2977=DIRECTION('',(0.,0.,1.));
#2978=DIRECTION('center_axis',(0.,0.,1.));
#2979=DIRECTION('ref_axis',(-1.,0.,0.));
#2980=DIRECTION('center_axis',(0.,0.,1.));
#2981=DIRECTION('ref_axis',(1.,0.,0.));
#2982=DIRECTION('center_axis',(0.,0.,1.));
#2983=DIRECTION('ref_axis',(-1.,0.,0.));
#2984=DIRECTION('center_axis',(0.,0.,1.));
#2985=DIRECTION('ref_axis',(-1.,0.,0.));
#2986=DIRECTION('',(0.,0.,1.));
#2987=DIRECTION('center_axis',(0.,0.,1.));
#2988=DIRECTION('ref_axis',(-1.,0.,0.));
#2989=DIRECTION('center_axis',(0.,0.,1.));
#2990=DIRECTION('ref_axis',(1.,0.,0.));
#2991=DIRECTION('center_axis',(0.,0.,1.));
#2992=DIRECTION('ref_axis',(-1.,0.,0.));
#2993=DIRECTION('center_axis',(0.,0.,1.));
#2994=DIRECTION('ref_axis',(-1.,0.,0.));
#2995=DIRECTION('',(0.,0.,1.));
#2996=DIRECTION('center_axis',(0.,0.,1.));
#2997=DIRECTION('ref_axis',(-1.,0.,0.));
#2998=DIRECTION('center_axis',(0.,0.,1.));
#2999=DIRECTION('ref_axis',(1.,0.,0.));
#3000=DIRECTION('center_axis',(0.,0.,1.));
#3001=DIRECTION('ref_axis',(-1.,0.,0.));
#3002=DIRECTION('center_axis',(0.,0.,1.));
#3003=DIRECTION('ref_axis',(-1.,0.,0.));
#3004=DIRECTION('',(0.,0.,1.));
#3005=DIRECTION('center_axis',(0.,0.,1.));
#3006=DIRECTION('ref_axis',(-1.,0.,0.));
#3007=DIRECTION('center_axis',(0.,0.,1.));
#3008=DIRECTION('ref_axis',(1.,0.,0.));
#3009=DIRECTION('center_axis',(0.,0.,1.));
#3010=DIRECTION('ref_axis',(-1.,0.,0.));
#3011=DIRECTION('center_axis',(0.,0.,1.));
#3012=DIRECTION('ref_axis',(-1.,0.,0.));
#3013=DIRECTION('',(0.,0.,1.));
#3014=DIRECTION('center_axis',(0.,0.,-1.));
#3015=DIRECTION('ref_axis',(-1.,0.,0.));
#3016=DIRECTION('center_axis',(0.,0.,1.));
#3017=DIRECTION('ref_axis',(-1.,0.,0.));
#3018=DIRECTION('center_axis',(0.,0.,1.));
#3019=DIRECTION('ref_axis',(-1.,0.,0.));
#3020=DIRECTION('',(0.,0.,1.));
#3021=DIRECTION('center_axis',(0.,0.,-1.));
#3022=DIRECTION('ref_axis',(-1.,0.,0.));
#3023=DIRECTION('center_axis',(0.,0.,1.));
#3024=DIRECTION('ref_axis',(1.,0.,0.));
#3025=DIRECTION('',(0.,-1.,0.));
#3026=DIRECTION('',(-1.,0.,0.));
#3027=DIRECTION('center_axis',(0.,1.,0.));
#3028=DIRECTION('ref_axis',(-1.,0.,0.));
#3029=DIRECTION('',(0.,0.,1.));
#3030=DIRECTION('',(-1.,0.,0.));
#3031=DIRECTION('',(0.,0.,1.));
#3032=DIRECTION('',(-1.,0.,0.));
#3033=DIRECTION('center_axis',(1.,0.,0.));
#3034=DIRECTION('ref_axis',(0.,1.,0.));
#3035=DIRECTION('',(0.,1.,0.));
#3036=DIRECTION('center_axis',(-1.,0.,0.));
#3037=DIRECTION('ref_axis',(0.,-1.,0.));
#3038=DIRECTION('',(0.,-1.,0.));
#3039=DIRECTION('',(0.,-1.,0.));
#3040=DIRECTION('center_axis',(0.,0.,1.));
#3041=DIRECTION('ref_axis',(1.,0.,0.));
#3042=DIRECTION('center_axis',(0.,0.,1.));
#3043=DIRECTION('ref_axis',(1.,0.,0.));
#3044=DIRECTION('axis',(0.,0.,1.));
#3045=DIRECTION('refdir',(1.,0.,0.));
#3046=DIRECTION('center_axis',(0.,0.,1.));
#3047=DIRECTION('ref_axis',(-1.,0.,0.));
#3048=DIRECTION('center_axis',(0.,0.,1.));
#3049=DIRECTION('ref_axis',(-1.,0.,0.));
#3050=DIRECTION('',(0.707106781186547,-8.65956056235493E-17,0.707106781186548));
#3051=DIRECTION('center_axis',(0.,0.,-1.));
#3052=DIRECTION('ref_axis',(-1.,0.,0.));
#3053=DIRECTION('center_axis',(0.,0.,-1.));
#3054=DIRECTION('ref_axis',(-1.,0.,0.));
#3055=DIRECTION('center_axis',(0.,0.,-1.));
#3056=DIRECTION('ref_axis',(1.,0.,0.));
#3057=DIRECTION('',(0.,0.,1.));
#3058=DIRECTION('center_axis',(0.,0.,1.));
#3059=DIRECTION('ref_axis',(-1.,-1.22464679914735E-16,0.));
#3060=DIRECTION('center_axis',(0.,0.,1.));
#3061=DIRECTION('ref_axis',(-1.,-1.22464679914735E-16,0.));
#3062=DIRECTION('center_axis',(0.,0.,-1.));
#3063=DIRECTION('ref_axis',(-1.,0.,0.));
#3064=DIRECTION('center_axis',(0.,0.,-1.));
#3065=DIRECTION('ref_axis',(-1.,0.,0.));
#3066=DIRECTION('center_axis',(0.,0.,-1.));
#3067=DIRECTION('ref_axis',(-1.,0.,0.));
#3068=DIRECTION('center_axis',(0.,0.,-1.));
#3069=DIRECTION('ref_axis',(-1.,0.,0.));
#3070=DIRECTION('center_axis',(-1.22464679914735E-16,-1.,0.));
#3071=DIRECTION('ref_axis',(1.,-1.22464679914735E-16,0.));
#3072=DIRECTION('center_axis',(0.,0.,1.));
#3073=DIRECTION('ref_axis',(1.,0.,0.));
#3074=DIRECTION('',(-0.707106781186548,8.65956056235493E-17,0.707106781186548));
#3075=DIRECTION('center_axis',(0.,0.,-1.));
#3076=DIRECTION('ref_axis',(1.,0.,0.));
#3077=DIRECTION('center_axis',(-0.499999999999999,-0.866025403784439,0.));
#3078=DIRECTION('ref_axis',(0.,0.,-1.));
#3079=DIRECTION('',(0.866025403784439,-0.499999999999999,0.));
#3080=DIRECTION('',(0.,0.,-1.));
#3081=DIRECTION('',(-0.866025403784439,0.499999999999999,0.));
#3082=DIRECTION('',(0.,0.,-1.));
#3083=DIRECTION('center_axis',(0.5,-0.866025403784439,0.));
#3084=DIRECTION('ref_axis',(0.,0.,-1.));
#3085=DIRECTION('',(0.866025403784439,0.5,0.));
#3086=DIRECTION('',(-0.866025403784439,-0.5,0.));
#3087=DIRECTION('',(0.,0.,-1.));
#3088=DIRECTION('center_axis',(1.,3.60555503696918E-16,0.));
#3089=DIRECTION('ref_axis',(0.,0.,-1.));
#3090=DIRECTION('',(-3.60555503696918E-16,1.,0.));
#3091=DIRECTION('',(3.60555503696918E-16,-1.,0.));
#3092=DIRECTION('',(0.,0.,-1.));
#3093=DIRECTION('center_axis',(0.499999999999999,0.866025403784439,0.));
#3094=DIRECTION('ref_axis',(0.,0.,1.));
#3095=DIRECTION('',(-0.866025403784439,0.499999999999999,0.));
#3096=DIRECTION('',(0.866025403784439,-0.499999999999999,0.));
#3097=DIRECTION('',(0.,0.,-1.));
#3098=DIRECTION('center_axis',(-0.5,0.866025403784439,0.));
#3099=DIRECTION('ref_axis',(0.,0.,1.));
#3100=DIRECTION('',(-0.866025403784439,-0.5,0.));
#3101=DIRECTION('',(0.866025403784439,0.5,0.));
#3102=DIRECTION('',(0.,0.,-1.));
#3103=DIRECTION('center_axis',(-1.,2.40370335797945E-16,0.));
#3104=DIRECTION('ref_axis',(0.,0.,1.));
#3105=DIRECTION('',(-2.40370335797945E-16,-1.,0.));
#3106=DIRECTION('',(2.40370335797945E-16,1.,0.));
#3107=DIRECTION('center_axis',(0.,0.,1.));
#3108=DIRECTION('ref_axis',(1.,0.,0.));
#3109=DIRECTION('center_axis',(0.,0.,1.));
#3110=DIRECTION('ref_axis',(1.,0.,0.));
#3111=DIRECTION('center_axis',(0.,0.,-1.));
#3112=DIRECTION('ref_axis',(1.,0.,0.));
#3113=DIRECTION('center_axis',(0.,0.,-1.));
#3114=DIRECTION('ref_axis',(1.,0.,0.));
#3115=DIRECTION('',(0.,0.,1.));
#3116=DIRECTION('',(0.,0.,1.));
#3117=DIRECTION('',(1.,0.,0.));
#3118=DIRECTION('',(0.,0.,1.));
#3119=DIRECTION('',(1.,0.,0.));
#3120=DIRECTION('',(0.,0.,1.));
#3121=DIRECTION('',(1.,0.,0.));
#3122=DIRECTION('',(0.,0.,-1.));
#3123=DIRECTION('',(1.,0.,0.));
#3124=DIRECTION('',(0.,0.,-1.));
#3125=DIRECTION('',(1.,0.,0.));
#3126=DIRECTION('',(0.,0.,-1.));
#3127=DIRECTION('',(1.,0.,0.));
#3128=DIRECTION('',(0.,0.,-1.));
#3129=DIRECTION('',(1.,0.,0.));
#3130=DIRECTION('',(0.,0.,-1.));
#3131=DIRECTION('',(1.,0.,0.));
#3132=DIRECTION('',(0.,0.,-1.));
#3133=DIRECTION('',(1.,0.,0.));
#3134=DIRECTION('',(0.,0.,-1.));
#3135=DIRECTION('',(1.,0.,0.));
#3136=DIRECTION('',(0.,0.,-1.));
#3137=DIRECTION('',(1.,0.,0.));
#3138=CARTESIAN_POINT('',(0.,0.,0.));
#3139=CARTESIAN_POINT('',(0.,0.,0.));
#3140=CARTESIAN_POINT('Origin',(36.2732164479817,4.5,4.));
#3141=CARTESIAN_POINT('',(36.7732164479817,4.5,4.));
#3142=CARTESIAN_POINT('',(36.2732164479817,4.,4.));
#3143=CARTESIAN_POINT('Origin',(36.2732164479817,4.5,4.));
#3144=CARTESIAN_POINT('',(36.7732164479817,4.5,3.5));
#3145=CARTESIAN_POINT('',(36.7732164479817,4.5,4.));
#3146=CARTESIAN_POINT('',(36.2732164479817,4.,3.5));
#3147=CARTESIAN_POINT('Origin',(36.2732164479817,4.5,3.5));
#3148=CARTESIAN_POINT('',(36.2732164479817,4.,4.));
#3149=CARTESIAN_POINT('Origin',(36.7732164479817,75.5,4.));
#3150=CARTESIAN_POINT('',(36.7732164479817,75.5,4.));
#3151=CARTESIAN_POINT('',(36.7732164479817,57.75,4.));
#3152=CARTESIAN_POINT('',(36.7732164479817,75.5,3.5));
#3153=CARTESIAN_POINT('',(36.7732164479817,75.5,4.));
#3154=CARTESIAN_POINT('',(36.7732164479817,4.5,3.5));
#3155=CARTESIAN_POINT('Origin',(36.2732164479817,75.5,4.));
#3156=CARTESIAN_POINT('',(36.2732164479817,76.,4.));
#3157=CARTESIAN_POINT('Origin',(36.2732164479817,75.5,4.));
#3158=CARTESIAN_POINT('',(36.2732164479817,76.,3.5));
#3159=CARTESIAN_POINT('',(36.2732164479817,76.,4.));
#3160=CARTESIAN_POINT('Origin',(36.2732164479817,75.5,3.5));
#3161=CARTESIAN_POINT('Origin',(33.9333758310812,76.,4.));
#3162=CARTESIAN_POINT('',(33.9333758310812,76.,4.));
#3163=CARTESIAN_POINT('',(29.7166879155406,76.,4.));
#3164=CARTESIAN_POINT('',(33.9333758310812,76.,3.5));
#3165=CARTESIAN_POINT('',(33.9333758310812,76.,4.));
#3166=CARTESIAN_POINT('',(36.2732164479817,76.,3.5));
#3167=CARTESIAN_POINT('Origin',(33.9333758310812,75.5,4.));
#3168=CARTESIAN_POINT('',(33.4333758310812,75.5,4.));
#3169=CARTESIAN_POINT('Origin',(33.9333758310812,75.5,4.));
#3170=CARTESIAN_POINT('',(33.4333758310812,75.5,3.5));
#3171=CARTESIAN_POINT('',(33.4333758310812,75.5,4.));
#3172=CARTESIAN_POINT('Origin',(33.9333758310812,75.5,3.5));
#3173=CARTESIAN_POINT('Origin',(33.9333758310812,4.5,4.));
#3174=CARTESIAN_POINT('',(33.9333758310812,4.,4.));
#3175=CARTESIAN_POINT('',(33.4333758310812,4.5,4.));
#3176=CARTESIAN_POINT('Origin',(33.9333758310812,4.5,4.));
#3177=CARTESIAN_POINT('',(33.9333758310812,4.,3.5));
#3178=CARTESIAN_POINT('',(33.9333758310812,4.,4.));
#3179=CARTESIAN_POINT('',(33.4333758310812,4.5,3.5));
#3180=CARTESIAN_POINT('Origin',(33.9333758310812,4.5,3.5));
#3181=CARTESIAN_POINT('',(33.4333758310812,4.5,4.));
#3182=CARTESIAN_POINT('Origin',(36.2732164479817,4.,4.));
#3183=CARTESIAN_POINT('',(30.8866082239909,4.,4.));
#3184=CARTESIAN_POINT('',(33.9333758310812,4.,3.5));
#3185=CARTESIAN_POINT('Origin',(35.1032961395315,40.,3.5));
#3186=CARTESIAN_POINT('',(33.4333758310812,75.5,3.5));
#3187=CARTESIAN_POINT('Origin',(25.5,40.,4.));
#3188=CARTESIAN_POINT('',(6.,0.,4.));
#3189=CARTESIAN_POINT('',(45.,0.,4.));
#3190=CARTESIAN_POINT('',(6.,0.,4.));
#3191=CARTESIAN_POINT('',(45.,80.,4.));
#3192=CARTESIAN_POINT('',(45.,0.,4.));
#3193=CARTESIAN_POINT('',(6.,80.,4.));
#3194=CARTESIAN_POINT('',(45.,80.,4.));
#3195=CARTESIAN_POINT('',(6.,80.,4.));
#3196=CARTESIAN_POINT('',(7.8,10.,4.));
#3197=CARTESIAN_POINT('Origin',(9.5,10.,4.));
#3198=CARTESIAN_POINT('',(7.8,30.,4.));
#3199=CARTESIAN_POINT('Origin',(9.5,30.,4.));
#3200=CARTESIAN_POINT('',(7.8,50.,4.));
#3201=CARTESIAN_POINT('Origin',(9.5,50.,4.));
#3202=CARTESIAN_POINT('',(7.8,70.,4.));
#3203=CARTESIAN_POINT('Origin',(9.5,70.,4.));
#3204=CARTESIAN_POINT('',(39.8,10.,4.));
#3205=CARTESIAN_POINT('Origin',(41.5,10.,4.));
#3206=CARTESIAN_POINT('',(39.8,30.,4.));
#3207=CARTESIAN_POINT('Origin',(41.5,30.,4.));
#3208=CARTESIAN_POINT('',(39.8,50.,4.));
#3209=CARTESIAN_POINT('Origin',(41.5,50.,4.));
#3210=CARTESIAN_POINT('',(39.8,70.,4.));
#3211=CARTESIAN_POINT('Origin',(41.5,70.,4.));
#3212=CARTESIAN_POINT('',(33.4333758310812,4.,4.));
#3213=CARTESIAN_POINT('',(33.4333758310812,22.,4.));
#3214=CARTESIAN_POINT('',(19.9333758310812,4.,4.));
#3215=CARTESIAN_POINT('',(22.7166879155406,4.,4.));
#3216=CARTESIAN_POINT('',(19.9333758310812,4.5,4.));
#3217=CARTESIAN_POINT('',(19.9333758310812,58.,4.));
#3218=CARTESIAN_POINT('',(19.4333758310812,4.,4.));
#3219=CARTESIAN_POINT('Origin',(19.4333758310812,4.5,4.));
#3220=CARTESIAN_POINT('',(17.0935352141807,4.,4.));
#3221=CARTESIAN_POINT('',(22.4666879155406,4.,4.));
#3222=CARTESIAN_POINT('',(16.5935352141807,4.5,4.));
#3223=CARTESIAN_POINT('Origin',(17.0935352141807,4.5,4.));
#3224=CARTESIAN_POINT('',(16.5935352141807,75.5,4.));
#3225=CARTESIAN_POINT('',(16.5935352141807,22.25,4.));
#3226=CARTESIAN_POINT('',(17.0935352141807,76.,4.));
#3227=CARTESIAN_POINT('Origin',(17.0935352141807,75.5,4.));
#3228=CARTESIAN_POINT('',(19.4333758310812,76.,4.));
#3229=CARTESIAN_POINT('',(21.2967676070904,76.,4.));
#3230=CARTESIAN_POINT('',(19.9333758310812,75.5,4.));
#3231=CARTESIAN_POINT('Origin',(19.4333758310812,75.5,4.));
#3232=CARTESIAN_POINT('',(19.9333758310812,76.,4.));
#3233=CARTESIAN_POINT('',(19.9333758310812,58.,4.));
#3234=CARTESIAN_POINT('',(33.4333758310812,76.,4.));
#3235=CARTESIAN_POINT('',(29.4666879155406,76.,4.));
#3236=CARTESIAN_POINT('',(33.4333758310812,22.,4.));
#3237=CARTESIAN_POINT('Origin',(19.4333758310812,4.5,4.));
#3238=CARTESIAN_POINT('',(19.9333758310812,4.5,3.5));
#3239=CARTESIAN_POINT('',(19.9333758310812,4.5,4.));
#3240=CARTESIAN_POINT('',(19.4333758310812,4.,3.5));
#3241=CARTESIAN_POINT('Origin',(19.4333758310812,4.5,3.5));
#3242=CARTESIAN_POINT('',(19.4333758310812,4.,4.));
#3243=CARTESIAN_POINT('Origin',(19.4333758310812,75.5,4.));
#3244=CARTESIAN_POINT('',(19.4333758310812,76.,3.5));
#3245=CARTESIAN_POINT('',(19.4333758310812,76.,4.));
#3246=CARTESIAN_POINT('',(19.9333758310812,75.5,3.5));
#3247=CARTESIAN_POINT('Origin',(19.4333758310812,75.5,3.5));
#3248=CARTESIAN_POINT('',(19.9333758310812,75.5,4.));
#3249=CARTESIAN_POINT('Origin',(17.0935352141807,76.,4.));
#3250=CARTESIAN_POINT('',(17.0935352141807,76.,3.5));
#3251=CARTESIAN_POINT('',(17.0935352141807,76.,4.));
#3252=CARTESIAN_POINT('',(19.4333758310812,76.,3.5));
#3253=CARTESIAN_POINT('Origin',(17.0935352141807,75.5,4.));
#3254=CARTESIAN_POINT('',(16.5935352141807,75.5,3.5));
#3255=CARTESIAN_POINT('',(16.5935352141807,75.5,4.));
#3256=CARTESIAN_POINT('Origin',(17.0935352141807,75.5,3.5));
#3257=CARTESIAN_POINT('Origin',(16.5935352141807,4.5,4.));
#3258=CARTESIAN_POINT('',(16.5935352141807,4.5,3.5));
#3259=CARTESIAN_POINT('',(16.5935352141807,4.5,4.));
#3260=CARTESIAN_POINT('',(16.5935352141807,75.5,3.5));
#3261=CARTESIAN_POINT('Origin',(17.0935352141807,4.5,4.));
#3262=CARTESIAN_POINT('',(17.0935352141807,4.,3.5));
#3263=CARTESIAN_POINT('',(17.0935352141807,4.,4.));
#3264=CARTESIAN_POINT('Origin',(17.0935352141807,4.5,3.5));
#3265=CARTESIAN_POINT('Origin',(19.4333758310812,4.,4.));
#3266=CARTESIAN_POINT('',(17.0935352141807,4.,3.5));
#3267=CARTESIAN_POINT('Origin',(18.263455522631,40.,3.5));
#3268=CARTESIAN_POINT('',(19.9333758310812,4.5,3.5));
#3269=CARTESIAN_POINT('Origin',(19.9333758310812,57.8280236651584,7.));
#3270=CARTESIAN_POINT('',(19.9333758310812,59.0780236651584,7.));
#3271=CARTESIAN_POINT('Origin',(19.9333758310812,57.8280236651584,7.));
#3272=CARTESIAN_POINT('',(25.9333758310812,59.0780236651584,7.));
#3273=CARTESIAN_POINT('',(19.9333758310812,59.0780236651584,7.));
#3274=CARTESIAN_POINT('Origin',(25.9333758310812,57.8280236651584,7.));
#3275=CARTESIAN_POINT('Origin',(25.9333758310812,57.8280236651584,7.));
#3276=CARTESIAN_POINT('Origin',(19.9333758310812,25.8280236651584,7.));
#3277=CARTESIAN_POINT('',(19.9333758310812,27.0780236651584,7.));
#3278=CARTESIAN_POINT('Origin',(19.9333758310812,25.8280236651584,7.));
#3279=CARTESIAN_POINT('',(25.9333758310812,27.0780236651584,7.));
#3280=CARTESIAN_POINT('',(19.9333758310812,27.0780236651584,7.));
#3281=CARTESIAN_POINT('Origin',(25.9333758310812,25.8280236651584,7.));
#3282=CARTESIAN_POINT('Origin',(25.9333758310812,25.8280236651584,7.));
#3283=CARTESIAN_POINT('Origin',(19.9333758310812,9.82802366515844,7.));
#3284=CARTESIAN_POINT('',(19.9333758310812,11.0780236651584,7.));
#3285=CARTESIAN_POINT('Origin',(19.9333758310812,9.82802366515844,7.));
#3286=CARTESIAN_POINT('',(25.9333758310812,11.0780236651584,7.));
#3287=CARTESIAN_POINT('',(19.9333758310812,11.0780236651584,7.));
#3288=CARTESIAN_POINT('Origin',(25.9333758310812,9.82802366515844,7.));
#3289=CARTESIAN_POINT('Origin',(25.9333758310812,9.82802366515844,7.));
#3290=CARTESIAN_POINT('Origin',(19.9333758310812,41.8280236651584,7.));
#3291=CARTESIAN_POINT('',(19.9333758310812,43.0780236651584,7.));
#3292=CARTESIAN_POINT('Origin',(19.9333758310812,41.8280236651584,7.));
#3293=CARTESIAN_POINT('',(25.9333758310812,43.0780236651584,7.));
#3294=CARTESIAN_POINT('',(19.9333758310812,43.0780236651584,7.));
#3295=CARTESIAN_POINT('Origin',(25.9333758310812,41.8280236651584,7.));
#3296=CARTESIAN_POINT('Origin',(25.9333758310812,41.8280236651584,7.));
#3297=CARTESIAN_POINT('Origin',(19.9333758310812,73.8280236651584,7.));
#3298=CARTESIAN_POINT('',(19.9333758310812,75.0780236651584,7.));
#3299=CARTESIAN_POINT('Origin',(19.9333758310812,73.8280236651584,7.));
#3300=CARTESIAN_POINT('',(25.9333758310812,75.0780236651584,7.));
#3301=CARTESIAN_POINT('',(19.9333758310812,75.0780236651584,7.));
#3302=CARTESIAN_POINT('Origin',(25.9333758310812,73.8280236651584,7.));
#3303=CARTESIAN_POINT('Origin',(25.9333758310812,73.8280236651585,7.));
#3304=CARTESIAN_POINT('Origin',(33.4333758310812,57.8280236651584,7.));
#3305=CARTESIAN_POINT('',(33.4333758310812,59.0780236651584,7.));
#3306=CARTESIAN_POINT('Origin',(33.4333758310812,57.8280236651584,7.));
#3307=CARTESIAN_POINT('',(27.4333758310812,59.0780236651584,7.));
#3308=CARTESIAN_POINT('',(33.4333758310812,59.0780236651584,7.));
#3309=CARTESIAN_POINT('Origin',(27.4333758310812,57.8280236651584,7.));
#3310=CARTESIAN_POINT('Origin',(27.4333758310812,57.8280236651584,7.));
#3311=CARTESIAN_POINT('Origin',(33.4333758310812,25.8280236651584,7.));
#3312=CARTESIAN_POINT('',(33.4333758310812,27.0780236651584,7.));
#3313=CARTESIAN_POINT('Origin',(33.4333758310812,25.8280236651584,7.));
#3314=CARTESIAN_POINT('',(27.4333758310812,27.0780236651584,7.));
#3315=CARTESIAN_POINT('',(33.4333758310812,27.0780236651584,7.));
#3316=CARTESIAN_POINT('Origin',(27.4333758310812,25.8280236651584,7.));
#3317=CARTESIAN_POINT('Origin',(27.4333758310812,25.8280236651584,7.));
#3318=CARTESIAN_POINT('Origin',(33.4333758310812,9.82802366515844,7.));
#3319=CARTESIAN_POINT('',(33.4333758310812,11.0780236651584,7.));
#3320=CARTESIAN_POINT('Origin',(33.4333758310812,9.82802366515844,7.));
#3321=CARTESIAN_POINT('',(27.4333758310812,11.0780236651584,7.));
#3322=CARTESIAN_POINT('',(33.4333758310812,11.0780236651584,7.));
#3323=CARTESIAN_POINT('Origin',(27.4333758310812,9.82802366515844,7.));
#3324=CARTESIAN_POINT('Origin',(27.4333758310812,9.82802366515844,7.));
#3325=CARTESIAN_POINT('Origin',(33.4333758310812,41.8280236651584,7.));
#3326=CARTESIAN_POINT('',(33.4333758310812,43.0780236651584,7.));
#3327=CARTESIAN_POINT('Origin',(33.4333758310812,41.8280236651584,7.));
#3328=CARTESIAN_POINT('',(27.4333758310812,43.0780236651584,7.));
#3329=CARTESIAN_POINT('',(33.4333758310812,43.0780236651584,7.));
#3330=CARTESIAN_POINT('Origin',(27.4333758310812,41.8280236651584,7.));
#3331=CARTESIAN_POINT('Origin',(27.4333758310812,41.8280236651584,7.));
#3332=CARTESIAN_POINT('Origin',(33.4333758310812,73.8280236651584,7.));
#3333=CARTESIAN_POINT('',(33.4333758310812,75.0780236651584,7.));
#3334=CARTESIAN_POINT('Origin',(33.4333758310812,73.8280236651584,7.));
#3335=CARTESIAN_POINT('',(27.4333758310812,75.0780236651584,7.));
#3336=CARTESIAN_POINT('',(33.4333758310812,75.0780236651584,7.));
#3337=CARTESIAN_POINT('Origin',(27.4333758310812,73.8280236651584,7.));
#3338=CARTESIAN_POINT('Origin',(27.4333758310812,73.8280236651585,7.));
#3339=CARTESIAN_POINT('Origin',(41.5,70.,0.8));
#3340=CARTESIAN_POINT('',(38.2,70.,-2.77555756156289E-16));
#3341=CARTESIAN_POINT('Origin',(41.5,70.,0.));
#3342=CARTESIAN_POINT('',(39.8,70.,1.6));
#3343=CARTESIAN_POINT('',(39.,70.,0.8));
#3344=CARTESIAN_POINT('Origin',(41.5,70.,1.6));
#3345=CARTESIAN_POINT('Origin',(41.5,70.,89.5600357302296));
#3346=CARTESIAN_POINT('',(39.8,70.,89.5600357302296));
#3347=CARTESIAN_POINT('Origin',(41.5,50.,0.8));
#3348=CARTESIAN_POINT('',(38.2,50.,-2.77555756156289E-16));
#3349=CARTESIAN_POINT('Origin',(41.5,50.,0.));
#3350=CARTESIAN_POINT('',(39.8,50.,1.6));
#3351=CARTESIAN_POINT('',(39.,50.,0.8));
#3352=CARTESIAN_POINT('Origin',(41.5,50.,1.6));
#3353=CARTESIAN_POINT('Origin',(41.5,50.,89.5600357302296));
#3354=CARTESIAN_POINT('',(39.8,50.,89.5600357302296));
#3355=CARTESIAN_POINT('Origin',(41.5,30.,0.8));
#3356=CARTESIAN_POINT('',(38.2,30.,-2.77555756156289E-16));
#3357=CARTESIAN_POINT('Origin',(41.5,30.,0.));
#3358=CARTESIAN_POINT('',(39.8,30.,1.6));
#3359=CARTESIAN_POINT('',(39.,30.,0.8));
#3360=CARTESIAN_POINT('Origin',(41.5,30.,1.6));
#3361=CARTESIAN_POINT('Origin',(41.5,30.,89.5600357302296));
#3362=CARTESIAN_POINT('',(39.8,30.,89.5600357302296));
#3363=CARTESIAN_POINT('Origin',(41.5,10.,0.8));
#3364=CARTESIAN_POINT('',(38.2,10.,-2.77555756156289E-16));
#3365=CARTESIAN_POINT('Origin',(41.5,10.,0.));
#3366=CARTESIAN_POINT('',(39.8,10.,1.6));
#3367=CARTESIAN_POINT('',(39.,10.,0.8));
#3368=CARTESIAN_POINT('Origin',(41.5,10.,1.6));
#3369=CARTESIAN_POINT('Origin',(41.5,10.,89.5600357302296));
#3370=CARTESIAN_POINT('',(39.8,10.,89.5600357302296));
#3371=CARTESIAN_POINT('Origin',(9.5,70.,0.8));
#3372=CARTESIAN_POINT('',(6.2,70.,-2.77555756156289E-16));
#3373=CARTESIAN_POINT('Origin',(9.5,70.,0.));
#3374=CARTESIAN_POINT('',(7.8,70.,1.6));
#3375=CARTESIAN_POINT('',(7.,70.,0.8));
#3376=CARTESIAN_POINT('Origin',(9.5,70.,1.6));
#3377=CARTESIAN_POINT('Origin',(9.5,70.,89.5600357302296));
#3378=CARTESIAN_POINT('',(7.8,70.,89.5600357302296));
#3379=CARTESIAN_POINT('Origin',(9.5,50.,0.8));
#3380=CARTESIAN_POINT('',(6.2,50.,-2.77555756156289E-16));
#3381=CARTESIAN_POINT('Origin',(9.5,50.,0.));
#3382=CARTESIAN_POINT('',(7.8,50.,1.6));
#3383=CARTESIAN_POINT('',(7.,50.,0.8));
#3384=CARTESIAN_POINT('Origin',(9.5,50.,1.6));
#3385=CARTESIAN_POINT('Origin',(9.5,50.,89.5600357302296));
#3386=CARTESIAN_POINT('',(7.8,50.,89.5600357302296));
#3387=CARTESIAN_POINT('Origin',(9.5,30.,0.8));
#3388=CARTESIAN_POINT('',(6.2,30.,-2.77555756156289E-16));
#3389=CARTESIAN_POINT('Origin',(9.5,30.,0.));
#3390=CARTESIAN_POINT('',(7.8,30.,1.6));
#3391=CARTESIAN_POINT('',(7.,30.,0.8));
#3392=CARTESIAN_POINT('Origin',(9.5,30.,1.6));
#3393=CARTESIAN_POINT('Origin',(9.5,30.,89.5600357302296));
#3394=CARTESIAN_POINT('',(7.8,30.,89.5600357302296));
#3395=CARTESIAN_POINT('Origin',(9.5,10.,0.8));
#3396=CARTESIAN_POINT('',(6.2,10.,-2.77555756156289E-16));
#3397=CARTESIAN_POINT('Origin',(9.5,10.,0.));
#3398=CARTESIAN_POINT('',(7.8,10.,1.6));
#3399=CARTESIAN_POINT('',(7.,10.,0.8));
#3400=CARTESIAN_POINT('Origin',(9.5,10.,1.6));
#3401=CARTESIAN_POINT('Origin',(9.5,10.,89.5600357302296));
#3402=CARTESIAN_POINT('',(7.8,10.,89.5600357302296));
#3403=CARTESIAN_POINT('Origin',(19.9333758310812,76.,4.));
#3404=CARTESIAN_POINT('',(19.9333758310812,4.,10.));
#3405=CARTESIAN_POINT('',(19.9333758310812,4.,4.));
#3406=CARTESIAN_POINT('',(19.9333758310812,76.,10.));
#3407=CARTESIAN_POINT('',(19.9333758310812,76.,10.));
#3408=CARTESIAN_POINT('',(19.9333758310812,76.,4.));
#3409=CARTESIAN_POINT('Origin',(33.4333758310812,76.,4.));
#3410=CARTESIAN_POINT('',(33.4333758310812,76.,10.));
#3411=CARTESIAN_POINT('',(33.4333758310812,76.,10.));
#3412=CARTESIAN_POINT('',(33.4333758310812,76.,4.));
#3413=CARTESIAN_POINT('Origin',(33.4333758310812,4.,4.));
#3414=CARTESIAN_POINT('',(33.4333758310812,4.,10.));
#3415=CARTESIAN_POINT('',(33.4333758310812,4.,10.));
#3416=CARTESIAN_POINT('',(33.4333758310812,4.,4.));
#3417=CARTESIAN_POINT('Origin',(19.9333758310812,4.,4.));
#3418=CARTESIAN_POINT('',(19.9333758310812,4.,10.));
#3419=CARTESIAN_POINT('Origin',(26.6833758310812,40.,10.));
#3420=CARTESIAN_POINT('Origin',(6.,80.,0.));
#3421=CARTESIAN_POINT('',(6.,80.,0.));
#3422=CARTESIAN_POINT('',(6.,0.,0.));
#3423=CARTESIAN_POINT('',(6.,80.,0.));
#3424=CARTESIAN_POINT('',(6.,0.,0.));
#3425=CARTESIAN_POINT('',(6.,80.,0.));
#3426=CARTESIAN_POINT('Origin',(45.,80.,0.));
#3427=CARTESIAN_POINT('',(45.,80.,0.));
#3428=CARTESIAN_POINT('',(45.,80.,0.));
#3429=CARTESIAN_POINT('',(45.,80.,0.));
#3430=CARTESIAN_POINT('Origin',(45.,0.,0.));
#3431=CARTESIAN_POINT('',(45.,0.,0.));
#3432=CARTESIAN_POINT('',(45.,0.,0.));
#3433=CARTESIAN_POINT('',(45.,0.,0.));
#3434=CARTESIAN_POINT('Origin',(6.,0.,0.));
#3435=CARTESIAN_POINT('',(6.,0.,0.));
#3436=CARTESIAN_POINT('Origin',(25.5,40.,0.));
#3437=CARTESIAN_POINT('',(0.,0.,0.));
#3438=CARTESIAN_POINT('Origin',(0.8,60.,11.7));
#3439=CARTESIAN_POINT('',(1.6,0.,10.9));
#3440=CARTESIAN_POINT('',(0.,0.,12.5));
#3441=CARTESIAN_POINT('',(4.025,0.,8.475));
#3442=CARTESIAN_POINT('',(0.,80.,12.5));
#3443=CARTESIAN_POINT('',(0.,80.,12.5));
#3444=CARTESIAN_POINT('',(1.6,80.,10.9));
#3445=CARTESIAN_POINT('',(5.525,80.,6.975));
#3446=CARTESIAN_POINT('',(1.6,65.9643650760993,10.9));
#3447=CARTESIAN_POINT('',(1.6,60.,10.9));
#3448=CARTESIAN_POINT('',(1.6,64.0356349239007,10.9));
#3449=CARTESIAN_POINT('Origin',(3.,65.,9.5));
#3450=CARTESIAN_POINT('',(1.6,45.9643650760993,10.9));
#3451=CARTESIAN_POINT('',(1.6,60.,10.9));
#3452=CARTESIAN_POINT('',(1.6,44.0356349239007,10.9));
#3453=CARTESIAN_POINT('Origin',(3.,45.,9.5));
#3454=CARTESIAN_POINT('',(1.6,25.9643650760993,10.9));
#3455=CARTESIAN_POINT('',(1.6,60.,10.9));
#3456=CARTESIAN_POINT('',(1.6,24.0356349239007,10.9));
#3457=CARTESIAN_POINT('Origin',(3.,25.,9.5));
#3458=CARTESIAN_POINT('',(1.6,5.9643650760993,10.9));
#3459=CARTESIAN_POINT('',(1.6,60.,10.9));
#3460=CARTESIAN_POINT('',(1.6,4.0356349239007,10.9));
#3461=CARTESIAN_POINT('Origin',(3.,5.,9.5));
#3462=CARTESIAN_POINT('',(1.6,60.,10.9));
#3463=CARTESIAN_POINT('Origin',(3.,45.,0.));
#3464=CARTESIAN_POINT('',(4.7,45.,10.9));
#3465=CARTESIAN_POINT('Origin',(3.,45.,10.9));
#3466=CARTESIAN_POINT('',(4.7,45.,12.5));
#3467=CARTESIAN_POINT('',(4.7,45.,0.));
#3468=CARTESIAN_POINT('Origin',(3.,45.,12.5));
#3469=CARTESIAN_POINT('Origin',(3.,45.,10.9));
#3470=CARTESIAN_POINT('Origin',(3.,65.,0.));
#3471=CARTESIAN_POINT('',(4.7,65.,10.9));
#3472=CARTESIAN_POINT('Origin',(3.,65.,10.9));
#3473=CARTESIAN_POINT('',(4.7,65.,12.5));
#3474=CARTESIAN_POINT('',(4.7,65.,0.));
#3475=CARTESIAN_POINT('Origin',(3.,65.,12.5));
#3476=CARTESIAN_POINT('Origin',(3.,65.,10.9));
#3477=CARTESIAN_POINT('Origin',(12.,80.,4.));
#3478=CARTESIAN_POINT('',(12.,80.,12.5));
#3479=CARTESIAN_POINT('',(12.,80.,12.5));
#3480=CARTESIAN_POINT('',(12.,80.,4.));
#3481=CARTESIAN_POINT('',(12.,80.,4.));
#3482=CARTESIAN_POINT('',(6.,80.,4.));
#3483=CARTESIAN_POINT('',(12.,80.,4.));
#3484=CARTESIAN_POINT('',(6.,80.,10.9));
#3485=CARTESIAN_POINT('',(6.,80.,4.));
#3486=CARTESIAN_POINT('',(12.,80.,10.9));
#3487=CARTESIAN_POINT('Origin',(9.5,50.,4.));
#3488=CARTESIAN_POINT('',(10.75,50.,4.));
#3489=CARTESIAN_POINT('Origin',(9.5,50.,4.));
#3490=CARTESIAN_POINT('',(10.75,50.,10.5));
#3491=CARTESIAN_POINT('',(10.75,50.,4.));
#3492=CARTESIAN_POINT('Origin',(9.5,50.,10.5));
#3493=CARTESIAN_POINT('Origin',(9.5,50.,10.5));
#3494=CARTESIAN_POINT('Origin',(9.5,10.,4.));
#3495=CARTESIAN_POINT('',(10.75,10.,4.));
#3496=CARTESIAN_POINT('Origin',(9.5,10.,4.));
#3497=CARTESIAN_POINT('',(10.75,10.,10.5));
#3498=CARTESIAN_POINT('',(10.75,10.,4.));
#3499=CARTESIAN_POINT('Origin',(9.5,10.,10.5));
#3500=CARTESIAN_POINT('Origin',(9.5,10.,10.5));
#3501=CARTESIAN_POINT('Origin',(9.5,30.,4.));
#3502=CARTESIAN_POINT('',(10.75,30.,4.));
#3503=CARTESIAN_POINT('Origin',(9.5,30.,4.));
#3504=CARTESIAN_POINT('',(10.75,30.,10.5));
#3505=CARTESIAN_POINT('',(10.75,30.,4.));
#3506=CARTESIAN_POINT('Origin',(9.5,30.,10.5));
#3507=CARTESIAN_POINT('Origin',(9.5,30.,10.5));
#3508=CARTESIAN_POINT('Origin',(9.5,70.,4.));
#3509=CARTESIAN_POINT('',(10.75,70.,4.));
#3510=CARTESIAN_POINT('Origin',(9.5,70.,4.));
#3511=CARTESIAN_POINT('',(10.75,70.,10.5));
#3512=CARTESIAN_POINT('',(10.75,70.,4.));
#3513=CARTESIAN_POINT('Origin',(9.5,70.,10.5));
#3514=CARTESIAN_POINT('Origin',(9.5,70.,10.5));
#3515=CARTESIAN_POINT('Origin',(3.,5.,0.));
#3516=CARTESIAN_POINT('',(4.7,5.,10.9));
#3517=CARTESIAN_POINT('Origin',(3.,5.,10.9));
#3518=CARTESIAN_POINT('',(4.7,5.,12.5));
#3519=CARTESIAN_POINT('',(4.7,5.,0.));
#3520=CARTESIAN_POINT('Origin',(3.,5.,12.5));
#3521=CARTESIAN_POINT('Origin',(3.,5.,10.9));
#3522=CARTESIAN_POINT('Origin',(3.,25.,0.));
#3523=CARTESIAN_POINT('',(4.7,25.,10.9));
#3524=CARTESIAN_POINT('Origin',(3.,25.,10.9));
#3525=CARTESIAN_POINT('',(4.7,25.,12.5));
#3526=CARTESIAN_POINT('',(4.7,25.,0.));
#3527=CARTESIAN_POINT('Origin',(3.,25.,12.5));
#3528=CARTESIAN_POINT('Origin',(3.,25.,10.9));
#3529=CARTESIAN_POINT('Origin',(6.,40.,10.9));
#3530=CARTESIAN_POINT('',(6.,0.,10.9));
#3531=CARTESIAN_POINT('',(6.,60.,10.9));
#3532=CARTESIAN_POINT('',(0.,0.,10.9));
#3533=CARTESIAN_POINT('Origin',(12.,0.,4.));
#3534=CARTESIAN_POINT('',(12.,0.,4.));
#3535=CARTESIAN_POINT('',(12.,0.,12.5));
#3536=CARTESIAN_POINT('',(12.,0.,4.));
#3537=CARTESIAN_POINT('',(12.,0.,4.));
#3538=CARTESIAN_POINT('',(12.,0.,12.5));
#3539=CARTESIAN_POINT('Origin',(6.,0.,4.));
#3540=CARTESIAN_POINT('',(6.,0.,4.));
#3541=CARTESIAN_POINT('',(6.,0.,4.));
#3542=CARTESIAN_POINT('',(6.,0.,4.));
#3543=CARTESIAN_POINT('',(0.,0.,12.5));
#3544=CARTESIAN_POINT('Origin',(6.,80.,4.));
#3545=CARTESIAN_POINT('',(6.,80.,4.));
#3546=CARTESIAN_POINT('Origin',(9.,40.,12.5));
#3547=CARTESIAN_POINT('Origin',(9.,40.,4.));
#3548=CARTESIAN_POINT('',(0.,0.,0.));
#3549=CARTESIAN_POINT('Origin',(50.2,20.,11.7));
#3550=CARTESIAN_POINT('',(49.4,80.,10.9));
#3551=CARTESIAN_POINT('',(51.,80.,12.5));
#3552=CARTESIAN_POINT('',(46.975,80.,8.475));
#3553=CARTESIAN_POINT('',(51.,0.,12.5));
#3554=CARTESIAN_POINT('',(51.,0.,12.5));
#3555=CARTESIAN_POINT('',(49.4,0.,10.9));
#3556=CARTESIAN_POINT('',(45.475,0.,6.975));
#3557=CARTESIAN_POINT('',(49.4,4.03563492390069,10.9));
#3558=CARTESIAN_POINT('',(49.4,20.,10.9));
#3559=CARTESIAN_POINT('',(49.7,5.,11.2));
#3560=CARTESIAN_POINT('Origin',(48.,5.,9.50000000000001));
#3561=CARTESIAN_POINT('',(49.4,5.96436507609931,10.9));
#3562=CARTESIAN_POINT('Origin',(48.,5.,9.50000000000001));
#3563=CARTESIAN_POINT('',(49.4,24.0356349239007,10.9));
#3564=CARTESIAN_POINT('',(49.4,20.,10.9));
#3565=CARTESIAN_POINT('',(49.7,25.,11.2));
#3566=CARTESIAN_POINT('Origin',(48.,25.,9.50000000000001));
#3567=CARTESIAN_POINT('',(49.4,25.9643650760993,10.9));
#3568=CARTESIAN_POINT('Origin',(48.,25.,9.50000000000001));
#3569=CARTESIAN_POINT('',(49.4,44.0356349239007,10.9));
#3570=CARTESIAN_POINT('',(49.4,20.,10.9));
#3571=CARTESIAN_POINT('',(49.7,45.,11.2));
#3572=CARTESIAN_POINT('Origin',(48.,45.,9.50000000000001));
#3573=CARTESIAN_POINT('',(49.4,45.9643650760993,10.9));
#3574=CARTESIAN_POINT('Origin',(48.,45.,9.50000000000001));
#3575=CARTESIAN_POINT('',(49.4,64.0356349239007,10.9));
#3576=CARTESIAN_POINT('',(49.4,20.,10.9));
#3577=CARTESIAN_POINT('',(49.7,65.,11.2));
#3578=CARTESIAN_POINT('Origin',(48.,65.,9.50000000000001));
#3579=CARTESIAN_POINT('',(49.4,65.9643650760993,10.9));
#3580=CARTESIAN_POINT('Origin',(48.,65.,9.50000000000001));
#3581=CARTESIAN_POINT('',(49.4,20.,10.9));
#3582=CARTESIAN_POINT('Origin',(48.,25.,0.));
#3583=CARTESIAN_POINT('Origin',(48.,25.,10.9));
#3584=CARTESIAN_POINT('',(49.7,25.,12.5));
#3585=CARTESIAN_POINT('',(49.7,25.,0.));
#3586=CARTESIAN_POINT('Origin',(48.,25.,12.5));
#3587=CARTESIAN_POINT('Origin',(48.,5.,0.));
#3588=CARTESIAN_POINT('Origin',(48.,5.,10.9));
#3589=CARTESIAN_POINT('',(49.7,5.,12.5));
#3590=CARTESIAN_POINT('',(49.7,5.,0.));
#3591=CARTESIAN_POINT('Origin',(48.,5.,12.5));
#3592=CARTESIAN_POINT('Origin',(39.,0.,4.));
#3593=CARTESIAN_POINT('',(39.,0.,12.5));
#3594=CARTESIAN_POINT('',(39.,0.,12.5));
#3595=CARTESIAN_POINT('',(39.,0.,4.));
#3596=CARTESIAN_POINT('',(39.,0.,4.));
#3597=CARTESIAN_POINT('',(45.,0.,4.));
#3598=CARTESIAN_POINT('',(39.,0.,4.));
#3599=CARTESIAN_POINT('',(45.,0.,10.9));
#3600=CARTESIAN_POINT('',(45.,0.,4.));
#3601=CARTESIAN_POINT('',(39.,0.,10.9));
#3602=CARTESIAN_POINT('Origin',(41.5,50.,4.));
#3603=CARTESIAN_POINT('',(42.75,50.,4.));
#3604=CARTESIAN_POINT('Origin',(41.5,50.,4.));
#3605=CARTESIAN_POINT('',(42.75,50.,10.5));
#3606=CARTESIAN_POINT('',(42.75,50.,4.));
#3607=CARTESIAN_POINT('Origin',(41.5,50.,10.5));
#3608=CARTESIAN_POINT('Origin',(41.5,50.,10.5));
#3609=CARTESIAN_POINT('Origin',(41.5,10.,4.));
#3610=CARTESIAN_POINT('',(42.75,10.,4.));
#3611=CARTESIAN_POINT('Origin',(41.5,10.,4.));
#3612=CARTESIAN_POINT('',(42.75,10.,10.5));
#3613=CARTESIAN_POINT('',(42.75,10.,4.));
#3614=CARTESIAN_POINT('Origin',(41.5,10.,10.5));
#3615=CARTESIAN_POINT('Origin',(41.5,10.,10.5));
#3616=CARTESIAN_POINT('Origin',(41.5,30.,4.));
#3617=CARTESIAN_POINT('',(42.75,30.,4.));
#3618=CARTESIAN_POINT('Origin',(41.5,30.,4.));
#3619=CARTESIAN_POINT('',(42.75,30.,10.5));
#3620=CARTESIAN_POINT('',(42.75,30.,4.));
#3621=CARTESIAN_POINT('Origin',(41.5,30.,10.5));
#3622=CARTESIAN_POINT('Origin',(41.5,30.,10.5));
#3623=CARTESIAN_POINT('Origin',(41.5,70.,4.));
#3624=CARTESIAN_POINT('',(42.75,70.,4.));
#3625=CARTESIAN_POINT('Origin',(41.5,70.,4.));
#3626=CARTESIAN_POINT('',(42.75,70.,10.5));
#3627=CARTESIAN_POINT('',(42.75,70.,4.));
#3628=CARTESIAN_POINT('Origin',(41.5,70.,10.5));
#3629=CARTESIAN_POINT('Origin',(41.5,70.,10.5));
#3630=CARTESIAN_POINT('Origin',(48.,45.,0.));
#3631=CARTESIAN_POINT('Origin',(48.,45.,10.9));
#3632=CARTESIAN_POINT('',(49.7,45.,12.5));
#3633=CARTESIAN_POINT('',(49.7,45.,0.));
#3634=CARTESIAN_POINT('Origin',(48.,45.,12.5));
#3635=CARTESIAN_POINT('Origin',(48.,65.,0.));
#3636=CARTESIAN_POINT('Origin',(48.,65.,10.9));
#3637=CARTESIAN_POINT('',(49.7,65.,12.5));
#3638=CARTESIAN_POINT('',(49.7,65.,0.));
#3639=CARTESIAN_POINT('Origin',(48.,65.,12.5));
#3640=CARTESIAN_POINT('Origin',(45.,40.,10.9));
#3641=CARTESIAN_POINT('',(45.,80.,10.9));
#3642=CARTESIAN_POINT('',(45.,20.,10.9));
#3643=CARTESIAN_POINT('',(51.,80.,10.9));
#3644=CARTESIAN_POINT('Origin',(45.,80.,4.));
#3645=CARTESIAN_POINT('',(45.,80.,4.));
#3646=CARTESIAN_POINT('',(45.,80.,4.));
#3647=CARTESIAN_POINT('',(39.,80.,4.));
#3648=CARTESIAN_POINT('',(45.,80.,4.));
#3649=CARTESIAN_POINT('',(39.,80.,12.5));
#3650=CARTESIAN_POINT('',(39.,80.,4.));
#3651=CARTESIAN_POINT('',(51.,80.,12.5));
#3652=CARTESIAN_POINT('Origin',(45.,0.,4.));
#3653=CARTESIAN_POINT('',(45.,0.,4.));
#3654=CARTESIAN_POINT('Origin',(39.,80.,4.));
#3655=CARTESIAN_POINT('',(39.,80.,4.));
#3656=CARTESIAN_POINT('',(39.,80.,12.5));
#3657=CARTESIAN_POINT('Origin',(42.,40.,12.5));
#3658=CARTESIAN_POINT('Origin',(42.,40.,4.));
#3659=CARTESIAN_POINT('',(0.,0.,0.));
#3660=CARTESIAN_POINT('Origin',(0.,0.,-9.875));
#3661=CARTESIAN_POINT('',(1.25,1.53080849893419E-16,-10.));
#3662=CARTESIAN_POINT('Origin',(0.,0.,-10.));
#3663=CARTESIAN_POINT('',(1.5,-1.83697019872103E-16,-9.75));
#3664=CARTESIAN_POINT('',(1.375,-1.68388934882761E-16,-9.875));
#3665=CARTESIAN_POINT('',(-1.5,1.83697019872103E-16,-9.75));
#3666=CARTESIAN_POINT('Origin',(0.,0.,-9.75));
#3667=CARTESIAN_POINT('Origin',(0.,0.,-9.75));
#3668=CARTESIAN_POINT('Origin',(0.,0.,-5.85));
#3669=CARTESIAN_POINT('',(-1.5,1.83697019872103E-16,-1.74142135623731));
#3670=CARTESIAN_POINT('',(-1.5,1.83697019872103E-16,-5.85));
#3671=CARTESIAN_POINT('',(1.5,3.67394039744206E-16,-1.74142135623731));
#3672=CARTESIAN_POINT('Origin',(0.,0.,-1.74142135623731));
#3673=CARTESIAN_POINT('Origin',(0.,0.,-1.74142135623731));
#3674=CARTESIAN_POINT('Origin',(0.75,0.,-10.));
#3675=CARTESIAN_POINT('Origin',(0.,0.,-1.74142135623731));
#3676=CARTESIAN_POINT('',(1.52928932188135,0.,-1.67071067811866));
#3677=CARTESIAN_POINT('',(-1.52928932188135,1.87283927301222E-16,-1.67071067811866));
#3678=CARTESIAN_POINT('Origin',(0.,1.87283927301222E-16,-1.67071067811866));
#3679=CARTESIAN_POINT('Origin',(0.,1.87283927301222E-16,-1.67071067811866));
#3680=CARTESIAN_POINT('Origin',(1.6,-1.95943487863577E-16,-1.74142135623731));
#3681=CARTESIAN_POINT('Origin',(0.,0.,-0.95));
#3682=CARTESIAN_POINT('',(-3.,3.67394039744206E-16,-0.2));
#3683=CARTESIAN_POINT('',(-2.25,2.75545529808155E-16,-0.95));
#3684=CARTESIAN_POINT('Origin',(0.,0.,-0.2));
#3685=CARTESIAN_POINT('Origin',(-1.,-0.577350269189626,0.));
#3686=CARTESIAN_POINT('',(-1.,-0.577350269189626,-1.2));
#3687=CARTESIAN_POINT('',(2.22041216793242E-16,-1.15470053837925,-1.2));
#3688=CARTESIAN_POINT('',(-1.,-0.577350269189626,-1.2));
#3689=CARTESIAN_POINT('',(-1.,-0.577350269189626,0.));
#3690=CARTESIAN_POINT('',(-1.,-0.577350269189626,0.));
#3691=CARTESIAN_POINT('',(2.22041216793242E-16,-1.15470053837925,0.));
#3692=CARTESIAN_POINT('',(-0.187499999999999,-1.0464473629062,0.));
#3693=CARTESIAN_POINT('',(2.22041216793242E-16,-1.15470053837925,0.));
#3694=CARTESIAN_POINT('Origin',(2.22041216793242E-16,-1.15470053837925,
0.));
#3695=CARTESIAN_POINT('',(1.,-0.577350269189626,-1.2));
#3696=CARTESIAN_POINT('',(2.22041216793242E-16,-1.15470053837925,-1.2));
#3697=CARTESIAN_POINT('',(1.,-0.577350269189626,0.));
#3698=CARTESIAN_POINT('',(0.8125,-0.685603444662681,0.));
#3699=CARTESIAN_POINT('',(1.,-0.577350269189626,0.));
#3700=CARTESIAN_POINT('Origin',(1.,-0.577350269189626,0.));
#3701=CARTESIAN_POINT('',(1.,0.577350269189626,-1.2));
#3702=CARTESIAN_POINT('',(1.,-0.577350269189626,-1.2));
#3703=CARTESIAN_POINT('',(1.,0.577350269189626,0.));
#3704=CARTESIAN_POINT('',(1.,-0.288675134594813,0.));
#3705=CARTESIAN_POINT('',(1.,0.577350269189626,0.));
#3706=CARTESIAN_POINT('Origin',(1.,0.577350269189626,0.));
#3707=CARTESIAN_POINT('',(-2.22047569540347E-16,1.15470053837925,-1.2));
#3708=CARTESIAN_POINT('',(1.,0.577350269189626,-1.2));
#3709=CARTESIAN_POINT('',(-2.22047569540347E-16,1.15470053837925,0.));
#3710=CARTESIAN_POINT('',(1.3125,0.396928310067869,0.));
#3711=CARTESIAN_POINT('',(-2.22047569540347E-16,1.15470053837925,0.));
#3712=CARTESIAN_POINT('Origin',(-2.22047569540347E-16,1.15470053837925,
0.));
#3713=CARTESIAN_POINT('',(-1.,0.577350269189626,-1.2));
#3714=CARTESIAN_POINT('',(-2.22047569540347E-16,1.15470053837925,-1.2));
#3715=CARTESIAN_POINT('',(-1.,0.577350269189626,0.));
#3716=CARTESIAN_POINT('',(0.3125,1.33512249750101,0.));
#3717=CARTESIAN_POINT('',(-1.,0.577350269189626,0.));
#3718=CARTESIAN_POINT('Origin',(-1.,0.577350269189626,0.));
#3719=CARTESIAN_POINT('',(-1.,0.577350269189626,-1.2));
#3720=CARTESIAN_POINT('',(-1.,0.288675134594813,0.));
#3721=CARTESIAN_POINT('Origin',(0.,3.46944695195361E-17,-1.2));
#3722=CARTESIAN_POINT('Origin',(1.5,0.,0.));
#3723=CARTESIAN_POINT('',(-3.,3.67394039744206E-16,0.));
#3724=CARTESIAN_POINT('Origin',(0.,0.,0.));
#3725=CARTESIAN_POINT('Origin',(0.,0.,-0.1));
#3726=CARTESIAN_POINT('',(-3.,3.67394039744206E-16,-0.1));
#3727=CARTESIAN_POINT('',(0.,0.,0.));
#3728=CARTESIAN_POINT('',(0.,0.,0.));
#3729=CARTESIAN_POINT('',(0.,0.,0.));
#3730=CARTESIAN_POINT('',(0.374015748031496,0.393700787401575,0.00393700787401575));
#3731=CARTESIAN_POINT('',(0.374015748031496,1.18110236220472,0.00393700787401575));
#3732=CARTESIAN_POINT('',(0.374015748031496,1.96850393700787,0.00393700787401575));
#3733=CARTESIAN_POINT('',(0.374015748031496,2.75590551181102,0.00393700787401575));
#3734=CARTESIAN_POINT('',(1.63385826771654,0.393700787401575,0.00393700787401575));
#3735=CARTESIAN_POINT('',(1.63385826771654,1.18110236220472,0.00393700787401575));
#3736=CARTESIAN_POINT('',(1.63385826771654,1.96850393700787,0.00393700787401575));
#3737=CARTESIAN_POINT('',(1.63385826771654,2.75590551181102,0.00393700787401575));
#3738=UNCERTAINTY_MEASURE_WITH_UNIT(LENGTH_MEASURE(0.000393700787401575),
#3752,'DISTANCE_ACCURACY_VALUE',
'Maximum model space distance between geometric entities at asserted c
onnectivities');
#3739=UNCERTAINTY_MEASURE_WITH_UNIT(LENGTH_MEASURE(0.01),#3753,
'DISTANCE_ACCURACY_VALUE',
'Maximum model space distance between geometric entities at asserted c
onnectivities');
#3740=UNCERTAINTY_MEASURE_WITH_UNIT(LENGTH_MEASURE(0.01),#3753,
'DISTANCE_ACCURACY_VALUE',
'Maximum model space distance between geometric entities at asserted c
onnectivities');
#3741=UNCERTAINTY_MEASURE_WITH_UNIT(LENGTH_MEASURE(0.01),#3753,
'DISTANCE_ACCURACY_VALUE',
'Maximum model space distance between geometric entities at asserted c
onnectivities');
#3742=UNCERTAINTY_MEASURE_WITH_UNIT(LENGTH_MEASURE(0.01),#3753,
'DISTANCE_ACCURACY_VALUE',
'Maximum model space distance between geometric entities at asserted c
onnectivities');
#3743=UNCERTAINTY_MEASURE_WITH_UNIT(LENGTH_MEASURE(0.000393700787401575),
#3752,'DISTANCE_ACCURACY_VALUE',
'Maximum model space distance between geometric entities at asserted c
onnectivities');
#3744=(
GEOMETRIC_REPRESENTATION_CONTEXT(3)
GLOBAL_UNCERTAINTY_ASSIGNED_CONTEXT((#3738))
GLOBAL_UNIT_ASSIGNED_CONTEXT((#3752,#3756,#3757))
REPRESENTATION_CONTEXT('','3D')
);
#3745=(
GEOMETRIC_REPRESENTATION_CONTEXT(3)
GLOBAL_UNCERTAINTY_ASSIGNED_CONTEXT((#3739))
GLOBAL_UNIT_ASSIGNED_CONTEXT((#3753,#3756,#3757))
REPRESENTATION_CONTEXT('','3D')
);
#3746=(
GEOMETRIC_REPRESENTATION_CONTEXT(3)
GLOBAL_UNCERTAINTY_ASSIGNED_CONTEXT((#3740))
GLOBAL_UNIT_ASSIGNED_CONTEXT((#3753,#3756,#3757))
REPRESENTATION_CONTEXT('','3D')
);
#3747=(
GEOMETRIC_REPRESENTATION_CONTEXT(3)
GLOBAL_UNCERTAINTY_ASSIGNED_CONTEXT((#3741))
GLOBAL_UNIT_ASSIGNED_CONTEXT((#3753,#3756,#3757))
REPRESENTATION_CONTEXT('','3D')
);
#3748=(
GEOMETRIC_REPRESENTATION_CONTEXT(3)
GLOBAL_UNCERTAINTY_ASSIGNED_CONTEXT((#3742))
GLOBAL_UNIT_ASSIGNED_CONTEXT((#3753,#3756,#3757))
REPRESENTATION_CONTEXT('','3D')
);
#3749=(
GEOMETRIC_REPRESENTATION_CONTEXT(3)
GLOBAL_UNCERTAINTY_ASSIGNED_CONTEXT((#3743))
GLOBAL_UNIT_ASSIGNED_CONTEXT((#3752,#3756,#3757))
REPRESENTATION_CONTEXT('','3D')
);
#3750=DIMENSIONAL_EXPONENTS(1.,0.,0.,0.,0.,0.,0.);
#3751=DIMENSIONAL_EXPONENTS(0.,1.,0.,0.,0.,0.,0.);
#3752=(
CONVERSION_BASED_UNIT('inch',#3755)
LENGTH_UNIT()
NAMED_UNIT(#3750)
);
#3753=(
LENGTH_UNIT()
NAMED_UNIT(*)
SI_UNIT(.MILLI.,.METRE.)
);
#3754=(
LENGTH_UNIT()
NAMED_UNIT(*)
SI_UNIT(.CENTI.,.METRE.)
);
#3755=LENGTH_MEASURE_WITH_UNIT(LENGTH_MEASURE(25.4),#3753);
#3756=(
NAMED_UNIT(*)
PLANE_ANGLE_UNIT()
SI_UNIT($,.RADIAN.)
);
#3757=(
NAMED_UNIT(*)
SI_UNIT($,.STERADIAN.)
SOLID_ANGLE_UNIT()
);
#3758=SHAPE_DEFINITION_REPRESENTATION(#3763,#3779);
#3759=SHAPE_DEFINITION_REPRESENTATION(#3764,#3780);
#3760=SHAPE_DEFINITION_REPRESENTATION(#3765,#3781);
#3761=SHAPE_DEFINITION_REPRESENTATION(#3766,#3782);
#3762=SHAPE_DEFINITION_REPRESENTATION(#3767,#3783);
#3763=PRODUCT_DEFINITION_SHAPE('',$,#3785);
#3764=PRODUCT_DEFINITION_SHAPE('',$,#3786);
#3765=PRODUCT_DEFINITION_SHAPE('',$,#3787);
#3766=PRODUCT_DEFINITION_SHAPE('',$,#3788);
#3767=PRODUCT_DEFINITION_SHAPE('',$,#3789);
#3768=PRODUCT_DEFINITION_SHAPE($,$,#44);
#3769=PRODUCT_DEFINITION_SHAPE($,$,#45);
#3770=PRODUCT_DEFINITION_SHAPE($,$,#46);
#3771=PRODUCT_DEFINITION_SHAPE($,$,#47);
#3772=PRODUCT_DEFINITION_SHAPE($,$,#48);
#3773=PRODUCT_DEFINITION_SHAPE($,$,#49);
#3774=PRODUCT_DEFINITION_SHAPE($,$,#50);
#3775=PRODUCT_DEFINITION_SHAPE($,$,#51);
#3776=PRODUCT_DEFINITION_SHAPE($,$,#52);
#3777=PRODUCT_DEFINITION_SHAPE($,$,#53);
#3778=PRODUCT_DEFINITION_SHAPE($,$,#54);
#3779=SHAPE_REPRESENTATION('',(#2221,#2461,#2462,#2463,#2464,#2465,#2466,
#2467,#2468,#2469,#2470,#2471),#3744);
#3780=SHAPE_REPRESENTATION('',(#2222),#3745);
#3781=SHAPE_REPRESENTATION('',(#2346),#3746);
#3782=SHAPE_REPRESENTATION('',(#2391),#3747);
#3783=SHAPE_REPRESENTATION('',(#2436),#3748);
#3784=PRODUCT_DEFINITION_CONTEXT('part definition',#3801,'design');
#3785=PRODUCT_DEFINITION('Split_Mount_Plate_Only',
'Split_Mount_Plate_Only',#3790,#3784);
#3786=PRODUCT_DEFINITION('Centre_Plate','Centre_Plate',#3791,#3784);
#3787=PRODUCT_DEFINITION('Left_Rod_Support','Left_Rod_Support',#3792,#3784);
#3788=PRODUCT_DEFINITION('Right_Rod_Support','Right_Rod_Support',#3793,
#3784);
#3789=PRODUCT_DEFINITION('DIN 7991 - M3x10','DIN_7991_M3x10',#3794,#3784);
#3790=PRODUCT_DEFINITION_FORMATION('',$,#3803);
#3791=PRODUCT_DEFINITION_FORMATION('',$,#3804);
#3792=PRODUCT_DEFINITION_FORMATION('',$,#3805);
#3793=PRODUCT_DEFINITION_FORMATION('',$,#3806);
#3794=PRODUCT_DEFINITION_FORMATION('',$,#3807);
#3795=PRODUCT_RELATED_PRODUCT_CATEGORY('Split_Mount_Plate_Only',
'Split_Mount_Plate_Only',(#3803));
#3796=PRODUCT_RELATED_PRODUCT_CATEGORY('Centre_Plate','Centre_Plate',(#3804));
#3797=PRODUCT_RELATED_PRODUCT_CATEGORY('Left_Rod_Support',
'Left_Rod_Support',(#3805));
#3798=PRODUCT_RELATED_PRODUCT_CATEGORY('Right_Rod_Support',
'Right_Rod_Support',(#3806));
#3799=PRODUCT_RELATED_PRODUCT_CATEGORY('DIN_7991_M3x10',
'DIN_7991_M3x10',(#3807));
#3800=APPLICATION_PROTOCOL_DEFINITION('international standard',
'automotive_design',2009,#3801);
#3801=APPLICATION_CONTEXT(
'Core Data for Automotive Mechanical Design Process');
#3802=PRODUCT_CONTEXT('part definition',#3801,'mechanical');
#3803=PRODUCT('Split_Mount_Plate_Only','Split_Mount_Plate_Only',$,(#3802));
#3804=PRODUCT('Centre_Plate','Centre_Plate',$,(#3802));
#3805=PRODUCT('Left_Rod_Support','Left_Rod_Support',$,(#3802));
#3806=PRODUCT('Right_Rod_Support','Right_Rod_Support',$,(#3802));
#3807=PRODUCT('DIN 7991 - M3x10','DIN_7991_M3x10',
'Hexagon socket countersunk head cap screws',(#3802));
ENDSEC;
END-ISO-10303-21;
