ISO-10303-21;
HEADER;
/* Generated by software containing ST-Developer
 * from STEP Tools, Inc. (www.steptools.com) 
 */

FILE_DESCRIPTION(
/* description */ (''),
/* implementation_level */ '2;1');

FILE_NAME(
/* name */ 
'C:\\Users\\Ricardo\\Documents\\Upverter 3D models\\Murata\\GCM1555C1H
100FA16J\\Murata GCM1555C1H100FA16J - Cap Ceramic 10pF 50V C0G 1% Pad 
SMD 0402 125\X\B0C.stp',
/* time_stamp */ '2020-08-11T19:29:00-04:00',
/* author */ ('Ricardo'),
/* organization */ (''),
/* preprocessor_version */ 'ST-DEVELOPER v18',
/* originating_system */ 'Autodesk Inventor 2020',
/* authorisation */ '');

FILE_SCHEMA (('AUTOMOTIVE_DESIGN { 1 0 10303 214 3 1 1 }'));
ENDSEC;

DATA;
#10=MECHANICAL_DESIGN_GEOMETRIC_PRESENTATION_REPRESENTATION('',(#377,#378,
#379,#380),#8560);
#11=ITEM_DEFINED_TRANSFORMATION($,$,#4656,#4985);
#12=ITEM_DEFINED_TRANSFORMATION($,$,#4725,#4986);
#13=ITEM_DEFINED_TRANSFORMATION($,$,#4744,#4987);
#14=(
REPRESENTATION_RELATIONSHIP($,$,#8577,#8576)
REPRESENTATION_RELATIONSHIP_WITH_TRANSFORMATION(#11)
SHAPE_REPRESENTATION_RELATIONSHIP()
);
#15=(
REPRESENTATION_RELATIONSHIP($,$,#8578,#8576)
REPRESENTATION_RELATIONSHIP_WITH_TRANSFORMATION(#12)
SHAPE_REPRESENTATION_RELATIONSHIP()
);
#16=(
REPRESENTATION_RELATIONSHIP($,$,#8579,#8576)
REPRESENTATION_RELATIONSHIP_WITH_TRANSFORMATION(#13)
SHAPE_REPRESENTATION_RELATIONSHIP()
);
#17=CONTEXT_DEPENDENT_SHAPE_REPRESENTATION(#14,#8573);
#18=CONTEXT_DEPENDENT_SHAPE_REPRESENTATION(#15,#8574);
#19=CONTEXT_DEPENDENT_SHAPE_REPRESENTATION(#16,#8575);
#20=NEXT_ASSEMBLY_USAGE_OCCURRENCE('terminals:1','terminals:1',
'terminals:1',#8581,#8582,'terminals:1');
#21=NEXT_ASSEMBLY_USAGE_OCCURRENCE('body:1','body:1','body:1',#8581,#8583,
'body:1');
#22=NEXT_ASSEMBLY_USAGE_OCCURRENCE('logo:1','logo:1','logo:1',#8581,#8584,
'logo:1');
#23=FACE_BOUND('',#1756,.T.);
#24=FACE_BOUND('',#1757,.T.);
#25=FACE_BOUND('',#1758,.T.);
#26=FACE_BOUND('',#1760,.T.);
#27=FACE_BOUND('',#1761,.T.);
#28=FACE_BOUND('',#1762,.T.);
#29=ELLIPSE('',#4748,0.00692470770069826,0.00684327733168482);
#30=ELLIPSE('',#4749,0.00692470770069826,0.00684327733168482);
#31=ELLIPSE('',#4751,0.00338311996825096,0.00326430853587618);
#32=ELLIPSE('',#4752,0.00338311996825096,0.00326430853587618);
#33=ELLIPSE('',#4758,0.00161674230920872,0.00157655580789826);
#34=ELLIPSE('',#4759,0.00161674230920872,0.00157655580789826);
#35=ELLIPSE('',#4761,0.0239896045430184,0.0220530594305743);
#36=ELLIPSE('',#4762,0.0239896045430184,0.0220530594305743);
#37=ELLIPSE('',#4763,0.0223823052951729,0.0213996264226799);
#38=ELLIPSE('',#4764,0.0223823052951729,0.0213996264226799);
#39=ELLIPSE('',#4766,0.0102267111110475,0.00978327599029673);
#40=ELLIPSE('',#4767,0.0102267111110475,0.00978327599029673);
#41=ELLIPSE('',#4769,0.00243539152143917,0.00206679883266159);
#42=ELLIPSE('',#4770,0.00243539152143917,0.00206679883266159);
#43=ELLIPSE('',#4772,0.00316364844327422,0.00287794093936487);
#44=ELLIPSE('',#4773,0.00316364844327422,0.00287794093936487);
#45=ELLIPSE('',#4775,0.00438126275240305,0.00358368070730601);
#46=ELLIPSE('',#4776,0.00438126275240305,0.00358368070730601);
#47=ELLIPSE('',#4778,0.00237778733268173,0.00192588210067671);
#48=ELLIPSE('',#4779,0.00237778733268173,0.00192588210067671);
#49=ELLIPSE('',#4781,0.00842830570118858,0.00745744058573138);
#50=ELLIPSE('',#4782,0.00842830570118858,0.00745744058573138);
#51=ELLIPSE('',#4784,0.00669009372722991,0.00322010689928026);
#52=ELLIPSE('',#4785,0.00669009372722991,0.00322010689928026);
#53=ELLIPSE('',#4786,0.00163992890604984,0.00162028876898929);
#54=ELLIPSE('',#4787,0.00163992890604984,0.00162028876898929);
#55=ELLIPSE('',#4788,0.00153469051368894,0.00137955930339352);
#56=ELLIPSE('',#4789,0.00153469051368894,0.00137955930339352);
#57=ELLIPSE('',#4791,0.00878679955464644,0.00748128187257207);
#58=ELLIPSE('',#4792,0.00878679955464644,0.00748128187257207);
#59=ELLIPSE('',#4793,0.00735164962499184,0.006999834559518);
#60=ELLIPSE('',#4794,0.00735164962499184,0.006999834559518);
#61=ELLIPSE('',#4795,0.00164708118501821,0.0016352968649998);
#62=ELLIPSE('',#4796,0.00164708118501821,0.0016352968649998);
#63=ELLIPSE('',#4798,0.00857952707665404,0.00760217136607168);
#64=ELLIPSE('',#4799,0.00857952707665404,0.00760217136607168);
#65=ELLIPSE('',#4800,0.00714876058307495,0.00685117903041942);
#66=ELLIPSE('',#4801,0.00714876058307495,0.00685117903041942);
#67=ELLIPSE('',#4802,0.00157921674756275,0.00143855663616903);
#68=ELLIPSE('',#4803,0.00157921674756275,0.00143855663616903);
#69=ELLIPSE('',#4805,0.0146374983363513,0.0099506872546914);
#70=ELLIPSE('',#4806,0.0146374983363513,0.0099506872546914);
#71=ELLIPSE('',#4808,0.00324204985654009,0.00317410758140637);
#72=ELLIPSE('',#4809,0.00324204985654009,0.00317410758140637);
#73=ELLIPSE('',#4811,0.0016321255211896,0.00162058994462418);
#74=ELLIPSE('',#4812,0.0016321255211896,0.00162058994462418);
#75=ELLIPSE('',#4814,0.00212148733170597,0.00120771527859431);
#76=ELLIPSE('',#4815,0.00212148733170597,0.00120771527859431);
#77=ELLIPSE('',#4817,0.00697411431939559,0.00696418393480554);
#78=ELLIPSE('',#4818,0.00697411431939559,0.00696418393480554);
#79=ELLIPSE('',#4822,0.00336795897692137,0.00274163987665458);
#80=ELLIPSE('',#4823,0.00336795897692137,0.00274163987665458);
#81=ELLIPSE('',#4825,0.00497885647473932,0.00413008220430785);
#82=ELLIPSE('',#4826,0.00497885647473932,0.00413008220430785);
#83=ELLIPSE('',#4832,0.00161161818850361,0.00156261455672881);
#84=ELLIPSE('',#4833,0.00161161818850361,0.00156261455672881);
#85=ELLIPSE('',#4834,0.00313710016080025,0.00286947647614676);
#86=ELLIPSE('',#4835,0.00313710016080025,0.00286947647614676);
#87=ELLIPSE('',#4837,0.00486166155131526,0.0047891515895401);
#88=ELLIPSE('',#4838,0.00486166155131526,0.0047891515895401);
#89=ELLIPSE('',#4840,0.00159977576015713,0.00154279936867567);
#90=ELLIPSE('',#4841,0.00159977576015713,0.00154279936867567);
#91=ELLIPSE('',#4843,0.00162753011882655,0.00160603359381478);
#92=ELLIPSE('',#4844,0.00162753011882655,0.00160603359381478);
#93=ELLIPSE('',#4846,0.00161168554606601,0.00155843490715477);
#94=ELLIPSE('',#4847,0.00161168554606601,0.00155843490715477);
#95=ELLIPSE('',#4854,0.0478779477716612,0.0334480075051781);
#96=ELLIPSE('',#4855,0.0478779477716612,0.0334480075051781);
#97=ELLIPSE('',#4856,0.0260430681529192,0.0247571719753677);
#98=ELLIPSE('',#4857,0.0260430681529192,0.0247571719753677);
#99=ELLIPSE('',#4860,0.00322341941840433,0.00311419790745778);
#100=ELLIPSE('',#4861,0.00322341941840433,0.00311419790745778);
#101=ELLIPSE('',#4863,0.00205936748436688,0.0017167311585952);
#102=ELLIPSE('',#4864,0.00205936748436688,0.0017167311585952);
#103=ELLIPSE('',#4870,0.00160321632822531,0.0015505726607429);
#104=ELLIPSE('',#4871,0.00160321632822531,0.0015505726607429);
#105=ELLIPSE('',#4873,0.00321789841767103,0.00287585843717341);
#106=ELLIPSE('',#4874,0.00321789841767103,0.00287585843717341);
#107=ELLIPSE('',#4876,0.00171021983674953,0.00164391029115288);
#108=ELLIPSE('',#4877,0.00171021983674953,0.00164391029115288);
#109=ELLIPSE('',#4885,0.00166468139146289,0.00164853430453336);
#110=ELLIPSE('',#4886,0.00166468139146289,0.00164853430453336);
#111=ELLIPSE('',#4892,0.00170383318221646,0.0016642534611268);
#112=ELLIPSE('',#4893,0.00170383318221646,0.0016642534611268);
#113=ELLIPSE('',#4895,0.00159220218394174,0.00150860164705975);
#114=ELLIPSE('',#4896,0.00159220218394174,0.00150860164705975);
#115=ELLIPSE('',#4898,0.0016266684876927,0.00161421008785339);
#116=ELLIPSE('',#4899,0.0016266684876927,0.00161421008785339);
#117=ELLIPSE('',#4904,0.00161568513768443,0.00157886167586283);
#118=ELLIPSE('',#4905,0.00161568513768443,0.00157886167586283);
#119=ELLIPSE('',#4906,0.00181885719323732,0.00172677317522649);
#120=ELLIPSE('',#4907,0.00181885719323732,0.00172677317522649);
#121=ELLIPSE('',#4909,0.0149664131976162,0.00416386908615642);
#122=ELLIPSE('',#4910,0.0149664131976162,0.00416386908615642);
#123=ELLIPSE('',#4912,0.00690724519925786,0.00681139725262737);
#124=ELLIPSE('',#4913,0.00690724519925786,0.00681139725262737);
#125=ELLIPSE('',#4915,0.00167444452981938,0.00164865469922422);
#126=ELLIPSE('',#4916,0.00167444452981938,0.00164865469922422);
#127=ELLIPSE('',#4917,0.0213559839854228,0.0191022236547882);
#128=ELLIPSE('',#4918,0.0213559839854228,0.0191022236547882);
#129=ELLIPSE('',#4923,0.00161582746557013,0.00157624245236684);
#130=ELLIPSE('',#4924,0.00161582746557013,0.00157624245236684);
#131=ELLIPSE('',#4925,0.00189039392198489,0.0012065128701339);
#132=ELLIPSE('',#4926,0.00189039392198489,0.0012065128701339);
#133=ELLIPSE('',#4928,0.00321820997293025,0.00287712651711791);
#134=ELLIPSE('',#4929,0.00321820997293025,0.00287712651711791);
#135=ELLIPSE('',#4931,0.00163840676060792,0.00163183032852915);
#136=ELLIPSE('',#4932,0.00163840676060792,0.00163183032852915);
#137=ELLIPSE('',#4934,0.00939259418292628,0.0083151334235495);
#138=ELLIPSE('',#4935,0.00939259418292628,0.0083151334235495);
#139=ELLIPSE('',#4937,0.00325271387976674,0.0032048061568112);
#140=ELLIPSE('',#4938,0.00325271387976674,0.0032048061568112);
#141=ELLIPSE('',#4940,0.00162079284275316,0.00158995159300586);
#142=ELLIPSE('',#4941,0.00162079284275316,0.00158995159300586);
#143=ELLIPSE('',#4943,0.0107190254207613,0.0100465228754431);
#144=ELLIPSE('',#4944,0.0107190254207613,0.0100465228754431);
#145=ELLIPSE('',#4947,0.00163146353537374,0.0016207171147765);
#146=ELLIPSE('',#4948,0.00163146353537374,0.0016207171147765);
#147=ELLIPSE('',#4949,0.00149914268385173,0.001218574652558);
#148=ELLIPSE('',#4950,0.00149914268385173,0.001218574652558);
#149=ELLIPSE('',#4960,0.00161074891320802,0.00155973562076404);
#150=ELLIPSE('',#4961,0.00161074891320802,0.00155973562076404);
#151=ELLIPSE('',#4962,0.00161703043530637,0.00157503111164565);
#152=ELLIPSE('',#4963,0.00161703043530637,0.00157503111164565);
#153=ELLIPSE('',#4964,0.00172266741956698,0.00169833837366853);
#154=ELLIPSE('',#4965,0.00172266741956698,0.00169833837366853);
#155=ELLIPSE('',#4968,0.00159584170707194,0.00151799497039755);
#156=ELLIPSE('',#4969,0.00159584170707194,0.00151799497039755);
#157=ELLIPSE('',#4972,0.00164902843688572,0.00163534277342251);
#158=ELLIPSE('',#4973,0.00164902843688572,0.00163534277342251);
#159=ELLIPSE('',#4978,0.00167058584622466,0.00162954637429361);
#160=ELLIPSE('',#4979,0.00167058584622466,0.00162954637429361);
#161=(
BOUNDED_SURFACE()
B_SPLINE_SURFACE(1,2,((#6280,#6281,#6282),(#6283,#6284,#6285)),
 .UNSPECIFIED.,.F.,.F.,.F.)
B_SPLINE_SURFACE_WITH_KNOTS((2,2),(3,3),(0.,0.433231282772772),(-2.36519453553223,
-1.03916584866234),.UNSPECIFIED.)
GEOMETRIC_REPRESENTATION_ITEM()
RATIONAL_B_SPLINE_SURFACE(((1.,0.788140500501359,1.),(1.,0.788140500501359,
1.)))
REPRESENTATION_ITEM('')
SURFACE()
);
#162=(
BOUNDED_SURFACE()
B_SPLINE_SURFACE(1,2,((#6316,#6317,#6318),(#6319,#6320,#6321)),
 .UNSPECIFIED.,.F.,.F.,.F.)
B_SPLINE_SURFACE_WITH_KNOTS((2,2),(3,3),(0.,0.88675542935327),(-1.20647862917008,
0.346902726965351),.UNSPECIFIED.)
GEOMETRIC_REPRESENTATION_ITEM()
RATIONAL_B_SPLINE_SURFACE(((1.,0.713237018949735,1.),(1.,0.713237018949735,
1.)))
REPRESENTATION_ITEM('')
SURFACE()
);
#163=(
BOUNDED_SURFACE()
B_SPLINE_SURFACE(1,2,((#6345,#6346,#6347,#6348,#6349),(#6350,#6351,#6352,
#6353,#6354)),.UNSPECIFIED.,.F.,.F.,.F.)
B_SPLINE_SURFACE_WITH_KNOTS((2,2),(3,2,3),(0.,1.85558328183314),(-2.31528482283694,
-1.51398726189305,-0.712689700949155),.UNSPECIFIED.)
GEOMETRIC_REPRESENTATION_ITEM()
RATIONAL_B_SPLINE_SURFACE(((1.,0.920808153160007,1.,0.920808153160007,1.),
(1.,0.920808153160007,1.,0.920808153160007,1.)))
REPRESENTATION_ITEM('')
SURFACE()
);
#164=(
BOUNDED_SURFACE()
B_SPLINE_SURFACE(1,2,((#6366,#6367,#6368),(#6369,#6370,#6371)),
 .UNSPECIFIED.,.F.,.F.,.F.)
B_SPLINE_SURFACE_WITH_KNOTS((2,2),(3,3),(0.,0.125054166466995),(-3.36892194779778,
-2.75864907741873),.UNSPECIFIED.)
GEOMETRIC_REPRESENTATION_ITEM()
RATIONAL_B_SPLINE_SURFACE(((1.,0.95380597313386,1.),(1.,0.95380597313386,
1.)))
REPRESENTATION_ITEM('')
SURFACE()
);
#165=(
BOUNDED_SURFACE()
B_SPLINE_SURFACE(1,2,((#6377,#6378,#6379),(#6380,#6381,#6382)),
 .UNSPECIFIED.,.F.,.F.,.F.)
B_SPLINE_SURFACE_WITH_KNOTS((2,2),(3,3),(0.,0.134034450894877),(-3.75389318121035,
-2.90423281008787),.UNSPECIFIED.)
GEOMETRIC_REPRESENTATION_ITEM()
RATIONAL_B_SPLINE_SURFACE(((1.,0.91110873784005,1.),(1.,0.91110873784005,
1.)))
REPRESENTATION_ITEM('')
SURFACE()
);
#166=(
BOUNDED_SURFACE()
B_SPLINE_SURFACE(1,2,((#6394,#6395,#6396,#6397,#6398),(#6399,#6400,#6401,
#6402,#6403)),.UNSPECIFIED.,.F.,.F.,.F.)
B_SPLINE_SURFACE_WITH_KNOTS((2,2),(3,2,3),(0.,0.293349442203292),(-4.69177118981337,
-3.89468195193828,-3.0975927140632),.UNSPECIFIED.)
GEOMETRIC_REPRESENTATION_ITEM()
RATIONAL_B_SPLINE_SURFACE(((1.,0.92162677041843,1.,0.92162677041843,1.),
(1.,0.92162677041843,1.,0.92162677041843,1.)))
REPRESENTATION_ITEM('')
SURFACE()
);
#167=(
BOUNDED_SURFACE()
B_SPLINE_SURFACE(1,2,((#6415,#6416,#6417),(#6418,#6419,#6420)),
 .UNSPECIFIED.,.F.,.F.,.F.)
B_SPLINE_SURFACE_WITH_KNOTS((2,2),(3,3),(0.,1.23183478861222),(-0.41068089791987,
0.716844339385927),.UNSPECIFIED.)
GEOMETRIC_REPRESENTATION_ITEM()
RATIONAL_B_SPLINE_SURFACE(((1.,0.845250467217924,1.),(1.,0.845250467217924,
1.)))
REPRESENTATION_ITEM('')
SURFACE()
);
#168=(
BOUNDED_SURFACE()
B_SPLINE_SURFACE(1,2,((#6451,#6452,#6453,#6454,#6455),(#6456,#6457,#6458,
#6459,#6460)),.UNSPECIFIED.,.F.,.F.,.F.)
B_SPLINE_SURFACE_WITH_KNOTS((2,2),(3,2,3),(0.,0.948272241303509),(-2.15107984118035,
-1.34910220883667,-0.547124576492983),.UNSPECIFIED.)
GEOMETRIC_REPRESENTATION_ITEM()
RATIONAL_B_SPLINE_SURFACE(((1.,0.920675480624073,1.,0.920675480624073,1.),
(1.,0.920675480624073,1.,0.920675480624073,1.)))
REPRESENTATION_ITEM('')
SURFACE()
);
#169=(
BOUNDED_SURFACE()
B_SPLINE_SURFACE(1,2,((#6472,#6473,#6474),(#6475,#6476,#6477)),
 .UNSPECIFIED.,.F.,.F.,.F.)
B_SPLINE_SURFACE_WITH_KNOTS((2,2),(3,3),(0.,0.684734098258441),(1.21331409903406,
2.64142251008574),.UNSPECIFIED.)
GEOMETRIC_REPRESENTATION_ITEM()
RATIONAL_B_SPLINE_SURFACE(((1.,0.75571298272329,1.),(1.,0.75571298272329,
1.)))
REPRESENTATION_ITEM('')
SURFACE()
);
#170=(
BOUNDED_SURFACE()
B_SPLINE_SURFACE(1,2,((#6508,#6509,#6510),(#6511,#6512,#6513)),
 .UNSPECIFIED.,.F.,.F.,.F.)
B_SPLINE_SURFACE_WITH_KNOTS((2,2),(3,3),(0.,1.26167717304496),(-3.4738203978083,
-2.10384997607318),.UNSPECIFIED.)
GEOMETRIC_REPRESENTATION_ITEM()
RATIONAL_B_SPLINE_SURFACE(((1.,0.774428403692207,1.),(1.,0.774428403692207,
1.)))
REPRESENTATION_ITEM('')
SURFACE()
);
#171=(
BOUNDED_SURFACE()
B_SPLINE_SURFACE(1,2,((#6525,#6526,#6527),(#6528,#6529,#6530)),
 .UNSPECIFIED.,.F.,.F.,.F.)
B_SPLINE_SURFACE_WITH_KNOTS((2,2),(3,3),(0.,0.355943425210233),(-3.36479007506172,
-2.13529392930054),.UNSPECIFIED.)
GEOMETRIC_REPRESENTATION_ITEM()
RATIONAL_B_SPLINE_SURFACE(((1.,0.816918772478631,1.),(1.,0.816918772478631,
1.)))
REPRESENTATION_ITEM('')
SURFACE()
);
#172=(
BOUNDED_SURFACE()
B_SPLINE_SURFACE(1,2,((#6542,#6543,#6544),(#6545,#6546,#6547)),
 .UNSPECIFIED.,.F.,.F.,.F.)
B_SPLINE_SURFACE_WITH_KNOTS((2,2),(3,3),(0.,0.448424210828235),(0.0159134260086224,
0.235952774940418),.UNSPECIFIED.)
GEOMETRIC_REPRESENTATION_ITEM()
RATIONAL_B_SPLINE_SURFACE(((1.,0.993953937934888,1.),(1.,0.993953937934888,
1.)))
REPRESENTATION_ITEM('')
SURFACE()
);
#173=(
BOUNDED_SURFACE()
B_SPLINE_SURFACE(1,2,((#6553,#6554,#6555),(#6556,#6557,#6558)),
 .UNSPECIFIED.,.F.,.F.,.F.)
B_SPLINE_SURFACE_WITH_KNOTS((2,2),(3,3),(0.,1.82934759484556),(-1.72759402741359,
-0.590439063407501),.UNSPECIFIED.)
GEOMETRIC_REPRESENTATION_ITEM()
RATIONAL_B_SPLINE_SURFACE(((1.,0.842667759387082,1.),(1.,0.842667759387082,
1.)))
REPRESENTATION_ITEM('')
SURFACE()
);
#174=(
BOUNDED_SURFACE()
B_SPLINE_SURFACE(1,2,((#6583,#6584,#6585),(#6586,#6587,#6588)),
 .UNSPECIFIED.,.F.,.F.,.F.)
B_SPLINE_SURFACE_WITH_KNOTS((2,2),(3,3),(0.,1.9547915187075),(1.45587691949065,
2.728672892679),.UNSPECIFIED.)
GEOMETRIC_REPRESENTATION_ITEM()
RATIONAL_B_SPLINE_SURFACE(((1.,0.804241655828081,1.),(1.,0.804241655828081,
1.)))
REPRESENTATION_ITEM('')
SURFACE()
);
#175=(
BOUNDED_SURFACE()
B_SPLINE_SURFACE(1,2,((#6600,#6601,#6602),(#6603,#6604,#6605)),
 .UNSPECIFIED.,.F.,.F.,.F.)
B_SPLINE_SURFACE_WITH_KNOTS((2,2),(3,3),(0.,0.341421240047932),(2.61806499740215,
3.0266449186302),.UNSPECIFIED.)
GEOMETRIC_REPRESENTATION_ITEM()
RATIONAL_B_SPLINE_SURFACE(((1.,0.979205278408893,1.),(1.,0.979205278408893,
1.)))
REPRESENTATION_ITEM('')
SURFACE()
);
#176=(
BOUNDED_SURFACE()
B_SPLINE_SURFACE(1,2,((#6611,#6612,#6613),(#6614,#6615,#6616)),
 .UNSPECIFIED.,.F.,.F.,.F.)
B_SPLINE_SURFACE_WITH_KNOTS((2,2),(3,3),(0.,0.4080716781988),(1.75229212053725,
3.11575719376989),.UNSPECIFIED.)
GEOMETRIC_REPRESENTATION_ITEM()
RATIONAL_B_SPLINE_SURFACE(((1.,0.776482145344576,1.),(1.,0.776482145344576,
1.)))
REPRESENTATION_ITEM('')
SURFACE()
);
#177=(
BOUNDED_SURFACE()
B_SPLINE_SURFACE(1,2,((#6622,#6623,#6624),(#6625,#6626,#6627)),
 .UNSPECIFIED.,.F.,.F.,.F.)
B_SPLINE_SURFACE_WITH_KNOTS((2,2),(3,3),(0.,1.82140384292401),(-2.76825765235716,
-1.39175585959113),.UNSPECIFIED.)
GEOMETRIC_REPRESENTATION_ITEM()
RATIONAL_B_SPLINE_SURFACE(((1.,0.772358204156539,1.),(1.,0.772358204156539,
1.)))
REPRESENTATION_ITEM('')
SURFACE()
);
#178=(
BOUNDED_SURFACE()
B_SPLINE_SURFACE(1,2,((#6658,#6659,#6660),(#6661,#6662,#6663)),
 .UNSPECIFIED.,.F.,.F.,.F.)
B_SPLINE_SURFACE_WITH_KNOTS((2,2),(3,3),(0.,0.349669623185102),(2.71378375088234,
3.11949137238963),.UNSPECIFIED.)
GEOMETRIC_REPRESENTATION_ITEM()
RATIONAL_B_SPLINE_SURFACE(((1.,0.979495622994226,1.),(1.,0.979495622994226,
1.)))
REPRESENTATION_ITEM('')
SURFACE()
);
#179=(
BOUNDED_SURFACE()
B_SPLINE_SURFACE(1,2,((#6669,#6670,#6671),(#6672,#6673,#6674)),
 .UNSPECIFIED.,.F.,.F.,.F.)
B_SPLINE_SURFACE_WITH_KNOTS((2,2),(3,3),(0.,0.419653164368471),(1.52069106316661,
2.90355584313465),.UNSPECIFIED.)
GEOMETRIC_REPRESENTATION_ITEM()
RATIONAL_B_SPLINE_SURFACE(((1.,0.770333454626199,1.),(1.,0.770333454626199,
1.)))
REPRESENTATION_ITEM('')
SURFACE()
);
#180=(
BOUNDED_SURFACE()
B_SPLINE_SURFACE(1,2,((#6680,#6681,#6682),(#6683,#6684,#6685)),
 .UNSPECIFIED.,.F.,.F.,.F.)
B_SPLINE_SURFACE_WITH_KNOTS((2,2),(3,3),(0.,1.89967590239275),(-2.2017684724653,
-0.730437971642519),.UNSPECIFIED.)
GEOMETRIC_REPRESENTATION_ITEM()
RATIONAL_B_SPLINE_SURFACE(((1.,0.741384480902471,1.),(1.,0.741384480902471,
1.)))
REPRESENTATION_ITEM('')
SURFACE()
);
#181=(
BOUNDED_SURFACE()
B_SPLINE_SURFACE(1,2,((#6716,#6717,#6718),(#6719,#6720,#6721)),
 .UNSPECIFIED.,.F.,.F.,.F.)
B_SPLINE_SURFACE_WITH_KNOTS((2,2),(3,3),(0.,0.204953054891196),(-3.34473679344804,
-3.03501259307726),.UNSPECIFIED.)
GEOMETRIC_REPRESENTATION_ITEM()
RATIONAL_B_SPLINE_SURFACE(((1.,0.988032810367053,1.),(1.,0.988032810367053,
1.)))
REPRESENTATION_ITEM('')
SURFACE()
);
#182=(
BOUNDED_SURFACE()
B_SPLINE_SURFACE(1,2,((#6790,#6791,#6792,#6793,#6794),(#6795,#6796,#6797,
#6798,#6799)),.UNSPECIFIED.,.F.,.F.,.F.)
B_SPLINE_SURFACE_WITH_KNOTS((2,2),(3,2,3),(0.,0.925340489119312),(-2.30262538687985,
-1.50337934783,-0.704133308780153),.UNSPECIFIED.)
GEOMETRIC_REPRESENTATION_ITEM()
RATIONAL_B_SPLINE_SURFACE(((1.,0.921207731663136,1.,0.921207731663136,1.),
(1.,0.921207731663136,1.,0.921207731663136,1.)))
REPRESENTATION_ITEM('')
SURFACE()
);
#183=(
BOUNDED_SURFACE()
B_SPLINE_SURFACE(1,2,((#6811,#6812,#6813,#6814,#6815),(#6816,#6817,#6818,
#6819,#6820)),.UNSPECIFIED.,.F.,.F.,.F.)
B_SPLINE_SURFACE_WITH_KNOTS((2,2),(3,2,3),(0.,1.8380939217306),(0.680331674738018,
1.7832137788879,2.88609588303777),.UNSPECIFIED.)
GEOMETRIC_REPRESENTATION_ITEM()
RATIONAL_B_SPLINE_SURFACE(((1.,0.851770417615097,1.,0.851770417615097,1.),
(1.,0.851770417615097,1.,0.851770417615097,1.)))
REPRESENTATION_ITEM('')
SURFACE()
);
#184=(
BOUNDED_SURFACE()
B_SPLINE_SURFACE(1,2,((#6971,#6972,#6973),(#6974,#6975,#6976)),
 .UNSPECIFIED.,.F.,.F.,.F.)
B_SPLINE_SURFACE_WITH_KNOTS((2,2),(3,3),(0.,1.41410224570494),(-1.05430313567203,
-0.0012772970881543),.UNSPECIFIED.)
GEOMETRIC_REPRESENTATION_ITEM()
RATIONAL_B_SPLINE_SURFACE(((1.,0.864564656757562,1.),(1.,0.864564656757562,
1.)))
REPRESENTATION_ITEM('')
SURFACE()
);
#185=(
BOUNDED_SURFACE()
B_SPLINE_SURFACE(1,2,((#7026,#7027,#7028,#7029,#7030),(#7031,#7032,#7033,
#7034,#7035)),.UNSPECIFIED.,.F.,.F.,.F.)
B_SPLINE_SURFACE_WITH_KNOTS((2,2),(3,2,3),(0.,0.430162148569425),(0.878367618292272,
1.88917911691109,2.89999061552991),.UNSPECIFIED.)
GEOMETRIC_REPRESENTATION_ITEM()
RATIONAL_B_SPLINE_SURFACE(((1.,0.874978097855708,1.,0.874978097855708,1.),
(1.,0.874978097855708,1.,0.874978097855708,1.)))
REPRESENTATION_ITEM('')
SURFACE()
);
#186=(
BOUNDED_SURFACE()
B_SPLINE_SURFACE(1,2,((#7097,#7098,#7099),(#7100,#7101,#7102)),
 .UNSPECIFIED.,.F.,.F.,.F.)
B_SPLINE_SURFACE_WITH_KNOTS((2,2),(3,3),(0.,0.890747191565343),(-1.50599908516014,
0.0483523448985476),.UNSPECIFIED.)
GEOMETRIC_REPRESENTATION_ITEM()
RATIONAL_B_SPLINE_SURFACE(((1.,0.712896961536042,1.),(1.,0.712896961536042,
1.)))
REPRESENTATION_ITEM('')
SURFACE()
);
#187=(
BOUNDED_SURFACE()
B_SPLINE_SURFACE(1,2,((#7114,#7115,#7116),(#7117,#7118,#7119)),
 .UNSPECIFIED.,.F.,.F.,.F.)
B_SPLINE_SURFACE_WITH_KNOTS((2,2),(3,3),(0.,0.602547997762292),(-0.00533513339185845,
1.09942256917931),.UNSPECIFIED.)
GEOMETRIC_REPRESENTATION_ITEM()
RATIONAL_B_SPLINE_SURFACE(((1.,0.851278715857095,1.),(1.,0.851278715857095,
1.)))
REPRESENTATION_ITEM('')
SURFACE()
);
#188=(
BOUNDED_SURFACE()
B_SPLINE_SURFACE(1,2,((#7143,#7144,#7145,#7146,#7147),(#7148,#7149,#7150,
#7151,#7152)),.UNSPECIFIED.,.F.,.F.,.F.)
B_SPLINE_SURFACE_WITH_KNOTS((2,2),(3,2,3),(0.,1.86148308662706),(0.65145956142807,
1.45532464094946,2.25918972047086),.UNSPECIFIED.)
GEOMETRIC_REPRESENTATION_ITEM()
RATIONAL_B_SPLINE_SURFACE(((1.,0.920306708093982,1.,0.920306708093982,1.),
(1.,0.920306708093982,1.,0.920306708093982,1.)))
REPRESENTATION_ITEM('')
SURFACE()
);
#189=(
BOUNDED_SURFACE()
B_SPLINE_SURFACE(1,2,((#7177,#7178,#7179,#7180,#7181),(#7182,#7183,#7184,
#7185,#7186)),.UNSPECIFIED.,.F.,.F.,.F.)
B_SPLINE_SURFACE_WITH_KNOTS((2,2),(3,2,3),(0.,0.956297168157589),(0.284140511045927,
1.13518766494573,1.98623481884553),.UNSPECIFIED.)
GEOMETRIC_REPRESENTATION_ITEM()
RATIONAL_B_SPLINE_SURFACE(((1.,0.910822726433805,1.,0.910822726433805,1.),
(1.,0.910822726433805,1.,0.910822726433805,1.)))
REPRESENTATION_ITEM('')
SURFACE()
);
#190=(
BOUNDED_SURFACE()
B_SPLINE_SURFACE(1,2,((#7198,#7199,#7200),(#7201,#7202,#7203)),
 .UNSPECIFIED.,.F.,.F.,.F.)
B_SPLINE_SURFACE_WITH_KNOTS((2,2),(3,3),(0.,0.617072983862563),(1.00700777782059,
2.32472017438754),.UNSPECIFIED.)
GEOMETRIC_REPRESENTATION_ITEM()
RATIONAL_B_SPLINE_SURFACE(((1.,0.790692998685773,1.),(1.,0.790692998685773,
1.)))
REPRESENTATION_ITEM('')
SURFACE()
);
#191=(
BOUNDED_SURFACE()
B_SPLINE_SURFACE(1,2,((#7234,#7235,#7236,#7237,#7238),(#7239,#7240,#7241,
#7242,#7243)),.UNSPECIFIED.,.F.,.F.,.F.)
B_SPLINE_SURFACE_WITH_KNOTS((2,2),(3,2,3),(0.,1.87526281789976),(-2.49117505750879,
-1.68523224148465,-0.879289425460508),.UNSPECIFIED.)
GEOMETRIC_REPRESENTATION_ITEM()
RATIONAL_B_SPLINE_SURFACE(((1.,0.919899808780184,1.,0.919899808780184,1.),
(1.,0.919899808780184,1.,0.919899808780184,1.)))
REPRESENTATION_ITEM('')
SURFACE()
);
#192=(
BOUNDED_SURFACE()
B_SPLINE_SURFACE(1,2,((#7255,#7256,#7257,#7258,#7259),(#7260,#7261,#7262,
#7263,#7264)),.UNSPECIFIED.,.F.,.F.,.F.)
B_SPLINE_SURFACE_WITH_KNOTS((2,2),(3,2,3),(0.,1.84328386018626),(-2.62538562736946,
-1.83096032898474,-1.03653503060002),.UNSPECIFIED.)
GEOMETRIC_REPRESENTATION_ITEM()
RATIONAL_B_SPLINE_SURFACE(((1.,0.922142860119731,1.,0.922142860119731,1.),
(1.,0.922142860119731,1.,0.922142860119731,1.)))
REPRESENTATION_ITEM('')
SURFACE()
);
#193=(
BOUNDED_SURFACE()
B_SPLINE_SURFACE(1,2,((#7276,#7277,#7278),(#7279,#7280,#7281)),
 .UNSPECIFIED.,.F.,.F.,.F.)
B_SPLINE_SURFACE_WITH_KNOTS((2,2),(3,3),(0.,1.86140528921585),(0.790386345152788,
2.21426782392718),.UNSPECIFIED.)
GEOMETRIC_REPRESENTATION_ITEM()
RATIONAL_B_SPLINE_SURFACE(((1.,0.757095409138363,1.),(1.,0.757095409138363,
1.)))
REPRESENTATION_ITEM('')
SURFACE()
);
#194=(
BOUNDED_SURFACE()
B_SPLINE_SURFACE(1,2,((#7330,#7331,#7332),(#7333,#7334,#7335)),
 .UNSPECIFIED.,.F.,.F.,.F.)
B_SPLINE_SURFACE_WITH_KNOTS((2,2),(3,3),(0.,0.0626593273025727),(-0.186588255730406,
0.0998392632964884),.UNSPECIFIED.)
GEOMETRIC_REPRESENTATION_ITEM()
RATIONAL_B_SPLINE_SURFACE(((1.,0.989762425377493,1.),(1.,0.989762425377493,
1.)))
REPRESENTATION_ITEM('')
SURFACE()
);
#195=(
BOUNDED_SURFACE()
B_SPLINE_SURFACE(1,2,((#7341,#7342,#7343),(#7344,#7345,#7346)),
 .UNSPECIFIED.,.F.,.F.,.F.)
B_SPLINE_SURFACE_WITH_KNOTS((2,2),(3,3),(0.,0.115193800606928),(-0.905662790633888,
-0.0815817265546116),.UNSPECIFIED.)
GEOMETRIC_REPRESENTATION_ITEM()
RATIONAL_B_SPLINE_SURFACE(((1.,0.916305538936123,1.),(1.,0.916305538936123,
1.)))
REPRESENTATION_ITEM('')
SURFACE()
);
#196=(
BOUNDED_SURFACE()
B_SPLINE_SURFACE(1,2,((#7421,#7422,#7423,#7424,#7425),(#7426,#7427,#7428,
#7429,#7430)),.UNSPECIFIED.,.F.,.F.,.F.)
B_SPLINE_SURFACE_WITH_KNOTS((2,2),(3,2,3),(0.,0.930688691292016),(-2.59379039298751,
-1.65415647753621,-0.714522562084914),.UNSPECIFIED.)
GEOMETRIC_REPRESENTATION_ITEM()
RATIONAL_B_SPLINE_SURFACE(((1.,0.891651170594801,1.,0.891651170594801,1.),
(1.,0.891651170594801,1.,0.891651170594801,1.)))
REPRESENTATION_ITEM('')
SURFACE()
);
#197=(
BOUNDED_SURFACE()
B_SPLINE_SURFACE(1,2,((#7442,#7443,#7444),(#7445,#7446,#7447)),
 .UNSPECIFIED.,.F.,.F.,.F.)
B_SPLINE_SURFACE_WITH_KNOTS((2,2),(3,3),(0.,1.45675797193734),(-0.554810357374091,
0.846512308491719),.UNSPECIFIED.)
GEOMETRIC_REPRESENTATION_ITEM()
RATIONAL_B_SPLINE_SURFACE(((1.,0.764415977686853,1.),(1.,0.764415977686853,
1.)))
REPRESENTATION_ITEM('')
SURFACE()
);
#198=(
BOUNDED_SURFACE()
B_SPLINE_SURFACE(1,2,((#7490,#7491,#7492,#7493,#7494),(#7495,#7496,#7497,
#7498,#7499)),.UNSPECIFIED.,.F.,.F.,.F.)
B_SPLINE_SURFACE_WITH_KNOTS((2,2),(3,2,3),(0.,1.87123842689456),(0.785943701953909,
1.59150137388236,2.3970590458108),.UNSPECIFIED.)
GEOMETRIC_REPRESENTATION_ITEM()
RATIONAL_B_SPLINE_SURFACE(((1.,0.91997530951918,1.,0.91997530951918,1.),
(1.,0.91997530951918,1.,0.91997530951918,1.)))
REPRESENTATION_ITEM('')
SURFACE()
);
#199=(
BOUNDED_SURFACE()
B_SPLINE_SURFACE(1,2,((#7549,#7550,#7551,#7552,#7553),(#7554,#7555,#7556,
#7557,#7558)),.UNSPECIFIED.,.F.,.F.,.F.)
B_SPLINE_SURFACE_WITH_KNOTS((2,2),(3,2,3),(0.,0.932285489040162),(0.478340343411271,
1.31713651384303,2.15593268427478),.UNSPECIFIED.)
GEOMETRIC_REPRESENTATION_ITEM()
RATIONAL_B_SPLINE_SURFACE(((1.,0.913334211935866,1.,0.913334211935866,1.),
(1.,0.913334211935866,1.,0.913334211935866,1.)))
REPRESENTATION_ITEM('')
SURFACE()
);
#200=(
BOUNDED_SURFACE()
B_SPLINE_SURFACE(1,2,((#7570,#7571,#7572),(#7573,#7574,#7575)),
 .UNSPECIFIED.,.F.,.F.,.F.)
B_SPLINE_SURFACE_WITH_KNOTS((2,2),(3,3),(0.,1.75416045091715),(-4.23470695002249,
-2.80951090827952),.UNSPECIFIED.)
GEOMETRIC_REPRESENTATION_ITEM()
RATIONAL_B_SPLINE_SURFACE(((1.,0.756665840792877,1.),(1.,0.756665840792877,
1.)))
REPRESENTATION_ITEM('')
SURFACE()
);
#201=(
BOUNDED_SURFACE()
B_SPLINE_SURFACE(1,2,((#7704,#7705,#7706),(#7707,#7708,#7709)),
 .UNSPECIFIED.,.F.,.F.,.F.)
B_SPLINE_SURFACE_WITH_KNOTS((2,2),(3,3),(0.,1.80214665423974),(-3.90330473036044,
-2.33606717651041),.UNSPECIFIED.)
GEOMETRIC_REPRESENTATION_ITEM()
RATIONAL_B_SPLINE_SURFACE(((1.,0.708363877337407,1.),(1.,0.708363877337407,
1.)))
REPRESENTATION_ITEM('')
SURFACE()
);
#202=(
BOUNDED_SURFACE()
B_SPLINE_SURFACE(1,2,((#7733,#7734,#7735),(#7736,#7737,#7738)),
 .UNSPECIFIED.,.F.,.F.,.F.)
B_SPLINE_SURFACE_WITH_KNOTS((2,2),(3,3),(0.,1.76073575236832),(-3.88302252053147,
-2.58081963429667),.UNSPECIFIED.)
GEOMETRIC_REPRESENTATION_ITEM()
RATIONAL_B_SPLINE_SURFACE(((1.,0.795416737387286,1.),(1.,0.795416737387286,
1.)))
REPRESENTATION_ITEM('')
SURFACE()
);
#203=(
BOUNDED_SURFACE()
B_SPLINE_SURFACE(1,2,((#7750,#7751,#7752),(#7753,#7754,#7755)),
 .UNSPECIFIED.,.F.,.F.,.F.)
B_SPLINE_SURFACE_WITH_KNOTS((2,2),(3,3),(0.,1.88418281940365),(0.927265000262832,
2.20498535268213),.UNSPECIFIED.)
GEOMETRIC_REPRESENTATION_ITEM()
RATIONAL_B_SPLINE_SURFACE(((1.,0.802775934267797,1.),(1.,0.802775934267797,
1.)))
REPRESENTATION_ITEM('')
SURFACE()
);
#204=(
BOUNDED_SURFACE()
B_SPLINE_SURFACE(1,2,((#7767,#7768,#7769,#7770,#7771),(#7772,#7773,#7774,
#7775,#7776)),.UNSPECIFIED.,.F.,.F.,.F.)
B_SPLINE_SURFACE_WITH_KNOTS((2,2),(3,2,3),(0.,1.8442602304636),(0.391745597052067,
1.18308712347117,1.97442864989027),.UNSPECIFIED.)
GEOMETRIC_REPRESENTATION_ITEM()
RATIONAL_B_SPLINE_SURFACE(((1.,0.922738241567872,1.,0.922738241567872,1.),
(1.,0.922738241567872,1.,0.922738241567872,1.)))
REPRESENTATION_ITEM('')
SURFACE()
);
#205=(
BOUNDED_SURFACE()
B_SPLINE_SURFACE(1,2,((#7832,#7833,#7834,#7835,#7836),(#7837,#7838,#7839,
#7840,#7841)),.UNSPECIFIED.,.F.,.F.,.F.)
B_SPLINE_SURFACE_WITH_KNOTS((2,2),(3,2,3),(0.,1.85679742298029),(0.684859324156887,
1.4849775090629,2.2850956939689),.UNSPECIFIED.)
GEOMETRIC_REPRESENTATION_ITEM()
RATIONAL_B_SPLINE_SURFACE(((1.,0.921037980709672,1.,0.921037980709672,1.),
(1.,0.921037980709672,1.,0.921037980709672,1.)))
REPRESENTATION_ITEM('')
SURFACE()
);
#206=(
BOUNDED_SURFACE()
B_SPLINE_SURFACE(1,2,((#7866,#7867,#7868),(#7869,#7870,#7871)),
 .UNSPECIFIED.,.F.,.F.,.F.)
B_SPLINE_SURFACE_WITH_KNOTS((2,2),(3,3),(0.,1.64938732471921),(-0.417234821014197,
0.690680102620681),.UNSPECIFIED.)
GEOMETRIC_REPRESENTATION_ITEM()
RATIONAL_B_SPLINE_SURFACE(((1.,0.850449336808479,1.),(1.,0.850449336808479,
1.)))
REPRESENTATION_ITEM('')
SURFACE()
);
#207=(
BOUNDED_SURFACE()
B_SPLINE_SURFACE(1,2,((#7883,#7884,#7885),(#7886,#7887,#7888)),
 .UNSPECIFIED.,.F.,.F.,.F.)
B_SPLINE_SURFACE_WITH_KNOTS((2,2),(3,3),(0.,0.200448829013877),(-0.187696904575214,
0.251913678060622),.UNSPECIFIED.)
GEOMETRIC_REPRESENTATION_ITEM()
RATIONAL_B_SPLINE_SURFACE(((1.,0.975939922033785,1.),(1.,0.975939922033785,
1.)))
REPRESENTATION_ITEM('')
SURFACE()
);
#208=(
BOUNDED_SURFACE()
B_SPLINE_SURFACE(1,2,((#7919,#7920,#7921),(#7922,#7923,#7924)),
 .UNSPECIFIED.,.F.,.F.,.F.)
B_SPLINE_SURFACE_WITH_KNOTS((2,2),(3,3),(0.,0.434326553272256),(0.764974398187424,
2.26699343248778),.UNSPECIFIED.)
GEOMETRIC_REPRESENTATION_ITEM()
RATIONAL_B_SPLINE_SURFACE(((1.,0.731000370131101,1.),(1.,0.731000370131101,
1.)))
REPRESENTATION_ITEM('')
SURFACE()
);
#209=(
BOUNDED_SURFACE()
B_SPLINE_SURFACE(1,2,((#7936,#7937,#7938,#7939,#7940),(#7941,#7942,#7943,
#7944,#7945)),.UNSPECIFIED.,.F.,.F.,.F.)
B_SPLINE_SURFACE_WITH_KNOTS((2,2),(3,2,3),(0.,1.79163892656606),(-4.26544144917456,
-3.21409373147446,-2.16274601377437),.UNSPECIFIED.)
GEOMETRIC_REPRESENTATION_ITEM()
RATIONAL_B_SPLINE_SURFACE(((1.,0.864985998363916,1.,0.864985998363916,1.),
(1.,0.864985998363916,1.,0.864985998363916,1.)))
REPRESENTATION_ITEM('')
SURFACE()
);
#210=(
BOUNDED_SURFACE()
B_SPLINE_SURFACE(1,2,((#7951,#7952,#7953),(#7954,#7955,#7956)),
 .UNSPECIFIED.,.F.,.F.,.F.)
B_SPLINE_SURFACE_WITH_KNOTS((2,2),(3,3),(0.,0.140475849862397),(-1.26515363536242,
-0.706862588174275),.UNSPECIFIED.)
GEOMETRIC_REPRESENTATION_ITEM()
RATIONAL_B_SPLINE_SURFACE(((1.,0.96129122681573,1.),(1.,0.96129122681573,
1.)))
REPRESENTATION_ITEM('')
SURFACE()
);
#211=(
BOUNDED_SURFACE()
B_SPLINE_SURFACE(1,2,((#7974,#7975,#7976,#7977,#7978),(#7979,#7980,#7981,
#7982,#7983)),.UNSPECIFIED.,.F.,.F.,.F.)
B_SPLINE_SURFACE_WITH_KNOTS((2,2),(3,2,3),(0.,1.8566338695954),(0.651470949676991,
1.45229550574071,2.25312006180444),.UNSPECIFIED.)
GEOMETRIC_REPRESENTATION_ITEM()
RATIONAL_B_SPLINE_SURFACE(((1.,0.920900367101866,1.,0.920900367101866,1.),
(1.,0.920900367101866,1.,0.920900367101866,1.)))
REPRESENTATION_ITEM('')
SURFACE()
);
#212=(
BOUNDED_SURFACE()
B_SPLINE_SURFACE(1,2,((#7989,#7990,#7991),(#7992,#7993,#7994)),
 .UNSPECIFIED.,.F.,.F.,.F.)
B_SPLINE_SURFACE_WITH_KNOTS((2,2),(3,3),(0.,1.58697082396987),(0.486628487862481,
0.920530021865723),.UNSPECIFIED.)
GEOMETRIC_REPRESENTATION_ITEM()
RATIONAL_B_SPLINE_SURFACE(((1.,0.976558344410536,1.),(1.,0.976558344410536,
1.)))
REPRESENTATION_ITEM('')
SURFACE()
);
#213=(
BOUNDED_SURFACE()
B_SPLINE_SURFACE(1,2,((#8025,#8026,#8027,#8028,#8029),(#8030,#8031,#8032,
#8033,#8034)),.UNSPECIFIED.,.F.,.F.,.F.)
B_SPLINE_SURFACE_WITH_KNOTS((2,2),(3,2,3),(0.,0.932195234380072),(0.492566147075316,
1.33201063032803,2.17145511358075),.UNSPECIFIED.)
GEOMETRIC_REPRESENTATION_ITEM()
RATIONAL_B_SPLINE_SURFACE(((1.,0.913202163968854,1.,0.913202163968854,1.),
(1.,0.913202163968854,1.,0.913202163968854,1.)))
REPRESENTATION_ITEM('')
SURFACE()
);
#214=(
BOUNDED_SURFACE()
B_SPLINE_SURFACE(1,2,((#8046,#8047,#8048,#8049,#8050),(#8051,#8052,#8053,
#8054,#8055)),.UNSPECIFIED.,.F.,.F.,.F.)
B_SPLINE_SURFACE_WITH_KNOTS((2,2),(3,2,3),(0.,1.83104713196305),(1.07036277087845,
1.86065979574108,2.65095682060371),.UNSPECIFIED.)
GEOMETRIC_REPRESENTATION_ITEM()
RATIONAL_B_SPLINE_SURFACE(((1.,0.922939405384838,1.,0.922939405384838,1.),
(1.,0.922939405384838,1.,0.922939405384838,1.)))
REPRESENTATION_ITEM('')
SURFACE()
);
#215=(
BOUNDED_SURFACE()
B_SPLINE_SURFACE(1,2,((#8124,#8125,#8126),(#8127,#8128,#8129)),
 .UNSPECIFIED.,.F.,.F.,.F.)
B_SPLINE_SURFACE_WITH_KNOTS((2,2),(3,3),(0.,0.319400576834604),(-2.19640087995171,
-1.88981699553914),.UNSPECIFIED.)
GEOMETRIC_REPRESENTATION_ITEM()
RATIONAL_B_SPLINE_SURFACE(((1.,0.988273779535396,1.),(1.,0.988273779535396,
1.)))
REPRESENTATION_ITEM('')
SURFACE()
);
#216=(
BOUNDED_SURFACE()
B_SPLINE_SURFACE(1,2,((#8160,#8161,#8162,#8163,#8164),(#8165,#8166,#8167,
#8168,#8169)),.UNSPECIFIED.,.F.,.F.,.F.)
B_SPLINE_SURFACE_WITH_KNOTS((2,2),(3,2,3),(0.,0.92230676010616),(-2.43323633558429,
-1.63719448953779,-0.841152643491294),.UNSPECIFIED.)
GEOMETRIC_REPRESENTATION_ITEM()
RATIONAL_B_SPLINE_SURFACE(((1.,0.921829878595128,1.,0.921829878595128,1.),
(1.,0.921829878595128,1.,0.921829878595128,1.)))
REPRESENTATION_ITEM('')
SURFACE()
);
#217=(
BOUNDED_SURFACE()
B_SPLINE_SURFACE(1,2,((#8181,#8182,#8183),(#8184,#8185,#8186)),
 .UNSPECIFIED.,.F.,.F.,.F.)
B_SPLINE_SURFACE_WITH_KNOTS((2,2),(3,3),(0.,1.85094598203188),(0.725537606151158,
2.04896682437929),.UNSPECIFIED.)
GEOMETRIC_REPRESENTATION_ITEM()
RATIONAL_B_SPLINE_SURFACE(((1.,0.788939815027438,1.),(1.,0.788939815027438,
1.)))
REPRESENTATION_ITEM('')
SURFACE()
);
#218=(
BOUNDED_SURFACE()
B_SPLINE_SURFACE(1,2,((#8198,#8199,#8200),(#8201,#8202,#8203)),
 .UNSPECIFIED.,.F.,.F.,.F.)
B_SPLINE_SURFACE_WITH_KNOTS((2,2),(3,3),(0.,0.279876190440728),(-0.831497714932506,
0.389926227877887),.UNSPECIFIED.)
GEOMETRIC_REPRESENTATION_ITEM()
RATIONAL_B_SPLINE_SURFACE(((1.,0.819239944888252,1.),(1.,0.819239944888252,
1.)))
REPRESENTATION_ITEM('')
SURFACE()
);
#219=(
BOUNDED_SURFACE()
B_SPLINE_SURFACE(1,2,((#8221,#8222,#8223,#8224,#8225),(#8226,#8227,#8228,
#8229,#8230)),.UNSPECIFIED.,.F.,.F.,.F.)
B_SPLINE_SURFACE_WITH_KNOTS((2,2),(3,2,3),(0.,1.83883975029375),(-2.99075346836652,
-2.20118289110746,-1.4116123138484),.UNSPECIFIED.)
GEOMETRIC_REPRESENTATION_ITEM()
RATIONAL_B_SPLINE_SURFACE(((1.,0.92307916578055,1.,0.92307916578055,1.),
(1.,0.92307916578055,1.,0.92307916578055,1.)))
REPRESENTATION_ITEM('')
SURFACE()
);
#220=(
BOUNDED_SURFACE()
B_SPLINE_SURFACE(1,2,((#8274,#8275,#8276,#8277,#8278),(#8279,#8280,#8281,
#8282,#8283)),.UNSPECIFIED.,.F.,.F.,.F.)
B_SPLINE_SURFACE_WITH_KNOTS((2,2),(3,2,3),(0.,2.00114374189663),(-3.01687878978543,
-2.08137485272438,-1.14587091566333),.UNSPECIFIED.)
GEOMETRIC_REPRESENTATION_ITEM()
RATIONAL_B_SPLINE_SURFACE(((1.,0.892584137125354,1.,0.892584137125354,1.),
(1.,0.892584137125354,1.,0.892584137125354,1.)))
REPRESENTATION_ITEM('')
SURFACE()
);
#221=(
BOUNDED_SURFACE()
B_SPLINE_SURFACE(1,2,((#8338,#8339,#8340,#8341,#8342),(#8343,#8344,#8345,
#8346,#8347)),.UNSPECIFIED.,.F.,.F.,.F.)
B_SPLINE_SURFACE_WITH_KNOTS((2,2),(3,2,3),(0.,1.86248767601221),(-2.48445081019423,
-1.67989220610325,-0.875333602012275),.UNSPECIFIED.)
GEOMETRIC_REPRESENTATION_ITEM()
RATIONAL_B_SPLINE_SURFACE(((1.,0.920171000192051,1.,0.920171000192051,1.),
(1.,0.920171000192051,1.,0.920171000192051,1.)))
REPRESENTATION_ITEM('')
SURFACE()
);
#222=(
BOUNDED_SURFACE()
B_SPLINE_SURFACE(1,2,((#8372,#8373,#8374,#8375,#8376),(#8377,#8378,#8379,
#8380,#8381)),.UNSPECIFIED.,.F.,.F.,.F.)
B_SPLINE_SURFACE_WITH_KNOTS((2,2),(3,2,3),(0.,1.85525264985603),(-2.50393855806636,
-1.70244886137272,-0.900959164679084),.UNSPECIFIED.)
GEOMETRIC_REPRESENTATION_ITEM()
RATIONAL_B_SPLINE_SURFACE(((1.,0.920770680919341,1.,0.920770680919341,1.),
(1.,0.920770680919341,1.,0.920770680919341,1.)))
REPRESENTATION_ITEM('')
SURFACE()
);
#223=(
BOUNDED_SURFACE()
B_SPLINE_SURFACE(1,2,((#8387,#8388,#8389),(#8390,#8391,#8392)),
 .UNSPECIFIED.,.F.,.F.,.F.)
B_SPLINE_SURFACE_WITH_KNOTS((2,2),(3,3),(0.,1.74148530698636),(0.75311364479341,
1.17068852145121),.UNSPECIFIED.)
GEOMETRIC_REPRESENTATION_ITEM()
RATIONAL_B_SPLINE_SURFACE(((1.,0.978282966144543,1.),(1.,0.978282966144543,
1.)))
REPRESENTATION_ITEM('')
SURFACE()
);
#224=(
BOUNDED_SURFACE()
B_SPLINE_SURFACE(1,2,((#8429,#8430,#8431),(#8432,#8433,#8434)),
 .UNSPECIFIED.,.F.,.F.,.F.)
B_SPLINE_SURFACE_WITH_KNOTS((2,2),(3,3),(0.,1.87988569712494),(-2.20575132294504,
-0.929556410485405),.UNSPECIFIED.)
GEOMETRIC_REPRESENTATION_ITEM()
RATIONAL_B_SPLINE_SURFACE(((1.,0.803230496003739,1.),(1.,0.803230496003739,
1.)))
REPRESENTATION_ITEM('')
SURFACE()
);
#225=(
BOUNDED_SURFACE()
B_SPLINE_SURFACE(1,2,((#8490,#8491,#8492),(#8493,#8494,#8495)),
 .UNSPECIFIED.,.F.,.F.,.F.)
B_SPLINE_SURFACE_WITH_KNOTS((2,2),(3,3),(0.,1.81925304190974),(-3.08356272920977,
-1.80773902239536),.UNSPECIFIED.)
GEOMETRIC_REPRESENTATION_ITEM()
RATIONAL_B_SPLINE_SURFACE(((1.,0.80334103989319,1.),(1.,0.80334103989319,
1.)))
REPRESENTATION_ITEM('')
SURFACE()
);
#226=(
BOUNDED_SURFACE()
B_SPLINE_SURFACE(1,2,((#8532,#8533,#8534),(#8535,#8536,#8537)),
 .UNSPECIFIED.,.F.,.F.,.F.)
B_SPLINE_SURFACE_WITH_KNOTS((2,2),(3,3),(0.,1.79577721598664),(1.54845823052865,
3.1107094975745),.UNSPECIFIED.)
GEOMETRIC_REPRESENTATION_ITEM()
RATIONAL_B_SPLINE_SURFACE(((1.,0.710121452907469,1.),(1.,0.710121452907469,
1.)))
REPRESENTATION_ITEM('')
SURFACE()
);
#227=B_SPLINE_CURVE_WITH_KNOTS('',3,(#6264,#6265,#6266,#6267),
 .UNSPECIFIED.,.F.,.F.,(4,4),(0.,1.),.UNSPECIFIED.);
#228=B_SPLINE_CURVE_WITH_KNOTS('',3,(#6269,#6270,#6271,#6272),
 .UNSPECIFIED.,.F.,.F.,(4,4),(0.,1.),.UNSPECIFIED.);
#229=B_SPLINE_CURVE_WITH_KNOTS('',3,(#6306,#6307,#6308,#6309),
 .UNSPECIFIED.,.F.,.F.,(4,4),(0.,1.),.UNSPECIFIED.);
#230=B_SPLINE_CURVE_WITH_KNOTS('',3,(#6311,#6312,#6313,#6314),
 .UNSPECIFIED.,.F.,.F.,(4,4),(0.,1.),.UNSPECIFIED.);
#231=B_SPLINE_CURVE_WITH_KNOTS('',3,(#6441,#6442,#6443,#6444),
 .UNSPECIFIED.,.F.,.F.,(4,4),(0.,1.),.UNSPECIFIED.);
#232=B_SPLINE_CURVE_WITH_KNOTS('',3,(#6446,#6447,#6448,#6449),
 .UNSPECIFIED.,.F.,.F.,(4,4),(0.,1.),.UNSPECIFIED.);
#233=B_SPLINE_CURVE_WITH_KNOTS('',3,(#6498,#6499,#6500,#6501),
 .UNSPECIFIED.,.F.,.F.,(4,4),(0.,1.),.UNSPECIFIED.);
#234=B_SPLINE_CURVE_WITH_KNOTS('',3,(#6503,#6504,#6505,#6506),
 .UNSPECIFIED.,.F.,.F.,(4,4),(0.,1.),.UNSPECIFIED.);
#235=B_SPLINE_CURVE_WITH_KNOTS('',3,(#6573,#6574,#6575,#6576),
 .UNSPECIFIED.,.F.,.F.,(4,4),(0.,1.),.UNSPECIFIED.);
#236=B_SPLINE_CURVE_WITH_KNOTS('',3,(#6578,#6579,#6580,#6581),
 .UNSPECIFIED.,.F.,.F.,(4,4),(0.,1.),.UNSPECIFIED.);
#237=B_SPLINE_CURVE_WITH_KNOTS('',3,(#6642,#6643,#6644,#6645),
 .UNSPECIFIED.,.F.,.F.,(4,4),(0.,1.),.UNSPECIFIED.);
#238=B_SPLINE_CURVE_WITH_KNOTS('',3,(#6647,#6648,#6649,#6650),
 .UNSPECIFIED.,.F.,.F.,(4,4),(0.,1.),.UNSPECIFIED.);
#239=B_SPLINE_CURVE_WITH_KNOTS('',3,(#6700,#6701,#6702,#6703),
 .UNSPECIFIED.,.F.,.F.,(4,4),(0.,1.),.UNSPECIFIED.);
#240=B_SPLINE_CURVE_WITH_KNOTS('',3,(#6705,#6706,#6707,#6708),
 .UNSPECIFIED.,.F.,.F.,(4,4),(0.,1.),.UNSPECIFIED.);
#241=B_SPLINE_CURVE_WITH_KNOTS('',3,(#6736,#6737,#6738,#6739),
 .UNSPECIFIED.,.F.,.F.,(4,4),(0.,1.),.UNSPECIFIED.);
#242=B_SPLINE_CURVE_WITH_KNOTS('',3,(#6741,#6742,#6743,#6744),
 .UNSPECIFIED.,.F.,.F.,(4,4),(0.,1.),.UNSPECIFIED.);
#243=B_SPLINE_CURVE_WITH_KNOTS('',3,(#6755,#6756,#6757,#6758),
 .UNSPECIFIED.,.F.,.F.,(4,4),(0.,1.),.UNSPECIFIED.);
#244=B_SPLINE_CURVE_WITH_KNOTS('',3,(#6760,#6761,#6762,#6763),
 .UNSPECIFIED.,.F.,.F.,(4,4),(0.,1.),.UNSPECIFIED.);
#245=B_SPLINE_CURVE_WITH_KNOTS('',3,(#6780,#6781,#6782,#6783),
 .UNSPECIFIED.,.F.,.F.,(4,4),(0.,1.),.UNSPECIFIED.);
#246=B_SPLINE_CURVE_WITH_KNOTS('',3,(#6785,#6786,#6787,#6788),
 .UNSPECIFIED.,.F.,.F.,(4,4),(0.,1.),.UNSPECIFIED.);
#247=B_SPLINE_CURVE_WITH_KNOTS('',3,(#6857,#6858,#6859,#6860,#6861,#6862,
#6863,#6864,#6865,#6866,#6867,#6868,#6869,#6870,#6871),.UNSPECIFIED.,.F.,
 .F.,(4,2,2,2,2,2,1,4),(0.,0.0014252725768782,0.00266044162816772,0.00357120730940579,
0.00384100915611117,0.00391564183493786,0.00393584187462422,0.0039428410255375),
 .UNSPECIFIED.);
#248=B_SPLINE_CURVE_WITH_KNOTS('',3,(#6873,#6874,#6875,#6876,#6877,#6878,
#6879,#6880,#6881,#6882,#6883,#6884,#6885,#6886,#6887),.UNSPECIFIED.,.F.,
 .F.,(4,2,2,2,2,2,1,4),(0.,0.0014252725768782,0.00266044162816772,0.00357120730940579,
0.00384100915611117,0.00391564183493786,0.00393584187462422,0.0039428410255375),
 .UNSPECIFIED.);
#249=B_SPLINE_CURVE_WITH_KNOTS('',3,(#6898,#6899,#6900,#6901),
 .UNSPECIFIED.,.F.,.F.,(4,4),(0.,1.),.UNSPECIFIED.);
#250=B_SPLINE_CURVE_WITH_KNOTS('',3,(#6903,#6904,#6905,#6906),
 .UNSPECIFIED.,.F.,.F.,(4,4),(0.,1.),.UNSPECIFIED.);
#251=B_SPLINE_CURVE_WITH_KNOTS('',3,(#6923,#6924,#6925,#6926),
 .UNSPECIFIED.,.F.,.F.,(4,4),(0.,1.),.UNSPECIFIED.);
#252=B_SPLINE_CURVE_WITH_KNOTS('',3,(#6928,#6929,#6930,#6931),
 .UNSPECIFIED.,.F.,.F.,(4,4),(0.,1.),.UNSPECIFIED.);
#253=B_SPLINE_CURVE_WITH_KNOTS('',3,(#6942,#6943,#6944,#6945),
 .UNSPECIFIED.,.F.,.F.,(4,4),(0.,1.),.UNSPECIFIED.);
#254=B_SPLINE_CURVE_WITH_KNOTS('',3,(#6947,#6948,#6949,#6950),
 .UNSPECIFIED.,.F.,.F.,(4,4),(0.,1.),.UNSPECIFIED.);
#255=B_SPLINE_CURVE_WITH_KNOTS('',3,(#6961,#6962,#6963,#6964),
 .UNSPECIFIED.,.F.,.F.,(4,4),(0.,1.),.UNSPECIFIED.);
#256=B_SPLINE_CURVE_WITH_KNOTS('',3,(#6966,#6967,#6968,#6969),
 .UNSPECIFIED.,.F.,.F.,(4,4),(0.,1.),.UNSPECIFIED.);
#257=B_SPLINE_CURVE_WITH_KNOTS('',3,(#6991,#6992,#6993,#6994),
 .UNSPECIFIED.,.F.,.F.,(4,4),(0.,1.),.UNSPECIFIED.);
#258=B_SPLINE_CURVE_WITH_KNOTS('',3,(#6996,#6997,#6998,#6999),
 .UNSPECIFIED.,.F.,.F.,(4,4),(0.,1.),.UNSPECIFIED.);
#259=B_SPLINE_CURVE_WITH_KNOTS('',3,(#7010,#7011,#7012,#7013),
 .UNSPECIFIED.,.F.,.F.,(4,4),(0.,1.),.UNSPECIFIED.);
#260=B_SPLINE_CURVE_WITH_KNOTS('',3,(#7015,#7016,#7017,#7018),
 .UNSPECIFIED.,.F.,.F.,(4,4),(0.,1.),.UNSPECIFIED.);
#261=B_SPLINE_CURVE_WITH_KNOTS('',3,(#7050,#7051,#7052,#7053),
 .UNSPECIFIED.,.F.,.F.,(4,4),(0.,1.),.UNSPECIFIED.);
#262=B_SPLINE_CURVE_WITH_KNOTS('',3,(#7055,#7056,#7057,#7058),
 .UNSPECIFIED.,.F.,.F.,(4,4),(0.,1.),.UNSPECIFIED.);
#263=B_SPLINE_CURVE_WITH_KNOTS('',3,(#7087,#7088,#7089,#7090),
 .UNSPECIFIED.,.F.,.F.,(4,4),(0.,1.),.UNSPECIFIED.);
#264=B_SPLINE_CURVE_WITH_KNOTS('',3,(#7092,#7093,#7094,#7095),
 .UNSPECIFIED.,.F.,.F.,(4,4),(0.,1.),.UNSPECIFIED.);
#265=B_SPLINE_CURVE_WITH_KNOTS('',3,(#7167,#7168,#7169,#7170),
 .UNSPECIFIED.,.F.,.F.,(4,4),(0.,1.),.UNSPECIFIED.);
#266=B_SPLINE_CURVE_WITH_KNOTS('',3,(#7172,#7173,#7174,#7175),
 .UNSPECIFIED.,.F.,.F.,(4,4),(0.,1.),.UNSPECIFIED.);
#267=B_SPLINE_CURVE_WITH_KNOTS('',3,(#7224,#7225,#7226,#7227),
 .UNSPECIFIED.,.F.,.F.,(4,4),(0.,1.),.UNSPECIFIED.);
#268=B_SPLINE_CURVE_WITH_KNOTS('',3,(#7229,#7230,#7231,#7232),
 .UNSPECIFIED.,.F.,.F.,(4,4),(0.,1.),.UNSPECIFIED.);
#269=B_SPLINE_CURVE_WITH_KNOTS('',3,(#7314,#7315,#7316,#7317),
 .UNSPECIFIED.,.F.,.F.,(4,4),(0.,1.),.UNSPECIFIED.);
#270=B_SPLINE_CURVE_WITH_KNOTS('',3,(#7319,#7320,#7321,#7322),
 .UNSPECIFIED.,.F.,.F.,(4,4),(0.,1.),.UNSPECIFIED.);
#271=B_SPLINE_CURVE_WITH_KNOTS('',3,(#7361,#7362,#7363,#7364),
 .UNSPECIFIED.,.F.,.F.,(4,4),(0.,1.),.UNSPECIFIED.);
#272=B_SPLINE_CURVE_WITH_KNOTS('',3,(#7366,#7367,#7368,#7369),
 .UNSPECIFIED.,.F.,.F.,(4,4),(0.,1.),.UNSPECIFIED.);
#273=B_SPLINE_CURVE_WITH_KNOTS('',3,(#7380,#7381,#7382,#7383),
 .UNSPECIFIED.,.F.,.F.,(4,4),(0.,1.),.UNSPECIFIED.);
#274=B_SPLINE_CURVE_WITH_KNOTS('',3,(#7385,#7386,#7387,#7388),
 .UNSPECIFIED.,.F.,.F.,(4,4),(0.,1.),.UNSPECIFIED.);
#275=B_SPLINE_CURVE_WITH_KNOTS('',3,(#7399,#7400,#7401,#7402),
 .UNSPECIFIED.,.F.,.F.,(4,4),(0.,1.),.UNSPECIFIED.);
#276=B_SPLINE_CURVE_WITH_KNOTS('',3,(#7404,#7405,#7406,#7407),
 .UNSPECIFIED.,.F.,.F.,(4,4),(0.,1.),.UNSPECIFIED.);
#277=B_SPLINE_CURVE_WITH_KNOTS('',3,(#7462,#7463,#7464,#7465),
 .UNSPECIFIED.,.F.,.F.,(4,4),(0.,1.),.UNSPECIFIED.);
#278=B_SPLINE_CURVE_WITH_KNOTS('',3,(#7467,#7468,#7469,#7470),
 .UNSPECIFIED.,.F.,.F.,(4,4),(0.,1.),.UNSPECIFIED.);
#279=B_SPLINE_CURVE_WITH_KNOTS('',3,(#7514,#7515,#7516,#7517),
 .UNSPECIFIED.,.F.,.F.,(4,4),(0.,1.),.UNSPECIFIED.);
#280=B_SPLINE_CURVE_WITH_KNOTS('',3,(#7519,#7520,#7521,#7522),
 .UNSPECIFIED.,.F.,.F.,(4,4),(0.,1.),.UNSPECIFIED.);
#281=B_SPLINE_CURVE_WITH_KNOTS('',3,(#7539,#7540,#7541,#7542),
 .UNSPECIFIED.,.F.,.F.,(4,4),(0.,1.),.UNSPECIFIED.);
#282=B_SPLINE_CURVE_WITH_KNOTS('',3,(#7544,#7545,#7546,#7547),
 .UNSPECIFIED.,.F.,.F.,(4,4),(0.,1.),.UNSPECIFIED.);
#283=B_SPLINE_CURVE_WITH_KNOTS('',3,(#7620,#7621,#7622,#7623,#7624,#7625,
#7626,#7627,#7628,#7629,#7630,#7631,#7632,#7633,#7634,#7635),
 .UNSPECIFIED.,.F.,.F.,(4,2,2,2,2,2,2,4),(0.,0.001425096543863,0.00265988830279241,
0.00357022014558822,0.00383986756383306,0.00391445525035745,0.00393464306312897,
0.00394238019431312),.UNSPECIFIED.);
#284=B_SPLINE_CURVE_WITH_KNOTS('',3,(#7637,#7638,#7639,#7640,#7641,#7642,
#7643,#7644,#7645,#7646,#7647,#7648,#7649,#7650,#7651,#7652),
 .UNSPECIFIED.,.F.,.F.,(4,2,2,2,2,2,2,4),(0.,0.001425096543863,0.00265988830279241,
0.00357022014558822,0.00383986756383306,0.00391445525035745,0.00393464306312897,
0.00394238019431312),.UNSPECIFIED.);
#285=B_SPLINE_CURVE_WITH_KNOTS('',3,(#7663,#7664,#7665,#7666),
 .UNSPECIFIED.,.F.,.F.,(4,4),(0.,1.),.UNSPECIFIED.);
#286=B_SPLINE_CURVE_WITH_KNOTS('',3,(#7668,#7669,#7670,#7671),
 .UNSPECIFIED.,.F.,.F.,(4,4),(0.,1.),.UNSPECIFIED.);
#287=B_SPLINE_CURVE_WITH_KNOTS('',3,(#7682,#7683,#7684,#7685),
 .UNSPECIFIED.,.F.,.F.,(4,4),(0.,1.),.UNSPECIFIED.);
#288=B_SPLINE_CURVE_WITH_KNOTS('',3,(#7687,#7688,#7689,#7690),
 .UNSPECIFIED.,.F.,.F.,(4,4),(0.,1.),.UNSPECIFIED.);
#289=B_SPLINE_CURVE_WITH_KNOTS('',3,(#7791,#7792,#7793,#7794),
 .UNSPECIFIED.,.F.,.F.,(4,4),(0.,1.),.UNSPECIFIED.);
#290=B_SPLINE_CURVE_WITH_KNOTS('',3,(#7796,#7797,#7798,#7799),
 .UNSPECIFIED.,.F.,.F.,(4,4),(0.,1.),.UNSPECIFIED.);
#291=B_SPLINE_CURVE_WITH_KNOTS('',3,(#7810,#7811,#7812,#7813),
 .UNSPECIFIED.,.F.,.F.,(4,4),(0.,1.),.UNSPECIFIED.);
#292=B_SPLINE_CURVE_WITH_KNOTS('',3,(#7815,#7816,#7817,#7818),
 .UNSPECIFIED.,.F.,.F.,(4,4),(0.,1.),.UNSPECIFIED.);
#293=B_SPLINE_CURVE_WITH_KNOTS('',3,(#7856,#7857,#7858,#7859),
 .UNSPECIFIED.,.F.,.F.,(4,4),(0.,1.),.UNSPECIFIED.);
#294=B_SPLINE_CURVE_WITH_KNOTS('',3,(#7861,#7862,#7863,#7864),
 .UNSPECIFIED.,.F.,.F.,(4,4),(0.,1.),.UNSPECIFIED.);
#295=B_SPLINE_CURVE_WITH_KNOTS('',3,(#7909,#7910,#7911,#7912),
 .UNSPECIFIED.,.F.,.F.,(4,4),(0.,1.),.UNSPECIFIED.);
#296=B_SPLINE_CURVE_WITH_KNOTS('',3,(#7914,#7915,#7916,#7917),
 .UNSPECIFIED.,.F.,.F.,(4,4),(0.,1.),.UNSPECIFIED.);
#297=B_SPLINE_CURVE_WITH_KNOTS('',3,(#8015,#8016,#8017,#8018),
 .UNSPECIFIED.,.F.,.F.,(4,4),(0.,1.),.UNSPECIFIED.);
#298=B_SPLINE_CURVE_WITH_KNOTS('',3,(#8020,#8021,#8022,#8023),
 .UNSPECIFIED.,.F.,.F.,(4,4),(0.,1.),.UNSPECIFIED.);
#299=B_SPLINE_CURVE_WITH_KNOTS('',3,(#8070,#8071,#8072,#8073),
 .UNSPECIFIED.,.F.,.F.,(4,4),(0.,1.),.UNSPECIFIED.);
#300=B_SPLINE_CURVE_WITH_KNOTS('',3,(#8075,#8076,#8077,#8078),
 .UNSPECIFIED.,.F.,.F.,(4,4),(0.,1.),.UNSPECIFIED.);
#301=B_SPLINE_CURVE_WITH_KNOTS('',3,(#8089,#8090,#8091,#8092),
 .UNSPECIFIED.,.F.,.F.,(4,4),(0.,1.),.UNSPECIFIED.);
#302=B_SPLINE_CURVE_WITH_KNOTS('',3,(#8094,#8095,#8096,#8097),
 .UNSPECIFIED.,.F.,.F.,(4,4),(0.,1.),.UNSPECIFIED.);
#303=B_SPLINE_CURVE_WITH_KNOTS('',3,(#8114,#8115,#8116,#8117),
 .UNSPECIFIED.,.F.,.F.,(4,4),(0.,1.),.UNSPECIFIED.);
#304=B_SPLINE_CURVE_WITH_KNOTS('',3,(#8119,#8120,#8121,#8122),
 .UNSPECIFIED.,.F.,.F.,(4,4),(0.,1.),.UNSPECIFIED.);
#305=B_SPLINE_CURVE_WITH_KNOTS('',3,(#8150,#8151,#8152,#8153),
 .UNSPECIFIED.,.F.,.F.,(4,4),(0.,1.),.UNSPECIFIED.);
#306=B_SPLINE_CURVE_WITH_KNOTS('',3,(#8155,#8156,#8157,#8158),
 .UNSPECIFIED.,.F.,.F.,(4,4),(0.,1.),.UNSPECIFIED.);
#307=B_SPLINE_CURVE_WITH_KNOTS('',3,(#8245,#8246,#8247,#8248),
 .UNSPECIFIED.,.F.,.F.,(4,4),(0.,1.),.UNSPECIFIED.);
#308=B_SPLINE_CURVE_WITH_KNOTS('',3,(#8250,#8251,#8252,#8253),
 .UNSPECIFIED.,.F.,.F.,(4,4),(0.,1.),.UNSPECIFIED.);
#309=B_SPLINE_CURVE_WITH_KNOTS('',3,(#8264,#8265,#8266,#8267),
 .UNSPECIFIED.,.F.,.F.,(4,4),(0.,1.),.UNSPECIFIED.);
#310=B_SPLINE_CURVE_WITH_KNOTS('',3,(#8269,#8270,#8271,#8272),
 .UNSPECIFIED.,.F.,.F.,(4,4),(0.,1.),.UNSPECIFIED.);
#311=B_SPLINE_CURVE_WITH_KNOTS('',3,(#8310,#8311,#8312,#8313),
 .UNSPECIFIED.,.F.,.F.,(4,4),(0.,1.),.UNSPECIFIED.);
#312=B_SPLINE_CURVE_WITH_KNOTS('',3,(#8315,#8316,#8317,#8318),
 .UNSPECIFIED.,.F.,.F.,(4,4),(0.,1.),.UNSPECIFIED.);
#313=B_SPLINE_CURVE_WITH_KNOTS('',3,(#8362,#8363,#8364,#8365),
 .UNSPECIFIED.,.F.,.F.,(4,4),(0.,1.),.UNSPECIFIED.);
#314=B_SPLINE_CURVE_WITH_KNOTS('',3,(#8367,#8368,#8369,#8370),
 .UNSPECIFIED.,.F.,.F.,(4,4),(0.,1.),.UNSPECIFIED.);
#315=B_SPLINE_CURVE_WITH_KNOTS('',3,(#8413,#8414,#8415,#8416),
 .UNSPECIFIED.,.F.,.F.,(4,4),(0.,1.),.UNSPECIFIED.);
#316=B_SPLINE_CURVE_WITH_KNOTS('',3,(#8418,#8419,#8420,#8421),
 .UNSPECIFIED.,.F.,.F.,(4,4),(0.,1.),.UNSPECIFIED.);
#317=B_SPLINE_CURVE_WITH_KNOTS('',3,(#8461,#8462,#8463,#8464),
 .UNSPECIFIED.,.F.,.F.,(4,4),(0.,1.),.UNSPECIFIED.);
#318=B_SPLINE_CURVE_WITH_KNOTS('',3,(#8466,#8467,#8468,#8469),
 .UNSPECIFIED.,.F.,.F.,(4,4),(0.,1.),.UNSPECIFIED.);
#319=B_SPLINE_CURVE_WITH_KNOTS('',3,(#8480,#8481,#8482,#8483),
 .UNSPECIFIED.,.F.,.F.,(4,4),(0.,1.),.UNSPECIFIED.);
#320=B_SPLINE_CURVE_WITH_KNOTS('',3,(#8485,#8486,#8487,#8488),
 .UNSPECIFIED.,.F.,.F.,(4,4),(0.,1.),.UNSPECIFIED.);
#321=B_SPLINE_CURVE_WITH_KNOTS('',3,(#8522,#8523,#8524,#8525),
 .UNSPECIFIED.,.F.,.F.,(4,4),(0.,1.),.UNSPECIFIED.);
#322=B_SPLINE_CURVE_WITH_KNOTS('',3,(#8527,#8528,#8529,#8530),
 .UNSPECIFIED.,.F.,.F.,(4,4),(0.,1.),.UNSPECIFIED.);
#323=B_SPLINE_SURFACE_WITH_KNOTS('',3,1,((#6255,#6256),(#6257,#6258),(#6259,
#6260),(#6261,#6262)),.UNSPECIFIED.,.F.,.F.,.F.,(4,4),(2,2),(0.,1.),(0.,
0.0003),.UNSPECIFIED.);
#324=B_SPLINE_SURFACE_WITH_KNOTS('',3,1,((#6297,#6298),(#6299,#6300),(#6301,
#6302),(#6303,#6304)),.UNSPECIFIED.,.F.,.F.,.F.,(4,4),(2,2),(0.,1.),(0.,
0.0003),.UNSPECIFIED.);
#325=B_SPLINE_SURFACE_WITH_KNOTS('',3,1,((#6432,#6433),(#6434,#6435),(#6436,
#6437),(#6438,#6439)),.UNSPECIFIED.,.F.,.F.,.F.,(4,4),(2,2),(0.,1.),(0.,
0.0003),.UNSPECIFIED.);
#326=B_SPLINE_SURFACE_WITH_KNOTS('',3,1,((#6489,#6490),(#6491,#6492),(#6493,
#6494),(#6495,#6496)),.UNSPECIFIED.,.F.,.F.,.F.,(4,4),(2,2),(0.,1.),(0.,
0.0003),.UNSPECIFIED.);
#327=B_SPLINE_SURFACE_WITH_KNOTS('',3,1,((#6564,#6565),(#6566,#6567),(#6568,
#6569),(#6570,#6571)),.UNSPECIFIED.,.F.,.F.,.F.,(4,4),(2,2),(0.,1.),(0.,
0.0003),.UNSPECIFIED.);
#328=B_SPLINE_SURFACE_WITH_KNOTS('',3,1,((#6633,#6634),(#6635,#6636),(#6637,
#6638),(#6639,#6640)),.UNSPECIFIED.,.F.,.F.,.F.,(4,4),(2,2),(0.,1.),(0.,
0.0003),.UNSPECIFIED.);
#329=B_SPLINE_SURFACE_WITH_KNOTS('',3,1,((#6691,#6692),(#6693,#6694),(#6695,
#6696),(#6697,#6698)),.UNSPECIFIED.,.F.,.F.,.F.,(4,4),(2,2),(0.,1.),(0.,
0.0003),.UNSPECIFIED.);
#330=B_SPLINE_SURFACE_WITH_KNOTS('',3,1,((#6727,#6728),(#6729,#6730),(#6731,
#6732),(#6733,#6734)),.UNSPECIFIED.,.F.,.F.,.F.,(4,4),(2,2),(0.,1.),(0.,
0.0003),.UNSPECIFIED.);
#331=B_SPLINE_SURFACE_WITH_KNOTS('',3,1,((#6746,#6747),(#6748,#6749),(#6750,
#6751),(#6752,#6753)),.UNSPECIFIED.,.F.,.F.,.F.,(4,4),(2,2),(0.,1.),(0.,
0.0003),.UNSPECIFIED.);
#332=B_SPLINE_SURFACE_WITH_KNOTS('',3,1,((#6771,#6772),(#6773,#6774),(#6775,
#6776),(#6777,#6778)),.UNSPECIFIED.,.F.,.F.,.F.,(4,4),(2,2),(0.,1.),(0.,
0.0003),.UNSPECIFIED.);
#333=B_SPLINE_SURFACE_WITH_KNOTS('',3,1,((#6826,#6827),(#6828,#6829),(#6830,
#6831),(#6832,#6833),(#6834,#6835),(#6836,#6837),(#6838,#6839),(#6840,#6841),
(#6842,#6843),(#6844,#6845),(#6846,#6847),(#6848,#6849),(#6850,#6851),(#6852,
#6853),(#6854,#6855)),.UNSPECIFIED.,.F.,.F.,.F.,(4,2,2,2,2,2,1,4),(2,2),
(0.,0.0014252725768782,0.00266044162816772,0.00357120730940579,0.00384100915611117,
0.00391564183493786,0.00393584187462422,0.0039428410255375),(0.,0.0003),
 .UNSPECIFIED.);
#334=B_SPLINE_SURFACE_WITH_KNOTS('',3,1,((#6889,#6890),(#6891,#6892),(#6893,
#6894),(#6895,#6896)),.UNSPECIFIED.,.F.,.F.,.F.,(4,4),(2,2),(0.,1.),(0.,
0.0003),.UNSPECIFIED.);
#335=B_SPLINE_SURFACE_WITH_KNOTS('',3,1,((#6914,#6915),(#6916,#6917),(#6918,
#6919),(#6920,#6921)),.UNSPECIFIED.,.F.,.F.,.F.,(4,4),(2,2),(0.,1.),(0.,
0.0003),.UNSPECIFIED.);
#336=B_SPLINE_SURFACE_WITH_KNOTS('',3,1,((#6933,#6934),(#6935,#6936),(#6937,
#6938),(#6939,#6940)),.UNSPECIFIED.,.F.,.F.,.F.,(4,4),(2,2),(0.,1.),(0.,
0.0003),.UNSPECIFIED.);
#337=B_SPLINE_SURFACE_WITH_KNOTS('',3,1,((#6952,#6953),(#6954,#6955),(#6956,
#6957),(#6958,#6959)),.UNSPECIFIED.,.F.,.F.,.F.,(4,4),(2,2),(0.,1.),(0.,
0.0003),.UNSPECIFIED.);
#338=B_SPLINE_SURFACE_WITH_KNOTS('',3,1,((#6982,#6983),(#6984,#6985),(#6986,
#6987),(#6988,#6989)),.UNSPECIFIED.,.F.,.F.,.F.,(4,4),(2,2),(0.,1.),(0.,
0.0003),.UNSPECIFIED.);
#339=B_SPLINE_SURFACE_WITH_KNOTS('',3,1,((#7001,#7002),(#7003,#7004),(#7005,
#7006),(#7007,#7008)),.UNSPECIFIED.,.F.,.F.,.F.,(4,4),(2,2),(0.,1.),(0.,
0.0003),.UNSPECIFIED.);
#340=B_SPLINE_SURFACE_WITH_KNOTS('',3,1,((#7041,#7042),(#7043,#7044),(#7045,
#7046),(#7047,#7048)),.UNSPECIFIED.,.F.,.F.,.F.,(4,4),(2,2),(0.,1.),(0.,
0.0003),.UNSPECIFIED.);
#341=B_SPLINE_SURFACE_WITH_KNOTS('',3,1,((#7078,#7079),(#7080,#7081),(#7082,
#7083),(#7084,#7085)),.UNSPECIFIED.,.F.,.F.,.F.,(4,4),(2,2),(0.,1.),(0.,
0.0003),.UNSPECIFIED.);
#342=B_SPLINE_SURFACE_WITH_KNOTS('',3,1,((#7158,#7159),(#7160,#7161),(#7162,
#7163),(#7164,#7165)),.UNSPECIFIED.,.F.,.F.,.F.,(4,4),(2,2),(0.,1.),(0.,
0.0003),.UNSPECIFIED.);
#343=B_SPLINE_SURFACE_WITH_KNOTS('',3,1,((#7215,#7216),(#7217,#7218),(#7219,
#7220),(#7221,#7222)),.UNSPECIFIED.,.F.,.F.,.F.,(4,4),(2,2),(0.,1.),(0.,
0.0003),.UNSPECIFIED.);
#344=B_SPLINE_SURFACE_WITH_KNOTS('',3,1,((#7305,#7306),(#7307,#7308),(#7309,
#7310),(#7311,#7312)),.UNSPECIFIED.,.F.,.F.,.F.,(4,4),(2,2),(0.,1.),(0.,
0.0003),.UNSPECIFIED.);
#345=B_SPLINE_SURFACE_WITH_KNOTS('',3,1,((#7352,#7353),(#7354,#7355),(#7356,
#7357),(#7358,#7359)),.UNSPECIFIED.,.F.,.F.,.F.,(4,4),(2,2),(0.,1.),(0.,
0.0003),.UNSPECIFIED.);
#346=B_SPLINE_SURFACE_WITH_KNOTS('',3,1,((#7371,#7372),(#7373,#7374),(#7375,
#7376),(#7377,#7378)),.UNSPECIFIED.,.F.,.F.,.F.,(4,4),(2,2),(0.,1.),(0.,
0.0003),.UNSPECIFIED.);
#347=B_SPLINE_SURFACE_WITH_KNOTS('',3,1,((#7390,#7391),(#7392,#7393),(#7394,
#7395),(#7396,#7397)),.UNSPECIFIED.,.F.,.F.,.F.,(4,4),(2,2),(0.,1.),(0.,
0.0003),.UNSPECIFIED.);
#348=B_SPLINE_SURFACE_WITH_KNOTS('',3,1,((#7453,#7454),(#7455,#7456),(#7457,
#7458),(#7459,#7460)),.UNSPECIFIED.,.F.,.F.,.F.,(4,4),(2,2),(0.,1.),(0.,
0.0003),.UNSPECIFIED.);
#349=B_SPLINE_SURFACE_WITH_KNOTS('',3,1,((#7505,#7506),(#7507,#7508),(#7509,
#7510),(#7511,#7512)),.UNSPECIFIED.,.F.,.F.,.F.,(4,4),(2,2),(0.,1.),(0.,
0.0003),.UNSPECIFIED.);
#350=B_SPLINE_SURFACE_WITH_KNOTS('',3,1,((#7530,#7531),(#7532,#7533),(#7534,
#7535),(#7536,#7537)),.UNSPECIFIED.,.F.,.F.,.F.,(4,4),(2,2),(0.,1.),(0.,
0.0003),.UNSPECIFIED.);
#351=B_SPLINE_SURFACE_WITH_KNOTS('',3,1,((#7587,#7588),(#7589,#7590),(#7591,
#7592),(#7593,#7594),(#7595,#7596),(#7597,#7598),(#7599,#7600),(#7601,#7602),
(#7603,#7604),(#7605,#7606),(#7607,#7608),(#7609,#7610),(#7611,#7612),(#7613,
#7614),(#7615,#7616),(#7617,#7618)),.UNSPECIFIED.,.F.,.F.,.F.,(4,2,2,2,
2,2,2,4),(2,2),(0.,0.001425096543863,0.00265988830279241,0.00357022014558822,
0.00383986756383306,0.00391445525035745,0.00393464306312897,0.00394238019431312),
(0.,0.0003),.UNSPECIFIED.);
#352=B_SPLINE_SURFACE_WITH_KNOTS('',3,1,((#7654,#7655),(#7656,#7657),(#7658,
#7659),(#7660,#7661)),.UNSPECIFIED.,.F.,.F.,.F.,(4,4),(2,2),(0.,1.),(0.,
0.0003),.UNSPECIFIED.);
#353=B_SPLINE_SURFACE_WITH_KNOTS('',3,1,((#7673,#7674),(#7675,#7676),(#7677,
#7678),(#7679,#7680)),.UNSPECIFIED.,.F.,.F.,.F.,(4,4),(2,2),(0.,1.),(0.,
0.0003),.UNSPECIFIED.);
#354=B_SPLINE_SURFACE_WITH_KNOTS('',3,1,((#7782,#7783),(#7784,#7785),(#7786,
#7787),(#7788,#7789)),.UNSPECIFIED.,.F.,.F.,.F.,(4,4),(2,2),(0.,1.),(0.,
0.0003),.UNSPECIFIED.);
#355=B_SPLINE_SURFACE_WITH_KNOTS('',3,1,((#7801,#7802),(#7803,#7804),(#7805,
#7806),(#7807,#7808)),.UNSPECIFIED.,.F.,.F.,.F.,(4,4),(2,2),(0.,1.),(0.,
0.0003),.UNSPECIFIED.);
#356=B_SPLINE_SURFACE_WITH_KNOTS('',3,1,((#7847,#7848),(#7849,#7850),(#7851,
#7852),(#7853,#7854)),.UNSPECIFIED.,.F.,.F.,.F.,(4,4),(2,2),(0.,1.),(0.,
0.0003),.UNSPECIFIED.);
#357=B_SPLINE_SURFACE_WITH_KNOTS('',3,1,((#7900,#7901),(#7902,#7903),(#7904,
#7905),(#7906,#7907)),.UNSPECIFIED.,.F.,.F.,.F.,(4,4),(2,2),(0.,1.),(0.,
0.0003),.UNSPECIFIED.);
#358=B_SPLINE_SURFACE_WITH_KNOTS('',3,1,((#8006,#8007),(#8008,#8009),(#8010,
#8011),(#8012,#8013)),.UNSPECIFIED.,.F.,.F.,.F.,(4,4),(2,2),(0.,1.),(0.,
0.0003),.UNSPECIFIED.);
#359=B_SPLINE_SURFACE_WITH_KNOTS('',3,1,((#8061,#8062),(#8063,#8064),(#8065,
#8066),(#8067,#8068)),.UNSPECIFIED.,.F.,.F.,.F.,(4,4),(2,2),(0.,1.),(0.,
0.0003),.UNSPECIFIED.);
#360=B_SPLINE_SURFACE_WITH_KNOTS('',3,1,((#8080,#8081),(#8082,#8083),(#8084,
#8085),(#8086,#8087)),.UNSPECIFIED.,.F.,.F.,.F.,(4,4),(2,2),(0.,1.),(0.,
0.0003),.UNSPECIFIED.);
#361=B_SPLINE_SURFACE_WITH_KNOTS('',3,1,((#8105,#8106),(#8107,#8108),(#8109,
#8110),(#8111,#8112)),.UNSPECIFIED.,.F.,.F.,.F.,(4,4),(2,2),(0.,1.),(0.,
0.0003),.UNSPECIFIED.);
#362=B_SPLINE_SURFACE_WITH_KNOTS('',3,1,((#8141,#8142),(#8143,#8144),(#8145,
#8146),(#8147,#8148)),.UNSPECIFIED.,.F.,.F.,.F.,(4,4),(2,2),(0.,1.),(0.,
0.0003),.UNSPECIFIED.);
#363=B_SPLINE_SURFACE_WITH_KNOTS('',3,1,((#8236,#8237),(#8238,#8239),(#8240,
#8241),(#8242,#8243)),.UNSPECIFIED.,.F.,.F.,.F.,(4,4),(2,2),(0.,1.),(0.,
0.0003),.UNSPECIFIED.);
#364=B_SPLINE_SURFACE_WITH_KNOTS('',3,1,((#8255,#8256),(#8257,#8258),(#8259,
#8260),(#8261,#8262)),.UNSPECIFIED.,.F.,.F.,.F.,(4,4),(2,2),(0.,1.),(0.,
0.0003),.UNSPECIFIED.);
#365=B_SPLINE_SURFACE_WITH_KNOTS('',3,1,((#8301,#8302),(#8303,#8304),(#8305,
#8306),(#8307,#8308)),.UNSPECIFIED.,.F.,.F.,.F.,(4,4),(2,2),(0.,1.),(0.,
0.0003),.UNSPECIFIED.);
#366=B_SPLINE_SURFACE_WITH_KNOTS('',3,1,((#8353,#8354),(#8355,#8356),(#8357,
#8358),(#8359,#8360)),.UNSPECIFIED.,.F.,.F.,.F.,(4,4),(2,2),(0.,1.),(0.,
0.0003),.UNSPECIFIED.);
#367=B_SPLINE_SURFACE_WITH_KNOTS('',3,1,((#8404,#8405),(#8406,#8407),(#8408,
#8409),(#8410,#8411)),.UNSPECIFIED.,.F.,.F.,.F.,(4,4),(2,2),(0.,1.),(0.,
0.0003),.UNSPECIFIED.);
#368=B_SPLINE_SURFACE_WITH_KNOTS('',3,1,((#8452,#8453),(#8454,#8455),(#8456,
#8457),(#8458,#8459)),.UNSPECIFIED.,.F.,.F.,.F.,(4,4),(2,2),(0.,1.),(0.,
0.0003),.UNSPECIFIED.);
#369=B_SPLINE_SURFACE_WITH_KNOTS('',3,1,((#8471,#8472),(#8473,#8474),(#8475,
#8476),(#8477,#8478)),.UNSPECIFIED.,.F.,.F.,.F.,(4,4),(2,2),(0.,1.),(0.,
0.0003),.UNSPECIFIED.);
#370=B_SPLINE_SURFACE_WITH_KNOTS('',3,1,((#8513,#8514),(#8515,#8516),(#8517,
#8518),(#8519,#8520)),.UNSPECIFIED.,.F.,.F.,.F.,(4,4),(2,2),(0.,1.),(0.,
0.0003),.UNSPECIFIED.);
#371=SHAPE_REPRESENTATION_RELATIONSHIP('SRR','None',#8577,#374);
#372=SHAPE_REPRESENTATION_RELATIONSHIP('SRR','None',#8578,#375);
#373=SHAPE_REPRESENTATION_RELATIONSHIP('SRR','None',#8579,#376);
#374=ADVANCED_BREP_SHAPE_REPRESENTATION('',(#381,#382),#8557);
#375=ADVANCED_BREP_SHAPE_REPRESENTATION('',(#383),#8558);
#376=ADVANCED_BREP_SHAPE_REPRESENTATION('',(#384),#8559);
#377=STYLED_ITEM('',(#4596),#381);
#378=STYLED_ITEM('',(#4596),#382);
#379=STYLED_ITEM('',(#4597),#383);
#380=STYLED_ITEM('',(#4598),#384);
#381=MANIFOLD_SOLID_BREP('Solid1',#4557);
#382=MANIFOLD_SOLID_BREP('Solid1',#4558);
#383=MANIFOLD_SOLID_BREP('Solid1',#4559);
#384=MANIFOLD_SOLID_BREP('Solid2',#4560);
#385=PLANE('',#4685);
#386=PLANE('',#4686);
#387=PLANE('',#4687);
#388=PLANE('',#4688);
#389=PLANE('',#4689);
#390=PLANE('',#4690);
#391=PLANE('',#4719);
#392=PLANE('',#4720);
#393=PLANE('',#4721);
#394=PLANE('',#4722);
#395=PLANE('',#4723);
#396=PLANE('',#4724);
#397=PLANE('',#4726);
#398=PLANE('',#4733);
#399=PLANE('',#4736);
#400=PLANE('',#4739);
#401=PLANE('',#4742);
#402=PLANE('',#4743);
#403=PLANE('',#4745);
#404=PLANE('',#4746);
#405=PLANE('',#4747);
#406=PLANE('',#4750);
#407=PLANE('',#4753);
#408=PLANE('',#4757);
#409=PLANE('',#4760);
#410=PLANE('',#4765);
#411=PLANE('',#4768);
#412=PLANE('',#4771);
#413=PLANE('',#4774);
#414=PLANE('',#4777);
#415=PLANE('',#4780);
#416=PLANE('',#4783);
#417=PLANE('',#4790);
#418=PLANE('',#4797);
#419=PLANE('',#4804);
#420=PLANE('',#4807);
#421=PLANE('',#4810);
#422=PLANE('',#4813);
#423=PLANE('',#4816);
#424=PLANE('',#4819);
#425=PLANE('',#4820);
#426=PLANE('',#4821);
#427=PLANE('',#4824);
#428=PLANE('',#4827);
#429=PLANE('',#4831);
#430=PLANE('',#4836);
#431=PLANE('',#4839);
#432=PLANE('',#4842);
#433=PLANE('',#4845);
#434=PLANE('',#4848);
#435=PLANE('',#4849);
#436=PLANE('',#4850);
#437=PLANE('',#4858);
#438=PLANE('',#4859);
#439=PLANE('',#4862);
#440=PLANE('',#4868);
#441=PLANE('',#4869);
#442=PLANE('',#4872);
#443=PLANE('',#4875);
#444=PLANE('',#4884);
#445=PLANE('',#4887);
#446=PLANE('',#4891);
#447=PLANE('',#4894);
#448=PLANE('',#4897);
#449=PLANE('',#4903);
#450=PLANE('',#4908);
#451=PLANE('',#4911);
#452=PLANE('',#4914);
#453=PLANE('',#4922);
#454=PLANE('',#4927);
#455=PLANE('',#4930);
#456=PLANE('',#4933);
#457=PLANE('',#4936);
#458=PLANE('',#4939);
#459=PLANE('',#4942);
#460=PLANE('',#4945);
#461=PLANE('',#4946);
#462=PLANE('',#4954);
#463=PLANE('',#4955);
#464=PLANE('',#4959);
#465=PLANE('',#4966);
#466=PLANE('',#4967);
#467=PLANE('',#4970);
#468=PLANE('',#4971);
#469=PLANE('',#4974);
#470=PLANE('',#4983);
#471=PLANE('',#4984);
#472=LINE('',#6058,#856);
#473=LINE('',#6059,#857);
#474=LINE('',#6061,#858);
#475=LINE('',#6062,#859);
#476=LINE('',#6071,#860);
#477=LINE('',#6072,#861);
#478=LINE('',#6077,#862);
#479=LINE('',#6078,#863);
#480=LINE('',#6087,#864);
#481=LINE('',#6088,#865);
#482=LINE('',#6090,#866);
#483=LINE('',#6091,#867);
#484=LINE('',#6096,#868);
#485=LINE('',#6097,#869);
#486=LINE('',#6102,#870);
#487=LINE('',#6103,#871);
#488=LINE('',#6105,#872);
#489=LINE('',#6107,#873);
#490=LINE('',#6110,#874);
#491=LINE('',#6111,#875);
#492=LINE('',#6143,#876);
#493=LINE('',#6144,#877);
#494=LINE('',#6149,#878);
#495=LINE('',#6150,#879);
#496=LINE('',#6152,#880);
#497=LINE('',#6153,#881);
#498=LINE('',#6158,#882);
#499=LINE('',#6159,#883);
#500=LINE('',#6161,#884);
#501=LINE('',#6162,#885);
#502=LINE('',#6164,#886);
#503=LINE('',#6165,#887);
#504=LINE('',#6170,#888);
#505=LINE('',#6171,#889);
#506=LINE('',#6176,#890);
#507=LINE('',#6177,#891);
#508=LINE('',#6179,#892);
#509=LINE('',#6181,#893);
#510=LINE('',#6182,#894);
#511=LINE('',#6183,#895);
#512=LINE('',#6192,#896);
#513=LINE('',#6196,#897);
#514=LINE('',#6200,#898);
#515=LINE('',#6204,#899);
#516=LINE('',#6208,#900);
#517=LINE('',#6211,#901);
#518=LINE('',#6214,#902);
#519=LINE('',#6215,#903);
#520=LINE('',#6219,#904);
#521=LINE('',#6222,#905);
#522=LINE('',#6223,#906);
#523=LINE('',#6227,#907);
#524=LINE('',#6230,#908);
#525=LINE('',#6231,#909);
#526=LINE('',#6235,#910);
#527=LINE('',#6237,#911);
#528=LINE('',#6243,#912);
#529=LINE('',#6245,#913);
#530=LINE('',#6247,#914);
#531=LINE('',#6248,#915);
#532=LINE('',#6251,#916);
#533=LINE('',#6253,#917);
#534=LINE('',#6254,#918);
#535=LINE('',#6273,#919);
#536=LINE('',#6276,#920);
#537=LINE('',#6278,#921);
#538=LINE('',#6279,#922);
#539=LINE('',#6290,#923);
#540=LINE('',#6293,#924);
#541=LINE('',#6295,#925);
#542=LINE('',#6296,#926);
#543=LINE('',#6315,#927);
#544=LINE('',#6326,#928);
#545=LINE('',#6329,#929);
#546=LINE('',#6331,#930);
#547=LINE('',#6332,#931);
#548=LINE('',#6339,#932);
#549=LINE('',#6341,#933);
#550=LINE('',#6343,#934);
#551=LINE('',#6344,#935);
#552=LINE('',#6359,#936);
#553=LINE('',#6362,#937);
#554=LINE('',#6364,#938);
#555=LINE('',#6365,#939);
#556=LINE('',#6376,#940);
#557=LINE('',#6387,#941);
#558=LINE('',#6390,#942);
#559=LINE('',#6392,#943);
#560=LINE('',#6393,#944);
#561=LINE('',#6408,#945);
#562=LINE('',#6411,#946);
#563=LINE('',#6413,#947);
#564=LINE('',#6414,#948);
#565=LINE('',#6426,#949);
#566=LINE('',#6428,#950);
#567=LINE('',#6430,#951);
#568=LINE('',#6431,#952);
#569=LINE('',#6450,#953);
#570=LINE('',#6465,#954);
#571=LINE('',#6468,#955);
#572=LINE('',#6470,#956);
#573=LINE('',#6471,#957);
#574=LINE('',#6482,#958);
#575=LINE('',#6485,#959);
#576=LINE('',#6487,#960);
#577=LINE('',#6488,#961);
#578=LINE('',#6507,#962);
#579=LINE('',#6518,#963);
#580=LINE('',#6521,#964);
#581=LINE('',#6523,#965);
#582=LINE('',#6524,#966);
#583=LINE('',#6536,#967);
#584=LINE('',#6538,#968);
#585=LINE('',#6540,#969);
#586=LINE('',#6541,#970);
#587=LINE('',#6552,#971);
#588=LINE('',#6563,#972);
#589=LINE('',#6582,#973);
#590=LINE('',#6593,#974);
#591=LINE('',#6596,#975);
#592=LINE('',#6598,#976);
#593=LINE('',#6599,#977);
#594=LINE('',#6610,#978);
#595=LINE('',#6621,#979);
#596=LINE('',#6632,#980);
#597=LINE('',#6651,#981);
#598=LINE('',#6654,#982);
#599=LINE('',#6656,#983);
#600=LINE('',#6657,#984);
#601=LINE('',#6668,#985);
#602=LINE('',#6679,#986);
#603=LINE('',#6690,#987);
#604=LINE('',#6709,#988);
#605=LINE('',#6712,#989);
#606=LINE('',#6714,#990);
#607=LINE('',#6715,#991);
#608=LINE('',#6726,#992);
#609=LINE('',#6745,#993);
#610=LINE('',#6764,#994);
#611=LINE('',#6767,#995);
#612=LINE('',#6769,#996);
#613=LINE('',#6770,#997);
#614=LINE('',#6789,#998);
#615=LINE('',#6804,#999);
#616=LINE('',#6807,#1000);
#617=LINE('',#6809,#1001);
#618=LINE('',#6810,#1002);
#619=LINE('',#6825,#1003);
#620=LINE('',#6888,#1004);
#621=LINE('',#6907,#1005);
#622=LINE('',#6910,#1006);
#623=LINE('',#6912,#1007);
#624=LINE('',#6913,#1008);
#625=LINE('',#6932,#1009);
#626=LINE('',#6951,#1010);
#627=LINE('',#6970,#1011);
#628=LINE('',#6981,#1012);
#629=LINE('',#7000,#1013);
#630=LINE('',#7019,#1014);
#631=LINE('',#7022,#1015);
#632=LINE('',#7024,#1016);
#633=LINE('',#7025,#1017);
#634=LINE('',#7040,#1018);
#635=LINE('',#7059,#1019);
#636=LINE('',#7062,#1020);
#637=LINE('',#7064,#1021);
#638=LINE('',#7065,#1022);
#639=LINE('',#7068,#1023);
#640=LINE('',#7070,#1024);
#641=LINE('',#7071,#1025);
#642=LINE('',#7074,#1026);
#643=LINE('',#7076,#1027);
#644=LINE('',#7077,#1028);
#645=LINE('',#7096,#1029);
#646=LINE('',#7107,#1030);
#647=LINE('',#7110,#1031);
#648=LINE('',#7112,#1032);
#649=LINE('',#7113,#1033);
#650=LINE('',#7124,#1034);
#651=LINE('',#7127,#1035);
#652=LINE('',#7129,#1036);
#653=LINE('',#7130,#1037);
#654=LINE('',#7136,#1038);
#655=LINE('',#7139,#1039);
#656=LINE('',#7141,#1040);
#657=LINE('',#7142,#1041);
#658=LINE('',#7157,#1042);
#659=LINE('',#7176,#1043);
#660=LINE('',#7191,#1044);
#661=LINE('',#7194,#1045);
#662=LINE('',#7196,#1046);
#663=LINE('',#7197,#1047);
#664=LINE('',#7208,#1048);
#665=LINE('',#7211,#1049);
#666=LINE('',#7213,#1050);
#667=LINE('',#7214,#1051);
#668=LINE('',#7233,#1052);
#669=LINE('',#7248,#1053);
#670=LINE('',#7251,#1054);
#671=LINE('',#7253,#1055);
#672=LINE('',#7254,#1056);
#673=LINE('',#7269,#1057);
#674=LINE('',#7272,#1058);
#675=LINE('',#7274,#1059);
#676=LINE('',#7275,#1060);
#677=LINE('',#7286,#1061);
#678=LINE('',#7289,#1062);
#679=LINE('',#7291,#1063);
#680=LINE('',#7292,#1064);
#681=LINE('',#7295,#1065);
#682=LINE('',#7297,#1066);
#683=LINE('',#7298,#1067);
#684=LINE('',#7301,#1068);
#685=LINE('',#7303,#1069);
#686=LINE('',#7304,#1070);
#687=LINE('',#7323,#1071);
#688=LINE('',#7329,#1072);
#689=LINE('',#7340,#1073);
#690=LINE('',#7351,#1074);
#691=LINE('',#7370,#1075);
#692=LINE('',#7389,#1076);
#693=LINE('',#7408,#1077);
#694=LINE('',#7411,#1078);
#695=LINE('',#7413,#1079);
#696=LINE('',#7414,#1080);
#697=LINE('',#7417,#1081);
#698=LINE('',#7419,#1082);
#699=LINE('',#7420,#1083);
#700=LINE('',#7435,#1084);
#701=LINE('',#7438,#1085);
#702=LINE('',#7440,#1086);
#703=LINE('',#7441,#1087);
#704=LINE('',#7452,#1088);
#705=LINE('',#7471,#1089);
#706=LINE('',#7477,#1090);
#707=LINE('',#7480,#1091);
#708=LINE('',#7482,#1092);
#709=LINE('',#7483,#1093);
#710=LINE('',#7486,#1094);
#711=LINE('',#7488,#1095);
#712=LINE('',#7489,#1096);
#713=LINE('',#7504,#1097);
#714=LINE('',#7523,#1098);
#715=LINE('',#7526,#1099);
#716=LINE('',#7528,#1100);
#717=LINE('',#7529,#1101);
#718=LINE('',#7548,#1102);
#719=LINE('',#7563,#1103);
#720=LINE('',#7566,#1104);
#721=LINE('',#7568,#1105);
#722=LINE('',#7569,#1106);
#723=LINE('',#7580,#1107);
#724=LINE('',#7586,#1108);
#725=LINE('',#7653,#1109);
#726=LINE('',#7672,#1110);
#727=LINE('',#7691,#1111);
#728=LINE('',#7697,#1112);
#729=LINE('',#7700,#1113);
#730=LINE('',#7702,#1114);
#731=LINE('',#7703,#1115);
#732=LINE('',#7714,#1116);
#733=LINE('',#7717,#1117);
#734=LINE('',#7719,#1118);
#735=LINE('',#7720,#1119);
#736=LINE('',#7726,#1120);
#737=LINE('',#7729,#1121);
#738=LINE('',#7731,#1122);
#739=LINE('',#7732,#1123);
#740=LINE('',#7743,#1124);
#741=LINE('',#7746,#1125);
#742=LINE('',#7748,#1126);
#743=LINE('',#7749,#1127);
#744=LINE('',#7760,#1128);
#745=LINE('',#7763,#1129);
#746=LINE('',#7765,#1130);
#747=LINE('',#7766,#1131);
#748=LINE('',#7781,#1132);
#749=LINE('',#7800,#1133);
#750=LINE('',#7819,#1134);
#751=LINE('',#7825,#1135);
#752=LINE('',#7828,#1136);
#753=LINE('',#7830,#1137);
#754=LINE('',#7831,#1138);
#755=LINE('',#7846,#1139);
#756=LINE('',#7865,#1140);
#757=LINE('',#7876,#1141);
#758=LINE('',#7879,#1142);
#759=LINE('',#7881,#1143);
#760=LINE('',#7882,#1144);
#761=LINE('',#7893,#1145);
#762=LINE('',#7896,#1146);
#763=LINE('',#7898,#1147);
#764=LINE('',#7899,#1148);
#765=LINE('',#7918,#1149);
#766=LINE('',#7929,#1150);
#767=LINE('',#7932,#1151);
#768=LINE('',#7934,#1152);
#769=LINE('',#7935,#1153);
#770=LINE('',#7950,#1154);
#771=LINE('',#7961,#1155);
#772=LINE('',#7967,#1156);
#773=LINE('',#7970,#1157);
#774=LINE('',#7972,#1158);
#775=LINE('',#7973,#1159);
#776=LINE('',#7988,#1160);
#777=LINE('',#7999,#1161);
#778=LINE('',#8002,#1162);
#779=LINE('',#8004,#1163);
#780=LINE('',#8005,#1164);
#781=LINE('',#8024,#1165);
#782=LINE('',#8039,#1166);
#783=LINE('',#8042,#1167);
#784=LINE('',#8044,#1168);
#785=LINE('',#8045,#1169);
#786=LINE('',#8060,#1170);
#787=LINE('',#8079,#1171);
#788=LINE('',#8098,#1172);
#789=LINE('',#8101,#1173);
#790=LINE('',#8103,#1174);
#791=LINE('',#8104,#1175);
#792=LINE('',#8123,#1176);
#793=LINE('',#8134,#1177);
#794=LINE('',#8137,#1178);
#795=LINE('',#8139,#1179);
#796=LINE('',#8140,#1180);
#797=LINE('',#8159,#1181);
#798=LINE('',#8174,#1182);
#799=LINE('',#8177,#1183);
#800=LINE('',#8179,#1184);
#801=LINE('',#8180,#1185);
#802=LINE('',#8191,#1186);
#803=LINE('',#8194,#1187);
#804=LINE('',#8196,#1188);
#805=LINE('',#8197,#1189);
#806=LINE('',#8208,#1190);
#807=LINE('',#8211,#1191);
#808=LINE('',#8213,#1192);
#809=LINE('',#8214,#1193);
#810=LINE('',#8217,#1194);
#811=LINE('',#8219,#1195);
#812=LINE('',#8220,#1196);
#813=LINE('',#8235,#1197);
#814=LINE('',#8254,#1198);
#815=LINE('',#8273,#1199);
#816=LINE('',#8288,#1200);
#817=LINE('',#8294,#1201);
#818=LINE('',#8297,#1202);
#819=LINE('',#8299,#1203);
#820=LINE('',#8300,#1204);
#821=LINE('',#8319,#1205);
#822=LINE('',#8322,#1206);
#823=LINE('',#8324,#1207);
#824=LINE('',#8325,#1208);
#825=LINE('',#8331,#1209);
#826=LINE('',#8334,#1210);
#827=LINE('',#8336,#1211);
#828=LINE('',#8337,#1212);
#829=LINE('',#8352,#1213);
#830=LINE('',#8371,#1214);
#831=LINE('',#8386,#1215);
#832=LINE('',#8397,#1216);
#833=LINE('',#8400,#1217);
#834=LINE('',#8402,#1218);
#835=LINE('',#8403,#1219);
#836=LINE('',#8422,#1220);
#837=LINE('',#8425,#1221);
#838=LINE('',#8427,#1222);
#839=LINE('',#8428,#1223);
#840=LINE('',#8439,#1224);
#841=LINE('',#8442,#1225);
#842=LINE('',#8444,#1226);
#843=LINE('',#8445,#1227);
#844=LINE('',#8448,#1228);
#845=LINE('',#8450,#1229);
#846=LINE('',#8451,#1230);
#847=LINE('',#8470,#1231);
#848=LINE('',#8489,#1232);
#849=LINE('',#8500,#1233);
#850=LINE('',#8503,#1234);
#851=LINE('',#8505,#1235);
#852=LINE('',#8506,#1236);
#853=LINE('',#8512,#1237);
#854=LINE('',#8531,#1238);
#855=LINE('',#8542,#1239);
#856=VECTOR('',#5012,10.);
#857=VECTOR('',#5013,10.);
#858=VECTOR('',#5016,10.);
#859=VECTOR('',#5017,10.);
#860=VECTOR('',#5028,10.);
#861=VECTOR('',#5029,10.);
#862=VECTOR('',#5034,10.);
#863=VECTOR('',#5035,10.);
#864=VECTOR('',#5046,10.);
#865=VECTOR('',#5047,10.);
#866=VECTOR('',#5050,10.);
#867=VECTOR('',#5051,10.);
#868=VECTOR('',#5056,10.);
#869=VECTOR('',#5057,10.);
#870=VECTOR('',#5062,10.);
#871=VECTOR('',#5063,10.);
#872=VECTOR('',#5066,10.);
#873=VECTOR('',#5069,10.);
#874=VECTOR('',#5074,10.);
#875=VECTOR('',#5075,10.);
#876=VECTOR('',#5114,10.);
#877=VECTOR('',#5115,10.);
#878=VECTOR('',#5120,10.);
#879=VECTOR('',#5121,10.);
#880=VECTOR('',#5124,10.);
#881=VECTOR('',#5125,10.);
#882=VECTOR('',#5130,10.);
#883=VECTOR('',#5131,10.);
#884=VECTOR('',#5134,10.);
#885=VECTOR('',#5135,10.);
#886=VECTOR('',#5138,10.);
#887=VECTOR('',#5139,10.);
#888=VECTOR('',#5144,10.);
#889=VECTOR('',#5145,10.);
#890=VECTOR('',#5150,10.);
#891=VECTOR('',#5151,10.);
#892=VECTOR('',#5154,10.);
#893=VECTOR('',#5157,10.);
#894=VECTOR('',#5158,10.);
#895=VECTOR('',#5159,10.);
#896=VECTOR('',#5172,10.);
#897=VECTOR('',#5175,10.);
#898=VECTOR('',#5178,10.);
#899=VECTOR('',#5181,10.);
#900=VECTOR('',#5186,10.);
#901=VECTOR('',#5189,10.);
#902=VECTOR('',#5192,10.);
#903=VECTOR('',#5193,10.);
#904=VECTOR('',#5198,10.);
#905=VECTOR('',#5201,10.);
#906=VECTOR('',#5202,10.);
#907=VECTOR('',#5207,10.);
#908=VECTOR('',#5210,10.);
#909=VECTOR('',#5211,10.);
#910=VECTOR('',#5216,10.);
#911=VECTOR('',#5219,10.);
#912=VECTOR('',#5226,10.);
#913=VECTOR('',#5227,10.);
#914=VECTOR('',#5228,10.);
#915=VECTOR('',#5229,10.);
#916=VECTOR('',#5232,10.);
#917=VECTOR('',#5233,10.);
#918=VECTOR('',#5234,10.);
#919=VECTOR('',#5235,10.);
#920=VECTOR('',#5238,10.);
#921=VECTOR('',#5239,10.);
#922=VECTOR('',#5240,10.);
#923=VECTOR('',#5245,10.);
#924=VECTOR('',#5248,10.);
#925=VECTOR('',#5249,10.);
#926=VECTOR('',#5250,10.);
#927=VECTOR('',#5251,10.);
#928=VECTOR('',#5256,10.);
#929=VECTOR('',#5259,10.);
#930=VECTOR('',#5260,10.);
#931=VECTOR('',#5261,10.);
#932=VECTOR('',#5270,10.);
#933=VECTOR('',#5271,10.);
#934=VECTOR('',#5272,10.);
#935=VECTOR('',#5273,10.);
#936=VECTOR('',#5278,10.);
#937=VECTOR('',#5281,10.);
#938=VECTOR('',#5282,10.);
#939=VECTOR('',#5283,10.);
#940=VECTOR('',#5288,10.);
#941=VECTOR('',#5293,10.);
#942=VECTOR('',#5296,10.);
#943=VECTOR('',#5297,10.);
#944=VECTOR('',#5298,10.);
#945=VECTOR('',#5303,10.);
#946=VECTOR('',#5306,10.);
#947=VECTOR('',#5307,10.);
#948=VECTOR('',#5308,10.);
#949=VECTOR('',#5315,10.);
#950=VECTOR('',#5316,10.);
#951=VECTOR('',#5317,10.);
#952=VECTOR('',#5318,10.);
#953=VECTOR('',#5319,10.);
#954=VECTOR('',#5324,10.);
#955=VECTOR('',#5327,10.);
#956=VECTOR('',#5328,10.);
#957=VECTOR('',#5329,10.);
#958=VECTOR('',#5334,10.);
#959=VECTOR('',#5337,10.);
#960=VECTOR('',#5338,10.);
#961=VECTOR('',#5339,10.);
#962=VECTOR('',#5340,10.);
#963=VECTOR('',#5345,10.);
#964=VECTOR('',#5348,10.);
#965=VECTOR('',#5349,10.);
#966=VECTOR('',#5350,10.);
#967=VECTOR('',#5357,10.);
#968=VECTOR('',#5358,10.);
#969=VECTOR('',#5359,10.);
#970=VECTOR('',#5360,10.);
#971=VECTOR('',#5365,10.);
#972=VECTOR('',#5370,10.);
#973=VECTOR('',#5371,10.);
#974=VECTOR('',#5376,10.);
#975=VECTOR('',#5379,10.);
#976=VECTOR('',#5380,10.);
#977=VECTOR('',#5381,10.);
#978=VECTOR('',#5386,10.);
#979=VECTOR('',#5391,10.);
#980=VECTOR('',#5396,10.);
#981=VECTOR('',#5397,10.);
#982=VECTOR('',#5400,10.);
#983=VECTOR('',#5401,10.);
#984=VECTOR('',#5402,10.);
#985=VECTOR('',#5407,10.);
#986=VECTOR('',#5412,10.);
#987=VECTOR('',#5417,10.);
#988=VECTOR('',#5418,10.);
#989=VECTOR('',#5421,10.);
#990=VECTOR('',#5422,10.);
#991=VECTOR('',#5423,10.);
#992=VECTOR('',#5428,10.);
#993=VECTOR('',#5429,10.);
#994=VECTOR('',#5430,10.);
#995=VECTOR('',#5433,10.);
#996=VECTOR('',#5434,10.);
#997=VECTOR('',#5435,10.);
#998=VECTOR('',#5436,10.);
#999=VECTOR('',#5441,10.);
#1000=VECTOR('',#5444,10.);
#1001=VECTOR('',#5445,10.);
#1002=VECTOR('',#5446,10.);
#1003=VECTOR('',#5451,10.);
#1004=VECTOR('',#5452,10.);
#1005=VECTOR('',#5453,10.);
#1006=VECTOR('',#5456,10.);
#1007=VECTOR('',#5457,10.);
#1008=VECTOR('',#5458,10.);
#1009=VECTOR('',#5459,10.);
#1010=VECTOR('',#5460,10.);
#1011=VECTOR('',#5461,10.);
#1012=VECTOR('',#5466,10.);
#1013=VECTOR('',#5467,10.);
#1014=VECTOR('',#5468,10.);
#1015=VECTOR('',#5471,10.);
#1016=VECTOR('',#5472,10.);
#1017=VECTOR('',#5473,10.);
#1018=VECTOR('',#5478,10.);
#1019=VECTOR('',#5479,10.);
#1020=VECTOR('',#5482,10.);
#1021=VECTOR('',#5483,10.);
#1022=VECTOR('',#5484,10.);
#1023=VECTOR('',#5487,10.);
#1024=VECTOR('',#5488,10.);
#1025=VECTOR('',#5489,10.);
#1026=VECTOR('',#5492,10.);
#1027=VECTOR('',#5493,10.);
#1028=VECTOR('',#5494,10.);
#1029=VECTOR('',#5495,10.);
#1030=VECTOR('',#5500,10.);
#1031=VECTOR('',#5503,10.);
#1032=VECTOR('',#5504,10.);
#1033=VECTOR('',#5505,10.);
#1034=VECTOR('',#5510,10.);
#1035=VECTOR('',#5513,10.);
#1036=VECTOR('',#5514,10.);
#1037=VECTOR('',#5515,10.);
#1038=VECTOR('',#5522,10.);
#1039=VECTOR('',#5525,10.);
#1040=VECTOR('',#5526,10.);
#1041=VECTOR('',#5527,10.);
#1042=VECTOR('',#5532,10.);
#1043=VECTOR('',#5533,10.);
#1044=VECTOR('',#5538,10.);
#1045=VECTOR('',#5541,10.);
#1046=VECTOR('',#5542,10.);
#1047=VECTOR('',#5543,10.);
#1048=VECTOR('',#5548,10.);
#1049=VECTOR('',#5551,10.);
#1050=VECTOR('',#5552,10.);
#1051=VECTOR('',#5553,10.);
#1052=VECTOR('',#5554,10.);
#1053=VECTOR('',#5559,10.);
#1054=VECTOR('',#5562,10.);
#1055=VECTOR('',#5563,10.);
#1056=VECTOR('',#5564,10.);
#1057=VECTOR('',#5569,10.);
#1058=VECTOR('',#5572,10.);
#1059=VECTOR('',#5573,10.);
#1060=VECTOR('',#5574,10.);
#1061=VECTOR('',#5579,10.);
#1062=VECTOR('',#5582,10.);
#1063=VECTOR('',#5583,10.);
#1064=VECTOR('',#5584,10.);
#1065=VECTOR('',#5587,10.);
#1066=VECTOR('',#5588,10.);
#1067=VECTOR('',#5589,10.);
#1068=VECTOR('',#5592,10.);
#1069=VECTOR('',#5593,10.);
#1070=VECTOR('',#5594,10.);
#1071=VECTOR('',#5595,10.);
#1072=VECTOR('',#5602,10.);
#1073=VECTOR('',#5607,10.);
#1074=VECTOR('',#5612,10.);
#1075=VECTOR('',#5613,10.);
#1076=VECTOR('',#5614,10.);
#1077=VECTOR('',#5615,10.);
#1078=VECTOR('',#5618,10.);
#1079=VECTOR('',#5619,10.);
#1080=VECTOR('',#5620,10.);
#1081=VECTOR('',#5623,10.);
#1082=VECTOR('',#5624,10.);
#1083=VECTOR('',#5625,10.);
#1084=VECTOR('',#5630,10.);
#1085=VECTOR('',#5633,10.);
#1086=VECTOR('',#5634,10.);
#1087=VECTOR('',#5635,10.);
#1088=VECTOR('',#5640,10.);
#1089=VECTOR('',#5641,10.);
#1090=VECTOR('',#5648,10.);
#1091=VECTOR('',#5651,10.);
#1092=VECTOR('',#5652,10.);
#1093=VECTOR('',#5653,10.);
#1094=VECTOR('',#5656,10.);
#1095=VECTOR('',#5657,10.);
#1096=VECTOR('',#5658,10.);
#1097=VECTOR('',#5663,10.);
#1098=VECTOR('',#5664,10.);
#1099=VECTOR('',#5667,10.);
#1100=VECTOR('',#5668,10.);
#1101=VECTOR('',#5669,10.);
#1102=VECTOR('',#5670,10.);
#1103=VECTOR('',#5675,10.);
#1104=VECTOR('',#5678,10.);
#1105=VECTOR('',#5679,10.);
#1106=VECTOR('',#5680,10.);
#1107=VECTOR('',#5685,10.);
#1108=VECTOR('',#5692,10.);
#1109=VECTOR('',#5693,10.);
#1110=VECTOR('',#5694,10.);
#1111=VECTOR('',#5695,10.);
#1112=VECTOR('',#5702,10.);
#1113=VECTOR('',#5705,10.);
#1114=VECTOR('',#5706,10.);
#1115=VECTOR('',#5707,10.);
#1116=VECTOR('',#5712,10.);
#1117=VECTOR('',#5715,10.);
#1118=VECTOR('',#5716,10.);
#1119=VECTOR('',#5717,10.);
#1120=VECTOR('',#5724,10.);
#1121=VECTOR('',#5727,10.);
#1122=VECTOR('',#5728,10.);
#1123=VECTOR('',#5729,10.);
#1124=VECTOR('',#5734,10.);
#1125=VECTOR('',#5737,10.);
#1126=VECTOR('',#5738,10.);
#1127=VECTOR('',#5739,10.);
#1128=VECTOR('',#5744,10.);
#1129=VECTOR('',#5747,10.);
#1130=VECTOR('',#5748,10.);
#1131=VECTOR('',#5749,10.);
#1132=VECTOR('',#5754,10.);
#1133=VECTOR('',#5755,10.);
#1134=VECTOR('',#5756,10.);
#1135=VECTOR('',#5763,10.);
#1136=VECTOR('',#5766,10.);
#1137=VECTOR('',#5767,10.);
#1138=VECTOR('',#5768,10.);
#1139=VECTOR('',#5773,10.);
#1140=VECTOR('',#5774,10.);
#1141=VECTOR('',#5779,10.);
#1142=VECTOR('',#5782,10.);
#1143=VECTOR('',#5783,10.);
#1144=VECTOR('',#5784,10.);
#1145=VECTOR('',#5789,10.);
#1146=VECTOR('',#5792,10.);
#1147=VECTOR('',#5793,10.);
#1148=VECTOR('',#5794,10.);
#1149=VECTOR('',#5795,10.);
#1150=VECTOR('',#5800,10.);
#1151=VECTOR('',#5803,10.);
#1152=VECTOR('',#5804,10.);
#1153=VECTOR('',#5805,10.);
#1154=VECTOR('',#5810,10.);
#1155=VECTOR('',#5815,10.);
#1156=VECTOR('',#5822,10.);
#1157=VECTOR('',#5825,10.);
#1158=VECTOR('',#5826,10.);
#1159=VECTOR('',#5827,10.);
#1160=VECTOR('',#5832,10.);
#1161=VECTOR('',#5837,10.);
#1162=VECTOR('',#5840,10.);
#1163=VECTOR('',#5841,10.);
#1164=VECTOR('',#5842,10.);
#1165=VECTOR('',#5843,10.);
#1166=VECTOR('',#5848,10.);
#1167=VECTOR('',#5851,10.);
#1168=VECTOR('',#5852,10.);
#1169=VECTOR('',#5853,10.);
#1170=VECTOR('',#5858,10.);
#1171=VECTOR('',#5859,10.);
#1172=VECTOR('',#5860,10.);
#1173=VECTOR('',#5863,10.);
#1174=VECTOR('',#5864,10.);
#1175=VECTOR('',#5865,10.);
#1176=VECTOR('',#5866,10.);
#1177=VECTOR('',#5871,10.);
#1178=VECTOR('',#5874,10.);
#1179=VECTOR('',#5875,10.);
#1180=VECTOR('',#5876,10.);
#1181=VECTOR('',#5877,10.);
#1182=VECTOR('',#5882,10.);
#1183=VECTOR('',#5885,10.);
#1184=VECTOR('',#5886,10.);
#1185=VECTOR('',#5887,10.);
#1186=VECTOR('',#5892,10.);
#1187=VECTOR('',#5895,10.);
#1188=VECTOR('',#5896,10.);
#1189=VECTOR('',#5897,10.);
#1190=VECTOR('',#5902,10.);
#1191=VECTOR('',#5905,10.);
#1192=VECTOR('',#5906,10.);
#1193=VECTOR('',#5907,10.);
#1194=VECTOR('',#5910,10.);
#1195=VECTOR('',#5911,10.);
#1196=VECTOR('',#5912,10.);
#1197=VECTOR('',#5917,10.);
#1198=VECTOR('',#5918,10.);
#1199=VECTOR('',#5919,10.);
#1200=VECTOR('',#5924,10.);
#1201=VECTOR('',#5931,10.);
#1202=VECTOR('',#5934,10.);
#1203=VECTOR('',#5935,10.);
#1204=VECTOR('',#5936,10.);
#1205=VECTOR('',#5937,10.);
#1206=VECTOR('',#5940,10.);
#1207=VECTOR('',#5941,10.);
#1208=VECTOR('',#5942,10.);
#1209=VECTOR('',#5949,10.);
#1210=VECTOR('',#5952,10.);
#1211=VECTOR('',#5953,10.);
#1212=VECTOR('',#5954,10.);
#1213=VECTOR('',#5959,10.);
#1214=VECTOR('',#5960,10.);
#1215=VECTOR('',#5965,10.);
#1216=VECTOR('',#5970,10.);
#1217=VECTOR('',#5973,10.);
#1218=VECTOR('',#5974,10.);
#1219=VECTOR('',#5975,10.);
#1220=VECTOR('',#5976,10.);
#1221=VECTOR('',#5979,10.);
#1222=VECTOR('',#5980,10.);
#1223=VECTOR('',#5981,10.);
#1224=VECTOR('',#5986,10.);
#1225=VECTOR('',#5989,10.);
#1226=VECTOR('',#5990,10.);
#1227=VECTOR('',#5991,10.);
#1228=VECTOR('',#5994,10.);
#1229=VECTOR('',#5995,10.);
#1230=VECTOR('',#5996,10.);
#1231=VECTOR('',#5997,10.);
#1232=VECTOR('',#5998,10.);
#1233=VECTOR('',#6003,10.);
#1234=VECTOR('',#6006,10.);
#1235=VECTOR('',#6007,10.);
#1236=VECTOR('',#6008,10.);
#1237=VECTOR('',#6015,10.);
#1238=VECTOR('',#6016,10.);
#1239=VECTOR('',#6021,10.);
#1240=CYLINDRICAL_SURFACE('',#4665,0.035);
#1241=CYLINDRICAL_SURFACE('',#4667,0.035);
#1242=CYLINDRICAL_SURFACE('',#4672,0.035);
#1243=CYLINDRICAL_SURFACE('',#4673,0.035);
#1244=CYLINDRICAL_SURFACE('',#4679,0.035);
#1245=CYLINDRICAL_SURFACE('',#4680,0.035);
#1246=CYLINDRICAL_SURFACE('',#4681,0.035);
#1247=CYLINDRICAL_SURFACE('',#4683,0.035);
#1248=CYLINDRICAL_SURFACE('',#4707,0.035);
#1249=CYLINDRICAL_SURFACE('',#4708,0.035);
#1250=CYLINDRICAL_SURFACE('',#4710,0.035);
#1251=CYLINDRICAL_SURFACE('',#4711,0.035);
#1252=CYLINDRICAL_SURFACE('',#4713,0.035);
#1253=CYLINDRICAL_SURFACE('',#4714,0.035);
#1254=CYLINDRICAL_SURFACE('',#4715,0.035);
#1255=CYLINDRICAL_SURFACE('',#4717,0.035);
#1256=CYLINDRICAL_SURFACE('',#4731,0.035);
#1257=CYLINDRICAL_SURFACE('',#4734,0.0349999999999999);
#1258=CYLINDRICAL_SURFACE('',#4737,0.035);
#1259=CYLINDRICAL_SURFACE('',#4740,0.0349999999999999);
#1260=CYLINDRICAL_SURFACE('',#4754,0.00492293398025435);
#1261=CYLINDRICAL_SURFACE('',#4828,0.00163154203855192);
#1262=CYLINDRICAL_SURFACE('',#4851,0.0212984813595263);
#1263=CYLINDRICAL_SURFACE('',#4865,0.0221951208137494);
#1264=CYLINDRICAL_SURFACE('',#4878,0.00160179904765646);
#1265=CYLINDRICAL_SURFACE('',#4881,0.00162376869424367);
#1266=CYLINDRICAL_SURFACE('',#4888,0.00164328788159688);
#1267=CYLINDRICAL_SURFACE('',#4900,0.00163903633097872);
#1268=CYLINDRICAL_SURFACE('',#4919,0.0221813092053102);
#1269=CYLINDRICAL_SURFACE('',#4951,0.00170442710518054);
#1270=CYLINDRICAL_SURFACE('',#4956,0.0016315357669476);
#1271=CYLINDRICAL_SURFACE('',#4975,0.00492388181366418);
#1272=CYLINDRICAL_SURFACE('',#4980,0.00159881444355086);
#1273=FACE_OUTER_BOUND('',#1515,.T.);
#1274=FACE_OUTER_BOUND('',#1516,.T.);
#1275=FACE_OUTER_BOUND('',#1517,.T.);
#1276=FACE_OUTER_BOUND('',#1518,.T.);
#1277=FACE_OUTER_BOUND('',#1519,.T.);
#1278=FACE_OUTER_BOUND('',#1520,.T.);
#1279=FACE_OUTER_BOUND('',#1521,.T.);
#1280=FACE_OUTER_BOUND('',#1522,.T.);
#1281=FACE_OUTER_BOUND('',#1523,.T.);
#1282=FACE_OUTER_BOUND('',#1524,.T.);
#1283=FACE_OUTER_BOUND('',#1525,.T.);
#1284=FACE_OUTER_BOUND('',#1526,.T.);
#1285=FACE_OUTER_BOUND('',#1527,.T.);
#1286=FACE_OUTER_BOUND('',#1528,.T.);
#1287=FACE_OUTER_BOUND('',#1529,.T.);
#1288=FACE_OUTER_BOUND('',#1530,.T.);
#1289=FACE_OUTER_BOUND('',#1531,.T.);
#1290=FACE_OUTER_BOUND('',#1532,.T.);
#1291=FACE_OUTER_BOUND('',#1533,.T.);
#1292=FACE_OUTER_BOUND('',#1534,.T.);
#1293=FACE_OUTER_BOUND('',#1535,.T.);
#1294=FACE_OUTER_BOUND('',#1536,.T.);
#1295=FACE_OUTER_BOUND('',#1537,.T.);
#1296=FACE_OUTER_BOUND('',#1538,.T.);
#1297=FACE_OUTER_BOUND('',#1539,.T.);
#1298=FACE_OUTER_BOUND('',#1540,.T.);
#1299=FACE_OUTER_BOUND('',#1541,.T.);
#1300=FACE_OUTER_BOUND('',#1542,.T.);
#1301=FACE_OUTER_BOUND('',#1543,.T.);
#1302=FACE_OUTER_BOUND('',#1544,.T.);
#1303=FACE_OUTER_BOUND('',#1545,.T.);
#1304=FACE_OUTER_BOUND('',#1546,.T.);
#1305=FACE_OUTER_BOUND('',#1547,.T.);
#1306=FACE_OUTER_BOUND('',#1548,.T.);
#1307=FACE_OUTER_BOUND('',#1549,.T.);
#1308=FACE_OUTER_BOUND('',#1550,.T.);
#1309=FACE_OUTER_BOUND('',#1551,.T.);
#1310=FACE_OUTER_BOUND('',#1552,.T.);
#1311=FACE_OUTER_BOUND('',#1553,.T.);
#1312=FACE_OUTER_BOUND('',#1554,.T.);
#1313=FACE_OUTER_BOUND('',#1555,.T.);
#1314=FACE_OUTER_BOUND('',#1556,.T.);
#1315=FACE_OUTER_BOUND('',#1557,.T.);
#1316=FACE_OUTER_BOUND('',#1558,.T.);
#1317=FACE_OUTER_BOUND('',#1559,.T.);
#1318=FACE_OUTER_BOUND('',#1560,.T.);
#1319=FACE_OUTER_BOUND('',#1561,.T.);
#1320=FACE_OUTER_BOUND('',#1562,.T.);
#1321=FACE_OUTER_BOUND('',#1563,.T.);
#1322=FACE_OUTER_BOUND('',#1564,.T.);
#1323=FACE_OUTER_BOUND('',#1565,.T.);
#1324=FACE_OUTER_BOUND('',#1566,.T.);
#1325=FACE_OUTER_BOUND('',#1567,.T.);
#1326=FACE_OUTER_BOUND('',#1568,.T.);
#1327=FACE_OUTER_BOUND('',#1569,.T.);
#1328=FACE_OUTER_BOUND('',#1570,.T.);
#1329=FACE_OUTER_BOUND('',#1571,.T.);
#1330=FACE_OUTER_BOUND('',#1572,.T.);
#1331=FACE_OUTER_BOUND('',#1573,.T.);
#1332=FACE_OUTER_BOUND('',#1574,.T.);
#1333=FACE_OUTER_BOUND('',#1575,.T.);
#1334=FACE_OUTER_BOUND('',#1576,.T.);
#1335=FACE_OUTER_BOUND('',#1577,.T.);
#1336=FACE_OUTER_BOUND('',#1578,.T.);
#1337=FACE_OUTER_BOUND('',#1579,.T.);
#1338=FACE_OUTER_BOUND('',#1580,.T.);
#1339=FACE_OUTER_BOUND('',#1581,.T.);
#1340=FACE_OUTER_BOUND('',#1582,.T.);
#1341=FACE_OUTER_BOUND('',#1583,.T.);
#1342=FACE_OUTER_BOUND('',#1584,.T.);
#1343=FACE_OUTER_BOUND('',#1585,.T.);
#1344=FACE_OUTER_BOUND('',#1586,.T.);
#1345=FACE_OUTER_BOUND('',#1587,.T.);
#1346=FACE_OUTER_BOUND('',#1588,.T.);
#1347=FACE_OUTER_BOUND('',#1589,.T.);
#1348=FACE_OUTER_BOUND('',#1590,.T.);
#1349=FACE_OUTER_BOUND('',#1591,.T.);
#1350=FACE_OUTER_BOUND('',#1592,.T.);
#1351=FACE_OUTER_BOUND('',#1593,.T.);
#1352=FACE_OUTER_BOUND('',#1594,.T.);
#1353=FACE_OUTER_BOUND('',#1595,.T.);
#1354=FACE_OUTER_BOUND('',#1596,.T.);
#1355=FACE_OUTER_BOUND('',#1597,.T.);
#1356=FACE_OUTER_BOUND('',#1598,.T.);
#1357=FACE_OUTER_BOUND('',#1599,.T.);
#1358=FACE_OUTER_BOUND('',#1600,.T.);
#1359=FACE_OUTER_BOUND('',#1601,.T.);
#1360=FACE_OUTER_BOUND('',#1602,.T.);
#1361=FACE_OUTER_BOUND('',#1603,.T.);
#1362=FACE_OUTER_BOUND('',#1604,.T.);
#1363=FACE_OUTER_BOUND('',#1605,.T.);
#1364=FACE_OUTER_BOUND('',#1606,.T.);
#1365=FACE_OUTER_BOUND('',#1607,.T.);
#1366=FACE_OUTER_BOUND('',#1608,.T.);
#1367=FACE_OUTER_BOUND('',#1609,.T.);
#1368=FACE_OUTER_BOUND('',#1610,.T.);
#1369=FACE_OUTER_BOUND('',#1611,.T.);
#1370=FACE_OUTER_BOUND('',#1612,.T.);
#1371=FACE_OUTER_BOUND('',#1613,.T.);
#1372=FACE_OUTER_BOUND('',#1614,.T.);
#1373=FACE_OUTER_BOUND('',#1615,.T.);
#1374=FACE_OUTER_BOUND('',#1616,.T.);
#1375=FACE_OUTER_BOUND('',#1617,.T.);
#1376=FACE_OUTER_BOUND('',#1618,.T.);
#1377=FACE_OUTER_BOUND('',#1619,.T.);
#1378=FACE_OUTER_BOUND('',#1620,.T.);
#1379=FACE_OUTER_BOUND('',#1621,.T.);
#1380=FACE_OUTER_BOUND('',#1622,.T.);
#1381=FACE_OUTER_BOUND('',#1623,.T.);
#1382=FACE_OUTER_BOUND('',#1624,.T.);
#1383=FACE_OUTER_BOUND('',#1625,.T.);
#1384=FACE_OUTER_BOUND('',#1626,.T.);
#1385=FACE_OUTER_BOUND('',#1627,.T.);
#1386=FACE_OUTER_BOUND('',#1628,.T.);
#1387=FACE_OUTER_BOUND('',#1629,.T.);
#1388=FACE_OUTER_BOUND('',#1630,.T.);
#1389=FACE_OUTER_BOUND('',#1631,.T.);
#1390=FACE_OUTER_BOUND('',#1632,.T.);
#1391=FACE_OUTER_BOUND('',#1633,.T.);
#1392=FACE_OUTER_BOUND('',#1634,.T.);
#1393=FACE_OUTER_BOUND('',#1635,.T.);
#1394=FACE_OUTER_BOUND('',#1636,.T.);
#1395=FACE_OUTER_BOUND('',#1637,.T.);
#1396=FACE_OUTER_BOUND('',#1638,.T.);
#1397=FACE_OUTER_BOUND('',#1639,.T.);
#1398=FACE_OUTER_BOUND('',#1640,.T.);
#1399=FACE_OUTER_BOUND('',#1641,.T.);
#1400=FACE_OUTER_BOUND('',#1642,.T.);
#1401=FACE_OUTER_BOUND('',#1643,.T.);
#1402=FACE_OUTER_BOUND('',#1644,.T.);
#1403=FACE_OUTER_BOUND('',#1645,.T.);
#1404=FACE_OUTER_BOUND('',#1646,.T.);
#1405=FACE_OUTER_BOUND('',#1647,.T.);
#1406=FACE_OUTER_BOUND('',#1648,.T.);
#1407=FACE_OUTER_BOUND('',#1649,.T.);
#1408=FACE_OUTER_BOUND('',#1650,.T.);
#1409=FACE_OUTER_BOUND('',#1651,.T.);
#1410=FACE_OUTER_BOUND('',#1652,.T.);
#1411=FACE_OUTER_BOUND('',#1653,.T.);
#1412=FACE_OUTER_BOUND('',#1654,.T.);
#1413=FACE_OUTER_BOUND('',#1655,.T.);
#1414=FACE_OUTER_BOUND('',#1656,.T.);
#1415=FACE_OUTER_BOUND('',#1657,.T.);
#1416=FACE_OUTER_BOUND('',#1658,.T.);
#1417=FACE_OUTER_BOUND('',#1659,.T.);
#1418=FACE_OUTER_BOUND('',#1660,.T.);
#1419=FACE_OUTER_BOUND('',#1661,.T.);
#1420=FACE_OUTER_BOUND('',#1662,.T.);
#1421=FACE_OUTER_BOUND('',#1663,.T.);
#1422=FACE_OUTER_BOUND('',#1664,.T.);
#1423=FACE_OUTER_BOUND('',#1665,.T.);
#1424=FACE_OUTER_BOUND('',#1666,.T.);
#1425=FACE_OUTER_BOUND('',#1667,.T.);
#1426=FACE_OUTER_BOUND('',#1668,.T.);
#1427=FACE_OUTER_BOUND('',#1669,.T.);
#1428=FACE_OUTER_BOUND('',#1670,.T.);
#1429=FACE_OUTER_BOUND('',#1671,.T.);
#1430=FACE_OUTER_BOUND('',#1672,.T.);
#1431=FACE_OUTER_BOUND('',#1673,.T.);
#1432=FACE_OUTER_BOUND('',#1674,.T.);
#1433=FACE_OUTER_BOUND('',#1675,.T.);
#1434=FACE_OUTER_BOUND('',#1676,.T.);
#1435=FACE_OUTER_BOUND('',#1677,.T.);
#1436=FACE_OUTER_BOUND('',#1678,.T.);
#1437=FACE_OUTER_BOUND('',#1679,.T.);
#1438=FACE_OUTER_BOUND('',#1680,.T.);
#1439=FACE_OUTER_BOUND('',#1681,.T.);
#1440=FACE_OUTER_BOUND('',#1682,.T.);
#1441=FACE_OUTER_BOUND('',#1683,.T.);
#1442=FACE_OUTER_BOUND('',#1684,.T.);
#1443=FACE_OUTER_BOUND('',#1685,.T.);
#1444=FACE_OUTER_BOUND('',#1686,.T.);
#1445=FACE_OUTER_BOUND('',#1687,.T.);
#1446=FACE_OUTER_BOUND('',#1688,.T.);
#1447=FACE_OUTER_BOUND('',#1689,.T.);
#1448=FACE_OUTER_BOUND('',#1690,.T.);
#1449=FACE_OUTER_BOUND('',#1691,.T.);
#1450=FACE_OUTER_BOUND('',#1692,.T.);
#1451=FACE_OUTER_BOUND('',#1693,.T.);
#1452=FACE_OUTER_BOUND('',#1694,.T.);
#1453=FACE_OUTER_BOUND('',#1695,.T.);
#1454=FACE_OUTER_BOUND('',#1696,.T.);
#1455=FACE_OUTER_BOUND('',#1697,.T.);
#1456=FACE_OUTER_BOUND('',#1698,.T.);
#1457=FACE_OUTER_BOUND('',#1699,.T.);
#1458=FACE_OUTER_BOUND('',#1700,.T.);
#1459=FACE_OUTER_BOUND('',#1701,.T.);
#1460=FACE_OUTER_BOUND('',#1702,.T.);
#1461=FACE_OUTER_BOUND('',#1703,.T.);
#1462=FACE_OUTER_BOUND('',#1704,.T.);
#1463=FACE_OUTER_BOUND('',#1705,.T.);
#1464=FACE_OUTER_BOUND('',#1706,.T.);
#1465=FACE_OUTER_BOUND('',#1707,.T.);
#1466=FACE_OUTER_BOUND('',#1708,.T.);
#1467=FACE_OUTER_BOUND('',#1709,.T.);
#1468=FACE_OUTER_BOUND('',#1710,.T.);
#1469=FACE_OUTER_BOUND('',#1711,.T.);
#1470=FACE_OUTER_BOUND('',#1712,.T.);
#1471=FACE_OUTER_BOUND('',#1713,.T.);
#1472=FACE_OUTER_BOUND('',#1714,.T.);
#1473=FACE_OUTER_BOUND('',#1715,.T.);
#1474=FACE_OUTER_BOUND('',#1716,.T.);
#1475=FACE_OUTER_BOUND('',#1717,.T.);
#1476=FACE_OUTER_BOUND('',#1718,.T.);
#1477=FACE_OUTER_BOUND('',#1719,.T.);
#1478=FACE_OUTER_BOUND('',#1720,.T.);
#1479=FACE_OUTER_BOUND('',#1721,.T.);
#1480=FACE_OUTER_BOUND('',#1722,.T.);
#1481=FACE_OUTER_BOUND('',#1723,.T.);
#1482=FACE_OUTER_BOUND('',#1724,.T.);
#1483=FACE_OUTER_BOUND('',#1725,.T.);
#1484=FACE_OUTER_BOUND('',#1726,.T.);
#1485=FACE_OUTER_BOUND('',#1727,.T.);
#1486=FACE_OUTER_BOUND('',#1728,.T.);
#1487=FACE_OUTER_BOUND('',#1729,.T.);
#1488=FACE_OUTER_BOUND('',#1730,.T.);
#1489=FACE_OUTER_BOUND('',#1731,.T.);
#1490=FACE_OUTER_BOUND('',#1732,.T.);
#1491=FACE_OUTER_BOUND('',#1733,.T.);
#1492=FACE_OUTER_BOUND('',#1734,.T.);
#1493=FACE_OUTER_BOUND('',#1735,.T.);
#1494=FACE_OUTER_BOUND('',#1736,.T.);
#1495=FACE_OUTER_BOUND('',#1737,.T.);
#1496=FACE_OUTER_BOUND('',#1738,.T.);
#1497=FACE_OUTER_BOUND('',#1739,.T.);
#1498=FACE_OUTER_BOUND('',#1740,.T.);
#1499=FACE_OUTER_BOUND('',#1741,.T.);
#1500=FACE_OUTER_BOUND('',#1742,.T.);
#1501=FACE_OUTER_BOUND('',#1743,.T.);
#1502=FACE_OUTER_BOUND('',#1744,.T.);
#1503=FACE_OUTER_BOUND('',#1745,.T.);
#1504=FACE_OUTER_BOUND('',#1746,.T.);
#1505=FACE_OUTER_BOUND('',#1747,.T.);
#1506=FACE_OUTER_BOUND('',#1748,.T.);
#1507=FACE_OUTER_BOUND('',#1749,.T.);
#1508=FACE_OUTER_BOUND('',#1750,.T.);
#1509=FACE_OUTER_BOUND('',#1751,.T.);
#1510=FACE_OUTER_BOUND('',#1752,.T.);
#1511=FACE_OUTER_BOUND('',#1753,.T.);
#1512=FACE_OUTER_BOUND('',#1754,.T.);
#1513=FACE_OUTER_BOUND('',#1755,.T.);
#1514=FACE_OUTER_BOUND('',#1759,.T.);
#1515=EDGE_LOOP('',(#2951,#2952,#2953));
#1516=EDGE_LOOP('',(#2954,#2955,#2956));
#1517=EDGE_LOOP('',(#2957,#2958,#2959,#2960));
#1518=EDGE_LOOP('',(#2961,#2962,#2963,#2964));
#1519=EDGE_LOOP('',(#2965,#2966,#2967));
#1520=EDGE_LOOP('',(#2968,#2969,#2970,#2971));
#1521=EDGE_LOOP('',(#2972,#2973,#2974,#2975));
#1522=EDGE_LOOP('',(#2976,#2977,#2978));
#1523=EDGE_LOOP('',(#2979,#2980,#2981,#2982));
#1524=EDGE_LOOP('',(#2983,#2984,#2985,#2986));
#1525=EDGE_LOOP('',(#2987,#2988,#2989,#2990));
#1526=EDGE_LOOP('',(#2991,#2992,#2993,#2994));
#1527=EDGE_LOOP('',(#2995,#2996,#2997,#2998));
#1528=EDGE_LOOP('',(#2999,#3000,#3001,#3002));
#1529=EDGE_LOOP('',(#3003,#3004,#3005,#3006));
#1530=EDGE_LOOP('',(#3007,#3008,#3009,#3010,#3011,#3012,#3013,#3014));
#1531=EDGE_LOOP('',(#3015,#3016,#3017,#3018));
#1532=EDGE_LOOP('',(#3019,#3020,#3021,#3022));
#1533=EDGE_LOOP('',(#3023,#3024,#3025));
#1534=EDGE_LOOP('',(#3026,#3027,#3028));
#1535=EDGE_LOOP('',(#3029,#3030,#3031));
#1536=EDGE_LOOP('',(#3032,#3033,#3034));
#1537=EDGE_LOOP('',(#3035,#3036,#3037,#3038));
#1538=EDGE_LOOP('',(#3039,#3040,#3041,#3042));
#1539=EDGE_LOOP('',(#3043,#3044,#3045,#3046));
#1540=EDGE_LOOP('',(#3047,#3048,#3049,#3050));
#1541=EDGE_LOOP('',(#3051,#3052,#3053,#3054));
#1542=EDGE_LOOP('',(#3055,#3056,#3057,#3058));
#1543=EDGE_LOOP('',(#3059,#3060,#3061,#3062));
#1544=EDGE_LOOP('',(#3063,#3064,#3065,#3066));
#1545=EDGE_LOOP('',(#3067,#3068,#3069,#3070));
#1546=EDGE_LOOP('',(#3071,#3072,#3073,#3074,#3075,#3076,#3077,#3078));
#1547=EDGE_LOOP('',(#3079,#3080,#3081,#3082));
#1548=EDGE_LOOP('',(#3083,#3084,#3085,#3086));
#1549=EDGE_LOOP('',(#3087,#3088,#3089,#3090));
#1550=EDGE_LOOP('',(#3091,#3092,#3093,#3094));
#1551=EDGE_LOOP('',(#3095,#3096,#3097,#3098,#3099,#3100,#3101,#3102));
#1552=EDGE_LOOP('',(#3103,#3104,#3105,#3106));
#1553=EDGE_LOOP('',(#3107,#3108,#3109,#3110));
#1554=EDGE_LOOP('',(#3111,#3112,#3113,#3114));
#1555=EDGE_LOOP('',(#3115,#3116,#3117,#3118));
#1556=EDGE_LOOP('',(#3119,#3120,#3121,#3122));
#1557=EDGE_LOOP('',(#3123,#3124,#3125,#3126));
#1558=EDGE_LOOP('',(#3127,#3128,#3129,#3130));
#1559=EDGE_LOOP('',(#3131,#3132,#3133,#3134));
#1560=EDGE_LOOP('',(#3135,#3136,#3137,#3138,#3139,#3140,#3141,#3142));
#1561=EDGE_LOOP('',(#3143,#3144,#3145,#3146));
#1562=EDGE_LOOP('',(#3147,#3148,#3149,#3150));
#1563=EDGE_LOOP('',(#3151,#3152,#3153,#3154));
#1564=EDGE_LOOP('',(#3155,#3156,#3157,#3158));
#1565=EDGE_LOOP('',(#3159,#3160,#3161,#3162));
#1566=EDGE_LOOP('',(#3163,#3164,#3165,#3166));
#1567=EDGE_LOOP('',(#3167,#3168,#3169,#3170));
#1568=EDGE_LOOP('',(#3171,#3172,#3173,#3174));
#1569=EDGE_LOOP('',(#3175,#3176,#3177,#3178));
#1570=EDGE_LOOP('',(#3179,#3180,#3181,#3182));
#1571=EDGE_LOOP('',(#3183,#3184,#3185,#3186));
#1572=EDGE_LOOP('',(#3187,#3188,#3189,#3190));
#1573=EDGE_LOOP('',(#3191,#3192,#3193,#3194));
#1574=EDGE_LOOP('',(#3195,#3196,#3197,#3198));
#1575=EDGE_LOOP('',(#3199,#3200,#3201,#3202));
#1576=EDGE_LOOP('',(#3203,#3204,#3205,#3206));
#1577=EDGE_LOOP('',(#3207,#3208,#3209,#3210));
#1578=EDGE_LOOP('',(#3211,#3212,#3213,#3214));
#1579=EDGE_LOOP('',(#3215,#3216,#3217,#3218));
#1580=EDGE_LOOP('',(#3219,#3220,#3221,#3222));
#1581=EDGE_LOOP('',(#3223,#3224,#3225,#3226));
#1582=EDGE_LOOP('',(#3227,#3228,#3229,#3230));
#1583=EDGE_LOOP('',(#3231,#3232,#3233,#3234));
#1584=EDGE_LOOP('',(#3235,#3236,#3237,#3238));
#1585=EDGE_LOOP('',(#3239,#3240,#3241,#3242));
#1586=EDGE_LOOP('',(#3243,#3244,#3245,#3246));
#1587=EDGE_LOOP('',(#3247,#3248,#3249,#3250));
#1588=EDGE_LOOP('',(#3251,#3252,#3253,#3254));
#1589=EDGE_LOOP('',(#3255,#3256,#3257,#3258));
#1590=EDGE_LOOP('',(#3259,#3260,#3261,#3262));
#1591=EDGE_LOOP('',(#3263,#3264,#3265,#3266));
#1592=EDGE_LOOP('',(#3267,#3268,#3269,#3270));
#1593=EDGE_LOOP('',(#3271,#3272,#3273,#3274));
#1594=EDGE_LOOP('',(#3275,#3276,#3277,#3278));
#1595=EDGE_LOOP('',(#3279,#3280,#3281,#3282));
#1596=EDGE_LOOP('',(#3283,#3284,#3285,#3286));
#1597=EDGE_LOOP('',(#3287,#3288,#3289,#3290));
#1598=EDGE_LOOP('',(#3291,#3292,#3293,#3294));
#1599=EDGE_LOOP('',(#3295,#3296,#3297,#3298));
#1600=EDGE_LOOP('',(#3299,#3300,#3301,#3302));
#1601=EDGE_LOOP('',(#3303,#3304,#3305,#3306));
#1602=EDGE_LOOP('',(#3307,#3308,#3309,#3310));
#1603=EDGE_LOOP('',(#3311,#3312,#3313,#3314));
#1604=EDGE_LOOP('',(#3315,#3316,#3317,#3318));
#1605=EDGE_LOOP('',(#3319,#3320,#3321,#3322));
#1606=EDGE_LOOP('',(#3323,#3324,#3325,#3326));
#1607=EDGE_LOOP('',(#3327,#3328,#3329,#3330));
#1608=EDGE_LOOP('',(#3331,#3332,#3333,#3334));
#1609=EDGE_LOOP('',(#3335,#3336,#3337,#3338));
#1610=EDGE_LOOP('',(#3339,#3340,#3341,#3342));
#1611=EDGE_LOOP('',(#3343,#3344,#3345,#3346));
#1612=EDGE_LOOP('',(#3347,#3348,#3349,#3350));
#1613=EDGE_LOOP('',(#3351,#3352,#3353,#3354));
#1614=EDGE_LOOP('',(#3355,#3356,#3357,#3358));
#1615=EDGE_LOOP('',(#3359,#3360,#3361,#3362));
#1616=EDGE_LOOP('',(#3363,#3364,#3365,#3366));
#1617=EDGE_LOOP('',(#3367,#3368,#3369,#3370));
#1618=EDGE_LOOP('',(#3371,#3372,#3373,#3374));
#1619=EDGE_LOOP('',(#3375,#3376,#3377,#3378));
#1620=EDGE_LOOP('',(#3379,#3380,#3381,#3382));
#1621=EDGE_LOOP('',(#3383,#3384,#3385,#3386));
#1622=EDGE_LOOP('',(#3387,#3388,#3389,#3390));
#1623=EDGE_LOOP('',(#3391,#3392,#3393,#3394));
#1624=EDGE_LOOP('',(#3395,#3396,#3397,#3398));
#1625=EDGE_LOOP('',(#3399,#3400,#3401,#3402));
#1626=EDGE_LOOP('',(#3403,#3404,#3405,#3406));
#1627=EDGE_LOOP('',(#3407,#3408,#3409,#3410));
#1628=EDGE_LOOP('',(#3411,#3412,#3413,#3414));
#1629=EDGE_LOOP('',(#3415,#3416,#3417,#3418));
#1630=EDGE_LOOP('',(#3419,#3420,#3421,#3422));
#1631=EDGE_LOOP('',(#3423,#3424,#3425,#3426));
#1632=EDGE_LOOP('',(#3427,#3428,#3429,#3430));
#1633=EDGE_LOOP('',(#3431,#3432,#3433,#3434));
#1634=EDGE_LOOP('',(#3435,#3436,#3437,#3438));
#1635=EDGE_LOOP('',(#3439,#3440,#3441,#3442));
#1636=EDGE_LOOP('',(#3443,#3444,#3445,#3446));
#1637=EDGE_LOOP('',(#3447,#3448,#3449,#3450));
#1638=EDGE_LOOP('',(#3451,#3452,#3453,#3454));
#1639=EDGE_LOOP('',(#3455,#3456,#3457,#3458));
#1640=EDGE_LOOP('',(#3459,#3460,#3461,#3462));
#1641=EDGE_LOOP('',(#3463,#3464,#3465,#3466));
#1642=EDGE_LOOP('',(#3467,#3468,#3469,#3470));
#1643=EDGE_LOOP('',(#3471,#3472,#3473,#3474));
#1644=EDGE_LOOP('',(#3475,#3476,#3477,#3478));
#1645=EDGE_LOOP('',(#3479,#3480,#3481,#3482));
#1646=EDGE_LOOP('',(#3483,#3484,#3485,#3486));
#1647=EDGE_LOOP('',(#3487,#3488,#3489,#3490));
#1648=EDGE_LOOP('',(#3491,#3492,#3493,#3494));
#1649=EDGE_LOOP('',(#3495,#3496,#3497,#3498));
#1650=EDGE_LOOP('',(#3499,#3500,#3501,#3502));
#1651=EDGE_LOOP('',(#3503,#3504,#3505,#3506));
#1652=EDGE_LOOP('',(#3507,#3508,#3509,#3510));
#1653=EDGE_LOOP('',(#3511,#3512,#3513,#3514));
#1654=EDGE_LOOP('',(#3515,#3516,#3517,#3518));
#1655=EDGE_LOOP('',(#3519,#3520,#3521,#3522));
#1656=EDGE_LOOP('',(#3523,#3524,#3525,#3526));
#1657=EDGE_LOOP('',(#3527,#3528,#3529,#3530));
#1658=EDGE_LOOP('',(#3531,#3532,#3533,#3534));
#1659=EDGE_LOOP('',(#3535,#3536,#3537,#3538));
#1660=EDGE_LOOP('',(#3539,#3540,#3541,#3542));
#1661=EDGE_LOOP('',(#3543,#3544,#3545,#3546));
#1662=EDGE_LOOP('',(#3547,#3548,#3549,#3550));
#1663=EDGE_LOOP('',(#3551,#3552,#3553,#3554));
#1664=EDGE_LOOP('',(#3555,#3556,#3557,#3558));
#1665=EDGE_LOOP('',(#3559,#3560,#3561,#3562));
#1666=EDGE_LOOP('',(#3563,#3564,#3565,#3566));
#1667=EDGE_LOOP('',(#3567,#3568,#3569,#3570));
#1668=EDGE_LOOP('',(#3571,#3572,#3573,#3574));
#1669=EDGE_LOOP('',(#3575,#3576,#3577,#3578));
#1670=EDGE_LOOP('',(#3579,#3580,#3581,#3582));
#1671=EDGE_LOOP('',(#3583,#3584,#3585,#3586));
#1672=EDGE_LOOP('',(#3587,#3588,#3589,#3590));
#1673=EDGE_LOOP('',(#3591,#3592,#3593,#3594));
#1674=EDGE_LOOP('',(#3595,#3596,#3597,#3598));
#1675=EDGE_LOOP('',(#3599,#3600,#3601,#3602));
#1676=EDGE_LOOP('',(#3603,#3604,#3605,#3606));
#1677=EDGE_LOOP('',(#3607,#3608,#3609,#3610));
#1678=EDGE_LOOP('',(#3611,#3612,#3613,#3614));
#1679=EDGE_LOOP('',(#3615,#3616,#3617,#3618));
#1680=EDGE_LOOP('',(#3619,#3620,#3621,#3622));
#1681=EDGE_LOOP('',(#3623,#3624,#3625,#3626));
#1682=EDGE_LOOP('',(#3627,#3628,#3629,#3630));
#1683=EDGE_LOOP('',(#3631,#3632,#3633,#3634));
#1684=EDGE_LOOP('',(#3635,#3636,#3637,#3638));
#1685=EDGE_LOOP('',(#3639,#3640,#3641,#3642));
#1686=EDGE_LOOP('',(#3643,#3644,#3645,#3646));
#1687=EDGE_LOOP('',(#3647,#3648,#3649,#3650));
#1688=EDGE_LOOP('',(#3651,#3652,#3653,#3654));
#1689=EDGE_LOOP('',(#3655,#3656,#3657,#3658));
#1690=EDGE_LOOP('',(#3659,#3660,#3661,#3662));
#1691=EDGE_LOOP('',(#3663,#3664,#3665,#3666));
#1692=EDGE_LOOP('',(#3667,#3668,#3669,#3670));
#1693=EDGE_LOOP('',(#3671,#3672,#3673,#3674));
#1694=EDGE_LOOP('',(#3675,#3676,#3677,#3678));
#1695=EDGE_LOOP('',(#3679,#3680,#3681,#3682));
#1696=EDGE_LOOP('',(#3683,#3684,#3685,#3686));
#1697=EDGE_LOOP('',(#3687,#3688,#3689,#3690));
#1698=EDGE_LOOP('',(#3691,#3692,#3693,#3694));
#1699=EDGE_LOOP('',(#3695,#3696,#3697,#3698));
#1700=EDGE_LOOP('',(#3699,#3700,#3701,#3702));
#1701=EDGE_LOOP('',(#3703,#3704,#3705,#3706));
#1702=EDGE_LOOP('',(#3707,#3708,#3709,#3710));
#1703=EDGE_LOOP('',(#3711,#3712,#3713,#3714));
#1704=EDGE_LOOP('',(#3715,#3716,#3717,#3718));
#1705=EDGE_LOOP('',(#3719,#3720,#3721,#3722));
#1706=EDGE_LOOP('',(#3723,#3724,#3725,#3726));
#1707=EDGE_LOOP('',(#3727,#3728,#3729,#3730));
#1708=EDGE_LOOP('',(#3731,#3732,#3733,#3734));
#1709=EDGE_LOOP('',(#3735,#3736,#3737,#3738));
#1710=EDGE_LOOP('',(#3739,#3740,#3741,#3742));
#1711=EDGE_LOOP('',(#3743,#3744,#3745,#3746));
#1712=EDGE_LOOP('',(#3747,#3748,#3749,#3750));
#1713=EDGE_LOOP('',(#3751,#3752,#3753,#3754));
#1714=EDGE_LOOP('',(#3755,#3756,#3757,#3758));
#1715=EDGE_LOOP('',(#3759,#3760,#3761,#3762));
#1716=EDGE_LOOP('',(#3763,#3764,#3765,#3766));
#1717=EDGE_LOOP('',(#3767,#3768,#3769,#3770));
#1718=EDGE_LOOP('',(#3771,#3772,#3773,#3774));
#1719=EDGE_LOOP('',(#3775,#3776,#3777,#3778));
#1720=EDGE_LOOP('',(#3779,#3780,#3781,#3782));
#1721=EDGE_LOOP('',(#3783,#3784,#3785,#3786));
#1722=EDGE_LOOP('',(#3787,#3788,#3789,#3790));
#1723=EDGE_LOOP('',(#3791,#3792,#3793,#3794));
#1724=EDGE_LOOP('',(#3795,#3796,#3797,#3798));
#1725=EDGE_LOOP('',(#3799,#3800,#3801,#3802));
#1726=EDGE_LOOP('',(#3803,#3804,#3805,#3806));
#1727=EDGE_LOOP('',(#3807,#3808,#3809,#3810));
#1728=EDGE_LOOP('',(#3811,#3812,#3813,#3814));
#1729=EDGE_LOOP('',(#3815,#3816,#3817,#3818));
#1730=EDGE_LOOP('',(#3819,#3820,#3821,#3822));
#1731=EDGE_LOOP('',(#3823,#3824,#3825,#3826));
#1732=EDGE_LOOP('',(#3827,#3828,#3829,#3830));
#1733=EDGE_LOOP('',(#3831,#3832,#3833,#3834));
#1734=EDGE_LOOP('',(#3835,#3836,#3837,#3838));
#1735=EDGE_LOOP('',(#3839,#3840,#3841,#3842));
#1736=EDGE_LOOP('',(#3843,#3844,#3845,#3846));
#1737=EDGE_LOOP('',(#3847,#3848,#3849,#3850));
#1738=EDGE_LOOP('',(#3851,#3852,#3853,#3854));
#1739=EDGE_LOOP('',(#3855,#3856,#3857,#3858));
#1740=EDGE_LOOP('',(#3859,#3860,#3861,#3862));
#1741=EDGE_LOOP('',(#3863,#3864,#3865,#3866));
#1742=EDGE_LOOP('',(#3867,#3868,#3869,#3870));
#1743=EDGE_LOOP('',(#3871,#3872,#3873,#3874));
#1744=EDGE_LOOP('',(#3875,#3876,#3877,#3878));
#1745=EDGE_LOOP('',(#3879,#3880,#3881,#3882));
#1746=EDGE_LOOP('',(#3883,#3884,#3885,#3886));
#1747=EDGE_LOOP('',(#3887,#3888,#3889,#3890));
#1748=EDGE_LOOP('',(#3891,#3892,#3893,#3894));
#1749=EDGE_LOOP('',(#3895,#3896,#3897,#3898));
#1750=EDGE_LOOP('',(#3899,#3900,#3901,#3902));
#1751=EDGE_LOOP('',(#3903,#3904,#3905,#3906));
#1752=EDGE_LOOP('',(#3907,#3908,#3909,#3910));
#1753=EDGE_LOOP('',(#3911,#3912,#3913,#3914));
#1754=EDGE_LOOP('',(#3915,#3916,#3917,#3918));
#1755=EDGE_LOOP('',(#3919,#3920,#3921,#3922,#3923,#3924,#3925,#3926,#3927,
#3928,#3929,#3930,#3931,#3932,#3933,#3934,#3935,#3936,#3937,#3938,#3939,
#3940,#3941,#3942,#3943,#3944,#3945,#3946,#3947,#3948,#3949,#3950,#3951,
#3952,#3953,#3954,#3955,#3956,#3957,#3958,#3959,#3960,#3961,#3962,#3963,
#3964,#3965,#3966,#3967,#3968,#3969,#3970,#3971,#3972,#3973,#3974,#3975,
#3976,#3977,#3978,#3979,#3980,#3981,#3982,#3983,#3984,#3985,#3986,#3987,
#3988,#3989,#3990,#3991,#3992,#3993,#3994,#3995,#3996,#3997,#3998,#3999,
#4000,#4001,#4002,#4003,#4004,#4005,#4006,#4007,#4008,#4009,#4010,#4011,
#4012,#4013,#4014,#4015,#4016,#4017,#4018,#4019,#4020,#4021,#4022,#4023,
#4024,#4025,#4026,#4027,#4028,#4029,#4030,#4031,#4032,#4033,#4034,#4035,
#4036,#4037,#4038,#4039,#4040,#4041,#4042,#4043,#4044,#4045,#4046,#4047,
#4048,#4049,#4050,#4051,#4052,#4053,#4054,#4055,#4056,#4057,#4058,#4059,
#4060,#4061,#4062,#4063,#4064,#4065,#4066,#4067,#4068,#4069,#4070,#4071,
#4072,#4073,#4074,#4075,#4076,#4077,#4078,#4079,#4080,#4081,#4082,#4083));
#1756=EDGE_LOOP('',(#4084,#4085,#4086,#4087,#4088,#4089,#4090,#4091,#4092,
#4093));
#1757=EDGE_LOOP('',(#4094,#4095,#4096,#4097,#4098,#4099,#4100,#4101,#4102));
#1758=EDGE_LOOP('',(#4103,#4104,#4105,#4106,#4107,#4108,#4109,#4110,#4111,
#4112));
#1759=EDGE_LOOP('',(#4113,#4114,#4115,#4116,#4117,#4118,#4119,#4120,#4121,
#4122,#4123,#4124,#4125,#4126,#4127,#4128,#4129,#4130,#4131,#4132,#4133,
#4134,#4135,#4136,#4137,#4138,#4139,#4140,#4141,#4142,#4143,#4144,#4145,
#4146,#4147,#4148,#4149,#4150,#4151,#4152,#4153,#4154,#4155,#4156,#4157,
#4158,#4159,#4160,#4161,#4162,#4163,#4164,#4165,#4166,#4167,#4168,#4169,
#4170,#4171,#4172,#4173,#4174,#4175,#4176,#4177,#4178,#4179,#4180,#4181,
#4182,#4183,#4184,#4185,#4186,#4187,#4188,#4189,#4190,#4191,#4192,#4193,
#4194,#4195,#4196,#4197,#4198,#4199,#4200,#4201,#4202,#4203,#4204,#4205,
#4206,#4207,#4208,#4209,#4210,#4211,#4212,#4213,#4214,#4215,#4216,#4217,
#4218,#4219,#4220,#4221,#4222,#4223,#4224,#4225,#4226,#4227,#4228,#4229,
#4230,#4231,#4232,#4233,#4234,#4235,#4236,#4237,#4238,#4239,#4240,#4241,
#4242,#4243,#4244,#4245,#4246,#4247,#4248,#4249,#4250,#4251,#4252,#4253,
#4254,#4255,#4256,#4257,#4258,#4259,#4260,#4261,#4262,#4263,#4264,#4265,
#4266,#4267,#4268,#4269,#4270,#4271,#4272,#4273,#4274,#4275,#4276,#4277));
#1760=EDGE_LOOP('',(#4278,#4279,#4280,#4281,#4282,#4283,#4284,#4285,#4286,
#4287));
#1761=EDGE_LOOP('',(#4288,#4289,#4290,#4291,#4292,#4293,#4294,#4295,#4296));
#1762=EDGE_LOOP('',(#4297,#4298,#4299,#4300,#4301,#4302,#4303,#4304,#4305,
#4306));
#1763=CIRCLE('',#4658,0.035);
#1764=CIRCLE('',#4659,0.035);
#1765=CIRCLE('',#4660,0.035);
#1766=CIRCLE('',#4662,0.035);
#1767=CIRCLE('',#4663,0.035);
#1768=CIRCLE('',#4664,0.0350000000000001);
#1769=CIRCLE('',#4666,0.035);
#1770=CIRCLE('',#4669,0.035);
#1771=CIRCLE('',#4670,0.035);
#1772=CIRCLE('',#4671,0.035);
#1773=CIRCLE('',#4674,0.035);
#1774=CIRCLE('',#4676,0.035);
#1775=CIRCLE('',#4677,0.035);
#1776=CIRCLE('',#4678,0.035);
#1777=CIRCLE('',#4682,0.035);
#1778=CIRCLE('',#4684,0.035);
#1779=CIRCLE('',#4692,0.035);
#1780=CIRCLE('',#4693,0.035);
#1781=CIRCLE('',#4694,0.035);
#1782=CIRCLE('',#4696,0.035);
#1783=CIRCLE('',#4697,0.035);
#1784=CIRCLE('',#4698,0.035);
#1785=CIRCLE('',#4700,0.035);
#1786=CIRCLE('',#4701,0.035);
#1787=CIRCLE('',#4702,0.035);
#1788=CIRCLE('',#4704,0.035);
#1789=CIRCLE('',#4705,0.035);
#1790=CIRCLE('',#4706,0.035);
#1791=CIRCLE('',#4709,0.035);
#1792=CIRCLE('',#4712,0.035);
#1793=CIRCLE('',#4716,0.035);
#1794=CIRCLE('',#4718,0.035);
#1795=CIRCLE('',#4727,0.035);
#1796=CIRCLE('',#4728,0.0349999999999999);
#1797=CIRCLE('',#4729,0.035);
#1798=CIRCLE('',#4730,0.0349999999999999);
#1799=CIRCLE('',#4732,0.035);
#1800=CIRCLE('',#4735,0.0349999999999999);
#1801=CIRCLE('',#4738,0.035);
#1802=CIRCLE('',#4741,0.0349999999999999);
#1803=CIRCLE('',#4755,0.00492293398025435);
#1804=CIRCLE('',#4756,0.00492293398025435);
#1805=CIRCLE('',#4829,0.00163154203855192);
#1806=CIRCLE('',#4830,0.00163154203855192);
#1807=CIRCLE('',#4852,0.0212984813595263);
#1808=CIRCLE('',#4853,0.0212984813595263);
#1809=CIRCLE('',#4866,0.0221951208137494);
#1810=CIRCLE('',#4867,0.0221951208137494);
#1811=CIRCLE('',#4879,0.00160179904765646);
#1812=CIRCLE('',#4880,0.00160179904765646);
#1813=CIRCLE('',#4882,0.00162376869424367);
#1814=CIRCLE('',#4883,0.00162376869424367);
#1815=CIRCLE('',#4889,0.00164328788159688);
#1816=CIRCLE('',#4890,0.00164328788159688);
#1817=CIRCLE('',#4901,0.00163903633097872);
#1818=CIRCLE('',#4902,0.00163903633097872);
#1819=CIRCLE('',#4920,0.0221813092053102);
#1820=CIRCLE('',#4921,0.0221813092053102);
#1821=CIRCLE('',#4952,0.00170442710518054);
#1822=CIRCLE('',#4953,0.00170442710518054);
#1823=CIRCLE('',#4957,0.0016315357669476);
#1824=CIRCLE('',#4958,0.0016315357669476);
#1825=CIRCLE('',#4976,0.00492388181366418);
#1826=CIRCLE('',#4977,0.00492388181366418);
#1827=CIRCLE('',#4981,0.00159881444355086);
#1828=CIRCLE('',#4982,0.00159881444355086);
#1829=VERTEX_POINT('',#6041);
#1830=VERTEX_POINT('',#6042);
#1831=VERTEX_POINT('',#6044);
#1832=VERTEX_POINT('',#6048);
#1833=VERTEX_POINT('',#6049);
#1834=VERTEX_POINT('',#6051);
#1835=VERTEX_POINT('',#6055);
#1836=VERTEX_POINT('',#6056);
#1837=VERTEX_POINT('',#6064);
#1838=VERTEX_POINT('',#6065);
#1839=VERTEX_POINT('',#6067);
#1840=VERTEX_POINT('',#6074);
#1841=VERTEX_POINT('',#6075);
#1842=VERTEX_POINT('',#6080);
#1843=VERTEX_POINT('',#6081);
#1844=VERTEX_POINT('',#6083);
#1845=VERTEX_POINT('',#6093);
#1846=VERTEX_POINT('',#6094);
#1847=VERTEX_POINT('',#6099);
#1848=VERTEX_POINT('',#6100);
#1849=VERTEX_POINT('',#6115);
#1850=VERTEX_POINT('',#6116);
#1851=VERTEX_POINT('',#6118);
#1852=VERTEX_POINT('',#6122);
#1853=VERTEX_POINT('',#6123);
#1854=VERTEX_POINT('',#6125);
#1855=VERTEX_POINT('',#6129);
#1856=VERTEX_POINT('',#6130);
#1857=VERTEX_POINT('',#6132);
#1858=VERTEX_POINT('',#6136);
#1859=VERTEX_POINT('',#6137);
#1860=VERTEX_POINT('',#6139);
#1861=VERTEX_POINT('',#6146);
#1862=VERTEX_POINT('',#6147);
#1863=VERTEX_POINT('',#6155);
#1864=VERTEX_POINT('',#6156);
#1865=VERTEX_POINT('',#6167);
#1866=VERTEX_POINT('',#6168);
#1867=VERTEX_POINT('',#6173);
#1868=VERTEX_POINT('',#6174);
#1869=VERTEX_POINT('',#6190);
#1870=VERTEX_POINT('',#6191);
#1871=VERTEX_POINT('',#6193);
#1872=VERTEX_POINT('',#6195);
#1873=VERTEX_POINT('',#6197);
#1874=VERTEX_POINT('',#6199);
#1875=VERTEX_POINT('',#6201);
#1876=VERTEX_POINT('',#6203);
#1877=VERTEX_POINT('',#6207);
#1878=VERTEX_POINT('',#6209);
#1879=VERTEX_POINT('',#6213);
#1880=VERTEX_POINT('',#6217);
#1881=VERTEX_POINT('',#6221);
#1882=VERTEX_POINT('',#6225);
#1883=VERTEX_POINT('',#6229);
#1884=VERTEX_POINT('',#6233);
#1885=VERTEX_POINT('',#6241);
#1886=VERTEX_POINT('',#6242);
#1887=VERTEX_POINT('',#6244);
#1888=VERTEX_POINT('',#6246);
#1889=VERTEX_POINT('',#6250);
#1890=VERTEX_POINT('',#6252);
#1891=VERTEX_POINT('',#6263);
#1892=VERTEX_POINT('',#6268);
#1893=VERTEX_POINT('',#6275);
#1894=VERTEX_POINT('',#6277);
#1895=VERTEX_POINT('',#6286);
#1896=VERTEX_POINT('',#6288);
#1897=VERTEX_POINT('',#6292);
#1898=VERTEX_POINT('',#6294);
#1899=VERTEX_POINT('',#6305);
#1900=VERTEX_POINT('',#6310);
#1901=VERTEX_POINT('',#6322);
#1902=VERTEX_POINT('',#6324);
#1903=VERTEX_POINT('',#6328);
#1904=VERTEX_POINT('',#6330);
#1905=VERTEX_POINT('',#6337);
#1906=VERTEX_POINT('',#6338);
#1907=VERTEX_POINT('',#6340);
#1908=VERTEX_POINT('',#6342);
#1909=VERTEX_POINT('',#6355);
#1910=VERTEX_POINT('',#6357);
#1911=VERTEX_POINT('',#6361);
#1912=VERTEX_POINT('',#6363);
#1913=VERTEX_POINT('',#6372);
#1914=VERTEX_POINT('',#6374);
#1915=VERTEX_POINT('',#6383);
#1916=VERTEX_POINT('',#6385);
#1917=VERTEX_POINT('',#6389);
#1918=VERTEX_POINT('',#6391);
#1919=VERTEX_POINT('',#6404);
#1920=VERTEX_POINT('',#6406);
#1921=VERTEX_POINT('',#6410);
#1922=VERTEX_POINT('',#6412);
#1923=VERTEX_POINT('',#6424);
#1924=VERTEX_POINT('',#6425);
#1925=VERTEX_POINT('',#6427);
#1926=VERTEX_POINT('',#6429);
#1927=VERTEX_POINT('',#6440);
#1928=VERTEX_POINT('',#6445);
#1929=VERTEX_POINT('',#6461);
#1930=VERTEX_POINT('',#6463);
#1931=VERTEX_POINT('',#6467);
#1932=VERTEX_POINT('',#6469);
#1933=VERTEX_POINT('',#6478);
#1934=VERTEX_POINT('',#6480);
#1935=VERTEX_POINT('',#6484);
#1936=VERTEX_POINT('',#6486);
#1937=VERTEX_POINT('',#6497);
#1938=VERTEX_POINT('',#6502);
#1939=VERTEX_POINT('',#6514);
#1940=VERTEX_POINT('',#6516);
#1941=VERTEX_POINT('',#6520);
#1942=VERTEX_POINT('',#6522);
#1943=VERTEX_POINT('',#6534);
#1944=VERTEX_POINT('',#6535);
#1945=VERTEX_POINT('',#6537);
#1946=VERTEX_POINT('',#6539);
#1947=VERTEX_POINT('',#6548);
#1948=VERTEX_POINT('',#6550);
#1949=VERTEX_POINT('',#6559);
#1950=VERTEX_POINT('',#6561);
#1951=VERTEX_POINT('',#6572);
#1952=VERTEX_POINT('',#6577);
#1953=VERTEX_POINT('',#6589);
#1954=VERTEX_POINT('',#6591);
#1955=VERTEX_POINT('',#6595);
#1956=VERTEX_POINT('',#6597);
#1957=VERTEX_POINT('',#6606);
#1958=VERTEX_POINT('',#6608);
#1959=VERTEX_POINT('',#6617);
#1960=VERTEX_POINT('',#6619);
#1961=VERTEX_POINT('',#6628);
#1962=VERTEX_POINT('',#6630);
#1963=VERTEX_POINT('',#6641);
#1964=VERTEX_POINT('',#6646);
#1965=VERTEX_POINT('',#6653);
#1966=VERTEX_POINT('',#6655);
#1967=VERTEX_POINT('',#6664);
#1968=VERTEX_POINT('',#6666);
#1969=VERTEX_POINT('',#6675);
#1970=VERTEX_POINT('',#6677);
#1971=VERTEX_POINT('',#6686);
#1972=VERTEX_POINT('',#6688);
#1973=VERTEX_POINT('',#6699);
#1974=VERTEX_POINT('',#6704);
#1975=VERTEX_POINT('',#6711);
#1976=VERTEX_POINT('',#6713);
#1977=VERTEX_POINT('',#6722);
#1978=VERTEX_POINT('',#6724);
#1979=VERTEX_POINT('',#6735);
#1980=VERTEX_POINT('',#6740);
#1981=VERTEX_POINT('',#6754);
#1982=VERTEX_POINT('',#6759);
#1983=VERTEX_POINT('',#6766);
#1984=VERTEX_POINT('',#6768);
#1985=VERTEX_POINT('',#6779);
#1986=VERTEX_POINT('',#6784);
#1987=VERTEX_POINT('',#6800);
#1988=VERTEX_POINT('',#6802);
#1989=VERTEX_POINT('',#6806);
#1990=VERTEX_POINT('',#6808);
#1991=VERTEX_POINT('',#6821);
#1992=VERTEX_POINT('',#6823);
#1993=VERTEX_POINT('',#6856);
#1994=VERTEX_POINT('',#6872);
#1995=VERTEX_POINT('',#6897);
#1996=VERTEX_POINT('',#6902);
#1997=VERTEX_POINT('',#6909);
#1998=VERTEX_POINT('',#6911);
#1999=VERTEX_POINT('',#6922);
#2000=VERTEX_POINT('',#6927);
#2001=VERTEX_POINT('',#6941);
#2002=VERTEX_POINT('',#6946);
#2003=VERTEX_POINT('',#6960);
#2004=VERTEX_POINT('',#6965);
#2005=VERTEX_POINT('',#6977);
#2006=VERTEX_POINT('',#6979);
#2007=VERTEX_POINT('',#6990);
#2008=VERTEX_POINT('',#6995);
#2009=VERTEX_POINT('',#7009);
#2010=VERTEX_POINT('',#7014);
#2011=VERTEX_POINT('',#7021);
#2012=VERTEX_POINT('',#7023);
#2013=VERTEX_POINT('',#7036);
#2014=VERTEX_POINT('',#7038);
#2015=VERTEX_POINT('',#7049);
#2016=VERTEX_POINT('',#7054);
#2017=VERTEX_POINT('',#7061);
#2018=VERTEX_POINT('',#7063);
#2019=VERTEX_POINT('',#7067);
#2020=VERTEX_POINT('',#7069);
#2021=VERTEX_POINT('',#7073);
#2022=VERTEX_POINT('',#7075);
#2023=VERTEX_POINT('',#7086);
#2024=VERTEX_POINT('',#7091);
#2025=VERTEX_POINT('',#7103);
#2026=VERTEX_POINT('',#7105);
#2027=VERTEX_POINT('',#7109);
#2028=VERTEX_POINT('',#7111);
#2029=VERTEX_POINT('',#7120);
#2030=VERTEX_POINT('',#7122);
#2031=VERTEX_POINT('',#7126);
#2032=VERTEX_POINT('',#7128);
#2033=VERTEX_POINT('',#7132);
#2034=VERTEX_POINT('',#7134);
#2035=VERTEX_POINT('',#7138);
#2036=VERTEX_POINT('',#7140);
#2037=VERTEX_POINT('',#7153);
#2038=VERTEX_POINT('',#7155);
#2039=VERTEX_POINT('',#7166);
#2040=VERTEX_POINT('',#7171);
#2041=VERTEX_POINT('',#7187);
#2042=VERTEX_POINT('',#7189);
#2043=VERTEX_POINT('',#7193);
#2044=VERTEX_POINT('',#7195);
#2045=VERTEX_POINT('',#7204);
#2046=VERTEX_POINT('',#7206);
#2047=VERTEX_POINT('',#7210);
#2048=VERTEX_POINT('',#7212);
#2049=VERTEX_POINT('',#7223);
#2050=VERTEX_POINT('',#7228);
#2051=VERTEX_POINT('',#7244);
#2052=VERTEX_POINT('',#7246);
#2053=VERTEX_POINT('',#7250);
#2054=VERTEX_POINT('',#7252);
#2055=VERTEX_POINT('',#7265);
#2056=VERTEX_POINT('',#7267);
#2057=VERTEX_POINT('',#7271);
#2058=VERTEX_POINT('',#7273);
#2059=VERTEX_POINT('',#7282);
#2060=VERTEX_POINT('',#7284);
#2061=VERTEX_POINT('',#7288);
#2062=VERTEX_POINT('',#7290);
#2063=VERTEX_POINT('',#7294);
#2064=VERTEX_POINT('',#7296);
#2065=VERTEX_POINT('',#7300);
#2066=VERTEX_POINT('',#7302);
#2067=VERTEX_POINT('',#7313);
#2068=VERTEX_POINT('',#7318);
#2069=VERTEX_POINT('',#7325);
#2070=VERTEX_POINT('',#7327);
#2071=VERTEX_POINT('',#7336);
#2072=VERTEX_POINT('',#7338);
#2073=VERTEX_POINT('',#7347);
#2074=VERTEX_POINT('',#7349);
#2075=VERTEX_POINT('',#7360);
#2076=VERTEX_POINT('',#7365);
#2077=VERTEX_POINT('',#7379);
#2078=VERTEX_POINT('',#7384);
#2079=VERTEX_POINT('',#7398);
#2080=VERTEX_POINT('',#7403);
#2081=VERTEX_POINT('',#7410);
#2082=VERTEX_POINT('',#7412);
#2083=VERTEX_POINT('',#7416);
#2084=VERTEX_POINT('',#7418);
#2085=VERTEX_POINT('',#7431);
#2086=VERTEX_POINT('',#7433);
#2087=VERTEX_POINT('',#7437);
#2088=VERTEX_POINT('',#7439);
#2089=VERTEX_POINT('',#7448);
#2090=VERTEX_POINT('',#7450);
#2091=VERTEX_POINT('',#7461);
#2092=VERTEX_POINT('',#7466);
#2093=VERTEX_POINT('',#7473);
#2094=VERTEX_POINT('',#7475);
#2095=VERTEX_POINT('',#7479);
#2096=VERTEX_POINT('',#7481);
#2097=VERTEX_POINT('',#7485);
#2098=VERTEX_POINT('',#7487);
#2099=VERTEX_POINT('',#7500);
#2100=VERTEX_POINT('',#7502);
#2101=VERTEX_POINT('',#7513);
#2102=VERTEX_POINT('',#7518);
#2103=VERTEX_POINT('',#7525);
#2104=VERTEX_POINT('',#7527);
#2105=VERTEX_POINT('',#7538);
#2106=VERTEX_POINT('',#7543);
#2107=VERTEX_POINT('',#7559);
#2108=VERTEX_POINT('',#7561);
#2109=VERTEX_POINT('',#7565);
#2110=VERTEX_POINT('',#7567);
#2111=VERTEX_POINT('',#7576);
#2112=VERTEX_POINT('',#7578);
#2113=VERTEX_POINT('',#7582);
#2114=VERTEX_POINT('',#7584);
#2115=VERTEX_POINT('',#7619);
#2116=VERTEX_POINT('',#7636);
#2117=VERTEX_POINT('',#7662);
#2118=VERTEX_POINT('',#7667);
#2119=VERTEX_POINT('',#7681);
#2120=VERTEX_POINT('',#7686);
#2121=VERTEX_POINT('',#7693);
#2122=VERTEX_POINT('',#7695);
#2123=VERTEX_POINT('',#7699);
#2124=VERTEX_POINT('',#7701);
#2125=VERTEX_POINT('',#7710);
#2126=VERTEX_POINT('',#7712);
#2127=VERTEX_POINT('',#7716);
#2128=VERTEX_POINT('',#7718);
#2129=VERTEX_POINT('',#7722);
#2130=VERTEX_POINT('',#7724);
#2131=VERTEX_POINT('',#7728);
#2132=VERTEX_POINT('',#7730);
#2133=VERTEX_POINT('',#7739);
#2134=VERTEX_POINT('',#7741);
#2135=VERTEX_POINT('',#7745);
#2136=VERTEX_POINT('',#7747);
#2137=VERTEX_POINT('',#7756);
#2138=VERTEX_POINT('',#7758);
#2139=VERTEX_POINT('',#7762);
#2140=VERTEX_POINT('',#7764);
#2141=VERTEX_POINT('',#7777);
#2142=VERTEX_POINT('',#7779);
#2143=VERTEX_POINT('',#7790);
#2144=VERTEX_POINT('',#7795);
#2145=VERTEX_POINT('',#7809);
#2146=VERTEX_POINT('',#7814);
#2147=VERTEX_POINT('',#7821);
#2148=VERTEX_POINT('',#7823);
#2149=VERTEX_POINT('',#7827);
#2150=VERTEX_POINT('',#7829);
#2151=VERTEX_POINT('',#7842);
#2152=VERTEX_POINT('',#7844);
#2153=VERTEX_POINT('',#7855);
#2154=VERTEX_POINT('',#7860);
#2155=VERTEX_POINT('',#7872);
#2156=VERTEX_POINT('',#7874);
#2157=VERTEX_POINT('',#7878);
#2158=VERTEX_POINT('',#7880);
#2159=VERTEX_POINT('',#7889);
#2160=VERTEX_POINT('',#7891);
#2161=VERTEX_POINT('',#7895);
#2162=VERTEX_POINT('',#7897);
#2163=VERTEX_POINT('',#7908);
#2164=VERTEX_POINT('',#7913);
#2165=VERTEX_POINT('',#7925);
#2166=VERTEX_POINT('',#7927);
#2167=VERTEX_POINT('',#7931);
#2168=VERTEX_POINT('',#7933);
#2169=VERTEX_POINT('',#7946);
#2170=VERTEX_POINT('',#7948);
#2171=VERTEX_POINT('',#7957);
#2172=VERTEX_POINT('',#7959);
#2173=VERTEX_POINT('',#7963);
#2174=VERTEX_POINT('',#7965);
#2175=VERTEX_POINT('',#7969);
#2176=VERTEX_POINT('',#7971);
#2177=VERTEX_POINT('',#7984);
#2178=VERTEX_POINT('',#7986);
#2179=VERTEX_POINT('',#7995);
#2180=VERTEX_POINT('',#7997);
#2181=VERTEX_POINT('',#8001);
#2182=VERTEX_POINT('',#8003);
#2183=VERTEX_POINT('',#8014);
#2184=VERTEX_POINT('',#8019);
#2185=VERTEX_POINT('',#8035);
#2186=VERTEX_POINT('',#8037);
#2187=VERTEX_POINT('',#8041);
#2188=VERTEX_POINT('',#8043);
#2189=VERTEX_POINT('',#8056);
#2190=VERTEX_POINT('',#8058);
#2191=VERTEX_POINT('',#8069);
#2192=VERTEX_POINT('',#8074);
#2193=VERTEX_POINT('',#8088);
#2194=VERTEX_POINT('',#8093);
#2195=VERTEX_POINT('',#8100);
#2196=VERTEX_POINT('',#8102);
#2197=VERTEX_POINT('',#8113);
#2198=VERTEX_POINT('',#8118);
#2199=VERTEX_POINT('',#8130);
#2200=VERTEX_POINT('',#8132);
#2201=VERTEX_POINT('',#8136);
#2202=VERTEX_POINT('',#8138);
#2203=VERTEX_POINT('',#8149);
#2204=VERTEX_POINT('',#8154);
#2205=VERTEX_POINT('',#8170);
#2206=VERTEX_POINT('',#8172);
#2207=VERTEX_POINT('',#8176);
#2208=VERTEX_POINT('',#8178);
#2209=VERTEX_POINT('',#8187);
#2210=VERTEX_POINT('',#8189);
#2211=VERTEX_POINT('',#8193);
#2212=VERTEX_POINT('',#8195);
#2213=VERTEX_POINT('',#8204);
#2214=VERTEX_POINT('',#8206);
#2215=VERTEX_POINT('',#8210);
#2216=VERTEX_POINT('',#8212);
#2217=VERTEX_POINT('',#8216);
#2218=VERTEX_POINT('',#8218);
#2219=VERTEX_POINT('',#8231);
#2220=VERTEX_POINT('',#8233);
#2221=VERTEX_POINT('',#8244);
#2222=VERTEX_POINT('',#8249);
#2223=VERTEX_POINT('',#8263);
#2224=VERTEX_POINT('',#8268);
#2225=VERTEX_POINT('',#8284);
#2226=VERTEX_POINT('',#8286);
#2227=VERTEX_POINT('',#8290);
#2228=VERTEX_POINT('',#8292);
#2229=VERTEX_POINT('',#8296);
#2230=VERTEX_POINT('',#8298);
#2231=VERTEX_POINT('',#8309);
#2232=VERTEX_POINT('',#8314);
#2233=VERTEX_POINT('',#8321);
#2234=VERTEX_POINT('',#8323);
#2235=VERTEX_POINT('',#8327);
#2236=VERTEX_POINT('',#8329);
#2237=VERTEX_POINT('',#8333);
#2238=VERTEX_POINT('',#8335);
#2239=VERTEX_POINT('',#8348);
#2240=VERTEX_POINT('',#8350);
#2241=VERTEX_POINT('',#8361);
#2242=VERTEX_POINT('',#8366);
#2243=VERTEX_POINT('',#8382);
#2244=VERTEX_POINT('',#8384);
#2245=VERTEX_POINT('',#8393);
#2246=VERTEX_POINT('',#8395);
#2247=VERTEX_POINT('',#8399);
#2248=VERTEX_POINT('',#8401);
#2249=VERTEX_POINT('',#8412);
#2250=VERTEX_POINT('',#8417);
#2251=VERTEX_POINT('',#8424);
#2252=VERTEX_POINT('',#8426);
#2253=VERTEX_POINT('',#8435);
#2254=VERTEX_POINT('',#8437);
#2255=VERTEX_POINT('',#8441);
#2256=VERTEX_POINT('',#8443);
#2257=VERTEX_POINT('',#8447);
#2258=VERTEX_POINT('',#8449);
#2259=VERTEX_POINT('',#8460);
#2260=VERTEX_POINT('',#8465);
#2261=VERTEX_POINT('',#8479);
#2262=VERTEX_POINT('',#8484);
#2263=VERTEX_POINT('',#8496);
#2264=VERTEX_POINT('',#8498);
#2265=VERTEX_POINT('',#8502);
#2266=VERTEX_POINT('',#8504);
#2267=VERTEX_POINT('',#8508);
#2268=VERTEX_POINT('',#8510);
#2269=VERTEX_POINT('',#8521);
#2270=VERTEX_POINT('',#8526);
#2271=VERTEX_POINT('',#8538);
#2272=VERTEX_POINT('',#8540);
#2273=EDGE_CURVE('',#1829,#1830,#1763,.F.);
#2274=EDGE_CURVE('',#1831,#1829,#1764,.F.);
#2275=EDGE_CURVE('',#1830,#1831,#1765,.F.);
#2276=EDGE_CURVE('',#1832,#1833,#1766,.F.);
#2277=EDGE_CURVE('',#1834,#1832,#1767,.F.);
#2278=EDGE_CURVE('',#1833,#1834,#1768,.F.);
#2279=EDGE_CURVE('',#1835,#1836,#1769,.T.);
#2280=EDGE_CURVE('',#1836,#1834,#472,.T.);
#2281=EDGE_CURVE('',#1832,#1835,#473,.T.);
#2282=EDGE_CURVE('',#1829,#1833,#474,.T.);
#2283=EDGE_CURVE('',#1834,#1831,#475,.T.);
#2284=EDGE_CURVE('',#1837,#1838,#1770,.F.);
#2285=EDGE_CURVE('',#1839,#1837,#1771,.F.);
#2286=EDGE_CURVE('',#1838,#1839,#1772,.F.);
#2287=EDGE_CURVE('',#1837,#1829,#476,.T.);
#2288=EDGE_CURVE('',#1830,#1839,#477,.T.);
#2289=EDGE_CURVE('',#1840,#1841,#1773,.T.);
#2290=EDGE_CURVE('',#1841,#1838,#478,.T.);
#2291=EDGE_CURVE('',#1839,#1840,#479,.T.);
#2292=EDGE_CURVE('',#1842,#1843,#1774,.F.);
#2293=EDGE_CURVE('',#1844,#1842,#1775,.F.);
#2294=EDGE_CURVE('',#1843,#1844,#1776,.F.);
#2295=EDGE_CURVE('',#1842,#1832,#480,.T.);
#2296=EDGE_CURVE('',#1833,#1844,#481,.T.);
#2297=EDGE_CURVE('',#1838,#1843,#482,.T.);
#2298=EDGE_CURVE('',#1844,#1837,#483,.T.);
#2299=EDGE_CURVE('',#1845,#1846,#1777,.T.);
#2300=EDGE_CURVE('',#1846,#1842,#484,.T.);
#2301=EDGE_CURVE('',#1843,#1845,#485,.T.);
#2302=EDGE_CURVE('',#1847,#1848,#1778,.T.);
#2303=EDGE_CURVE('',#1848,#1830,#486,.T.);
#2304=EDGE_CURVE('',#1831,#1847,#487,.T.);
#2305=EDGE_CURVE('',#1841,#1845,#488,.T.);
#2306=EDGE_CURVE('',#1848,#1840,#489,.T.);
#2307=EDGE_CURVE('',#1847,#1836,#490,.T.);
#2308=EDGE_CURVE('',#1835,#1846,#491,.T.);
#2309=EDGE_CURVE('',#1849,#1850,#1779,.F.);
#2310=EDGE_CURVE('',#1851,#1849,#1780,.F.);
#2311=EDGE_CURVE('',#1850,#1851,#1781,.F.);
#2312=EDGE_CURVE('',#1852,#1853,#1782,.F.);
#2313=EDGE_CURVE('',#1854,#1852,#1783,.F.);
#2314=EDGE_CURVE('',#1853,#1854,#1784,.F.);
#2315=EDGE_CURVE('',#1855,#1856,#1785,.F.);
#2316=EDGE_CURVE('',#1857,#1855,#1786,.F.);
#2317=EDGE_CURVE('',#1856,#1857,#1787,.F.);
#2318=EDGE_CURVE('',#1858,#1859,#1788,.F.);
#2319=EDGE_CURVE('',#1860,#1858,#1789,.F.);
#2320=EDGE_CURVE('',#1859,#1860,#1790,.F.);
#2321=EDGE_CURVE('',#1858,#1854,#492,.T.);
#2322=EDGE_CURVE('',#1852,#1860,#493,.T.);
#2323=EDGE_CURVE('',#1861,#1862,#1791,.T.);
#2324=EDGE_CURVE('',#1862,#1859,#494,.T.);
#2325=EDGE_CURVE('',#1860,#1861,#495,.T.);
#2326=EDGE_CURVE('',#1855,#1858,#496,.T.);
#2327=EDGE_CURVE('',#1859,#1857,#497,.T.);
#2328=EDGE_CURVE('',#1863,#1864,#1792,.T.);
#2329=EDGE_CURVE('',#1864,#1856,#498,.T.);
#2330=EDGE_CURVE('',#1857,#1863,#499,.T.);
#2331=EDGE_CURVE('',#1856,#1850,#500,.T.);
#2332=EDGE_CURVE('',#1851,#1855,#501,.T.);
#2333=EDGE_CURVE('',#1849,#1853,#502,.T.);
#2334=EDGE_CURVE('',#1854,#1851,#503,.T.);
#2335=EDGE_CURVE('',#1865,#1866,#1793,.T.);
#2336=EDGE_CURVE('',#1866,#1852,#504,.T.);
#2337=EDGE_CURVE('',#1853,#1865,#505,.T.);
#2338=EDGE_CURVE('',#1867,#1868,#1794,.T.);
#2339=EDGE_CURVE('',#1868,#1849,#506,.T.);
#2340=EDGE_CURVE('',#1850,#1867,#507,.T.);
#2341=EDGE_CURVE('',#1861,#1866,#508,.T.);
#2342=EDGE_CURVE('',#1865,#1868,#509,.T.);
#2343=EDGE_CURVE('',#1864,#1867,#510,.T.);
#2344=EDGE_CURVE('',#1862,#1863,#511,.T.);
#2345=EDGE_CURVE('',#1869,#1870,#512,.T.);
#2346=EDGE_CURVE('',#1870,#1871,#1795,.T.);
#2347=EDGE_CURVE('',#1871,#1872,#513,.T.);
#2348=EDGE_CURVE('',#1872,#1873,#1796,.T.);
#2349=EDGE_CURVE('',#1873,#1874,#514,.T.);
#2350=EDGE_CURVE('',#1874,#1875,#1797,.T.);
#2351=EDGE_CURVE('',#1875,#1876,#515,.T.);
#2352=EDGE_CURVE('',#1876,#1869,#1798,.T.);
#2353=EDGE_CURVE('',#1877,#1870,#516,.T.);
#2354=EDGE_CURVE('',#1878,#1877,#1799,.T.);
#2355=EDGE_CURVE('',#1878,#1871,#517,.T.);
#2356=EDGE_CURVE('',#1879,#1878,#518,.T.);
#2357=EDGE_CURVE('',#1879,#1872,#519,.T.);
#2358=EDGE_CURVE('',#1880,#1879,#1800,.T.);
#2359=EDGE_CURVE('',#1880,#1873,#520,.T.);
#2360=EDGE_CURVE('',#1881,#1880,#521,.T.);
#2361=EDGE_CURVE('',#1881,#1874,#522,.T.);
#2362=EDGE_CURVE('',#1882,#1881,#1801,.T.);
#2363=EDGE_CURVE('',#1882,#1875,#523,.T.);
#2364=EDGE_CURVE('',#1883,#1882,#524,.T.);
#2365=EDGE_CURVE('',#1883,#1876,#525,.T.);
#2366=EDGE_CURVE('',#1884,#1883,#1802,.T.);
#2367=EDGE_CURVE('',#1869,#1884,#526,.T.);
#2368=EDGE_CURVE('',#1877,#1884,#527,.T.);
#2369=EDGE_CURVE('',#1885,#1886,#528,.T.);
#2370=EDGE_CURVE('',#1886,#1887,#529,.T.);
#2371=EDGE_CURVE('',#1888,#1887,#530,.T.);
#2372=EDGE_CURVE('',#1885,#1888,#531,.T.);
#2373=EDGE_CURVE('',#1889,#1885,#532,.T.);
#2374=EDGE_CURVE('',#1890,#1888,#533,.T.);
#2375=EDGE_CURVE('',#1889,#1890,#534,.T.);
#2376=EDGE_CURVE('',#1891,#1889,#227,.T.);
#2377=EDGE_CURVE('',#1892,#1890,#228,.T.);
#2378=EDGE_CURVE('',#1891,#1892,#535,.T.);
#2379=EDGE_CURVE('',#1893,#1891,#536,.T.);
#2380=EDGE_CURVE('',#1894,#1892,#537,.T.);
#2381=EDGE_CURVE('',#1893,#1894,#538,.T.);
#2382=EDGE_CURVE('',#1895,#1893,#29,.T.);
#2383=EDGE_CURVE('',#1896,#1894,#30,.T.);
#2384=EDGE_CURVE('',#1895,#1896,#539,.T.);
#2385=EDGE_CURVE('',#1897,#1895,#540,.T.);
#2386=EDGE_CURVE('',#1898,#1896,#541,.T.);
#2387=EDGE_CURVE('',#1897,#1898,#542,.T.);
#2388=EDGE_CURVE('',#1899,#1897,#229,.T.);
#2389=EDGE_CURVE('',#1900,#1898,#230,.T.);
#2390=EDGE_CURVE('',#1899,#1900,#543,.T.);
#2391=EDGE_CURVE('',#1901,#1899,#31,.T.);
#2392=EDGE_CURVE('',#1902,#1900,#32,.T.);
#2393=EDGE_CURVE('',#1901,#1902,#544,.T.);
#2394=EDGE_CURVE('',#1903,#1901,#545,.T.);
#2395=EDGE_CURVE('',#1904,#1902,#546,.T.);
#2396=EDGE_CURVE('',#1903,#1904,#547,.T.);
#2397=EDGE_CURVE('',#1886,#1903,#1803,.T.);
#2398=EDGE_CURVE('',#1887,#1904,#1804,.T.);
#2399=EDGE_CURVE('',#1905,#1906,#548,.T.);
#2400=EDGE_CURVE('',#1906,#1907,#549,.T.);
#2401=EDGE_CURVE('',#1908,#1907,#550,.T.);
#2402=EDGE_CURVE('',#1905,#1908,#551,.T.);
#2403=EDGE_CURVE('',#1909,#1905,#33,.T.);
#2404=EDGE_CURVE('',#1910,#1908,#34,.T.);
#2405=EDGE_CURVE('',#1909,#1910,#552,.T.);
#2406=EDGE_CURVE('',#1911,#1909,#553,.T.);
#2407=EDGE_CURVE('',#1912,#1910,#554,.T.);
#2408=EDGE_CURVE('',#1911,#1912,#555,.T.);
#2409=EDGE_CURVE('',#1913,#1911,#35,.T.);
#2410=EDGE_CURVE('',#1914,#1912,#36,.T.);
#2411=EDGE_CURVE('',#1913,#1914,#556,.T.);
#2412=EDGE_CURVE('',#1915,#1913,#37,.T.);
#2413=EDGE_CURVE('',#1916,#1914,#38,.T.);
#2414=EDGE_CURVE('',#1915,#1916,#557,.T.);
#2415=EDGE_CURVE('',#1917,#1915,#558,.T.);
#2416=EDGE_CURVE('',#1918,#1916,#559,.T.);
#2417=EDGE_CURVE('',#1917,#1918,#560,.T.);
#2418=EDGE_CURVE('',#1919,#1917,#39,.T.);
#2419=EDGE_CURVE('',#1920,#1918,#40,.T.);
#2420=EDGE_CURVE('',#1919,#1920,#561,.T.);
#2421=EDGE_CURVE('',#1921,#1919,#562,.T.);
#2422=EDGE_CURVE('',#1922,#1920,#563,.T.);
#2423=EDGE_CURVE('',#1921,#1922,#564,.T.);
#2424=EDGE_CURVE('',#1906,#1921,#41,.T.);
#2425=EDGE_CURVE('',#1907,#1922,#42,.T.);
#2426=EDGE_CURVE('',#1923,#1924,#565,.T.);
#2427=EDGE_CURVE('',#1924,#1925,#566,.T.);
#2428=EDGE_CURVE('',#1926,#1925,#567,.T.);
#2429=EDGE_CURVE('',#1923,#1926,#568,.T.);
#2430=EDGE_CURVE('',#1927,#1923,#231,.T.);
#2431=EDGE_CURVE('',#1928,#1926,#232,.T.);
#2432=EDGE_CURVE('',#1927,#1928,#569,.T.);
#2433=EDGE_CURVE('',#1929,#1927,#43,.T.);
#2434=EDGE_CURVE('',#1930,#1928,#44,.T.);
#2435=EDGE_CURVE('',#1929,#1930,#570,.T.);
#2436=EDGE_CURVE('',#1931,#1929,#571,.T.);
#2437=EDGE_CURVE('',#1932,#1930,#572,.T.);
#2438=EDGE_CURVE('',#1931,#1932,#573,.T.);
#2439=EDGE_CURVE('',#1933,#1931,#45,.T.);
#2440=EDGE_CURVE('',#1934,#1932,#46,.T.);
#2441=EDGE_CURVE('',#1933,#1934,#574,.T.);
#2442=EDGE_CURVE('',#1935,#1933,#575,.T.);
#2443=EDGE_CURVE('',#1936,#1934,#576,.T.);
#2444=EDGE_CURVE('',#1935,#1936,#577,.T.);
#2445=EDGE_CURVE('',#1937,#1935,#233,.T.);
#2446=EDGE_CURVE('',#1938,#1936,#234,.T.);
#2447=EDGE_CURVE('',#1937,#1938,#578,.T.);
#2448=EDGE_CURVE('',#1939,#1937,#47,.T.);
#2449=EDGE_CURVE('',#1940,#1938,#48,.T.);
#2450=EDGE_CURVE('',#1939,#1940,#579,.T.);
#2451=EDGE_CURVE('',#1941,#1939,#580,.T.);
#2452=EDGE_CURVE('',#1942,#1940,#581,.T.);
#2453=EDGE_CURVE('',#1941,#1942,#582,.T.);
#2454=EDGE_CURVE('',#1924,#1941,#49,.T.);
#2455=EDGE_CURVE('',#1925,#1942,#50,.T.);
#2456=EDGE_CURVE('',#1943,#1944,#583,.T.);
#2457=EDGE_CURVE('',#1944,#1945,#584,.T.);
#2458=EDGE_CURVE('',#1946,#1945,#585,.T.);
#2459=EDGE_CURVE('',#1943,#1946,#586,.T.);
#2460=EDGE_CURVE('',#1947,#1943,#51,.T.);
#2461=EDGE_CURVE('',#1948,#1946,#52,.T.);
#2462=EDGE_CURVE('',#1947,#1948,#587,.T.);
#2463=EDGE_CURVE('',#1949,#1947,#53,.T.);
#2464=EDGE_CURVE('',#1950,#1948,#54,.T.);
#2465=EDGE_CURVE('',#1949,#1950,#588,.T.);
#2466=EDGE_CURVE('',#1951,#1949,#235,.T.);
#2467=EDGE_CURVE('',#1952,#1950,#236,.T.);
#2468=EDGE_CURVE('',#1951,#1952,#589,.T.);
#2469=EDGE_CURVE('',#1953,#1951,#55,.T.);
#2470=EDGE_CURVE('',#1954,#1952,#56,.T.);
#2471=EDGE_CURVE('',#1953,#1954,#590,.T.);
#2472=EDGE_CURVE('',#1955,#1953,#591,.T.);
#2473=EDGE_CURVE('',#1956,#1954,#592,.T.);
#2474=EDGE_CURVE('',#1955,#1956,#593,.T.);
#2475=EDGE_CURVE('',#1957,#1955,#57,.T.);
#2476=EDGE_CURVE('',#1958,#1956,#58,.T.);
#2477=EDGE_CURVE('',#1957,#1958,#594,.T.);
#2478=EDGE_CURVE('',#1959,#1957,#59,.T.);
#2479=EDGE_CURVE('',#1960,#1958,#60,.T.);
#2480=EDGE_CURVE('',#1959,#1960,#595,.T.);
#2481=EDGE_CURVE('',#1961,#1959,#61,.T.);
#2482=EDGE_CURVE('',#1962,#1960,#62,.T.);
#2483=EDGE_CURVE('',#1961,#1962,#596,.T.);
#2484=EDGE_CURVE('',#1963,#1961,#237,.T.);
#2485=EDGE_CURVE('',#1964,#1962,#238,.T.);
#2486=EDGE_CURVE('',#1963,#1964,#597,.T.);
#2487=EDGE_CURVE('',#1965,#1963,#598,.T.);
#2488=EDGE_CURVE('',#1966,#1964,#599,.T.);
#2489=EDGE_CURVE('',#1965,#1966,#600,.T.);
#2490=EDGE_CURVE('',#1967,#1965,#63,.T.);
#2491=EDGE_CURVE('',#1968,#1966,#64,.T.);
#2492=EDGE_CURVE('',#1967,#1968,#601,.T.);
#2493=EDGE_CURVE('',#1969,#1967,#65,.T.);
#2494=EDGE_CURVE('',#1970,#1968,#66,.T.);
#2495=EDGE_CURVE('',#1969,#1970,#602,.T.);
#2496=EDGE_CURVE('',#1971,#1969,#67,.T.);
#2497=EDGE_CURVE('',#1972,#1970,#68,.T.);
#2498=EDGE_CURVE('',#1971,#1972,#603,.T.);
#2499=EDGE_CURVE('',#1973,#1971,#239,.T.);
#2500=EDGE_CURVE('',#1974,#1972,#240,.T.);
#2501=EDGE_CURVE('',#1973,#1974,#604,.T.);
#2502=EDGE_CURVE('',#1975,#1973,#605,.T.);
#2503=EDGE_CURVE('',#1976,#1974,#606,.T.);
#2504=EDGE_CURVE('',#1975,#1976,#607,.T.);
#2505=EDGE_CURVE('',#1977,#1975,#69,.T.);
#2506=EDGE_CURVE('',#1978,#1976,#70,.T.);
#2507=EDGE_CURVE('',#1977,#1978,#608,.T.);
#2508=EDGE_CURVE('',#1979,#1977,#241,.T.);
#2509=EDGE_CURVE('',#1980,#1978,#242,.T.);
#2510=EDGE_CURVE('',#1979,#1980,#609,.T.);
#2511=EDGE_CURVE('',#1981,#1979,#243,.T.);
#2512=EDGE_CURVE('',#1982,#1980,#244,.T.);
#2513=EDGE_CURVE('',#1981,#1982,#610,.T.);
#2514=EDGE_CURVE('',#1983,#1981,#611,.T.);
#2515=EDGE_CURVE('',#1984,#1982,#612,.T.);
#2516=EDGE_CURVE('',#1983,#1984,#613,.T.);
#2517=EDGE_CURVE('',#1985,#1983,#245,.T.);
#2518=EDGE_CURVE('',#1986,#1984,#246,.T.);
#2519=EDGE_CURVE('',#1985,#1986,#614,.T.);
#2520=EDGE_CURVE('',#1987,#1985,#71,.T.);
#2521=EDGE_CURVE('',#1988,#1986,#72,.T.);
#2522=EDGE_CURVE('',#1987,#1988,#615,.T.);
#2523=EDGE_CURVE('',#1989,#1987,#616,.T.);
#2524=EDGE_CURVE('',#1990,#1988,#617,.T.);
#2525=EDGE_CURVE('',#1989,#1990,#618,.T.);
#2526=EDGE_CURVE('',#1991,#1989,#73,.T.);
#2527=EDGE_CURVE('',#1992,#1990,#74,.T.);
#2528=EDGE_CURVE('',#1991,#1992,#619,.T.);
#2529=EDGE_CURVE('',#1993,#1991,#247,.T.);
#2530=EDGE_CURVE('',#1994,#1992,#248,.T.);
#2531=EDGE_CURVE('',#1993,#1994,#620,.T.);
#2532=EDGE_CURVE('',#1995,#1993,#249,.T.);
#2533=EDGE_CURVE('',#1996,#1994,#250,.T.);
#2534=EDGE_CURVE('',#1995,#1996,#621,.T.);
#2535=EDGE_CURVE('',#1997,#1995,#622,.T.);
#2536=EDGE_CURVE('',#1998,#1996,#623,.T.);
#2537=EDGE_CURVE('',#1997,#1998,#624,.T.);
#2538=EDGE_CURVE('',#1999,#1997,#251,.T.);
#2539=EDGE_CURVE('',#2000,#1998,#252,.T.);
#2540=EDGE_CURVE('',#1999,#2000,#625,.T.);
#2541=EDGE_CURVE('',#2001,#1999,#253,.T.);
#2542=EDGE_CURVE('',#2002,#2000,#254,.T.);
#2543=EDGE_CURVE('',#2001,#2002,#626,.T.);
#2544=EDGE_CURVE('',#2003,#2001,#255,.T.);
#2545=EDGE_CURVE('',#2004,#2002,#256,.T.);
#2546=EDGE_CURVE('',#2003,#2004,#627,.T.);
#2547=EDGE_CURVE('',#2005,#2003,#75,.T.);
#2548=EDGE_CURVE('',#2006,#2004,#76,.T.);
#2549=EDGE_CURVE('',#2005,#2006,#628,.T.);
#2550=EDGE_CURVE('',#2007,#2005,#257,.T.);
#2551=EDGE_CURVE('',#2008,#2006,#258,.T.);
#2552=EDGE_CURVE('',#2007,#2008,#629,.T.);
#2553=EDGE_CURVE('',#2009,#2007,#259,.T.);
#2554=EDGE_CURVE('',#2010,#2008,#260,.T.);
#2555=EDGE_CURVE('',#2009,#2010,#630,.T.);
#2556=EDGE_CURVE('',#2011,#2009,#631,.T.);
#2557=EDGE_CURVE('',#2012,#2010,#632,.T.);
#2558=EDGE_CURVE('',#2011,#2012,#633,.T.);
#2559=EDGE_CURVE('',#2013,#2011,#77,.T.);
#2560=EDGE_CURVE('',#2014,#2012,#78,.T.);
#2561=EDGE_CURVE('',#2013,#2014,#634,.T.);
#2562=EDGE_CURVE('',#2015,#2013,#261,.T.);
#2563=EDGE_CURVE('',#2016,#2014,#262,.T.);
#2564=EDGE_CURVE('',#2015,#2016,#635,.T.);
#2565=EDGE_CURVE('',#2017,#2015,#636,.T.);
#2566=EDGE_CURVE('',#2018,#2016,#637,.T.);
#2567=EDGE_CURVE('',#2017,#2018,#638,.T.);
#2568=EDGE_CURVE('',#2019,#2017,#639,.T.);
#2569=EDGE_CURVE('',#2020,#2018,#640,.T.);
#2570=EDGE_CURVE('',#2019,#2020,#641,.T.);
#2571=EDGE_CURVE('',#2021,#2019,#642,.T.);
#2572=EDGE_CURVE('',#2022,#2020,#643,.T.);
#2573=EDGE_CURVE('',#2021,#2022,#644,.T.);
#2574=EDGE_CURVE('',#2023,#2021,#263,.T.);
#2575=EDGE_CURVE('',#2024,#2022,#264,.T.);
#2576=EDGE_CURVE('',#2023,#2024,#645,.T.);
#2577=EDGE_CURVE('',#2025,#2023,#79,.T.);
#2578=EDGE_CURVE('',#2026,#2024,#80,.T.);
#2579=EDGE_CURVE('',#2025,#2026,#646,.T.);
#2580=EDGE_CURVE('',#2027,#2025,#647,.T.);
#2581=EDGE_CURVE('',#2028,#2026,#648,.T.);
#2582=EDGE_CURVE('',#2027,#2028,#649,.T.);
#2583=EDGE_CURVE('',#2029,#2027,#81,.T.);
#2584=EDGE_CURVE('',#2030,#2028,#82,.T.);
#2585=EDGE_CURVE('',#2029,#2030,#650,.T.);
#2586=EDGE_CURVE('',#2031,#2029,#651,.T.);
#2587=EDGE_CURVE('',#2032,#2030,#652,.T.);
#2588=EDGE_CURVE('',#2031,#2032,#653,.T.);
#2589=EDGE_CURVE('',#2033,#2031,#1805,.T.);
#2590=EDGE_CURVE('',#2034,#2032,#1806,.T.);
#2591=EDGE_CURVE('',#2033,#2034,#654,.T.);
#2592=EDGE_CURVE('',#2035,#2033,#655,.T.);
#2593=EDGE_CURVE('',#2036,#2034,#656,.T.);
#2594=EDGE_CURVE('',#2035,#2036,#657,.T.);
#2595=EDGE_CURVE('',#2037,#2035,#83,.T.);
#2596=EDGE_CURVE('',#2038,#2036,#84,.T.);
#2597=EDGE_CURVE('',#2037,#2038,#658,.T.);
#2598=EDGE_CURVE('',#2039,#2037,#265,.T.);
#2599=EDGE_CURVE('',#2040,#2038,#266,.T.);
#2600=EDGE_CURVE('',#2039,#2040,#659,.T.);
#2601=EDGE_CURVE('',#2041,#2039,#85,.T.);
#2602=EDGE_CURVE('',#2042,#2040,#86,.T.);
#2603=EDGE_CURVE('',#2041,#2042,#660,.T.);
#2604=EDGE_CURVE('',#2043,#2041,#661,.T.);
#2605=EDGE_CURVE('',#2044,#2042,#662,.T.);
#2606=EDGE_CURVE('',#2043,#2044,#663,.T.);
#2607=EDGE_CURVE('',#2045,#2043,#87,.T.);
#2608=EDGE_CURVE('',#2046,#2044,#88,.T.);
#2609=EDGE_CURVE('',#2045,#2046,#664,.T.);
#2610=EDGE_CURVE('',#2047,#2045,#665,.T.);
#2611=EDGE_CURVE('',#2048,#2046,#666,.T.);
#2612=EDGE_CURVE('',#2047,#2048,#667,.T.);
#2613=EDGE_CURVE('',#2049,#2047,#267,.T.);
#2614=EDGE_CURVE('',#2050,#2048,#268,.T.);
#2615=EDGE_CURVE('',#2049,#2050,#668,.T.);
#2616=EDGE_CURVE('',#2051,#2049,#89,.T.);
#2617=EDGE_CURVE('',#2052,#2050,#90,.T.);
#2618=EDGE_CURVE('',#2051,#2052,#669,.T.);
#2619=EDGE_CURVE('',#2053,#2051,#670,.T.);
#2620=EDGE_CURVE('',#2054,#2052,#671,.T.);
#2621=EDGE_CURVE('',#2053,#2054,#672,.T.);
#2622=EDGE_CURVE('',#2055,#2053,#91,.T.);
#2623=EDGE_CURVE('',#2056,#2054,#92,.T.);
#2624=EDGE_CURVE('',#2055,#2056,#673,.T.);
#2625=EDGE_CURVE('',#2057,#2055,#674,.T.);
#2626=EDGE_CURVE('',#2058,#2056,#675,.T.);
#2627=EDGE_CURVE('',#2057,#2058,#676,.T.);
#2628=EDGE_CURVE('',#2059,#2057,#93,.T.);
#2629=EDGE_CURVE('',#2060,#2058,#94,.T.);
#2630=EDGE_CURVE('',#2059,#2060,#677,.T.);
#2631=EDGE_CURVE('',#2061,#2059,#678,.T.);
#2632=EDGE_CURVE('',#2062,#2060,#679,.T.);
#2633=EDGE_CURVE('',#2061,#2062,#680,.T.);
#2634=EDGE_CURVE('',#2063,#2061,#681,.T.);
#2635=EDGE_CURVE('',#2064,#2062,#682,.T.);
#2636=EDGE_CURVE('',#2063,#2064,#683,.T.);
#2637=EDGE_CURVE('',#2065,#2063,#684,.T.);
#2638=EDGE_CURVE('',#2066,#2064,#685,.T.);
#2639=EDGE_CURVE('',#2065,#2066,#686,.T.);
#2640=EDGE_CURVE('',#2067,#2065,#269,.T.);
#2641=EDGE_CURVE('',#2068,#2066,#270,.T.);
#2642=EDGE_CURVE('',#2067,#2068,#687,.T.);
#2643=EDGE_CURVE('',#2069,#2067,#1807,.T.);
#2644=EDGE_CURVE('',#2070,#2068,#1808,.T.);
#2645=EDGE_CURVE('',#2069,#2070,#688,.T.);
#2646=EDGE_CURVE('',#2071,#2069,#95,.T.);
#2647=EDGE_CURVE('',#2072,#2070,#96,.T.);
#2648=EDGE_CURVE('',#2071,#2072,#689,.T.);
#2649=EDGE_CURVE('',#2073,#2071,#97,.T.);
#2650=EDGE_CURVE('',#2074,#2072,#98,.T.);
#2651=EDGE_CURVE('',#2073,#2074,#690,.T.);
#2652=EDGE_CURVE('',#2075,#2073,#271,.T.);
#2653=EDGE_CURVE('',#2076,#2074,#272,.T.);
#2654=EDGE_CURVE('',#2075,#2076,#691,.T.);
#2655=EDGE_CURVE('',#2077,#2075,#273,.T.);
#2656=EDGE_CURVE('',#2078,#2076,#274,.T.);
#2657=EDGE_CURVE('',#2077,#2078,#692,.T.);
#2658=EDGE_CURVE('',#2079,#2077,#275,.T.);
#2659=EDGE_CURVE('',#2080,#2078,#276,.T.);
#2660=EDGE_CURVE('',#2079,#2080,#693,.T.);
#2661=EDGE_CURVE('',#2081,#2079,#694,.T.);
#2662=EDGE_CURVE('',#2082,#2080,#695,.T.);
#2663=EDGE_CURVE('',#2081,#2082,#696,.T.);
#2664=EDGE_CURVE('',#2083,#2081,#697,.T.);
#2665=EDGE_CURVE('',#2084,#2082,#698,.T.);
#2666=EDGE_CURVE('',#2083,#2084,#699,.T.);
#2667=EDGE_CURVE('',#2085,#2083,#99,.T.);
#2668=EDGE_CURVE('',#2086,#2084,#100,.T.);
#2669=EDGE_CURVE('',#2085,#2086,#700,.T.);
#2670=EDGE_CURVE('',#2087,#2085,#701,.T.);
#2671=EDGE_CURVE('',#2088,#2086,#702,.T.);
#2672=EDGE_CURVE('',#2087,#2088,#703,.T.);
#2673=EDGE_CURVE('',#2089,#2087,#101,.T.);
#2674=EDGE_CURVE('',#2090,#2088,#102,.T.);
#2675=EDGE_CURVE('',#2089,#2090,#704,.T.);
#2676=EDGE_CURVE('',#2091,#2089,#277,.T.);
#2677=EDGE_CURVE('',#2092,#2090,#278,.T.);
#2678=EDGE_CURVE('',#2091,#2092,#705,.T.);
#2679=EDGE_CURVE('',#2093,#2091,#1809,.T.);
#2680=EDGE_CURVE('',#2094,#2092,#1810,.T.);
#2681=EDGE_CURVE('',#2093,#2094,#706,.T.);
#2682=EDGE_CURVE('',#2095,#2093,#707,.T.);
#2683=EDGE_CURVE('',#2096,#2094,#708,.T.);
#2684=EDGE_CURVE('',#2095,#2096,#709,.T.);
#2685=EDGE_CURVE('',#2097,#2095,#710,.T.);
#2686=EDGE_CURVE('',#2098,#2096,#711,.T.);
#2687=EDGE_CURVE('',#2097,#2098,#712,.T.);
#2688=EDGE_CURVE('',#2099,#2097,#103,.T.);
#2689=EDGE_CURVE('',#2100,#2098,#104,.T.);
#2690=EDGE_CURVE('',#2099,#2100,#713,.T.);
#2691=EDGE_CURVE('',#2101,#2099,#279,.T.);
#2692=EDGE_CURVE('',#2102,#2100,#280,.T.);
#2693=EDGE_CURVE('',#2101,#2102,#714,.T.);
#2694=EDGE_CURVE('',#2103,#2101,#715,.T.);
#2695=EDGE_CURVE('',#2104,#2102,#716,.T.);
#2696=EDGE_CURVE('',#2103,#2104,#717,.T.);
#2697=EDGE_CURVE('',#2105,#2103,#281,.T.);
#2698=EDGE_CURVE('',#2106,#2104,#282,.T.);
#2699=EDGE_CURVE('',#2105,#2106,#718,.T.);
#2700=EDGE_CURVE('',#2107,#2105,#105,.T.);
#2701=EDGE_CURVE('',#2108,#2106,#106,.T.);
#2702=EDGE_CURVE('',#2107,#2108,#719,.T.);
#2703=EDGE_CURVE('',#2109,#2107,#720,.T.);
#2704=EDGE_CURVE('',#2110,#2108,#721,.T.);
#2705=EDGE_CURVE('',#2109,#2110,#722,.T.);
#2706=EDGE_CURVE('',#2111,#2109,#107,.T.);
#2707=EDGE_CURVE('',#2112,#2110,#108,.T.);
#2708=EDGE_CURVE('',#2111,#2112,#723,.T.);
#2709=EDGE_CURVE('',#2113,#2111,#1811,.T.);
#2710=EDGE_CURVE('',#2114,#2112,#1812,.T.);
#2711=EDGE_CURVE('',#2113,#2114,#724,.T.);
#2712=EDGE_CURVE('',#2115,#2113,#283,.T.);
#2713=EDGE_CURVE('',#2116,#2114,#284,.T.);
#2714=EDGE_CURVE('',#2115,#2116,#725,.T.);
#2715=EDGE_CURVE('',#2117,#2115,#285,.T.);
#2716=EDGE_CURVE('',#2118,#2116,#286,.T.);
#2717=EDGE_CURVE('',#2117,#2118,#726,.T.);
#2718=EDGE_CURVE('',#2119,#2117,#287,.T.);
#2719=EDGE_CURVE('',#2120,#2118,#288,.T.);
#2720=EDGE_CURVE('',#2119,#2120,#727,.T.);
#2721=EDGE_CURVE('',#2121,#2119,#1813,.T.);
#2722=EDGE_CURVE('',#2122,#2120,#1814,.T.);
#2723=EDGE_CURVE('',#2121,#2122,#728,.T.);
#2724=EDGE_CURVE('',#2123,#2121,#729,.T.);
#2725=EDGE_CURVE('',#2124,#2122,#730,.T.);
#2726=EDGE_CURVE('',#2123,#2124,#731,.T.);
#2727=EDGE_CURVE('',#2125,#2123,#109,.T.);
#2728=EDGE_CURVE('',#2126,#2124,#110,.T.);
#2729=EDGE_CURVE('',#2125,#2126,#732,.T.);
#2730=EDGE_CURVE('',#2127,#2125,#733,.T.);
#2731=EDGE_CURVE('',#2128,#2126,#734,.T.);
#2732=EDGE_CURVE('',#2127,#2128,#735,.T.);
#2733=EDGE_CURVE('',#2129,#2127,#1815,.T.);
#2734=EDGE_CURVE('',#2130,#2128,#1816,.T.);
#2735=EDGE_CURVE('',#2129,#2130,#736,.T.);
#2736=EDGE_CURVE('',#2131,#2129,#737,.T.);
#2737=EDGE_CURVE('',#2132,#2130,#738,.T.);
#2738=EDGE_CURVE('',#2131,#2132,#739,.T.);
#2739=EDGE_CURVE('',#2133,#2131,#111,.T.);
#2740=EDGE_CURVE('',#2134,#2132,#112,.T.);
#2741=EDGE_CURVE('',#2133,#2134,#740,.T.);
#2742=EDGE_CURVE('',#2135,#2133,#741,.T.);
#2743=EDGE_CURVE('',#2136,#2134,#742,.T.);
#2744=EDGE_CURVE('',#2135,#2136,#743,.T.);
#2745=EDGE_CURVE('',#2137,#2135,#113,.T.);
#2746=EDGE_CURVE('',#2138,#2136,#114,.T.);
#2747=EDGE_CURVE('',#2137,#2138,#744,.T.);
#2748=EDGE_CURVE('',#2139,#2137,#745,.T.);
#2749=EDGE_CURVE('',#2140,#2138,#746,.T.);
#2750=EDGE_CURVE('',#2139,#2140,#747,.T.);
#2751=EDGE_CURVE('',#2141,#2139,#115,.T.);
#2752=EDGE_CURVE('',#2142,#2140,#116,.T.);
#2753=EDGE_CURVE('',#2141,#2142,#748,.T.);
#2754=EDGE_CURVE('',#2143,#2141,#289,.T.);
#2755=EDGE_CURVE('',#2144,#2142,#290,.T.);
#2756=EDGE_CURVE('',#2143,#2144,#749,.T.);
#2757=EDGE_CURVE('',#2145,#2143,#291,.T.);
#2758=EDGE_CURVE('',#2146,#2144,#292,.T.);
#2759=EDGE_CURVE('',#2145,#2146,#750,.T.);
#2760=EDGE_CURVE('',#2147,#2145,#1817,.T.);
#2761=EDGE_CURVE('',#2148,#2146,#1818,.T.);
#2762=EDGE_CURVE('',#2147,#2148,#751,.T.);
#2763=EDGE_CURVE('',#2149,#2147,#752,.T.);
#2764=EDGE_CURVE('',#2150,#2148,#753,.T.);
#2765=EDGE_CURVE('',#2149,#2150,#754,.T.);
#2766=EDGE_CURVE('',#2151,#2149,#117,.T.);
#2767=EDGE_CURVE('',#2152,#2150,#118,.T.);
#2768=EDGE_CURVE('',#2151,#2152,#755,.T.);
#2769=EDGE_CURVE('',#2153,#2151,#293,.T.);
#2770=EDGE_CURVE('',#2154,#2152,#294,.T.);
#2771=EDGE_CURVE('',#2153,#2154,#756,.T.);
#2772=EDGE_CURVE('',#2155,#2153,#119,.T.);
#2773=EDGE_CURVE('',#2156,#2154,#120,.T.);
#2774=EDGE_CURVE('',#2155,#2156,#757,.T.);
#2775=EDGE_CURVE('',#2157,#2155,#758,.T.);
#2776=EDGE_CURVE('',#2158,#2156,#759,.T.);
#2777=EDGE_CURVE('',#2157,#2158,#760,.T.);
#2778=EDGE_CURVE('',#2159,#2157,#121,.T.);
#2779=EDGE_CURVE('',#2160,#2158,#122,.T.);
#2780=EDGE_CURVE('',#2159,#2160,#761,.T.);
#2781=EDGE_CURVE('',#2161,#2159,#762,.T.);
#2782=EDGE_CURVE('',#2162,#2160,#763,.T.);
#2783=EDGE_CURVE('',#2161,#2162,#764,.T.);
#2784=EDGE_CURVE('',#2163,#2161,#295,.T.);
#2785=EDGE_CURVE('',#2164,#2162,#296,.T.);
#2786=EDGE_CURVE('',#2163,#2164,#765,.T.);
#2787=EDGE_CURVE('',#2165,#2163,#123,.T.);
#2788=EDGE_CURVE('',#2166,#2164,#124,.T.);
#2789=EDGE_CURVE('',#2165,#2166,#766,.T.);
#2790=EDGE_CURVE('',#2167,#2165,#767,.T.);
#2791=EDGE_CURVE('',#2168,#2166,#768,.T.);
#2792=EDGE_CURVE('',#2167,#2168,#769,.T.);
#2793=EDGE_CURVE('',#2169,#2167,#125,.T.);
#2794=EDGE_CURVE('',#2170,#2168,#126,.T.);
#2795=EDGE_CURVE('',#2169,#2170,#770,.T.);
#2796=EDGE_CURVE('',#2171,#2169,#127,.T.);
#2797=EDGE_CURVE('',#2172,#2170,#128,.T.);
#2798=EDGE_CURVE('',#2171,#2172,#771,.T.);
#2799=EDGE_CURVE('',#2173,#2171,#1819,.T.);
#2800=EDGE_CURVE('',#2174,#2172,#1820,.T.);
#2801=EDGE_CURVE('',#2173,#2174,#772,.T.);
#2802=EDGE_CURVE('',#2175,#2173,#773,.T.);
#2803=EDGE_CURVE('',#2176,#2174,#774,.T.);
#2804=EDGE_CURVE('',#2175,#2176,#775,.T.);
#2805=EDGE_CURVE('',#2177,#2175,#129,.T.);
#2806=EDGE_CURVE('',#2178,#2176,#130,.T.);
#2807=EDGE_CURVE('',#2177,#2178,#776,.T.);
#2808=EDGE_CURVE('',#2179,#2177,#131,.T.);
#2809=EDGE_CURVE('',#2180,#2178,#132,.T.);
#2810=EDGE_CURVE('',#2179,#2180,#777,.T.);
#2811=EDGE_CURVE('',#2181,#2179,#778,.T.);
#2812=EDGE_CURVE('',#2182,#2180,#779,.T.);
#2813=EDGE_CURVE('',#2181,#2182,#780,.T.);
#2814=EDGE_CURVE('',#2183,#2181,#297,.T.);
#2815=EDGE_CURVE('',#2184,#2182,#298,.T.);
#2816=EDGE_CURVE('',#2183,#2184,#781,.T.);
#2817=EDGE_CURVE('',#2185,#2183,#133,.T.);
#2818=EDGE_CURVE('',#2186,#2184,#134,.T.);
#2819=EDGE_CURVE('',#2185,#2186,#782,.T.);
#2820=EDGE_CURVE('',#2187,#2185,#783,.T.);
#2821=EDGE_CURVE('',#2188,#2186,#784,.T.);
#2822=EDGE_CURVE('',#2187,#2188,#785,.T.);
#2823=EDGE_CURVE('',#2189,#2187,#135,.T.);
#2824=EDGE_CURVE('',#2190,#2188,#136,.T.);
#2825=EDGE_CURVE('',#2189,#2190,#786,.T.);
#2826=EDGE_CURVE('',#2191,#2189,#299,.T.);
#2827=EDGE_CURVE('',#2192,#2190,#300,.T.);
#2828=EDGE_CURVE('',#2191,#2192,#787,.T.);
#2829=EDGE_CURVE('',#2193,#2191,#301,.T.);
#2830=EDGE_CURVE('',#2194,#2192,#302,.T.);
#2831=EDGE_CURVE('',#2193,#2194,#788,.T.);
#2832=EDGE_CURVE('',#2195,#2193,#789,.T.);
#2833=EDGE_CURVE('',#2196,#2194,#790,.T.);
#2834=EDGE_CURVE('',#2195,#2196,#791,.T.);
#2835=EDGE_CURVE('',#2197,#2195,#303,.T.);
#2836=EDGE_CURVE('',#2198,#2196,#304,.T.);
#2837=EDGE_CURVE('',#2197,#2198,#792,.T.);
#2838=EDGE_CURVE('',#2199,#2197,#137,.T.);
#2839=EDGE_CURVE('',#2200,#2198,#138,.T.);
#2840=EDGE_CURVE('',#2199,#2200,#793,.T.);
#2841=EDGE_CURVE('',#2201,#2199,#794,.T.);
#2842=EDGE_CURVE('',#2202,#2200,#795,.T.);
#2843=EDGE_CURVE('',#2201,#2202,#796,.T.);
#2844=EDGE_CURVE('',#2203,#2201,#305,.T.);
#2845=EDGE_CURVE('',#2204,#2202,#306,.T.);
#2846=EDGE_CURVE('',#2203,#2204,#797,.T.);
#2847=EDGE_CURVE('',#2205,#2203,#139,.T.);
#2848=EDGE_CURVE('',#2206,#2204,#140,.T.);
#2849=EDGE_CURVE('',#2205,#2206,#798,.T.);
#2850=EDGE_CURVE('',#2207,#2205,#799,.T.);
#2851=EDGE_CURVE('',#2208,#2206,#800,.T.);
#2852=EDGE_CURVE('',#2207,#2208,#801,.T.);
#2853=EDGE_CURVE('',#2209,#2207,#141,.T.);
#2854=EDGE_CURVE('',#2210,#2208,#142,.T.);
#2855=EDGE_CURVE('',#2209,#2210,#802,.T.);
#2856=EDGE_CURVE('',#2211,#2209,#803,.T.);
#2857=EDGE_CURVE('',#2212,#2210,#804,.T.);
#2858=EDGE_CURVE('',#2211,#2212,#805,.T.);
#2859=EDGE_CURVE('',#2213,#2211,#143,.T.);
#2860=EDGE_CURVE('',#2214,#2212,#144,.T.);
#2861=EDGE_CURVE('',#2213,#2214,#806,.T.);
#2862=EDGE_CURVE('',#2215,#2213,#807,.T.);
#2863=EDGE_CURVE('',#2216,#2214,#808,.T.);
#2864=EDGE_CURVE('',#2215,#2216,#809,.T.);
#2865=EDGE_CURVE('',#2217,#2215,#810,.T.);
#2866=EDGE_CURVE('',#2218,#2216,#811,.T.);
#2867=EDGE_CURVE('',#2217,#2218,#812,.T.);
#2868=EDGE_CURVE('',#2219,#2217,#145,.T.);
#2869=EDGE_CURVE('',#2220,#2218,#146,.T.);
#2870=EDGE_CURVE('',#2219,#2220,#813,.T.);
#2871=EDGE_CURVE('',#2221,#2219,#307,.T.);
#2872=EDGE_CURVE('',#2222,#2220,#308,.T.);
#2873=EDGE_CURVE('',#2221,#2222,#814,.T.);
#2874=EDGE_CURVE('',#2223,#2221,#309,.T.);
#2875=EDGE_CURVE('',#2224,#2222,#310,.T.);
#2876=EDGE_CURVE('',#2223,#2224,#815,.T.);
#2877=EDGE_CURVE('',#2225,#2223,#147,.T.);
#2878=EDGE_CURVE('',#2226,#2224,#148,.T.);
#2879=EDGE_CURVE('',#2225,#2226,#816,.T.);
#2880=EDGE_CURVE('',#2227,#2225,#1821,.T.);
#2881=EDGE_CURVE('',#2228,#2226,#1822,.T.);
#2882=EDGE_CURVE('',#2227,#2228,#817,.T.);
#2883=EDGE_CURVE('',#2229,#2227,#818,.T.);
#2884=EDGE_CURVE('',#2230,#2228,#819,.T.);
#2885=EDGE_CURVE('',#2229,#2230,#820,.T.);
#2886=EDGE_CURVE('',#2231,#2229,#311,.T.);
#2887=EDGE_CURVE('',#2232,#2230,#312,.T.);
#2888=EDGE_CURVE('',#2231,#2232,#821,.T.);
#2889=EDGE_CURVE('',#2233,#2231,#822,.T.);
#2890=EDGE_CURVE('',#2234,#2232,#823,.T.);
#2891=EDGE_CURVE('',#2233,#2234,#824,.T.);
#2892=EDGE_CURVE('',#2235,#2233,#1823,.T.);
#2893=EDGE_CURVE('',#2236,#2234,#1824,.T.);
#2894=EDGE_CURVE('',#2235,#2236,#825,.T.);
#2895=EDGE_CURVE('',#2237,#2235,#826,.T.);
#2896=EDGE_CURVE('',#2238,#2236,#827,.T.);
#2897=EDGE_CURVE('',#2237,#2238,#828,.T.);
#2898=EDGE_CURVE('',#2239,#2237,#149,.T.);
#2899=EDGE_CURVE('',#2240,#2238,#150,.T.);
#2900=EDGE_CURVE('',#2239,#2240,#829,.T.);
#2901=EDGE_CURVE('',#2241,#2239,#313,.T.);
#2902=EDGE_CURVE('',#2242,#2240,#314,.T.);
#2903=EDGE_CURVE('',#2241,#2242,#830,.T.);
#2904=EDGE_CURVE('',#2243,#2241,#151,.T.);
#2905=EDGE_CURVE('',#2244,#2242,#152,.T.);
#2906=EDGE_CURVE('',#2243,#2244,#831,.T.);
#2907=EDGE_CURVE('',#2245,#2243,#153,.T.);
#2908=EDGE_CURVE('',#2246,#2244,#154,.T.);
#2909=EDGE_CURVE('',#2245,#2246,#832,.T.);
#2910=EDGE_CURVE('',#2247,#2245,#833,.T.);
#2911=EDGE_CURVE('',#2248,#2246,#834,.T.);
#2912=EDGE_CURVE('',#2247,#2248,#835,.T.);
#2913=EDGE_CURVE('',#2249,#2247,#315,.T.);
#2914=EDGE_CURVE('',#2250,#2248,#316,.T.);
#2915=EDGE_CURVE('',#2249,#2250,#836,.T.);
#2916=EDGE_CURVE('',#2251,#2249,#837,.T.);
#2917=EDGE_CURVE('',#2252,#2250,#838,.T.);
#2918=EDGE_CURVE('',#2251,#2252,#839,.T.);
#2919=EDGE_CURVE('',#2253,#2251,#155,.T.);
#2920=EDGE_CURVE('',#2254,#2252,#156,.T.);
#2921=EDGE_CURVE('',#2253,#2254,#840,.T.);
#2922=EDGE_CURVE('',#2255,#2253,#841,.T.);
#2923=EDGE_CURVE('',#2256,#2254,#842,.T.);
#2924=EDGE_CURVE('',#2255,#2256,#843,.T.);
#2925=EDGE_CURVE('',#2257,#2255,#844,.T.);
#2926=EDGE_CURVE('',#2258,#2256,#845,.T.);
#2927=EDGE_CURVE('',#2257,#2258,#846,.T.);
#2928=EDGE_CURVE('',#2259,#2257,#317,.T.);
#2929=EDGE_CURVE('',#2260,#2258,#318,.T.);
#2930=EDGE_CURVE('',#2259,#2260,#847,.T.);
#2931=EDGE_CURVE('',#2261,#2259,#319,.T.);
#2932=EDGE_CURVE('',#2262,#2260,#320,.T.);
#2933=EDGE_CURVE('',#2261,#2262,#848,.T.);
#2934=EDGE_CURVE('',#2263,#2261,#157,.T.);
#2935=EDGE_CURVE('',#2264,#2262,#158,.T.);
#2936=EDGE_CURVE('',#2263,#2264,#849,.T.);
#2937=EDGE_CURVE('',#2265,#2263,#850,.T.);
#2938=EDGE_CURVE('',#2266,#2264,#851,.T.);
#2939=EDGE_CURVE('',#2265,#2266,#852,.T.);
#2940=EDGE_CURVE('',#2267,#2265,#1825,.T.);
#2941=EDGE_CURVE('',#2268,#2266,#1826,.T.);
#2942=EDGE_CURVE('',#2267,#2268,#853,.T.);
#2943=EDGE_CURVE('',#2269,#2267,#321,.T.);
#2944=EDGE_CURVE('',#2270,#2268,#322,.T.);
#2945=EDGE_CURVE('',#2269,#2270,#854,.T.);
#2946=EDGE_CURVE('',#2271,#2269,#159,.T.);
#2947=EDGE_CURVE('',#2272,#2270,#160,.T.);
#2948=EDGE_CURVE('',#2271,#2272,#855,.T.);
#2949=EDGE_CURVE('',#1944,#2271,#1827,.T.);
#2950=EDGE_CURVE('',#1945,#2272,#1828,.T.);
#2951=ORIENTED_EDGE('',*,*,#2273,.F.);
#2952=ORIENTED_EDGE('',*,*,#2274,.F.);
#2953=ORIENTED_EDGE('',*,*,#2275,.F.);
#2954=ORIENTED_EDGE('',*,*,#2276,.F.);
#2955=ORIENTED_EDGE('',*,*,#2277,.F.);
#2956=ORIENTED_EDGE('',*,*,#2278,.F.);
#2957=ORIENTED_EDGE('',*,*,#2279,.T.);
#2958=ORIENTED_EDGE('',*,*,#2280,.T.);
#2959=ORIENTED_EDGE('',*,*,#2277,.T.);
#2960=ORIENTED_EDGE('',*,*,#2281,.T.);
#2961=ORIENTED_EDGE('',*,*,#2274,.T.);
#2962=ORIENTED_EDGE('',*,*,#2282,.T.);
#2963=ORIENTED_EDGE('',*,*,#2278,.T.);
#2964=ORIENTED_EDGE('',*,*,#2283,.T.);
#2965=ORIENTED_EDGE('',*,*,#2284,.F.);
#2966=ORIENTED_EDGE('',*,*,#2285,.F.);
#2967=ORIENTED_EDGE('',*,*,#2286,.F.);
#2968=ORIENTED_EDGE('',*,*,#2285,.T.);
#2969=ORIENTED_EDGE('',*,*,#2287,.T.);
#2970=ORIENTED_EDGE('',*,*,#2273,.T.);
#2971=ORIENTED_EDGE('',*,*,#2288,.T.);
#2972=ORIENTED_EDGE('',*,*,#2289,.T.);
#2973=ORIENTED_EDGE('',*,*,#2290,.T.);
#2974=ORIENTED_EDGE('',*,*,#2286,.T.);
#2975=ORIENTED_EDGE('',*,*,#2291,.T.);
#2976=ORIENTED_EDGE('',*,*,#2292,.F.);
#2977=ORIENTED_EDGE('',*,*,#2293,.F.);
#2978=ORIENTED_EDGE('',*,*,#2294,.F.);
#2979=ORIENTED_EDGE('',*,*,#2293,.T.);
#2980=ORIENTED_EDGE('',*,*,#2295,.T.);
#2981=ORIENTED_EDGE('',*,*,#2276,.T.);
#2982=ORIENTED_EDGE('',*,*,#2296,.T.);
#2983=ORIENTED_EDGE('',*,*,#2284,.T.);
#2984=ORIENTED_EDGE('',*,*,#2297,.T.);
#2985=ORIENTED_EDGE('',*,*,#2294,.T.);
#2986=ORIENTED_EDGE('',*,*,#2298,.T.);
#2987=ORIENTED_EDGE('',*,*,#2299,.T.);
#2988=ORIENTED_EDGE('',*,*,#2300,.T.);
#2989=ORIENTED_EDGE('',*,*,#2292,.T.);
#2990=ORIENTED_EDGE('',*,*,#2301,.T.);
#2991=ORIENTED_EDGE('',*,*,#2302,.T.);
#2992=ORIENTED_EDGE('',*,*,#2303,.T.);
#2993=ORIENTED_EDGE('',*,*,#2275,.T.);
#2994=ORIENTED_EDGE('',*,*,#2304,.T.);
#2995=ORIENTED_EDGE('',*,*,#2301,.F.);
#2996=ORIENTED_EDGE('',*,*,#2297,.F.);
#2997=ORIENTED_EDGE('',*,*,#2290,.F.);
#2998=ORIENTED_EDGE('',*,*,#2305,.T.);
#2999=ORIENTED_EDGE('',*,*,#2291,.F.);
#3000=ORIENTED_EDGE('',*,*,#2288,.F.);
#3001=ORIENTED_EDGE('',*,*,#2303,.F.);
#3002=ORIENTED_EDGE('',*,*,#2306,.T.);
#3003=ORIENTED_EDGE('',*,*,#2282,.F.);
#3004=ORIENTED_EDGE('',*,*,#2287,.F.);
#3005=ORIENTED_EDGE('',*,*,#2298,.F.);
#3006=ORIENTED_EDGE('',*,*,#2296,.F.);
#3007=ORIENTED_EDGE('',*,*,#2299,.F.);
#3008=ORIENTED_EDGE('',*,*,#2305,.F.);
#3009=ORIENTED_EDGE('',*,*,#2289,.F.);
#3010=ORIENTED_EDGE('',*,*,#2306,.F.);
#3011=ORIENTED_EDGE('',*,*,#2302,.F.);
#3012=ORIENTED_EDGE('',*,*,#2307,.T.);
#3013=ORIENTED_EDGE('',*,*,#2279,.F.);
#3014=ORIENTED_EDGE('',*,*,#2308,.T.);
#3015=ORIENTED_EDGE('',*,*,#2300,.F.);
#3016=ORIENTED_EDGE('',*,*,#2308,.F.);
#3017=ORIENTED_EDGE('',*,*,#2281,.F.);
#3018=ORIENTED_EDGE('',*,*,#2295,.F.);
#3019=ORIENTED_EDGE('',*,*,#2280,.F.);
#3020=ORIENTED_EDGE('',*,*,#2307,.F.);
#3021=ORIENTED_EDGE('',*,*,#2304,.F.);
#3022=ORIENTED_EDGE('',*,*,#2283,.F.);
#3023=ORIENTED_EDGE('',*,*,#2309,.F.);
#3024=ORIENTED_EDGE('',*,*,#2310,.F.);
#3025=ORIENTED_EDGE('',*,*,#2311,.F.);
#3026=ORIENTED_EDGE('',*,*,#2312,.F.);
#3027=ORIENTED_EDGE('',*,*,#2313,.F.);
#3028=ORIENTED_EDGE('',*,*,#2314,.F.);
#3029=ORIENTED_EDGE('',*,*,#2315,.F.);
#3030=ORIENTED_EDGE('',*,*,#2316,.F.);
#3031=ORIENTED_EDGE('',*,*,#2317,.F.);
#3032=ORIENTED_EDGE('',*,*,#2318,.F.);
#3033=ORIENTED_EDGE('',*,*,#2319,.F.);
#3034=ORIENTED_EDGE('',*,*,#2320,.F.);
#3035=ORIENTED_EDGE('',*,*,#2319,.T.);
#3036=ORIENTED_EDGE('',*,*,#2321,.T.);
#3037=ORIENTED_EDGE('',*,*,#2313,.T.);
#3038=ORIENTED_EDGE('',*,*,#2322,.T.);
#3039=ORIENTED_EDGE('',*,*,#2323,.T.);
#3040=ORIENTED_EDGE('',*,*,#2324,.T.);
#3041=ORIENTED_EDGE('',*,*,#2320,.T.);
#3042=ORIENTED_EDGE('',*,*,#2325,.T.);
#3043=ORIENTED_EDGE('',*,*,#2316,.T.);
#3044=ORIENTED_EDGE('',*,*,#2326,.T.);
#3045=ORIENTED_EDGE('',*,*,#2318,.T.);
#3046=ORIENTED_EDGE('',*,*,#2327,.T.);
#3047=ORIENTED_EDGE('',*,*,#2328,.T.);
#3048=ORIENTED_EDGE('',*,*,#2329,.T.);
#3049=ORIENTED_EDGE('',*,*,#2317,.T.);
#3050=ORIENTED_EDGE('',*,*,#2330,.T.);
#3051=ORIENTED_EDGE('',*,*,#2315,.T.);
#3052=ORIENTED_EDGE('',*,*,#2331,.T.);
#3053=ORIENTED_EDGE('',*,*,#2311,.T.);
#3054=ORIENTED_EDGE('',*,*,#2332,.T.);
#3055=ORIENTED_EDGE('',*,*,#2310,.T.);
#3056=ORIENTED_EDGE('',*,*,#2333,.T.);
#3057=ORIENTED_EDGE('',*,*,#2314,.T.);
#3058=ORIENTED_EDGE('',*,*,#2334,.T.);
#3059=ORIENTED_EDGE('',*,*,#2335,.T.);
#3060=ORIENTED_EDGE('',*,*,#2336,.T.);
#3061=ORIENTED_EDGE('',*,*,#2312,.T.);
#3062=ORIENTED_EDGE('',*,*,#2337,.T.);
#3063=ORIENTED_EDGE('',*,*,#2338,.T.);
#3064=ORIENTED_EDGE('',*,*,#2339,.T.);
#3065=ORIENTED_EDGE('',*,*,#2309,.T.);
#3066=ORIENTED_EDGE('',*,*,#2340,.T.);
#3067=ORIENTED_EDGE('',*,*,#2325,.F.);
#3068=ORIENTED_EDGE('',*,*,#2322,.F.);
#3069=ORIENTED_EDGE('',*,*,#2336,.F.);
#3070=ORIENTED_EDGE('',*,*,#2341,.F.);
#3071=ORIENTED_EDGE('',*,*,#2323,.F.);
#3072=ORIENTED_EDGE('',*,*,#2341,.T.);
#3073=ORIENTED_EDGE('',*,*,#2335,.F.);
#3074=ORIENTED_EDGE('',*,*,#2342,.T.);
#3075=ORIENTED_EDGE('',*,*,#2338,.F.);
#3076=ORIENTED_EDGE('',*,*,#2343,.F.);
#3077=ORIENTED_EDGE('',*,*,#2328,.F.);
#3078=ORIENTED_EDGE('',*,*,#2344,.F.);
#3079=ORIENTED_EDGE('',*,*,#2337,.F.);
#3080=ORIENTED_EDGE('',*,*,#2333,.F.);
#3081=ORIENTED_EDGE('',*,*,#2339,.F.);
#3082=ORIENTED_EDGE('',*,*,#2342,.F.);
#3083=ORIENTED_EDGE('',*,*,#2321,.F.);
#3084=ORIENTED_EDGE('',*,*,#2326,.F.);
#3085=ORIENTED_EDGE('',*,*,#2332,.F.);
#3086=ORIENTED_EDGE('',*,*,#2334,.F.);
#3087=ORIENTED_EDGE('',*,*,#2324,.F.);
#3088=ORIENTED_EDGE('',*,*,#2344,.T.);
#3089=ORIENTED_EDGE('',*,*,#2330,.F.);
#3090=ORIENTED_EDGE('',*,*,#2327,.F.);
#3091=ORIENTED_EDGE('',*,*,#2329,.F.);
#3092=ORIENTED_EDGE('',*,*,#2343,.T.);
#3093=ORIENTED_EDGE('',*,*,#2340,.F.);
#3094=ORIENTED_EDGE('',*,*,#2331,.F.);
#3095=ORIENTED_EDGE('',*,*,#2345,.T.);
#3096=ORIENTED_EDGE('',*,*,#2346,.T.);
#3097=ORIENTED_EDGE('',*,*,#2347,.T.);
#3098=ORIENTED_EDGE('',*,*,#2348,.T.);
#3099=ORIENTED_EDGE('',*,*,#2349,.T.);
#3100=ORIENTED_EDGE('',*,*,#2350,.T.);
#3101=ORIENTED_EDGE('',*,*,#2351,.T.);
#3102=ORIENTED_EDGE('',*,*,#2352,.T.);
#3103=ORIENTED_EDGE('',*,*,#2353,.F.);
#3104=ORIENTED_EDGE('',*,*,#2354,.F.);
#3105=ORIENTED_EDGE('',*,*,#2355,.T.);
#3106=ORIENTED_EDGE('',*,*,#2346,.F.);
#3107=ORIENTED_EDGE('',*,*,#2355,.F.);
#3108=ORIENTED_EDGE('',*,*,#2356,.F.);
#3109=ORIENTED_EDGE('',*,*,#2357,.T.);
#3110=ORIENTED_EDGE('',*,*,#2347,.F.);
#3111=ORIENTED_EDGE('',*,*,#2357,.F.);
#3112=ORIENTED_EDGE('',*,*,#2358,.F.);
#3113=ORIENTED_EDGE('',*,*,#2359,.T.);
#3114=ORIENTED_EDGE('',*,*,#2348,.F.);
#3115=ORIENTED_EDGE('',*,*,#2359,.F.);
#3116=ORIENTED_EDGE('',*,*,#2360,.F.);
#3117=ORIENTED_EDGE('',*,*,#2361,.T.);
#3118=ORIENTED_EDGE('',*,*,#2349,.F.);
#3119=ORIENTED_EDGE('',*,*,#2361,.F.);
#3120=ORIENTED_EDGE('',*,*,#2362,.F.);
#3121=ORIENTED_EDGE('',*,*,#2363,.T.);
#3122=ORIENTED_EDGE('',*,*,#2350,.F.);
#3123=ORIENTED_EDGE('',*,*,#2363,.F.);
#3124=ORIENTED_EDGE('',*,*,#2364,.F.);
#3125=ORIENTED_EDGE('',*,*,#2365,.T.);
#3126=ORIENTED_EDGE('',*,*,#2351,.F.);
#3127=ORIENTED_EDGE('',*,*,#2365,.F.);
#3128=ORIENTED_EDGE('',*,*,#2366,.F.);
#3129=ORIENTED_EDGE('',*,*,#2367,.F.);
#3130=ORIENTED_EDGE('',*,*,#2352,.F.);
#3131=ORIENTED_EDGE('',*,*,#2367,.T.);
#3132=ORIENTED_EDGE('',*,*,#2368,.F.);
#3133=ORIENTED_EDGE('',*,*,#2353,.T.);
#3134=ORIENTED_EDGE('',*,*,#2345,.F.);
#3135=ORIENTED_EDGE('',*,*,#2368,.T.);
#3136=ORIENTED_EDGE('',*,*,#2366,.T.);
#3137=ORIENTED_EDGE('',*,*,#2364,.T.);
#3138=ORIENTED_EDGE('',*,*,#2362,.T.);
#3139=ORIENTED_EDGE('',*,*,#2360,.T.);
#3140=ORIENTED_EDGE('',*,*,#2358,.T.);
#3141=ORIENTED_EDGE('',*,*,#2356,.T.);
#3142=ORIENTED_EDGE('',*,*,#2354,.T.);
#3143=ORIENTED_EDGE('',*,*,#2369,.T.);
#3144=ORIENTED_EDGE('',*,*,#2370,.T.);
#3145=ORIENTED_EDGE('',*,*,#2371,.F.);
#3146=ORIENTED_EDGE('',*,*,#2372,.F.);
#3147=ORIENTED_EDGE('',*,*,#2373,.T.);
#3148=ORIENTED_EDGE('',*,*,#2372,.T.);
#3149=ORIENTED_EDGE('',*,*,#2374,.F.);
#3150=ORIENTED_EDGE('',*,*,#2375,.F.);
#3151=ORIENTED_EDGE('',*,*,#2376,.T.);
#3152=ORIENTED_EDGE('',*,*,#2375,.T.);
#3153=ORIENTED_EDGE('',*,*,#2377,.F.);
#3154=ORIENTED_EDGE('',*,*,#2378,.F.);
#3155=ORIENTED_EDGE('',*,*,#2379,.T.);
#3156=ORIENTED_EDGE('',*,*,#2378,.T.);
#3157=ORIENTED_EDGE('',*,*,#2380,.F.);
#3158=ORIENTED_EDGE('',*,*,#2381,.F.);
#3159=ORIENTED_EDGE('',*,*,#2382,.T.);
#3160=ORIENTED_EDGE('',*,*,#2381,.T.);
#3161=ORIENTED_EDGE('',*,*,#2383,.F.);
#3162=ORIENTED_EDGE('',*,*,#2384,.F.);
#3163=ORIENTED_EDGE('',*,*,#2385,.T.);
#3164=ORIENTED_EDGE('',*,*,#2384,.T.);
#3165=ORIENTED_EDGE('',*,*,#2386,.F.);
#3166=ORIENTED_EDGE('',*,*,#2387,.F.);
#3167=ORIENTED_EDGE('',*,*,#2388,.T.);
#3168=ORIENTED_EDGE('',*,*,#2387,.T.);
#3169=ORIENTED_EDGE('',*,*,#2389,.F.);
#3170=ORIENTED_EDGE('',*,*,#2390,.F.);
#3171=ORIENTED_EDGE('',*,*,#2391,.T.);
#3172=ORIENTED_EDGE('',*,*,#2390,.T.);
#3173=ORIENTED_EDGE('',*,*,#2392,.F.);
#3174=ORIENTED_EDGE('',*,*,#2393,.F.);
#3175=ORIENTED_EDGE('',*,*,#2394,.T.);
#3176=ORIENTED_EDGE('',*,*,#2393,.T.);
#3177=ORIENTED_EDGE('',*,*,#2395,.F.);
#3178=ORIENTED_EDGE('',*,*,#2396,.F.);
#3179=ORIENTED_EDGE('',*,*,#2397,.T.);
#3180=ORIENTED_EDGE('',*,*,#2396,.T.);
#3181=ORIENTED_EDGE('',*,*,#2398,.F.);
#3182=ORIENTED_EDGE('',*,*,#2370,.F.);
#3183=ORIENTED_EDGE('',*,*,#2399,.T.);
#3184=ORIENTED_EDGE('',*,*,#2400,.T.);
#3185=ORIENTED_EDGE('',*,*,#2401,.F.);
#3186=ORIENTED_EDGE('',*,*,#2402,.F.);
#3187=ORIENTED_EDGE('',*,*,#2403,.T.);
#3188=ORIENTED_EDGE('',*,*,#2402,.T.);
#3189=ORIENTED_EDGE('',*,*,#2404,.F.);
#3190=ORIENTED_EDGE('',*,*,#2405,.F.);
#3191=ORIENTED_EDGE('',*,*,#2406,.T.);
#3192=ORIENTED_EDGE('',*,*,#2405,.T.);
#3193=ORIENTED_EDGE('',*,*,#2407,.F.);
#3194=ORIENTED_EDGE('',*,*,#2408,.F.);
#3195=ORIENTED_EDGE('',*,*,#2409,.T.);
#3196=ORIENTED_EDGE('',*,*,#2408,.T.);
#3197=ORIENTED_EDGE('',*,*,#2410,.F.);
#3198=ORIENTED_EDGE('',*,*,#2411,.F.);
#3199=ORIENTED_EDGE('',*,*,#2412,.T.);
#3200=ORIENTED_EDGE('',*,*,#2411,.T.);
#3201=ORIENTED_EDGE('',*,*,#2413,.F.);
#3202=ORIENTED_EDGE('',*,*,#2414,.F.);
#3203=ORIENTED_EDGE('',*,*,#2415,.T.);
#3204=ORIENTED_EDGE('',*,*,#2414,.T.);
#3205=ORIENTED_EDGE('',*,*,#2416,.F.);
#3206=ORIENTED_EDGE('',*,*,#2417,.F.);
#3207=ORIENTED_EDGE('',*,*,#2418,.T.);
#3208=ORIENTED_EDGE('',*,*,#2417,.T.);
#3209=ORIENTED_EDGE('',*,*,#2419,.F.);
#3210=ORIENTED_EDGE('',*,*,#2420,.F.);
#3211=ORIENTED_EDGE('',*,*,#2421,.T.);
#3212=ORIENTED_EDGE('',*,*,#2420,.T.);
#3213=ORIENTED_EDGE('',*,*,#2422,.F.);
#3214=ORIENTED_EDGE('',*,*,#2423,.F.);
#3215=ORIENTED_EDGE('',*,*,#2424,.T.);
#3216=ORIENTED_EDGE('',*,*,#2423,.T.);
#3217=ORIENTED_EDGE('',*,*,#2425,.F.);
#3218=ORIENTED_EDGE('',*,*,#2400,.F.);
#3219=ORIENTED_EDGE('',*,*,#2426,.T.);
#3220=ORIENTED_EDGE('',*,*,#2427,.T.);
#3221=ORIENTED_EDGE('',*,*,#2428,.F.);
#3222=ORIENTED_EDGE('',*,*,#2429,.F.);
#3223=ORIENTED_EDGE('',*,*,#2430,.T.);
#3224=ORIENTED_EDGE('',*,*,#2429,.T.);
#3225=ORIENTED_EDGE('',*,*,#2431,.F.);
#3226=ORIENTED_EDGE('',*,*,#2432,.F.);
#3227=ORIENTED_EDGE('',*,*,#2433,.T.);
#3228=ORIENTED_EDGE('',*,*,#2432,.T.);
#3229=ORIENTED_EDGE('',*,*,#2434,.F.);
#3230=ORIENTED_EDGE('',*,*,#2435,.F.);
#3231=ORIENTED_EDGE('',*,*,#2436,.T.);
#3232=ORIENTED_EDGE('',*,*,#2435,.T.);
#3233=ORIENTED_EDGE('',*,*,#2437,.F.);
#3234=ORIENTED_EDGE('',*,*,#2438,.F.);
#3235=ORIENTED_EDGE('',*,*,#2439,.T.);
#3236=ORIENTED_EDGE('',*,*,#2438,.T.);
#3237=ORIENTED_EDGE('',*,*,#2440,.F.);
#3238=ORIENTED_EDGE('',*,*,#2441,.F.);
#3239=ORIENTED_EDGE('',*,*,#2442,.T.);
#3240=ORIENTED_EDGE('',*,*,#2441,.T.);
#3241=ORIENTED_EDGE('',*,*,#2443,.F.);
#3242=ORIENTED_EDGE('',*,*,#2444,.F.);
#3243=ORIENTED_EDGE('',*,*,#2445,.T.);
#3244=ORIENTED_EDGE('',*,*,#2444,.T.);
#3245=ORIENTED_EDGE('',*,*,#2446,.F.);
#3246=ORIENTED_EDGE('',*,*,#2447,.F.);
#3247=ORIENTED_EDGE('',*,*,#2448,.T.);
#3248=ORIENTED_EDGE('',*,*,#2447,.T.);
#3249=ORIENTED_EDGE('',*,*,#2449,.F.);
#3250=ORIENTED_EDGE('',*,*,#2450,.F.);
#3251=ORIENTED_EDGE('',*,*,#2451,.T.);
#3252=ORIENTED_EDGE('',*,*,#2450,.T.);
#3253=ORIENTED_EDGE('',*,*,#2452,.F.);
#3254=ORIENTED_EDGE('',*,*,#2453,.F.);
#3255=ORIENTED_EDGE('',*,*,#2454,.T.);
#3256=ORIENTED_EDGE('',*,*,#2453,.T.);
#3257=ORIENTED_EDGE('',*,*,#2455,.F.);
#3258=ORIENTED_EDGE('',*,*,#2427,.F.);
#3259=ORIENTED_EDGE('',*,*,#2456,.T.);
#3260=ORIENTED_EDGE('',*,*,#2457,.T.);
#3261=ORIENTED_EDGE('',*,*,#2458,.F.);
#3262=ORIENTED_EDGE('',*,*,#2459,.F.);
#3263=ORIENTED_EDGE('',*,*,#2460,.T.);
#3264=ORIENTED_EDGE('',*,*,#2459,.T.);
#3265=ORIENTED_EDGE('',*,*,#2461,.F.);
#3266=ORIENTED_EDGE('',*,*,#2462,.F.);
#3267=ORIENTED_EDGE('',*,*,#2463,.T.);
#3268=ORIENTED_EDGE('',*,*,#2462,.T.);
#3269=ORIENTED_EDGE('',*,*,#2464,.F.);
#3270=ORIENTED_EDGE('',*,*,#2465,.F.);
#3271=ORIENTED_EDGE('',*,*,#2466,.T.);
#3272=ORIENTED_EDGE('',*,*,#2465,.T.);
#3273=ORIENTED_EDGE('',*,*,#2467,.F.);
#3274=ORIENTED_EDGE('',*,*,#2468,.F.);
#3275=ORIENTED_EDGE('',*,*,#2469,.T.);
#3276=ORIENTED_EDGE('',*,*,#2468,.T.);
#3277=ORIENTED_EDGE('',*,*,#2470,.F.);
#3278=ORIENTED_EDGE('',*,*,#2471,.F.);
#3279=ORIENTED_EDGE('',*,*,#2472,.T.);
#3280=ORIENTED_EDGE('',*,*,#2471,.T.);
#3281=ORIENTED_EDGE('',*,*,#2473,.F.);
#3282=ORIENTED_EDGE('',*,*,#2474,.F.);
#3283=ORIENTED_EDGE('',*,*,#2475,.T.);
#3284=ORIENTED_EDGE('',*,*,#2474,.T.);
#3285=ORIENTED_EDGE('',*,*,#2476,.F.);
#3286=ORIENTED_EDGE('',*,*,#2477,.F.);
#3287=ORIENTED_EDGE('',*,*,#2478,.T.);
#3288=ORIENTED_EDGE('',*,*,#2477,.T.);
#3289=ORIENTED_EDGE('',*,*,#2479,.F.);
#3290=ORIENTED_EDGE('',*,*,#2480,.F.);
#3291=ORIENTED_EDGE('',*,*,#2481,.T.);
#3292=ORIENTED_EDGE('',*,*,#2480,.T.);
#3293=ORIENTED_EDGE('',*,*,#2482,.F.);
#3294=ORIENTED_EDGE('',*,*,#2483,.F.);
#3295=ORIENTED_EDGE('',*,*,#2484,.T.);
#3296=ORIENTED_EDGE('',*,*,#2483,.T.);
#3297=ORIENTED_EDGE('',*,*,#2485,.F.);
#3298=ORIENTED_EDGE('',*,*,#2486,.F.);
#3299=ORIENTED_EDGE('',*,*,#2487,.T.);
#3300=ORIENTED_EDGE('',*,*,#2486,.T.);
#3301=ORIENTED_EDGE('',*,*,#2488,.F.);
#3302=ORIENTED_EDGE('',*,*,#2489,.F.);
#3303=ORIENTED_EDGE('',*,*,#2490,.T.);
#3304=ORIENTED_EDGE('',*,*,#2489,.T.);
#3305=ORIENTED_EDGE('',*,*,#2491,.F.);
#3306=ORIENTED_EDGE('',*,*,#2492,.F.);
#3307=ORIENTED_EDGE('',*,*,#2493,.T.);
#3308=ORIENTED_EDGE('',*,*,#2492,.T.);
#3309=ORIENTED_EDGE('',*,*,#2494,.F.);
#3310=ORIENTED_EDGE('',*,*,#2495,.F.);
#3311=ORIENTED_EDGE('',*,*,#2496,.T.);
#3312=ORIENTED_EDGE('',*,*,#2495,.T.);
#3313=ORIENTED_EDGE('',*,*,#2497,.F.);
#3314=ORIENTED_EDGE('',*,*,#2498,.F.);
#3315=ORIENTED_EDGE('',*,*,#2499,.T.);
#3316=ORIENTED_EDGE('',*,*,#2498,.T.);
#3317=ORIENTED_EDGE('',*,*,#2500,.F.);
#3318=ORIENTED_EDGE('',*,*,#2501,.F.);
#3319=ORIENTED_EDGE('',*,*,#2502,.T.);
#3320=ORIENTED_EDGE('',*,*,#2501,.T.);
#3321=ORIENTED_EDGE('',*,*,#2503,.F.);
#3322=ORIENTED_EDGE('',*,*,#2504,.F.);
#3323=ORIENTED_EDGE('',*,*,#2505,.T.);
#3324=ORIENTED_EDGE('',*,*,#2504,.T.);
#3325=ORIENTED_EDGE('',*,*,#2506,.F.);
#3326=ORIENTED_EDGE('',*,*,#2507,.F.);
#3327=ORIENTED_EDGE('',*,*,#2508,.T.);
#3328=ORIENTED_EDGE('',*,*,#2507,.T.);
#3329=ORIENTED_EDGE('',*,*,#2509,.F.);
#3330=ORIENTED_EDGE('',*,*,#2510,.F.);
#3331=ORIENTED_EDGE('',*,*,#2511,.T.);
#3332=ORIENTED_EDGE('',*,*,#2510,.T.);
#3333=ORIENTED_EDGE('',*,*,#2512,.F.);
#3334=ORIENTED_EDGE('',*,*,#2513,.F.);
#3335=ORIENTED_EDGE('',*,*,#2514,.T.);
#3336=ORIENTED_EDGE('',*,*,#2513,.T.);
#3337=ORIENTED_EDGE('',*,*,#2515,.F.);
#3338=ORIENTED_EDGE('',*,*,#2516,.F.);
#3339=ORIENTED_EDGE('',*,*,#2517,.T.);
#3340=ORIENTED_EDGE('',*,*,#2516,.T.);
#3341=ORIENTED_EDGE('',*,*,#2518,.F.);
#3342=ORIENTED_EDGE('',*,*,#2519,.F.);
#3343=ORIENTED_EDGE('',*,*,#2520,.T.);
#3344=ORIENTED_EDGE('',*,*,#2519,.T.);
#3345=ORIENTED_EDGE('',*,*,#2521,.F.);
#3346=ORIENTED_EDGE('',*,*,#2522,.F.);
#3347=ORIENTED_EDGE('',*,*,#2523,.T.);
#3348=ORIENTED_EDGE('',*,*,#2522,.T.);
#3349=ORIENTED_EDGE('',*,*,#2524,.F.);
#3350=ORIENTED_EDGE('',*,*,#2525,.F.);
#3351=ORIENTED_EDGE('',*,*,#2526,.T.);
#3352=ORIENTED_EDGE('',*,*,#2525,.T.);
#3353=ORIENTED_EDGE('',*,*,#2527,.F.);
#3354=ORIENTED_EDGE('',*,*,#2528,.F.);
#3355=ORIENTED_EDGE('',*,*,#2529,.T.);
#3356=ORIENTED_EDGE('',*,*,#2528,.T.);
#3357=ORIENTED_EDGE('',*,*,#2530,.F.);
#3358=ORIENTED_EDGE('',*,*,#2531,.F.);
#3359=ORIENTED_EDGE('',*,*,#2532,.T.);
#3360=ORIENTED_EDGE('',*,*,#2531,.T.);
#3361=ORIENTED_EDGE('',*,*,#2533,.F.);
#3362=ORIENTED_EDGE('',*,*,#2534,.F.);
#3363=ORIENTED_EDGE('',*,*,#2535,.T.);
#3364=ORIENTED_EDGE('',*,*,#2534,.T.);
#3365=ORIENTED_EDGE('',*,*,#2536,.F.);
#3366=ORIENTED_EDGE('',*,*,#2537,.F.);
#3367=ORIENTED_EDGE('',*,*,#2538,.T.);
#3368=ORIENTED_EDGE('',*,*,#2537,.T.);
#3369=ORIENTED_EDGE('',*,*,#2539,.F.);
#3370=ORIENTED_EDGE('',*,*,#2540,.F.);
#3371=ORIENTED_EDGE('',*,*,#2541,.T.);
#3372=ORIENTED_EDGE('',*,*,#2540,.T.);
#3373=ORIENTED_EDGE('',*,*,#2542,.F.);
#3374=ORIENTED_EDGE('',*,*,#2543,.F.);
#3375=ORIENTED_EDGE('',*,*,#2544,.T.);
#3376=ORIENTED_EDGE('',*,*,#2543,.T.);
#3377=ORIENTED_EDGE('',*,*,#2545,.F.);
#3378=ORIENTED_EDGE('',*,*,#2546,.F.);
#3379=ORIENTED_EDGE('',*,*,#2547,.T.);
#3380=ORIENTED_EDGE('',*,*,#2546,.T.);
#3381=ORIENTED_EDGE('',*,*,#2548,.F.);
#3382=ORIENTED_EDGE('',*,*,#2549,.F.);
#3383=ORIENTED_EDGE('',*,*,#2550,.T.);
#3384=ORIENTED_EDGE('',*,*,#2549,.T.);
#3385=ORIENTED_EDGE('',*,*,#2551,.F.);
#3386=ORIENTED_EDGE('',*,*,#2552,.F.);
#3387=ORIENTED_EDGE('',*,*,#2553,.T.);
#3388=ORIENTED_EDGE('',*,*,#2552,.T.);
#3389=ORIENTED_EDGE('',*,*,#2554,.F.);
#3390=ORIENTED_EDGE('',*,*,#2555,.F.);
#3391=ORIENTED_EDGE('',*,*,#2556,.T.);
#3392=ORIENTED_EDGE('',*,*,#2555,.T.);
#3393=ORIENTED_EDGE('',*,*,#2557,.F.);
#3394=ORIENTED_EDGE('',*,*,#2558,.F.);
#3395=ORIENTED_EDGE('',*,*,#2559,.T.);
#3396=ORIENTED_EDGE('',*,*,#2558,.T.);
#3397=ORIENTED_EDGE('',*,*,#2560,.F.);
#3398=ORIENTED_EDGE('',*,*,#2561,.F.);
#3399=ORIENTED_EDGE('',*,*,#2562,.T.);
#3400=ORIENTED_EDGE('',*,*,#2561,.T.);
#3401=ORIENTED_EDGE('',*,*,#2563,.F.);
#3402=ORIENTED_EDGE('',*,*,#2564,.F.);
#3403=ORIENTED_EDGE('',*,*,#2565,.T.);
#3404=ORIENTED_EDGE('',*,*,#2564,.T.);
#3405=ORIENTED_EDGE('',*,*,#2566,.F.);
#3406=ORIENTED_EDGE('',*,*,#2567,.F.);
#3407=ORIENTED_EDGE('',*,*,#2568,.T.);
#3408=ORIENTED_EDGE('',*,*,#2567,.T.);
#3409=ORIENTED_EDGE('',*,*,#2569,.F.);
#3410=ORIENTED_EDGE('',*,*,#2570,.F.);
#3411=ORIENTED_EDGE('',*,*,#2571,.T.);
#3412=ORIENTED_EDGE('',*,*,#2570,.T.);
#3413=ORIENTED_EDGE('',*,*,#2572,.F.);
#3414=ORIENTED_EDGE('',*,*,#2573,.F.);
#3415=ORIENTED_EDGE('',*,*,#2574,.T.);
#3416=ORIENTED_EDGE('',*,*,#2573,.T.);
#3417=ORIENTED_EDGE('',*,*,#2575,.F.);
#3418=ORIENTED_EDGE('',*,*,#2576,.F.);
#3419=ORIENTED_EDGE('',*,*,#2577,.T.);
#3420=ORIENTED_EDGE('',*,*,#2576,.T.);
#3421=ORIENTED_EDGE('',*,*,#2578,.F.);
#3422=ORIENTED_EDGE('',*,*,#2579,.F.);
#3423=ORIENTED_EDGE('',*,*,#2580,.T.);
#3424=ORIENTED_EDGE('',*,*,#2579,.T.);
#3425=ORIENTED_EDGE('',*,*,#2581,.F.);
#3426=ORIENTED_EDGE('',*,*,#2582,.F.);
#3427=ORIENTED_EDGE('',*,*,#2583,.T.);
#3428=ORIENTED_EDGE('',*,*,#2582,.T.);
#3429=ORIENTED_EDGE('',*,*,#2584,.F.);
#3430=ORIENTED_EDGE('',*,*,#2585,.F.);
#3431=ORIENTED_EDGE('',*,*,#2586,.T.);
#3432=ORIENTED_EDGE('',*,*,#2585,.T.);
#3433=ORIENTED_EDGE('',*,*,#2587,.F.);
#3434=ORIENTED_EDGE('',*,*,#2588,.F.);
#3435=ORIENTED_EDGE('',*,*,#2589,.T.);
#3436=ORIENTED_EDGE('',*,*,#2588,.T.);
#3437=ORIENTED_EDGE('',*,*,#2590,.F.);
#3438=ORIENTED_EDGE('',*,*,#2591,.F.);
#3439=ORIENTED_EDGE('',*,*,#2592,.T.);
#3440=ORIENTED_EDGE('',*,*,#2591,.T.);
#3441=ORIENTED_EDGE('',*,*,#2593,.F.);
#3442=ORIENTED_EDGE('',*,*,#2594,.F.);
#3443=ORIENTED_EDGE('',*,*,#2595,.T.);
#3444=ORIENTED_EDGE('',*,*,#2594,.T.);
#3445=ORIENTED_EDGE('',*,*,#2596,.F.);
#3446=ORIENTED_EDGE('',*,*,#2597,.F.);
#3447=ORIENTED_EDGE('',*,*,#2598,.T.);
#3448=ORIENTED_EDGE('',*,*,#2597,.T.);
#3449=ORIENTED_EDGE('',*,*,#2599,.F.);
#3450=ORIENTED_EDGE('',*,*,#2600,.F.);
#3451=ORIENTED_EDGE('',*,*,#2601,.T.);
#3452=ORIENTED_EDGE('',*,*,#2600,.T.);
#3453=ORIENTED_EDGE('',*,*,#2602,.F.);
#3454=ORIENTED_EDGE('',*,*,#2603,.F.);
#3455=ORIENTED_EDGE('',*,*,#2604,.T.);
#3456=ORIENTED_EDGE('',*,*,#2603,.T.);
#3457=ORIENTED_EDGE('',*,*,#2605,.F.);
#3458=ORIENTED_EDGE('',*,*,#2606,.F.);
#3459=ORIENTED_EDGE('',*,*,#2607,.T.);
#3460=ORIENTED_EDGE('',*,*,#2606,.T.);
#3461=ORIENTED_EDGE('',*,*,#2608,.F.);
#3462=ORIENTED_EDGE('',*,*,#2609,.F.);
#3463=ORIENTED_EDGE('',*,*,#2610,.T.);
#3464=ORIENTED_EDGE('',*,*,#2609,.T.);
#3465=ORIENTED_EDGE('',*,*,#2611,.F.);
#3466=ORIENTED_EDGE('',*,*,#2612,.F.);
#3467=ORIENTED_EDGE('',*,*,#2613,.T.);
#3468=ORIENTED_EDGE('',*,*,#2612,.T.);
#3469=ORIENTED_EDGE('',*,*,#2614,.F.);
#3470=ORIENTED_EDGE('',*,*,#2615,.F.);
#3471=ORIENTED_EDGE('',*,*,#2616,.T.);
#3472=ORIENTED_EDGE('',*,*,#2615,.T.);
#3473=ORIENTED_EDGE('',*,*,#2617,.F.);
#3474=ORIENTED_EDGE('',*,*,#2618,.F.);
#3475=ORIENTED_EDGE('',*,*,#2619,.T.);
#3476=ORIENTED_EDGE('',*,*,#2618,.T.);
#3477=ORIENTED_EDGE('',*,*,#2620,.F.);
#3478=ORIENTED_EDGE('',*,*,#2621,.F.);
#3479=ORIENTED_EDGE('',*,*,#2622,.T.);
#3480=ORIENTED_EDGE('',*,*,#2621,.T.);
#3481=ORIENTED_EDGE('',*,*,#2623,.F.);
#3482=ORIENTED_EDGE('',*,*,#2624,.F.);
#3483=ORIENTED_EDGE('',*,*,#2625,.T.);
#3484=ORIENTED_EDGE('',*,*,#2624,.T.);
#3485=ORIENTED_EDGE('',*,*,#2626,.F.);
#3486=ORIENTED_EDGE('',*,*,#2627,.F.);
#3487=ORIENTED_EDGE('',*,*,#2628,.T.);
#3488=ORIENTED_EDGE('',*,*,#2627,.T.);
#3489=ORIENTED_EDGE('',*,*,#2629,.F.);
#3490=ORIENTED_EDGE('',*,*,#2630,.F.);
#3491=ORIENTED_EDGE('',*,*,#2631,.T.);
#3492=ORIENTED_EDGE('',*,*,#2630,.T.);
#3493=ORIENTED_EDGE('',*,*,#2632,.F.);
#3494=ORIENTED_EDGE('',*,*,#2633,.F.);
#3495=ORIENTED_EDGE('',*,*,#2634,.T.);
#3496=ORIENTED_EDGE('',*,*,#2633,.T.);
#3497=ORIENTED_EDGE('',*,*,#2635,.F.);
#3498=ORIENTED_EDGE('',*,*,#2636,.F.);
#3499=ORIENTED_EDGE('',*,*,#2637,.T.);
#3500=ORIENTED_EDGE('',*,*,#2636,.T.);
#3501=ORIENTED_EDGE('',*,*,#2638,.F.);
#3502=ORIENTED_EDGE('',*,*,#2639,.F.);
#3503=ORIENTED_EDGE('',*,*,#2640,.T.);
#3504=ORIENTED_EDGE('',*,*,#2639,.T.);
#3505=ORIENTED_EDGE('',*,*,#2641,.F.);
#3506=ORIENTED_EDGE('',*,*,#2642,.F.);
#3507=ORIENTED_EDGE('',*,*,#2643,.T.);
#3508=ORIENTED_EDGE('',*,*,#2642,.T.);
#3509=ORIENTED_EDGE('',*,*,#2644,.F.);
#3510=ORIENTED_EDGE('',*,*,#2645,.F.);
#3511=ORIENTED_EDGE('',*,*,#2646,.T.);
#3512=ORIENTED_EDGE('',*,*,#2645,.T.);
#3513=ORIENTED_EDGE('',*,*,#2647,.F.);
#3514=ORIENTED_EDGE('',*,*,#2648,.F.);
#3515=ORIENTED_EDGE('',*,*,#2649,.T.);
#3516=ORIENTED_EDGE('',*,*,#2648,.T.);
#3517=ORIENTED_EDGE('',*,*,#2650,.F.);
#3518=ORIENTED_EDGE('',*,*,#2651,.F.);
#3519=ORIENTED_EDGE('',*,*,#2652,.T.);
#3520=ORIENTED_EDGE('',*,*,#2651,.T.);
#3521=ORIENTED_EDGE('',*,*,#2653,.F.);
#3522=ORIENTED_EDGE('',*,*,#2654,.F.);
#3523=ORIENTED_EDGE('',*,*,#2655,.T.);
#3524=ORIENTED_EDGE('',*,*,#2654,.T.);
#3525=ORIENTED_EDGE('',*,*,#2656,.F.);
#3526=ORIENTED_EDGE('',*,*,#2657,.F.);
#3527=ORIENTED_EDGE('',*,*,#2658,.T.);
#3528=ORIENTED_EDGE('',*,*,#2657,.T.);
#3529=ORIENTED_EDGE('',*,*,#2659,.F.);
#3530=ORIENTED_EDGE('',*,*,#2660,.F.);
#3531=ORIENTED_EDGE('',*,*,#2661,.T.);
#3532=ORIENTED_EDGE('',*,*,#2660,.T.);
#3533=ORIENTED_EDGE('',*,*,#2662,.F.);
#3534=ORIENTED_EDGE('',*,*,#2663,.F.);
#3535=ORIENTED_EDGE('',*,*,#2664,.T.);
#3536=ORIENTED_EDGE('',*,*,#2663,.T.);
#3537=ORIENTED_EDGE('',*,*,#2665,.F.);
#3538=ORIENTED_EDGE('',*,*,#2666,.F.);
#3539=ORIENTED_EDGE('',*,*,#2667,.T.);
#3540=ORIENTED_EDGE('',*,*,#2666,.T.);
#3541=ORIENTED_EDGE('',*,*,#2668,.F.);
#3542=ORIENTED_EDGE('',*,*,#2669,.F.);
#3543=ORIENTED_EDGE('',*,*,#2670,.T.);
#3544=ORIENTED_EDGE('',*,*,#2669,.T.);
#3545=ORIENTED_EDGE('',*,*,#2671,.F.);
#3546=ORIENTED_EDGE('',*,*,#2672,.F.);
#3547=ORIENTED_EDGE('',*,*,#2673,.T.);
#3548=ORIENTED_EDGE('',*,*,#2672,.T.);
#3549=ORIENTED_EDGE('',*,*,#2674,.F.);
#3550=ORIENTED_EDGE('',*,*,#2675,.F.);
#3551=ORIENTED_EDGE('',*,*,#2676,.T.);
#3552=ORIENTED_EDGE('',*,*,#2675,.T.);
#3553=ORIENTED_EDGE('',*,*,#2677,.F.);
#3554=ORIENTED_EDGE('',*,*,#2678,.F.);
#3555=ORIENTED_EDGE('',*,*,#2679,.T.);
#3556=ORIENTED_EDGE('',*,*,#2678,.T.);
#3557=ORIENTED_EDGE('',*,*,#2680,.F.);
#3558=ORIENTED_EDGE('',*,*,#2681,.F.);
#3559=ORIENTED_EDGE('',*,*,#2682,.T.);
#3560=ORIENTED_EDGE('',*,*,#2681,.T.);
#3561=ORIENTED_EDGE('',*,*,#2683,.F.);
#3562=ORIENTED_EDGE('',*,*,#2684,.F.);
#3563=ORIENTED_EDGE('',*,*,#2685,.T.);
#3564=ORIENTED_EDGE('',*,*,#2684,.T.);
#3565=ORIENTED_EDGE('',*,*,#2686,.F.);
#3566=ORIENTED_EDGE('',*,*,#2687,.F.);
#3567=ORIENTED_EDGE('',*,*,#2688,.T.);
#3568=ORIENTED_EDGE('',*,*,#2687,.T.);
#3569=ORIENTED_EDGE('',*,*,#2689,.F.);
#3570=ORIENTED_EDGE('',*,*,#2690,.F.);
#3571=ORIENTED_EDGE('',*,*,#2691,.T.);
#3572=ORIENTED_EDGE('',*,*,#2690,.T.);
#3573=ORIENTED_EDGE('',*,*,#2692,.F.);
#3574=ORIENTED_EDGE('',*,*,#2693,.F.);
#3575=ORIENTED_EDGE('',*,*,#2694,.T.);
#3576=ORIENTED_EDGE('',*,*,#2693,.T.);
#3577=ORIENTED_EDGE('',*,*,#2695,.F.);
#3578=ORIENTED_EDGE('',*,*,#2696,.F.);
#3579=ORIENTED_EDGE('',*,*,#2697,.T.);
#3580=ORIENTED_EDGE('',*,*,#2696,.T.);
#3581=ORIENTED_EDGE('',*,*,#2698,.F.);
#3582=ORIENTED_EDGE('',*,*,#2699,.F.);
#3583=ORIENTED_EDGE('',*,*,#2700,.T.);
#3584=ORIENTED_EDGE('',*,*,#2699,.T.);
#3585=ORIENTED_EDGE('',*,*,#2701,.F.);
#3586=ORIENTED_EDGE('',*,*,#2702,.F.);
#3587=ORIENTED_EDGE('',*,*,#2703,.T.);
#3588=ORIENTED_EDGE('',*,*,#2702,.T.);
#3589=ORIENTED_EDGE('',*,*,#2704,.F.);
#3590=ORIENTED_EDGE('',*,*,#2705,.F.);
#3591=ORIENTED_EDGE('',*,*,#2706,.T.);
#3592=ORIENTED_EDGE('',*,*,#2705,.T.);
#3593=ORIENTED_EDGE('',*,*,#2707,.F.);
#3594=ORIENTED_EDGE('',*,*,#2708,.F.);
#3595=ORIENTED_EDGE('',*,*,#2709,.T.);
#3596=ORIENTED_EDGE('',*,*,#2708,.T.);
#3597=ORIENTED_EDGE('',*,*,#2710,.F.);
#3598=ORIENTED_EDGE('',*,*,#2711,.F.);
#3599=ORIENTED_EDGE('',*,*,#2712,.T.);
#3600=ORIENTED_EDGE('',*,*,#2711,.T.);
#3601=ORIENTED_EDGE('',*,*,#2713,.F.);
#3602=ORIENTED_EDGE('',*,*,#2714,.F.);
#3603=ORIENTED_EDGE('',*,*,#2715,.T.);
#3604=ORIENTED_EDGE('',*,*,#2714,.T.);
#3605=ORIENTED_EDGE('',*,*,#2716,.F.);
#3606=ORIENTED_EDGE('',*,*,#2717,.F.);
#3607=ORIENTED_EDGE('',*,*,#2718,.T.);
#3608=ORIENTED_EDGE('',*,*,#2717,.T.);
#3609=ORIENTED_EDGE('',*,*,#2719,.F.);
#3610=ORIENTED_EDGE('',*,*,#2720,.F.);
#3611=ORIENTED_EDGE('',*,*,#2721,.T.);
#3612=ORIENTED_EDGE('',*,*,#2720,.T.);
#3613=ORIENTED_EDGE('',*,*,#2722,.F.);
#3614=ORIENTED_EDGE('',*,*,#2723,.F.);
#3615=ORIENTED_EDGE('',*,*,#2724,.T.);
#3616=ORIENTED_EDGE('',*,*,#2723,.T.);
#3617=ORIENTED_EDGE('',*,*,#2725,.F.);
#3618=ORIENTED_EDGE('',*,*,#2726,.F.);
#3619=ORIENTED_EDGE('',*,*,#2727,.T.);
#3620=ORIENTED_EDGE('',*,*,#2726,.T.);
#3621=ORIENTED_EDGE('',*,*,#2728,.F.);
#3622=ORIENTED_EDGE('',*,*,#2729,.F.);
#3623=ORIENTED_EDGE('',*,*,#2730,.T.);
#3624=ORIENTED_EDGE('',*,*,#2729,.T.);
#3625=ORIENTED_EDGE('',*,*,#2731,.F.);
#3626=ORIENTED_EDGE('',*,*,#2732,.F.);
#3627=ORIENTED_EDGE('',*,*,#2733,.T.);
#3628=ORIENTED_EDGE('',*,*,#2732,.T.);
#3629=ORIENTED_EDGE('',*,*,#2734,.F.);
#3630=ORIENTED_EDGE('',*,*,#2735,.F.);
#3631=ORIENTED_EDGE('',*,*,#2736,.T.);
#3632=ORIENTED_EDGE('',*,*,#2735,.T.);
#3633=ORIENTED_EDGE('',*,*,#2737,.F.);
#3634=ORIENTED_EDGE('',*,*,#2738,.F.);
#3635=ORIENTED_EDGE('',*,*,#2739,.T.);
#3636=ORIENTED_EDGE('',*,*,#2738,.T.);
#3637=ORIENTED_EDGE('',*,*,#2740,.F.);
#3638=ORIENTED_EDGE('',*,*,#2741,.F.);
#3639=ORIENTED_EDGE('',*,*,#2742,.T.);
#3640=ORIENTED_EDGE('',*,*,#2741,.T.);
#3641=ORIENTED_EDGE('',*,*,#2743,.F.);
#3642=ORIENTED_EDGE('',*,*,#2744,.F.);
#3643=ORIENTED_EDGE('',*,*,#2745,.T.);
#3644=ORIENTED_EDGE('',*,*,#2744,.T.);
#3645=ORIENTED_EDGE('',*,*,#2746,.F.);
#3646=ORIENTED_EDGE('',*,*,#2747,.F.);
#3647=ORIENTED_EDGE('',*,*,#2748,.T.);
#3648=ORIENTED_EDGE('',*,*,#2747,.T.);
#3649=ORIENTED_EDGE('',*,*,#2749,.F.);
#3650=ORIENTED_EDGE('',*,*,#2750,.F.);
#3651=ORIENTED_EDGE('',*,*,#2751,.T.);
#3652=ORIENTED_EDGE('',*,*,#2750,.T.);
#3653=ORIENTED_EDGE('',*,*,#2752,.F.);
#3654=ORIENTED_EDGE('',*,*,#2753,.F.);
#3655=ORIENTED_EDGE('',*,*,#2754,.T.);
#3656=ORIENTED_EDGE('',*,*,#2753,.T.);
#3657=ORIENTED_EDGE('',*,*,#2755,.F.);
#3658=ORIENTED_EDGE('',*,*,#2756,.F.);
#3659=ORIENTED_EDGE('',*,*,#2757,.T.);
#3660=ORIENTED_EDGE('',*,*,#2756,.T.);
#3661=ORIENTED_EDGE('',*,*,#2758,.F.);
#3662=ORIENTED_EDGE('',*,*,#2759,.F.);
#3663=ORIENTED_EDGE('',*,*,#2760,.T.);
#3664=ORIENTED_EDGE('',*,*,#2759,.T.);
#3665=ORIENTED_EDGE('',*,*,#2761,.F.);
#3666=ORIENTED_EDGE('',*,*,#2762,.F.);
#3667=ORIENTED_EDGE('',*,*,#2763,.T.);
#3668=ORIENTED_EDGE('',*,*,#2762,.T.);
#3669=ORIENTED_EDGE('',*,*,#2764,.F.);
#3670=ORIENTED_EDGE('',*,*,#2765,.F.);
#3671=ORIENTED_EDGE('',*,*,#2766,.T.);
#3672=ORIENTED_EDGE('',*,*,#2765,.T.);
#3673=ORIENTED_EDGE('',*,*,#2767,.F.);
#3674=ORIENTED_EDGE('',*,*,#2768,.F.);
#3675=ORIENTED_EDGE('',*,*,#2769,.T.);
#3676=ORIENTED_EDGE('',*,*,#2768,.T.);
#3677=ORIENTED_EDGE('',*,*,#2770,.F.);
#3678=ORIENTED_EDGE('',*,*,#2771,.F.);
#3679=ORIENTED_EDGE('',*,*,#2772,.T.);
#3680=ORIENTED_EDGE('',*,*,#2771,.T.);
#3681=ORIENTED_EDGE('',*,*,#2773,.F.);
#3682=ORIENTED_EDGE('',*,*,#2774,.F.);
#3683=ORIENTED_EDGE('',*,*,#2775,.T.);
#3684=ORIENTED_EDGE('',*,*,#2774,.T.);
#3685=ORIENTED_EDGE('',*,*,#2776,.F.);
#3686=ORIENTED_EDGE('',*,*,#2777,.F.);
#3687=ORIENTED_EDGE('',*,*,#2778,.T.);
#3688=ORIENTED_EDGE('',*,*,#2777,.T.);
#3689=ORIENTED_EDGE('',*,*,#2779,.F.);
#3690=ORIENTED_EDGE('',*,*,#2780,.F.);
#3691=ORIENTED_EDGE('',*,*,#2781,.T.);
#3692=ORIENTED_EDGE('',*,*,#2780,.T.);
#3693=ORIENTED_EDGE('',*,*,#2782,.F.);
#3694=ORIENTED_EDGE('',*,*,#2783,.F.);
#3695=ORIENTED_EDGE('',*,*,#2784,.T.);
#3696=ORIENTED_EDGE('',*,*,#2783,.T.);
#3697=ORIENTED_EDGE('',*,*,#2785,.F.);
#3698=ORIENTED_EDGE('',*,*,#2786,.F.);
#3699=ORIENTED_EDGE('',*,*,#2787,.T.);
#3700=ORIENTED_EDGE('',*,*,#2786,.T.);
#3701=ORIENTED_EDGE('',*,*,#2788,.F.);
#3702=ORIENTED_EDGE('',*,*,#2789,.F.);
#3703=ORIENTED_EDGE('',*,*,#2790,.T.);
#3704=ORIENTED_EDGE('',*,*,#2789,.T.);
#3705=ORIENTED_EDGE('',*,*,#2791,.F.);
#3706=ORIENTED_EDGE('',*,*,#2792,.F.);
#3707=ORIENTED_EDGE('',*,*,#2793,.T.);
#3708=ORIENTED_EDGE('',*,*,#2792,.T.);
#3709=ORIENTED_EDGE('',*,*,#2794,.F.);
#3710=ORIENTED_EDGE('',*,*,#2795,.F.);
#3711=ORIENTED_EDGE('',*,*,#2796,.T.);
#3712=ORIENTED_EDGE('',*,*,#2795,.T.);
#3713=ORIENTED_EDGE('',*,*,#2797,.F.);
#3714=ORIENTED_EDGE('',*,*,#2798,.F.);
#3715=ORIENTED_EDGE('',*,*,#2799,.T.);
#3716=ORIENTED_EDGE('',*,*,#2798,.T.);
#3717=ORIENTED_EDGE('',*,*,#2800,.F.);
#3718=ORIENTED_EDGE('',*,*,#2801,.F.);
#3719=ORIENTED_EDGE('',*,*,#2802,.T.);
#3720=ORIENTED_EDGE('',*,*,#2801,.T.);
#3721=ORIENTED_EDGE('',*,*,#2803,.F.);
#3722=ORIENTED_EDGE('',*,*,#2804,.F.);
#3723=ORIENTED_EDGE('',*,*,#2805,.T.);
#3724=ORIENTED_EDGE('',*,*,#2804,.T.);
#3725=ORIENTED_EDGE('',*,*,#2806,.F.);
#3726=ORIENTED_EDGE('',*,*,#2807,.F.);
#3727=ORIENTED_EDGE('',*,*,#2808,.T.);
#3728=ORIENTED_EDGE('',*,*,#2807,.T.);
#3729=ORIENTED_EDGE('',*,*,#2809,.F.);
#3730=ORIENTED_EDGE('',*,*,#2810,.F.);
#3731=ORIENTED_EDGE('',*,*,#2811,.T.);
#3732=ORIENTED_EDGE('',*,*,#2810,.T.);
#3733=ORIENTED_EDGE('',*,*,#2812,.F.);
#3734=ORIENTED_EDGE('',*,*,#2813,.F.);
#3735=ORIENTED_EDGE('',*,*,#2814,.T.);
#3736=ORIENTED_EDGE('',*,*,#2813,.T.);
#3737=ORIENTED_EDGE('',*,*,#2815,.F.);
#3738=ORIENTED_EDGE('',*,*,#2816,.F.);
#3739=ORIENTED_EDGE('',*,*,#2817,.T.);
#3740=ORIENTED_EDGE('',*,*,#2816,.T.);
#3741=ORIENTED_EDGE('',*,*,#2818,.F.);
#3742=ORIENTED_EDGE('',*,*,#2819,.F.);
#3743=ORIENTED_EDGE('',*,*,#2820,.T.);
#3744=ORIENTED_EDGE('',*,*,#2819,.T.);
#3745=ORIENTED_EDGE('',*,*,#2821,.F.);
#3746=ORIENTED_EDGE('',*,*,#2822,.F.);
#3747=ORIENTED_EDGE('',*,*,#2823,.T.);
#3748=ORIENTED_EDGE('',*,*,#2822,.T.);
#3749=ORIENTED_EDGE('',*,*,#2824,.F.);
#3750=ORIENTED_EDGE('',*,*,#2825,.F.);
#3751=ORIENTED_EDGE('',*,*,#2826,.T.);
#3752=ORIENTED_EDGE('',*,*,#2825,.T.);
#3753=ORIENTED_EDGE('',*,*,#2827,.F.);
#3754=ORIENTED_EDGE('',*,*,#2828,.F.);
#3755=ORIENTED_EDGE('',*,*,#2829,.T.);
#3756=ORIENTED_EDGE('',*,*,#2828,.T.);
#3757=ORIENTED_EDGE('',*,*,#2830,.F.);
#3758=ORIENTED_EDGE('',*,*,#2831,.F.);
#3759=ORIENTED_EDGE('',*,*,#2832,.T.);
#3760=ORIENTED_EDGE('',*,*,#2831,.T.);
#3761=ORIENTED_EDGE('',*,*,#2833,.F.);
#3762=ORIENTED_EDGE('',*,*,#2834,.F.);
#3763=ORIENTED_EDGE('',*,*,#2835,.T.);
#3764=ORIENTED_EDGE('',*,*,#2834,.T.);
#3765=ORIENTED_EDGE('',*,*,#2836,.F.);
#3766=ORIENTED_EDGE('',*,*,#2837,.F.);
#3767=ORIENTED_EDGE('',*,*,#2838,.T.);
#3768=ORIENTED_EDGE('',*,*,#2837,.T.);
#3769=ORIENTED_EDGE('',*,*,#2839,.F.);
#3770=ORIENTED_EDGE('',*,*,#2840,.F.);
#3771=ORIENTED_EDGE('',*,*,#2841,.T.);
#3772=ORIENTED_EDGE('',*,*,#2840,.T.);
#3773=ORIENTED_EDGE('',*,*,#2842,.F.);
#3774=ORIENTED_EDGE('',*,*,#2843,.F.);
#3775=ORIENTED_EDGE('',*,*,#2844,.T.);
#3776=ORIENTED_EDGE('',*,*,#2843,.T.);
#3777=ORIENTED_EDGE('',*,*,#2845,.F.);
#3778=ORIENTED_EDGE('',*,*,#2846,.F.);
#3779=ORIENTED_EDGE('',*,*,#2847,.T.);
#3780=ORIENTED_EDGE('',*,*,#2846,.T.);
#3781=ORIENTED_EDGE('',*,*,#2848,.F.);
#3782=ORIENTED_EDGE('',*,*,#2849,.F.);
#3783=ORIENTED_EDGE('',*,*,#2850,.T.);
#3784=ORIENTED_EDGE('',*,*,#2849,.T.);
#3785=ORIENTED_EDGE('',*,*,#2851,.F.);
#3786=ORIENTED_EDGE('',*,*,#2852,.F.);
#3787=ORIENTED_EDGE('',*,*,#2853,.T.);
#3788=ORIENTED_EDGE('',*,*,#2852,.T.);
#3789=ORIENTED_EDGE('',*,*,#2854,.F.);
#3790=ORIENTED_EDGE('',*,*,#2855,.F.);
#3791=ORIENTED_EDGE('',*,*,#2856,.T.);
#3792=ORIENTED_EDGE('',*,*,#2855,.T.);
#3793=ORIENTED_EDGE('',*,*,#2857,.F.);
#3794=ORIENTED_EDGE('',*,*,#2858,.F.);
#3795=ORIENTED_EDGE('',*,*,#2859,.T.);
#3796=ORIENTED_EDGE('',*,*,#2858,.T.);
#3797=ORIENTED_EDGE('',*,*,#2860,.F.);
#3798=ORIENTED_EDGE('',*,*,#2861,.F.);
#3799=ORIENTED_EDGE('',*,*,#2862,.T.);
#3800=ORIENTED_EDGE('',*,*,#2861,.T.);
#3801=ORIENTED_EDGE('',*,*,#2863,.F.);
#3802=ORIENTED_EDGE('',*,*,#2864,.F.);
#3803=ORIENTED_EDGE('',*,*,#2865,.T.);
#3804=ORIENTED_EDGE('',*,*,#2864,.T.);
#3805=ORIENTED_EDGE('',*,*,#2866,.F.);
#3806=ORIENTED_EDGE('',*,*,#2867,.F.);
#3807=ORIENTED_EDGE('',*,*,#2868,.T.);
#3808=ORIENTED_EDGE('',*,*,#2867,.T.);
#3809=ORIENTED_EDGE('',*,*,#2869,.F.);
#3810=ORIENTED_EDGE('',*,*,#2870,.F.);
#3811=ORIENTED_EDGE('',*,*,#2871,.T.);
#3812=ORIENTED_EDGE('',*,*,#2870,.T.);
#3813=ORIENTED_EDGE('',*,*,#2872,.F.);
#3814=ORIENTED_EDGE('',*,*,#2873,.F.);
#3815=ORIENTED_EDGE('',*,*,#2874,.T.);
#3816=ORIENTED_EDGE('',*,*,#2873,.T.);
#3817=ORIENTED_EDGE('',*,*,#2875,.F.);
#3818=ORIENTED_EDGE('',*,*,#2876,.F.);
#3819=ORIENTED_EDGE('',*,*,#2877,.T.);
#3820=ORIENTED_EDGE('',*,*,#2876,.T.);
#3821=ORIENTED_EDGE('',*,*,#2878,.F.);
#3822=ORIENTED_EDGE('',*,*,#2879,.F.);
#3823=ORIENTED_EDGE('',*,*,#2880,.T.);
#3824=ORIENTED_EDGE('',*,*,#2879,.T.);
#3825=ORIENTED_EDGE('',*,*,#2881,.F.);
#3826=ORIENTED_EDGE('',*,*,#2882,.F.);
#3827=ORIENTED_EDGE('',*,*,#2883,.T.);
#3828=ORIENTED_EDGE('',*,*,#2882,.T.);
#3829=ORIENTED_EDGE('',*,*,#2884,.F.);
#3830=ORIENTED_EDGE('',*,*,#2885,.F.);
#3831=ORIENTED_EDGE('',*,*,#2886,.T.);
#3832=ORIENTED_EDGE('',*,*,#2885,.T.);
#3833=ORIENTED_EDGE('',*,*,#2887,.F.);
#3834=ORIENTED_EDGE('',*,*,#2888,.F.);
#3835=ORIENTED_EDGE('',*,*,#2889,.T.);
#3836=ORIENTED_EDGE('',*,*,#2888,.T.);
#3837=ORIENTED_EDGE('',*,*,#2890,.F.);
#3838=ORIENTED_EDGE('',*,*,#2891,.F.);
#3839=ORIENTED_EDGE('',*,*,#2892,.T.);
#3840=ORIENTED_EDGE('',*,*,#2891,.T.);
#3841=ORIENTED_EDGE('',*,*,#2893,.F.);
#3842=ORIENTED_EDGE('',*,*,#2894,.F.);
#3843=ORIENTED_EDGE('',*,*,#2895,.T.);
#3844=ORIENTED_EDGE('',*,*,#2894,.T.);
#3845=ORIENTED_EDGE('',*,*,#2896,.F.);
#3846=ORIENTED_EDGE('',*,*,#2897,.F.);
#3847=ORIENTED_EDGE('',*,*,#2898,.T.);
#3848=ORIENTED_EDGE('',*,*,#2897,.T.);
#3849=ORIENTED_EDGE('',*,*,#2899,.F.);
#3850=ORIENTED_EDGE('',*,*,#2900,.F.);
#3851=ORIENTED_EDGE('',*,*,#2901,.T.);
#3852=ORIENTED_EDGE('',*,*,#2900,.T.);
#3853=ORIENTED_EDGE('',*,*,#2902,.F.);
#3854=ORIENTED_EDGE('',*,*,#2903,.F.);
#3855=ORIENTED_EDGE('',*,*,#2904,.T.);
#3856=ORIENTED_EDGE('',*,*,#2903,.T.);
#3857=ORIENTED_EDGE('',*,*,#2905,.F.);
#3858=ORIENTED_EDGE('',*,*,#2906,.F.);
#3859=ORIENTED_EDGE('',*,*,#2907,.T.);
#3860=ORIENTED_EDGE('',*,*,#2906,.T.);
#3861=ORIENTED_EDGE('',*,*,#2908,.F.);
#3862=ORIENTED_EDGE('',*,*,#2909,.F.);
#3863=ORIENTED_EDGE('',*,*,#2910,.T.);
#3864=ORIENTED_EDGE('',*,*,#2909,.T.);
#3865=ORIENTED_EDGE('',*,*,#2911,.F.);
#3866=ORIENTED_EDGE('',*,*,#2912,.F.);
#3867=ORIENTED_EDGE('',*,*,#2913,.T.);
#3868=ORIENTED_EDGE('',*,*,#2912,.T.);
#3869=ORIENTED_EDGE('',*,*,#2914,.F.);
#3870=ORIENTED_EDGE('',*,*,#2915,.F.);
#3871=ORIENTED_EDGE('',*,*,#2916,.T.);
#3872=ORIENTED_EDGE('',*,*,#2915,.T.);
#3873=ORIENTED_EDGE('',*,*,#2917,.F.);
#3874=ORIENTED_EDGE('',*,*,#2918,.F.);
#3875=ORIENTED_EDGE('',*,*,#2919,.T.);
#3876=ORIENTED_EDGE('',*,*,#2918,.T.);
#3877=ORIENTED_EDGE('',*,*,#2920,.F.);
#3878=ORIENTED_EDGE('',*,*,#2921,.F.);
#3879=ORIENTED_EDGE('',*,*,#2922,.T.);
#3880=ORIENTED_EDGE('',*,*,#2921,.T.);
#3881=ORIENTED_EDGE('',*,*,#2923,.F.);
#3882=ORIENTED_EDGE('',*,*,#2924,.F.);
#3883=ORIENTED_EDGE('',*,*,#2925,.T.);
#3884=ORIENTED_EDGE('',*,*,#2924,.T.);
#3885=ORIENTED_EDGE('',*,*,#2926,.F.);
#3886=ORIENTED_EDGE('',*,*,#2927,.F.);
#3887=ORIENTED_EDGE('',*,*,#2928,.T.);
#3888=ORIENTED_EDGE('',*,*,#2927,.T.);
#3889=ORIENTED_EDGE('',*,*,#2929,.F.);
#3890=ORIENTED_EDGE('',*,*,#2930,.F.);
#3891=ORIENTED_EDGE('',*,*,#2931,.T.);
#3892=ORIENTED_EDGE('',*,*,#2930,.T.);
#3893=ORIENTED_EDGE('',*,*,#2932,.F.);
#3894=ORIENTED_EDGE('',*,*,#2933,.F.);
#3895=ORIENTED_EDGE('',*,*,#2934,.T.);
#3896=ORIENTED_EDGE('',*,*,#2933,.T.);
#3897=ORIENTED_EDGE('',*,*,#2935,.F.);
#3898=ORIENTED_EDGE('',*,*,#2936,.F.);
#3899=ORIENTED_EDGE('',*,*,#2937,.T.);
#3900=ORIENTED_EDGE('',*,*,#2936,.T.);
#3901=ORIENTED_EDGE('',*,*,#2938,.F.);
#3902=ORIENTED_EDGE('',*,*,#2939,.F.);
#3903=ORIENTED_EDGE('',*,*,#2940,.T.);
#3904=ORIENTED_EDGE('',*,*,#2939,.T.);
#3905=ORIENTED_EDGE('',*,*,#2941,.F.);
#3906=ORIENTED_EDGE('',*,*,#2942,.F.);
#3907=ORIENTED_EDGE('',*,*,#2943,.T.);
#3908=ORIENTED_EDGE('',*,*,#2942,.T.);
#3909=ORIENTED_EDGE('',*,*,#2944,.F.);
#3910=ORIENTED_EDGE('',*,*,#2945,.F.);
#3911=ORIENTED_EDGE('',*,*,#2946,.T.);
#3912=ORIENTED_EDGE('',*,*,#2945,.T.);
#3913=ORIENTED_EDGE('',*,*,#2947,.F.);
#3914=ORIENTED_EDGE('',*,*,#2948,.F.);
#3915=ORIENTED_EDGE('',*,*,#2949,.T.);
#3916=ORIENTED_EDGE('',*,*,#2948,.T.);
#3917=ORIENTED_EDGE('',*,*,#2950,.F.);
#3918=ORIENTED_EDGE('',*,*,#2457,.F.);
#3919=ORIENTED_EDGE('',*,*,#2923,.T.);
#3920=ORIENTED_EDGE('',*,*,#2920,.T.);
#3921=ORIENTED_EDGE('',*,*,#2917,.T.);
#3922=ORIENTED_EDGE('',*,*,#2914,.T.);
#3923=ORIENTED_EDGE('',*,*,#2911,.T.);
#3924=ORIENTED_EDGE('',*,*,#2908,.T.);
#3925=ORIENTED_EDGE('',*,*,#2905,.T.);
#3926=ORIENTED_EDGE('',*,*,#2902,.T.);
#3927=ORIENTED_EDGE('',*,*,#2899,.T.);
#3928=ORIENTED_EDGE('',*,*,#2896,.T.);
#3929=ORIENTED_EDGE('',*,*,#2893,.T.);
#3930=ORIENTED_EDGE('',*,*,#2890,.T.);
#3931=ORIENTED_EDGE('',*,*,#2887,.T.);
#3932=ORIENTED_EDGE('',*,*,#2884,.T.);
#3933=ORIENTED_EDGE('',*,*,#2881,.T.);
#3934=ORIENTED_EDGE('',*,*,#2878,.T.);
#3935=ORIENTED_EDGE('',*,*,#2875,.T.);
#3936=ORIENTED_EDGE('',*,*,#2872,.T.);
#3937=ORIENTED_EDGE('',*,*,#2869,.T.);
#3938=ORIENTED_EDGE('',*,*,#2866,.T.);
#3939=ORIENTED_EDGE('',*,*,#2863,.T.);
#3940=ORIENTED_EDGE('',*,*,#2860,.T.);
#3941=ORIENTED_EDGE('',*,*,#2857,.T.);
#3942=ORIENTED_EDGE('',*,*,#2854,.T.);
#3943=ORIENTED_EDGE('',*,*,#2851,.T.);
#3944=ORIENTED_EDGE('',*,*,#2848,.T.);
#3945=ORIENTED_EDGE('',*,*,#2845,.T.);
#3946=ORIENTED_EDGE('',*,*,#2842,.T.);
#3947=ORIENTED_EDGE('',*,*,#2839,.T.);
#3948=ORIENTED_EDGE('',*,*,#2836,.T.);
#3949=ORIENTED_EDGE('',*,*,#2833,.T.);
#3950=ORIENTED_EDGE('',*,*,#2830,.T.);
#3951=ORIENTED_EDGE('',*,*,#2827,.T.);
#3952=ORIENTED_EDGE('',*,*,#2824,.T.);
#3953=ORIENTED_EDGE('',*,*,#2821,.T.);
#3954=ORIENTED_EDGE('',*,*,#2818,.T.);
#3955=ORIENTED_EDGE('',*,*,#2815,.T.);
#3956=ORIENTED_EDGE('',*,*,#2812,.T.);
#3957=ORIENTED_EDGE('',*,*,#2809,.T.);
#3958=ORIENTED_EDGE('',*,*,#2806,.T.);
#3959=ORIENTED_EDGE('',*,*,#2803,.T.);
#3960=ORIENTED_EDGE('',*,*,#2800,.T.);
#3961=ORIENTED_EDGE('',*,*,#2797,.T.);
#3962=ORIENTED_EDGE('',*,*,#2794,.T.);
#3963=ORIENTED_EDGE('',*,*,#2791,.T.);
#3964=ORIENTED_EDGE('',*,*,#2788,.T.);
#3965=ORIENTED_EDGE('',*,*,#2785,.T.);
#3966=ORIENTED_EDGE('',*,*,#2782,.T.);
#3967=ORIENTED_EDGE('',*,*,#2779,.T.);
#3968=ORIENTED_EDGE('',*,*,#2776,.T.);
#3969=ORIENTED_EDGE('',*,*,#2773,.T.);
#3970=ORIENTED_EDGE('',*,*,#2770,.T.);
#3971=ORIENTED_EDGE('',*,*,#2767,.T.);
#3972=ORIENTED_EDGE('',*,*,#2764,.T.);
#3973=ORIENTED_EDGE('',*,*,#2761,.T.);
#3974=ORIENTED_EDGE('',*,*,#2758,.T.);
#3975=ORIENTED_EDGE('',*,*,#2755,.T.);
#3976=ORIENTED_EDGE('',*,*,#2752,.T.);
#3977=ORIENTED_EDGE('',*,*,#2749,.T.);
#3978=ORIENTED_EDGE('',*,*,#2746,.T.);
#3979=ORIENTED_EDGE('',*,*,#2743,.T.);
#3980=ORIENTED_EDGE('',*,*,#2740,.T.);
#3981=ORIENTED_EDGE('',*,*,#2737,.T.);
#3982=ORIENTED_EDGE('',*,*,#2734,.T.);
#3983=ORIENTED_EDGE('',*,*,#2731,.T.);
#3984=ORIENTED_EDGE('',*,*,#2728,.T.);
#3985=ORIENTED_EDGE('',*,*,#2725,.T.);
#3986=ORIENTED_EDGE('',*,*,#2722,.T.);
#3987=ORIENTED_EDGE('',*,*,#2719,.T.);
#3988=ORIENTED_EDGE('',*,*,#2716,.T.);
#3989=ORIENTED_EDGE('',*,*,#2713,.T.);
#3990=ORIENTED_EDGE('',*,*,#2710,.T.);
#3991=ORIENTED_EDGE('',*,*,#2707,.T.);
#3992=ORIENTED_EDGE('',*,*,#2704,.T.);
#3993=ORIENTED_EDGE('',*,*,#2701,.T.);
#3994=ORIENTED_EDGE('',*,*,#2698,.T.);
#3995=ORIENTED_EDGE('',*,*,#2695,.T.);
#3996=ORIENTED_EDGE('',*,*,#2692,.T.);
#3997=ORIENTED_EDGE('',*,*,#2689,.T.);
#3998=ORIENTED_EDGE('',*,*,#2686,.T.);
#3999=ORIENTED_EDGE('',*,*,#2683,.T.);
#4000=ORIENTED_EDGE('',*,*,#2680,.T.);
#4001=ORIENTED_EDGE('',*,*,#2677,.T.);
#4002=ORIENTED_EDGE('',*,*,#2674,.T.);
#4003=ORIENTED_EDGE('',*,*,#2671,.T.);
#4004=ORIENTED_EDGE('',*,*,#2668,.T.);
#4005=ORIENTED_EDGE('',*,*,#2665,.T.);
#4006=ORIENTED_EDGE('',*,*,#2662,.T.);
#4007=ORIENTED_EDGE('',*,*,#2659,.T.);
#4008=ORIENTED_EDGE('',*,*,#2656,.T.);
#4009=ORIENTED_EDGE('',*,*,#2653,.T.);
#4010=ORIENTED_EDGE('',*,*,#2650,.T.);
#4011=ORIENTED_EDGE('',*,*,#2647,.T.);
#4012=ORIENTED_EDGE('',*,*,#2644,.T.);
#4013=ORIENTED_EDGE('',*,*,#2641,.T.);
#4014=ORIENTED_EDGE('',*,*,#2638,.T.);
#4015=ORIENTED_EDGE('',*,*,#2635,.T.);
#4016=ORIENTED_EDGE('',*,*,#2632,.T.);
#4017=ORIENTED_EDGE('',*,*,#2629,.T.);
#4018=ORIENTED_EDGE('',*,*,#2626,.T.);
#4019=ORIENTED_EDGE('',*,*,#2623,.T.);
#4020=ORIENTED_EDGE('',*,*,#2620,.T.);
#4021=ORIENTED_EDGE('',*,*,#2617,.T.);
#4022=ORIENTED_EDGE('',*,*,#2614,.T.);
#4023=ORIENTED_EDGE('',*,*,#2611,.T.);
#4024=ORIENTED_EDGE('',*,*,#2608,.T.);
#4025=ORIENTED_EDGE('',*,*,#2605,.T.);
#4026=ORIENTED_EDGE('',*,*,#2602,.T.);
#4027=ORIENTED_EDGE('',*,*,#2599,.T.);
#4028=ORIENTED_EDGE('',*,*,#2596,.T.);
#4029=ORIENTED_EDGE('',*,*,#2593,.T.);
#4030=ORIENTED_EDGE('',*,*,#2590,.T.);
#4031=ORIENTED_EDGE('',*,*,#2587,.T.);
#4032=ORIENTED_EDGE('',*,*,#2584,.T.);
#4033=ORIENTED_EDGE('',*,*,#2581,.T.);
#4034=ORIENTED_EDGE('',*,*,#2578,.T.);
#4035=ORIENTED_EDGE('',*,*,#2575,.T.);
#4036=ORIENTED_EDGE('',*,*,#2572,.T.);
#4037=ORIENTED_EDGE('',*,*,#2569,.T.);
#4038=ORIENTED_EDGE('',*,*,#2566,.T.);
#4039=ORIENTED_EDGE('',*,*,#2563,.T.);
#4040=ORIENTED_EDGE('',*,*,#2560,.T.);
#4041=ORIENTED_EDGE('',*,*,#2557,.T.);
#4042=ORIENTED_EDGE('',*,*,#2554,.T.);
#4043=ORIENTED_EDGE('',*,*,#2551,.T.);
#4044=ORIENTED_EDGE('',*,*,#2548,.T.);
#4045=ORIENTED_EDGE('',*,*,#2545,.T.);
#4046=ORIENTED_EDGE('',*,*,#2542,.T.);
#4047=ORIENTED_EDGE('',*,*,#2539,.T.);
#4048=ORIENTED_EDGE('',*,*,#2536,.T.);
#4049=ORIENTED_EDGE('',*,*,#2533,.T.);
#4050=ORIENTED_EDGE('',*,*,#2530,.T.);
#4051=ORIENTED_EDGE('',*,*,#2527,.T.);
#4052=ORIENTED_EDGE('',*,*,#2524,.T.);
#4053=ORIENTED_EDGE('',*,*,#2521,.T.);
#4054=ORIENTED_EDGE('',*,*,#2518,.T.);
#4055=ORIENTED_EDGE('',*,*,#2515,.T.);
#4056=ORIENTED_EDGE('',*,*,#2512,.T.);
#4057=ORIENTED_EDGE('',*,*,#2509,.T.);
#4058=ORIENTED_EDGE('',*,*,#2506,.T.);
#4059=ORIENTED_EDGE('',*,*,#2503,.T.);
#4060=ORIENTED_EDGE('',*,*,#2500,.T.);
#4061=ORIENTED_EDGE('',*,*,#2497,.T.);
#4062=ORIENTED_EDGE('',*,*,#2494,.T.);
#4063=ORIENTED_EDGE('',*,*,#2491,.T.);
#4064=ORIENTED_EDGE('',*,*,#2488,.T.);
#4065=ORIENTED_EDGE('',*,*,#2485,.T.);
#4066=ORIENTED_EDGE('',*,*,#2482,.T.);
#4067=ORIENTED_EDGE('',*,*,#2479,.T.);
#4068=ORIENTED_EDGE('',*,*,#2476,.T.);
#4069=ORIENTED_EDGE('',*,*,#2473,.T.);
#4070=ORIENTED_EDGE('',*,*,#2470,.T.);
#4071=ORIENTED_EDGE('',*,*,#2467,.T.);
#4072=ORIENTED_EDGE('',*,*,#2464,.T.);
#4073=ORIENTED_EDGE('',*,*,#2461,.T.);
#4074=ORIENTED_EDGE('',*,*,#2458,.T.);
#4075=ORIENTED_EDGE('',*,*,#2950,.T.);
#4076=ORIENTED_EDGE('',*,*,#2947,.T.);
#4077=ORIENTED_EDGE('',*,*,#2944,.T.);
#4078=ORIENTED_EDGE('',*,*,#2941,.T.);
#4079=ORIENTED_EDGE('',*,*,#2938,.T.);
#4080=ORIENTED_EDGE('',*,*,#2935,.T.);
#4081=ORIENTED_EDGE('',*,*,#2932,.T.);
#4082=ORIENTED_EDGE('',*,*,#2929,.T.);
#4083=ORIENTED_EDGE('',*,*,#2926,.T.);
#4084=ORIENTED_EDGE('',*,*,#2446,.T.);
#4085=ORIENTED_EDGE('',*,*,#2443,.T.);
#4086=ORIENTED_EDGE('',*,*,#2440,.T.);
#4087=ORIENTED_EDGE('',*,*,#2437,.T.);
#4088=ORIENTED_EDGE('',*,*,#2434,.T.);
#4089=ORIENTED_EDGE('',*,*,#2431,.T.);
#4090=ORIENTED_EDGE('',*,*,#2428,.T.);
#4091=ORIENTED_EDGE('',*,*,#2455,.T.);
#4092=ORIENTED_EDGE('',*,*,#2452,.T.);
#4093=ORIENTED_EDGE('',*,*,#2449,.T.);
#4094=ORIENTED_EDGE('',*,*,#2419,.T.);
#4095=ORIENTED_EDGE('',*,*,#2416,.T.);
#4096=ORIENTED_EDGE('',*,*,#2413,.T.);
#4097=ORIENTED_EDGE('',*,*,#2410,.T.);
#4098=ORIENTED_EDGE('',*,*,#2407,.T.);
#4099=ORIENTED_EDGE('',*,*,#2404,.T.);
#4100=ORIENTED_EDGE('',*,*,#2401,.T.);
#4101=ORIENTED_EDGE('',*,*,#2425,.T.);
#4102=ORIENTED_EDGE('',*,*,#2422,.T.);
#4103=ORIENTED_EDGE('',*,*,#2398,.T.);
#4104=ORIENTED_EDGE('',*,*,#2395,.T.);
#4105=ORIENTED_EDGE('',*,*,#2392,.T.);
#4106=ORIENTED_EDGE('',*,*,#2389,.T.);
#4107=ORIENTED_EDGE('',*,*,#2386,.T.);
#4108=ORIENTED_EDGE('',*,*,#2383,.T.);
#4109=ORIENTED_EDGE('',*,*,#2380,.T.);
#4110=ORIENTED_EDGE('',*,*,#2377,.T.);
#4111=ORIENTED_EDGE('',*,*,#2374,.T.);
#4112=ORIENTED_EDGE('',*,*,#2371,.T.);
#4113=ORIENTED_EDGE('',*,*,#2925,.F.);
#4114=ORIENTED_EDGE('',*,*,#2928,.F.);
#4115=ORIENTED_EDGE('',*,*,#2931,.F.);
#4116=ORIENTED_EDGE('',*,*,#2934,.F.);
#4117=ORIENTED_EDGE('',*,*,#2937,.F.);
#4118=ORIENTED_EDGE('',*,*,#2940,.F.);
#4119=ORIENTED_EDGE('',*,*,#2943,.F.);
#4120=ORIENTED_EDGE('',*,*,#2946,.F.);
#4121=ORIENTED_EDGE('',*,*,#2949,.F.);
#4122=ORIENTED_EDGE('',*,*,#2456,.F.);
#4123=ORIENTED_EDGE('',*,*,#2460,.F.);
#4124=ORIENTED_EDGE('',*,*,#2463,.F.);
#4125=ORIENTED_EDGE('',*,*,#2466,.F.);
#4126=ORIENTED_EDGE('',*,*,#2469,.F.);
#4127=ORIENTED_EDGE('',*,*,#2472,.F.);
#4128=ORIENTED_EDGE('',*,*,#2475,.F.);
#4129=ORIENTED_EDGE('',*,*,#2478,.F.);
#4130=ORIENTED_EDGE('',*,*,#2481,.F.);
#4131=ORIENTED_EDGE('',*,*,#2484,.F.);
#4132=ORIENTED_EDGE('',*,*,#2487,.F.);
#4133=ORIENTED_EDGE('',*,*,#2490,.F.);
#4134=ORIENTED_EDGE('',*,*,#2493,.F.);
#4135=ORIENTED_EDGE('',*,*,#2496,.F.);
#4136=ORIENTED_EDGE('',*,*,#2499,.F.);
#4137=ORIENTED_EDGE('',*,*,#2502,.F.);
#4138=ORIENTED_EDGE('',*,*,#2505,.F.);
#4139=ORIENTED_EDGE('',*,*,#2508,.F.);
#4140=ORIENTED_EDGE('',*,*,#2511,.F.);
#4141=ORIENTED_EDGE('',*,*,#2514,.F.);
#4142=ORIENTED_EDGE('',*,*,#2517,.F.);
#4143=ORIENTED_EDGE('',*,*,#2520,.F.);
#4144=ORIENTED_EDGE('',*,*,#2523,.F.);
#4145=ORIENTED_EDGE('',*,*,#2526,.F.);
#4146=ORIENTED_EDGE('',*,*,#2529,.F.);
#4147=ORIENTED_EDGE('',*,*,#2532,.F.);
#4148=ORIENTED_EDGE('',*,*,#2535,.F.);
#4149=ORIENTED_EDGE('',*,*,#2538,.F.);
#4150=ORIENTED_EDGE('',*,*,#2541,.F.);
#4151=ORIENTED_EDGE('',*,*,#2544,.F.);
#4152=ORIENTED_EDGE('',*,*,#2547,.F.);
#4153=ORIENTED_EDGE('',*,*,#2550,.F.);
#4154=ORIENTED_EDGE('',*,*,#2553,.F.);
#4155=ORIENTED_EDGE('',*,*,#2556,.F.);
#4156=ORIENTED_EDGE('',*,*,#2559,.F.);
#4157=ORIENTED_EDGE('',*,*,#2562,.F.);
#4158=ORIENTED_EDGE('',*,*,#2565,.F.);
#4159=ORIENTED_EDGE('',*,*,#2568,.F.);
#4160=ORIENTED_EDGE('',*,*,#2571,.F.);
#4161=ORIENTED_EDGE('',*,*,#2574,.F.);
#4162=ORIENTED_EDGE('',*,*,#2577,.F.);
#4163=ORIENTED_EDGE('',*,*,#2580,.F.);
#4164=ORIENTED_EDGE('',*,*,#2583,.F.);
#4165=ORIENTED_EDGE('',*,*,#2586,.F.);
#4166=ORIENTED_EDGE('',*,*,#2589,.F.);
#4167=ORIENTED_EDGE('',*,*,#2592,.F.);
#4168=ORIENTED_EDGE('',*,*,#2595,.F.);
#4169=ORIENTED_EDGE('',*,*,#2598,.F.);
#4170=ORIENTED_EDGE('',*,*,#2601,.F.);
#4171=ORIENTED_EDGE('',*,*,#2604,.F.);
#4172=ORIENTED_EDGE('',*,*,#2607,.F.);
#4173=ORIENTED_EDGE('',*,*,#2610,.F.);
#4174=ORIENTED_EDGE('',*,*,#2613,.F.);
#4175=ORIENTED_EDGE('',*,*,#2616,.F.);
#4176=ORIENTED_EDGE('',*,*,#2619,.F.);
#4177=ORIENTED_EDGE('',*,*,#2622,.F.);
#4178=ORIENTED_EDGE('',*,*,#2625,.F.);
#4179=ORIENTED_EDGE('',*,*,#2628,.F.);
#4180=ORIENTED_EDGE('',*,*,#2631,.F.);
#4181=ORIENTED_EDGE('',*,*,#2634,.F.);
#4182=ORIENTED_EDGE('',*,*,#2637,.F.);
#4183=ORIENTED_EDGE('',*,*,#2640,.F.);
#4184=ORIENTED_EDGE('',*,*,#2643,.F.);
#4185=ORIENTED_EDGE('',*,*,#2646,.F.);
#4186=ORIENTED_EDGE('',*,*,#2649,.F.);
#4187=ORIENTED_EDGE('',*,*,#2652,.F.);
#4188=ORIENTED_EDGE('',*,*,#2655,.F.);
#4189=ORIENTED_EDGE('',*,*,#2658,.F.);
#4190=ORIENTED_EDGE('',*,*,#2661,.F.);
#4191=ORIENTED_EDGE('',*,*,#2664,.F.);
#4192=ORIENTED_EDGE('',*,*,#2667,.F.);
#4193=ORIENTED_EDGE('',*,*,#2670,.F.);
#4194=ORIENTED_EDGE('',*,*,#2673,.F.);
#4195=ORIENTED_EDGE('',*,*,#2676,.F.);
#4196=ORIENTED_EDGE('',*,*,#2679,.F.);
#4197=ORIENTED_EDGE('',*,*,#2682,.F.);
#4198=ORIENTED_EDGE('',*,*,#2685,.F.);
#4199=ORIENTED_EDGE('',*,*,#2688,.F.);
#4200=ORIENTED_EDGE('',*,*,#2691,.F.);
#4201=ORIENTED_EDGE('',*,*,#2694,.F.);
#4202=ORIENTED_EDGE('',*,*,#2697,.F.);
#4203=ORIENTED_EDGE('',*,*,#2700,.F.);
#4204=ORIENTED_EDGE('',*,*,#2703,.F.);
#4205=ORIENTED_EDGE('',*,*,#2706,.F.);
#4206=ORIENTED_EDGE('',*,*,#2709,.F.);
#4207=ORIENTED_EDGE('',*,*,#2712,.F.);
#4208=ORIENTED_EDGE('',*,*,#2715,.F.);
#4209=ORIENTED_EDGE('',*,*,#2718,.F.);
#4210=ORIENTED_EDGE('',*,*,#2721,.F.);
#4211=ORIENTED_EDGE('',*,*,#2724,.F.);
#4212=ORIENTED_EDGE('',*,*,#2727,.F.);
#4213=ORIENTED_EDGE('',*,*,#2730,.F.);
#4214=ORIENTED_EDGE('',*,*,#2733,.F.);
#4215=ORIENTED_EDGE('',*,*,#2736,.F.);
#4216=ORIENTED_EDGE('',*,*,#2739,.F.);
#4217=ORIENTED_EDGE('',*,*,#2742,.F.);
#4218=ORIENTED_EDGE('',*,*,#2745,.F.);
#4219=ORIENTED_EDGE('',*,*,#2748,.F.);
#4220=ORIENTED_EDGE('',*,*,#2751,.F.);
#4221=ORIENTED_EDGE('',*,*,#2754,.F.);
#4222=ORIENTED_EDGE('',*,*,#2757,.F.);
#4223=ORIENTED_EDGE('',*,*,#2760,.F.);
#4224=ORIENTED_EDGE('',*,*,#2763,.F.);
#4225=ORIENTED_EDGE('',*,*,#2766,.F.);
#4226=ORIENTED_EDGE('',*,*,#2769,.F.);
#4227=ORIENTED_EDGE('',*,*,#2772,.F.);
#4228=ORIENTED_EDGE('',*,*,#2775,.F.);
#4229=ORIENTED_EDGE('',*,*,#2778,.F.);
#4230=ORIENTED_EDGE('',*,*,#2781,.F.);
#4231=ORIENTED_EDGE('',*,*,#2784,.F.);
#4232=ORIENTED_EDGE('',*,*,#2787,.F.);
#4233=ORIENTED_EDGE('',*,*,#2790,.F.);
#4234=ORIENTED_EDGE('',*,*,#2793,.F.);
#4235=ORIENTED_EDGE('',*,*,#2796,.F.);
#4236=ORIENTED_EDGE('',*,*,#2799,.F.);
#4237=ORIENTED_EDGE('',*,*,#2802,.F.);
#4238=ORIENTED_EDGE('',*,*,#2805,.F.);
#4239=ORIENTED_EDGE('',*,*,#2808,.F.);
#4240=ORIENTED_EDGE('',*,*,#2811,.F.);
#4241=ORIENTED_EDGE('',*,*,#2814,.F.);
#4242=ORIENTED_EDGE('',*,*,#2817,.F.);
#4243=ORIENTED_EDGE('',*,*,#2820,.F.);
#4244=ORIENTED_EDGE('',*,*,#2823,.F.);
#4245=ORIENTED_EDGE('',*,*,#2826,.F.);
#4246=ORIENTED_EDGE('',*,*,#2829,.F.);
#4247=ORIENTED_EDGE('',*,*,#2832,.F.);
#4248=ORIENTED_EDGE('',*,*,#2835,.F.);
#4249=ORIENTED_EDGE('',*,*,#2838,.F.);
#4250=ORIENTED_EDGE('',*,*,#2841,.F.);
#4251=ORIENTED_EDGE('',*,*,#2844,.F.);
#4252=ORIENTED_EDGE('',*,*,#2847,.F.);
#4253=ORIENTED_EDGE('',*,*,#2850,.F.);
#4254=ORIENTED_EDGE('',*,*,#2853,.F.);
#4255=ORIENTED_EDGE('',*,*,#2856,.F.);
#4256=ORIENTED_EDGE('',*,*,#2859,.F.);
#4257=ORIENTED_EDGE('',*,*,#2862,.F.);
#4258=ORIENTED_EDGE('',*,*,#2865,.F.);
#4259=ORIENTED_EDGE('',*,*,#2868,.F.);
#4260=ORIENTED_EDGE('',*,*,#2871,.F.);
#4261=ORIENTED_EDGE('',*,*,#2874,.F.);
#4262=ORIENTED_EDGE('',*,*,#2877,.F.);
#4263=ORIENTED_EDGE('',*,*,#2880,.F.);
#4264=ORIENTED_EDGE('',*,*,#2883,.F.);
#4265=ORIENTED_EDGE('',*,*,#2886,.F.);
#4266=ORIENTED_EDGE('',*,*,#2889,.F.);
#4267=ORIENTED_EDGE('',*,*,#2892,.F.);
#4268=ORIENTED_EDGE('',*,*,#2895,.F.);
#4269=ORIENTED_EDGE('',*,*,#2898,.F.);
#4270=ORIENTED_EDGE('',*,*,#2901,.F.);
#4271=ORIENTED_EDGE('',*,*,#2904,.F.);
#4272=ORIENTED_EDGE('',*,*,#2907,.F.);
#4273=ORIENTED_EDGE('',*,*,#2910,.F.);
#4274=ORIENTED_EDGE('',*,*,#2913,.F.);
#4275=ORIENTED_EDGE('',*,*,#2916,.F.);
#4276=ORIENTED_EDGE('',*,*,#2919,.F.);
#4277=ORIENTED_EDGE('',*,*,#2922,.F.);
#4278=ORIENTED_EDGE('',*,*,#2448,.F.);
#4279=ORIENTED_EDGE('',*,*,#2451,.F.);
#4280=ORIENTED_EDGE('',*,*,#2454,.F.);
#4281=ORIENTED_EDGE('',*,*,#2426,.F.);
#4282=ORIENTED_EDGE('',*,*,#2430,.F.);
#4283=ORIENTED_EDGE('',*,*,#2433,.F.);
#4284=ORIENTED_EDGE('',*,*,#2436,.F.);
#4285=ORIENTED_EDGE('',*,*,#2439,.F.);
#4286=ORIENTED_EDGE('',*,*,#2442,.F.);
#4287=ORIENTED_EDGE('',*,*,#2445,.F.);
#4288=ORIENTED_EDGE('',*,*,#2421,.F.);
#4289=ORIENTED_EDGE('',*,*,#2424,.F.);
#4290=ORIENTED_EDGE('',*,*,#2399,.F.);
#4291=ORIENTED_EDGE('',*,*,#2403,.F.);
#4292=ORIENTED_EDGE('',*,*,#2406,.F.);
#4293=ORIENTED_EDGE('',*,*,#2409,.F.);
#4294=ORIENTED_EDGE('',*,*,#2412,.F.);
#4295=ORIENTED_EDGE('',*,*,#2415,.F.);
#4296=ORIENTED_EDGE('',*,*,#2418,.F.);
#4297=ORIENTED_EDGE('',*,*,#2397,.F.);
#4298=ORIENTED_EDGE('',*,*,#2369,.F.);
#4299=ORIENTED_EDGE('',*,*,#2373,.F.);
#4300=ORIENTED_EDGE('',*,*,#2376,.F.);
#4301=ORIENTED_EDGE('',*,*,#2379,.F.);
#4302=ORIENTED_EDGE('',*,*,#2382,.F.);
#4303=ORIENTED_EDGE('',*,*,#2385,.F.);
#4304=ORIENTED_EDGE('',*,*,#2388,.F.);
#4305=ORIENTED_EDGE('',*,*,#2391,.F.);
#4306=ORIENTED_EDGE('',*,*,#2394,.F.);
#4307=SPHERICAL_SURFACE('',#4657,0.035);
#4308=SPHERICAL_SURFACE('',#4661,0.035);
#4309=SPHERICAL_SURFACE('',#4668,0.035);
#4310=SPHERICAL_SURFACE('',#4675,0.035);
#4311=SPHERICAL_SURFACE('',#4691,0.035);
#4312=SPHERICAL_SURFACE('',#4695,0.035);
#4313=SPHERICAL_SURFACE('',#4699,0.035);
#4314=SPHERICAL_SURFACE('',#4703,0.035);
#4315=ADVANCED_FACE('',(#1273),#4307,.T.);
#4316=ADVANCED_FACE('',(#1274),#4308,.T.);
#4317=ADVANCED_FACE('',(#1275),#1240,.T.);
#4318=ADVANCED_FACE('',(#1276),#1241,.T.);
#4319=ADVANCED_FACE('',(#1277),#4309,.T.);
#4320=ADVANCED_FACE('',(#1278),#1242,.T.);
#4321=ADVANCED_FACE('',(#1279),#1243,.T.);
#4322=ADVANCED_FACE('',(#1280),#4310,.T.);
#4323=ADVANCED_FACE('',(#1281),#1244,.T.);
#4324=ADVANCED_FACE('',(#1282),#1245,.T.);
#4325=ADVANCED_FACE('',(#1283),#1246,.T.);
#4326=ADVANCED_FACE('',(#1284),#1247,.T.);
#4327=ADVANCED_FACE('',(#1285),#385,.T.);
#4328=ADVANCED_FACE('',(#1286),#386,.T.);
#4329=ADVANCED_FACE('',(#1287),#387,.T.);
#4330=ADVANCED_FACE('',(#1288),#388,.T.);
#4331=ADVANCED_FACE('',(#1289),#389,.T.);
#4332=ADVANCED_FACE('',(#1290),#390,.F.);
#4333=ADVANCED_FACE('',(#1291),#4311,.T.);
#4334=ADVANCED_FACE('',(#1292),#4312,.T.);
#4335=ADVANCED_FACE('',(#1293),#4313,.T.);
#4336=ADVANCED_FACE('',(#1294),#4314,.T.);
#4337=ADVANCED_FACE('',(#1295),#1248,.T.);
#4338=ADVANCED_FACE('',(#1296),#1249,.T.);
#4339=ADVANCED_FACE('',(#1297),#1250,.T.);
#4340=ADVANCED_FACE('',(#1298),#1251,.T.);
#4341=ADVANCED_FACE('',(#1299),#1252,.T.);
#4342=ADVANCED_FACE('',(#1300),#1253,.T.);
#4343=ADVANCED_FACE('',(#1301),#1254,.T.);
#4344=ADVANCED_FACE('',(#1302),#1255,.T.);
#4345=ADVANCED_FACE('',(#1303),#391,.F.);
#4346=ADVANCED_FACE('',(#1304),#392,.T.);
#4347=ADVANCED_FACE('',(#1305),#393,.T.);
#4348=ADVANCED_FACE('',(#1306),#394,.T.);
#4349=ADVANCED_FACE('',(#1307),#395,.T.);
#4350=ADVANCED_FACE('',(#1308),#396,.T.);
#4351=ADVANCED_FACE('',(#1309),#397,.T.);
#4352=ADVANCED_FACE('',(#1310),#1256,.T.);
#4353=ADVANCED_FACE('',(#1311),#398,.T.);
#4354=ADVANCED_FACE('',(#1312),#1257,.T.);
#4355=ADVANCED_FACE('',(#1313),#399,.T.);
#4356=ADVANCED_FACE('',(#1314),#1258,.T.);
#4357=ADVANCED_FACE('',(#1315),#400,.T.);
#4358=ADVANCED_FACE('',(#1316),#1259,.T.);
#4359=ADVANCED_FACE('',(#1317),#401,.T.);
#4360=ADVANCED_FACE('',(#1318),#402,.F.);
#4361=ADVANCED_FACE('',(#1319),#403,.T.);
#4362=ADVANCED_FACE('',(#1320),#404,.T.);
#4363=ADVANCED_FACE('',(#1321),#323,.T.);
#4364=ADVANCED_FACE('',(#1322),#405,.T.);
#4365=ADVANCED_FACE('',(#1323),#161,.T.);
#4366=ADVANCED_FACE('',(#1324),#406,.T.);
#4367=ADVANCED_FACE('',(#1325),#324,.T.);
#4368=ADVANCED_FACE('',(#1326),#162,.T.);
#4369=ADVANCED_FACE('',(#1327),#407,.T.);
#4370=ADVANCED_FACE('',(#1328),#1260,.F.);
#4371=ADVANCED_FACE('',(#1329),#408,.T.);
#4372=ADVANCED_FACE('',(#1330),#163,.T.);
#4373=ADVANCED_FACE('',(#1331),#409,.T.);
#4374=ADVANCED_FACE('',(#1332),#164,.T.);
#4375=ADVANCED_FACE('',(#1333),#165,.T.);
#4376=ADVANCED_FACE('',(#1334),#410,.T.);
#4377=ADVANCED_FACE('',(#1335),#166,.T.);
#4378=ADVANCED_FACE('',(#1336),#411,.T.);
#4379=ADVANCED_FACE('',(#1337),#167,.T.);
#4380=ADVANCED_FACE('',(#1338),#412,.T.);
#4381=ADVANCED_FACE('',(#1339),#325,.T.);
#4382=ADVANCED_FACE('',(#1340),#168,.T.);
#4383=ADVANCED_FACE('',(#1341),#413,.T.);
#4384=ADVANCED_FACE('',(#1342),#169,.T.);
#4385=ADVANCED_FACE('',(#1343),#414,.T.);
#4386=ADVANCED_FACE('',(#1344),#326,.T.);
#4387=ADVANCED_FACE('',(#1345),#170,.T.);
#4388=ADVANCED_FACE('',(#1346),#415,.T.);
#4389=ADVANCED_FACE('',(#1347),#171,.T.);
#4390=ADVANCED_FACE('',(#1348),#416,.T.);
#4391=ADVANCED_FACE('',(#1349),#172,.F.);
#4392=ADVANCED_FACE('',(#1350),#173,.F.);
#4393=ADVANCED_FACE('',(#1351),#327,.T.);
#4394=ADVANCED_FACE('',(#1352),#174,.F.);
#4395=ADVANCED_FACE('',(#1353),#417,.T.);
#4396=ADVANCED_FACE('',(#1354),#175,.F.);
#4397=ADVANCED_FACE('',(#1355),#176,.F.);
#4398=ADVANCED_FACE('',(#1356),#177,.T.);
#4399=ADVANCED_FACE('',(#1357),#328,.T.);
#4400=ADVANCED_FACE('',(#1358),#418,.T.);
#4401=ADVANCED_FACE('',(#1359),#178,.F.);
#4402=ADVANCED_FACE('',(#1360),#179,.F.);
#4403=ADVANCED_FACE('',(#1361),#180,.T.);
#4404=ADVANCED_FACE('',(#1362),#329,.T.);
#4405=ADVANCED_FACE('',(#1363),#419,.T.);
#4406=ADVANCED_FACE('',(#1364),#181,.F.);
#4407=ADVANCED_FACE('',(#1365),#330,.T.);
#4408=ADVANCED_FACE('',(#1366),#331,.T.);
#4409=ADVANCED_FACE('',(#1367),#420,.T.);
#4410=ADVANCED_FACE('',(#1368),#332,.T.);
#4411=ADVANCED_FACE('',(#1369),#182,.T.);
#4412=ADVANCED_FACE('',(#1370),#421,.T.);
#4413=ADVANCED_FACE('',(#1371),#183,.T.);
#4414=ADVANCED_FACE('',(#1372),#333,.T.);
#4415=ADVANCED_FACE('',(#1373),#334,.T.);
#4416=ADVANCED_FACE('',(#1374),#422,.T.);
#4417=ADVANCED_FACE('',(#1375),#335,.T.);
#4418=ADVANCED_FACE('',(#1376),#336,.T.);
#4419=ADVANCED_FACE('',(#1377),#337,.T.);
#4420=ADVANCED_FACE('',(#1378),#184,.F.);
#4421=ADVANCED_FACE('',(#1379),#338,.T.);
#4422=ADVANCED_FACE('',(#1380),#339,.T.);
#4423=ADVANCED_FACE('',(#1381),#423,.T.);
#4424=ADVANCED_FACE('',(#1382),#185,.F.);
#4425=ADVANCED_FACE('',(#1383),#340,.T.);
#4426=ADVANCED_FACE('',(#1384),#424,.T.);
#4427=ADVANCED_FACE('',(#1385),#425,.T.);
#4428=ADVANCED_FACE('',(#1386),#426,.T.);
#4429=ADVANCED_FACE('',(#1387),#341,.T.);
#4430=ADVANCED_FACE('',(#1388),#186,.T.);
#4431=ADVANCED_FACE('',(#1389),#427,.T.);
#4432=ADVANCED_FACE('',(#1390),#187,.T.);
#4433=ADVANCED_FACE('',(#1391),#428,.T.);
#4434=ADVANCED_FACE('',(#1392),#1261,.T.);
#4435=ADVANCED_FACE('',(#1393),#429,.T.);
#4436=ADVANCED_FACE('',(#1394),#188,.F.);
#4437=ADVANCED_FACE('',(#1395),#342,.T.);
#4438=ADVANCED_FACE('',(#1396),#189,.T.);
#4439=ADVANCED_FACE('',(#1397),#430,.T.);
#4440=ADVANCED_FACE('',(#1398),#190,.T.);
#4441=ADVANCED_FACE('',(#1399),#431,.T.);
#4442=ADVANCED_FACE('',(#1400),#343,.T.);
#4443=ADVANCED_FACE('',(#1401),#191,.T.);
#4444=ADVANCED_FACE('',(#1402),#432,.T.);
#4445=ADVANCED_FACE('',(#1403),#192,.F.);
#4446=ADVANCED_FACE('',(#1404),#433,.T.);
#4447=ADVANCED_FACE('',(#1405),#193,.F.);
#4448=ADVANCED_FACE('',(#1406),#434,.T.);
#4449=ADVANCED_FACE('',(#1407),#435,.T.);
#4450=ADVANCED_FACE('',(#1408),#436,.T.);
#4451=ADVANCED_FACE('',(#1409),#344,.T.);
#4452=ADVANCED_FACE('',(#1410),#1262,.T.);
#4453=ADVANCED_FACE('',(#1411),#194,.F.);
#4454=ADVANCED_FACE('',(#1412),#195,.F.);
#4455=ADVANCED_FACE('',(#1413),#345,.T.);
#4456=ADVANCED_FACE('',(#1414),#346,.T.);
#4457=ADVANCED_FACE('',(#1415),#347,.T.);
#4458=ADVANCED_FACE('',(#1416),#437,.T.);
#4459=ADVANCED_FACE('',(#1417),#438,.T.);
#4460=ADVANCED_FACE('',(#1418),#196,.T.);
#4461=ADVANCED_FACE('',(#1419),#439,.T.);
#4462=ADVANCED_FACE('',(#1420),#197,.T.);
#4463=ADVANCED_FACE('',(#1421),#348,.T.);
#4464=ADVANCED_FACE('',(#1422),#1263,.T.);
#4465=ADVANCED_FACE('',(#1423),#440,.T.);
#4466=ADVANCED_FACE('',(#1424),#441,.T.);
#4467=ADVANCED_FACE('',(#1425),#198,.F.);
#4468=ADVANCED_FACE('',(#1426),#349,.T.);
#4469=ADVANCED_FACE('',(#1427),#442,.T.);
#4470=ADVANCED_FACE('',(#1428),#350,.T.);
#4471=ADVANCED_FACE('',(#1429),#199,.T.);
#4472=ADVANCED_FACE('',(#1430),#443,.T.);
#4473=ADVANCED_FACE('',(#1431),#200,.T.);
#4474=ADVANCED_FACE('',(#1432),#1264,.F.);
#4475=ADVANCED_FACE('',(#1433),#351,.T.);
#4476=ADVANCED_FACE('',(#1434),#352,.T.);
#4477=ADVANCED_FACE('',(#1435),#353,.T.);
#4478=ADVANCED_FACE('',(#1436),#1265,.F.);
#4479=ADVANCED_FACE('',(#1437),#444,.T.);
#4480=ADVANCED_FACE('',(#1438),#201,.F.);
#4481=ADVANCED_FACE('',(#1439),#445,.T.);
#4482=ADVANCED_FACE('',(#1440),#1266,.T.);
#4483=ADVANCED_FACE('',(#1441),#446,.T.);
#4484=ADVANCED_FACE('',(#1442),#202,.T.);
#4485=ADVANCED_FACE('',(#1443),#447,.T.);
#4486=ADVANCED_FACE('',(#1444),#203,.F.);
#4487=ADVANCED_FACE('',(#1445),#448,.T.);
#4488=ADVANCED_FACE('',(#1446),#204,.F.);
#4489=ADVANCED_FACE('',(#1447),#354,.T.);
#4490=ADVANCED_FACE('',(#1448),#355,.T.);
#4491=ADVANCED_FACE('',(#1449),#1267,.F.);
#4492=ADVANCED_FACE('',(#1450),#449,.T.);
#4493=ADVANCED_FACE('',(#1451),#205,.F.);
#4494=ADVANCED_FACE('',(#1452),#356,.T.);
#4495=ADVANCED_FACE('',(#1453),#206,.F.);
#4496=ADVANCED_FACE('',(#1454),#450,.T.);
#4497=ADVANCED_FACE('',(#1455),#207,.T.);
#4498=ADVANCED_FACE('',(#1456),#451,.T.);
#4499=ADVANCED_FACE('',(#1457),#357,.T.);
#4500=ADVANCED_FACE('',(#1458),#208,.T.);
#4501=ADVANCED_FACE('',(#1459),#452,.T.);
#4502=ADVANCED_FACE('',(#1460),#209,.T.);
#4503=ADVANCED_FACE('',(#1461),#210,.F.);
#4504=ADVANCED_FACE('',(#1462),#1268,.T.);
#4505=ADVANCED_FACE('',(#1463),#453,.T.);
#4506=ADVANCED_FACE('',(#1464),#211,.F.);
#4507=ADVANCED_FACE('',(#1465),#212,.F.);
#4508=ADVANCED_FACE('',(#1466),#454,.T.);
#4509=ADVANCED_FACE('',(#1467),#358,.T.);
#4510=ADVANCED_FACE('',(#1468),#213,.T.);
#4511=ADVANCED_FACE('',(#1469),#455,.T.);
#4512=ADVANCED_FACE('',(#1470),#214,.F.);
#4513=ADVANCED_FACE('',(#1471),#359,.T.);
#4514=ADVANCED_FACE('',(#1472),#360,.T.);
#4515=ADVANCED_FACE('',(#1473),#456,.T.);
#4516=ADVANCED_FACE('',(#1474),#361,.T.);
#4517=ADVANCED_FACE('',(#1475),#215,.F.);
#4518=ADVANCED_FACE('',(#1476),#457,.T.);
#4519=ADVANCED_FACE('',(#1477),#362,.T.);
#4520=ADVANCED_FACE('',(#1478),#216,.T.);
#4521=ADVANCED_FACE('',(#1479),#458,.T.);
#4522=ADVANCED_FACE('',(#1480),#217,.T.);
#4523=ADVANCED_FACE('',(#1481),#459,.T.);
#4524=ADVANCED_FACE('',(#1482),#218,.F.);
#4525=ADVANCED_FACE('',(#1483),#460,.T.);
#4526=ADVANCED_FACE('',(#1484),#461,.T.);
#4527=ADVANCED_FACE('',(#1485),#219,.F.);
#4528=ADVANCED_FACE('',(#1486),#363,.T.);
#4529=ADVANCED_FACE('',(#1487),#364,.T.);
#4530=ADVANCED_FACE('',(#1488),#220,.T.);
#4531=ADVANCED_FACE('',(#1489),#1269,.F.);
#4532=ADVANCED_FACE('',(#1490),#462,.T.);
#4533=ADVANCED_FACE('',(#1491),#365,.T.);
#4534=ADVANCED_FACE('',(#1492),#463,.T.);
#4535=ADVANCED_FACE('',(#1493),#1270,.T.);
#4536=ADVANCED_FACE('',(#1494),#464,.T.);
#4537=ADVANCED_FACE('',(#1495),#221,.F.);
#4538=ADVANCED_FACE('',(#1496),#366,.T.);
#4539=ADVANCED_FACE('',(#1497),#222,.T.);
#4540=ADVANCED_FACE('',(#1498),#223,.T.);
#4541=ADVANCED_FACE('',(#1499),#465,.T.);
#4542=ADVANCED_FACE('',(#1500),#367,.T.);
#4543=ADVANCED_FACE('',(#1501),#466,.T.);
#4544=ADVANCED_FACE('',(#1502),#224,.F.);
#4545=ADVANCED_FACE('',(#1503),#467,.T.);
#4546=ADVANCED_FACE('',(#1504),#468,.T.);
#4547=ADVANCED_FACE('',(#1505),#368,.T.);
#4548=ADVANCED_FACE('',(#1506),#369,.T.);
#4549=ADVANCED_FACE('',(#1507),#225,.F.);
#4550=ADVANCED_FACE('',(#1508),#469,.T.);
#4551=ADVANCED_FACE('',(#1509),#1271,.F.);
#4552=ADVANCED_FACE('',(#1510),#370,.T.);
#4553=ADVANCED_FACE('',(#1511),#226,.T.);
#4554=ADVANCED_FACE('',(#1512),#1272,.F.);
#4555=ADVANCED_FACE('',(#1513,#23,#24,#25),#470,.T.);
#4556=ADVANCED_FACE('',(#1514,#26,#27,#28),#471,.F.);
#4557=CLOSED_SHELL('',(#4315,#4316,#4317,#4318,#4319,#4320,#4321,#4322,
#4323,#4324,#4325,#4326,#4327,#4328,#4329,#4330,#4331,#4332));
#4558=CLOSED_SHELL('',(#4333,#4334,#4335,#4336,#4337,#4338,#4339,#4340,
#4341,#4342,#4343,#4344,#4345,#4346,#4347,#4348,#4349,#4350));
#4559=CLOSED_SHELL('',(#4351,#4352,#4353,#4354,#4355,#4356,#4357,#4358,
#4359,#4360));
#4560=CLOSED_SHELL('',(#4361,#4362,#4363,#4364,#4365,#4366,#4367,#4368,
#4369,#4370,#4371,#4372,#4373,#4374,#4375,#4376,#4377,#4378,#4379,#4380,
#4381,#4382,#4383,#4384,#4385,#4386,#4387,#4388,#4389,#4390,#4391,#4392,
#4393,#4394,#4395,#4396,#4397,#4398,#4399,#4400,#4401,#4402,#4403,#4404,
#4405,#4406,#4407,#4408,#4409,#4410,#4411,#4412,#4413,#4414,#4415,#4416,
#4417,#4418,#4419,#4420,#4421,#4422,#4423,#4424,#4425,#4426,#4427,#4428,
#4429,#4430,#4431,#4432,#4433,#4434,#4435,#4436,#4437,#4438,#4439,#4440,
#4441,#4442,#4443,#4444,#4445,#4446,#4447,#4448,#4449,#4450,#4451,#4452,
#4453,#4454,#4455,#4456,#4457,#4458,#4459,#4460,#4461,#4462,#4463,#4464,
#4465,#4466,#4467,#4468,#4469,#4470,#4471,#4472,#4473,#4474,#4475,#4476,
#4477,#4478,#4479,#4480,#4481,#4482,#4483,#4484,#4485,#4486,#4487,#4488,
#4489,#4490,#4491,#4492,#4493,#4494,#4495,#4496,#4497,#4498,#4499,#4500,
#4501,#4502,#4503,#4504,#4505,#4506,#4507,#4508,#4509,#4510,#4511,#4512,
#4513,#4514,#4515,#4516,#4517,#4518,#4519,#4520,#4521,#4522,#4523,#4524,
#4525,#4526,#4527,#4528,#4529,#4530,#4531,#4532,#4533,#4534,#4535,#4536,
#4537,#4538,#4539,#4540,#4541,#4542,#4543,#4544,#4545,#4546,#4547,#4548,
#4549,#4550,#4551,#4552,#4553,#4554,#4555,#4556));
#4561=DERIVED_UNIT_ELEMENT(#4567,1.);
#4562=DERIVED_UNIT_ELEMENT(#8562,3.);
#4563=DERIVED_UNIT_ELEMENT(#4567,1.);
#4564=DERIVED_UNIT_ELEMENT(#8562,3.);
#4565=DERIVED_UNIT_ELEMENT(#4567,1.);
#4566=DERIVED_UNIT_ELEMENT(#8562,3.);
#4567=(
MASS_UNIT()
NAMED_UNIT(*)
SI_UNIT($,.GRAM.)
);
#4568=DERIVED_UNIT((#4561,#4562));
#4569=DERIVED_UNIT((#4563,#4564));
#4570=DERIVED_UNIT((#4565,#4566));
#4571=MEASURE_REPRESENTATION_ITEM('density measure',
POSITIVE_RATIO_MEASURE(1.),#4568);
#4572=MEASURE_REPRESENTATION_ITEM('density measure',
POSITIVE_RATIO_MEASURE(1.),#4569);
#4573=MEASURE_REPRESENTATION_ITEM('density measure',
POSITIVE_RATIO_MEASURE(1.),#4570);
#4574=PROPERTY_DEFINITION_REPRESENTATION(#4589,#4580);
#4575=PROPERTY_DEFINITION_REPRESENTATION(#4590,#4581);
#4576=PROPERTY_DEFINITION_REPRESENTATION(#4591,#4582);
#4577=PROPERTY_DEFINITION_REPRESENTATION(#4592,#4583);
#4578=PROPERTY_DEFINITION_REPRESENTATION(#4593,#4584);
#4579=PROPERTY_DEFINITION_REPRESENTATION(#4594,#4585);
#4580=REPRESENTATION('material name',(#4586),#8557);
#4581=REPRESENTATION('density',(#4571),#8557);
#4582=REPRESENTATION('material name',(#4587),#8558);
#4583=REPRESENTATION('density',(#4572),#8558);
#4584=REPRESENTATION('material name',(#4588),#8559);
#4585=REPRESENTATION('density',(#4573),#8559);
#4586=DESCRIPTIVE_REPRESENTATION_ITEM('Generic','Generic');
#4587=DESCRIPTIVE_REPRESENTATION_ITEM('Generic','Generic');
#4588=DESCRIPTIVE_REPRESENTATION_ITEM('Generic','Generic');
#4589=PROPERTY_DEFINITION('material property','material name',#8582);
#4590=PROPERTY_DEFINITION('material property','density of part',#8582);
#4591=PROPERTY_DEFINITION('material property','material name',#8583);
#4592=PROPERTY_DEFINITION('material property','density of part',#8583);
#4593=PROPERTY_DEFINITION('material property','material name',#8584);
#4594=PROPERTY_DEFINITION('material property','density of part',#8584);
#4595=PRESENTATION_STYLE_ASSIGNMENT((#4599));
#4596=PRESENTATION_STYLE_ASSIGNMENT((#4600));
#4597=PRESENTATION_STYLE_ASSIGNMENT((#4601));
#4598=PRESENTATION_STYLE_ASSIGNMENT((#4602));
#4599=SURFACE_STYLE_USAGE(.BOTH.,#4611);
#4600=SURFACE_STYLE_USAGE(.BOTH.,#4612);
#4601=SURFACE_STYLE_USAGE(.BOTH.,#4613);
#4602=SURFACE_STYLE_USAGE(.BOTH.,#4614);
#4603=SURFACE_STYLE_RENDERING_WITH_PROPERTIES($,#4627,(#4607));
#4604=SURFACE_STYLE_RENDERING_WITH_PROPERTIES($,#4628,(#4608));
#4605=SURFACE_STYLE_RENDERING_WITH_PROPERTIES($,#4629,(#4609));
#4606=SURFACE_STYLE_RENDERING_WITH_PROPERTIES($,#4630,(#4610));
#4607=SURFACE_STYLE_TRANSPARENT(0.);
#4608=SURFACE_STYLE_TRANSPARENT(0.);
#4609=SURFACE_STYLE_TRANSPARENT(0.);
#4610=SURFACE_STYLE_TRANSPARENT(0.);
#4611=SURFACE_SIDE_STYLE('',(#4615,#4603));
#4612=SURFACE_SIDE_STYLE('',(#4616,#4604));
#4613=SURFACE_SIDE_STYLE('',(#4617,#4605));
#4614=SURFACE_SIDE_STYLE('',(#4618,#4606));
#4615=SURFACE_STYLE_FILL_AREA(#4619);
#4616=SURFACE_STYLE_FILL_AREA(#4620);
#4617=SURFACE_STYLE_FILL_AREA(#4621);
#4618=SURFACE_STYLE_FILL_AREA(#4622);
#4619=FILL_AREA_STYLE('',(#4623));
#4620=FILL_AREA_STYLE('',(#4624));
#4621=FILL_AREA_STYLE('',(#4625));
#4622=FILL_AREA_STYLE('',(#4626));
#4623=FILL_AREA_STYLE_COLOUR('',#4627);
#4624=FILL_AREA_STYLE_COLOUR('',#4628);
#4625=FILL_AREA_STYLE_COLOUR('',#4629);
#4626=FILL_AREA_STYLE_COLOUR('',#4630);
#4627=COLOUR_RGB('',0.749019607843137,0.749019607843137,0.749019607843137);
#4628=COLOUR_RGB('',0.831372549019608,0.831372549019608,0.831372549019608);
#4629=COLOUR_RGB('',0.627450980392157,0.313725490196078,0.);
#4630=COLOUR_RGB('',0.96078431372549,0.96078431372549,0.96078431372549);
#4631=DATE_TIME_ROLE('creation_date');
#4632=DATE_TIME_ROLE('creation_date');
#4633=DATE_TIME_ROLE('creation_date');
#4634=DATE_TIME_ROLE('creation_date');
#4635=APPLIED_DATE_AND_TIME_ASSIGNMENT(#4639,#4631,(#8581));
#4636=APPLIED_DATE_AND_TIME_ASSIGNMENT(#4640,#4632,(#8582));
#4637=APPLIED_DATE_AND_TIME_ASSIGNMENT(#4641,#4633,(#8583));
#4638=APPLIED_DATE_AND_TIME_ASSIGNMENT(#4642,#4634,(#8584));
#4639=DATE_AND_TIME(#4643,#4647);
#4640=DATE_AND_TIME(#4644,#4648);
#4641=DATE_AND_TIME(#4645,#4649);
#4642=DATE_AND_TIME(#4646,#4650);
#4643=CALENDAR_DATE(2019,3,8);
#4644=CALENDAR_DATE(2019,3,8);
#4645=CALENDAR_DATE(2019,3,8);
#4646=CALENDAR_DATE(2019,3,8);
#4647=LOCAL_TIME(14,58,46.,#4651);
#4648=LOCAL_TIME(14,59,52.,#4652);
#4649=LOCAL_TIME(15,1,40.,#4653);
#4650=LOCAL_TIME(15,3,0.,#4654);
#4651=COORDINATED_UNIVERSAL_TIME_OFFSET(0,0,.BEHIND.);
#4652=COORDINATED_UNIVERSAL_TIME_OFFSET(0,0,.BEHIND.);
#4653=COORDINATED_UNIVERSAL_TIME_OFFSET(0,0,.BEHIND.);
#4654=COORDINATED_UNIVERSAL_TIME_OFFSET(0,0,.BEHIND.);
#4655=AXIS2_PLACEMENT_3D('placement',#6038,#4988,#4989);
#4656=AXIS2_PLACEMENT_3D('placement',#6039,#4990,#4991);
#4657=AXIS2_PLACEMENT_3D('',#6040,#4992,#4993);
#4658=AXIS2_PLACEMENT_3D('',#6043,#4994,#4995);
#4659=AXIS2_PLACEMENT_3D('',#6045,#4996,#4997);
#4660=AXIS2_PLACEMENT_3D('',#6046,#4998,#4999);
#4661=AXIS2_PLACEMENT_3D('',#6047,#5000,#5001);
#4662=AXIS2_PLACEMENT_3D('',#6050,#5002,#5003);
#4663=AXIS2_PLACEMENT_3D('',#6052,#5004,#5005);
#4664=AXIS2_PLACEMENT_3D('',#6053,#5006,#5007);
#4665=AXIS2_PLACEMENT_3D('',#6054,#5008,#5009);
#4666=AXIS2_PLACEMENT_3D('',#6057,#5010,#5011);
#4667=AXIS2_PLACEMENT_3D('',#6060,#5014,#5015);
#4668=AXIS2_PLACEMENT_3D('',#6063,#5018,#5019);
#4669=AXIS2_PLACEMENT_3D('',#6066,#5020,#5021);
#4670=AXIS2_PLACEMENT_3D('',#6068,#5022,#5023);
#4671=AXIS2_PLACEMENT_3D('',#6069,#5024,#5025);
#4672=AXIS2_PLACEMENT_3D('',#6070,#5026,#5027);
#4673=AXIS2_PLACEMENT_3D('',#6073,#5030,#5031);
#4674=AXIS2_PLACEMENT_3D('',#6076,#5032,#5033);
#4675=AXIS2_PLACEMENT_3D('',#6079,#5036,#5037);
#4676=AXIS2_PLACEMENT_3D('',#6082,#5038,#5039);
#4677=AXIS2_PLACEMENT_3D('',#6084,#5040,#5041);
#4678=AXIS2_PLACEMENT_3D('',#6085,#5042,#5043);
#4679=AXIS2_PLACEMENT_3D('',#6086,#5044,#5045);
#4680=AXIS2_PLACEMENT_3D('',#6089,#5048,#5049);
#4681=AXIS2_PLACEMENT_3D('',#6092,#5052,#5053);
#4682=AXIS2_PLACEMENT_3D('',#6095,#5054,#5055);
#4683=AXIS2_PLACEMENT_3D('',#6098,#5058,#5059);
#4684=AXIS2_PLACEMENT_3D('',#6101,#5060,#5061);
#4685=AXIS2_PLACEMENT_3D('',#6104,#5064,#5065);
#4686=AXIS2_PLACEMENT_3D('',#6106,#5067,#5068);
#4687=AXIS2_PLACEMENT_3D('',#6108,#5070,#5071);
#4688=AXIS2_PLACEMENT_3D('',#6109,#5072,#5073);
#4689=AXIS2_PLACEMENT_3D('',#6112,#5076,#5077);
#4690=AXIS2_PLACEMENT_3D('',#6113,#5078,#5079);
#4691=AXIS2_PLACEMENT_3D('',#6114,#5080,#5081);
#4692=AXIS2_PLACEMENT_3D('',#6117,#5082,#5083);
#4693=AXIS2_PLACEMENT_3D('',#6119,#5084,#5085);
#4694=AXIS2_PLACEMENT_3D('',#6120,#5086,#5087);
#4695=AXIS2_PLACEMENT_3D('',#6121,#5088,#5089);
#4696=AXIS2_PLACEMENT_3D('',#6124,#5090,#5091);
#4697=AXIS2_PLACEMENT_3D('',#6126,#5092,#5093);
#4698=AXIS2_PLACEMENT_3D('',#6127,#5094,#5095);
#4699=AXIS2_PLACEMENT_3D('',#6128,#5096,#5097);
#4700=AXIS2_PLACEMENT_3D('',#6131,#5098,#5099);
#4701=AXIS2_PLACEMENT_3D('',#6133,#5100,#5101);
#4702=AXIS2_PLACEMENT_3D('',#6134,#5102,#5103);
#4703=AXIS2_PLACEMENT_3D('',#6135,#5104,#5105);
#4704=AXIS2_PLACEMENT_3D('',#6138,#5106,#5107);
#4705=AXIS2_PLACEMENT_3D('',#6140,#5108,#5109);
#4706=AXIS2_PLACEMENT_3D('',#6141,#5110,#5111);
#4707=AXIS2_PLACEMENT_3D('',#6142,#5112,#5113);
#4708=AXIS2_PLACEMENT_3D('',#6145,#5116,#5117);
#4709=AXIS2_PLACEMENT_3D('',#6148,#5118,#5119);
#4710=AXIS2_PLACEMENT_3D('',#6151,#5122,#5123);
#4711=AXIS2_PLACEMENT_3D('',#6154,#5126,#5127);
#4712=AXIS2_PLACEMENT_3D('',#6157,#5128,#5129);
#4713=AXIS2_PLACEMENT_3D('',#6160,#5132,#5133);
#4714=AXIS2_PLACEMENT_3D('',#6163,#5136,#5137);
#4715=AXIS2_PLACEMENT_3D('',#6166,#5140,#5141);
#4716=AXIS2_PLACEMENT_3D('',#6169,#5142,#5143);
#4717=AXIS2_PLACEMENT_3D('',#6172,#5146,#5147);
#4718=AXIS2_PLACEMENT_3D('',#6175,#5148,#5149);
#4719=AXIS2_PLACEMENT_3D('',#6178,#5152,#5153);
#4720=AXIS2_PLACEMENT_3D('',#6180,#5155,#5156);
#4721=AXIS2_PLACEMENT_3D('',#6184,#5160,#5161);
#4722=AXIS2_PLACEMENT_3D('',#6185,#5162,#5163);
#4723=AXIS2_PLACEMENT_3D('',#6186,#5164,#5165);
#4724=AXIS2_PLACEMENT_3D('',#6187,#5166,#5167);
#4725=AXIS2_PLACEMENT_3D('placement',#6188,#5168,#5169);
#4726=AXIS2_PLACEMENT_3D('',#6189,#5170,#5171);
#4727=AXIS2_PLACEMENT_3D('',#6194,#5173,#5174);
#4728=AXIS2_PLACEMENT_3D('',#6198,#5176,#5177);
#4729=AXIS2_PLACEMENT_3D('',#6202,#5179,#5180);
#4730=AXIS2_PLACEMENT_3D('',#6205,#5182,#5183);
#4731=AXIS2_PLACEMENT_3D('',#6206,#5184,#5185);
#4732=AXIS2_PLACEMENT_3D('',#6210,#5187,#5188);
#4733=AXIS2_PLACEMENT_3D('',#6212,#5190,#5191);
#4734=AXIS2_PLACEMENT_3D('',#6216,#5194,#5195);
#4735=AXIS2_PLACEMENT_3D('',#6218,#5196,#5197);
#4736=AXIS2_PLACEMENT_3D('',#6220,#5199,#5200);
#4737=AXIS2_PLACEMENT_3D('',#6224,#5203,#5204);
#4738=AXIS2_PLACEMENT_3D('',#6226,#5205,#5206);
#4739=AXIS2_PLACEMENT_3D('',#6228,#5208,#5209);
#4740=AXIS2_PLACEMENT_3D('',#6232,#5212,#5213);
#4741=AXIS2_PLACEMENT_3D('',#6234,#5214,#5215);
#4742=AXIS2_PLACEMENT_3D('',#6236,#5217,#5218);
#4743=AXIS2_PLACEMENT_3D('',#6238,#5220,#5221);
#4744=AXIS2_PLACEMENT_3D('placement',#6239,#5222,#5223);
#4745=AXIS2_PLACEMENT_3D('',#6240,#5224,#5225);
#4746=AXIS2_PLACEMENT_3D('',#6249,#5230,#5231);
#4747=AXIS2_PLACEMENT_3D('',#6274,#5236,#5237);
#4748=AXIS2_PLACEMENT_3D('',#6287,#5241,#5242);
#4749=AXIS2_PLACEMENT_3D('',#6289,#5243,#5244);
#4750=AXIS2_PLACEMENT_3D('',#6291,#5246,#5247);
#4751=AXIS2_PLACEMENT_3D('',#6323,#5252,#5253);
#4752=AXIS2_PLACEMENT_3D('',#6325,#5254,#5255);
#4753=AXIS2_PLACEMENT_3D('',#6327,#5257,#5258);
#4754=AXIS2_PLACEMENT_3D('',#6333,#5262,#5263);
#4755=AXIS2_PLACEMENT_3D('',#6334,#5264,#5265);
#4756=AXIS2_PLACEMENT_3D('',#6335,#5266,#5267);
#4757=AXIS2_PLACEMENT_3D('',#6336,#5268,#5269);
#4758=AXIS2_PLACEMENT_3D('',#6356,#5274,#5275);
#4759=AXIS2_PLACEMENT_3D('',#6358,#5276,#5277);
#4760=AXIS2_PLACEMENT_3D('',#6360,#5279,#5280);
#4761=AXIS2_PLACEMENT_3D('',#6373,#5284,#5285);
#4762=AXIS2_PLACEMENT_3D('',#6375,#5286,#5287);
#4763=AXIS2_PLACEMENT_3D('',#6384,#5289,#5290);
#4764=AXIS2_PLACEMENT_3D('',#6386,#5291,#5292);
#4765=AXIS2_PLACEMENT_3D('',#6388,#5294,#5295);
#4766=AXIS2_PLACEMENT_3D('',#6405,#5299,#5300);
#4767=AXIS2_PLACEMENT_3D('',#6407,#5301,#5302);
#4768=AXIS2_PLACEMENT_3D('',#6409,#5304,#5305);
#4769=AXIS2_PLACEMENT_3D('',#6421,#5309,#5310);
#4770=AXIS2_PLACEMENT_3D('',#6422,#5311,#5312);
#4771=AXIS2_PLACEMENT_3D('',#6423,#5313,#5314);
#4772=AXIS2_PLACEMENT_3D('',#6462,#5320,#5321);
#4773=AXIS2_PLACEMENT_3D('',#6464,#5322,#5323);
#4774=AXIS2_PLACEMENT_3D('',#6466,#5325,#5326);
#4775=AXIS2_PLACEMENT_3D('',#6479,#5330,#5331);
#4776=AXIS2_PLACEMENT_3D('',#6481,#5332,#5333);
#4777=AXIS2_PLACEMENT_3D('',#6483,#5335,#5336);
#4778=AXIS2_PLACEMENT_3D('',#6515,#5341,#5342);
#4779=AXIS2_PLACEMENT_3D('',#6517,#5343,#5344);
#4780=AXIS2_PLACEMENT_3D('',#6519,#5346,#5347);
#4781=AXIS2_PLACEMENT_3D('',#6531,#5351,#5352);
#4782=AXIS2_PLACEMENT_3D('',#6532,#5353,#5354);
#4783=AXIS2_PLACEMENT_3D('',#6533,#5355,#5356);
#4784=AXIS2_PLACEMENT_3D('',#6549,#5361,#5362);
#4785=AXIS2_PLACEMENT_3D('',#6551,#5363,#5364);
#4786=AXIS2_PLACEMENT_3D('',#6560,#5366,#5367);
#4787=AXIS2_PLACEMENT_3D('',#6562,#5368,#5369);
#4788=AXIS2_PLACEMENT_3D('',#6590,#5372,#5373);
#4789=AXIS2_PLACEMENT_3D('',#6592,#5374,#5375);
#4790=AXIS2_PLACEMENT_3D('',#6594,#5377,#5378);
#4791=AXIS2_PLACEMENT_3D('',#6607,#5382,#5383);
#4792=AXIS2_PLACEMENT_3D('',#6609,#5384,#5385);
#4793=AXIS2_PLACEMENT_3D('',#6618,#5387,#5388);
#4794=AXIS2_PLACEMENT_3D('',#6620,#5389,#5390);
#4795=AXIS2_PLACEMENT_3D('',#6629,#5392,#5393);
#4796=AXIS2_PLACEMENT_3D('',#6631,#5394,#5395);
#4797=AXIS2_PLACEMENT_3D('',#6652,#5398,#5399);
#4798=AXIS2_PLACEMENT_3D('',#6665,#5403,#5404);
#4799=AXIS2_PLACEMENT_3D('',#6667,#5405,#5406);
#4800=AXIS2_PLACEMENT_3D('',#6676,#5408,#5409);
#4801=AXIS2_PLACEMENT_3D('',#6678,#5410,#5411);
#4802=AXIS2_PLACEMENT_3D('',#6687,#5413,#5414);
#4803=AXIS2_PLACEMENT_3D('',#6689,#5415,#5416);
#4804=AXIS2_PLACEMENT_3D('',#6710,#5419,#5420);
#4805=AXIS2_PLACEMENT_3D('',#6723,#5424,#5425);
#4806=AXIS2_PLACEMENT_3D('',#6725,#5426,#5427);
#4807=AXIS2_PLACEMENT_3D('',#6765,#5431,#5432);
#4808=AXIS2_PLACEMENT_3D('',#6801,#5437,#5438);
#4809=AXIS2_PLACEMENT_3D('',#6803,#5439,#5440);
#4810=AXIS2_PLACEMENT_3D('',#6805,#5442,#5443);
#4811=AXIS2_PLACEMENT_3D('',#6822,#5447,#5448);
#4812=AXIS2_PLACEMENT_3D('',#6824,#5449,#5450);
#4813=AXIS2_PLACEMENT_3D('',#6908,#5454,#5455);
#4814=AXIS2_PLACEMENT_3D('',#6978,#5462,#5463);
#4815=AXIS2_PLACEMENT_3D('',#6980,#5464,#5465);
#4816=AXIS2_PLACEMENT_3D('',#7020,#5469,#5470);
#4817=AXIS2_PLACEMENT_3D('',#7037,#5474,#5475);
#4818=AXIS2_PLACEMENT_3D('',#7039,#5476,#5477);
#4819=AXIS2_PLACEMENT_3D('',#7060,#5480,#5481);
#4820=AXIS2_PLACEMENT_3D('',#7066,#5485,#5486);
#4821=AXIS2_PLACEMENT_3D('',#7072,#5490,#5491);
#4822=AXIS2_PLACEMENT_3D('',#7104,#5496,#5497);
#4823=AXIS2_PLACEMENT_3D('',#7106,#5498,#5499);
#4824=AXIS2_PLACEMENT_3D('',#7108,#5501,#5502);
#4825=AXIS2_PLACEMENT_3D('',#7121,#5506,#5507);
#4826=AXIS2_PLACEMENT_3D('',#7123,#5508,#5509);
#4827=AXIS2_PLACEMENT_3D('',#7125,#5511,#5512);
#4828=AXIS2_PLACEMENT_3D('',#7131,#5516,#5517);
#4829=AXIS2_PLACEMENT_3D('',#7133,#5518,#5519);
#4830=AXIS2_PLACEMENT_3D('',#7135,#5520,#5521);
#4831=AXIS2_PLACEMENT_3D('',#7137,#5523,#5524);
#4832=AXIS2_PLACEMENT_3D('',#7154,#5528,#5529);
#4833=AXIS2_PLACEMENT_3D('',#7156,#5530,#5531);
#4834=AXIS2_PLACEMENT_3D('',#7188,#5534,#5535);
#4835=AXIS2_PLACEMENT_3D('',#7190,#5536,#5537);
#4836=AXIS2_PLACEMENT_3D('',#7192,#5539,#5540);
#4837=AXIS2_PLACEMENT_3D('',#7205,#5544,#5545);
#4838=AXIS2_PLACEMENT_3D('',#7207,#5546,#5547);
#4839=AXIS2_PLACEMENT_3D('',#7209,#5549,#5550);
#4840=AXIS2_PLACEMENT_3D('',#7245,#5555,#5556);
#4841=AXIS2_PLACEMENT_3D('',#7247,#5557,#5558);
#4842=AXIS2_PLACEMENT_3D('',#7249,#5560,#5561);
#4843=AXIS2_PLACEMENT_3D('',#7266,#5565,#5566);
#4844=AXIS2_PLACEMENT_3D('',#7268,#5567,#5568);
#4845=AXIS2_PLACEMENT_3D('',#7270,#5570,#5571);
#4846=AXIS2_PLACEMENT_3D('',#7283,#5575,#5576);
#4847=AXIS2_PLACEMENT_3D('',#7285,#5577,#5578);
#4848=AXIS2_PLACEMENT_3D('',#7287,#5580,#5581);
#4849=AXIS2_PLACEMENT_3D('',#7293,#5585,#5586);
#4850=AXIS2_PLACEMENT_3D('',#7299,#5590,#5591);
#4851=AXIS2_PLACEMENT_3D('',#7324,#5596,#5597);
#4852=AXIS2_PLACEMENT_3D('',#7326,#5598,#5599);
#4853=AXIS2_PLACEMENT_3D('',#7328,#5600,#5601);
#4854=AXIS2_PLACEMENT_3D('',#7337,#5603,#5604);
#4855=AXIS2_PLACEMENT_3D('',#7339,#5605,#5606);
#4856=AXIS2_PLACEMENT_3D('',#7348,#5608,#5609);
#4857=AXIS2_PLACEMENT_3D('',#7350,#5610,#5611);
#4858=AXIS2_PLACEMENT_3D('',#7409,#5616,#5617);
#4859=AXIS2_PLACEMENT_3D('',#7415,#5621,#5622);
#4860=AXIS2_PLACEMENT_3D('',#7432,#5626,#5627);
#4861=AXIS2_PLACEMENT_3D('',#7434,#5628,#5629);
#4862=AXIS2_PLACEMENT_3D('',#7436,#5631,#5632);
#4863=AXIS2_PLACEMENT_3D('',#7449,#5636,#5637);
#4864=AXIS2_PLACEMENT_3D('',#7451,#5638,#5639);
#4865=AXIS2_PLACEMENT_3D('',#7472,#5642,#5643);
#4866=AXIS2_PLACEMENT_3D('',#7474,#5644,#5645);
#4867=AXIS2_PLACEMENT_3D('',#7476,#5646,#5647);
#4868=AXIS2_PLACEMENT_3D('',#7478,#5649,#5650);
#4869=AXIS2_PLACEMENT_3D('',#7484,#5654,#5655);
#4870=AXIS2_PLACEMENT_3D('',#7501,#5659,#5660);
#4871=AXIS2_PLACEMENT_3D('',#7503,#5661,#5662);
#4872=AXIS2_PLACEMENT_3D('',#7524,#5665,#5666);
#4873=AXIS2_PLACEMENT_3D('',#7560,#5671,#5672);
#4874=AXIS2_PLACEMENT_3D('',#7562,#5673,#5674);
#4875=AXIS2_PLACEMENT_3D('',#7564,#5676,#5677);
#4876=AXIS2_PLACEMENT_3D('',#7577,#5681,#5682);
#4877=AXIS2_PLACEMENT_3D('',#7579,#5683,#5684);
#4878=AXIS2_PLACEMENT_3D('',#7581,#5686,#5687);
#4879=AXIS2_PLACEMENT_3D('',#7583,#5688,#5689);
#4880=AXIS2_PLACEMENT_3D('',#7585,#5690,#5691);
#4881=AXIS2_PLACEMENT_3D('',#7692,#5696,#5697);
#4882=AXIS2_PLACEMENT_3D('',#7694,#5698,#5699);
#4883=AXIS2_PLACEMENT_3D('',#7696,#5700,#5701);
#4884=AXIS2_PLACEMENT_3D('',#7698,#5703,#5704);
#4885=AXIS2_PLACEMENT_3D('',#7711,#5708,#5709);
#4886=AXIS2_PLACEMENT_3D('',#7713,#5710,#5711);
#4887=AXIS2_PLACEMENT_3D('',#7715,#5713,#5714);
#4888=AXIS2_PLACEMENT_3D('',#7721,#5718,#5719);
#4889=AXIS2_PLACEMENT_3D('',#7723,#5720,#5721);
#4890=AXIS2_PLACEMENT_3D('',#7725,#5722,#5723);
#4891=AXIS2_PLACEMENT_3D('',#7727,#5725,#5726);
#4892=AXIS2_PLACEMENT_3D('',#7740,#5730,#5731);
#4893=AXIS2_PLACEMENT_3D('',#7742,#5732,#5733);
#4894=AXIS2_PLACEMENT_3D('',#7744,#5735,#5736);
#4895=AXIS2_PLACEMENT_3D('',#7757,#5740,#5741);
#4896=AXIS2_PLACEMENT_3D('',#7759,#5742,#5743);
#4897=AXIS2_PLACEMENT_3D('',#7761,#5745,#5746);
#4898=AXIS2_PLACEMENT_3D('',#7778,#5750,#5751);
#4899=AXIS2_PLACEMENT_3D('',#7780,#5752,#5753);
#4900=AXIS2_PLACEMENT_3D('',#7820,#5757,#5758);
#4901=AXIS2_PLACEMENT_3D('',#7822,#5759,#5760);
#4902=AXIS2_PLACEMENT_3D('',#7824,#5761,#5762);
#4903=AXIS2_PLACEMENT_3D('',#7826,#5764,#5765);
#4904=AXIS2_PLACEMENT_3D('',#7843,#5769,#5770);
#4905=AXIS2_PLACEMENT_3D('',#7845,#5771,#5772);
#4906=AXIS2_PLACEMENT_3D('',#7873,#5775,#5776);
#4907=AXIS2_PLACEMENT_3D('',#7875,#5777,#5778);
#4908=AXIS2_PLACEMENT_3D('',#7877,#5780,#5781);
#4909=AXIS2_PLACEMENT_3D('',#7890,#5785,#5786);
#4910=AXIS2_PLACEMENT_3D('',#7892,#5787,#5788);
#4911=AXIS2_PLACEMENT_3D('',#7894,#5790,#5791);
#4912=AXIS2_PLACEMENT_3D('',#7926,#5796,#5797);
#4913=AXIS2_PLACEMENT_3D('',#7928,#5798,#5799);
#4914=AXIS2_PLACEMENT_3D('',#7930,#5801,#5802);
#4915=AXIS2_PLACEMENT_3D('',#7947,#5806,#5807);
#4916=AXIS2_PLACEMENT_3D('',#7949,#5808,#5809);
#4917=AXIS2_PLACEMENT_3D('',#7958,#5811,#5812);
#4918=AXIS2_PLACEMENT_3D('',#7960,#5813,#5814);
#4919=AXIS2_PLACEMENT_3D('',#7962,#5816,#5817);
#4920=AXIS2_PLACEMENT_3D('',#7964,#5818,#5819);
#4921=AXIS2_PLACEMENT_3D('',#7966,#5820,#5821);
#4922=AXIS2_PLACEMENT_3D('',#7968,#5823,#5824);
#4923=AXIS2_PLACEMENT_3D('',#7985,#5828,#5829);
#4924=AXIS2_PLACEMENT_3D('',#7987,#5830,#5831);
#4925=AXIS2_PLACEMENT_3D('',#7996,#5833,#5834);
#4926=AXIS2_PLACEMENT_3D('',#7998,#5835,#5836);
#4927=AXIS2_PLACEMENT_3D('',#8000,#5838,#5839);
#4928=AXIS2_PLACEMENT_3D('',#8036,#5844,#5845);
#4929=AXIS2_PLACEMENT_3D('',#8038,#5846,#5847);
#4930=AXIS2_PLACEMENT_3D('',#8040,#5849,#5850);
#4931=AXIS2_PLACEMENT_3D('',#8057,#5854,#5855);
#4932=AXIS2_PLACEMENT_3D('',#8059,#5856,#5857);
#4933=AXIS2_PLACEMENT_3D('',#8099,#5861,#5862);
#4934=AXIS2_PLACEMENT_3D('',#8131,#5867,#5868);
#4935=AXIS2_PLACEMENT_3D('',#8133,#5869,#5870);
#4936=AXIS2_PLACEMENT_3D('',#8135,#5872,#5873);
#4937=AXIS2_PLACEMENT_3D('',#8171,#5878,#5879);
#4938=AXIS2_PLACEMENT_3D('',#8173,#5880,#5881);
#4939=AXIS2_PLACEMENT_3D('',#8175,#5883,#5884);
#4940=AXIS2_PLACEMENT_3D('',#8188,#5888,#5889);
#4941=AXIS2_PLACEMENT_3D('',#8190,#5890,#5891);
#4942=AXIS2_PLACEMENT_3D('',#8192,#5893,#5894);
#4943=AXIS2_PLACEMENT_3D('',#8205,#5898,#5899);
#4944=AXIS2_PLACEMENT_3D('',#8207,#5900,#5901);
#4945=AXIS2_PLACEMENT_3D('',#8209,#5903,#5904);
#4946=AXIS2_PLACEMENT_3D('',#8215,#5908,#5909);
#4947=AXIS2_PLACEMENT_3D('',#8232,#5913,#5914);
#4948=AXIS2_PLACEMENT_3D('',#8234,#5915,#5916);
#4949=AXIS2_PLACEMENT_3D('',#8285,#5920,#5921);
#4950=AXIS2_PLACEMENT_3D('',#8287,#5922,#5923);
#4951=AXIS2_PLACEMENT_3D('',#8289,#5925,#5926);
#4952=AXIS2_PLACEMENT_3D('',#8291,#5927,#5928);
#4953=AXIS2_PLACEMENT_3D('',#8293,#5929,#5930);
#4954=AXIS2_PLACEMENT_3D('',#8295,#5932,#5933);
#4955=AXIS2_PLACEMENT_3D('',#8320,#5938,#5939);
#4956=AXIS2_PLACEMENT_3D('',#8326,#5943,#5944);
#4957=AXIS2_PLACEMENT_3D('',#8328,#5945,#5946);
#4958=AXIS2_PLACEMENT_3D('',#8330,#5947,#5948);
#4959=AXIS2_PLACEMENT_3D('',#8332,#5950,#5951);
#4960=AXIS2_PLACEMENT_3D('',#8349,#5955,#5956);
#4961=AXIS2_PLACEMENT_3D('',#8351,#5957,#5958);
#4962=AXIS2_PLACEMENT_3D('',#8383,#5961,#5962);
#4963=AXIS2_PLACEMENT_3D('',#8385,#5963,#5964);
#4964=AXIS2_PLACEMENT_3D('',#8394,#5966,#5967);
#4965=AXIS2_PLACEMENT_3D('',#8396,#5968,#5969);
#4966=AXIS2_PLACEMENT_3D('',#8398,#5971,#5972);
#4967=AXIS2_PLACEMENT_3D('',#8423,#5977,#5978);
#4968=AXIS2_PLACEMENT_3D('',#8436,#5982,#5983);
#4969=AXIS2_PLACEMENT_3D('',#8438,#5984,#5985);
#4970=AXIS2_PLACEMENT_3D('',#8440,#5987,#5988);
#4971=AXIS2_PLACEMENT_3D('',#8446,#5992,#5993);
#4972=AXIS2_PLACEMENT_3D('',#8497,#5999,#6000);
#4973=AXIS2_PLACEMENT_3D('',#8499,#6001,#6002);
#4974=AXIS2_PLACEMENT_3D('',#8501,#6004,#6005);
#4975=AXIS2_PLACEMENT_3D('',#8507,#6009,#6010);
#4976=AXIS2_PLACEMENT_3D('',#8509,#6011,#6012);
#4977=AXIS2_PLACEMENT_3D('',#8511,#6013,#6014);
#4978=AXIS2_PLACEMENT_3D('',#8539,#6017,#6018);
#4979=AXIS2_PLACEMENT_3D('',#8541,#6019,#6020);
#4980=AXIS2_PLACEMENT_3D('',#8543,#6022,#6023);
#4981=AXIS2_PLACEMENT_3D('',#8544,#6024,#6025);
#4982=AXIS2_PLACEMENT_3D('',#8545,#6026,#6027);
#4983=AXIS2_PLACEMENT_3D('',#8546,#6028,#6029);
#4984=AXIS2_PLACEMENT_3D('',#8547,#6030,#6031);
#4985=AXIS2_PLACEMENT_3D('',#8548,#6032,#6033);
#4986=AXIS2_PLACEMENT_3D('',#8549,#6034,#6035);
#4987=AXIS2_PLACEMENT_3D('',#8550,#6036,#6037);
#4988=DIRECTION('axis',(0.,0.,1.));
#4989=DIRECTION('refdir',(1.,0.,0.));
#4990=DIRECTION('axis',(0.,0.,1.));
#4991=DIRECTION('refdir',(1.,0.,0.));
#4992=DIRECTION('center_axis',(0.408248290463862,0.408248290463862,-0.816496580927727));
#4993=DIRECTION('ref_axis',(-0.577350269189627,-0.577350269189626,-0.577350269189625));
#4994=DIRECTION('center_axis',(0.,0.,-1.));
#4995=DIRECTION('ref_axis',(-1.,0.,0.));
#4996=DIRECTION('center_axis',(9.9127055770103E-16,-1.,0.));
#4997=DIRECTION('ref_axis',(0.,0.,-1.));
#4998=DIRECTION('center_axis',(-1.,0.,0.));
#4999=DIRECTION('ref_axis',(0.,-1.,0.));
#5000=DIRECTION('center_axis',(0.408248290463863,-0.408248290463862,-0.816496580927727));
#5001=DIRECTION('ref_axis',(-0.577350269189628,0.577350269189625,-0.577350269189624));
#5002=DIRECTION('center_axis',(0.,0.,-1.));
#5003=DIRECTION('ref_axis',(0.,1.,0.));
#5004=DIRECTION('center_axis',(-1.,-1.98254111540207E-15,0.));
#5005=DIRECTION('ref_axis',(0.,0.,-1.));
#5006=DIRECTION('center_axis',(0.,1.,-9.91270557701032E-16));
#5007=DIRECTION('ref_axis',(-1.,0.,0.));
#5008=DIRECTION('center_axis',(-1.,-1.38777878078145E-16,0.));
#5009=DIRECTION('ref_axis',(0.,0.707106781186548,-0.707106781186547));
#5010=DIRECTION('center_axis',(-1.,-6.93889390390723E-17,0.));
#5011=DIRECTION('ref_axis',(0.,0.707106781186548,-0.707106781186547));
#5012=DIRECTION('',(-1.,-1.38777878078145E-16,0.));
#5013=DIRECTION('',(1.,1.38777878078145E-16,0.));
#5014=DIRECTION('center_axis',(2.77555756156289E-16,-1.,0.));
#5015=DIRECTION('ref_axis',(-0.707106781186549,-7.00934133340969E-16,-0.707106781186546));
#5016=DIRECTION('',(-2.77555756156289E-16,1.,0.));
#5017=DIRECTION('',(2.77555756156289E-16,-1.,0.));
#5018=DIRECTION('center_axis',(-0.408248290463864,-0.408248290463862,-0.816496580927726));
#5019=DIRECTION('ref_axis',(-0.577350269189626,-0.577350269189625,0.577350269189626));
#5020=DIRECTION('center_axis',(0.,-1.,0.));
#5021=DIRECTION('ref_axis',(-1.,0.,0.));
#5022=DIRECTION('center_axis',(0.,0.,1.));
#5023=DIRECTION('ref_axis',(0.,-1.,0.));
#5024=DIRECTION('center_axis',(-1.,-1.98254111540207E-15,0.));
#5025=DIRECTION('ref_axis',(0.,0.,1.));
#5026=DIRECTION('center_axis',(0.,0.,1.));
#5027=DIRECTION('ref_axis',(-0.707106781186548,-0.707106781186548,0.));
#5028=DIRECTION('',(0.,0.,-1.));
#5029=DIRECTION('',(0.,0.,1.));
#5030=DIRECTION('center_axis',(1.,3.46944695195361E-17,0.));
#5031=DIRECTION('ref_axis',(0.,-0.707106781186548,0.707106781186548));
#5032=DIRECTION('center_axis',(-1.,-6.93889390390723E-17,0.));
#5033=DIRECTION('ref_axis',(0.,-0.707106781186548,0.707106781186548));
#5034=DIRECTION('',(-1.,-3.46944695195361E-17,0.));
#5035=DIRECTION('',(1.,3.46944695195361E-17,0.));
#5036=DIRECTION('center_axis',(-0.408248290463862,-0.816496580927727,0.408248290463863));
#5037=DIRECTION('ref_axis',(-0.577350269189626,0.577350269189625,0.577350269189626));
#5038=DIRECTION('center_axis',(-1.,0.,0.));
#5039=DIRECTION('ref_axis',(0.,1.,0.));
#5040=DIRECTION('center_axis',(0.,0.,1.));
#5041=DIRECTION('ref_axis',(-1.,0.,0.));
#5042=DIRECTION('center_axis',(0.,1.,0.));
#5043=DIRECTION('ref_axis',(0.,0.,1.));
#5044=DIRECTION('center_axis',(0.,0.,1.));
#5045=DIRECTION('ref_axis',(-0.707106781186548,0.707106781186547,0.));
#5046=DIRECTION('',(0.,0.,-1.));
#5047=DIRECTION('',(0.,0.,1.));
#5048=DIRECTION('center_axis',(2.77555756156289E-16,-1.,0.));
#5049=DIRECTION('ref_axis',(-0.707106781186548,0.,0.707106781186548));
#5050=DIRECTION('',(-2.77555756156289E-16,1.,0.));
#5051=DIRECTION('',(2.77555756156289E-16,-1.,0.));
#5052=DIRECTION('center_axis',(-1.,-1.38777878078145E-16,0.));
#5053=DIRECTION('ref_axis',(0.,0.707106781186548,0.707106781186548));
#5054=DIRECTION('center_axis',(-1.,-6.93889390390723E-17,0.));
#5055=DIRECTION('ref_axis',(0.,0.707106781186548,0.707106781186548));
#5056=DIRECTION('',(-1.,-1.38777878078145E-16,0.));
#5057=DIRECTION('',(1.,1.38777878078145E-16,0.));
#5058=DIRECTION('center_axis',(1.,3.46944695195361E-17,0.));
#5059=DIRECTION('ref_axis',(0.,-0.707106781186548,-0.707106781186547));
#5060=DIRECTION('center_axis',(-1.,-6.93889390390723E-17,0.));
#5061=DIRECTION('ref_axis',(0.,-0.707106781186548,-0.707106781186547));
#5062=DIRECTION('',(-1.,-3.46944695195361E-17,0.));
#5063=DIRECTION('',(1.,3.46944695195361E-17,0.));
#5064=DIRECTION('center_axis',(0.,0.,1.));
#5065=DIRECTION('ref_axis',(1.,0.,0.));
#5066=DIRECTION('',(-6.93889390390723E-17,1.,0.));
#5067=DIRECTION('center_axis',(3.46944695195361E-17,-1.,0.));
#5068=DIRECTION('ref_axis',(1.,3.46944695195361E-17,0.));
#5069=DIRECTION('',(0.,0.,1.));
#5070=DIRECTION('center_axis',(-1.,-2.77555756156289E-16,0.));
#5071=DIRECTION('ref_axis',(2.77555756156289E-16,-1.,0.));
#5072=DIRECTION('center_axis',(1.,6.93889390390723E-17,0.));
#5073=DIRECTION('ref_axis',(-6.93889390390723E-17,1.,0.));
#5074=DIRECTION('',(-6.93889390390723E-17,1.,0.));
#5075=DIRECTION('',(0.,0.,1.));
#5076=DIRECTION('center_axis',(-1.38777878078145E-16,1.,0.));
#5077=DIRECTION('ref_axis',(-1.,-1.38777878078145E-16,0.));
#5078=DIRECTION('center_axis',(0.,0.,1.));
#5079=DIRECTION('ref_axis',(1.,0.,0.));
#5080=DIRECTION('center_axis',(-0.816496580927726,-0.408248290463863,0.408248290463864));
#5081=DIRECTION('ref_axis',(0.577350269189626,-0.577350269189626,0.577350269189626));
#5082=DIRECTION('center_axis',(1.,0.,0.));
#5083=DIRECTION('ref_axis',(0.,-1.,0.));
#5084=DIRECTION('center_axis',(0.,0.,1.));
#5085=DIRECTION('ref_axis',(1.,0.,0.));
#5086=DIRECTION('center_axis',(9.91270557701032E-16,-1.,0.));
#5087=DIRECTION('ref_axis',(0.,0.,1.));
#5088=DIRECTION('center_axis',(-0.816496580927726,-0.408248290463864,-0.408248290463863));
#5089=DIRECTION('ref_axis',(0.577350269189626,-0.577350269189626,-0.577350269189625));
#5090=DIRECTION('center_axis',(1.,0.,0.));
#5091=DIRECTION('ref_axis',(0.,0.,-1.));
#5092=DIRECTION('center_axis',(0.,-1.,9.91270557701032E-16));
#5093=DIRECTION('ref_axis',(1.,0.,0.));
#5094=DIRECTION('center_axis',(0.,0.,-1.));
#5095=DIRECTION('ref_axis',(0.,-1.,0.));
#5096=DIRECTION('center_axis',(0.408248290463863,-0.816496580927727,0.408248290463861));
#5097=DIRECTION('ref_axis',(0.577350269189626,0.577350269189625,0.577350269189627));
#5098=DIRECTION('center_axis',(0.,1.,0.));
#5099=DIRECTION('ref_axis',(1.,0.,0.));
#5100=DIRECTION('center_axis',(0.,0.,1.));
#5101=DIRECTION('ref_axis',(0.,1.,0.));
#5102=DIRECTION('center_axis',(1.,0.,0.));
#5103=DIRECTION('ref_axis',(0.,0.,1.));
#5104=DIRECTION('center_axis',(-0.408248290463864,-0.408248290463862,-0.816496580927726));
#5105=DIRECTION('ref_axis',(0.577350269189626,0.577350269189625,-0.577350269189626));
#5106=DIRECTION('center_axis',(0.,0.,-1.));
#5107=DIRECTION('ref_axis',(1.,0.,0.));
#5108=DIRECTION('center_axis',(0.,1.,0.));
#5109=DIRECTION('ref_axis',(0.,0.,-1.));
#5110=DIRECTION('center_axis',(1.,0.,0.));
#5111=DIRECTION('ref_axis',(0.,1.,0.));
#5112=DIRECTION('center_axis',(0.,1.,0.));
#5113=DIRECTION('ref_axis',(0.707106781186548,0.,-0.707106781186547));
#5114=DIRECTION('',(0.,-1.,0.));
#5115=DIRECTION('',(0.,1.,0.));
#5116=DIRECTION('center_axis',(-1.,-1.38777878078145E-16,0.));
#5117=DIRECTION('ref_axis',(0.,0.707106781186547,-0.707106781186548));
#5118=DIRECTION('center_axis',(1.,-2.08166817117217E-16,0.));
#5119=DIRECTION('ref_axis',(0.,0.707106781186547,-0.707106781186548));
#5120=DIRECTION('',(1.,1.38777878078145E-16,0.));
#5121=DIRECTION('',(-1.,-1.38777878078145E-16,0.));
#5122=DIRECTION('center_axis',(0.,0.,1.));
#5123=DIRECTION('ref_axis',(0.707106781186548,0.707106781186547,0.));
#5124=DIRECTION('',(0.,0.,-1.));
#5125=DIRECTION('',(0.,0.,1.));
#5126=DIRECTION('center_axis',(-1.,-1.38777878078145E-16,0.));
#5127=DIRECTION('ref_axis',(0.,0.707106781186547,0.707106781186548));
#5128=DIRECTION('center_axis',(1.,-2.08166817117217E-16,0.));
#5129=DIRECTION('ref_axis',(0.,0.707106781186547,0.707106781186548));
#5130=DIRECTION('',(1.,1.38777878078145E-16,0.));
#5131=DIRECTION('',(-1.,-1.38777878078145E-16,0.));
#5132=DIRECTION('center_axis',(0.,1.,0.));
#5133=DIRECTION('ref_axis',(0.707106781186548,0.,0.707106781186548));
#5134=DIRECTION('',(0.,-1.,0.));
#5135=DIRECTION('',(0.,1.,0.));
#5136=DIRECTION('center_axis',(0.,0.,1.));
#5137=DIRECTION('ref_axis',(0.707106781186548,-0.707106781186548,0.));
#5138=DIRECTION('',(0.,0.,-1.));
#5139=DIRECTION('',(0.,0.,1.));
#5140=DIRECTION('center_axis',(1.,3.46944695195361E-17,0.));
#5141=DIRECTION('ref_axis',(0.,-0.707106781186547,-0.707106781186548));
#5142=DIRECTION('center_axis',(1.,-2.08166817117217E-16,0.));
#5143=DIRECTION('ref_axis',(0.,-0.707106781186547,-0.707106781186548));
#5144=DIRECTION('',(1.,3.46944695195361E-17,0.));
#5145=DIRECTION('',(-1.,-3.46944695195361E-17,0.));
#5146=DIRECTION('center_axis',(1.,3.46944695195361E-17,0.));
#5147=DIRECTION('ref_axis',(0.,-0.707106781186547,0.707106781186548));
#5148=DIRECTION('center_axis',(1.,-2.08166817117217E-16,0.));
#5149=DIRECTION('ref_axis',(0.,-0.707106781186547,0.707106781186548));
#5150=DIRECTION('',(1.,3.46944695195361E-17,0.));
#5151=DIRECTION('',(-1.,-3.46944695195361E-17,0.));
#5152=DIRECTION('center_axis',(0.,0.,1.));
#5153=DIRECTION('ref_axis',(1.,0.,0.));
#5154=DIRECTION('',(-2.08166817117217E-16,-1.,0.));
#5155=DIRECTION('center_axis',(-1.,2.08166817117217E-16,0.));
#5156=DIRECTION('ref_axis',(-2.08166817117217E-16,-1.,0.));
#5157=DIRECTION('',(0.,0.,1.));
#5158=DIRECTION('',(-2.08166817117217E-16,-1.,0.));
#5159=DIRECTION('',(0.,0.,1.));
#5160=DIRECTION('center_axis',(3.46944695195361E-17,-1.,0.));
#5161=DIRECTION('ref_axis',(1.,3.46944695195361E-17,0.));
#5162=DIRECTION('center_axis',(1.,0.,0.));
#5163=DIRECTION('ref_axis',(0.,1.,0.));
#5164=DIRECTION('center_axis',(-1.38777878078145E-16,1.,0.));
#5165=DIRECTION('ref_axis',(-1.,-1.38777878078145E-16,0.));
#5166=DIRECTION('center_axis',(0.,0.,1.));
#5167=DIRECTION('ref_axis',(1.,0.,0.));
#5168=DIRECTION('axis',(0.,0.,1.));
#5169=DIRECTION('refdir',(1.,0.,0.));
#5170=DIRECTION('center_axis',(1.,0.,0.));
#5171=DIRECTION('ref_axis',(0.,0.,-1.));
#5172=DIRECTION('',(0.,-1.,-4.84108877016784E-16));
#5173=DIRECTION('center_axis',(1.,0.,0.));
#5174=DIRECTION('ref_axis',(0.,0.,1.));
#5175=DIRECTION('',(0.,-5.78241158658936E-16,-1.));
#5176=DIRECTION('center_axis',(1.,0.,0.));
#5177=DIRECTION('ref_axis',(0.,-1.,-9.91270557701037E-16));
#5178=DIRECTION('',(0.,1.,7.91719725954532E-16));
#5179=DIRECTION('center_axis',(1.,0.,0.));
#5180=DIRECTION('ref_axis',(0.,-1.98254111540207E-15,-1.));
#5181=DIRECTION('',(0.,8.67361737988404E-16,1.));
#5182=DIRECTION('center_axis',(1.,0.,0.));
#5183=DIRECTION('ref_axis',(0.,1.,0.));
#5184=DIRECTION('center_axis',(-1.,0.,0.));
#5185=DIRECTION('ref_axis',(0.,0.,1.));
#5186=DIRECTION('',(1.,0.,0.));
#5187=DIRECTION('center_axis',(-1.,0.,0.));
#5188=DIRECTION('ref_axis',(0.,0.,1.));
#5189=DIRECTION('',(1.,0.,0.));
#5190=DIRECTION('center_axis',(0.,-1.,5.78241158658936E-16));
#5191=DIRECTION('ref_axis',(0.,5.78241158658936E-16,1.));
#5192=DIRECTION('',(0.,5.78241158658936E-16,1.));
#5193=DIRECTION('',(1.,0.,0.));
#5194=DIRECTION('center_axis',(-1.,0.,0.));
#5195=DIRECTION('ref_axis',(0.,-1.,-9.91270557701037E-16));
#5196=DIRECTION('center_axis',(-1.,0.,0.));
#5197=DIRECTION('ref_axis',(0.,-1.,-9.91270557701037E-16));
#5198=DIRECTION('',(1.,0.,0.));
#5199=DIRECTION('center_axis',(0.,7.91719725954532E-16,-1.));
#5200=DIRECTION('ref_axis',(0.,-1.,-7.91719725954532E-16));
#5201=DIRECTION('',(0.,-1.,-7.91719725954532E-16));
#5202=DIRECTION('',(1.,0.,0.));
#5203=DIRECTION('center_axis',(-1.,0.,0.));
#5204=DIRECTION('ref_axis',(0.,-1.98254111540207E-15,-1.));
#5205=DIRECTION('center_axis',(-1.,0.,0.));
#5206=DIRECTION('ref_axis',(0.,-1.98254111540207E-15,-1.));
#5207=DIRECTION('',(1.,0.,0.));
#5208=DIRECTION('center_axis',(0.,1.,-8.67361737988404E-16));
#5209=DIRECTION('ref_axis',(0.,-8.67361737988404E-16,-1.));
#5210=DIRECTION('',(0.,-8.67361737988404E-16,-1.));
#5211=DIRECTION('',(1.,0.,0.));
#5212=DIRECTION('center_axis',(-1.,0.,0.));
#5213=DIRECTION('ref_axis',(0.,1.,0.));
#5214=DIRECTION('center_axis',(-1.,0.,0.));
#5215=DIRECTION('ref_axis',(0.,1.,0.));
#5216=DIRECTION('',(-1.,0.,0.));
#5217=DIRECTION('center_axis',(0.,-4.84108877016784E-16,1.));
#5218=DIRECTION('ref_axis',(0.,1.,4.84108877016784E-16));
#5219=DIRECTION('',(0.,1.,4.84108877016784E-16));
#5220=DIRECTION('center_axis',(1.,0.,0.));
#5221=DIRECTION('ref_axis',(0.,0.,-1.));
#5222=DIRECTION('axis',(0.,0.,1.));
#5223=DIRECTION('refdir',(1.,0.,0.));
#5224=DIRECTION('center_axis',(-0.961530203742395,0.274699230597956,0.));
#5225=DIRECTION('ref_axis',(-0.274699230597956,-0.961530203742395,0.));
#5226=DIRECTION('',(-0.274699230597956,-0.961530203742395,0.));
#5227=DIRECTION('',(0.,0.,1.));
#5228=DIRECTION('',(-0.274699230597956,-0.961530203742395,0.));
#5229=DIRECTION('',(0.,0.,1.));
#5230=DIRECTION('center_axis',(-0.962434976115727,0.271512277345097,0.));
#5231=DIRECTION('ref_axis',(-0.271512277345097,-0.962434976115727,0.));
#5232=DIRECTION('',(-0.271512277345097,-0.962434976115727,0.));
#5233=DIRECTION('',(-0.271512277345097,-0.962434976115727,0.));
#5234=DIRECTION('',(0.,0.,1.));
#5235=DIRECTION('',(0.,0.,1.));
#5236=DIRECTION('center_axis',(0.,-1.,0.));
#5237=DIRECTION('ref_axis',(1.,0.,0.));
#5238=DIRECTION('',(1.,0.,0.));
#5239=DIRECTION('',(1.,0.,0.));
#5240=DIRECTION('',(0.,0.,1.));
#5241=DIRECTION('center_axis',(0.,0.,-1.));
#5242=DIRECTION('ref_axis',(-0.706954335970472,-0.707259193544028,0.));
#5243=DIRECTION('center_axis',(0.,0.,-1.));
#5244=DIRECTION('ref_axis',(-0.706954335970472,-0.707259193544028,0.));
#5245=DIRECTION('',(0.,0.,1.));
#5246=DIRECTION('center_axis',(0.961893831119474,-0.273423220766452,0.));
#5247=DIRECTION('ref_axis',(0.273423220766452,0.961893831119474,0.));
#5248=DIRECTION('',(0.273423220766452,0.961893831119474,0.));
#5249=DIRECTION('',(0.273423220766452,0.961893831119474,0.));
#5250=DIRECTION('',(0.,0.,1.));
#5251=DIRECTION('',(0.,0.,1.));
#5252=DIRECTION('center_axis',(0.,0.,-1.));
#5253=DIRECTION('ref_axis',(-0.347152401650117,-0.937808727848358,0.));
#5254=DIRECTION('center_axis',(0.,0.,-1.));
#5255=DIRECTION('ref_axis',(-0.347152401650117,-0.937808727848358,0.));
#5256=DIRECTION('',(0.,0.,1.));
#5257=DIRECTION('center_axis',(0.00413681164909854,0.999991443358082,0.));
#5258=DIRECTION('ref_axis',(-0.999991443358082,0.00413681164909854,0.));
#5259=DIRECTION('',(-0.999991443358082,0.00413681164909854,0.));
#5260=DIRECTION('',(-0.999991443358082,0.00413681164909854,0.));
#5261=DIRECTION('',(0.,0.,1.));
#5262=DIRECTION('center_axis',(0.,0.,1.));
#5263=DIRECTION('ref_axis',(0.00160932313620913,0.999998705038683,0.));
#5264=DIRECTION('center_axis',(0.,0.,-1.));
#5265=DIRECTION('ref_axis',(0.00160932313620913,0.999998705038683,0.));
#5266=DIRECTION('center_axis',(0.,0.,-1.));
#5267=DIRECTION('ref_axis',(0.00160932313620913,0.999998705038683,0.));
#5268=DIRECTION('center_axis',(0.962257524901201,-0.272140507405667,0.));
#5269=DIRECTION('ref_axis',(0.272140507405667,0.962257524901201,0.));
#5270=DIRECTION('',(0.272140507405667,0.962257524901201,0.));
#5271=DIRECTION('',(0.,0.,1.));
#5272=DIRECTION('',(0.272140507405667,0.962257524901201,0.));
#5273=DIRECTION('',(0.,0.,1.));
#5274=DIRECTION('center_axis',(0.,0.,-1.));
#5275=DIRECTION('ref_axis',(0.665766258623057,-0.746160364049885,0.));
#5276=DIRECTION('center_axis',(0.,0.,-1.));
#5277=DIRECTION('ref_axis',(0.665766258623057,-0.746160364049885,0.));
#5278=DIRECTION('',(0.,0.,1.));
#5279=DIRECTION('center_axis',(-0.00527674881680075,0.999986077864049,0.));
#5280=DIRECTION('ref_axis',(-0.999986077864049,-0.00527674881680075,0.));
#5281=DIRECTION('',(-0.999986077864049,-0.00527674881680075,0.));
#5282=DIRECTION('',(-0.999986077864049,-0.00527674881680075,0.));
#5283=DIRECTION('',(0.,0.,1.));
#5284=DIRECTION('center_axis',(0.,0.,-1.));
#5285=DIRECTION('ref_axis',(-0.243679553741906,0.969855801182911,0.));
#5286=DIRECTION('center_axis',(0.,0.,-1.));
#5287=DIRECTION('ref_axis',(-0.243679553741906,0.969855801182911,0.));
#5288=DIRECTION('',(0.,0.,1.));
#5289=DIRECTION('center_axis',(0.,0.,-1.));
#5290=DIRECTION('ref_axis',(-0.96968899429748,0.244342493926744,0.));
#5291=DIRECTION('center_axis',(0.,0.,-1.));
#5292=DIRECTION('ref_axis',(-0.96968899429748,0.244342493926744,0.));
#5293=DIRECTION('',(0.,0.,1.));
#5294=DIRECTION('center_axis',(-0.999968419523495,0.0079473238063759,0.));
#5295=DIRECTION('ref_axis',(-0.0079473238063759,-0.999968419523495,0.));
#5296=DIRECTION('',(-0.0079473238063759,-0.999968419523495,0.));
#5297=DIRECTION('',(-0.0079473238063759,-0.999968419523495,0.));
#5298=DIRECTION('',(0.,0.,1.));
#5299=DIRECTION('center_axis',(0.,0.,-1.));
#5300=DIRECTION('ref_axis',(-0.0224746065091292,-0.999747414131319,0.));
#5301=DIRECTION('center_axis',(0.,0.,-1.));
#5302=DIRECTION('ref_axis',(-0.0224746065091292,-0.999747414131319,0.));
#5303=DIRECTION('',(0.,0.,1.));
#5304=DIRECTION('center_axis',(-0.00230332539731475,-0.999997347342539,
0.));
#5305=DIRECTION('ref_axis',(0.999997347342539,-0.00230332539731475,0.));
#5306=DIRECTION('',(0.999997347342539,-0.00230332539731475,0.));
#5307=DIRECTION('',(0.999997347342539,-0.00230332539731475,0.));
#5308=DIRECTION('',(0.,0.,1.));
#5309=DIRECTION('center_axis',(0.,0.,-1.));
#5310=DIRECTION('ref_axis',(-0.481083331424021,0.876674870305956,0.));
#5311=DIRECTION('center_axis',(0.,0.,-1.));
#5312=DIRECTION('ref_axis',(-0.481083331424021,0.876674870305956,0.));
#5313=DIRECTION('center_axis',(0.960203242115585,-0.279302226684139,0.));
#5314=DIRECTION('ref_axis',(0.279302226684139,0.960203242115585,0.));
#5315=DIRECTION('',(0.279302226684139,0.960203242115585,0.));
#5316=DIRECTION('',(0.,0.,1.));
#5317=DIRECTION('',(0.279302226684139,0.960203242115585,0.));
#5318=DIRECTION('',(0.,0.,1.));
#5319=DIRECTION('',(0.,0.,1.));
#5320=DIRECTION('center_axis',(0.,0.,-1.));
#5321=DIRECTION('ref_axis',(0.514677111686083,-0.857384085871945,0.));
#5322=DIRECTION('center_axis',(0.,0.,-1.));
#5323=DIRECTION('ref_axis',(0.514677111686083,-0.857384085871945,0.));
#5324=DIRECTION('',(0.,0.,1.));
#5325=DIRECTION('center_axis',(0.,1.,0.));
#5326=DIRECTION('ref_axis',(-1.,0.,0.));
#5327=DIRECTION('',(-1.,0.,0.));
#5328=DIRECTION('',(-1.,0.,0.));
#5329=DIRECTION('',(0.,0.,1.));
#5330=DIRECTION('center_axis',(0.,0.,-1.));
#5331=DIRECTION('ref_axis',(-0.947401831741422,-0.320046511015193,0.));
#5332=DIRECTION('center_axis',(0.,0.,-1.));
#5333=DIRECTION('ref_axis',(-0.947401831741422,-0.320046511015193,0.));
#5334=DIRECTION('',(0.,0.,1.));
#5335=DIRECTION('center_axis',(-0.960898248909645,0.276901706824602,0.));
#5336=DIRECTION('ref_axis',(-0.276901706824602,-0.960898248909645,0.));
#5337=DIRECTION('',(-0.276901706824602,-0.960898248909645,0.));
#5338=DIRECTION('',(-0.276901706824602,-0.960898248909645,0.));
#5339=DIRECTION('',(0.,0.,1.));
#5340=DIRECTION('',(0.,0.,1.));
#5341=DIRECTION('center_axis',(0.,0.,-1.));
#5342=DIRECTION('ref_axis',(-0.919435222512952,-0.393241492727507,0.));
#5343=DIRECTION('center_axis',(0.,0.,-1.));
#5344=DIRECTION('ref_axis',(-0.919435222512952,-0.393241492727507,0.));
#5345=DIRECTION('',(0.,0.,1.));
#5346=DIRECTION('center_axis',(0.00528603119814364,-0.99998602883949,0.));
#5347=DIRECTION('ref_axis',(0.99998602883949,0.00528603119814364,0.));
#5348=DIRECTION('',(0.99998602883949,0.00528603119814364,0.));
#5349=DIRECTION('',(0.99998602883949,0.00528603119814364,0.));
#5350=DIRECTION('',(0.,0.,1.));
#5351=DIRECTION('center_axis',(0.,0.,-1.));
#5352=DIRECTION('ref_axis',(0.265683078531425,-0.964060424341786,0.));
#5353=DIRECTION('center_axis',(0.,0.,-1.));
#5354=DIRECTION('ref_axis',(0.265683078531425,-0.964060424341786,0.));
#5355=DIRECTION('center_axis',(0.430633049593106,-0.902527105741507,0.));
#5356=DIRECTION('ref_axis',(0.902527105741507,0.430633049593106,0.));
#5357=DIRECTION('',(0.902527105741507,0.430633049593106,0.));
#5358=DIRECTION('',(0.,0.,1.));
#5359=DIRECTION('',(0.902527105741507,0.430633049593106,0.));
#5360=DIRECTION('',(0.,0.,1.));
#5361=DIRECTION('center_axis',(0.,0.,1.));
#5362=DIRECTION('ref_axis',(-0.0330961143717187,-0.999452173549837,0.));
#5363=DIRECTION('center_axis',(0.,0.,1.));
#5364=DIRECTION('ref_axis',(-0.0330961143717187,-0.999452173549837,0.));
#5365=DIRECTION('',(0.,0.,1.));
#5366=DIRECTION('center_axis',(0.,0.,1.));
#5367=DIRECTION('ref_axis',(0.563103598939332,-0.826386312121378,0.));
#5368=DIRECTION('center_axis',(0.,0.,1.));
#5369=DIRECTION('ref_axis',(0.563103598939332,-0.826386312121378,0.));
#5370=DIRECTION('',(0.,0.,1.));
#5371=DIRECTION('',(0.,0.,1.));
#5372=DIRECTION('center_axis',(0.,0.,1.));
#5373=DIRECTION('ref_axis',(0.868581186685418,0.495546891964979,0.));
#5374=DIRECTION('center_axis',(0.,0.,1.));
#5375=DIRECTION('ref_axis',(0.868581186685418,0.495546891964979,0.));
#5376=DIRECTION('',(0.,0.,1.));
#5377=DIRECTION('center_axis',(-0.420590238214313,0.907250710398635,0.));
#5378=DIRECTION('ref_axis',(-0.907250710398635,-0.420590238214313,0.));
#5379=DIRECTION('',(-0.907250710398635,-0.420590238214313,0.));
#5380=DIRECTION('',(-0.907250710398635,-0.420590238214313,0.));
#5381=DIRECTION('',(0.,0.,1.));
#5382=DIRECTION('center_axis',(0.,0.,1.));
#5383=DIRECTION('ref_axis',(0.561139537030037,-0.827721221173963,0.));
#5384=DIRECTION('center_axis',(0.,0.,1.));
#5385=DIRECTION('ref_axis',(0.561139537030037,-0.827721221173963,0.));
#5386=DIRECTION('',(0.,0.,1.));
#5387=DIRECTION('center_axis',(0.,0.,1.));
#5388=DIRECTION('ref_axis',(0.0317101348011517,-0.999497107224875,0.));
#5389=DIRECTION('center_axis',(0.,0.,1.));
#5390=DIRECTION('ref_axis',(0.0317101348011517,-0.999497107224875,0.));
#5391=DIRECTION('',(0.,0.,1.));
#5392=DIRECTION('center_axis',(0.,0.,-1.));
#5393=DIRECTION('ref_axis',(0.984686380729339,-0.174335112946745,0.));
#5394=DIRECTION('center_axis',(0.,0.,-1.));
#5395=DIRECTION('ref_axis',(0.984686380729339,-0.174335112946745,0.));
#5396=DIRECTION('',(0.,0.,1.));
#5397=DIRECTION('',(0.,0.,1.));
#5398=DIRECTION('center_axis',(-0.424951889571483,0.905215936420491,0.));
#5399=DIRECTION('ref_axis',(-0.905215936420491,-0.424951889571483,0.));
#5400=DIRECTION('',(-0.905215936420491,-0.424951889571483,0.));
#5401=DIRECTION('',(-0.905215936420491,-0.424951889571483,0.));
#5402=DIRECTION('',(0.,0.,1.));
#5403=DIRECTION('center_axis',(0.,0.,1.));
#5404=DIRECTION('ref_axis',(0.457511919998892,-0.889203487993006,0.));
#5405=DIRECTION('center_axis',(0.,0.,1.));
#5406=DIRECTION('ref_axis',(0.457511919998892,-0.889203487993006,0.));
#5407=DIRECTION('',(0.,0.,1.));
#5408=DIRECTION('center_axis',(0.,0.,1.));
#5409=DIRECTION('ref_axis',(0.249893453955295,-0.968273340369491,0.));
#5410=DIRECTION('center_axis',(0.,0.,1.));
#5411=DIRECTION('ref_axis',(0.249893453955295,-0.968273340369491,0.));
#5412=DIRECTION('',(0.,0.,1.));
#5413=DIRECTION('center_axis',(0.,0.,-1.));
#5414=DIRECTION('ref_axis',(0.703974346938741,-0.710225400033097,0.));
#5415=DIRECTION('center_axis',(0.,0.,-1.));
#5416=DIRECTION('ref_axis',(0.703974346938741,-0.710225400033097,0.));
#5417=DIRECTION('',(0.,0.,1.));
#5418=DIRECTION('',(0.,0.,1.));
#5419=DIRECTION('center_axis',(-0.424328952260615,0.905508111655224,0.));
#5420=DIRECTION('ref_axis',(-0.905508111655223,-0.424328952260615,0.));
#5421=DIRECTION('',(-0.905508111655223,-0.424328952260615,0.));
#5422=DIRECTION('',(-0.905508111655223,-0.424328952260615,0.));
#5423=DIRECTION('',(0.,0.,1.));
#5424=DIRECTION('center_axis',(0.,0.,1.));
#5425=DIRECTION('ref_axis',(0.289948418159688,-0.9570422743049,0.));
#5426=DIRECTION('center_axis',(0.,0.,1.));
#5427=DIRECTION('ref_axis',(0.289948418159688,-0.9570422743049,0.));
#5428=DIRECTION('',(0.,0.,1.));
#5429=DIRECTION('',(0.,0.,1.));
#5430=DIRECTION('',(0.,0.,1.));
#5431=DIRECTION('center_axis',(0.960734707183188,-0.277468597166661,0.));
#5432=DIRECTION('ref_axis',(0.277468597166661,0.960734707183188,0.));
#5433=DIRECTION('',(0.277468597166661,0.960734707183188,0.));
#5434=DIRECTION('',(0.277468597166661,0.960734707183188,0.));
#5435=DIRECTION('',(0.,0.,1.));
#5436=DIRECTION('',(0.,0.,1.));
#5437=DIRECTION('center_axis',(0.,0.,-1.));
#5438=DIRECTION('ref_axis',(0.658046876605197,-0.75297696391732,0.));
#5439=DIRECTION('center_axis',(0.,0.,-1.));
#5440=DIRECTION('ref_axis',(0.658046876605197,-0.75297696391732,0.));
#5441=DIRECTION('',(0.,0.,1.));
#5442=DIRECTION('center_axis',(0.000709640185981415,0.999999748205372,0.));
#5443=DIRECTION('ref_axis',(-0.999999748205372,0.000709640185981415,0.));
#5444=DIRECTION('',(-0.999999748205372,0.000709640185981415,0.));
#5445=DIRECTION('',(-0.999999748205372,0.000709640185981415,0.));
#5446=DIRECTION('',(0.,0.,1.));
#5447=DIRECTION('center_axis',(0.,0.,-1.));
#5448=DIRECTION('ref_axis',(-0.635261543561785,-0.772297074493681,0.));
#5449=DIRECTION('center_axis',(0.,0.,-1.));
#5450=DIRECTION('ref_axis',(-0.635261543561785,-0.772297074493681,0.));
#5451=DIRECTION('',(0.,0.,1.));
#5452=DIRECTION('',(0.,0.,1.));
#5453=DIRECTION('',(0.,0.,1.));
#5454=DIRECTION('center_axis',(-0.961463529949893,0.274932501855077,0.));
#5455=DIRECTION('ref_axis',(-0.274932501855077,-0.961463529949892,0.));
#5456=DIRECTION('',(-0.274932501855077,-0.961463529949892,0.));
#5457=DIRECTION('',(-0.274932501855077,-0.961463529949892,0.));
#5458=DIRECTION('',(0.,0.,1.));
#5459=DIRECTION('',(0.,0.,1.));
#5460=DIRECTION('',(0.,0.,1.));
#5461=DIRECTION('',(0.,0.,1.));
#5462=DIRECTION('center_axis',(0.,0.,1.));
#5463=DIRECTION('ref_axis',(0.31337105116228,-0.94963076208253,0.));
#5464=DIRECTION('center_axis',(0.,0.,1.));
#5465=DIRECTION('ref_axis',(0.31337105116228,-0.94963076208253,0.));
#5466=DIRECTION('',(0.,0.,1.));
#5467=DIRECTION('',(0.,0.,1.));
#5468=DIRECTION('',(0.,0.,1.));
#5469=DIRECTION('center_axis',(-0.418040780635233,0.908428261188458,0.));
#5470=DIRECTION('ref_axis',(-0.908428261188458,-0.418040780635233,0.));
#5471=DIRECTION('',(-0.908428261188458,-0.418040780635233,0.));
#5472=DIRECTION('',(-0.908428261188458,-0.418040780635233,0.));
#5473=DIRECTION('',(0.,0.,1.));
#5474=DIRECTION('center_axis',(0.,0.,1.));
#5475=DIRECTION('ref_axis',(0.637276684994941,-0.770635080152635,0.));
#5476=DIRECTION('center_axis',(0.,0.,1.));
#5477=DIRECTION('ref_axis',(0.637276684994941,-0.770635080152635,0.));
#5478=DIRECTION('',(0.,0.,1.));
#5479=DIRECTION('',(0.,0.,1.));
#5480=DIRECTION('center_axis',(0.961088840115536,-0.276239463881201,0.));
#5481=DIRECTION('ref_axis',(0.276239463881201,0.961088840115536,0.));
#5482=DIRECTION('',(0.276239463881201,0.961088840115536,0.));
#5483=DIRECTION('',(0.276239463881201,0.961088840115536,0.));
#5484=DIRECTION('',(0.,0.,1.));
#5485=DIRECTION('center_axis',(0.956930859826524,-0.290315913293897,0.));
#5486=DIRECTION('ref_axis',(0.290315913293897,0.956930859826524,0.));
#5487=DIRECTION('',(0.290315913293897,0.956930859826524,0.));
#5488=DIRECTION('',(0.290315913293897,0.956930859826524,0.));
#5489=DIRECTION('',(0.,0.,1.));
#5490=DIRECTION('center_axis',(0.972819818939776,-0.231563381988565,0.));
#5491=DIRECTION('ref_axis',(0.231563381988565,0.972819818939776,0.));
#5492=DIRECTION('',(0.231563381988565,0.972819818939776,0.));
#5493=DIRECTION('',(0.231563381988565,0.972819818939776,0.));
#5494=DIRECTION('',(0.,0.,1.));
#5495=DIRECTION('',(0.,0.,1.));
#5496=DIRECTION('center_axis',(0.,0.,-1.));
#5497=DIRECTION('ref_axis',(-0.0544126290075008,-0.998518535533764,0.));
#5498=DIRECTION('center_axis',(0.,0.,-1.));
#5499=DIRECTION('ref_axis',(-0.0544126290075008,-0.998518535533764,0.));
#5500=DIRECTION('',(0.,0.,1.));
#5501=DIRECTION('center_axis',(0.00493860177330713,0.999987805031904,0.));
#5502=DIRECTION('ref_axis',(-0.999987805031904,0.00493860177330713,0.));
#5503=DIRECTION('',(-0.999987805031904,0.00493860177330713,0.));
#5504=DIRECTION('',(-0.999987805031904,0.00493860177330713,0.));
#5505=DIRECTION('',(0.,0.,1.));
#5506=DIRECTION('center_axis',(0.,0.,-1.));
#5507=DIRECTION('ref_axis',(0.00392593268413985,-0.999992293496585,0.));
#5508=DIRECTION('center_axis',(0.,0.,-1.));
#5509=DIRECTION('ref_axis',(0.00392593268413985,-0.999992293496585,0.));
#5510=DIRECTION('',(0.,0.,1.));
#5511=DIRECTION('center_axis',(-0.960888522724105,0.276935456193473,0.));
#5512=DIRECTION('ref_axis',(-0.276935456193473,-0.960888522724105,0.));
#5513=DIRECTION('',(-0.276935456193473,-0.960888522724105,0.));
#5514=DIRECTION('',(-0.276935456193473,-0.960888522724105,0.));
#5515=DIRECTION('',(0.,0.,1.));
#5516=DIRECTION('center_axis',(0.,0.,1.));
#5517=DIRECTION('ref_axis',(0.00557342869845441,0.999984468325655,0.));
#5518=DIRECTION('center_axis',(0.,0.,1.));
#5519=DIRECTION('ref_axis',(0.00557342869845441,0.999984468325655,0.));
#5520=DIRECTION('center_axis',(0.,0.,1.));
#5521=DIRECTION('ref_axis',(0.00557342869845441,0.999984468325655,0.));
#5522=DIRECTION('',(0.,0.,1.));
#5523=DIRECTION('center_axis',(-3.31555962869564E-5,0.999999999450353,0.));
#5524=DIRECTION('ref_axis',(-0.999999999450353,-3.31555962869564E-5,0.));
#5525=DIRECTION('',(-0.999999999450353,-3.31555962869564E-5,0.));
#5526=DIRECTION('',(-0.999999999450353,-3.31555962869564E-5,0.));
#5527=DIRECTION('',(0.,0.,1.));
#5528=DIRECTION('center_axis',(0.,0.,1.));
#5529=DIRECTION('ref_axis',(0.784273450949982,-0.620415307785846,0.));
#5530=DIRECTION('center_axis',(0.,0.,1.));
#5531=DIRECTION('ref_axis',(0.784273450949982,-0.620415307785846,0.));
#5532=DIRECTION('',(0.,0.,1.));
#5533=DIRECTION('',(0.,0.,1.));
#5534=DIRECTION('center_axis',(0.,0.,-1.));
#5535=DIRECTION('ref_axis',(-0.927465016619704,0.373909939619973,0.));
#5536=DIRECTION('center_axis',(0.,0.,-1.));
#5537=DIRECTION('ref_axis',(-0.927465016619704,0.373909939619973,0.));
#5538=DIRECTION('',(0.,0.,1.));
#5539=DIRECTION('center_axis',(-0.00676405203330347,0.999977123538379,0.));
#5540=DIRECTION('ref_axis',(-0.999977123538379,-0.00676405203330347,0.));
#5541=DIRECTION('',(-0.999977123538379,-0.00676405203330347,0.));
#5542=DIRECTION('',(-0.999977123538379,-0.00676405203330347,0.));
#5543=DIRECTION('',(0.,0.,1.));
#5544=DIRECTION('center_axis',(0.,0.,-1.));
#5545=DIRECTION('ref_axis',(-0.850281640421756,-0.5263279699595,0.));
#5546=DIRECTION('center_axis',(0.,0.,-1.));
#5547=DIRECTION('ref_axis',(-0.850281640421756,-0.5263279699595,0.));
#5548=DIRECTION('',(0.,0.,1.));
#5549=DIRECTION('center_axis',(-0.961303039341814,0.275493133402979,0.));
#5550=DIRECTION('ref_axis',(-0.275493133402979,-0.961303039341814,0.));
#5551=DIRECTION('',(-0.275493133402979,-0.961303039341814,0.));
#5552=DIRECTION('',(-0.275493133402979,-0.961303039341814,0.));
#5553=DIRECTION('',(0.,0.,1.));
#5554=DIRECTION('',(0.,0.,1.));
#5555=DIRECTION('center_axis',(0.,0.,-1.));
#5556=DIRECTION('ref_axis',(-0.784069921490699,0.620672504799085,0.));
#5557=DIRECTION('center_axis',(0.,0.,-1.));
#5558=DIRECTION('ref_axis',(-0.784069921490699,0.620672504799085,0.));
#5559=DIRECTION('',(0.,0.,1.));
#5560=DIRECTION('center_axis',(0.00353249015371748,-0.999993760737193,0.));
#5561=DIRECTION('ref_axis',(0.999993760737193,0.00353249015371748,0.));
#5562=DIRECTION('',(0.999993760737193,0.00353249015371748,0.));
#5563=DIRECTION('',(0.999993760737193,0.00353249015371748,0.));
#5564=DIRECTION('',(0.,0.,1.));
#5565=DIRECTION('center_axis',(0.,0.,1.));
#5566=DIRECTION('ref_axis',(0.865141534833467,-0.501527790561992,0.));
#5567=DIRECTION('center_axis',(0.,0.,1.));
#5568=DIRECTION('ref_axis',(0.865141534833467,-0.501527790561992,0.));
#5569=DIRECTION('',(0.,0.,1.));
#5570=DIRECTION('center_axis',(-0.966325622079836,0.257322350587776,0.));
#5571=DIRECTION('ref_axis',(-0.257322350587776,-0.966325622079836,0.));
#5572=DIRECTION('',(-0.257322350587776,-0.966325622079836,0.));
#5573=DIRECTION('',(-0.257322350587776,-0.966325622079836,0.));
#5574=DIRECTION('',(0.,0.,1.));
#5575=DIRECTION('center_axis',(0.,0.,1.));
#5576=DIRECTION('ref_axis',(0.724922639630649,0.688830288642226,0.));
#5577=DIRECTION('center_axis',(0.,0.,1.));
#5578=DIRECTION('ref_axis',(0.724922639630649,0.688830288642226,0.));
#5579=DIRECTION('',(0.,0.,1.));
#5580=DIRECTION('center_axis',(0.000956845826002746,0.999999542222928,0.));
#5581=DIRECTION('ref_axis',(-0.999999542222928,0.000956845826002746,0.));
#5582=DIRECTION('',(-0.999999542222928,0.000956845826002746,0.));
#5583=DIRECTION('',(-0.999999542222928,0.000956845826002746,0.));
#5584=DIRECTION('',(0.,0.,1.));
#5585=DIRECTION('center_axis',(0.000880514169916248,0.999999612347323,0.));
#5586=DIRECTION('ref_axis',(-0.999999612347323,0.000880514169916248,0.));
#5587=DIRECTION('',(-0.999999612347323,0.000880514169916248,0.));
#5588=DIRECTION('',(-0.999999612347323,0.000880514169916248,0.));
#5589=DIRECTION('',(0.,0.,1.));
#5590=DIRECTION('center_axis',(0.00081562825365926,0.999999667375221,0.));
#5591=DIRECTION('ref_axis',(-0.999999667375221,0.00081562825365926,0.));
#5592=DIRECTION('',(-0.999999667375221,0.00081562825365926,0.));
#5593=DIRECTION('',(-0.999999667375221,0.00081562825365926,0.));
#5594=DIRECTION('',(0.,0.,1.));
#5595=DIRECTION('',(0.,0.,1.));
#5596=DIRECTION('center_axis',(0.,0.,1.));
#5597=DIRECTION('ref_axis',(0.086288314856984,0.996270207684212,0.));
#5598=DIRECTION('center_axis',(0.,0.,1.));
#5599=DIRECTION('ref_axis',(0.086288314856984,0.996270207684212,0.));
#5600=DIRECTION('center_axis',(0.,0.,1.));
#5601=DIRECTION('ref_axis',(0.086288314856984,0.996270207684212,0.));
#5602=DIRECTION('',(0.,0.,1.));
#5603=DIRECTION('center_axis',(0.,0.,1.));
#5604=DIRECTION('ref_axis',(0.989882593974085,-0.14188886547977,0.));
#5605=DIRECTION('center_axis',(0.,0.,1.));
#5606=DIRECTION('ref_axis',(0.989882593974085,-0.14188886547977,0.));
#5607=DIRECTION('',(0.,0.,1.));
#5608=DIRECTION('center_axis',(0.,0.,1.));
#5609=DIRECTION('ref_axis',(0.954655145436131,-0.297713878232642,0.));
#5610=DIRECTION('center_axis',(0.,0.,1.));
#5611=DIRECTION('ref_axis',(0.954655145436131,-0.297713878232642,0.));
#5612=DIRECTION('',(0.,0.,1.));
#5613=DIRECTION('',(0.,0.,1.));
#5614=DIRECTION('',(0.,0.,1.));
#5615=DIRECTION('',(0.,0.,1.));
#5616=DIRECTION('center_axis',(0.960419608566967,-0.278557310943502,0.));
#5617=DIRECTION('ref_axis',(0.278557310943502,0.960419608566967,0.));
#5618=DIRECTION('',(0.278557310943502,0.960419608566967,0.));
#5619=DIRECTION('',(0.278557310943502,0.960419608566967,0.));
#5620=DIRECTION('',(0.,0.,1.));
#5621=DIRECTION('center_axis',(0.970229839439715,-0.242186000133749,0.));
#5622=DIRECTION('ref_axis',(0.242186000133749,0.970229839439715,0.));
#5623=DIRECTION('',(0.242186000133749,0.970229839439715,0.));
#5624=DIRECTION('',(0.242186000133749,0.970229839439715,0.));
#5625=DIRECTION('',(0.,0.,1.));
#5626=DIRECTION('center_axis',(0.,0.,-1.));
#5627=DIRECTION('ref_axis',(0.672241148887722,-0.740332248211649,0.));
#5628=DIRECTION('center_axis',(0.,0.,-1.));
#5629=DIRECTION('ref_axis',(0.672241148887722,-0.740332248211649,0.));
#5630=DIRECTION('',(0.,0.,1.));
#5631=DIRECTION('center_axis',(-0.00245896873897467,0.9999969767318,0.));
#5632=DIRECTION('ref_axis',(-0.9999969767318,-0.00245896873897467,0.));
#5633=DIRECTION('',(-0.9999969767318,-0.00245896873897467,0.));
#5634=DIRECTION('',(-0.9999969767318,-0.00245896873897467,0.));
#5635=DIRECTION('',(0.,0.,1.));
#5636=DIRECTION('center_axis',(0.,0.,-1.));
#5637=DIRECTION('ref_axis',(0.593627891294426,-0.804739663914569,0.));
#5638=DIRECTION('center_axis',(0.,0.,-1.));
#5639=DIRECTION('ref_axis',(0.593627891294426,-0.804739663914569,0.));
#5640=DIRECTION('',(0.,0.,1.));
#5641=DIRECTION('',(0.,0.,1.));
#5642=DIRECTION('center_axis',(0.,0.,1.));
#5643=DIRECTION('ref_axis',(-0.866645225755253,-0.498924896828798,0.));
#5644=DIRECTION('center_axis',(0.,0.,1.));
#5645=DIRECTION('ref_axis',(-0.866645225755253,-0.498924896828798,0.));
#5646=DIRECTION('center_axis',(0.,0.,1.));
#5647=DIRECTION('ref_axis',(-0.866645225755253,-0.498924896828798,0.));
#5648=DIRECTION('',(0.,0.,1.));
#5649=DIRECTION('center_axis',(0.00176375907121184,0.99999844457576,0.));
#5650=DIRECTION('ref_axis',(-0.99999844457576,0.00176375907121184,0.));
#5651=DIRECTION('',(-0.99999844457576,0.00176375907121184,0.));
#5652=DIRECTION('',(-0.99999844457576,0.00176375907121184,0.));
#5653=DIRECTION('',(0.,0.,1.));
#5654=DIRECTION('center_axis',(-0.00380703085444959,0.999992753231779,0.));
#5655=DIRECTION('ref_axis',(-0.999992753231779,-0.00380703085444959,0.));
#5656=DIRECTION('',(-0.999992753231779,-0.00380703085444959,0.));
#5657=DIRECTION('',(-0.999992753231779,-0.00380703085444959,0.));
#5658=DIRECTION('',(0.,0.,1.));
#5659=DIRECTION('center_axis',(0.,0.,1.));
#5660=DIRECTION('ref_axis',(0.692648750492109,-0.721275057409946,0.));
#5661=DIRECTION('center_axis',(0.,0.,1.));
#5662=DIRECTION('ref_axis',(0.692648750492109,-0.721275057409946,0.));
#5663=DIRECTION('',(0.,0.,1.));
#5664=DIRECTION('',(0.,0.,1.));
#5665=DIRECTION('center_axis',(0.96142710485231,-0.275059851769219,0.));
#5666=DIRECTION('ref_axis',(0.275059851769219,0.96142710485231,0.));
#5667=DIRECTION('',(0.275059851769219,0.96142710485231,0.));
#5668=DIRECTION('',(0.275059851769219,0.96142710485231,0.));
#5669=DIRECTION('',(0.,0.,1.));
#5670=DIRECTION('',(0.,0.,1.));
#5671=DIRECTION('center_axis',(0.,0.,-1.));
#5672=DIRECTION('ref_axis',(-0.861296730999678,0.508102294001187,0.));
#5673=DIRECTION('center_axis',(0.,0.,-1.));
#5674=DIRECTION('ref_axis',(-0.861296730999678,0.508102294001187,0.));
#5675=DIRECTION('',(0.,0.,1.));
#5676=DIRECTION('center_axis',(0.,1.,0.));
#5677=DIRECTION('ref_axis',(-1.,0.,0.));
#5678=DIRECTION('',(-1.,0.,0.));
#5679=DIRECTION('',(-1.,0.,0.));
#5680=DIRECTION('',(0.,0.,1.));
#5681=DIRECTION('center_axis',(0.,0.,-1.));
#5682=DIRECTION('ref_axis',(-0.942867162559999,0.333168896756671,0.));
#5683=DIRECTION('center_axis',(0.,0.,-1.));
#5684=DIRECTION('ref_axis',(-0.942867162559999,0.333168896756671,0.));
#5685=DIRECTION('',(0.,0.,1.));
#5686=DIRECTION('center_axis',(0.,0.,1.));
#5687=DIRECTION('ref_axis',(-0.999992818562075,0.00378983169512541,0.));
#5688=DIRECTION('center_axis',(0.,0.,-1.));
#5689=DIRECTION('ref_axis',(-0.999992818562075,0.00378983169512541,0.));
#5690=DIRECTION('center_axis',(0.,0.,-1.));
#5691=DIRECTION('ref_axis',(-0.999992818562075,0.00378983169512541,0.));
#5692=DIRECTION('',(0.,0.,1.));
#5693=DIRECTION('',(0.,0.,1.));
#5694=DIRECTION('',(0.,0.,1.));
#5695=DIRECTION('',(0.,0.,1.));
#5696=DIRECTION('center_axis',(0.,0.,1.));
#5697=DIRECTION('ref_axis',(-0.999999081562081,0.00135531361506383,0.));
#5698=DIRECTION('center_axis',(0.,0.,-1.));
#5699=DIRECTION('ref_axis',(-0.999999081562081,0.00135531361506383,0.));
#5700=DIRECTION('center_axis',(0.,0.,-1.));
#5701=DIRECTION('ref_axis',(-0.999999081562081,0.00135531361506383,0.));
#5702=DIRECTION('',(0.,0.,1.));
#5703=DIRECTION('center_axis',(0.00158567810007165,-0.999998742811691,0.));
#5704=DIRECTION('ref_axis',(0.999998742811691,0.00158567810007165,0.));
#5705=DIRECTION('',(0.999998742811691,0.00158567810007165,0.));
#5706=DIRECTION('',(0.999998742811691,0.00158567810007165,0.));
#5707=DIRECTION('',(0.,0.,1.));
#5708=DIRECTION('center_axis',(0.,0.,1.));
#5709=DIRECTION('ref_axis',(0.722424895251049,0.69144939852567,0.));
#5710=DIRECTION('center_axis',(0.,0.,1.));
#5711=DIRECTION('ref_axis',(0.722424895251049,0.69144939852567,0.));
#5712=DIRECTION('',(0.,0.,1.));
#5713=DIRECTION('center_axis',(-0.964601036428553,0.263713557711697,0.));
#5714=DIRECTION('ref_axis',(-0.263713557711697,-0.964601036428553,0.));
#5715=DIRECTION('',(-0.263713557711697,-0.964601036428553,0.));
#5716=DIRECTION('',(-0.263713557711697,-0.964601036428553,0.));
#5717=DIRECTION('',(0.,0.,1.));
#5718=DIRECTION('center_axis',(0.,0.,1.));
#5719=DIRECTION('ref_axis',(-0.00163913664927823,0.99999865661462,0.));
#5720=DIRECTION('center_axis',(0.,0.,1.));
#5721=DIRECTION('ref_axis',(-0.00163913664927823,0.99999865661462,0.));
#5722=DIRECTION('center_axis',(0.,0.,1.));
#5723=DIRECTION('ref_axis',(-0.00163913664927823,0.99999865661462,0.));
#5724=DIRECTION('',(0.,0.,1.));
#5725=DIRECTION('center_axis',(0.00238036962385882,0.999997166916214,0.));
#5726=DIRECTION('ref_axis',(-0.999997166916214,0.00238036962385882,0.));
#5727=DIRECTION('',(-0.999997166916214,0.00238036962385882,0.));
#5728=DIRECTION('',(-0.999997166916214,0.00238036962385882,0.));
#5729=DIRECTION('',(0.,0.,1.));
#5730=DIRECTION('center_axis',(0.,0.,-1.));
#5731=DIRECTION('ref_axis',(-0.682176952383886,0.731187120808506,0.));
#5732=DIRECTION('center_axis',(0.,0.,-1.));
#5733=DIRECTION('ref_axis',(-0.682176952383886,0.731187120808506,0.));
#5734=DIRECTION('',(0.,0.,1.));
#5735=DIRECTION('center_axis',(-0.960942284483381,0.276748849847403,0.));
#5736=DIRECTION('ref_axis',(-0.276748849847403,-0.960942284483381,0.));
#5737=DIRECTION('',(-0.276748849847403,-0.960942284483381,0.));
#5738=DIRECTION('',(-0.276748849847403,-0.960942284483381,0.));
#5739=DIRECTION('',(0.,0.,1.));
#5740=DIRECTION('center_axis',(0.,0.,1.));
#5741=DIRECTION('ref_axis',(0.816822941493834,0.576888448705086,0.));
#5742=DIRECTION('center_axis',(0.,0.,1.));
#5743=DIRECTION('ref_axis',(0.816822941493834,0.576888448705086,0.));
#5744=DIRECTION('',(0.,0.,1.));
#5745=DIRECTION('center_axis',(-0.00194590026006642,0.999998106734297,0.));
#5746=DIRECTION('ref_axis',(-0.999998106734297,-0.00194590026006642,0.));
#5747=DIRECTION('',(-0.999998106734297,-0.00194590026006642,0.));
#5748=DIRECTION('',(-0.999998106734297,-0.00194590026006642,0.));
#5749=DIRECTION('',(0.,0.,1.));
#5750=DIRECTION('center_axis',(0.,0.,1.));
#5751=DIRECTION('ref_axis',(0.921815970114634,-0.387627807621715,0.));
#5752=DIRECTION('center_axis',(0.,0.,1.));
#5753=DIRECTION('ref_axis',(0.921815970114634,-0.387627807621715,0.));
#5754=DIRECTION('',(0.,0.,1.));
#5755=DIRECTION('',(0.,0.,1.));
#5756=DIRECTION('',(0.,0.,1.));
#5757=DIRECTION('center_axis',(0.,0.,1.));
#5758=DIRECTION('ref_axis',(0.999993694360214,-0.00355123074591052,0.));
#5759=DIRECTION('center_axis',(0.,0.,-1.));
#5760=DIRECTION('ref_axis',(0.999993694360214,-0.00355123074591052,0.));
#5761=DIRECTION('center_axis',(0.,0.,-1.));
#5762=DIRECTION('ref_axis',(0.999993694360214,-0.00355123074591052,0.));
#5763=DIRECTION('',(0.,0.,1.));
#5764=DIRECTION('center_axis',(-0.00294897914613557,0.999995651751544,0.));
#5765=DIRECTION('ref_axis',(-0.999995651751544,-0.00294897914613557,0.));
#5766=DIRECTION('',(-0.999995651751544,-0.00294897914613557,0.));
#5767=DIRECTION('',(-0.999995651751544,-0.00294897914613557,0.));
#5768=DIRECTION('',(0.,0.,1.));
#5769=DIRECTION('center_axis',(0.,0.,1.));
#5770=DIRECTION('ref_axis',(0.76550398135817,-0.643431157564499,0.));
#5771=DIRECTION('center_axis',(0.,0.,1.));
#5772=DIRECTION('ref_axis',(0.76550398135817,-0.643431157564499,0.));
#5773=DIRECTION('',(0.,0.,1.));
#5774=DIRECTION('',(0.,0.,1.));
#5775=DIRECTION('center_axis',(0.,0.,1.));
#5776=DIRECTION('ref_axis',(0.420781906348327,-0.907161830816237,0.));
#5777=DIRECTION('center_axis',(0.,0.,1.));
#5778=DIRECTION('ref_axis',(0.420781906348327,-0.907161830816237,0.));
#5779=DIRECTION('',(0.,0.,1.));
#5780=DIRECTION('center_axis',(0.00221522657630168,-0.999997546382598,0.));
#5781=DIRECTION('ref_axis',(0.999997546382598,0.00221522657630168,0.));
#5782=DIRECTION('',(0.999997546382598,0.00221522657630168,0.));
#5783=DIRECTION('',(0.999997546382598,0.00221522657630168,0.));
#5784=DIRECTION('',(0.,0.,1.));
#5785=DIRECTION('center_axis',(0.,0.,-1.));
#5786=DIRECTION('ref_axis',(-0.563393841753155,0.826188464622099,0.));
#5787=DIRECTION('center_axis',(0.,0.,-1.));
#5788=DIRECTION('ref_axis',(-0.563393841753155,0.826188464622099,0.));
#5789=DIRECTION('',(0.,0.,1.));
#5790=DIRECTION('center_axis',(0.961921987474344,-0.273324148244182,0.));
#5791=DIRECTION('ref_axis',(0.273324148244182,0.961921987474344,0.));
#5792=DIRECTION('',(0.273324148244182,0.961921987474344,0.));
#5793=DIRECTION('',(0.273324148244182,0.961921987474344,0.));
#5794=DIRECTION('',(0.,0.,1.));
#5795=DIRECTION('',(0.,0.,1.));
#5796=DIRECTION('center_axis',(0.,0.,-1.));
#5797=DIRECTION('ref_axis',(-0.714125832984375,0.700017353116601,0.));
#5798=DIRECTION('center_axis',(0.,0.,-1.));
#5799=DIRECTION('ref_axis',(-0.714125832984375,0.700017353116601,0.));
#5800=DIRECTION('',(0.,0.,1.));
#5801=DIRECTION('center_axis',(0.00058973087186759,0.999999826108734,0.));
#5802=DIRECTION('ref_axis',(-0.999999826108734,0.00058973087186759,0.));
#5803=DIRECTION('',(-0.999999826108734,0.00058973087186759,0.));
#5804=DIRECTION('',(-0.999999826108734,0.00058973087186759,0.));
#5805=DIRECTION('',(0.,0.,1.));
#5806=DIRECTION('center_axis',(0.,0.,-1.));
#5807=DIRECTION('ref_axis',(-0.905715683138148,0.423885717284267,0.));
#5808=DIRECTION('center_axis',(0.,0.,-1.));
#5809=DIRECTION('ref_axis',(-0.905715683138148,0.423885717284267,0.));
#5810=DIRECTION('',(0.,0.,1.));
#5811=DIRECTION('center_axis',(0.,0.,1.));
#5812=DIRECTION('ref_axis',(-0.27167730144011,-0.962388405937135,0.));
#5813=DIRECTION('center_axis',(0.,0.,1.));
#5814=DIRECTION('ref_axis',(-0.27167730144011,-0.962388405937135,0.));
#5815=DIRECTION('',(0.,0.,1.));
#5816=DIRECTION('center_axis',(0.,0.,1.));
#5817=DIRECTION('ref_axis',(-0.99999999955361,-2.9879433405804E-5,0.));
#5818=DIRECTION('center_axis',(0.,0.,1.));
#5819=DIRECTION('ref_axis',(-0.99999999955361,-2.9879433405804E-5,0.));
#5820=DIRECTION('center_axis',(0.,0.,1.));
#5821=DIRECTION('ref_axis',(-0.99999999955361,-2.9879433405804E-5,0.));
#5822=DIRECTION('',(0.,0.,1.));
#5823=DIRECTION('center_axis',(0.000968225630401326,0.999999531269455,0.));
#5824=DIRECTION('ref_axis',(-0.999999531269454,0.000968225630401326,0.));
#5825=DIRECTION('',(-0.999999531269454,0.000968225630401326,0.));
#5826=DIRECTION('',(-0.999999531269454,0.000968225630401326,0.));
#5827=DIRECTION('',(0.,0.,1.));
#5828=DIRECTION('center_axis',(0.,0.,1.));
#5829=DIRECTION('ref_axis',(0.786181871980644,-0.617995197529083,0.));
#5830=DIRECTION('center_axis',(0.,0.,1.));
#5831=DIRECTION('ref_axis',(0.786181871980644,-0.617995197529083,0.));
#5832=DIRECTION('',(0.,0.,1.));
#5833=DIRECTION('center_axis',(0.,0.,1.));
#5834=DIRECTION('ref_axis',(0.436576557056512,-0.899667110562947,0.));
#5835=DIRECTION('center_axis',(0.,0.,1.));
#5836=DIRECTION('ref_axis',(0.436576557056512,-0.899667110562947,0.));
#5837=DIRECTION('',(0.,0.,1.));
#5838=DIRECTION('center_axis',(0.961414355588027,-0.275104410850241,0.));
#5839=DIRECTION('ref_axis',(0.27510441085024,0.961414355588027,0.));
#5840=DIRECTION('',(0.27510441085024,0.961414355588027,0.));
#5841=DIRECTION('',(0.27510441085024,0.961414355588027,0.));
#5842=DIRECTION('',(0.,0.,1.));
#5843=DIRECTION('',(0.,0.,1.));
#5844=DIRECTION('center_axis',(0.,0.,-1.));
#5845=DIRECTION('ref_axis',(-0.853438476152422,0.521193598792841,0.));
#5846=DIRECTION('center_axis',(0.,0.,-1.));
#5847=DIRECTION('ref_axis',(-0.853438476152422,0.521193598792841,0.));
#5848=DIRECTION('',(0.,0.,1.));
#5849=DIRECTION('center_axis',(-0.00476173756611666,0.99998866286341,0.));
#5850=DIRECTION('ref_axis',(-0.99998866286341,-0.00476173756611666,0.));
#5851=DIRECTION('',(-0.99998866286341,-0.00476173756611666,0.));
#5852=DIRECTION('',(-0.99998866286341,-0.00476173756611666,0.));
#5853=DIRECTION('',(0.,0.,1.));
#5854=DIRECTION('center_axis',(0.,0.,1.));
#5855=DIRECTION('ref_axis',(0.475374672455377,-0.879783451076424,0.));
#5856=DIRECTION('center_axis',(0.,0.,1.));
#5857=DIRECTION('ref_axis',(0.475374672455377,-0.879783451076424,0.));
#5858=DIRECTION('',(0.,0.,1.));
#5859=DIRECTION('',(0.,0.,1.));
#5860=DIRECTION('',(0.,0.,1.));
#5861=DIRECTION('center_axis',(-9.05663313025861E-5,-0.99999999589887,0.));
#5862=DIRECTION('ref_axis',(0.99999999589887,-9.05663313025861E-5,0.));
#5863=DIRECTION('',(0.99999999589887,-9.05663313025861E-5,0.));
#5864=DIRECTION('',(0.99999999589887,-9.05663313025861E-5,0.));
#5865=DIRECTION('',(0.,0.,1.));
#5866=DIRECTION('',(0.,0.,1.));
#5867=DIRECTION('center_axis',(0.,0.,1.));
#5868=DIRECTION('ref_axis',(0.280677125391387,-0.959802245924663,0.));
#5869=DIRECTION('center_axis',(0.,0.,1.));
#5870=DIRECTION('ref_axis',(0.280677125391387,-0.959802245924663,0.));
#5871=DIRECTION('',(0.,0.,1.));
#5872=DIRECTION('center_axis',(-0.960533081260234,0.278165777558492,0.));
#5873=DIRECTION('ref_axis',(-0.278165777558492,-0.960533081260234,0.));
#5874=DIRECTION('',(-0.278165777558492,-0.960533081260234,0.));
#5875=DIRECTION('',(-0.278165777558492,-0.960533081260234,0.));
#5876=DIRECTION('',(0.,0.,1.));
#5877=DIRECTION('',(0.,0.,1.));
#5878=DIRECTION('center_axis',(0.,0.,-1.));
#5879=DIRECTION('ref_axis',(-0.752375692801337,0.658734253611962,0.));
#5880=DIRECTION('center_axis',(0.,0.,-1.));
#5881=DIRECTION('ref_axis',(-0.752375692801337,0.658734253611962,0.));
#5882=DIRECTION('',(0.,0.,1.));
#5883=DIRECTION('center_axis',(0.,-1.,0.));
#5884=DIRECTION('ref_axis',(1.,0.,0.));
#5885=DIRECTION('',(1.,0.,0.));
#5886=DIRECTION('',(1.,0.,0.));
#5887=DIRECTION('',(0.,0.,1.));
#5888=DIRECTION('center_axis',(0.,0.,-1.));
#5889=DIRECTION('ref_axis',(0.672925676993624,0.739710100811576,0.));
#5890=DIRECTION('center_axis',(0.,0.,-1.));
#5891=DIRECTION('ref_axis',(0.672925676993624,0.739710100811576,0.));
#5892=DIRECTION('',(0.,0.,1.));
#5893=DIRECTION('center_axis',(0.96152580183935,-0.274714638119623,0.));
#5894=DIRECTION('ref_axis',(0.274714638119623,0.96152580183935,0.));
#5895=DIRECTION('',(0.274714638119623,0.96152580183935,0.));
#5896=DIRECTION('',(0.274714638119623,0.96152580183935,0.));
#5897=DIRECTION('',(0.,0.,1.));
#5898=DIRECTION('center_axis',(0.,0.,1.));
#5899=DIRECTION('ref_axis',(0.759250492232557,-0.650798501876441,0.));
#5900=DIRECTION('center_axis',(0.,0.,1.));
#5901=DIRECTION('ref_axis',(0.759250492232557,-0.650798501876441,0.));
#5902=DIRECTION('',(0.,0.,1.));
#5903=DIRECTION('center_axis',(0.,-1.,0.));
#5904=DIRECTION('ref_axis',(1.,0.,0.));
#5905=DIRECTION('',(1.,0.,0.));
#5906=DIRECTION('',(1.,0.,0.));
#5907=DIRECTION('',(0.,0.,1.));
#5908=DIRECTION('center_axis',(0.0021466318996888,-0.999997695983089,0.));
#5909=DIRECTION('ref_axis',(0.999997695983089,0.0021466318996888,0.));
#5910=DIRECTION('',(0.999997695983089,0.0021466318996888,0.));
#5911=DIRECTION('',(0.999997695983089,0.0021466318996888,0.));
#5912=DIRECTION('',(0.,0.,1.));
#5913=DIRECTION('center_axis',(0.,0.,1.));
#5914=DIRECTION('ref_axis',(0.987948298524901,-0.154784235120224,0.));
#5915=DIRECTION('center_axis',(0.,0.,1.));
#5916=DIRECTION('ref_axis',(0.987948298524901,-0.154784235120224,0.));
#5917=DIRECTION('',(0.,0.,1.));
#5918=DIRECTION('',(0.,0.,1.));
#5919=DIRECTION('',(0.,0.,1.));
#5920=DIRECTION('center_axis',(0.,0.,-1.));
#5921=DIRECTION('ref_axis',(-0.936770150363373,0.349945260559683,0.));
#5922=DIRECTION('center_axis',(0.,0.,-1.));
#5923=DIRECTION('ref_axis',(-0.936770150363373,0.349945260559683,0.));
#5924=DIRECTION('',(0.,0.,1.));
#5925=DIRECTION('center_axis',(0.,0.,1.));
#5926=DIRECTION('ref_axis',(-0.00635757827059838,-0.999979790395052,0.));
#5927=DIRECTION('center_axis',(0.,0.,-1.));
#5928=DIRECTION('ref_axis',(-0.00635757827059838,-0.999979790395052,0.));
#5929=DIRECTION('center_axis',(0.,0.,-1.));
#5930=DIRECTION('ref_axis',(-0.00635757827059838,-0.999979790395052,0.));
#5931=DIRECTION('',(0.,0.,1.));
#5932=DIRECTION('center_axis',(0.427445625805056,-0.904041059344167,0.));
#5933=DIRECTION('ref_axis',(0.904041059344167,0.427445625805056,0.));
#5934=DIRECTION('',(0.904041059344167,0.427445625805056,0.));
#5935=DIRECTION('',(0.904041059344167,0.427445625805056,0.));
#5936=DIRECTION('',(0.,0.,1.));
#5937=DIRECTION('',(0.,0.,1.));
#5938=DIRECTION('center_axis',(0.960887900208972,-0.276937616137628,0.));
#5939=DIRECTION('ref_axis',(0.276937616137628,0.960887900208972,0.));
#5940=DIRECTION('',(0.276937616137628,0.960887900208972,0.));
#5941=DIRECTION('',(0.276937616137628,0.960887900208972,0.));
#5942=DIRECTION('',(0.,0.,1.));
#5943=DIRECTION('center_axis',(0.,0.,1.));
#5944=DIRECTION('ref_axis',(-0.00557242327941029,-0.999984473928868,0.));
#5945=DIRECTION('center_axis',(0.,0.,1.));
#5946=DIRECTION('ref_axis',(-0.00557242327941029,-0.999984473928868,0.));
#5947=DIRECTION('center_axis',(0.,0.,1.));
#5948=DIRECTION('ref_axis',(-0.00557242327941029,-0.999984473928868,0.));
#5949=DIRECTION('',(0.,0.,1.));
#5950=DIRECTION('center_axis',(3.31355491555856E-5,-0.999999999451018,0.));
#5951=DIRECTION('ref_axis',(0.999999999451018,3.31355491555856E-5,0.));
#5952=DIRECTION('',(0.999999999451018,3.31355491555856E-5,0.));
#5953=DIRECTION('',(0.999999999451018,3.31355491555856E-5,0.));
#5954=DIRECTION('',(0.,0.,1.));
#5955=DIRECTION('center_axis',(0.,0.,1.));
#5956=DIRECTION('ref_axis',(0.780255229572855,-0.62546125117725,0.));
#5957=DIRECTION('center_axis',(0.,0.,1.));
#5958=DIRECTION('ref_axis',(0.780255229572855,-0.62546125117725,0.));
#5959=DIRECTION('',(0.,0.,1.));
#5960=DIRECTION('',(0.,0.,1.));
#5961=DIRECTION('center_axis',(0.,0.,-1.));
#5962=DIRECTION('ref_axis',(-0.794184041486497,0.607677306017078,0.));
#5963=DIRECTION('center_axis',(0.,0.,-1.));
#5964=DIRECTION('ref_axis',(-0.794184041486497,0.607677306017078,0.));
#5965=DIRECTION('',(0.,0.,1.));
#5966=DIRECTION('center_axis',(0.,0.,-1.));
#5967=DIRECTION('ref_axis',(0.689157609859932,0.724611474358602,0.));
#5968=DIRECTION('center_axis',(0.,0.,-1.));
#5969=DIRECTION('ref_axis',(0.689157609859932,0.724611474358602,0.));
#5970=DIRECTION('',(0.,0.,1.));
#5971=DIRECTION('center_axis',(0.427221480401514,-0.904147005018287,0.));
#5972=DIRECTION('ref_axis',(0.904147005018287,0.427221480401514,0.));
#5973=DIRECTION('',(0.904147005018287,0.427221480401514,0.));
#5974=DIRECTION('',(0.904147005018287,0.427221480401514,0.));
#5975=DIRECTION('',(0.,0.,1.));
#5976=DIRECTION('',(0.,0.,1.));
#5977=DIRECTION('center_axis',(0.960931444329933,-0.27678648684137,0.));
#5978=DIRECTION('ref_axis',(0.27678648684137,0.960931444329933,0.));
#5979=DIRECTION('',(0.27678648684137,0.960931444329933,0.));
#5980=DIRECTION('',(0.27678648684137,0.960931444329933,0.));
#5981=DIRECTION('',(0.,0.,1.));
#5982=DIRECTION('center_axis',(0.,0.,1.));
#5983=DIRECTION('ref_axis',(0.82056664037096,0.57155086275004,0.));
#5984=DIRECTION('center_axis',(0.,0.,1.));
#5985=DIRECTION('ref_axis',(0.82056664037096,0.57155086275004,0.));
#5986=DIRECTION('',(0.,0.,1.));
#5987=DIRECTION('center_axis',(0.00231133100449843,-0.999997328870926,0.));
#5988=DIRECTION('ref_axis',(0.999997328870926,0.00231133100449843,0.));
#5989=DIRECTION('',(0.999997328870926,0.00231133100449843,0.));
#5990=DIRECTION('',(0.999997328870926,0.00231133100449843,0.));
#5991=DIRECTION('',(0.,0.,1.));
#5992=DIRECTION('center_axis',(0.,-1.,0.));
#5993=DIRECTION('ref_axis',(1.,0.,0.));
#5994=DIRECTION('',(1.,0.,0.));
#5995=DIRECTION('',(1.,0.,0.));
#5996=DIRECTION('',(0.,0.,1.));
#5997=DIRECTION('',(0.,0.,1.));
#5998=DIRECTION('',(0.,0.,1.));
#5999=DIRECTION('center_axis',(0.,0.,1.));
#6000=DIRECTION('ref_axis',(-0.061337640553566,-0.998117074220916,0.));
#6001=DIRECTION('center_axis',(0.,0.,1.));
#6002=DIRECTION('ref_axis',(-0.061337640553566,-0.998117074220916,0.));
#6003=DIRECTION('',(0.,0.,1.));
#6004=DIRECTION('center_axis',(0.00753034198881178,0.999971646572807,0.));
#6005=DIRECTION('ref_axis',(-0.999971646572807,0.00753034198881178,0.));
#6006=DIRECTION('',(-0.999971646572807,0.00753034198881178,0.));
#6007=DIRECTION('',(-0.999971646572807,0.00753034198881178,0.));
#6008=DIRECTION('',(0.,0.,1.));
#6009=DIRECTION('center_axis',(0.,0.,1.));
#6010=DIRECTION('ref_axis',(0.000647222644416113,0.999999790551402,0.));
#6011=DIRECTION('center_axis',(0.,0.,-1.));
#6012=DIRECTION('ref_axis',(0.000647222644416113,0.999999790551402,0.));
#6013=DIRECTION('center_axis',(0.,0.,-1.));
#6014=DIRECTION('ref_axis',(0.000647222644416113,0.999999790551402,0.));
#6015=DIRECTION('',(0.,0.,1.));
#6016=DIRECTION('',(0.,0.,1.));
#6017=DIRECTION('center_axis',(0.,0.,-1.));
#6018=DIRECTION('ref_axis',(0.0362203270009491,-0.999343828675569,0.));
#6019=DIRECTION('center_axis',(0.,0.,-1.));
#6020=DIRECTION('ref_axis',(0.0362203270009491,-0.999343828675569,0.));
#6021=DIRECTION('',(0.,0.,1.));
#6022=DIRECTION('center_axis',(0.,0.,1.));
#6023=DIRECTION('ref_axis',(-0.0077231068748012,-0.999970176365376,0.));
#6024=DIRECTION('center_axis',(0.,0.,-1.));
#6025=DIRECTION('ref_axis',(-0.0077231068748012,-0.999970176365376,0.));
#6026=DIRECTION('center_axis',(0.,0.,-1.));
#6027=DIRECTION('ref_axis',(-0.0077231068748012,-0.999970176365376,0.));
#6028=DIRECTION('center_axis',(0.,0.,1.));
#6029=DIRECTION('ref_axis',(1.,0.,0.));
#6030=DIRECTION('center_axis',(0.,0.,1.));
#6031=DIRECTION('ref_axis',(1.,0.,0.));
#6032=DIRECTION('',(0.,0.,1.));
#6033=DIRECTION('',(1.,0.,0.));
#6034=DIRECTION('',(9.09861105135416E-17,7.77156117237609E-16,1.));
#6035=DIRECTION('',(1.,8.2205100733557E-17,-9.09861105135417E-17));
#6036=DIRECTION('',(8.07170189875115E-32,2.93047240220825E-16,1.));
#6037=DIRECTION('',(1.,-8.01695792734898E-16,1.54217720570097E-31));
#6038=CARTESIAN_POINT('',(0.,0.,0.));
#6039=CARTESIAN_POINT('',(0.,0.,0.));
#6040=CARTESIAN_POINT('Origin',(-0.465,-0.215,0.035));
#6041=CARTESIAN_POINT('',(-0.5,-0.215,0.035));
#6042=CARTESIAN_POINT('',(-0.465,-0.25,0.035));
#6043=CARTESIAN_POINT('Origin',(-0.465,-0.215,0.035));
#6044=CARTESIAN_POINT('',(-0.465,-0.215,0.));
#6045=CARTESIAN_POINT('Origin',(-0.465,-0.215,0.035));
#6046=CARTESIAN_POINT('Origin',(-0.465,-0.215,0.035));
#6047=CARTESIAN_POINT('Origin',(-0.465,0.215,0.035));
#6048=CARTESIAN_POINT('',(-0.465,0.25,0.035));
#6049=CARTESIAN_POINT('',(-0.5,0.215,0.035));
#6050=CARTESIAN_POINT('Origin',(-0.465,0.215,0.035));
#6051=CARTESIAN_POINT('',(-0.465,0.215,0.));
#6052=CARTESIAN_POINT('Origin',(-0.465,0.215,0.035));
#6053=CARTESIAN_POINT('Origin',(-0.465,0.215,0.035));
#6054=CARTESIAN_POINT('Origin',(-0.3125,0.215,0.035));
#6055=CARTESIAN_POINT('',(-0.25,0.25,0.035));
#6056=CARTESIAN_POINT('',(-0.25,0.215,0.));
#6057=CARTESIAN_POINT('Origin',(-0.25,0.215,0.035));
#6058=CARTESIAN_POINT('',(-0.3125,0.215,0.));
#6059=CARTESIAN_POINT('',(-0.3125,0.25,0.035));
#6060=CARTESIAN_POINT('Origin',(-0.465,0.125,0.035));
#6061=CARTESIAN_POINT('',(-0.5,0.125,0.035));
#6062=CARTESIAN_POINT('',(-0.465,0.125,0.));
#6063=CARTESIAN_POINT('Origin',(-0.465,-0.215,0.515));
#6064=CARTESIAN_POINT('',(-0.5,-0.215,0.515));
#6065=CARTESIAN_POINT('',(-0.465,-0.215,0.55));
#6066=CARTESIAN_POINT('Origin',(-0.465,-0.215,0.515));
#6067=CARTESIAN_POINT('',(-0.465,-0.25,0.515));
#6068=CARTESIAN_POINT('Origin',(-0.465,-0.215,0.515));
#6069=CARTESIAN_POINT('Origin',(-0.465,-0.215,0.515));
#6070=CARTESIAN_POINT('Origin',(-0.465,-0.215,0.));
#6071=CARTESIAN_POINT('',(-0.5,-0.215,0.));
#6072=CARTESIAN_POINT('',(-0.465,-0.25,0.));
#6073=CARTESIAN_POINT('Origin',(-0.4375,-0.215,0.515));
#6074=CARTESIAN_POINT('',(-0.25,-0.25,0.515));
#6075=CARTESIAN_POINT('',(-0.25,-0.215,0.55));
#6076=CARTESIAN_POINT('Origin',(-0.25,-0.215,0.515));
#6077=CARTESIAN_POINT('',(-0.4375,-0.215,0.55));
#6078=CARTESIAN_POINT('',(-0.4375,-0.25,0.515));
#6079=CARTESIAN_POINT('Origin',(-0.465,0.215,0.515));
#6080=CARTESIAN_POINT('',(-0.465,0.25,0.515));
#6081=CARTESIAN_POINT('',(-0.465,0.215,0.55));
#6082=CARTESIAN_POINT('Origin',(-0.465,0.215,0.515));
#6083=CARTESIAN_POINT('',(-0.5,0.215,0.515));
#6084=CARTESIAN_POINT('Origin',(-0.465,0.215,0.515));
#6085=CARTESIAN_POINT('Origin',(-0.465,0.215,0.515));
#6086=CARTESIAN_POINT('Origin',(-0.465,0.215,0.));
#6087=CARTESIAN_POINT('',(-0.465,0.25,0.));
#6088=CARTESIAN_POINT('',(-0.5,0.215,0.));
#6089=CARTESIAN_POINT('Origin',(-0.465,0.125,0.515));
#6090=CARTESIAN_POINT('',(-0.465,0.125,0.55));
#6091=CARTESIAN_POINT('',(-0.5,0.125,0.515));
#6092=CARTESIAN_POINT('Origin',(-0.3125,0.215,0.515));
#6093=CARTESIAN_POINT('',(-0.25,0.215,0.55));
#6094=CARTESIAN_POINT('',(-0.25,0.25,0.515));
#6095=CARTESIAN_POINT('Origin',(-0.25,0.215,0.515));
#6096=CARTESIAN_POINT('',(-0.3125,0.25,0.515));
#6097=CARTESIAN_POINT('',(-0.3125,0.215,0.55));
#6098=CARTESIAN_POINT('Origin',(-0.4375,-0.215,0.035));
#6099=CARTESIAN_POINT('',(-0.25,-0.215,0.));
#6100=CARTESIAN_POINT('',(-0.25,-0.25,0.035));
#6101=CARTESIAN_POINT('Origin',(-0.25,-0.215,0.035));
#6102=CARTESIAN_POINT('',(-0.4375,-0.25,0.035));
#6103=CARTESIAN_POINT('',(-0.4375,-0.215,0.));
#6104=CARTESIAN_POINT('Origin',(-0.375,-3.46944695195361E-17,0.55));
#6105=CARTESIAN_POINT('',(-0.25,-0.25,0.55));
#6106=CARTESIAN_POINT('Origin',(-0.5,-0.25,0.));
#6107=CARTESIAN_POINT('',(-0.25,-0.25,0.));
#6108=CARTESIAN_POINT('Origin',(-0.5,0.25,0.));
#6109=CARTESIAN_POINT('Origin',(-0.25,-0.25,0.));
#6110=CARTESIAN_POINT('',(-0.25,-0.25,0.));
#6111=CARTESIAN_POINT('',(-0.25,0.25,0.));
#6112=CARTESIAN_POINT('Origin',(-0.25,0.25,0.));
#6113=CARTESIAN_POINT('Origin',(-0.375,-5.20417042793042E-17,0.));
#6114=CARTESIAN_POINT('Origin',(0.465,-0.215,0.515));
#6115=CARTESIAN_POINT('',(0.465,-0.25,0.515));
#6116=CARTESIAN_POINT('',(0.465,-0.215,0.55));
#6117=CARTESIAN_POINT('Origin',(0.465,-0.215,0.515));
#6118=CARTESIAN_POINT('',(0.5,-0.215,0.515));
#6119=CARTESIAN_POINT('Origin',(0.465,-0.215,0.515));
#6120=CARTESIAN_POINT('Origin',(0.465,-0.215,0.515));
#6121=CARTESIAN_POINT('Origin',(0.465,-0.215,0.035));
#6122=CARTESIAN_POINT('',(0.465,-0.215,0.));
#6123=CARTESIAN_POINT('',(0.465,-0.25,0.035));
#6124=CARTESIAN_POINT('Origin',(0.465,-0.215,0.035));
#6125=CARTESIAN_POINT('',(0.5,-0.215,0.035));
#6126=CARTESIAN_POINT('Origin',(0.465,-0.215,0.035));
#6127=CARTESIAN_POINT('Origin',(0.465,-0.215,0.035));
#6128=CARTESIAN_POINT('Origin',(0.465,0.215,0.515));
#6129=CARTESIAN_POINT('',(0.5,0.215,0.515));
#6130=CARTESIAN_POINT('',(0.465,0.215,0.55));
#6131=CARTESIAN_POINT('Origin',(0.465,0.215,0.515));
#6132=CARTESIAN_POINT('',(0.465,0.25,0.515));
#6133=CARTESIAN_POINT('Origin',(0.465,0.215,0.515));
#6134=CARTESIAN_POINT('Origin',(0.465,0.215,0.515));
#6135=CARTESIAN_POINT('Origin',(0.465,0.215,0.035));
#6136=CARTESIAN_POINT('',(0.5,0.215,0.035));
#6137=CARTESIAN_POINT('',(0.465,0.25,0.035));
#6138=CARTESIAN_POINT('Origin',(0.465,0.215,0.035));
#6139=CARTESIAN_POINT('',(0.465,0.215,0.));
#6140=CARTESIAN_POINT('Origin',(0.465,0.215,0.035));
#6141=CARTESIAN_POINT('Origin',(0.465,0.215,0.035));
#6142=CARTESIAN_POINT('Origin',(0.465,-0.125,0.035));
#6143=CARTESIAN_POINT('',(0.5,-0.125,0.035));
#6144=CARTESIAN_POINT('',(0.465,-0.125,0.));
#6145=CARTESIAN_POINT('Origin',(0.4375,0.215,0.035));
#6146=CARTESIAN_POINT('',(0.25,0.215,0.));
#6147=CARTESIAN_POINT('',(0.25,0.25,0.035));
#6148=CARTESIAN_POINT('Origin',(0.25,0.215,0.035));
#6149=CARTESIAN_POINT('',(0.4375,0.25,0.035));
#6150=CARTESIAN_POINT('',(0.4375,0.215,0.));
#6151=CARTESIAN_POINT('Origin',(0.465,0.215,0.));
#6152=CARTESIAN_POINT('',(0.5,0.215,0.));
#6153=CARTESIAN_POINT('',(0.465,0.25,0.));
#6154=CARTESIAN_POINT('Origin',(0.4375,0.215,0.515));
#6155=CARTESIAN_POINT('',(0.25,0.25,0.515));
#6156=CARTESIAN_POINT('',(0.25,0.215,0.55));
#6157=CARTESIAN_POINT('Origin',(0.25,0.215,0.515));
#6158=CARTESIAN_POINT('',(0.4375,0.215,0.55));
#6159=CARTESIAN_POINT('',(0.4375,0.25,0.515));
#6160=CARTESIAN_POINT('Origin',(0.465,-0.125,0.515));
#6161=CARTESIAN_POINT('',(0.465,-0.125,0.55));
#6162=CARTESIAN_POINT('',(0.5,-0.125,0.515));
#6163=CARTESIAN_POINT('Origin',(0.465,-0.215,0.));
#6164=CARTESIAN_POINT('',(0.465,-0.25,0.));
#6165=CARTESIAN_POINT('',(0.5,-0.215,0.));
#6166=CARTESIAN_POINT('Origin',(0.3125,-0.215,0.035));
#6167=CARTESIAN_POINT('',(0.25,-0.25,0.035));
#6168=CARTESIAN_POINT('',(0.25,-0.215,0.));
#6169=CARTESIAN_POINT('Origin',(0.25,-0.215,0.035));
#6170=CARTESIAN_POINT('',(0.3125,-0.215,0.));
#6171=CARTESIAN_POINT('',(0.3125,-0.25,0.035));
#6172=CARTESIAN_POINT('Origin',(0.3125,-0.215,0.515));
#6173=CARTESIAN_POINT('',(0.25,-0.215,0.55));
#6174=CARTESIAN_POINT('',(0.25,-0.25,0.515));
#6175=CARTESIAN_POINT('Origin',(0.25,-0.215,0.515));
#6176=CARTESIAN_POINT('',(0.3125,-0.25,0.515));
#6177=CARTESIAN_POINT('',(0.3125,-0.215,0.55));
#6178=CARTESIAN_POINT('Origin',(0.375,-3.46944695195361E-17,0.));
#6179=CARTESIAN_POINT('',(0.25,0.25,0.));
#6180=CARTESIAN_POINT('Origin',(0.25,0.25,0.));
#6181=CARTESIAN_POINT('',(0.25,-0.25,0.));
#6182=CARTESIAN_POINT('',(0.25,0.25,0.55));
#6183=CARTESIAN_POINT('',(0.25,0.25,0.));
#6184=CARTESIAN_POINT('Origin',(0.25,-0.25,0.));
#6185=CARTESIAN_POINT('Origin',(0.5,-0.25,0.));
#6186=CARTESIAN_POINT('Origin',(0.5,0.25,0.));
#6187=CARTESIAN_POINT('Origin',(0.375,-3.46944695195361E-17,0.55));
#6188=CARTESIAN_POINT('',(0.,0.,0.));
#6189=CARTESIAN_POINT('Origin',(0.25,4.33680868994202E-16,0.275));
#6190=CARTESIAN_POINT('',(0.25,0.215,0.55));
#6191=CARTESIAN_POINT('',(0.25,-0.214999999999999,0.549999999999999));
#6192=CARTESIAN_POINT('',(0.25,0.215,0.55));
#6193=CARTESIAN_POINT('',(0.25,-0.249999999999999,0.514999999999999));
#6194=CARTESIAN_POINT('Origin',(0.25,-0.214999999999999,0.514999999999999));
#6195=CARTESIAN_POINT('',(0.25,-0.249999999999999,0.0349999999999996));
#6196=CARTESIAN_POINT('',(0.25,-0.249999999999999,0.514999999999999));
#6197=CARTESIAN_POINT('',(0.25,-0.215,-2.77555756156289E-16));
#6198=CARTESIAN_POINT('Origin',(0.25,-0.215,0.0349999999999997));
#6199=CARTESIAN_POINT('',(0.25,0.215,6.93889390390723E-17));
#6200=CARTESIAN_POINT('',(0.25,-0.215,-2.99239799605999E-16));
#6201=CARTESIAN_POINT('',(0.25,0.25,0.035));
#6202=CARTESIAN_POINT('Origin',(0.25,0.215,0.035));
#6203=CARTESIAN_POINT('',(0.25,0.25,0.515));
#6204=CARTESIAN_POINT('',(0.25,0.25,0.035));
#6205=CARTESIAN_POINT('Origin',(0.25,0.215,0.515));
#6206=CARTESIAN_POINT('Origin',(0.,-0.214999999999999,0.514999999999999));
#6207=CARTESIAN_POINT('',(-0.25,-0.214999999999999,0.549999999999999));
#6208=CARTESIAN_POINT('',(0.,-0.214999999999999,0.549999999999999));
#6209=CARTESIAN_POINT('',(-0.25,-0.249999999999999,0.514999999999999));
#6210=CARTESIAN_POINT('Origin',(-0.25,-0.214999999999999,0.514999999999999));
#6211=CARTESIAN_POINT('',(0.,-0.249999999999999,0.514999999999999));
#6212=CARTESIAN_POINT('Origin',(0.,-0.249999999999999,0.0349999999999996));
#6213=CARTESIAN_POINT('',(-0.25,-0.249999999999999,0.0349999999999996));
#6214=CARTESIAN_POINT('',(-0.25,-0.249999999999999,0.514999999999999));
#6215=CARTESIAN_POINT('',(0.,-0.249999999999999,0.0349999999999996));
#6216=CARTESIAN_POINT('Origin',(0.,-0.215,0.0349999999999997));
#6217=CARTESIAN_POINT('',(-0.25,-0.215,-2.77555756156289E-16));
#6218=CARTESIAN_POINT('Origin',(-0.25,-0.215,0.0349999999999997));
#6219=CARTESIAN_POINT('',(0.,-0.215,-2.99239799605999E-16));
#6220=CARTESIAN_POINT('Origin',(0.,0.215,4.11996825544492E-17));
#6221=CARTESIAN_POINT('',(-0.25,0.215,6.93889390390723E-17));
#6222=CARTESIAN_POINT('',(-0.25,-0.215,-2.99239799605999E-16));
#6223=CARTESIAN_POINT('',(0.,0.215,4.11996825544492E-17));
#6224=CARTESIAN_POINT('Origin',(0.,0.215,0.035));
#6225=CARTESIAN_POINT('',(-0.25,0.25,0.035));
#6226=CARTESIAN_POINT('Origin',(-0.25,0.215,0.035));
#6227=CARTESIAN_POINT('',(0.,0.25,0.035));
#6228=CARTESIAN_POINT('Origin',(0.,0.25,0.515));
#6229=CARTESIAN_POINT('',(-0.25,0.25,0.515));
#6230=CARTESIAN_POINT('',(-0.25,0.25,0.035));
#6231=CARTESIAN_POINT('',(0.,0.25,0.515));
#6232=CARTESIAN_POINT('Origin',(0.,0.215,0.515));
#6233=CARTESIAN_POINT('',(-0.25,0.215,0.55));
#6234=CARTESIAN_POINT('Origin',(-0.25,0.215,0.515));
#6235=CARTESIAN_POINT('',(0.,0.215,0.55));
#6236=CARTESIAN_POINT('Origin',(0.,-0.214999999999999,0.549999999999999));
#6237=CARTESIAN_POINT('',(-0.25,0.215,0.55));
#6238=CARTESIAN_POINT('Origin',(-0.25,4.33680868994202E-16,0.275));
#6239=CARTESIAN_POINT('',(0.,0.,0.));
#6240=CARTESIAN_POINT('Origin',(0.345066419243961,-0.755882243523261,0.));
#6241=CARTESIAN_POINT('',(0.345066419243961,-0.755882243523261,0.));
#6242=CARTESIAN_POINT('',(0.34048994766665,-0.771901275096719,0.));
#6243=CARTESIAN_POINT('',(0.345066419243961,-0.755882243523261,0.));
#6244=CARTESIAN_POINT('',(0.34048994766665,-0.771901275096719,0.003));
#6245=CARTESIAN_POINT('',(0.34048994766665,-0.771901275096719,0.));
#6246=CARTESIAN_POINT('',(0.345066419243961,-0.755882243523261,0.003));
#6247=CARTESIAN_POINT('',(0.345066419243961,-0.755882243523261,0.003));
#6248=CARTESIAN_POINT('',(0.345066419243961,-0.755882243523261,0.));
#6249=CARTESIAN_POINT('Origin',(0.347237226254277,-0.748187340686621,0.));
#6250=CARTESIAN_POINT('',(0.347237226254277,-0.748187340686621,0.));
#6251=CARTESIAN_POINT('',(0.347237226254277,-0.748187340686621,0.));
#6252=CARTESIAN_POINT('',(0.347237226254277,-0.748187340686621,0.003));
#6253=CARTESIAN_POINT('',(0.347237226254277,-0.748187340686621,0.003));
#6254=CARTESIAN_POINT('',(0.347237226254277,-0.748187340686621,0.));
#6255=CARTESIAN_POINT('Ctrl Pts',(0.34559349054484,-0.746555895529114,0.));
#6256=CARTESIAN_POINT('Ctrl Pts',(0.34559349054484,-0.746555895529114,0.003));
#6257=CARTESIAN_POINT('Ctrl Pts',(0.346504509794695,-0.746555895529116,
0.));
#6258=CARTESIAN_POINT('Ctrl Pts',(0.346504509794695,-0.746555895529116,
0.003));
#6259=CARTESIAN_POINT('Ctrl Pts',(0.347482504041963,-0.747319160350586,
0.));
#6260=CARTESIAN_POINT('Ctrl Pts',(0.347482504041963,-0.747319160350586,
0.003));
#6261=CARTESIAN_POINT('Ctrl Pts',(0.347237226254277,-0.748187340686621,
0.));
#6262=CARTESIAN_POINT('Ctrl Pts',(0.347237226254277,-0.748187340686621,
0.003));
#6263=CARTESIAN_POINT('',(0.34559349054484,-0.746555895529114,0.));
#6264=CARTESIAN_POINT('Ctrl Pts',(0.34559349054484,-0.746555895529114,0.));
#6265=CARTESIAN_POINT('Ctrl Pts',(0.346504509794695,-0.746555895529116,
0.));
#6266=CARTESIAN_POINT('Ctrl Pts',(0.347482504041963,-0.747319160350586,
0.));
#6267=CARTESIAN_POINT('Ctrl Pts',(0.347237226254277,-0.748187340686621,
0.));
#6268=CARTESIAN_POINT('',(0.34559349054484,-0.746555895529114,0.003));
#6269=CARTESIAN_POINT('Ctrl Pts',(0.34559349054484,-0.746555895529114,0.003));
#6270=CARTESIAN_POINT('Ctrl Pts',(0.346504509794695,-0.746555895529116,
0.003));
#6271=CARTESIAN_POINT('Ctrl Pts',(0.347482504041963,-0.747319160350586,
0.003));
#6272=CARTESIAN_POINT('Ctrl Pts',(0.347237226254277,-0.748187340686621,
0.003));
#6273=CARTESIAN_POINT('',(0.34559349054484,-0.746555895529114,0.));
#6274=CARTESIAN_POINT('Origin',(0.34280245296003,-0.746555895529114,0.));
#6275=CARTESIAN_POINT('',(0.34280245296003,-0.746555895529114,0.));
#6276=CARTESIAN_POINT('',(0.34280245296003,-0.746555895529114,0.));
#6277=CARTESIAN_POINT('',(0.34280245296003,-0.746555895529114,0.003));
#6278=CARTESIAN_POINT('',(0.34280245296003,-0.746555895529114,0.003));
#6279=CARTESIAN_POINT('',(0.34280245296003,-0.746555895529114,0.));
#6280=CARTESIAN_POINT('Ctrl Pts',(0.34280245296003,-0.746555895529114,0.));
#6281=CARTESIAN_POINT('Ctrl Pts',(0.337426925241731,-0.74654046555339,0.));
#6282=CARTESIAN_POINT('Ctrl Pts',(0.336047604068207,-0.751752597870725,
0.));
#6283=CARTESIAN_POINT('Ctrl Pts',(0.34280245296003,-0.746555895529114,0.003));
#6284=CARTESIAN_POINT('Ctrl Pts',(0.337426925241731,-0.74654046555339,0.003));
#6285=CARTESIAN_POINT('Ctrl Pts',(0.336047604068207,-0.751752597870725,
0.003));
#6286=CARTESIAN_POINT('',(0.336047604068207,-0.751752597870725,0.));
#6287=CARTESIAN_POINT('Origin',(0.342701267998053,-0.753439997648314,0.));
#6288=CARTESIAN_POINT('',(0.336047604068207,-0.751752597870725,0.003));
#6289=CARTESIAN_POINT('Origin',(0.342701267998053,-0.753439997648314,0.003));
#6290=CARTESIAN_POINT('',(0.336047604068207,-0.751752597870725,0.));
#6291=CARTESIAN_POINT('Origin',(0.330446113294878,-0.771458456812896,0.));
#6292=CARTESIAN_POINT('',(0.330446113294878,-0.771458456812896,0.));
#6293=CARTESIAN_POINT('',(0.330446113294878,-0.771458456812896,0.));
#6294=CARTESIAN_POINT('',(0.330446113294878,-0.771458456812896,0.003));
#6295=CARTESIAN_POINT('',(0.330446113294878,-0.771458456812896,0.003));
#6296=CARTESIAN_POINT('',(0.330446113294878,-0.771458456812896,0.));
#6297=CARTESIAN_POINT('Ctrl Pts',(0.330374863372487,-0.772185206047811,
0.));
#6298=CARTESIAN_POINT('Ctrl Pts',(0.330374863372487,-0.772185206047811,
0.003));
#6299=CARTESIAN_POINT('Ctrl Pts',(0.330374863300903,-0.771950081295309,
0.));
#6300=CARTESIAN_POINT('Ctrl Pts',(0.330374863300903,-0.771950081295309,
0.003));
#6301=CARTESIAN_POINT('Ctrl Pts',(0.330401582020209,-0.771698034685503,
0.));
#6302=CARTESIAN_POINT('Ctrl Pts',(0.330401582020209,-0.771698034685503,
0.003));
#6303=CARTESIAN_POINT('Ctrl Pts',(0.330446113294878,-0.771458456812896,
0.));
#6304=CARTESIAN_POINT('Ctrl Pts',(0.330446113294878,-0.771458456812896,
0.003));
#6305=CARTESIAN_POINT('',(0.330374863372487,-0.772185206047811,0.));
#6306=CARTESIAN_POINT('Ctrl Pts',(0.330374863372487,-0.772185206047811,
0.));
#6307=CARTESIAN_POINT('Ctrl Pts',(0.330374863300903,-0.771950081295309,
0.));
#6308=CARTESIAN_POINT('Ctrl Pts',(0.330401582020209,-0.771698034685503,
0.));
#6309=CARTESIAN_POINT('Ctrl Pts',(0.330446113294878,-0.771458456812896,
0.));
#6310=CARTESIAN_POINT('',(0.330374863372487,-0.772185206047811,0.003));
#6311=CARTESIAN_POINT('Ctrl Pts',(0.330374863372487,-0.772185206047811,
0.003));
#6312=CARTESIAN_POINT('Ctrl Pts',(0.330374863300903,-0.771950081295309,
0.003));
#6313=CARTESIAN_POINT('Ctrl Pts',(0.330401582020209,-0.771698034685503,
0.003));
#6314=CARTESIAN_POINT('Ctrl Pts',(0.330446113294878,-0.771458456812896,
0.003));
#6315=CARTESIAN_POINT('',(0.330374863372487,-0.772185206047811,0.));
#6316=CARTESIAN_POINT('Ctrl Pts',(0.330374863372487,-0.772185206047811,
0.));
#6317=CARTESIAN_POINT('Ctrl Pts',(0.330368378616899,-0.775495314463088,
0.));
#6318=CARTESIAN_POINT('Ctrl Pts',(0.333590016120287,-0.775482563514016,
0.));
#6319=CARTESIAN_POINT('Ctrl Pts',(0.330374863372487,-0.772185206047811,
0.003));
#6320=CARTESIAN_POINT('Ctrl Pts',(0.330368378616899,-0.775495314463088,
0.003));
#6321=CARTESIAN_POINT('Ctrl Pts',(0.333590016120287,-0.775482563514016,
0.003));
#6322=CARTESIAN_POINT('',(0.333590016120287,-0.775482563514016,0.));
#6323=CARTESIAN_POINT('Origin',(0.333653711967845,-0.772113565008017,0.));
#6324=CARTESIAN_POINT('',(0.333590016120287,-0.775482563514016,0.003));
#6325=CARTESIAN_POINT('Origin',(0.333653711967845,-0.772113565008017,0.003));
#6326=CARTESIAN_POINT('',(0.333590016120287,-0.775482563514016,0.));
#6327=CARTESIAN_POINT('Origin',(0.335742921587615,-0.77549146975464,0.));
#6328=CARTESIAN_POINT('',(0.335742921587615,-0.77549146975464,0.));
#6329=CARTESIAN_POINT('',(0.335742921587615,-0.77549146975464,0.));
#6330=CARTESIAN_POINT('',(0.335742921587615,-0.77549146975464,0.003));
#6331=CARTESIAN_POINT('',(0.335742921587615,-0.77549146975464,0.003));
#6332=CARTESIAN_POINT('',(0.335742921587615,-0.77549146975464,0.));
#6333=CARTESIAN_POINT('Origin',(0.335750844179168,-0.770568542149395,0.));
#6334=CARTESIAN_POINT('Origin',(0.335750844179168,-0.770568542149395,0.));
#6335=CARTESIAN_POINT('Origin',(0.335750844179168,-0.770568542149395,0.003));
#6336=CARTESIAN_POINT('Origin',(0.274222541258288,-0.738199971513262,0.));
#6337=CARTESIAN_POINT('',(0.274222541258288,-0.738199971513262,0.));
#6338=CARTESIAN_POINT('',(0.282745758790838,-0.708062854899305,0.));
#6339=CARTESIAN_POINT('',(0.274222541258288,-0.738199971513262,0.));
#6340=CARTESIAN_POINT('',(0.282745758790838,-0.708062854899305,0.003));
#6341=CARTESIAN_POINT('',(0.282745758790838,-0.708062854899305,0.));
#6342=CARTESIAN_POINT('',(0.274222541258288,-0.738199971513262,0.003));
#6343=CARTESIAN_POINT('',(0.274222541258288,-0.738199971513262,0.003));
#6344=CARTESIAN_POINT('',(0.274222541258288,-0.738199971513262,0.));
#6345=CARTESIAN_POINT('Ctrl Pts',(0.274222541258288,-0.738199971513262,
0.));
#6346=CARTESIAN_POINT('Ctrl Pts',(0.274220212835953,-0.738876989978015,
0.));
#6347=CARTESIAN_POINT('Ctrl Pts',(0.274703674106031,-0.739361882440387,
0.));
#6348=CARTESIAN_POINT('Ctrl Pts',(0.275187135376108,-0.73984677490276,0.));
#6349=CARTESIAN_POINT('Ctrl Pts',(0.275862224628422,-0.73984450884451,0.));
#6350=CARTESIAN_POINT('Ctrl Pts',(0.274222541258288,-0.738199971513262,
0.003));
#6351=CARTESIAN_POINT('Ctrl Pts',(0.274220212835953,-0.738876989978015,
0.003));
#6352=CARTESIAN_POINT('Ctrl Pts',(0.274703674106031,-0.739361882440387,
0.003));
#6353=CARTESIAN_POINT('Ctrl Pts',(0.275187135376108,-0.73984677490276,0.003));
#6354=CARTESIAN_POINT('Ctrl Pts',(0.275862224628422,-0.73984450884451,0.003));
#6355=CARTESIAN_POINT('',(0.275862224628422,-0.73984450884451,0.));
#6356=CARTESIAN_POINT('Origin',(0.275817025021629,-0.738245463318271,0.));
#6357=CARTESIAN_POINT('',(0.275862224628422,-0.73984450884451,0.003));
#6358=CARTESIAN_POINT('Origin',(0.275817025021629,-0.738245463318271,0.003));
#6359=CARTESIAN_POINT('',(0.275862224628422,-0.73984450884451,0.));
#6360=CARTESIAN_POINT('Origin',(0.280925635987822,-0.739817790122628,0.));
#6361=CARTESIAN_POINT('',(0.280925593421823,-0.73982669713639,0.));
#6362=CARTESIAN_POINT('',(0.280925635987822,-0.739817790122628,0.));
#6363=CARTESIAN_POINT('',(0.280925592588237,-0.739826696048788,0.003));
#6364=CARTESIAN_POINT('',(0.280925635987822,-0.739817790122628,0.003));
#6365=CARTESIAN_POINT('',(0.280925635987822,-0.739835602603844,0.));
#6366=CARTESIAN_POINT('Ctrl Pts',(0.280925635987822,-0.739835602603844,
0.));
#6367=CARTESIAN_POINT('Ctrl Pts',(0.287904026003082,-0.739838150595035,
0.));
#6368=CARTESIAN_POINT('Ctrl Pts',(0.293464820766323,-0.735529880574199,
0.));
#6369=CARTESIAN_POINT('Ctrl Pts',(0.280925635987822,-0.739835602603844,
0.003));
#6370=CARTESIAN_POINT('Ctrl Pts',(0.287904026003082,-0.739838150595035,
0.003));
#6371=CARTESIAN_POINT('Ctrl Pts',(0.293464820766323,-0.735529880574199,
0.003));
#6372=CARTESIAN_POINT('',(0.293464820766323,-0.7355298805742,0.));
#6373=CARTESIAN_POINT('Origin',(0.280050675177818,-0.715956604614899,0.));
#6374=CARTESIAN_POINT('',(0.293464820766323,-0.7355298805742,0.003));
#6375=CARTESIAN_POINT('Origin',(0.280050675177818,-0.715956604614899,0.003));
#6376=CARTESIAN_POINT('',(0.293464820766323,-0.7355298805742,0.));
#6377=CARTESIAN_POINT('Ctrl Pts',(0.293464820766323,-0.735529880574199,
0.));
#6378=CARTESIAN_POINT('Ctrl Pts',(0.301043627781666,-0.729269946348424,
0.));
#6379=CARTESIAN_POINT('Ctrl Pts',(0.301034056271147,-0.719564108319706,
0.));
#6380=CARTESIAN_POINT('Ctrl Pts',(0.293464820766323,-0.735529880574199,
0.003));
#6381=CARTESIAN_POINT('Ctrl Pts',(0.301043627781666,-0.729269946348424,
0.003));
#6382=CARTESIAN_POINT('Ctrl Pts',(0.301034056271147,-0.719564108319706,
0.003));
#6383=CARTESIAN_POINT('',(0.301034056271147,-0.719564108319706,0.));
#6384=CARTESIAN_POINT('Origin',(0.27870921595906,-0.719127827795203,0.));
#6385=CARTESIAN_POINT('',(0.301034056271147,-0.719564108319706,0.003));
#6386=CARTESIAN_POINT('Origin',(0.27870921595906,-0.719127827795203,0.003));
#6387=CARTESIAN_POINT('',(0.301034056271147,-0.719564108319706,0.));
#6388=CARTESIAN_POINT('Origin',(0.301054953711649,-0.716934697330505,0.));
#6389=CARTESIAN_POINT('',(0.301054953711649,-0.716934697330505,0.));
#6390=CARTESIAN_POINT('',(0.301054953711649,-0.716934697330505,0.));
#6391=CARTESIAN_POINT('',(0.301054953711649,-0.716934697330505,0.003));
#6392=CARTESIAN_POINT('',(0.301054953711649,-0.716934697330505,0.003));
#6393=CARTESIAN_POINT('',(0.301054953711649,-0.716934697330505,0.));
#6394=CARTESIAN_POINT('Ctrl Pts',(0.30105495371165,-0.716934697330505,0.));
#6395=CARTESIAN_POINT('Ctrl Pts',(0.301066806302581,-0.712628540696207,
0.));
#6396=CARTESIAN_POINT('Ctrl Pts',(0.298128229125385,-0.709616709423733,
0.));
#6397=CARTESIAN_POINT('Ctrl Pts',(0.29518965194819,-0.706604878151259,0.));
#6398=CARTESIAN_POINT('Ctrl Pts',(0.291070892040624,-0.706701748745571,
0.));
#6399=CARTESIAN_POINT('Ctrl Pts',(0.30105495371165,-0.716934697330505,0.003));
#6400=CARTESIAN_POINT('Ctrl Pts',(0.301066806302581,-0.712628540696207,
0.003));
#6401=CARTESIAN_POINT('Ctrl Pts',(0.298128229125385,-0.709616709423733,
0.003));
#6402=CARTESIAN_POINT('Ctrl Pts',(0.29518965194819,-0.706604878151259,0.003));
#6403=CARTESIAN_POINT('Ctrl Pts',(0.291070892040624,-0.706701748745571,
0.003));
#6404=CARTESIAN_POINT('',(0.29120070704701,-0.706688878684834,0.));
#6405=CARTESIAN_POINT('Origin',(0.291271489158005,-0.716925652779437,0.));
#6406=CARTESIAN_POINT('',(0.29120070704701,-0.706688878684834,0.003));
#6407=CARTESIAN_POINT('Origin',(0.291271489158005,-0.716925652779437,0.003));
#6408=CARTESIAN_POINT('',(0.291070378062081,-0.706679895321087,0.));
#6409=CARTESIAN_POINT('Origin',(0.28446864030365,-0.706664689330505,0.));
#6410=CARTESIAN_POINT('',(0.28446864030365,-0.706664689330505,0.));
#6411=CARTESIAN_POINT('',(0.28446864030365,-0.706664689330505,0.));
#6412=CARTESIAN_POINT('',(0.28446864030365,-0.706664689330505,0.003));
#6413=CARTESIAN_POINT('',(0.28446864030365,-0.706664689330505,0.003));
#6414=CARTESIAN_POINT('',(0.28446864030365,-0.706664689330505,0.));
#6415=CARTESIAN_POINT('Ctrl Pts',(0.28446864030365,-0.706664689330505,0.));
#6416=CARTESIAN_POINT('Ctrl Pts',(0.283122678061289,-0.706702142891646,
0.));
#6417=CARTESIAN_POINT('Ctrl Pts',(0.282745758790838,-0.708062854899305,
0.));
#6418=CARTESIAN_POINT('Ctrl Pts',(0.28446864030365,-0.706664689330505,0.003));
#6419=CARTESIAN_POINT('Ctrl Pts',(0.283122678061289,-0.706702142891646,
0.003));
#6420=CARTESIAN_POINT('Ctrl Pts',(0.282745758790838,-0.708062854899305,
0.003));
#6421=CARTESIAN_POINT('Origin',(0.284819469131876,-0.70901916409836,0.));
#6422=CARTESIAN_POINT('Origin',(0.284819469131876,-0.70901916409836,0.003));
#6423=CARTESIAN_POINT('Origin',(0.42014964030365,-0.770873113330552,0.));
#6424=CARTESIAN_POINT('',(0.42014964030365,-0.770873113330552,0.));
#6425=CARTESIAN_POINT('',(0.425576880303649,-0.752214996975352,0.));
#6426=CARTESIAN_POINT('',(0.42014964030365,-0.770873113330552,0.));
#6427=CARTESIAN_POINT('',(0.425576880303649,-0.752214996975352,0.003));
#6428=CARTESIAN_POINT('',(0.425576880303649,-0.752214996975352,0.));
#6429=CARTESIAN_POINT('',(0.42014964030365,-0.770873113330552,0.003));
#6430=CARTESIAN_POINT('',(0.42014964030365,-0.770873113330552,0.003));
#6431=CARTESIAN_POINT('',(0.42014964030365,-0.770873113330552,0.));
#6432=CARTESIAN_POINT('Ctrl Pts',(0.41995845116285,-0.772230466054552,0.));
#6433=CARTESIAN_POINT('Ctrl Pts',(0.41995845116285,-0.772230466054552,0.003));
#6434=CARTESIAN_POINT('Ctrl Pts',(0.419972531329976,-0.771930220378771,
0.));
#6435=CARTESIAN_POINT('Ctrl Pts',(0.419972531329976,-0.771930220378771,
0.003));
#6436=CARTESIAN_POINT('Ctrl Pts',(0.419999250052586,-0.771657689415946,
0.));
#6437=CARTESIAN_POINT('Ctrl Pts',(0.419999250052586,-0.771657689415946,
0.003));
#6438=CARTESIAN_POINT('Ctrl Pts',(0.42014964030365,-0.770873113330552,0.));
#6439=CARTESIAN_POINT('Ctrl Pts',(0.42014964030365,-0.770873113330552,0.003));
#6440=CARTESIAN_POINT('',(0.41995845116285,-0.772230466054552,0.));
#6441=CARTESIAN_POINT('Ctrl Pts',(0.41995845116285,-0.772230466054552,0.));
#6442=CARTESIAN_POINT('Ctrl Pts',(0.419972531329976,-0.771930220378771,
0.));
#6443=CARTESIAN_POINT('Ctrl Pts',(0.419999250052586,-0.771657689415946,
0.));
#6444=CARTESIAN_POINT('Ctrl Pts',(0.42014964030365,-0.770873113330552,0.));
#6445=CARTESIAN_POINT('',(0.41995845116285,-0.772230466054552,0.003));
#6446=CARTESIAN_POINT('Ctrl Pts',(0.41995845116285,-0.772230466054552,0.003));
#6447=CARTESIAN_POINT('Ctrl Pts',(0.419972531329976,-0.771930220378771,
0.003));
#6448=CARTESIAN_POINT('Ctrl Pts',(0.419999250052586,-0.771657689415946,
0.003));
#6449=CARTESIAN_POINT('Ctrl Pts',(0.42014964030365,-0.770873113330552,0.003));
#6450=CARTESIAN_POINT('',(0.41995845116285,-0.772230466054552,0.));
#6451=CARTESIAN_POINT('Ctrl Pts',(0.41995845116285,-0.772230466054552,0.));
#6452=CARTESIAN_POINT('Ctrl Pts',(0.419962219695071,-0.77353649017292,0.));
#6453=CARTESIAN_POINT('Ctrl Pts',(0.420865663560079,-0.774520239174225,
0.));
#6454=CARTESIAN_POINT('Ctrl Pts',(0.421769107425087,-0.77550398817553,0.));
#6455=CARTESIAN_POINT('Ctrl Pts',(0.42302164386605,-0.775565939213752,0.));
#6456=CARTESIAN_POINT('Ctrl Pts',(0.41995845116285,-0.772230466054552,0.003));
#6457=CARTESIAN_POINT('Ctrl Pts',(0.419962219695071,-0.77353649017292,0.003));
#6458=CARTESIAN_POINT('Ctrl Pts',(0.420865663560079,-0.774520239174225,
0.003));
#6459=CARTESIAN_POINT('Ctrl Pts',(0.421769107425087,-0.77550398817553,0.003));
#6460=CARTESIAN_POINT('Ctrl Pts',(0.42302164386605,-0.775565939213752,0.003));
#6461=CARTESIAN_POINT('',(0.42302164386605,-0.775565939213752,0.));
#6462=CARTESIAN_POINT('Origin',(0.422914750081539,-0.772478856334072,0.));
#6463=CARTESIAN_POINT('',(0.42302164386605,-0.775565939213752,0.003));
#6464=CARTESIAN_POINT('Origin',(0.422914750081539,-0.772478856334072,0.003));
#6465=CARTESIAN_POINT('',(0.42302164386605,-0.775565939213752,0.));
#6466=CARTESIAN_POINT('Origin',(0.42532639230365,-0.775565939213752,0.));
#6467=CARTESIAN_POINT('',(0.42532639230365,-0.775565939213752,0.));
#6468=CARTESIAN_POINT('',(0.42532639230365,-0.775565939213752,0.));
#6469=CARTESIAN_POINT('',(0.42532639230365,-0.775565939213752,0.003));
#6470=CARTESIAN_POINT('',(0.42532639230365,-0.775565939213752,0.003));
#6471=CARTESIAN_POINT('',(0.42532639230365,-0.775565939213752,0.));
#6472=CARTESIAN_POINT('Ctrl Pts',(0.42532639230365,-0.775565939213752,0.));
#6473=CARTESIAN_POINT('Ctrl Pts',(0.429043892993675,-0.775457155358809,
0.));
#6474=CARTESIAN_POINT('Ctrl Pts',(0.429896788002049,-0.772292545330552,
0.));
#6475=CARTESIAN_POINT('Ctrl Pts',(0.42532639230365,-0.775565939213752,0.003));
#6476=CARTESIAN_POINT('Ctrl Pts',(0.429043892993675,-0.775457155358809,
0.003));
#6477=CARTESIAN_POINT('Ctrl Pts',(0.429896788002049,-0.772292545330552,
0.003));
#6478=CARTESIAN_POINT('',(0.42989678800205,-0.772292545330552,0.));
#6479=CARTESIAN_POINT('Origin',(0.425704396853088,-0.771894738451848,0.));
#6480=CARTESIAN_POINT('',(0.42989678800205,-0.772292545330552,0.003));
#6481=CARTESIAN_POINT('Origin',(0.425704396853088,-0.771894738451848,0.003));
#6482=CARTESIAN_POINT('',(0.42989678800205,-0.772292545330552,0.));
#6483=CARTESIAN_POINT('Origin',(0.435011928303649,-0.754542097292152,0.));
#6484=CARTESIAN_POINT('',(0.435011928303649,-0.754542097292152,0.));
#6485=CARTESIAN_POINT('',(0.435011928303649,-0.754542097292152,0.));
#6486=CARTESIAN_POINT('',(0.435011928303649,-0.754542097292152,0.003));
#6487=CARTESIAN_POINT('',(0.435011928303649,-0.754542097292152,0.003));
#6488=CARTESIAN_POINT('',(0.435011928303649,-0.754542097292152,0.));
#6489=CARTESIAN_POINT('Ctrl Pts',(0.43674383573405,-0.748606182960905,0.));
#6490=CARTESIAN_POINT('Ctrl Pts',(0.43674383573405,-0.748606182960905,0.003));
#6491=CARTESIAN_POINT('Ctrl Pts',(0.436823761405898,-0.74836386237449,0.));
#6492=CARTESIAN_POINT('Ctrl Pts',(0.436823761405898,-0.74836386237449,0.003));
#6493=CARTESIAN_POINT('Ctrl Pts',(0.435168180482669,-0.754124240709999,
0.));
#6494=CARTESIAN_POINT('Ctrl Pts',(0.435168180482669,-0.754124240709999,
0.003));
#6495=CARTESIAN_POINT('Ctrl Pts',(0.435011928303649,-0.754542097292152,
0.));
#6496=CARTESIAN_POINT('Ctrl Pts',(0.435011928303649,-0.754542097292152,
0.003));
#6497=CARTESIAN_POINT('',(0.436824407455238,-0.748208989101859,0.));
#6498=CARTESIAN_POINT('Ctrl Pts',(0.43674383573405,-0.748606182960905,0.));
#6499=CARTESIAN_POINT('Ctrl Pts',(0.436823761405898,-0.74836386237449,0.));
#6500=CARTESIAN_POINT('Ctrl Pts',(0.435168180482669,-0.754124240709999,
0.));
#6501=CARTESIAN_POINT('Ctrl Pts',(0.435011928303649,-0.754542097292152,
0.));
#6502=CARTESIAN_POINT('',(0.436824407455238,-0.748208989101859,0.003));
#6503=CARTESIAN_POINT('Ctrl Pts',(0.43674383573405,-0.748606182960905,0.003));
#6504=CARTESIAN_POINT('Ctrl Pts',(0.436823761405898,-0.74836386237449,0.003));
#6505=CARTESIAN_POINT('Ctrl Pts',(0.435168180482669,-0.754124240709999,
0.003));
#6506=CARTESIAN_POINT('Ctrl Pts',(0.435011928303649,-0.754542097292152,
0.003));
#6507=CARTESIAN_POINT('',(0.43682518588685,-0.748205151672905,0.));
#6508=CARTESIAN_POINT('Ctrl Pts',(0.436825185886849,-0.748205151672905,
0.));
#6509=CARTESIAN_POINT('Ctrl Pts',(0.436822826115749,-0.746588540183636,
0.));
#6510=CARTESIAN_POINT('Ctrl Pts',(0.434970205352449,-0.746511335117706,
0.));
#6511=CARTESIAN_POINT('Ctrl Pts',(0.436825185886849,-0.748205151672905,
0.003));
#6512=CARTESIAN_POINT('Ctrl Pts',(0.436822826115749,-0.746588540183636,
0.003));
#6513=CARTESIAN_POINT('Ctrl Pts',(0.434970205352449,-0.746511335117706,
0.003));
#6514=CARTESIAN_POINT('',(0.43497020535245,-0.746511335117705,0.));
#6515=CARTESIAN_POINT('Origin',(0.434511505975357,-0.748511545146456,0.));
#6516=CARTESIAN_POINT('',(0.43497020535245,-0.746511335117705,0.003));
#6517=CARTESIAN_POINT('Origin',(0.434511505975357,-0.748511545146456,0.003));
#6518=CARTESIAN_POINT('',(0.43497020535245,-0.746511335117705,0.));
#6519=CARTESIAN_POINT('Origin',(0.432256560303649,-0.746525679730505,0.));
#6520=CARTESIAN_POINT('',(0.432256560303649,-0.746525679730505,0.));
#6521=CARTESIAN_POINT('',(0.432256560303649,-0.746525679730505,0.));
#6522=CARTESIAN_POINT('',(0.432256560303649,-0.746525679730505,0.003));
#6523=CARTESIAN_POINT('',(0.432256560303649,-0.746525679730505,0.003));
#6524=CARTESIAN_POINT('',(0.432256560303649,-0.746525679730505,0.));
#6525=CARTESIAN_POINT('Ctrl Pts',(0.43225656030365,-0.746525679730505,0.));
#6526=CARTESIAN_POINT('Ctrl Pts',(0.426956724263579,-0.746620017834646,
0.));
#6527=CARTESIAN_POINT('Ctrl Pts',(0.425576880303649,-0.752214996975352,
0.));
#6528=CARTESIAN_POINT('Ctrl Pts',(0.43225656030365,-0.746525679730505,0.003));
#6529=CARTESIAN_POINT('Ctrl Pts',(0.426956724263579,-0.746620017834646,
0.003));
#6530=CARTESIAN_POINT('Ctrl Pts',(0.425576880303649,-0.752214996975352,
0.003));
#6531=CARTESIAN_POINT('Origin',(0.432848902372186,-0.754888084717523,0.));
#6532=CARTESIAN_POINT('Origin',(0.432848902372186,-0.754888084717523,0.003));
#6533=CARTESIAN_POINT('Origin',(0.107206328502395,-0.753565463149752,0.));
#6534=CARTESIAN_POINT('',(0.107206328502395,-0.753565463149752,0.));
#6535=CARTESIAN_POINT('',(0.112047245781857,-0.751255661086611,0.));
#6536=CARTESIAN_POINT('',(0.107206328502395,-0.753565463149752,0.));
#6537=CARTESIAN_POINT('',(0.112047245781857,-0.751255661086611,0.003));
#6538=CARTESIAN_POINT('',(0.112047245781857,-0.751255661086611,0.));
#6539=CARTESIAN_POINT('',(0.107206328502395,-0.753565463149752,0.003));
#6540=CARTESIAN_POINT('',(0.107206328502395,-0.753565463149752,0.003));
#6541=CARTESIAN_POINT('',(0.107206328502395,-0.753565463149752,0.));
#6542=CARTESIAN_POINT('Ctrl Pts',(0.106499083960357,-0.753726666105046,
0.));
#6543=CARTESIAN_POINT('Ctrl Pts',(0.106854944775077,-0.753726683783385,
0.));
#6544=CARTESIAN_POINT('Ctrl Pts',(0.107206328502395,-0.753565463149752,
0.));
#6545=CARTESIAN_POINT('Ctrl Pts',(0.106499083960357,-0.753726666105046,
0.003));
#6546=CARTESIAN_POINT('Ctrl Pts',(0.106854944775077,-0.753726683783385,
0.003));
#6547=CARTESIAN_POINT('Ctrl Pts',(0.107206328502395,-0.753565463149752,
0.003));
#6548=CARTESIAN_POINT('',(0.106499083960357,-0.753726666105046,0.));
#6549=CARTESIAN_POINT('Origin',(0.106669259333623,-0.747039388125859,0.));
#6550=CARTESIAN_POINT('',(0.106499083960357,-0.753726666105046,0.003));
#6551=CARTESIAN_POINT('Origin',(0.106669259333623,-0.747039388125859,0.003));
#6552=CARTESIAN_POINT('',(0.106499083960357,-0.753726666105046,0.));
#6553=CARTESIAN_POINT('Ctrl Pts',(0.105010664175455,-0.7527825155365,0.));
#6554=CARTESIAN_POINT('Ctrl Pts',(0.105459875216033,-0.753728861793523,
0.));
#6555=CARTESIAN_POINT('Ctrl Pts',(0.106499083960357,-0.753726666105046,
0.));
#6556=CARTESIAN_POINT('Ctrl Pts',(0.105010664175455,-0.7527825155365,0.003));
#6557=CARTESIAN_POINT('Ctrl Pts',(0.105459875216033,-0.753728861793523,
0.003));
#6558=CARTESIAN_POINT('Ctrl Pts',(0.106499083960357,-0.753726666105046,
0.003));
#6559=CARTESIAN_POINT('',(0.105010664175455,-0.7527825155365,0.));
#6560=CARTESIAN_POINT('Origin',(0.1064774247528,-0.752092942854992,0.));
#6561=CARTESIAN_POINT('',(0.105010664175455,-0.7527825155365,0.003));
#6562=CARTESIAN_POINT('Origin',(0.1064774247528,-0.752092942854992,0.003));
#6563=CARTESIAN_POINT('',(0.105010664175455,-0.7527825155365,0.));
#6564=CARTESIAN_POINT('Ctrl Pts',(0.104458121027274,-0.751284485863515,
0.));
#6565=CARTESIAN_POINT('Ctrl Pts',(0.104458121027274,-0.751284485863515,
0.003));
#6566=CARTESIAN_POINT('Ctrl Pts',(0.104494640219399,-0.751817969425236,
0.));
#6567=CARTESIAN_POINT('Ctrl Pts',(0.104494640219399,-0.751817969425236,
0.003));
#6568=CARTESIAN_POINT('Ctrl Pts',(0.105007900629328,-0.752777327094305,
0.));
#6569=CARTESIAN_POINT('Ctrl Pts',(0.105007900629328,-0.752777327094305,
0.003));
#6570=CARTESIAN_POINT('Ctrl Pts',(0.105010664175455,-0.7527825155365,0.));
#6571=CARTESIAN_POINT('Ctrl Pts',(0.105010664175455,-0.7527825155365,0.003));
#6572=CARTESIAN_POINT('',(0.104458121027274,-0.751284485863515,0.));
#6573=CARTESIAN_POINT('Ctrl Pts',(0.104458121027274,-0.751284485863515,
0.));
#6574=CARTESIAN_POINT('Ctrl Pts',(0.104494640219399,-0.751817969425236,
0.));
#6575=CARTESIAN_POINT('Ctrl Pts',(0.105007900629328,-0.752777327094305,
0.));
#6576=CARTESIAN_POINT('Ctrl Pts',(0.105010664175455,-0.7527825155365,0.));
#6577=CARTESIAN_POINT('',(0.104458121027274,-0.751284485863515,0.003));
#6578=CARTESIAN_POINT('Ctrl Pts',(0.104458121027274,-0.751284485863515,
0.003));
#6579=CARTESIAN_POINT('Ctrl Pts',(0.104494640219399,-0.751817969425236,
0.003));
#6580=CARTESIAN_POINT('Ctrl Pts',(0.105007900629328,-0.752777327094305,
0.003));
#6581=CARTESIAN_POINT('Ctrl Pts',(0.105010664175455,-0.7527825155365,0.003));
#6582=CARTESIAN_POINT('',(0.104458121027274,-0.751284485863515,0.));
#6583=CARTESIAN_POINT('Ctrl Pts',(0.105427146690491,-0.749791176498168,
0.));
#6584=CARTESIAN_POINT('Ctrl Pts',(0.104390680561204,-0.75024792357778,0.));
#6585=CARTESIAN_POINT('Ctrl Pts',(0.104458121027274,-0.751284485863515,
0.));
#6586=CARTESIAN_POINT('Ctrl Pts',(0.105427146690491,-0.749791176498168,
0.003));
#6587=CARTESIAN_POINT('Ctrl Pts',(0.104390680561204,-0.75024792357778,0.003));
#6588=CARTESIAN_POINT('Ctrl Pts',(0.104458121027274,-0.751284485863515,
0.003));
#6589=CARTESIAN_POINT('',(0.105427146690491,-0.749791176498168,0.));
#6590=CARTESIAN_POINT('Origin',(0.105953422776144,-0.751068737316264,0.));
#6591=CARTESIAN_POINT('',(0.105427146690491,-0.749791176498168,0.003));
#6592=CARTESIAN_POINT('Origin',(0.105953422776144,-0.751068737316264,0.003));
#6593=CARTESIAN_POINT('',(0.105427146690491,-0.749791176498168,0.));
#6594=CARTESIAN_POINT('Origin',(0.122574037231086,-0.741842089554015,0.));
#6595=CARTESIAN_POINT('',(0.122615487082861,-0.7418328888995,0.));
#6596=CARTESIAN_POINT('',(0.122574037231086,-0.741842089554015,0.));
#6597=CARTESIAN_POINT('',(0.122615487082861,-0.7418328888995,0.003));
#6598=CARTESIAN_POINT('',(0.122574037231086,-0.741842089554015,0.003));
#6599=CARTESIAN_POINT('',(0.122653302769713,-0.7418242770728,0.));
#6600=CARTESIAN_POINT('Ctrl Pts',(0.125666755893412,-0.741133152800427,
0.));
#6601=CARTESIAN_POINT('Ctrl Pts',(0.124044946004603,-0.741133090424872,
0.));
#6602=CARTESIAN_POINT('Ctrl Pts',(0.122653302769713,-0.7418242770728,0.));
#6603=CARTESIAN_POINT('Ctrl Pts',(0.125666755893412,-0.741133152800427,
0.003));
#6604=CARTESIAN_POINT('Ctrl Pts',(0.124044946004603,-0.741133090424872,
0.003));
#6605=CARTESIAN_POINT('Ctrl Pts',(0.122653302769713,-0.7418242770728,0.003));
#6606=CARTESIAN_POINT('',(0.125666755893412,-0.741133152800427,0.));
#6607=CARTESIAN_POINT('Origin',(0.126841147462051,-0.74953079484477,0.));
#6608=CARTESIAN_POINT('',(0.125666755893412,-0.741133152800427,0.003));
#6609=CARTESIAN_POINT('Origin',(0.126841147462051,-0.74953079484477,0.003));
#6610=CARTESIAN_POINT('',(0.125666755893412,-0.741133152800427,0.));
#6611=CARTESIAN_POINT('Ctrl Pts',(0.13255838682382,-0.746939754499966,0.));
#6612=CARTESIAN_POINT('Ctrl Pts',(0.131347473595716,-0.741107122939447,
0.));
#6613=CARTESIAN_POINT('Ctrl Pts',(0.125666755893412,-0.741133152800427,
0.));
#6614=CARTESIAN_POINT('Ctrl Pts',(0.13255838682382,-0.746939754499966,0.003));
#6615=CARTESIAN_POINT('Ctrl Pts',(0.131347473595716,-0.741107122939447,
0.003));
#6616=CARTESIAN_POINT('Ctrl Pts',(0.125666755893412,-0.741133152800427,
0.003));
#6617=CARTESIAN_POINT('',(0.13255838682382,-0.746939754499966,0.));
#6618=CARTESIAN_POINT('Origin',(0.125719067005171,-0.748484387145716,0.));
#6619=CARTESIAN_POINT('',(0.13255838682382,-0.746939754499966,0.003));
#6620=CARTESIAN_POINT('Origin',(0.125719067005171,-0.748484387145716,0.003));
#6621=CARTESIAN_POINT('',(0.13255838682382,-0.746939754499966,0.));
#6622=CARTESIAN_POINT('Ctrl Pts',(0.13255838682382,-0.746939754499966,0.));
#6623=CARTESIAN_POINT('Ctrl Pts',(0.13282655250023,-0.748258934768702,0.));
#6624=CARTESIAN_POINT('Ctrl Pts',(0.134180800993991,-0.748255473427325,
0.));
#6625=CARTESIAN_POINT('Ctrl Pts',(0.13255838682382,-0.746939754499966,0.003));
#6626=CARTESIAN_POINT('Ctrl Pts',(0.13282655250023,-0.748258934768702,0.003));
#6627=CARTESIAN_POINT('Ctrl Pts',(0.134180800993991,-0.748255473427325,
0.003));
#6628=CARTESIAN_POINT('',(0.134180800993991,-0.748255473427325,0.));
#6629=CARTESIAN_POINT('Origin',(0.134172504103839,-0.746619822568702,0.));
#6630=CARTESIAN_POINT('',(0.134180800993991,-0.748255473427325,0.003));
#6631=CARTESIAN_POINT('Origin',(0.134172504103839,-0.746619822568702,0.003));
#6632=CARTESIAN_POINT('',(0.134180800993991,-0.748255473427325,0.));
#6633=CARTESIAN_POINT('Ctrl Pts',(0.134978532937526,-0.748050629892939,
0.));
#6634=CARTESIAN_POINT('Ctrl Pts',(0.134978532937526,-0.748050629892939,
0.003));
#6635=CARTESIAN_POINT('Ctrl Pts',(0.134754095985275,-0.748153052478547,
0.));
#6636=CARTESIAN_POINT('Ctrl Pts',(0.134754095985275,-0.748153052478547,
0.003));
#6637=CARTESIAN_POINT('Ctrl Pts',(0.134443268572287,-0.748255475379069,
0.));
#6638=CARTESIAN_POINT('Ctrl Pts',(0.134443268572287,-0.748255475379069,
0.003));
#6639=CARTESIAN_POINT('Ctrl Pts',(0.134180800993991,-0.748255473427325,
0.));
#6640=CARTESIAN_POINT('Ctrl Pts',(0.134180800993991,-0.748255473427325,
0.003));
#6641=CARTESIAN_POINT('',(0.134978532937526,-0.748050629892939,0.));
#6642=CARTESIAN_POINT('Ctrl Pts',(0.134978532937526,-0.748050629892939,
0.));
#6643=CARTESIAN_POINT('Ctrl Pts',(0.134754095985275,-0.748153052478547,
0.));
#6644=CARTESIAN_POINT('Ctrl Pts',(0.134443268572287,-0.748255475379069,
0.));
#6645=CARTESIAN_POINT('Ctrl Pts',(0.134180800993991,-0.748255473427325,
0.));
#6646=CARTESIAN_POINT('',(0.134978532937526,-0.748050629892939,0.003));
#6647=CARTESIAN_POINT('Ctrl Pts',(0.134978532937526,-0.748050629892939,
0.003));
#6648=CARTESIAN_POINT('Ctrl Pts',(0.134754095985275,-0.748153052478547,
0.003));
#6649=CARTESIAN_POINT('Ctrl Pts',(0.134443268572287,-0.748255475379069,
0.003));
#6650=CARTESIAN_POINT('Ctrl Pts',(0.134180800993991,-0.748255473427325,
0.003));
#6651=CARTESIAN_POINT('',(0.134978532937526,-0.748050629892939,0.));
#6652=CARTESIAN_POINT('Origin',(0.148265191745522,-0.741813233334416,0.));
#6653=CARTESIAN_POINT('',(0.148265191745522,-0.741813233334416,0.));
#6654=CARTESIAN_POINT('',(0.148265191745522,-0.741813233334416,0.));
#6655=CARTESIAN_POINT('',(0.148265191745522,-0.741813233334416,0.003));
#6656=CARTESIAN_POINT('',(0.148265191745522,-0.741813233334416,0.003));
#6657=CARTESIAN_POINT('',(0.148265191745522,-0.741813233334416,0.));
#6658=CARTESIAN_POINT('Ctrl Pts',(0.151273123000264,-0.741132796550748,
0.));
#6659=CARTESIAN_POINT('Ctrl Pts',(0.149673085044711,-0.741132703096316,
0.));
#6660=CARTESIAN_POINT('Ctrl Pts',(0.148265191745522,-0.741813233334416,
0.));
#6661=CARTESIAN_POINT('Ctrl Pts',(0.151273123000264,-0.741132796550748,
0.003));
#6662=CARTESIAN_POINT('Ctrl Pts',(0.149673085044711,-0.741132703096316,
0.003));
#6663=CARTESIAN_POINT('Ctrl Pts',(0.148265191745522,-0.741813233334416,
0.003));
#6664=CARTESIAN_POINT('',(0.151273123000264,-0.741132796550748,0.));
#6665=CARTESIAN_POINT('Origin',(0.152040079230393,-0.74951717942451,0.));
#6666=CARTESIAN_POINT('',(0.151273123000264,-0.741132796550748,0.003));
#6667=CARTESIAN_POINT('Origin',(0.152040079230393,-0.74951717942451,0.003));
#6668=CARTESIAN_POINT('',(0.151273123000264,-0.741132796550748,0.));
#6669=CARTESIAN_POINT('Ctrl Pts',(0.158159917842117,-0.746900032666822,
0.));
#6670=CARTESIAN_POINT('Ctrl Pts',(0.156958081622663,-0.741106618759377,
0.));
#6671=CARTESIAN_POINT('Ctrl Pts',(0.151273123000264,-0.741132796550748,
0.));
#6672=CARTESIAN_POINT('Ctrl Pts',(0.158159917842117,-0.746900032666822,
0.003));
#6673=CARTESIAN_POINT('Ctrl Pts',(0.156958081622663,-0.741106618759377,
0.003));
#6674=CARTESIAN_POINT('Ctrl Pts',(0.151273123000264,-0.741132796550748,
0.003));
#6675=CARTESIAN_POINT('',(0.158159917842117,-0.746900032666822,0.));
#6676=CARTESIAN_POINT('Origin',(0.151444957292574,-0.748263267563981,0.));
#6677=CARTESIAN_POINT('',(0.158159917842117,-0.746900032666822,0.003));
#6678=CARTESIAN_POINT('Origin',(0.151444957292574,-0.748263267563981,0.003));
#6679=CARTESIAN_POINT('',(0.158159917842117,-0.746900032666822,0.));
#6680=CARTESIAN_POINT('Ctrl Pts',(0.158159917842117,-0.746900032666822,
0.));
#6681=CARTESIAN_POINT('Ctrl Pts',(0.158426887979544,-0.748260566853646,
0.));
#6682=CARTESIAN_POINT('Ctrl Pts',(0.159787168100843,-0.748255117177764,
0.));
#6683=CARTESIAN_POINT('Ctrl Pts',(0.158159917842117,-0.746900032666822,
0.003));
#6684=CARTESIAN_POINT('Ctrl Pts',(0.158426887979544,-0.748260566853646,
0.003));
#6685=CARTESIAN_POINT('Ctrl Pts',(0.159787168100843,-0.748255117177764,
0.003));
#6686=CARTESIAN_POINT('',(0.159787168100843,-0.748255117177764,0.));
#6687=CARTESIAN_POINT('Origin',(0.159640735305619,-0.746743983374425,0.));
#6688=CARTESIAN_POINT('',(0.159787168100843,-0.748255117177764,0.003));
#6689=CARTESIAN_POINT('Origin',(0.159640735305619,-0.746743983374425,0.003));
#6690=CARTESIAN_POINT('',(0.159787168100843,-0.748255117177764,0.));
#6691=CARTESIAN_POINT('Ctrl Pts',(0.16058071411142,-0.748050273643378,0.));
#6692=CARTESIAN_POINT('Ctrl Pts',(0.16058071411142,-0.748050273643378,0.003));
#6693=CARTESIAN_POINT('Ctrl Pts',(0.16036037365847,-0.748152695415238,0.));
#6694=CARTESIAN_POINT('Ctrl Pts',(0.16036037365847,-0.748152695415238,0.003));
#6695=CARTESIAN_POINT('Ctrl Pts',(0.160053731807045,-0.748255117188883,
0.));
#6696=CARTESIAN_POINT('Ctrl Pts',(0.160053731807045,-0.748255117188883,
0.003));
#6697=CARTESIAN_POINT('Ctrl Pts',(0.159787168100843,-0.748255117177764,
0.));
#6698=CARTESIAN_POINT('Ctrl Pts',(0.159787168100843,-0.748255117177764,
0.003));
#6699=CARTESIAN_POINT('',(0.16058071411142,-0.748050273643378,0.));
#6700=CARTESIAN_POINT('Ctrl Pts',(0.16058071411142,-0.748050273643378,0.));
#6701=CARTESIAN_POINT('Ctrl Pts',(0.16036037365847,-0.748152695415238,0.));
#6702=CARTESIAN_POINT('Ctrl Pts',(0.160053731807045,-0.748255117188883,
0.));
#6703=CARTESIAN_POINT('Ctrl Pts',(0.159787168100843,-0.748255117177764,
0.));
#6704=CARTESIAN_POINT('',(0.16058071411142,-0.748050273643378,0.003));
#6705=CARTESIAN_POINT('Ctrl Pts',(0.16058071411142,-0.748050273643378,0.003));
#6706=CARTESIAN_POINT('Ctrl Pts',(0.16036037365847,-0.748152695415238,0.003));
#6707=CARTESIAN_POINT('Ctrl Pts',(0.160053731807045,-0.748255117188883,
0.003));
#6708=CARTESIAN_POINT('Ctrl Pts',(0.159787168100843,-0.748255117177764,
0.003));
#6709=CARTESIAN_POINT('',(0.16058071411142,-0.748050273643378,0.));
#6710=CARTESIAN_POINT('Origin',(0.17389155336184,-0.741812698960016,0.));
#6711=CARTESIAN_POINT('',(0.17389155336184,-0.741812698960016,0.));
#6712=CARTESIAN_POINT('',(0.17389155336184,-0.741812698960016,0.));
#6713=CARTESIAN_POINT('',(0.17389155336184,-0.741812698960016,0.003));
#6714=CARTESIAN_POINT('',(0.17389155336184,-0.741812698960016,0.003));
#6715=CARTESIAN_POINT('',(0.17389155336184,-0.741812698960016,0.));
#6716=CARTESIAN_POINT('Ctrl Pts',(0.176889117752869,-0.741132262176348,
0.));
#6717=CARTESIAN_POINT('Ctrl Pts',(0.17529932650295,-0.741132200464742,0.));
#6718=CARTESIAN_POINT('Ctrl Pts',(0.17389155336184,-0.741812698960016,0.));
#6719=CARTESIAN_POINT('Ctrl Pts',(0.176889117752869,-0.741132262176348,
0.003));
#6720=CARTESIAN_POINT('Ctrl Pts',(0.17529932650295,-0.741132200464742,0.003));
#6721=CARTESIAN_POINT('Ctrl Pts',(0.17389155336184,-0.741812698960016,0.003));
#6722=CARTESIAN_POINT('',(0.176889117752869,-0.741132262176348,0.));
#6723=CARTESIAN_POINT('Origin',(0.179124656282433,-0.755434992879986,0.));
#6724=CARTESIAN_POINT('',(0.176889117752869,-0.741132262176348,0.003));
#6725=CARTESIAN_POINT('Origin',(0.179124656282433,-0.755434992879986,0.003));
#6726=CARTESIAN_POINT('',(0.176889117752869,-0.741132262176348,0.));
#6727=CARTESIAN_POINT('Ctrl Pts',(0.183871227178456,-0.748118584508921,
0.));
#6728=CARTESIAN_POINT('Ctrl Pts',(0.183871227178456,-0.748118584508921,
0.003));
#6729=CARTESIAN_POINT('Ctrl Pts',(0.183871227050747,-0.744256215137625,
0.));
#6730=CARTESIAN_POINT('Ctrl Pts',(0.183871227050747,-0.744256215137625,
0.003));
#6731=CARTESIAN_POINT('Ctrl Pts',(0.180744504316243,-0.741132262222982,
0.));
#6732=CARTESIAN_POINT('Ctrl Pts',(0.180744504316243,-0.741132262222982,
0.003));
#6733=CARTESIAN_POINT('Ctrl Pts',(0.176889117752869,-0.741132262176348,
0.));
#6734=CARTESIAN_POINT('Ctrl Pts',(0.176889117752869,-0.741132262176348,
0.003));
#6735=CARTESIAN_POINT('',(0.183871227178456,-0.748118584508921,0.));
#6736=CARTESIAN_POINT('Ctrl Pts',(0.183871227178456,-0.748118584508921,
0.));
#6737=CARTESIAN_POINT('Ctrl Pts',(0.183871227050747,-0.744256215137625,
0.));
#6738=CARTESIAN_POINT('Ctrl Pts',(0.180744504316243,-0.741132262222982,
0.));
#6739=CARTESIAN_POINT('Ctrl Pts',(0.176889117752869,-0.741132262176348,
0.));
#6740=CARTESIAN_POINT('',(0.183871227178456,-0.748118584508921,0.003));
#6741=CARTESIAN_POINT('Ctrl Pts',(0.183871227178456,-0.748118584508921,
0.003));
#6742=CARTESIAN_POINT('Ctrl Pts',(0.183871227050747,-0.744256215137625,
0.003));
#6743=CARTESIAN_POINT('Ctrl Pts',(0.180744504316243,-0.741132262222982,
0.003));
#6744=CARTESIAN_POINT('Ctrl Pts',(0.176889117752869,-0.741132262176348,
0.003));
#6745=CARTESIAN_POINT('',(0.183871227178456,-0.748118584508921,0.));
#6746=CARTESIAN_POINT('Ctrl Pts',(0.183516224440139,-0.750316288445338,
0.));
#6747=CARTESIAN_POINT('Ctrl Pts',(0.183516224440139,-0.750316288445338,
0.003));
#6748=CARTESIAN_POINT('Ctrl Pts',(0.183715096294881,-0.749659897171857,
0.));
#6749=CARTESIAN_POINT('Ctrl Pts',(0.183715096294881,-0.749659897171857,
0.003));
#6750=CARTESIAN_POINT('Ctrl Pts',(0.183871217083362,-0.748827875121219,
0.));
#6751=CARTESIAN_POINT('Ctrl Pts',(0.183871217083362,-0.748827875121219,
0.003));
#6752=CARTESIAN_POINT('Ctrl Pts',(0.183871227178456,-0.748118584508921,
0.));
#6753=CARTESIAN_POINT('Ctrl Pts',(0.183871227178456,-0.748118584508921,
0.003));
#6754=CARTESIAN_POINT('',(0.183516224440139,-0.750316288445338,0.));
#6755=CARTESIAN_POINT('Ctrl Pts',(0.183516224440139,-0.750316288445338,
0.));
#6756=CARTESIAN_POINT('Ctrl Pts',(0.183715096294881,-0.749659897171857,
0.));
#6757=CARTESIAN_POINT('Ctrl Pts',(0.183871217083362,-0.748827875121219,
0.));
#6758=CARTESIAN_POINT('Ctrl Pts',(0.183871227178456,-0.748118584508921,
0.));
#6759=CARTESIAN_POINT('',(0.183516224440139,-0.750316288445338,0.003));
#6760=CARTESIAN_POINT('Ctrl Pts',(0.183516224440139,-0.750316288445338,
0.003));
#6761=CARTESIAN_POINT('Ctrl Pts',(0.183715096294881,-0.749659897171857,
0.003));
#6762=CARTESIAN_POINT('Ctrl Pts',(0.183871217083362,-0.748827875121219,
0.003));
#6763=CARTESIAN_POINT('Ctrl Pts',(0.183871227178456,-0.748118584508921,
0.003));
#6764=CARTESIAN_POINT('',(0.183516224440139,-0.750316288445338,0.));
#6765=CARTESIAN_POINT('Origin',(0.17708114519986,-0.772597743113512,0.));
#6766=CARTESIAN_POINT('',(0.17708114519986,-0.772597743113512,0.));
#6767=CARTESIAN_POINT('',(0.17708114519986,-0.772597743113512,0.));
#6768=CARTESIAN_POINT('',(0.17708114519986,-0.772597743113512,0.003));
#6769=CARTESIAN_POINT('',(0.17708114519986,-0.772597743113512,0.003));
#6770=CARTESIAN_POINT('',(0.17708114519986,-0.772597743113512,0.));
#6771=CARTESIAN_POINT('Ctrl Pts',(0.176965096888819,-0.773466992198409,
0.));
#6772=CARTESIAN_POINT('Ctrl Pts',(0.176965096888819,-0.773466992198409,
0.003));
#6773=CARTESIAN_POINT('Ctrl Pts',(0.176965096420947,-0.773170414385622,
0.));
#6774=CARTESIAN_POINT('Ctrl Pts',(0.176965096420947,-0.773170414385622,
0.003));
#6775=CARTESIAN_POINT('Ctrl Pts',(0.177005174098554,-0.772869383398818,
0.));
#6776=CARTESIAN_POINT('Ctrl Pts',(0.177005174098554,-0.772869383398818,
0.003));
#6777=CARTESIAN_POINT('Ctrl Pts',(0.17708114519986,-0.772597743113512,0.));
#6778=CARTESIAN_POINT('Ctrl Pts',(0.17708114519986,-0.772597743113512,0.003));
#6779=CARTESIAN_POINT('',(0.176965096888819,-0.773466992198409,0.));
#6780=CARTESIAN_POINT('Ctrl Pts',(0.176965096888819,-0.773466992198409,
0.));
#6781=CARTESIAN_POINT('Ctrl Pts',(0.176965096420947,-0.773170414385622,
0.));
#6782=CARTESIAN_POINT('Ctrl Pts',(0.177005174098554,-0.772869383398818,
0.));
#6783=CARTESIAN_POINT('Ctrl Pts',(0.17708114519986,-0.772597743113512,0.));
#6784=CARTESIAN_POINT('',(0.176965096888819,-0.773466992198409,0.003));
#6785=CARTESIAN_POINT('Ctrl Pts',(0.176965096888819,-0.773466992198409,
0.003));
#6786=CARTESIAN_POINT('Ctrl Pts',(0.176965096420947,-0.773170414385622,
0.003));
#6787=CARTESIAN_POINT('Ctrl Pts',(0.177005174098554,-0.772869383398818,
0.003));
#6788=CARTESIAN_POINT('Ctrl Pts',(0.17708114519986,-0.772597743113512,0.003));
#6789=CARTESIAN_POINT('',(0.176965096888819,-0.773466992198409,0.));
#6790=CARTESIAN_POINT('Ctrl Pts',(0.176965096888819,-0.773466992198409,
0.));
#6791=CARTESIAN_POINT('Ctrl Pts',(0.176960903995103,-0.774823523562738,
0.));
#6792=CARTESIAN_POINT('Ctrl Pts',(0.177927906034629,-0.775792787020298,
0.));
#6793=CARTESIAN_POINT('Ctrl Pts',(0.178894908074154,-0.776762050477859,
0.));
#6794=CARTESIAN_POINT('Ctrl Pts',(0.180247580225078,-0.776757151906291,
0.));
#6795=CARTESIAN_POINT('Ctrl Pts',(0.176965096888819,-0.773466992198409,
0.003));
#6796=CARTESIAN_POINT('Ctrl Pts',(0.176960903995103,-0.774823523562738,
0.003));
#6797=CARTESIAN_POINT('Ctrl Pts',(0.177927906034629,-0.775792787020298,
0.003));
#6798=CARTESIAN_POINT('Ctrl Pts',(0.178894908074154,-0.776762050477859,
0.003));
#6799=CARTESIAN_POINT('Ctrl Pts',(0.180247580225078,-0.776757151906291,
0.003));
#6800=CARTESIAN_POINT('',(0.180247580225078,-0.776757151906291,0.));
#6801=CARTESIAN_POINT('Origin',(0.18016878672248,-0.773544367353753,0.));
#6802=CARTESIAN_POINT('',(0.180247580225078,-0.776757151906291,0.003));
#6803=CARTESIAN_POINT('Origin',(0.18016878672248,-0.773544367353753,0.003));
#6804=CARTESIAN_POINT('',(0.180247580225078,-0.776757151906291,0.));
#6805=CARTESIAN_POINT('Origin',(0.191816521044667,-0.776765361693673,0.));
#6806=CARTESIAN_POINT('',(0.191816521044667,-0.776765361693673,0.));
#6807=CARTESIAN_POINT('',(0.191816521044667,-0.776765361693673,0.));
#6808=CARTESIAN_POINT('',(0.191816521044667,-0.776765361693673,0.003));
#6809=CARTESIAN_POINT('',(0.191816521044667,-0.776765361693673,0.003));
#6810=CARTESIAN_POINT('',(0.191816521044667,-0.776765361693673,0.));
#6811=CARTESIAN_POINT('Ctrl Pts',(0.191816521044667,-0.776765361693673,
0.));
#6812=CARTESIAN_POINT('Ctrl Pts',(0.192816132632136,-0.776769904426373,
0.));
#6813=CARTESIAN_POINT('Ctrl Pts',(0.19327724139962,-0.775878517750018,0.));
#6814=CARTESIAN_POINT('Ctrl Pts',(0.193738350167105,-0.774987131073664,
0.));
#6815=CARTESIAN_POINT('Ctrl Pts',(0.193154682378429,-0.774178511761856,
0.));
#6816=CARTESIAN_POINT('Ctrl Pts',(0.191816521044667,-0.776765361693673,
0.003));
#6817=CARTESIAN_POINT('Ctrl Pts',(0.192816132632136,-0.776769904426373,
0.003));
#6818=CARTESIAN_POINT('Ctrl Pts',(0.19327724139962,-0.775878517750018,0.003));
#6819=CARTESIAN_POINT('Ctrl Pts',(0.193738350167105,-0.774987131073664,
0.003));
#6820=CARTESIAN_POINT('Ctrl Pts',(0.193154682378429,-0.774178511761856,
0.003));
#6821=CARTESIAN_POINT('',(0.193154682378429,-0.774178511761856,0.));
#6822=CARTESIAN_POINT('Origin',(0.191835207279438,-0.775137898355183,0.));
#6823=CARTESIAN_POINT('',(0.193154682378429,-0.774178511761856,0.003));
#6824=CARTESIAN_POINT('Origin',(0.191835207279438,-0.775137898355183,0.003));
#6825=CARTESIAN_POINT('',(0.193154682378429,-0.774178511761856,0.));
#6826=CARTESIAN_POINT('Ctrl Pts',(0.191861033162593,-0.769845180386273,
0.));
#6827=CARTESIAN_POINT('Ctrl Pts',(0.191861033162593,-0.769845180386273,
0.003));
#6828=CARTESIAN_POINT('Ctrl Pts',(0.191802386888355,-0.770400800730692,
0.));
#6829=CARTESIAN_POINT('Ctrl Pts',(0.191802386888355,-0.770400800730692,
0.003));
#6830=CARTESIAN_POINT('Ctrl Pts',(0.191842684936307,-0.770958807899203,
0.));
#6831=CARTESIAN_POINT('Ctrl Pts',(0.191842684936307,-0.770958807899203,
0.003));
#6832=CARTESIAN_POINT('Ctrl Pts',(0.192059220571394,-0.77197846455061,0.));
#6833=CARTESIAN_POINT('Ctrl Pts',(0.192059220571394,-0.77197846455061,0.003));
#6834=CARTESIAN_POINT('Ctrl Pts',(0.19221676011751,-0.772443018635946,0.));
#6835=CARTESIAN_POINT('Ctrl Pts',(0.19221676011751,-0.772443018635946,0.003));
#6836=CARTESIAN_POINT('Ctrl Pts',(0.19255914617742,-0.773209062562809,0.));
#6837=CARTESIAN_POINT('Ctrl Pts',(0.19255914617742,-0.773209062562809,0.003));
#6838=CARTESIAN_POINT('Ctrl Pts',(0.192729550741003,-0.773529382373461,
0.));
#6839=CARTESIAN_POINT('Ctrl Pts',(0.192729550741003,-0.773529382373461,
0.003));
#6840=CARTESIAN_POINT('Ctrl Pts',(0.192970320002138,-0.773913433493108,
0.));
#6841=CARTESIAN_POINT('Ctrl Pts',(0.192970320002138,-0.773913433493108,
0.003));
#6842=CARTESIAN_POINT('Ctrl Pts',(0.193028862847532,-0.774002456751915,
0.));
#6843=CARTESIAN_POINT('Ctrl Pts',(0.193028862847532,-0.774002456751915,
0.003));
#6844=CARTESIAN_POINT('Ctrl Pts',(0.193103154866716,-0.774108265787785,
0.));
#6845=CARTESIAN_POINT('Ctrl Pts',(0.193103154866716,-0.774108265787785,
0.003));
#6846=CARTESIAN_POINT('Ctrl Pts',(0.193120073792337,-0.774131917862005,
0.));
#6847=CARTESIAN_POINT('Ctrl Pts',(0.193120073792337,-0.774131917862005,
0.003));
#6848=CARTESIAN_POINT('Ctrl Pts',(0.193140692255406,-0.77415990466797,0.));
#6849=CARTESIAN_POINT('Ctrl Pts',(0.193140692255406,-0.77415990466797,0.003));
#6850=CARTESIAN_POINT('Ctrl Pts',(0.1931452950627,-0.774166100551138,0.));
#6851=CARTESIAN_POINT('Ctrl Pts',(0.1931452950627,-0.774166100551138,0.003));
#6852=CARTESIAN_POINT('Ctrl Pts',(0.19315115994266,-0.774173886101191,0.));
#6853=CARTESIAN_POINT('Ctrl Pts',(0.19315115994266,-0.774173886101191,0.003));
#6854=CARTESIAN_POINT('Ctrl Pts',(0.193154682378429,-0.774178511761856,
0.));
#6855=CARTESIAN_POINT('Ctrl Pts',(0.193154682378429,-0.774178511761856,
0.003));
#6856=CARTESIAN_POINT('',(0.191861033162593,-0.769845180386273,0.));
#6857=CARTESIAN_POINT('Ctrl Pts',(0.191861033162593,-0.769845180386273,
0.));
#6858=CARTESIAN_POINT('Ctrl Pts',(0.191802386888355,-0.770400800730692,
0.));
#6859=CARTESIAN_POINT('Ctrl Pts',(0.191842684936307,-0.770958807899203,
0.));
#6860=CARTESIAN_POINT('Ctrl Pts',(0.192059220571394,-0.77197846455061,0.));
#6861=CARTESIAN_POINT('Ctrl Pts',(0.19221676011751,-0.772443018635946,0.));
#6862=CARTESIAN_POINT('Ctrl Pts',(0.19255914617742,-0.773209062562809,0.));
#6863=CARTESIAN_POINT('Ctrl Pts',(0.192729550741003,-0.773529382373461,
0.));
#6864=CARTESIAN_POINT('Ctrl Pts',(0.192970320002138,-0.773913433493108,
0.));
#6865=CARTESIAN_POINT('Ctrl Pts',(0.193028862847532,-0.774002456751915,
0.));
#6866=CARTESIAN_POINT('Ctrl Pts',(0.193103154866716,-0.774108265787785,
0.));
#6867=CARTESIAN_POINT('Ctrl Pts',(0.193120073792337,-0.774131917862005,
0.));
#6868=CARTESIAN_POINT('Ctrl Pts',(0.193140692255406,-0.77415990466797,0.));
#6869=CARTESIAN_POINT('Ctrl Pts',(0.1931452950627,-0.774166100551138,0.));
#6870=CARTESIAN_POINT('Ctrl Pts',(0.19315115994266,-0.774173886101191,0.));
#6871=CARTESIAN_POINT('Ctrl Pts',(0.193154682378429,-0.774178511761856,
0.));
#6872=CARTESIAN_POINT('',(0.191861033162593,-0.769845180386273,0.003));
#6873=CARTESIAN_POINT('Ctrl Pts',(0.191861033162593,-0.769845180386273,
0.003));
#6874=CARTESIAN_POINT('Ctrl Pts',(0.191802386888355,-0.770400800730692,
0.003));
#6875=CARTESIAN_POINT('Ctrl Pts',(0.191842684936307,-0.770958807899203,
0.003));
#6876=CARTESIAN_POINT('Ctrl Pts',(0.192059220571394,-0.77197846455061,0.003));
#6877=CARTESIAN_POINT('Ctrl Pts',(0.19221676011751,-0.772443018635946,0.003));
#6878=CARTESIAN_POINT('Ctrl Pts',(0.19255914617742,-0.773209062562809,0.003));
#6879=CARTESIAN_POINT('Ctrl Pts',(0.192729550741003,-0.773529382373461,
0.003));
#6880=CARTESIAN_POINT('Ctrl Pts',(0.192970320002138,-0.773913433493108,
0.003));
#6881=CARTESIAN_POINT('Ctrl Pts',(0.193028862847532,-0.774002456751915,
0.003));
#6882=CARTESIAN_POINT('Ctrl Pts',(0.193103154866716,-0.774108265787785,
0.003));
#6883=CARTESIAN_POINT('Ctrl Pts',(0.193120073792337,-0.774131917862005,
0.003));
#6884=CARTESIAN_POINT('Ctrl Pts',(0.193140692255406,-0.77415990466797,0.003));
#6885=CARTESIAN_POINT('Ctrl Pts',(0.1931452950627,-0.774166100551138,0.003));
#6886=CARTESIAN_POINT('Ctrl Pts',(0.19315115994266,-0.774173886101191,0.003));
#6887=CARTESIAN_POINT('Ctrl Pts',(0.193154682378429,-0.774178511761856,
0.003));
#6888=CARTESIAN_POINT('',(0.191861033162593,-0.769845180386273,0.));
#6889=CARTESIAN_POINT('Ctrl Pts',(0.192087607915837,-0.768083258803636,
0.));
#6890=CARTESIAN_POINT('Ctrl Pts',(0.192087607915837,-0.768083258803636,
0.003));
#6891=CARTESIAN_POINT('Ctrl Pts',(0.191941193303886,-0.768651477998655,
0.));
#6892=CARTESIAN_POINT('Ctrl Pts',(0.191941193303886,-0.768651477998655,
0.003));
#6893=CARTESIAN_POINT('Ctrl Pts',(0.191925967812486,-0.769238043114733,
0.));
#6894=CARTESIAN_POINT('Ctrl Pts',(0.191925967812486,-0.769238043114733,
0.003));
#6895=CARTESIAN_POINT('Ctrl Pts',(0.191861033162593,-0.769845180386273,
0.));
#6896=CARTESIAN_POINT('Ctrl Pts',(0.191861033162593,-0.769845180386273,
0.003));
#6897=CARTESIAN_POINT('',(0.192087607915837,-0.768083258803636,0.));
#6898=CARTESIAN_POINT('Ctrl Pts',(0.192087607915837,-0.768083258803636,
0.));
#6899=CARTESIAN_POINT('Ctrl Pts',(0.191941193303886,-0.768651477998655,
0.));
#6900=CARTESIAN_POINT('Ctrl Pts',(0.191925967812486,-0.769238043114733,
0.));
#6901=CARTESIAN_POINT('Ctrl Pts',(0.191861033162593,-0.769845180386273,
0.));
#6902=CARTESIAN_POINT('',(0.192087607915837,-0.768083258803636,0.003));
#6903=CARTESIAN_POINT('Ctrl Pts',(0.192087607915837,-0.768083258803636,
0.003));
#6904=CARTESIAN_POINT('Ctrl Pts',(0.191941193303886,-0.768651477998655,
0.003));
#6905=CARTESIAN_POINT('Ctrl Pts',(0.191925967812486,-0.769238043114733,
0.003));
#6906=CARTESIAN_POINT('Ctrl Pts',(0.191861033162593,-0.769845180386273,
0.003));
#6907=CARTESIAN_POINT('',(0.192087607915837,-0.768083258803636,0.));
#6908=CARTESIAN_POINT('Origin',(0.195751679705695,-0.755269672293145,0.));
#6909=CARTESIAN_POINT('',(0.195751679705695,-0.755269672293145,0.));
#6910=CARTESIAN_POINT('',(0.195751679705695,-0.755269672293145,0.));
#6911=CARTESIAN_POINT('',(0.195751679705695,-0.755269672293145,0.003));
#6912=CARTESIAN_POINT('',(0.195751679705695,-0.755269672293145,0.003));
#6913=CARTESIAN_POINT('',(0.195751679705695,-0.755269672293145,0.));
#6914=CARTESIAN_POINT('Ctrl Pts',(0.196392661820015,-0.752739053082255,
0.));
#6915=CARTESIAN_POINT('Ctrl Pts',(0.196392661820015,-0.752739053082255,
0.003));
#6916=CARTESIAN_POINT('Ctrl Pts',(0.196392662324441,-0.752914506022506,
0.));
#6917=CARTESIAN_POINT('Ctrl Pts',(0.196392662324441,-0.752914506022506,
0.003));
#6918=CARTESIAN_POINT('Ctrl Pts',(0.195753232039615,-0.755264000759922,
0.));
#6919=CARTESIAN_POINT('Ctrl Pts',(0.195753232039615,-0.755264000759922,
0.003));
#6920=CARTESIAN_POINT('Ctrl Pts',(0.195751679705695,-0.755269672293145,
0.));
#6921=CARTESIAN_POINT('Ctrl Pts',(0.195751679705695,-0.755269672293145,
0.003));
#6922=CARTESIAN_POINT('',(0.196392661820015,-0.752739053082255,0.));
#6923=CARTESIAN_POINT('Ctrl Pts',(0.196392661820015,-0.752739053082255,
0.));
#6924=CARTESIAN_POINT('Ctrl Pts',(0.196392662324441,-0.752914506022506,
0.));
#6925=CARTESIAN_POINT('Ctrl Pts',(0.195753232039615,-0.755264000759922,
0.));
#6926=CARTESIAN_POINT('Ctrl Pts',(0.195751679705695,-0.755269672293145,
0.));
#6927=CARTESIAN_POINT('',(0.196392661820015,-0.752739053082255,0.003));
#6928=CARTESIAN_POINT('Ctrl Pts',(0.196392661820015,-0.752739053082255,
0.003));
#6929=CARTESIAN_POINT('Ctrl Pts',(0.196392662324441,-0.752914506022506,
0.003));
#6930=CARTESIAN_POINT('Ctrl Pts',(0.195753232039615,-0.755264000759922,
0.003));
#6931=CARTESIAN_POINT('Ctrl Pts',(0.195751679705695,-0.755269672293145,
0.003));
#6932=CARTESIAN_POINT('',(0.196392661820015,-0.752739053082255,0.));
#6933=CARTESIAN_POINT('Ctrl Pts',(0.19474745658086,-0.751088993881834,0.));
#6934=CARTESIAN_POINT('Ctrl Pts',(0.19474745658086,-0.751088993881834,0.003));
#6935=CARTESIAN_POINT('Ctrl Pts',(0.195650869689123,-0.750996366906256,
0.));
#6936=CARTESIAN_POINT('Ctrl Pts',(0.195650869689123,-0.750996366906256,
0.003));
#6937=CARTESIAN_POINT('Ctrl Pts',(0.196392663448208,-0.751829098702343,
0.));
#6938=CARTESIAN_POINT('Ctrl Pts',(0.196392663448208,-0.751829098702343,
0.003));
#6939=CARTESIAN_POINT('Ctrl Pts',(0.196392661820015,-0.752739053082255,
0.));
#6940=CARTESIAN_POINT('Ctrl Pts',(0.196392661820015,-0.752739053082255,
0.003));
#6941=CARTESIAN_POINT('',(0.19474745658086,-0.751088993881834,0.));
#6942=CARTESIAN_POINT('Ctrl Pts',(0.19474745658086,-0.751088993881834,0.));
#6943=CARTESIAN_POINT('Ctrl Pts',(0.195650869689123,-0.750996366906256,
0.));
#6944=CARTESIAN_POINT('Ctrl Pts',(0.196392663448208,-0.751829098702343,
0.));
#6945=CARTESIAN_POINT('Ctrl Pts',(0.196392661820015,-0.752739053082255,
0.));
#6946=CARTESIAN_POINT('',(0.19474745658086,-0.751088993881834,0.003));
#6947=CARTESIAN_POINT('Ctrl Pts',(0.19474745658086,-0.751088993881834,0.003));
#6948=CARTESIAN_POINT('Ctrl Pts',(0.195650869689123,-0.750996366906256,
0.003));
#6949=CARTESIAN_POINT('Ctrl Pts',(0.196392663448208,-0.751829098702343,
0.003));
#6950=CARTESIAN_POINT('Ctrl Pts',(0.196392661820015,-0.752739053082255,
0.003));
#6951=CARTESIAN_POINT('',(0.19474745658086,-0.751088993881834,0.));
#6952=CARTESIAN_POINT('Ctrl Pts',(0.190618550297322,-0.752680360956543,
0.));
#6953=CARTESIAN_POINT('Ctrl Pts',(0.190618550297322,-0.752680360956543,
0.003));
#6954=CARTESIAN_POINT('Ctrl Pts',(0.191476397179608,-0.752391792478612,
0.));
#6955=CARTESIAN_POINT('Ctrl Pts',(0.191476397179608,-0.752391792478612,
0.003));
#6956=CARTESIAN_POINT('Ctrl Pts',(0.194081623810479,-0.751166987190809,
0.));
#6957=CARTESIAN_POINT('Ctrl Pts',(0.194081623810479,-0.751166987190809,
0.003));
#6958=CARTESIAN_POINT('Ctrl Pts',(0.19474745658086,-0.751088993881834,0.));
#6959=CARTESIAN_POINT('Ctrl Pts',(0.19474745658086,-0.751088993881834,0.003));
#6960=CARTESIAN_POINT('',(0.190618550297322,-0.752680360956543,0.));
#6961=CARTESIAN_POINT('Ctrl Pts',(0.190618550297322,-0.752680360956543,
0.));
#6962=CARTESIAN_POINT('Ctrl Pts',(0.191476397179608,-0.752391792478612,
0.));
#6963=CARTESIAN_POINT('Ctrl Pts',(0.194081623810479,-0.751166987190809,
0.));
#6964=CARTESIAN_POINT('Ctrl Pts',(0.19474745658086,-0.751088993881834,0.));
#6965=CARTESIAN_POINT('',(0.190618550297322,-0.752680360956543,0.003));
#6966=CARTESIAN_POINT('Ctrl Pts',(0.190618550297322,-0.752680360956543,
0.003));
#6967=CARTESIAN_POINT('Ctrl Pts',(0.191476397179608,-0.752391792478612,
0.003));
#6968=CARTESIAN_POINT('Ctrl Pts',(0.194081623810479,-0.751166987190809,
0.003));
#6969=CARTESIAN_POINT('Ctrl Pts',(0.19474745658086,-0.751088993881834,0.003));
#6970=CARTESIAN_POINT('',(0.190618550297322,-0.752680360956543,0.));
#6971=CARTESIAN_POINT('Ctrl Pts',(0.189286230186153,-0.751989236684146,
0.));
#6972=CARTESIAN_POINT('Ctrl Pts',(0.189951439960096,-0.752898843806379,
0.));
#6973=CARTESIAN_POINT('Ctrl Pts',(0.190618550297322,-0.752680360956543,
0.));
#6974=CARTESIAN_POINT('Ctrl Pts',(0.189286230186153,-0.751989236684146,
0.003));
#6975=CARTESIAN_POINT('Ctrl Pts',(0.189951439960096,-0.752898843806379,
0.003));
#6976=CARTESIAN_POINT('Ctrl Pts',(0.190618550297322,-0.752680360956543,
0.003));
#6977=CARTESIAN_POINT('',(0.189286230186153,-0.751989236684146,0.));
#6978=CARTESIAN_POINT('Origin',(0.189955203035134,-0.750665249558844,0.));
#6979=CARTESIAN_POINT('',(0.189286230186153,-0.751989236684146,0.003));
#6980=CARTESIAN_POINT('Origin',(0.189955203035134,-0.750665249558844,0.003));
#6981=CARTESIAN_POINT('',(0.189286230186153,-0.751989236684146,0.));
#6982=CARTESIAN_POINT('Ctrl Pts',(0.188688087087604,-0.750192758887875,
0.));
#6983=CARTESIAN_POINT('Ctrl Pts',(0.188688087087604,-0.750192758887875,
0.003));
#6984=CARTESIAN_POINT('Ctrl Pts',(0.188770025992105,-0.750828664266911,
0.));
#6985=CARTESIAN_POINT('Ctrl Pts',(0.188770025992105,-0.750828664266911,
0.003));
#6986=CARTESIAN_POINT('Ctrl Pts',(0.189283844896944,-0.751983862687296,
0.));
#6987=CARTESIAN_POINT('Ctrl Pts',(0.189283844896944,-0.751983862687296,
0.003));
#6988=CARTESIAN_POINT('Ctrl Pts',(0.189286230186153,-0.751989236684146,
0.));
#6989=CARTESIAN_POINT('Ctrl Pts',(0.189286230186153,-0.751989236684146,
0.003));
#6990=CARTESIAN_POINT('',(0.188688087087604,-0.750192758887875,0.));
#6991=CARTESIAN_POINT('Ctrl Pts',(0.188688087087604,-0.750192758887875,
0.));
#6992=CARTESIAN_POINT('Ctrl Pts',(0.188770025992105,-0.750828664266911,
0.));
#6993=CARTESIAN_POINT('Ctrl Pts',(0.189283844896944,-0.751983862687296,
0.));
#6994=CARTESIAN_POINT('Ctrl Pts',(0.189286230186153,-0.751989236684146,
0.));
#6995=CARTESIAN_POINT('',(0.188688087087604,-0.750192758887875,0.003));
#6996=CARTESIAN_POINT('Ctrl Pts',(0.188688087087604,-0.750192758887875,
0.003));
#6997=CARTESIAN_POINT('Ctrl Pts',(0.188770025992105,-0.750828664266911,
0.003));
#6998=CARTESIAN_POINT('Ctrl Pts',(0.189283844896944,-0.751983862687296,
0.003));
#6999=CARTESIAN_POINT('Ctrl Pts',(0.189286230186153,-0.751989236684146,
0.003));
#7000=CARTESIAN_POINT('',(0.188688087087604,-0.750192758887875,0.));
#7001=CARTESIAN_POINT('Ctrl Pts',(0.189597022347541,-0.748734005736041,
0.));
#7002=CARTESIAN_POINT('Ctrl Pts',(0.189597022347541,-0.748734005736041,
0.003));
#7003=CARTESIAN_POINT('Ctrl Pts',(0.189060333433694,-0.748994070431771,
0.));
#7004=CARTESIAN_POINT('Ctrl Pts',(0.189060333433694,-0.748994070431771,
0.003));
#7005=CARTESIAN_POINT('Ctrl Pts',(0.188577581268694,-0.749360119142752,
0.));
#7006=CARTESIAN_POINT('Ctrl Pts',(0.188577581268694,-0.749360119142752,
0.003));
#7007=CARTESIAN_POINT('Ctrl Pts',(0.188688087087604,-0.750192758887875,
0.));
#7008=CARTESIAN_POINT('Ctrl Pts',(0.188688087087604,-0.750192758887875,
0.003));
#7009=CARTESIAN_POINT('',(0.189597022347541,-0.748734005736041,0.));
#7010=CARTESIAN_POINT('Ctrl Pts',(0.189597022347541,-0.748734005736041,
0.));
#7011=CARTESIAN_POINT('Ctrl Pts',(0.189060333433694,-0.748994070431771,
0.));
#7012=CARTESIAN_POINT('Ctrl Pts',(0.188577581268694,-0.749360119142752,
0.));
#7013=CARTESIAN_POINT('Ctrl Pts',(0.188688087087604,-0.750192758887875,
0.));
#7014=CARTESIAN_POINT('',(0.189597022347541,-0.748734005736041,0.003));
#7015=CARTESIAN_POINT('Ctrl Pts',(0.189597022347541,-0.748734005736041,
0.003));
#7016=CARTESIAN_POINT('Ctrl Pts',(0.189060333433694,-0.748994070431771,
0.003));
#7017=CARTESIAN_POINT('Ctrl Pts',(0.188577581268694,-0.749360119142752,
0.003));
#7018=CARTESIAN_POINT('Ctrl Pts',(0.188688087087604,-0.750192758887875,
0.003));
#7019=CARTESIAN_POINT('',(0.189597022347541,-0.748734005736041,0.));
#7020=CARTESIAN_POINT('Origin',(0.204638217959218,-0.74181234397822,0.));
#7021=CARTESIAN_POINT('',(0.204638217959218,-0.74181234397822,0.));
#7022=CARTESIAN_POINT('',(0.204638217959218,-0.74181234397822,0.));
#7023=CARTESIAN_POINT('',(0.204638217959218,-0.74181234397822,0.003));
#7024=CARTESIAN_POINT('',(0.204638217959218,-0.74181234397822,0.003));
#7025=CARTESIAN_POINT('',(0.204638217959218,-0.74181234397822,0.));
#7026=CARTESIAN_POINT('Ctrl Pts',(0.21463772741434,-0.748107718895376,0.));
#7027=CARTESIAN_POINT('Ctrl Pts',(0.21464069488849,-0.744250885298575,0.));
#7028=CARTESIAN_POINT('Ctrl Pts',(0.211375385477942,-0.742195149759529,
0.));
#7029=CARTESIAN_POINT('Ctrl Pts',(0.208110076067395,-0.740139414220484,
0.));
#7030=CARTESIAN_POINT('Ctrl Pts',(0.204638217959218,-0.74181234397822,0.));
#7031=CARTESIAN_POINT('Ctrl Pts',(0.21463772741434,-0.748107718895376,0.003));
#7032=CARTESIAN_POINT('Ctrl Pts',(0.21464069488849,-0.744250885298575,0.003));
#7033=CARTESIAN_POINT('Ctrl Pts',(0.211375385477942,-0.742195149759529,
0.003));
#7034=CARTESIAN_POINT('Ctrl Pts',(0.208110076067395,-0.740139414220484,
0.003));
#7035=CARTESIAN_POINT('Ctrl Pts',(0.204638217959218,-0.74181234397822,0.003));
#7036=CARTESIAN_POINT('',(0.21463772741434,-0.748107718895376,0.));
#7037=CARTESIAN_POINT('Origin',(0.207669510893154,-0.748092599571024,0.));
#7038=CARTESIAN_POINT('',(0.21463772741434,-0.748107718895376,0.003));
#7039=CARTESIAN_POINT('Origin',(0.207669510893154,-0.748092599571024,0.003));
#7040=CARTESIAN_POINT('',(0.21463772741434,-0.748107718895376,0.));
#7041=CARTESIAN_POINT('Ctrl Pts',(0.214481601021887,-0.749565759547971,
0.));
#7042=CARTESIAN_POINT('Ctrl Pts',(0.214481601021887,-0.749565759547971,
0.003));
#7043=CARTESIAN_POINT('Ctrl Pts',(0.214495850936288,-0.749565759521131,
0.));
#7044=CARTESIAN_POINT('Ctrl Pts',(0.214495850936288,-0.749565759521131,
0.003));
#7045=CARTESIAN_POINT('Ctrl Pts',(0.214637725936383,-0.748817635041709,
0.));
#7046=CARTESIAN_POINT('Ctrl Pts',(0.214637725936383,-0.748817635041709,
0.003));
#7047=CARTESIAN_POINT('Ctrl Pts',(0.21463772741434,-0.748107718895376,0.));
#7048=CARTESIAN_POINT('Ctrl Pts',(0.21463772741434,-0.748107718895376,0.003));
#7049=CARTESIAN_POINT('',(0.214481601021887,-0.749565759547971,0.));
#7050=CARTESIAN_POINT('Ctrl Pts',(0.214481601021887,-0.749565759547971,
0.));
#7051=CARTESIAN_POINT('Ctrl Pts',(0.214495850936288,-0.749565759521131,
0.));
#7052=CARTESIAN_POINT('Ctrl Pts',(0.214637725936383,-0.748817635041709,
0.));
#7053=CARTESIAN_POINT('Ctrl Pts',(0.21463772741434,-0.748107718895376,0.));
#7054=CARTESIAN_POINT('',(0.214481601021887,-0.749565759547971,0.003));
#7055=CARTESIAN_POINT('Ctrl Pts',(0.214481601021887,-0.749565759547971,
0.003));
#7056=CARTESIAN_POINT('Ctrl Pts',(0.214495850936288,-0.749565759521131,
0.003));
#7057=CARTESIAN_POINT('Ctrl Pts',(0.214637725936383,-0.748817635041709,
0.003));
#7058=CARTESIAN_POINT('Ctrl Pts',(0.21463772741434,-0.748107718895376,0.003));
#7059=CARTESIAN_POINT('',(0.214481601021887,-0.749565759547971,0.));
#7060=CARTESIAN_POINT('Origin',(0.210251172505139,-0.764284212803084,0.));
#7061=CARTESIAN_POINT('',(0.210251172505139,-0.764284212803084,0.));
#7062=CARTESIAN_POINT('',(0.210251172505139,-0.764284212803084,0.));
#7063=CARTESIAN_POINT('',(0.210251172505139,-0.764284212803084,0.003));
#7064=CARTESIAN_POINT('',(0.210251172505139,-0.764284212803084,0.003));
#7065=CARTESIAN_POINT('',(0.210251172505139,-0.764284212803084,0.));
#7066=CARTESIAN_POINT('Origin',(0.208343509270605,-0.770572196808406,0.));
#7067=CARTESIAN_POINT('',(0.208343509270605,-0.770572196808406,0.));
#7068=CARTESIAN_POINT('',(0.208343509270605,-0.770572196808406,0.));
#7069=CARTESIAN_POINT('',(0.208343509270605,-0.770572196808406,0.003));
#7070=CARTESIAN_POINT('',(0.208343509270605,-0.770572196808406,0.003));
#7071=CARTESIAN_POINT('',(0.208343509270605,-0.770572196808406,0.));
#7072=CARTESIAN_POINT('Origin',(0.208164582903085,-0.771323883517068,0.));
#7073=CARTESIAN_POINT('',(0.208164582903085,-0.771323883517068,0.));
#7074=CARTESIAN_POINT('',(0.208164582903085,-0.771323883517068,0.));
#7075=CARTESIAN_POINT('',(0.208164582903085,-0.771323883517068,0.003));
#7076=CARTESIAN_POINT('',(0.208164582903085,-0.771323883517068,0.003));
#7077=CARTESIAN_POINT('',(0.208164582903085,-0.771323883517068,0.));
#7078=CARTESIAN_POINT('Ctrl Pts',(0.20808620798842,-0.772195804474153,0.));
#7079=CARTESIAN_POINT('Ctrl Pts',(0.20808620798842,-0.772195804474153,0.003));
#7080=CARTESIAN_POINT('Ctrl Pts',(0.208086207215226,-0.771911695398167,
0.));
#7081=CARTESIAN_POINT('Ctrl Pts',(0.208086207215226,-0.771911695398167,
0.003));
#7082=CARTESIAN_POINT('Ctrl Pts',(0.20811114392357,-0.771602648786837,0.));
#7083=CARTESIAN_POINT('Ctrl Pts',(0.20811114392357,-0.771602648786837,0.003));
#7084=CARTESIAN_POINT('Ctrl Pts',(0.208164582903085,-0.771323883517068,
0.));
#7085=CARTESIAN_POINT('Ctrl Pts',(0.208164582903085,-0.771323883517068,
0.003));
#7086=CARTESIAN_POINT('',(0.20808620798842,-0.772195804474153,0.));
#7087=CARTESIAN_POINT('Ctrl Pts',(0.20808620798842,-0.772195804474153,0.));
#7088=CARTESIAN_POINT('Ctrl Pts',(0.208086207215226,-0.771911695398167,
0.));
#7089=CARTESIAN_POINT('Ctrl Pts',(0.20811114392357,-0.771602648786837,0.));
#7090=CARTESIAN_POINT('Ctrl Pts',(0.208164582903085,-0.771323883517068,
0.));
#7091=CARTESIAN_POINT('',(0.20808620798842,-0.772195804474153,0.003));
#7092=CARTESIAN_POINT('Ctrl Pts',(0.20808620798842,-0.772195804474153,0.003));
#7093=CARTESIAN_POINT('Ctrl Pts',(0.208086207215226,-0.771911695398167,
0.003));
#7094=CARTESIAN_POINT('Ctrl Pts',(0.20811114392357,-0.771602648786837,0.003));
#7095=CARTESIAN_POINT('Ctrl Pts',(0.208164582903085,-0.771323883517068,
0.003));
#7096=CARTESIAN_POINT('',(0.20808620798842,-0.772195804474153,0.));
#7097=CARTESIAN_POINT('Ctrl Pts',(0.208086207988419,-0.772195804474153,
0.));
#7098=CARTESIAN_POINT('Ctrl Pts',(0.208080688017854,-0.775506479735385,
0.));
#7099=CARTESIAN_POINT('Ctrl Pts',(0.210779178961218,-0.775493161940359,
0.));
#7100=CARTESIAN_POINT('Ctrl Pts',(0.208086207988419,-0.772195804474153,
0.003));
#7101=CARTESIAN_POINT('Ctrl Pts',(0.208080688017854,-0.775506479735385,
0.003));
#7102=CARTESIAN_POINT('Ctrl Pts',(0.210779178961218,-0.775493161940359,
0.003));
#7103=CARTESIAN_POINT('',(0.210779178961218,-0.775493161940359,0.));
#7104=CARTESIAN_POINT('Origin',(0.210829907524957,-0.772126912550701,0.));
#7105=CARTESIAN_POINT('',(0.210779178961218,-0.775493161940359,0.003));
#7106=CARTESIAN_POINT('Origin',(0.210829907524957,-0.772126912550701,0.003));
#7107=CARTESIAN_POINT('',(0.210779178961218,-0.775493161940359,0.));
#7108=CARTESIAN_POINT('Origin',(0.212582550121746,-0.775502068180981,0.));
#7109=CARTESIAN_POINT('',(0.212582550121746,-0.775502068180981,0.));
#7110=CARTESIAN_POINT('',(0.212582550121746,-0.775502068180981,0.));
#7111=CARTESIAN_POINT('',(0.212582550121746,-0.775502068180981,0.003));
#7112=CARTESIAN_POINT('',(0.212582550121746,-0.775502068180981,0.003));
#7113=CARTESIAN_POINT('',(0.212582550121746,-0.775502068180981,0.));
#7114=CARTESIAN_POINT('Ctrl Pts',(0.212582550121746,-0.775502068180982,
0.));
#7115=CARTESIAN_POINT('Ctrl Pts',(0.215128271246337,-0.77550844672166,0.));
#7116=CARTESIAN_POINT('Ctrl Pts',(0.216273563288622,-0.772769722619959,
0.));
#7117=CARTESIAN_POINT('Ctrl Pts',(0.212582550121746,-0.775502068180982,
0.003));
#7118=CARTESIAN_POINT('Ctrl Pts',(0.215128271246337,-0.77550844672166,0.003));
#7119=CARTESIAN_POINT('Ctrl Pts',(0.216273563288622,-0.772769722619959,
0.003));
#7120=CARTESIAN_POINT('',(0.216273563288623,-0.77276972261996,0.));
#7121=CARTESIAN_POINT('Origin',(0.212585038009707,-0.770523234427604,0.));
#7122=CARTESIAN_POINT('',(0.216273563288623,-0.77276972261996,0.003));
#7123=CARTESIAN_POINT('Origin',(0.212585038009707,-0.770523234427604,0.003));
#7124=CARTESIAN_POINT('',(0.216273563288623,-0.77276972261996,0.));
#7125=CARTESIAN_POINT('Origin',(0.225012692889584,-0.742447388861815,0.));
#7126=CARTESIAN_POINT('',(0.225012692889584,-0.742447388861815,0.));
#7127=CARTESIAN_POINT('',(0.225012692889584,-0.742447388861815,0.));
#7128=CARTESIAN_POINT('',(0.225012692889584,-0.742447388861815,0.003));
#7129=CARTESIAN_POINT('',(0.225012692889584,-0.742447388861815,0.003));
#7130=CARTESIAN_POINT('',(0.225012692889584,-0.742447388861815,0.));
#7131=CARTESIAN_POINT('Origin',(0.226620616393107,-0.742723995858078,0.));
#7132=CARTESIAN_POINT('',(0.226629709676327,-0.741092479160105,0.));
#7133=CARTESIAN_POINT('Origin',(0.226620616393107,-0.742723995858078,0.));
#7134=CARTESIAN_POINT('',(0.226629709676327,-0.741092479160105,0.003));
#7135=CARTESIAN_POINT('Origin',(0.226620616393107,-0.742723995858078,0.003));
#7136=CARTESIAN_POINT('',(0.226629709676327,-0.741092479160105,0.));
#7137=CARTESIAN_POINT('Origin',(0.240320426747442,-0.741092025236217,0.));
#7138=CARTESIAN_POINT('',(0.240320426747442,-0.741092025236217,0.));
#7139=CARTESIAN_POINT('',(0.240320426747442,-0.741092025236217,0.));
#7140=CARTESIAN_POINT('',(0.240320426747442,-0.741092025236217,0.003));
#7141=CARTESIAN_POINT('',(0.240320426747442,-0.741092025236217,0.003));
#7142=CARTESIAN_POINT('',(0.240320426747442,-0.741092025236217,0.));
#7143=CARTESIAN_POINT('Ctrl Pts',(0.241967647956174,-0.74272567768639,0.));
#7144=CARTESIAN_POINT('Ctrl Pts',(0.24196957328784,-0.742053721656387,0.));
#7145=CARTESIAN_POINT('Ctrl Pts',(0.24148336007249,-0.741571513555645,0.));
#7146=CARTESIAN_POINT('Ctrl Pts',(0.240997146857139,-0.741089305454904,
0.));
#7147=CARTESIAN_POINT('Ctrl Pts',(0.240320426747442,-0.741092025236217,
0.));
#7148=CARTESIAN_POINT('Ctrl Pts',(0.241967647956174,-0.74272567768639,0.003));
#7149=CARTESIAN_POINT('Ctrl Pts',(0.24196957328784,-0.742053721656387,0.003));
#7150=CARTESIAN_POINT('Ctrl Pts',(0.24148336007249,-0.741571513555645,0.003));
#7151=CARTESIAN_POINT('Ctrl Pts',(0.240997146857139,-0.741089305454904,
0.003));
#7152=CARTESIAN_POINT('Ctrl Pts',(0.240320426747442,-0.741092025236217,
0.003));
#7153=CARTESIAN_POINT('',(0.241967647956174,-0.74272567768639,0.));
#7154=CARTESIAN_POINT('Origin',(0.240374719982737,-0.74267366882911,0.));
#7155=CARTESIAN_POINT('',(0.241967647956174,-0.74272567768639,0.003));
#7156=CARTESIAN_POINT('Origin',(0.240374719982737,-0.74267366882911,0.003));
#7157=CARTESIAN_POINT('',(0.241967647956174,-0.74272567768639,0.));
#7158=CARTESIAN_POINT('Ctrl Pts',(0.233328585960482,-0.77345559221041,0.));
#7159=CARTESIAN_POINT('Ctrl Pts',(0.233328585960482,-0.77345559221041,0.003));
#7160=CARTESIAN_POINT('Ctrl Pts',(0.233423871768949,-0.771958185281191,
0.));
#7161=CARTESIAN_POINT('Ctrl Pts',(0.233423871768949,-0.771958185281191,
0.003));
#7162=CARTESIAN_POINT('Ctrl Pts',(0.241967425241101,-0.742848610026796,
0.));
#7163=CARTESIAN_POINT('Ctrl Pts',(0.241967425241101,-0.742848610026796,
0.003));
#7164=CARTESIAN_POINT('Ctrl Pts',(0.241967647956174,-0.74272567768639,0.));
#7165=CARTESIAN_POINT('Ctrl Pts',(0.241967647956174,-0.74272567768639,0.003));
#7166=CARTESIAN_POINT('',(0.233328585960482,-0.77345559221041,0.));
#7167=CARTESIAN_POINT('Ctrl Pts',(0.233328585960482,-0.77345559221041,0.));
#7168=CARTESIAN_POINT('Ctrl Pts',(0.233423871768949,-0.771958185281191,
0.));
#7169=CARTESIAN_POINT('Ctrl Pts',(0.241967425241101,-0.742848610026796,
0.));
#7170=CARTESIAN_POINT('Ctrl Pts',(0.241967647956174,-0.74272567768639,0.));
#7171=CARTESIAN_POINT('',(0.233328585960482,-0.77345559221041,0.003));
#7172=CARTESIAN_POINT('Ctrl Pts',(0.233328585960482,-0.77345559221041,0.003));
#7173=CARTESIAN_POINT('Ctrl Pts',(0.233423871768949,-0.771958185281191,
0.003));
#7174=CARTESIAN_POINT('Ctrl Pts',(0.241967425241101,-0.742848610026796,
0.003));
#7175=CARTESIAN_POINT('Ctrl Pts',(0.241967647956174,-0.74272567768639,0.003));
#7176=CARTESIAN_POINT('',(0.233328585960482,-0.77345559221041,0.));
#7177=CARTESIAN_POINT('Ctrl Pts',(0.233328585960482,-0.77345559221041,0.));
#7178=CARTESIAN_POINT('Ctrl Pts',(0.233231478976751,-0.77476241486811,0.));
#7179=CARTESIAN_POINT('Ctrl Pts',(0.234221798662354,-0.775753338467928,
0.));
#7180=CARTESIAN_POINT('Ctrl Pts',(0.235212118347957,-0.776744262067745,
0.));
#7181=CARTESIAN_POINT('Ctrl Pts',(0.236614855037073,-0.776743865311193,
0.));
#7182=CARTESIAN_POINT('Ctrl Pts',(0.233328585960482,-0.77345559221041,0.003));
#7183=CARTESIAN_POINT('Ctrl Pts',(0.233231478976751,-0.77476241486811,0.003));
#7184=CARTESIAN_POINT('Ctrl Pts',(0.234221798662354,-0.775753338467928,
0.003));
#7185=CARTESIAN_POINT('Ctrl Pts',(0.235212118347957,-0.776744262067745,
0.003));
#7186=CARTESIAN_POINT('Ctrl Pts',(0.236614855037073,-0.776743865311193,
0.003));
#7187=CARTESIAN_POINT('',(0.236614855037073,-0.776743865311193,0.));
#7188=CARTESIAN_POINT('Origin',(0.236422248211087,-0.773835491680115,0.));
#7189=CARTESIAN_POINT('',(0.236614855037073,-0.776743865311193,0.003));
#7190=CARTESIAN_POINT('Origin',(0.236422248211087,-0.773835491680115,0.003));
#7191=CARTESIAN_POINT('',(0.236614855037073,-0.776743865311193,0.));
#7192=CARTESIAN_POINT('Origin',(0.240564870578013,-0.776717146589312,0.));
#7193=CARTESIAN_POINT('',(0.240564870578013,-0.776717146589312,0.));
#7194=CARTESIAN_POINT('',(0.240564870578013,-0.776717146589312,0.));
#7195=CARTESIAN_POINT('',(0.240564870578013,-0.776717146589312,0.003));
#7196=CARTESIAN_POINT('',(0.240564870578013,-0.776717146589312,0.003));
#7197=CARTESIAN_POINT('',(0.240564870578013,-0.776717146589312,0.));
#7198=CARTESIAN_POINT('Ctrl Pts',(0.240564870578013,-0.776717146589312,
0.));
#7199=CARTESIAN_POINT('Ctrl Pts',(0.244313166367938,-0.776727442850909,
0.));
#7200=CARTESIAN_POINT('Ctrl Pts',(0.245310551814729,-0.773124903496043,
0.));
#7201=CARTESIAN_POINT('Ctrl Pts',(0.240564870578013,-0.776717146589312,
0.003));
#7202=CARTESIAN_POINT('Ctrl Pts',(0.244313166367938,-0.776727442850909,
0.003));
#7203=CARTESIAN_POINT('Ctrl Pts',(0.245310551814729,-0.773124903496043,
0.003));
#7204=CARTESIAN_POINT('',(0.245310551814729,-0.773124903496043,0.));
#7205=CARTESIAN_POINT('Origin',(0.240643373525881,-0.771907817115772,0.));
#7206=CARTESIAN_POINT('',(0.245310551814729,-0.773124903496043,0.003));
#7207=CARTESIAN_POINT('Origin',(0.240643373525881,-0.771907817115772,0.003));
#7208=CARTESIAN_POINT('',(0.245310551814729,-0.773124903496043,0.));
#7209=CARTESIAN_POINT('Origin',(0.254515266944275,-0.74100606074665,0.));
#7210=CARTESIAN_POINT('',(0.254509020668914,-0.741006083283908,0.));
#7211=CARTESIAN_POINT('',(0.254515266944275,-0.74100606074665,0.));
#7212=CARTESIAN_POINT('',(0.254509043346168,-0.7410060401924,0.003));
#7213=CARTESIAN_POINT('',(0.254515266944275,-0.74100606074665,0.003));
#7214=CARTESIAN_POINT('',(0.254502798207882,-0.74100606074665,0.));
#7215=CARTESIAN_POINT('Ctrl Pts',(0.263842211315635,-0.708291924873944,
0.));
#7216=CARTESIAN_POINT('Ctrl Pts',(0.263842211315635,-0.708291924873944,
0.003));
#7217=CARTESIAN_POINT('Ctrl Pts',(0.263842211431093,-0.708372081039671,
0.));
#7218=CARTESIAN_POINT('Ctrl Pts',(0.263842211431093,-0.708372081039671,
0.003));
#7219=CARTESIAN_POINT('Ctrl Pts',(0.25915665854284,-0.724757080891352,0.));
#7220=CARTESIAN_POINT('Ctrl Pts',(0.25915665854284,-0.724757080891352,0.003));
#7221=CARTESIAN_POINT('Ctrl Pts',(0.254502798207882,-0.74100606074665,0.));
#7222=CARTESIAN_POINT('Ctrl Pts',(0.254502798207882,-0.74100606074665,0.003));
#7223=CARTESIAN_POINT('',(0.263842211315635,-0.708291924873944,0.));
#7224=CARTESIAN_POINT('Ctrl Pts',(0.263842211315635,-0.708291924873944,
0.));
#7225=CARTESIAN_POINT('Ctrl Pts',(0.263842211431093,-0.708372081039671,
0.));
#7226=CARTESIAN_POINT('Ctrl Pts',(0.25915665854284,-0.724757080891352,0.));
#7227=CARTESIAN_POINT('Ctrl Pts',(0.254502798207882,-0.74100606074665,0.));
#7228=CARTESIAN_POINT('',(0.263842211315635,-0.708291924873944,0.003));
#7229=CARTESIAN_POINT('Ctrl Pts',(0.263842211315635,-0.708291924873944,
0.003));
#7230=CARTESIAN_POINT('Ctrl Pts',(0.263842211431093,-0.708372081039671,
0.003));
#7231=CARTESIAN_POINT('Ctrl Pts',(0.25915665854284,-0.724757080891352,0.003));
#7232=CARTESIAN_POINT('Ctrl Pts',(0.254502798207882,-0.74100606074665,0.003));
#7233=CARTESIAN_POINT('',(0.263842211315635,-0.708291924873944,0.));
#7234=CARTESIAN_POINT('Ctrl Pts',(0.263842211315635,-0.708291924873944,
0.));
#7235=CARTESIAN_POINT('Ctrl Pts',(0.263843295118308,-0.707625221680696,
0.));
#7236=CARTESIAN_POINT('Ctrl Pts',(0.263358681260636,-0.707145817575499,
0.));
#7237=CARTESIAN_POINT('Ctrl Pts',(0.262874067402965,-0.706666413470302,
0.));
#7238=CARTESIAN_POINT('Ctrl Pts',(0.262201859977478,-0.706669207832264,
0.));
#7239=CARTESIAN_POINT('Ctrl Pts',(0.263842211315635,-0.708291924873944,
0.003));
#7240=CARTESIAN_POINT('Ctrl Pts',(0.263843295118308,-0.707625221680696,
0.003));
#7241=CARTESIAN_POINT('Ctrl Pts',(0.263358681260636,-0.707145817575499,
0.003));
#7242=CARTESIAN_POINT('Ctrl Pts',(0.262874067402965,-0.706666413470302,
0.003));
#7243=CARTESIAN_POINT('Ctrl Pts',(0.262201859977478,-0.706669207832264,
0.003));
#7244=CARTESIAN_POINT('',(0.262201859977478,-0.706669207832263,0.));
#7245=CARTESIAN_POINT('Origin',(0.262264143253301,-0.708234188386445,0.));
#7246=CARTESIAN_POINT('',(0.262201859977478,-0.706669207832263,0.003));
#7247=CARTESIAN_POINT('Origin',(0.262264143253301,-0.708234188386445,0.003));
#7248=CARTESIAN_POINT('',(0.262201859977478,-0.706669207832263,0.));
#7249=CARTESIAN_POINT('Origin',(0.254638199779111,-0.706695926554145,0.));
#7250=CARTESIAN_POINT('',(0.254638199779111,-0.706695926554145,0.));
#7251=CARTESIAN_POINT('',(0.254638199779111,-0.706695926554145,0.));
#7252=CARTESIAN_POINT('',(0.254638199779111,-0.706695926554145,0.003));
#7253=CARTESIAN_POINT('',(0.254638199779111,-0.706695926554145,0.003));
#7254=CARTESIAN_POINT('',(0.254638199779111,-0.706695926554145,0.));
#7255=CARTESIAN_POINT('Ctrl Pts',(0.252992299853236,-0.705060384526042,
0.));
#7256=CARTESIAN_POINT('Ctrl Pts',(0.252989981447028,-0.705736338189208,
0.));
#7257=CARTESIAN_POINT('Ctrl Pts',(0.253473871860654,-0.706217183407097,
0.));
#7258=CARTESIAN_POINT('Ctrl Pts',(0.253957762274279,-0.706698028624986,
0.));
#7259=CARTESIAN_POINT('Ctrl Pts',(0.254638199779111,-0.706695926554145,
0.));
#7260=CARTESIAN_POINT('Ctrl Pts',(0.252992299853236,-0.705060384526042,
0.003));
#7261=CARTESIAN_POINT('Ctrl Pts',(0.252989981447028,-0.705736338189208,
0.003));
#7262=CARTESIAN_POINT('Ctrl Pts',(0.253473871860654,-0.706217183407097,
0.003));
#7263=CARTESIAN_POINT('Ctrl Pts',(0.253957762274279,-0.706698028624986,
0.003));
#7264=CARTESIAN_POINT('Ctrl Pts',(0.254638199779111,-0.706695926554145,
0.003));
#7265=CARTESIAN_POINT('',(0.252992299853236,-0.705060384526042,0.));
#7266=CARTESIAN_POINT('Origin',(0.25461444034985,-0.705084466733945,0.));
#7267=CARTESIAN_POINT('',(0.252992299853236,-0.705060384526042,0.003));
#7268=CARTESIAN_POINT('Origin',(0.25461444034985,-0.705084466733945,0.003));
#7269=CARTESIAN_POINT('',(0.252992299853236,-0.705060384526042,0.));
#7270=CARTESIAN_POINT('Origin',(0.253960639735933,-0.701423966479203,0.));
#7271=CARTESIAN_POINT('',(0.253960639735933,-0.701423966479203,0.));
#7272=CARTESIAN_POINT('',(0.253960639735933,-0.701423966479203,0.));
#7273=CARTESIAN_POINT('',(0.253960639735933,-0.701423966479203,0.003));
#7274=CARTESIAN_POINT('',(0.253960639735933,-0.701423966479203,0.003));
#7275=CARTESIAN_POINT('',(0.253960639735933,-0.701423966479203,0.));
#7276=CARTESIAN_POINT('Ctrl Pts',(0.255579598284906,-0.700077788208927,
0.));
#7277=CARTESIAN_POINT('Ctrl Pts',(0.254211423275276,-0.700072666703846,
0.));
#7278=CARTESIAN_POINT('Ctrl Pts',(0.253960639735934,-0.701423966479203,
0.));
#7279=CARTESIAN_POINT('Ctrl Pts',(0.255579598284906,-0.700077788208927,
0.003));
#7280=CARTESIAN_POINT('Ctrl Pts',(0.254211423275276,-0.700072666703846,
0.003));
#7281=CARTESIAN_POINT('Ctrl Pts',(0.253960639735934,-0.701423966479203,
0.003));
#7282=CARTESIAN_POINT('',(0.255579598284906,-0.700077788208927,0.));
#7283=CARTESIAN_POINT('Origin',(0.255520437268432,-0.701661701955968,0.));
#7284=CARTESIAN_POINT('',(0.255579598284906,-0.700077788208927,0.003));
#7285=CARTESIAN_POINT('Origin',(0.255520437268432,-0.701661701955968,0.003));
#7286=CARTESIAN_POINT('',(0.255579598284906,-0.700077788208927,0.));
#7287=CARTESIAN_POINT('Origin',(0.260698949739606,-0.70008268664124,0.));
#7288=CARTESIAN_POINT('',(0.260720070235684,-0.700079983892556,0.));
#7289=CARTESIAN_POINT('',(0.260698949739606,-0.70008268664124,0.));
#7290=CARTESIAN_POINT('',(0.260700092867316,-0.700081204141718,0.003));
#7291=CARTESIAN_POINT('',(0.260698949739606,-0.70008268664124,0.003));
#7292=CARTESIAN_POINT('',(0.260721215340351,-0.700078500708166,0.));
#7293=CARTESIAN_POINT('Origin',(0.291065657754724,-0.700105219430047,0.));
#7294=CARTESIAN_POINT('',(0.291065657754724,-0.700078500708166,0.));
#7295=CARTESIAN_POINT('',(0.291065657754724,-0.700105219430047,0.));
#7296=CARTESIAN_POINT('',(0.291065657754724,-0.700078500708166,0.003));
#7297=CARTESIAN_POINT('',(0.291065657754724,-0.700105219430047,0.003));
#7298=CARTESIAN_POINT('',(0.291065657754724,-0.700078500708166,0.));
#7299=CARTESIAN_POINT('Origin',(0.297835736317535,-0.700084022577358,0.));
#7300=CARTESIAN_POINT('',(0.297835736317535,-0.700084022577358,0.));
#7301=CARTESIAN_POINT('',(0.297835736317535,-0.700084022577358,0.));
#7302=CARTESIAN_POINT('',(0.297835736317535,-0.700084022577358,0.003));
#7303=CARTESIAN_POINT('',(0.297835736317535,-0.700084022577358,0.003));
#7304=CARTESIAN_POINT('',(0.297835736317535,-0.700084022577358,0.));
#7305=CARTESIAN_POINT('Ctrl Pts',(0.300112438525057,-0.700206038073864,
0.));
#7306=CARTESIAN_POINT('Ctrl Pts',(0.300112438525057,-0.700206038073864,
0.003));
#7307=CARTESIAN_POINT('Ctrl Pts',(0.299363423460125,-0.700125883642956,
0.));
#7308=CARTESIAN_POINT('Ctrl Pts',(0.299363423460125,-0.700125883642956,
0.003));
#7309=CARTESIAN_POINT('Ctrl Pts',(0.298605858563421,-0.700084026066357,
0.));
#7310=CARTESIAN_POINT('Ctrl Pts',(0.298605858563421,-0.700084026066357,
0.003));
#7311=CARTESIAN_POINT('Ctrl Pts',(0.297835736317535,-0.700084022577358,
0.));
#7312=CARTESIAN_POINT('Ctrl Pts',(0.297835736317535,-0.700084022577358,
0.003));
#7313=CARTESIAN_POINT('',(0.300112438525057,-0.700206038073864,0.));
#7314=CARTESIAN_POINT('Ctrl Pts',(0.300112438525057,-0.700206038073864,
0.));
#7315=CARTESIAN_POINT('Ctrl Pts',(0.299363423460125,-0.700125883642956,
0.));
#7316=CARTESIAN_POINT('Ctrl Pts',(0.298605858563421,-0.700084026066357,
0.));
#7317=CARTESIAN_POINT('Ctrl Pts',(0.297835736317535,-0.700084022577358,
0.));
#7318=CARTESIAN_POINT('',(0.300112438525057,-0.700206038073864,0.003));
#7319=CARTESIAN_POINT('Ctrl Pts',(0.300112438525057,-0.700206038073864,
0.003));
#7320=CARTESIAN_POINT('Ctrl Pts',(0.299363423460125,-0.700125883642956,
0.003));
#7321=CARTESIAN_POINT('Ctrl Pts',(0.298605858563421,-0.700084026066357,
0.003));
#7322=CARTESIAN_POINT('Ctrl Pts',(0.297835736317535,-0.700084022577358,
0.003));
#7323=CARTESIAN_POINT('',(0.300112438525057,-0.700206038073864,0.));
#7324=CARTESIAN_POINT('Origin',(0.298274628459531,-0.721425080521278,0.));
#7325=CARTESIAN_POINT('',(0.319573107951393,-0.721416161057458,0.));
#7326=CARTESIAN_POINT('Origin',(0.298274628459531,-0.721425080521278,0.));
#7327=CARTESIAN_POINT('',(0.319573107951393,-0.721416161057458,0.003));
#7328=CARTESIAN_POINT('Origin',(0.298274628459531,-0.721425080521278,0.003));
#7329=CARTESIAN_POINT('',(0.319573107951393,-0.721416161057458,0.));
#7330=CARTESIAN_POINT('Ctrl Pts',(0.317633061627278,-0.7307743043306,0.));
#7331=CARTESIAN_POINT('Ctrl Pts',(0.319573340641188,-0.726264462782639,
0.));
#7332=CARTESIAN_POINT('Ctrl Pts',(0.319573107951393,-0.721416161057458,
0.));
#7333=CARTESIAN_POINT('Ctrl Pts',(0.317633061627278,-0.7307743043306,0.003));
#7334=CARTESIAN_POINT('Ctrl Pts',(0.319573340641188,-0.726264462782639,
0.003));
#7335=CARTESIAN_POINT('Ctrl Pts',(0.319573107951393,-0.721416161057458,
0.003));
#7336=CARTESIAN_POINT('',(0.317633061627278,-0.730774304330599,0.));
#7337=CARTESIAN_POINT('Origin',(0.271942530874887,-0.717956792035851,0.));
#7338=CARTESIAN_POINT('',(0.317633061627278,-0.730774304330599,0.003));
#7339=CARTESIAN_POINT('Origin',(0.271942530874887,-0.717956792035851,0.003));
#7340=CARTESIAN_POINT('',(0.317633061627278,-0.730774304330599,0.));
#7341=CARTESIAN_POINT('Ctrl Pts',(0.302998861943325,-0.744502294565971,
0.));
#7342=CARTESIAN_POINT('Ctrl Pts',(0.3135369030693,-0.740793506149379,0.));
#7343=CARTESIAN_POINT('Ctrl Pts',(0.317633061627278,-0.730774304330599,
0.));
#7344=CARTESIAN_POINT('Ctrl Pts',(0.302998861943325,-0.744502294565971,
0.003));
#7345=CARTESIAN_POINT('Ctrl Pts',(0.3135369030693,-0.740793506149379,0.003));
#7346=CARTESIAN_POINT('Ctrl Pts',(0.317633061627278,-0.730774304330599,
0.003));
#7347=CARTESIAN_POINT('',(0.302998861943325,-0.744502294565971,0.));
#7348=CARTESIAN_POINT('Origin',(0.29345423843611,-0.721120698594259,0.));
#7349=CARTESIAN_POINT('',(0.302998861943325,-0.744502294565971,0.003));
#7350=CARTESIAN_POINT('Origin',(0.29345423843611,-0.721120698594259,0.003));
#7351=CARTESIAN_POINT('',(0.302998861943325,-0.744502294565971,0.));
#7352=CARTESIAN_POINT('Ctrl Pts',(0.302039481738381,-0.745866374379941,
0.));
#7353=CARTESIAN_POINT('Ctrl Pts',(0.302039481738381,-0.745866374379941,
0.003));
#7354=CARTESIAN_POINT('Ctrl Pts',(0.302035057073461,-0.745862501737191,
0.));
#7355=CARTESIAN_POINT('Ctrl Pts',(0.302035057073461,-0.745862501737191,
0.003));
#7356=CARTESIAN_POINT('Ctrl Pts',(0.301204070989404,-0.745135178124489,
0.));
#7357=CARTESIAN_POINT('Ctrl Pts',(0.301204070989404,-0.745135178124489,
0.003));
#7358=CARTESIAN_POINT('Ctrl Pts',(0.302998861943325,-0.744502294565971,
0.));
#7359=CARTESIAN_POINT('Ctrl Pts',(0.302998861943325,-0.744502294565971,
0.003));
#7360=CARTESIAN_POINT('',(0.302039481738381,-0.745866374379941,0.));
#7361=CARTESIAN_POINT('Ctrl Pts',(0.302039481738381,-0.745866374379941,
0.));
#7362=CARTESIAN_POINT('Ctrl Pts',(0.302035057073461,-0.745862501737191,
0.));
#7363=CARTESIAN_POINT('Ctrl Pts',(0.301204070989404,-0.745135178124489,
0.));
#7364=CARTESIAN_POINT('Ctrl Pts',(0.302998861943325,-0.744502294565971,
0.));
#7365=CARTESIAN_POINT('',(0.302039481738381,-0.745866374379941,0.003));
#7366=CARTESIAN_POINT('Ctrl Pts',(0.302039481738381,-0.745866374379941,
0.003));
#7367=CARTESIAN_POINT('Ctrl Pts',(0.302035057073461,-0.745862501737191,
0.003));
#7368=CARTESIAN_POINT('Ctrl Pts',(0.301204070989404,-0.745135178124489,
0.003));
#7369=CARTESIAN_POINT('Ctrl Pts',(0.302998861943325,-0.744502294565971,
0.003));
#7370=CARTESIAN_POINT('',(0.302039481738381,-0.745866374379941,0.));
#7371=CARTESIAN_POINT('Ctrl Pts',(0.30736532437438,-0.753099221453088,0.));
#7372=CARTESIAN_POINT('Ctrl Pts',(0.30736532437438,-0.753099221453088,0.003));
#7373=CARTESIAN_POINT('Ctrl Pts',(0.307365324304197,-0.747008777864721,
0.));
#7374=CARTESIAN_POINT('Ctrl Pts',(0.307365324304197,-0.747008777864721,
0.003));
#7375=CARTESIAN_POINT('Ctrl Pts',(0.303256430342755,-0.747503252344209,
0.));
#7376=CARTESIAN_POINT('Ctrl Pts',(0.303256430342755,-0.747503252344209,
0.003));
#7377=CARTESIAN_POINT('Ctrl Pts',(0.302039481738381,-0.745866374379941,
0.));
#7378=CARTESIAN_POINT('Ctrl Pts',(0.302039481738381,-0.745866374379941,
0.003));
#7379=CARTESIAN_POINT('',(0.30736532437438,-0.753099221453088,0.));
#7380=CARTESIAN_POINT('Ctrl Pts',(0.30736532437438,-0.753099221453088,0.));
#7381=CARTESIAN_POINT('Ctrl Pts',(0.307365324304197,-0.747008777864721,
0.));
#7382=CARTESIAN_POINT('Ctrl Pts',(0.303256430342755,-0.747503252344209,
0.));
#7383=CARTESIAN_POINT('Ctrl Pts',(0.302039481738381,-0.745866374379941,
0.));
#7384=CARTESIAN_POINT('',(0.30736532437438,-0.753099221453088,0.003));
#7385=CARTESIAN_POINT('Ctrl Pts',(0.30736532437438,-0.753099221453088,0.003));
#7386=CARTESIAN_POINT('Ctrl Pts',(0.307365324304197,-0.747008777864721,
0.003));
#7387=CARTESIAN_POINT('Ctrl Pts',(0.303256430342755,-0.747503252344209,
0.003));
#7388=CARTESIAN_POINT('Ctrl Pts',(0.302039481738381,-0.745866374379941,
0.003));
#7389=CARTESIAN_POINT('',(0.30736532437438,-0.753099221453088,0.));
#7390=CARTESIAN_POINT('Ctrl Pts',(0.306873699909916,-0.755848132621671,
0.));
#7391=CARTESIAN_POINT('Ctrl Pts',(0.306873699909916,-0.755848132621671,
0.003));
#7392=CARTESIAN_POINT('Ctrl Pts',(0.307128410136035,-0.754977990519337,
0.));
#7393=CARTESIAN_POINT('Ctrl Pts',(0.307128410136035,-0.754977990519337,
0.003));
#7394=CARTESIAN_POINT('Ctrl Pts',(0.307365307449528,-0.754054411140628,
0.));
#7395=CARTESIAN_POINT('Ctrl Pts',(0.307365307449528,-0.754054411140628,
0.003));
#7396=CARTESIAN_POINT('Ctrl Pts',(0.30736532437438,-0.753099221453088,0.));
#7397=CARTESIAN_POINT('Ctrl Pts',(0.30736532437438,-0.753099221453088,0.003));
#7398=CARTESIAN_POINT('',(0.306873699909916,-0.755848132621671,0.));
#7399=CARTESIAN_POINT('Ctrl Pts',(0.306873699909916,-0.755848132621671,
0.));
#7400=CARTESIAN_POINT('Ctrl Pts',(0.307128410136035,-0.754977990519337,
0.));
#7401=CARTESIAN_POINT('Ctrl Pts',(0.307365307449528,-0.754054411140628,
0.));
#7402=CARTESIAN_POINT('Ctrl Pts',(0.30736532437438,-0.753099221453088,0.));
#7403=CARTESIAN_POINT('',(0.306873699909916,-0.755848132621671,0.003));
#7404=CARTESIAN_POINT('Ctrl Pts',(0.306873699909916,-0.755848132621671,
0.003));
#7405=CARTESIAN_POINT('Ctrl Pts',(0.307128410136035,-0.754977990519337,
0.003));
#7406=CARTESIAN_POINT('Ctrl Pts',(0.307365307449528,-0.754054411140628,
0.003));
#7407=CARTESIAN_POINT('Ctrl Pts',(0.30736532437438,-0.753099221453088,0.003));
#7408=CARTESIAN_POINT('',(0.306873699909916,-0.755848132621671,0.));
#7409=CARTESIAN_POINT('Origin',(0.302174322216488,-0.772050810876795,0.));
#7410=CARTESIAN_POINT('',(0.302130672296231,-0.772050810876795,0.));
#7411=CARTESIAN_POINT('',(0.302174322216488,-0.772050810876795,0.));
#7412=CARTESIAN_POINT('',(0.302130672296231,-0.772050810876795,0.003));
#7413=CARTESIAN_POINT('',(0.302174322216488,-0.772050810876795,0.003));
#7414=CARTESIAN_POINT('',(0.302129791015038,-0.772050810876795,0.));
#7415=CARTESIAN_POINT('Origin',(0.301984619298138,-0.772632388389539,0.));
#7416=CARTESIAN_POINT('',(0.301984619298138,-0.772632388389539,0.));
#7417=CARTESIAN_POINT('',(0.301984619298138,-0.772632388389539,0.));
#7418=CARTESIAN_POINT('',(0.301984619298138,-0.772632388389539,0.003));
#7419=CARTESIAN_POINT('',(0.301984619298138,-0.772632388389539,0.003));
#7420=CARTESIAN_POINT('',(0.301984619298138,-0.772632388389539,0.));
#7421=CARTESIAN_POINT('Ctrl Pts',(0.301984619298138,-0.772632388389539,
0.));
#7422=CARTESIAN_POINT('Ctrl Pts',(0.301558315367371,-0.774170838093131,
0.));
#7423=CARTESIAN_POINT('Ctrl Pts',(0.302557246119194,-0.775466795990188,
0.));
#7424=CARTESIAN_POINT('Ctrl Pts',(0.303556176871016,-0.776762753887245,
0.));
#7425=CARTESIAN_POINT('Ctrl Pts',(0.305161386150205,-0.776753751238298,
0.));
#7426=CARTESIAN_POINT('Ctrl Pts',(0.301984619298138,-0.772632388389539,
0.003));
#7427=CARTESIAN_POINT('Ctrl Pts',(0.301558315367371,-0.774170838093131,
0.003));
#7428=CARTESIAN_POINT('Ctrl Pts',(0.302557246119194,-0.775466795990188,
0.003));
#7429=CARTESIAN_POINT('Ctrl Pts',(0.303556176871016,-0.776762753887245,
0.003));
#7430=CARTESIAN_POINT('Ctrl Pts',(0.305161386150205,-0.776753751238298,
0.003));
#7431=CARTESIAN_POINT('',(0.305161386150205,-0.776753751238299,0.));
#7432=CARTESIAN_POINT('Origin',(0.305035206636635,-0.773579274012276,0.));
#7433=CARTESIAN_POINT('',(0.305161386150205,-0.776753751238299,0.003));
#7434=CARTESIAN_POINT('Origin',(0.305035206636635,-0.773579274012276,0.003));
#7435=CARTESIAN_POINT('',(0.305161386150205,-0.776753751238299,0.));
#7436=CARTESIAN_POINT('Origin',(0.316027177439056,-0.776727032516417,0.));
#7437=CARTESIAN_POINT('',(0.316027177439056,-0.776727032516417,0.));
#7438=CARTESIAN_POINT('',(0.316027177439056,-0.776727032516417,0.));
#7439=CARTESIAN_POINT('',(0.316027177439056,-0.776727032516417,0.003));
#7440=CARTESIAN_POINT('',(0.316027177439056,-0.776727032516417,0.003));
#7441=CARTESIAN_POINT('',(0.316027177439056,-0.776727032516417,0.));
#7442=CARTESIAN_POINT('Ctrl Pts',(0.316027177439056,-0.776727032516417,
0.));
#7443=CARTESIAN_POINT('Ctrl Pts',(0.317560753640781,-0.776732748535998,
0.));
#7444=CARTESIAN_POINT('Ctrl Pts',(0.317560564831247,-0.775116338899559,
0.));
#7445=CARTESIAN_POINT('Ctrl Pts',(0.316027177439056,-0.776727032516417,
0.003));
#7446=CARTESIAN_POINT('Ctrl Pts',(0.317560753640781,-0.776732748535998,
0.003));
#7447=CARTESIAN_POINT('Ctrl Pts',(0.317560564831247,-0.775116338899559,
0.003));
#7448=CARTESIAN_POINT('',(0.317560564831247,-0.775116338899559,0.));
#7449=CARTESIAN_POINT('Origin',(0.315715814620812,-0.77478152204686,0.));
#7450=CARTESIAN_POINT('',(0.317560564831247,-0.775116338899559,0.003));
#7451=CARTESIAN_POINT('Origin',(0.315715814620812,-0.77478152204686,0.003));
#7452=CARTESIAN_POINT('',(0.317560564831247,-0.775116338899559,0.));
#7453=CARTESIAN_POINT('Ctrl Pts',(0.317404705625994,-0.774356636574336,
0.));
#7454=CARTESIAN_POINT('Ctrl Pts',(0.317404705625994,-0.774356636574336,
0.003));
#7455=CARTESIAN_POINT('Ctrl Pts',(0.317406351978445,-0.774362281367732,
0.));
#7456=CARTESIAN_POINT('Ctrl Pts',(0.317406351978445,-0.774362281367732,
0.003));
#7457=CARTESIAN_POINT('Ctrl Pts',(0.317560566910991,-0.774891010384676,
0.));
#7458=CARTESIAN_POINT('Ctrl Pts',(0.317560566910991,-0.774891010384676,
0.003));
#7459=CARTESIAN_POINT('Ctrl Pts',(0.317560564831247,-0.775116338899559,
0.));
#7460=CARTESIAN_POINT('Ctrl Pts',(0.317560564831247,-0.775116338899559,
0.003));
#7461=CARTESIAN_POINT('',(0.317404705625994,-0.774356636574336,0.));
#7462=CARTESIAN_POINT('Ctrl Pts',(0.317404705625994,-0.774356636574336,
0.));
#7463=CARTESIAN_POINT('Ctrl Pts',(0.317406351978445,-0.774362281367732,
0.));
#7464=CARTESIAN_POINT('Ctrl Pts',(0.317560566910991,-0.774891010384676,
0.));
#7465=CARTESIAN_POINT('Ctrl Pts',(0.317560564831247,-0.775116338899559,
0.));
#7466=CARTESIAN_POINT('',(0.317404705625994,-0.774356636574336,0.003));
#7467=CARTESIAN_POINT('Ctrl Pts',(0.317404705625994,-0.774356636574336,
0.003));
#7468=CARTESIAN_POINT('Ctrl Pts',(0.317406351978445,-0.774362281367732,
0.003));
#7469=CARTESIAN_POINT('Ctrl Pts',(0.317560566910991,-0.774891010384676,
0.003));
#7470=CARTESIAN_POINT('Ctrl Pts',(0.317560564831247,-0.775116338899559,
0.003));
#7471=CARTESIAN_POINT('',(0.317404705625994,-0.774356636574336,0.));
#7472=CARTESIAN_POINT('Origin',(0.336640001114291,-0.763282938212233,0.));
#7473=CARTESIAN_POINT('',(0.33662918155965,-0.741087820035612,0.));
#7474=CARTESIAN_POINT('Origin',(0.336640001114291,-0.763282938212233,0.));
#7475=CARTESIAN_POINT('',(0.33662918155965,-0.741087820035612,0.003));
#7476=CARTESIAN_POINT('Origin',(0.336640001114291,-0.763282938212233,0.003));
#7477=CARTESIAN_POINT('',(0.33662918155965,-0.741087820035612,0.));
#7478=CARTESIAN_POINT('Origin',(0.361877036869547,-0.741132351238709,0.));
#7479=CARTESIAN_POINT('',(0.361877036869547,-0.741132351238709,0.));
#7480=CARTESIAN_POINT('',(0.361877036869547,-0.741132351238709,0.));
#7481=CARTESIAN_POINT('',(0.361877036869547,-0.741132351238709,0.003));
#7482=CARTESIAN_POINT('',(0.361877036869547,-0.741132351238709,0.003));
#7483=CARTESIAN_POINT('',(0.361877036869547,-0.741132351238709,0.));
#7484=CARTESIAN_POINT('Origin',(0.364216439008708,-0.741123444998043,0.));
#7485=CARTESIAN_POINT('',(0.364216439008708,-0.741123444998043,0.));
#7486=CARTESIAN_POINT('',(0.364216439008708,-0.741123444998043,0.));
#7487=CARTESIAN_POINT('',(0.364216439008708,-0.741123444998043,0.003));
#7488=CARTESIAN_POINT('',(0.364216439008708,-0.741123444998043,0.003));
#7489=CARTESIAN_POINT('',(0.364216439008708,-0.741123444998043,0.));
#7490=CARTESIAN_POINT('Ctrl Pts',(0.365851268477949,-0.742758987026264,
0.));
#7491=CARTESIAN_POINT('Ctrl Pts',(0.365853289357344,-0.742087012628126,
0.));
#7492=CARTESIAN_POINT('Ctrl Pts',(0.365370386113553,-0.741603898905475,
0.));
#7493=CARTESIAN_POINT('Ctrl Pts',(0.364887482869763,-0.741120785182825,
0.));
#7494=CARTESIAN_POINT('Ctrl Pts',(0.364216439008708,-0.741123444998043,
0.));
#7495=CARTESIAN_POINT('Ctrl Pts',(0.365851268477949,-0.742758987026264,
0.003));
#7496=CARTESIAN_POINT('Ctrl Pts',(0.365853289357344,-0.742087012628126,
0.003));
#7497=CARTESIAN_POINT('Ctrl Pts',(0.365370386113553,-0.741603898905475,
0.003));
#7498=CARTESIAN_POINT('Ctrl Pts',(0.364887482869763,-0.741120785182825,
0.003));
#7499=CARTESIAN_POINT('Ctrl Pts',(0.364216439008708,-0.741123444998043,
0.003));
#7500=CARTESIAN_POINT('',(0.365851268477949,-0.742758987026264,0.));
#7501=CARTESIAN_POINT('Origin',(0.364275227049927,-0.742701611694434,0.));
#7502=CARTESIAN_POINT('',(0.365851268477949,-0.742758987026264,0.003));
#7503=CARTESIAN_POINT('Origin',(0.364275227049927,-0.742701611694434,0.003));
#7504=CARTESIAN_POINT('',(0.365851268477949,-0.742758987026264,0.));
#7505=CARTESIAN_POINT('Ctrl Pts',(0.365459393904739,-0.744423563398923,
0.));
#7506=CARTESIAN_POINT('Ctrl Pts',(0.365459393904739,-0.744423563398923,
0.003));
#7507=CARTESIAN_POINT('Ctrl Pts',(0.36546091928281,-0.744417884718801,0.));
#7508=CARTESIAN_POINT('Ctrl Pts',(0.36546091928281,-0.744417884718801,0.003));
#7509=CARTESIAN_POINT('Ctrl Pts',(0.365851255603611,-0.74296480680742,0.));
#7510=CARTESIAN_POINT('Ctrl Pts',(0.365851255603611,-0.74296480680742,0.003));
#7511=CARTESIAN_POINT('Ctrl Pts',(0.365851268477949,-0.742758987026264,
0.));
#7512=CARTESIAN_POINT('Ctrl Pts',(0.365851268477949,-0.742758987026264,
0.003));
#7513=CARTESIAN_POINT('',(0.365459393904739,-0.744423563398923,0.));
#7514=CARTESIAN_POINT('Ctrl Pts',(0.365459393904739,-0.744423563398923,
0.));
#7515=CARTESIAN_POINT('Ctrl Pts',(0.36546091928281,-0.744417884718801,0.));
#7516=CARTESIAN_POINT('Ctrl Pts',(0.365851255603611,-0.74296480680742,0.));
#7517=CARTESIAN_POINT('Ctrl Pts',(0.365851268477949,-0.742758987026264,
0.));
#7518=CARTESIAN_POINT('',(0.365459393904739,-0.744423563398923,0.003));
#7519=CARTESIAN_POINT('Ctrl Pts',(0.365459393904739,-0.744423563398923,
0.003));
#7520=CARTESIAN_POINT('Ctrl Pts',(0.36546091928281,-0.744417884718801,0.003));
#7521=CARTESIAN_POINT('Ctrl Pts',(0.365851255603611,-0.74296480680742,0.003));
#7522=CARTESIAN_POINT('Ctrl Pts',(0.365851268477949,-0.742758987026264,
0.003));
#7523=CARTESIAN_POINT('',(0.365459393904739,-0.744423563398923,0.));
#7524=CARTESIAN_POINT('Origin',(0.35736941052971,-0.772700788317531,0.));
#7525=CARTESIAN_POINT('',(0.35736941052971,-0.772700788317531,0.));
#7526=CARTESIAN_POINT('',(0.35736941052971,-0.772700788317531,0.));
#7527=CARTESIAN_POINT('',(0.35736941052971,-0.772700788317531,0.003));
#7528=CARTESIAN_POINT('',(0.35736941052971,-0.772700788317531,0.003));
#7529=CARTESIAN_POINT('',(0.35736941052971,-0.772700788317531,0.));
#7530=CARTESIAN_POINT('Ctrl Pts',(0.357188613851673,-0.773497896853374,
0.));
#7531=CARTESIAN_POINT('Ctrl Pts',(0.357188613851673,-0.773497896853374,
0.003));
#7532=CARTESIAN_POINT('Ctrl Pts',(0.357188611748122,-0.773204881536787,
0.));
#7533=CARTESIAN_POINT('Ctrl Pts',(0.357188611748122,-0.773204881536787,
0.003));
#7534=CARTESIAN_POINT('Ctrl Pts',(0.357295484962979,-0.772964412298348,
0.));
#7535=CARTESIAN_POINT('Ctrl Pts',(0.357295484962979,-0.772964412298348,
0.003));
#7536=CARTESIAN_POINT('Ctrl Pts',(0.35736941052971,-0.772700788317531,0.));
#7537=CARTESIAN_POINT('Ctrl Pts',(0.35736941052971,-0.772700788317531,0.003));
#7538=CARTESIAN_POINT('',(0.357188613851673,-0.773497896853374,0.));
#7539=CARTESIAN_POINT('Ctrl Pts',(0.357188613851673,-0.773497896853374,
0.));
#7540=CARTESIAN_POINT('Ctrl Pts',(0.357188611748122,-0.773204881536787,
0.));
#7541=CARTESIAN_POINT('Ctrl Pts',(0.357295484962979,-0.772964412298348,
0.));
#7542=CARTESIAN_POINT('Ctrl Pts',(0.35736941052971,-0.772700788317531,0.));
#7543=CARTESIAN_POINT('',(0.357188613851673,-0.773497896853374,0.003));
#7544=CARTESIAN_POINT('Ctrl Pts',(0.357188613851673,-0.773497896853374,
0.003));
#7545=CARTESIAN_POINT('Ctrl Pts',(0.357188611748122,-0.773204881536787,
0.003));
#7546=CARTESIAN_POINT('Ctrl Pts',(0.357295484962979,-0.772964412298348,
0.003));
#7547=CARTESIAN_POINT('Ctrl Pts',(0.35736941052971,-0.772700788317531,0.003));
#7548=CARTESIAN_POINT('',(0.357188613851673,-0.773497896853374,0.));
#7549=CARTESIAN_POINT('Ctrl Pts',(0.357188613851672,-0.773497896853374,
0.));
#7550=CARTESIAN_POINT('Ctrl Pts',(0.35717904921746,-0.774813853908664,0.));
#7551=CARTESIAN_POINT('Ctrl Pts',(0.358211721380227,-0.775796639465862,
0.));
#7552=CARTESIAN_POINT('Ctrl Pts',(0.359244393542995,-0.776779425023061,
0.));
#7553=CARTESIAN_POINT('Ctrl Pts',(0.360634349160717,-0.776777174651067,
0.));
#7554=CARTESIAN_POINT('Ctrl Pts',(0.357188613851672,-0.773497896853374,
0.003));
#7555=CARTESIAN_POINT('Ctrl Pts',(0.35717904921746,-0.774813853908664,0.003));
#7556=CARTESIAN_POINT('Ctrl Pts',(0.358211721380227,-0.775796639465862,
0.003));
#7557=CARTESIAN_POINT('Ctrl Pts',(0.359244393542995,-0.776779425023061,
0.003));
#7558=CARTESIAN_POINT('Ctrl Pts',(0.360634349160717,-0.776777174651067,
0.003));
#7559=CARTESIAN_POINT('',(0.360634349160717,-0.776777174651067,0.));
#7560=CARTESIAN_POINT('Origin',(0.360321712698947,-0.773809239695122,0.));
#7561=CARTESIAN_POINT('',(0.360634349160717,-0.776777174651067,0.003));
#7562=CARTESIAN_POINT('Origin',(0.360321712698947,-0.773809239695122,0.003));
#7563=CARTESIAN_POINT('',(0.360634349160717,-0.776777174651067,0.));
#7564=CARTESIAN_POINT('Origin',(0.373054991880825,-0.776777174651067,0.));
#7565=CARTESIAN_POINT('',(0.373054991880825,-0.776777174651067,0.));
#7566=CARTESIAN_POINT('',(0.373054991880825,-0.776777174651067,0.));
#7567=CARTESIAN_POINT('',(0.373054991880825,-0.776777174651067,0.003));
#7568=CARTESIAN_POINT('',(0.373054991880825,-0.776777174651067,0.003));
#7569=CARTESIAN_POINT('',(0.373054991880825,-0.776777174651067,0.));
#7570=CARTESIAN_POINT('Ctrl Pts',(0.373054991880825,-0.776777174651067,
0.));
#7571=CARTESIAN_POINT('Ctrl Pts',(0.374509889750901,-0.776598701497614,
0.));
#7572=CARTESIAN_POINT('Ctrl Pts',(0.37450304586975,-0.775172088208949,0.));
#7573=CARTESIAN_POINT('Ctrl Pts',(0.373054991880825,-0.776777174651067,
0.003));
#7574=CARTESIAN_POINT('Ctrl Pts',(0.374509889750901,-0.776598701497614,
0.003));
#7575=CARTESIAN_POINT('Ctrl Pts',(0.37450304586975,-0.775172088208949,0.003));
#7576=CARTESIAN_POINT('',(0.374503045869749,-0.775172088208949,0.));
#7577=CARTESIAN_POINT('Origin',(0.372800077516261,-0.775138740959484,0.));
#7578=CARTESIAN_POINT('',(0.374503045869749,-0.775172088208949,0.003));
#7579=CARTESIAN_POINT('Origin',(0.372800077516261,-0.775138740959484,0.003));
#7580=CARTESIAN_POINT('',(0.374503045869749,-0.775172088208949,0.));
#7581=CARTESIAN_POINT('Origin',(0.372901258325313,-0.775166017660149,0.));
#7582=CARTESIAN_POINT('',(0.374199261400752,-0.77422742924917,0.));
#7583=CARTESIAN_POINT('Origin',(0.372901258325313,-0.775166017660149,0.));
#7584=CARTESIAN_POINT('',(0.374199261400752,-0.77422742924917,0.003));
#7585=CARTESIAN_POINT('Origin',(0.372901258325313,-0.775166017660149,0.003));
#7586=CARTESIAN_POINT('',(0.374199261400752,-0.77422742924917,0.));
#7587=CARTESIAN_POINT('Ctrl Pts',(0.372904921731846,-0.769895945957831,
0.));
#7588=CARTESIAN_POINT('Ctrl Pts',(0.372904921731846,-0.769895945957831,
0.003));
#7589=CARTESIAN_POINT('Ctrl Pts',(0.372846618879513,-0.77045149727775,0.));
#7590=CARTESIAN_POINT('Ctrl Pts',(0.372846618879513,-0.77045149727775,0.003));
#7591=CARTESIAN_POINT('Ctrl Pts',(0.37288713120203,-0.771009380788069,0.));
#7592=CARTESIAN_POINT('Ctrl Pts',(0.37288713120203,-0.771009380788069,0.003));
#7593=CARTESIAN_POINT('Ctrl Pts',(0.373103927921045,-0.772028690962294,
0.));
#7594=CARTESIAN_POINT('Ctrl Pts',(0.373103927921045,-0.772028690962294,
0.003));
#7595=CARTESIAN_POINT('Ctrl Pts',(0.373261509346766,-0.772493027286074,
0.));
#7596=CARTESIAN_POINT('Ctrl Pts',(0.373261509346766,-0.772493027286074,
0.003));
#7597=CARTESIAN_POINT('Ctrl Pts',(0.37360390018408,-0.773258658509647,0.));
#7598=CARTESIAN_POINT('Ctrl Pts',(0.37360390018408,-0.773258658509647,0.003));
#7599=CARTESIAN_POINT('Ctrl Pts',(0.373774269169069,-0.77357877224919,0.));
#7600=CARTESIAN_POINT('Ctrl Pts',(0.373774269169069,-0.77357877224919,0.003));
#7601=CARTESIAN_POINT('Ctrl Pts',(0.374014970739827,-0.7739625588834,0.));
#7602=CARTESIAN_POINT('Ctrl Pts',(0.374014970739827,-0.7739625588834,0.003));
#7603=CARTESIAN_POINT('Ctrl Pts',(0.374073492408949,-0.774051514576225,
0.));
#7604=CARTESIAN_POINT('Ctrl Pts',(0.374073492408949,-0.774051514576225,
0.003));
#7605=CARTESIAN_POINT('Ctrl Pts',(0.374147755323447,-0.774157240381599,
0.));
#7606=CARTESIAN_POINT('Ctrl Pts',(0.374147755323447,-0.774157240381599,
0.003));
#7607=CARTESIAN_POINT('Ctrl Pts',(0.37416466723493,-0.774180873331044,0.));
#7608=CARTESIAN_POINT('Ctrl Pts',(0.37416466723493,-0.774180873331044,0.003));
#7609=CARTESIAN_POINT('Ctrl Pts',(0.374185276947117,-0.774208837210756,
0.));
#7610=CARTESIAN_POINT('Ctrl Pts',(0.374185276947117,-0.774208837210756,
0.003));
#7611=CARTESIAN_POINT('Ctrl Pts',(0.374189877789678,-0.774215028001705,
0.));
#7612=CARTESIAN_POINT('Ctrl Pts',(0.374189877789678,-0.774215028001705,
0.003));
#7613=CARTESIAN_POINT('Ctrl Pts',(0.374195416193816,-0.774222377248569,
0.));
#7614=CARTESIAN_POINT('Ctrl Pts',(0.374195416193816,-0.774222377248569,
0.003));
#7615=CARTESIAN_POINT('Ctrl Pts',(0.374196653381717,-0.7742240124306,0.));
#7616=CARTESIAN_POINT('Ctrl Pts',(0.374196653381717,-0.7742240124306,0.003));
#7617=CARTESIAN_POINT('Ctrl Pts',(0.374199261400752,-0.77422742924917,0.));
#7618=CARTESIAN_POINT('Ctrl Pts',(0.374199261400752,-0.77422742924917,0.003));
#7619=CARTESIAN_POINT('',(0.372904921731846,-0.769895945957831,0.));
#7620=CARTESIAN_POINT('Ctrl Pts',(0.372904921731846,-0.769895945957831,
0.));
#7621=CARTESIAN_POINT('Ctrl Pts',(0.372846618879513,-0.77045149727775,0.));
#7622=CARTESIAN_POINT('Ctrl Pts',(0.37288713120203,-0.771009380788069,0.));
#7623=CARTESIAN_POINT('Ctrl Pts',(0.373103927921045,-0.772028690962294,
0.));
#7624=CARTESIAN_POINT('Ctrl Pts',(0.373261509346766,-0.772493027286074,
0.));
#7625=CARTESIAN_POINT('Ctrl Pts',(0.37360390018408,-0.773258658509647,0.));
#7626=CARTESIAN_POINT('Ctrl Pts',(0.373774269169069,-0.77357877224919,0.));
#7627=CARTESIAN_POINT('Ctrl Pts',(0.374014970739827,-0.7739625588834,0.));
#7628=CARTESIAN_POINT('Ctrl Pts',(0.374073492408949,-0.774051514576225,
0.));
#7629=CARTESIAN_POINT('Ctrl Pts',(0.374147755323447,-0.774157240381599,
0.));
#7630=CARTESIAN_POINT('Ctrl Pts',(0.37416466723493,-0.774180873331044,0.));
#7631=CARTESIAN_POINT('Ctrl Pts',(0.374185276947117,-0.774208837210756,
0.));
#7632=CARTESIAN_POINT('Ctrl Pts',(0.374189877789678,-0.774215028001705,
0.));
#7633=CARTESIAN_POINT('Ctrl Pts',(0.374195416193816,-0.774222377248569,
0.));
#7634=CARTESIAN_POINT('Ctrl Pts',(0.374196653381717,-0.7742240124306,0.));
#7635=CARTESIAN_POINT('Ctrl Pts',(0.374199261400752,-0.77422742924917,0.));
#7636=CARTESIAN_POINT('',(0.372904921731846,-0.769895945957831,0.003));
#7637=CARTESIAN_POINT('Ctrl Pts',(0.372904921731846,-0.769895945957831,
0.003));
#7638=CARTESIAN_POINT('Ctrl Pts',(0.372846618879513,-0.77045149727775,0.003));
#7639=CARTESIAN_POINT('Ctrl Pts',(0.37288713120203,-0.771009380788069,0.003));
#7640=CARTESIAN_POINT('Ctrl Pts',(0.373103927921045,-0.772028690962294,
0.003));
#7641=CARTESIAN_POINT('Ctrl Pts',(0.373261509346766,-0.772493027286074,
0.003));
#7642=CARTESIAN_POINT('Ctrl Pts',(0.37360390018408,-0.773258658509647,0.003));
#7643=CARTESIAN_POINT('Ctrl Pts',(0.373774269169069,-0.77357877224919,0.003));
#7644=CARTESIAN_POINT('Ctrl Pts',(0.374014970739827,-0.7739625588834,0.003));
#7645=CARTESIAN_POINT('Ctrl Pts',(0.374073492408949,-0.774051514576225,
0.003));
#7646=CARTESIAN_POINT('Ctrl Pts',(0.374147755323447,-0.774157240381599,
0.003));
#7647=CARTESIAN_POINT('Ctrl Pts',(0.37416466723493,-0.774180873331044,0.003));
#7648=CARTESIAN_POINT('Ctrl Pts',(0.374185276947117,-0.774208837210756,
0.003));
#7649=CARTESIAN_POINT('Ctrl Pts',(0.374189877789678,-0.774215028001705,
0.003));
#7650=CARTESIAN_POINT('Ctrl Pts',(0.374195416193816,-0.774222377248569,
0.003));
#7651=CARTESIAN_POINT('Ctrl Pts',(0.374196653381717,-0.7742240124306,0.003));
#7652=CARTESIAN_POINT('Ctrl Pts',(0.374199261400752,-0.77422742924917,0.003));
#7653=CARTESIAN_POINT('',(0.372904921731846,-0.769895945957831,0.));
#7654=CARTESIAN_POINT('Ctrl Pts',(0.373370718099448,-0.767287219016668,
0.));
#7655=CARTESIAN_POINT('Ctrl Pts',(0.373370718099448,-0.767287219016668,
0.003));
#7656=CARTESIAN_POINT('Ctrl Pts',(0.37323979801073,-0.767815359510536,0.));
#7657=CARTESIAN_POINT('Ctrl Pts',(0.37323979801073,-0.767815359510536,0.003));
#7658=CARTESIAN_POINT('Ctrl Pts',(0.373048316761227,-0.768714177935793,
0.));
#7659=CARTESIAN_POINT('Ctrl Pts',(0.373048316761227,-0.768714177935793,
0.003));
#7660=CARTESIAN_POINT('Ctrl Pts',(0.372904921731846,-0.769895945957831,
0.));
#7661=CARTESIAN_POINT('Ctrl Pts',(0.372904921731846,-0.769895945957831,
0.003));
#7662=CARTESIAN_POINT('',(0.373370718099448,-0.767287219016668,0.));
#7663=CARTESIAN_POINT('Ctrl Pts',(0.373370718099448,-0.767287219016668,
0.));
#7664=CARTESIAN_POINT('Ctrl Pts',(0.37323979801073,-0.767815359510536,0.));
#7665=CARTESIAN_POINT('Ctrl Pts',(0.373048316761227,-0.768714177935793,
0.));
#7666=CARTESIAN_POINT('Ctrl Pts',(0.372904921731846,-0.769895945957831,
0.));
#7667=CARTESIAN_POINT('',(0.373370718099448,-0.767287219016668,0.003));
#7668=CARTESIAN_POINT('Ctrl Pts',(0.373370718099448,-0.767287219016668,
0.003));
#7669=CARTESIAN_POINT('Ctrl Pts',(0.37323979801073,-0.767815359510536,0.003));
#7670=CARTESIAN_POINT('Ctrl Pts',(0.373048316761227,-0.768714177935793,
0.003));
#7671=CARTESIAN_POINT('Ctrl Pts',(0.372904921731846,-0.769895945957831,
0.003));
#7672=CARTESIAN_POINT('',(0.373370718099448,-0.767287219016668,0.));
#7673=CARTESIAN_POINT('Ctrl Pts',(0.380353273885714,-0.742720044963265,
0.));
#7674=CARTESIAN_POINT('Ctrl Pts',(0.380353273885714,-0.742720044963265,
0.003));
#7675=CARTESIAN_POINT('Ctrl Pts',(0.380353275094172,-0.742823355481406,
0.));
#7676=CARTESIAN_POINT('Ctrl Pts',(0.380353275094172,-0.742823355481406,
0.003));
#7677=CARTESIAN_POINT('Ctrl Pts',(0.375886268768566,-0.758478427611246,
0.));
#7678=CARTESIAN_POINT('Ctrl Pts',(0.375886268768566,-0.758478427611246,
0.003));
#7679=CARTESIAN_POINT('Ctrl Pts',(0.373370718099448,-0.767287219016668,
0.));
#7680=CARTESIAN_POINT('Ctrl Pts',(0.373370718099448,-0.767287219016668,
0.003));
#7681=CARTESIAN_POINT('',(0.380353273885714,-0.742720044963265,0.));
#7682=CARTESIAN_POINT('Ctrl Pts',(0.380353273885714,-0.742720044963265,
0.));
#7683=CARTESIAN_POINT('Ctrl Pts',(0.380353275094172,-0.742823355481406,
0.));
#7684=CARTESIAN_POINT('Ctrl Pts',(0.375886268768566,-0.758478427611246,
0.));
#7685=CARTESIAN_POINT('Ctrl Pts',(0.373370718099448,-0.767287219016668,
0.));
#7686=CARTESIAN_POINT('',(0.380353273885714,-0.742720044963265,0.003));
#7687=CARTESIAN_POINT('Ctrl Pts',(0.380353273885714,-0.742720044963265,
0.003));
#7688=CARTESIAN_POINT('Ctrl Pts',(0.380353275094172,-0.742823355481406,
0.003));
#7689=CARTESIAN_POINT('Ctrl Pts',(0.375886268768566,-0.758478427611246,
0.003));
#7690=CARTESIAN_POINT('Ctrl Pts',(0.373370718099448,-0.767287219016668,
0.003));
#7691=CARTESIAN_POINT('',(0.380353273885714,-0.742720044963265,0.));
#7692=CARTESIAN_POINT('Origin',(0.378729506682801,-0.742717844247446,0.));
#7693=CARTESIAN_POINT('',(0.378728356565864,-0.741094075960517,0.));
#7694=CARTESIAN_POINT('Origin',(0.378729506682801,-0.742717844247446,0.));
#7695=CARTESIAN_POINT('',(0.378728356565864,-0.741094075960517,0.003));
#7696=CARTESIAN_POINT('Origin',(0.378729506682801,-0.742717844247446,0.003));
#7697=CARTESIAN_POINT('',(0.378728356565864,-0.741094075960517,0.));
#7698=CARTESIAN_POINT('Origin',(0.372844448360169,-0.741103405956631,0.));
#7699=CARTESIAN_POINT('',(0.372844448360169,-0.741103405956631,0.));
#7700=CARTESIAN_POINT('',(0.372844448360169,-0.741103405956631,0.));
#7701=CARTESIAN_POINT('',(0.372844448360169,-0.741103405956631,0.003));
#7702=CARTESIAN_POINT('',(0.372844448360169,-0.741103405956631,0.003));
#7703=CARTESIAN_POINT('',(0.372844448360169,-0.741103405956631,0.));
#7704=CARTESIAN_POINT('Ctrl Pts',(0.371198486090654,-0.739458156126262,
0.));
#7705=CARTESIAN_POINT('Ctrl Pts',(0.371193390102839,-0.741108509684695,
0.));
#7706=CARTESIAN_POINT('Ctrl Pts',(0.372844448360169,-0.741103405956631,
0.));
#7707=CARTESIAN_POINT('Ctrl Pts',(0.371198486090654,-0.739458156126262,
0.003));
#7708=CARTESIAN_POINT('Ctrl Pts',(0.371193390102839,-0.741108509684695,
0.003));
#7709=CARTESIAN_POINT('Ctrl Pts',(0.372844448360169,-0.741103405956631,
0.003));
#7710=CARTESIAN_POINT('',(0.371198486090654,-0.739458156126262,0.));
#7711=CARTESIAN_POINT('Origin',(0.372855459262255,-0.739447139973098,0.));
#7712=CARTESIAN_POINT('',(0.371198486090654,-0.739458156126262,0.003));
#7713=CARTESIAN_POINT('Origin',(0.372855459262255,-0.739447139973098,0.003));
#7714=CARTESIAN_POINT('',(0.371198486090654,-0.739458156126262,0.));
#7715=CARTESIAN_POINT('Origin',(0.37191950981154,-0.736820824035751,0.));
#7716=CARTESIAN_POINT('',(0.37191950981154,-0.736820824035751,0.));
#7717=CARTESIAN_POINT('',(0.37191950981154,-0.736820824035751,0.));
#7718=CARTESIAN_POINT('',(0.37191950981154,-0.736820824035751,0.003));
#7719=CARTESIAN_POINT('',(0.37191950981154,-0.736820824035751,0.003));
#7720=CARTESIAN_POINT('',(0.37191950981154,-0.736820824035751,0.));
#7721=CARTESIAN_POINT('Origin',(0.373493195355778,-0.737294014134611,0.));
#7722=CARTESIAN_POINT('',(0.373490501782386,-0.735650728460583,0.));
#7723=CARTESIAN_POINT('Origin',(0.373493195355778,-0.737294014134611,0.));
#7724=CARTESIAN_POINT('',(0.373490501782386,-0.735650728460583,0.003));
#7725=CARTESIAN_POINT('Origin',(0.373493195355778,-0.737294014134611,0.003));
#7726=CARTESIAN_POINT('',(0.373490501782386,-0.735650728460583,0.));
#7727=CARTESIAN_POINT('Origin',(0.381164747109359,-0.735668996052799,0.));
#7728=CARTESIAN_POINT('',(0.381164747109359,-0.735668996052799,0.));
#7729=CARTESIAN_POINT('',(0.381164747109359,-0.735668996052799,0.));
#7730=CARTESIAN_POINT('',(0.381164747109359,-0.735668996052799,0.003));
#7731=CARTESIAN_POINT('',(0.381164747109359,-0.735668996052799,0.003));
#7732=CARTESIAN_POINT('',(0.381164747109359,-0.735668996052799,0.));
#7733=CARTESIAN_POINT('Ctrl Pts',(0.381164747109359,-0.7356689960528,0.));
#7734=CARTESIAN_POINT('Ctrl Pts',(0.382446653544826,-0.73567208752185,0.));
#7735=CARTESIAN_POINT('Ctrl Pts',(0.382760834433189,-0.734434680164724,
0.));
#7736=CARTESIAN_POINT('Ctrl Pts',(0.381164747109359,-0.7356689960528,0.003));
#7737=CARTESIAN_POINT('Ctrl Pts',(0.382446653544826,-0.73567208752185,0.003));
#7738=CARTESIAN_POINT('Ctrl Pts',(0.382760834433189,-0.734434680164724,
0.003));
#7739=CARTESIAN_POINT('',(0.382760834433189,-0.734434680164724,0.));
#7740=CARTESIAN_POINT('Origin',(0.381129347026659,-0.733983471163224,0.));
#7741=CARTESIAN_POINT('',(0.382760834433189,-0.734434680164724,0.003));
#7742=CARTESIAN_POINT('Origin',(0.381129347026659,-0.733983471163224,0.003));
#7743=CARTESIAN_POINT('',(0.382760834433189,-0.734434680164724,0.));
#7744=CARTESIAN_POINT('Origin',(0.387302890326149,-0.718663508691245,0.));
#7745=CARTESIAN_POINT('',(0.387298866683797,-0.718662349892833,0.));
#7746=CARTESIAN_POINT('',(0.387302838860641,-0.718663687392555,0.));
#7747=CARTESIAN_POINT('',(0.387298866683797,-0.718662349892833,0.003));
#7748=CARTESIAN_POINT('',(0.387302838860641,-0.718663687392555,0.003));
#7749=CARTESIAN_POINT('',(0.387298866683797,-0.718662349892833,0.));
#7750=CARTESIAN_POINT('Ctrl Pts',(0.388850743424464,-0.717572405728954,
0.));
#7751=CARTESIAN_POINT('Ctrl Pts',(0.387690076271681,-0.717569000657801,
0.));
#7752=CARTESIAN_POINT('Ctrl Pts',(0.387294929518507,-0.718660924657119,
0.));
#7753=CARTESIAN_POINT('Ctrl Pts',(0.388850743424464,-0.717572405728954,
0.003));
#7754=CARTESIAN_POINT('Ctrl Pts',(0.387690076271681,-0.717569000657801,
0.003));
#7755=CARTESIAN_POINT('Ctrl Pts',(0.387294929518507,-0.718660924657119,
0.003));
#7756=CARTESIAN_POINT('',(0.388850743424464,-0.717572405728954,0.));
#7757=CARTESIAN_POINT('Origin',(0.388766603734124,-0.719109327767796,0.));
#7758=CARTESIAN_POINT('',(0.388850743424464,-0.717572405728954,0.003));
#7759=CARTESIAN_POINT('Origin',(0.388766603734124,-0.719109327767796,0.003));
#7760=CARTESIAN_POINT('',(0.388850743424464,-0.717572405728954,0.));
#7761=CARTESIAN_POINT('Origin',(0.402581494092515,-0.717545687007072,0.));
#7762=CARTESIAN_POINT('',(0.402581494092515,-0.717545687007072,0.));
#7763=CARTESIAN_POINT('',(0.402581494092515,-0.717545687007072,0.));
#7764=CARTESIAN_POINT('',(0.402581494092515,-0.717545687007072,0.003));
#7765=CARTESIAN_POINT('',(0.402581494092515,-0.717545687007072,0.003));
#7766=CARTESIAN_POINT('',(0.402581494092515,-0.717545687007072,0.));
#7767=CARTESIAN_POINT('Ctrl Pts',(0.404219796995356,-0.71917641966534,0.));
#7768=CARTESIAN_POINT('Ctrl Pts',(0.404222220819888,-0.718501408342863,
0.));
#7769=CARTESIAN_POINT('Ctrl Pts',(0.403741185273446,-0.718022595557992,
0.));
#7770=CARTESIAN_POINT('Ctrl Pts',(0.403260149727004,-0.717543782773122,
0.));
#7771=CARTESIAN_POINT('Ctrl Pts',(0.402581494092515,-0.717545687007073,
0.));
#7772=CARTESIAN_POINT('Ctrl Pts',(0.404219796995356,-0.71917641966534,0.003));
#7773=CARTESIAN_POINT('Ctrl Pts',(0.404222220819888,-0.718501408342863,
0.003));
#7774=CARTESIAN_POINT('Ctrl Pts',(0.403741185273446,-0.718022595557992,
0.003));
#7775=CARTESIAN_POINT('Ctrl Pts',(0.403260149727004,-0.717543782773122,
0.003));
#7776=CARTESIAN_POINT('Ctrl Pts',(0.402581494092515,-0.717545687007073,
0.003));
#7777=CARTESIAN_POINT('',(0.404219796995356,-0.71917641966534,0.));
#7778=CARTESIAN_POINT('Origin',(0.402595004712167,-0.719161768736876,0.));
#7779=CARTESIAN_POINT('',(0.404219796995356,-0.71917641966534,0.003));
#7780=CARTESIAN_POINT('Origin',(0.402595004712167,-0.719161768736876,0.003));
#7781=CARTESIAN_POINT('',(0.404219796995356,-0.71917641966534,0.));
#7782=CARTESIAN_POINT('Ctrl Pts',(0.403761125620029,-0.720942438118695,
0.));
#7783=CARTESIAN_POINT('Ctrl Pts',(0.403761125620029,-0.720942438118695,
0.003));
#7784=CARTESIAN_POINT('Ctrl Pts',(0.403762802388317,-0.720936802285713,
0.));
#7785=CARTESIAN_POINT('Ctrl Pts',(0.403762802388317,-0.720936802285713,
0.003));
#7786=CARTESIAN_POINT('Ctrl Pts',(0.404219794857822,-0.719400856313928,
0.));
#7787=CARTESIAN_POINT('Ctrl Pts',(0.404219794857822,-0.719400856313928,
0.003));
#7788=CARTESIAN_POINT('Ctrl Pts',(0.404219796995356,-0.71917641966534,0.));
#7789=CARTESIAN_POINT('Ctrl Pts',(0.404219796995356,-0.71917641966534,0.003));
#7790=CARTESIAN_POINT('',(0.403761125620029,-0.720942438118695,0.));
#7791=CARTESIAN_POINT('Ctrl Pts',(0.403761125620029,-0.720942438118695,
0.));
#7792=CARTESIAN_POINT('Ctrl Pts',(0.403762802388317,-0.720936802285713,
0.));
#7793=CARTESIAN_POINT('Ctrl Pts',(0.404219794857822,-0.719400856313928,
0.));
#7794=CARTESIAN_POINT('Ctrl Pts',(0.404219796995356,-0.71917641966534,0.));
#7795=CARTESIAN_POINT('',(0.403761125620029,-0.720942438118695,0.003));
#7796=CARTESIAN_POINT('Ctrl Pts',(0.403761125620029,-0.720942438118695,
0.003));
#7797=CARTESIAN_POINT('Ctrl Pts',(0.403762802388317,-0.720936802285713,
0.003));
#7798=CARTESIAN_POINT('Ctrl Pts',(0.404219794857822,-0.719400856313928,
0.003));
#7799=CARTESIAN_POINT('Ctrl Pts',(0.404219796995356,-0.71917641966534,0.003));
#7800=CARTESIAN_POINT('',(0.403761125620029,-0.720942438118695,0.));
#7801=CARTESIAN_POINT('Ctrl Pts',(0.400069218118363,-0.734026265536982,
0.));
#7802=CARTESIAN_POINT('Ctrl Pts',(0.400069218118363,-0.734026265536982,
0.003));
#7803=CARTESIAN_POINT('Ctrl Pts',(0.400069219945751,-0.733810730623005,
0.));
#7804=CARTESIAN_POINT('Ctrl Pts',(0.400069219945751,-0.733810730623005,
0.003));
#7805=CARTESIAN_POINT('Ctrl Pts',(0.403759503968578,-0.720948090208836,
0.));
#7806=CARTESIAN_POINT('Ctrl Pts',(0.403759503968578,-0.720948090208836,
0.003));
#7807=CARTESIAN_POINT('Ctrl Pts',(0.403761125620029,-0.720942438118695,
0.));
#7808=CARTESIAN_POINT('Ctrl Pts',(0.403761125620029,-0.720942438118695,
0.003));
#7809=CARTESIAN_POINT('',(0.400069218118363,-0.734026265536982,0.));
#7810=CARTESIAN_POINT('Ctrl Pts',(0.400069218118363,-0.734026265536982,
0.));
#7811=CARTESIAN_POINT('Ctrl Pts',(0.400069219945751,-0.733810730623005,
0.));
#7812=CARTESIAN_POINT('Ctrl Pts',(0.403759503968578,-0.720948090208836,
0.));
#7813=CARTESIAN_POINT('Ctrl Pts',(0.403761125620029,-0.720942438118695,
0.));
#7814=CARTESIAN_POINT('',(0.400069218118363,-0.734026265536982,0.003));
#7815=CARTESIAN_POINT('Ctrl Pts',(0.400069218118363,-0.734026265536982,
0.003));
#7816=CARTESIAN_POINT('Ctrl Pts',(0.400069219945751,-0.733810730623005,
0.003));
#7817=CARTESIAN_POINT('Ctrl Pts',(0.403759503968578,-0.720948090208836,
0.003));
#7818=CARTESIAN_POINT('Ctrl Pts',(0.403761125620029,-0.720942438118695,
0.003));
#7819=CARTESIAN_POINT('',(0.400069218118363,-0.734026265536982,0.));
#7820=CARTESIAN_POINT('Origin',(0.401708244114169,-0.734032086133194,0.));
#7821=CARTESIAN_POINT('',(0.401715271707557,-0.735671107398218,0.));
#7822=CARTESIAN_POINT('Origin',(0.401708244114169,-0.734032086133194,0.));
#7823=CARTESIAN_POINT('',(0.401715271707557,-0.735671107398218,0.003));
#7824=CARTESIAN_POINT('Origin',(0.401708244114169,-0.734032086133194,0.003));
#7825=CARTESIAN_POINT('',(0.401715271707557,-0.735671107398218,0.));
#7826=CARTESIAN_POINT('Origin',(0.407686194781867,-0.735653499194023,0.));
#7827=CARTESIAN_POINT('',(0.407686194781867,-0.735653499194023,0.));
#7828=CARTESIAN_POINT('',(0.407686194781867,-0.735653499194023,0.));
#7829=CARTESIAN_POINT('',(0.407686194781867,-0.735653499194023,0.003));
#7830=CARTESIAN_POINT('',(0.407686194781867,-0.735653499194023,0.003));
#7831=CARTESIAN_POINT('',(0.407686194781867,-0.735653499194023,0.));
#7832=CARTESIAN_POINT('Ctrl Pts',(0.409329396116903,-0.737288328723005,
0.));
#7833=CARTESIAN_POINT('Ctrl Pts',(0.409331277995434,-0.736614415533241,
0.));
#7834=CARTESIAN_POINT('Ctrl Pts',(0.408847021216724,-0.736132625953009,
0.));
#7835=CARTESIAN_POINT('Ctrl Pts',(0.408362764438013,-0.735650836372776,
0.));
#7836=CARTESIAN_POINT('Ctrl Pts',(0.407686194781866,-0.735653499194024,
0.));
#7837=CARTESIAN_POINT('Ctrl Pts',(0.409329396116903,-0.737288328723005,
0.003));
#7838=CARTESIAN_POINT('Ctrl Pts',(0.409331277995434,-0.736614415533241,
0.003));
#7839=CARTESIAN_POINT('Ctrl Pts',(0.408847021216724,-0.736132625953009,
0.003));
#7840=CARTESIAN_POINT('Ctrl Pts',(0.408362764438013,-0.735650836372776,
0.003));
#7841=CARTESIAN_POINT('Ctrl Pts',(0.407686194781866,-0.735653499194024,
0.003));
#7842=CARTESIAN_POINT('',(0.409329396116903,-0.737288328723005,0.));
#7843=CARTESIAN_POINT('Origin',(0.407728859444424,-0.737247696658726,0.));
#7844=CARTESIAN_POINT('',(0.409329396116903,-0.737288328723005,0.003));
#7845=CARTESIAN_POINT('Origin',(0.407728859444424,-0.737247696658726,0.003));
#7846=CARTESIAN_POINT('',(0.409329396116903,-0.737288328723005,0.));
#7847=CARTESIAN_POINT('Ctrl Pts',(0.40855811570711,-0.740111785125569,0.));
#7848=CARTESIAN_POINT('Ctrl Pts',(0.40855811570711,-0.740111785125569,0.003));
#7849=CARTESIAN_POINT('Ctrl Pts',(0.408559768666009,-0.740106142263258,
0.));
#7850=CARTESIAN_POINT('Ctrl Pts',(0.408559768666009,-0.740106142263258,
0.003));
#7851=CARTESIAN_POINT('Ctrl Pts',(0.409329391092464,-0.737478920821096,
0.));
#7852=CARTESIAN_POINT('Ctrl Pts',(0.409329391092464,-0.737478920821096,
0.003));
#7853=CARTESIAN_POINT('Ctrl Pts',(0.409329396116903,-0.737288328723005,
0.));
#7854=CARTESIAN_POINT('Ctrl Pts',(0.409329396116903,-0.737288328723005,
0.003));
#7855=CARTESIAN_POINT('',(0.40855811570711,-0.740111785125569,0.));
#7856=CARTESIAN_POINT('Ctrl Pts',(0.40855811570711,-0.740111785125569,0.));
#7857=CARTESIAN_POINT('Ctrl Pts',(0.408559768666009,-0.740106142263258,
0.));
#7858=CARTESIAN_POINT('Ctrl Pts',(0.409329391092464,-0.737478920821096,
0.));
#7859=CARTESIAN_POINT('Ctrl Pts',(0.409329396116903,-0.737288328723005,
0.));
#7860=CARTESIAN_POINT('',(0.40855811570711,-0.740111785125569,0.003));
#7861=CARTESIAN_POINT('Ctrl Pts',(0.40855811570711,-0.740111785125569,0.003));
#7862=CARTESIAN_POINT('Ctrl Pts',(0.408559768666009,-0.740106142263258,
0.003));
#7863=CARTESIAN_POINT('Ctrl Pts',(0.409329391092464,-0.737478920821096,
0.003));
#7864=CARTESIAN_POINT('Ctrl Pts',(0.409329396116903,-0.737288328723005,
0.003));
#7865=CARTESIAN_POINT('',(0.40855811570711,-0.740111785125569,0.));
#7866=CARTESIAN_POINT('Ctrl Pts',(0.407035148616071,-0.741105721579306,
0.));
#7867=CARTESIAN_POINT('Ctrl Pts',(0.408112824418062,-0.741108426429383,
0.));
#7868=CARTESIAN_POINT('Ctrl Pts',(0.40855811570711,-0.740111785125569,0.));
#7869=CARTESIAN_POINT('Ctrl Pts',(0.407035148616071,-0.741105721579306,
0.003));
#7870=CARTESIAN_POINT('Ctrl Pts',(0.408112824418062,-0.741108426429383,
0.003));
#7871=CARTESIAN_POINT('Ctrl Pts',(0.40855811570711,-0.740111785125569,0.003));
#7872=CARTESIAN_POINT('',(0.407035148616071,-0.741105721579306,0.));
#7873=CARTESIAN_POINT('Origin',(0.406970246865563,-0.739302831163777,0.));
#7874=CARTESIAN_POINT('',(0.407035148616071,-0.741105721579306,0.003));
#7875=CARTESIAN_POINT('Origin',(0.406970246865563,-0.739302831163777,0.003));
#7876=CARTESIAN_POINT('',(0.407035148616071,-0.741105721579306,0.));
#7877=CARTESIAN_POINT('Origin',(0.398994238625128,-0.741123534060521,0.));
#7878=CARTESIAN_POINT('',(0.398994238625128,-0.741123534060521,0.));
#7879=CARTESIAN_POINT('',(0.398994238625128,-0.741123534060521,0.));
#7880=CARTESIAN_POINT('',(0.398994238625128,-0.741123534060521,0.003));
#7881=CARTESIAN_POINT('',(0.398994238625128,-0.741123534060521,0.003));
#7882=CARTESIAN_POINT('',(0.398994238625128,-0.741123534060521,0.));
#7883=CARTESIAN_POINT('Ctrl Pts',(0.398994238625128,-0.741123534060521,
0.));
#7884=CARTESIAN_POINT('Ctrl Pts',(0.397887641642387,-0.741122956066821,
0.));
#7885=CARTESIAN_POINT('Ctrl Pts',(0.397612880754794,-0.742319107801892,
0.));
#7886=CARTESIAN_POINT('Ctrl Pts',(0.398994238625128,-0.741123534060521,
0.003));
#7887=CARTESIAN_POINT('Ctrl Pts',(0.397887641642387,-0.741122956066821,
0.003));
#7888=CARTESIAN_POINT('Ctrl Pts',(0.397612880754794,-0.742319107801892,
0.003));
#7889=CARTESIAN_POINT('',(0.397612880754794,-0.742319107801892,0.));
#7890=CARTESIAN_POINT('Origin',(0.406636210201668,-0.753709176044724,0.));
#7891=CARTESIAN_POINT('',(0.397612880754794,-0.742319107801892,0.003));
#7892=CARTESIAN_POINT('Origin',(0.406636210201668,-0.753709176044724,0.003));
#7893=CARTESIAN_POINT('',(0.397612880754794,-0.742319107801892,0.));
#7894=CARTESIAN_POINT('Origin',(0.390140723269223,-0.768616208242575,0.));
#7895=CARTESIAN_POINT('',(0.390140723269223,-0.768616208242575,0.));
#7896=CARTESIAN_POINT('',(0.390140723269223,-0.768616208242575,0.));
#7897=CARTESIAN_POINT('',(0.390140723269223,-0.768616208242575,0.003));
#7898=CARTESIAN_POINT('',(0.390140723269223,-0.768616208242575,0.003));
#7899=CARTESIAN_POINT('',(0.390140723269223,-0.768616208242575,0.));
#7900=CARTESIAN_POINT('Ctrl Pts',(0.390040973377969,-0.769793791377874,
0.));
#7901=CARTESIAN_POINT('Ctrl Pts',(0.390040973377969,-0.769793791377874,
0.003));
#7902=CARTESIAN_POINT('Ctrl Pts',(0.39004097330781,-0.769352041842985,0.));
#7903=CARTESIAN_POINT('Ctrl Pts',(0.39004097330781,-0.769352041842985,0.003));
#7904=CARTESIAN_POINT('Ctrl Pts',(0.390094410749532,-0.768898001695921,
0.));
#7905=CARTESIAN_POINT('Ctrl Pts',(0.390094410749532,-0.768898001695921,
0.003));
#7906=CARTESIAN_POINT('Ctrl Pts',(0.390140723269223,-0.768616208242575,
0.));
#7907=CARTESIAN_POINT('Ctrl Pts',(0.390140723269223,-0.768616208242575,
0.003));
#7908=CARTESIAN_POINT('',(0.390040973377969,-0.769793791377874,0.));
#7909=CARTESIAN_POINT('Ctrl Pts',(0.390040973377969,-0.769793791377874,
0.));
#7910=CARTESIAN_POINT('Ctrl Pts',(0.39004097330781,-0.769352041842985,0.));
#7911=CARTESIAN_POINT('Ctrl Pts',(0.390094410749532,-0.768898001695921,
0.));
#7912=CARTESIAN_POINT('Ctrl Pts',(0.390140723269223,-0.768616208242575,
0.));
#7913=CARTESIAN_POINT('',(0.390040973377969,-0.769793791377874,0.003));
#7914=CARTESIAN_POINT('Ctrl Pts',(0.390040973377969,-0.769793791377874,
0.003));
#7915=CARTESIAN_POINT('Ctrl Pts',(0.39004097330781,-0.769352041842985,0.003));
#7916=CARTESIAN_POINT('Ctrl Pts',(0.390094410749532,-0.768898001695921,
0.003));
#7917=CARTESIAN_POINT('Ctrl Pts',(0.390140723269223,-0.768616208242575,
0.003));
#7918=CARTESIAN_POINT('',(0.390040973377969,-0.769793791377874,0.));
#7919=CARTESIAN_POINT('Ctrl Pts',(0.39004097337797,-0.769793791377874,0.));
#7920=CARTESIAN_POINT('Ctrl Pts',(0.39001879480467,-0.776195147983551,0.));
#7921=CARTESIAN_POINT('Ctrl Pts',(0.396406206105674,-0.776746414815718,
0.));
#7922=CARTESIAN_POINT('Ctrl Pts',(0.39004097337797,-0.769793791377874,0.003));
#7923=CARTESIAN_POINT('Ctrl Pts',(0.39001879480467,-0.776195147983551,0.003));
#7924=CARTESIAN_POINT('Ctrl Pts',(0.396406206105674,-0.776746414815718,
0.003));
#7925=CARTESIAN_POINT('',(0.396405974461616,-0.776749099080982,0.));
#7926=CARTESIAN_POINT('Origin',(0.396901376937042,-0.769913353962789,0.));
#7927=CARTESIAN_POINT('',(0.396405974461616,-0.776749099080982,0.003));
#7928=CARTESIAN_POINT('Origin',(0.396901376937042,-0.769913353962789,0.003));
#7929=CARTESIAN_POINT('',(0.396405974461616,-0.776749099080982,0.));
#7930=CARTESIAN_POINT('Origin',(0.405615850162161,-0.776757224672134,0.));
#7931=CARTESIAN_POINT('',(0.405615850162161,-0.776757224672134,0.));
#7932=CARTESIAN_POINT('',(0.405615850162161,-0.776757224672134,0.));
#7933=CARTESIAN_POINT('',(0.405615850162161,-0.776757224672134,0.003));
#7934=CARTESIAN_POINT('',(0.405615850162161,-0.776757224672134,0.003));
#7935=CARTESIAN_POINT('',(0.405615850162161,-0.776757224672134,0.));
#7936=CARTESIAN_POINT('Ctrl Pts',(0.405615850162161,-0.776757224672134,
0.));
#7937=CARTESIAN_POINT('Ctrl Pts',(0.406584447248927,-0.776754129066608,
0.));
#7938=CARTESIAN_POINT('Ctrl Pts',(0.4070525243276,-0.77591998824424,0.));
#7939=CARTESIAN_POINT('Ctrl Pts',(0.407520601406274,-0.775085847421873,
0.));
#7940=CARTESIAN_POINT('Ctrl Pts',(0.407016712698683,-0.774260805425223,
0.));
#7941=CARTESIAN_POINT('Ctrl Pts',(0.405615850162161,-0.776757224672134,
0.003));
#7942=CARTESIAN_POINT('Ctrl Pts',(0.406584447248927,-0.776754129066608,
0.003));
#7943=CARTESIAN_POINT('Ctrl Pts',(0.4070525243276,-0.77591998824424,0.003));
#7944=CARTESIAN_POINT('Ctrl Pts',(0.407520601406274,-0.775085847421873,
0.003));
#7945=CARTESIAN_POINT('Ctrl Pts',(0.407016712698683,-0.774260805425223,
0.003));
#7946=CARTESIAN_POINT('',(0.407016712698683,-0.774260805425223,0.));
#7947=CARTESIAN_POINT('Origin',(0.405590560129547,-0.77510391504262,0.));
#7948=CARTESIAN_POINT('',(0.407016712698683,-0.774260805425223,0.003));
#7949=CARTESIAN_POINT('Origin',(0.405590560129547,-0.77510391504262,0.003));
#7950=CARTESIAN_POINT('',(0.407016712698683,-0.774260805425223,0.));
#7951=CARTESIAN_POINT('Ctrl Pts',(0.404090300261365,-0.763238174841802,
0.));
#7952=CARTESIAN_POINT('Ctrl Pts',(0.404089941315605,-0.769303770303441,
0.));
#7953=CARTESIAN_POINT('Ctrl Pts',(0.407016712698683,-0.774260805425223,
0.));
#7954=CARTESIAN_POINT('Ctrl Pts',(0.404090300261365,-0.763238174841802,
0.003));
#7955=CARTESIAN_POINT('Ctrl Pts',(0.404089941315605,-0.769303770303441,
0.003));
#7956=CARTESIAN_POINT('Ctrl Pts',(0.407016712698683,-0.774260805425223,
0.003));
#7957=CARTESIAN_POINT('',(0.404090300261366,-0.763238174841802,0.));
#7958=CARTESIAN_POINT('Origin',(0.423367878952572,-0.762002845951692,0.));
#7959=CARTESIAN_POINT('',(0.404090300261366,-0.763238174841802,0.003));
#7960=CARTESIAN_POINT('Origin',(0.423367878952572,-0.762002845951692,0.003));
#7961=CARTESIAN_POINT('',(0.404090300261366,-0.763238174841802,0.));
#7962=CARTESIAN_POINT('Origin',(0.426271609456774,-0.76323751207685,0.));
#7963=CARTESIAN_POINT('',(0.426272271410958,-0.741056202881418,0.));
#7964=CARTESIAN_POINT('Origin',(0.426271609456774,-0.76323751207685,0.));
#7965=CARTESIAN_POINT('',(0.426272271410958,-0.741056202881418,0.003));
#7966=CARTESIAN_POINT('Origin',(0.426271609456774,-0.76323751207685,0.003));
#7967=CARTESIAN_POINT('',(0.426272271410958,-0.741056202881418,0.));
#7968=CARTESIAN_POINT('Origin',(0.453867811663569,-0.741082921603299,0.));
#7969=CARTESIAN_POINT('',(0.453867811663569,-0.741082921603299,0.));
#7970=CARTESIAN_POINT('',(0.453867811663569,-0.741082921603299,0.));
#7971=CARTESIAN_POINT('',(0.453867811663569,-0.741082921603299,0.003));
#7972=CARTESIAN_POINT('',(0.453867811663569,-0.741082921603299,0.003));
#7973=CARTESIAN_POINT('',(0.453867811663569,-0.741082921603299,0.));
#7974=CARTESIAN_POINT('Ctrl Pts',(0.455513684870606,-0.742717038632924,
0.));
#7975=CARTESIAN_POINT('Ctrl Pts',(0.455515517524307,-0.742043641419007,
0.));
#7976=CARTESIAN_POINT('Ctrl Pts',(0.455030328361438,-0.741561917875393,
0.));
#7977=CARTESIAN_POINT('Ctrl Pts',(0.454545139198569,-0.741080194331779,
0.));
#7978=CARTESIAN_POINT('Ctrl Pts',(0.453867811663569,-0.741082921603299,
0.));
#7979=CARTESIAN_POINT('Ctrl Pts',(0.455513684870606,-0.742717038632924,
0.003));
#7980=CARTESIAN_POINT('Ctrl Pts',(0.455515517524307,-0.742043641419007,
0.003));
#7981=CARTESIAN_POINT('Ctrl Pts',(0.455030328361438,-0.741561917875393,
0.003));
#7982=CARTESIAN_POINT('Ctrl Pts',(0.454545139198569,-0.741080194331779,
0.003));
#7983=CARTESIAN_POINT('Ctrl Pts',(0.453867811663569,-0.741082921603299,
0.003));
#7984=CARTESIAN_POINT('',(0.455513684870605,-0.742717038632924,0.));
#7985=CARTESIAN_POINT('Origin',(0.453912865955104,-0.742674385459692,0.));
#7986=CARTESIAN_POINT('',(0.455513684870605,-0.742717038632924,0.003));
#7987=CARTESIAN_POINT('Origin',(0.453912865955104,-0.742674385459692,0.003));
#7988=CARTESIAN_POINT('',(0.455513684870605,-0.742717038632924,0.));
#7989=CARTESIAN_POINT('Ctrl Pts',(0.455387216258411,-0.7433636317022,0.));
#7990=CARTESIAN_POINT('Ctrl Pts',(0.45551362768407,-0.743085697568635,0.));
#7991=CARTESIAN_POINT('Ctrl Pts',(0.455513684870606,-0.742717038632924,
0.));
#7992=CARTESIAN_POINT('Ctrl Pts',(0.455387216258411,-0.7433636317022,0.003));
#7993=CARTESIAN_POINT('Ctrl Pts',(0.45551362768407,-0.743085697568635,0.003));
#7994=CARTESIAN_POINT('Ctrl Pts',(0.455513684870606,-0.742717038632924,
0.003));
#7995=CARTESIAN_POINT('',(0.455387216258411,-0.7433636317022,0.));
#7996=CARTESIAN_POINT('Origin',(0.454150106461704,-0.742106662801136,0.));
#7997=CARTESIAN_POINT('',(0.455387216258411,-0.7433636317022,0.003));
#7998=CARTESIAN_POINT('Origin',(0.454150106461704,-0.742106662801136,0.003));
#7999=CARTESIAN_POINT('',(0.455387216258411,-0.7433636317022,0.));
#8000=CARTESIAN_POINT('Origin',(0.447004039452743,-0.77266053210991,0.));
#8001=CARTESIAN_POINT('',(0.447004039452743,-0.77266053210991,0.));
#8002=CARTESIAN_POINT('',(0.447004039452743,-0.77266053210991,0.));
#8003=CARTESIAN_POINT('',(0.447004039452743,-0.77266053210991,0.003));
#8004=CARTESIAN_POINT('',(0.447004039452743,-0.77266053210991,0.003));
#8005=CARTESIAN_POINT('',(0.447004039452743,-0.77266053210991,0.));
#8006=CARTESIAN_POINT('Ctrl Pts',(0.446828586518942,-0.773462984390129,
0.));
#8007=CARTESIAN_POINT('Ctrl Pts',(0.446828586518942,-0.773462984390129,
0.003));
#8008=CARTESIAN_POINT('Ctrl Pts',(0.446828585021823,-0.773177984690174,
0.));
#8009=CARTESIAN_POINT('Ctrl Pts',(0.446828585021823,-0.773177984690174,
0.003));
#8010=CARTESIAN_POINT('Ctrl Pts',(0.446936349338823,-0.772940187525897,
0.));
#8011=CARTESIAN_POINT('Ctrl Pts',(0.446936349338823,-0.772940187525897,
0.003));
#8012=CARTESIAN_POINT('Ctrl Pts',(0.447004039452743,-0.77266053210991,0.));
#8013=CARTESIAN_POINT('Ctrl Pts',(0.447004039452743,-0.77266053210991,0.003));
#8014=CARTESIAN_POINT('',(0.446828586518942,-0.773462984390129,0.));
#8015=CARTESIAN_POINT('Ctrl Pts',(0.446828586518942,-0.773462984390129,
0.));
#8016=CARTESIAN_POINT('Ctrl Pts',(0.446828585021823,-0.773177984690174,
0.));
#8017=CARTESIAN_POINT('Ctrl Pts',(0.446936349338823,-0.772940187525897,
0.));
#8018=CARTESIAN_POINT('Ctrl Pts',(0.447004039452743,-0.77266053210991,0.));
#8019=CARTESIAN_POINT('',(0.446828586518942,-0.773462984390129,0.003));
#8020=CARTESIAN_POINT('Ctrl Pts',(0.446828586518942,-0.773462984390129,
0.003));
#8021=CARTESIAN_POINT('Ctrl Pts',(0.446828585021823,-0.773177984690174,
0.003));
#8022=CARTESIAN_POINT('Ctrl Pts',(0.446936349338823,-0.772940187525897,
0.003));
#8023=CARTESIAN_POINT('Ctrl Pts',(0.447004039452743,-0.77266053210991,0.003));
#8024=CARTESIAN_POINT('',(0.446828586518942,-0.773462984390129,0.));
#8025=CARTESIAN_POINT('Ctrl Pts',(0.446828586518941,-0.773462984390129,
0.));
#8026=CARTESIAN_POINT('Ctrl Pts',(0.446818560079376,-0.774782395230504,
0.));
#8027=CARTESIAN_POINT('Ctrl Pts',(0.447851130419967,-0.77576880244538,0.));
#8028=CARTESIAN_POINT('Ctrl Pts',(0.448883700760558,-0.776755209660255,
0.));
#8029=CARTESIAN_POINT('Ctrl Pts',(0.450272985891868,-0.776753394988621,
0.));
#8030=CARTESIAN_POINT('Ctrl Pts',(0.446828586518941,-0.773462984390129,
0.003));
#8031=CARTESIAN_POINT('Ctrl Pts',(0.446818560079376,-0.774782395230504,
0.003));
#8032=CARTESIAN_POINT('Ctrl Pts',(0.447851130419967,-0.77576880244538,0.003));
#8033=CARTESIAN_POINT('Ctrl Pts',(0.448883700760558,-0.776755209660255,
0.003));
#8034=CARTESIAN_POINT('Ctrl Pts',(0.450272985891868,-0.776753394988621,
0.003));
#8035=CARTESIAN_POINT('',(0.450272985891868,-0.77675339498862,0.));
#8036=CARTESIAN_POINT('Origin',(0.449957742997034,-0.773779745584369,0.));
#8037=CARTESIAN_POINT('',(0.450272985891868,-0.77675339498862,0.003));
#8038=CARTESIAN_POINT('Origin',(0.449957742997034,-0.773779745584369,0.003));
#8039=CARTESIAN_POINT('',(0.450272985891868,-0.77675339498862,0.));
#8040=CARTESIAN_POINT('Origin',(0.45401369587959,-0.776735582507405,0.));
#8041=CARTESIAN_POINT('',(0.45401369587959,-0.776735582507405,0.));
#8042=CARTESIAN_POINT('',(0.45401369587959,-0.776735582507405,0.));
#8043=CARTESIAN_POINT('',(0.45401369587959,-0.776735582507405,0.003));
#8044=CARTESIAN_POINT('',(0.45401369587959,-0.776735582507405,0.003));
#8045=CARTESIAN_POINT('',(0.45401369587959,-0.776735582507405,0.));
#8046=CARTESIAN_POINT('Ctrl Pts',(0.455657520651506,-0.77838350421001,0.));
#8047=CARTESIAN_POINT('Ctrl Pts',(0.455659809422423,-0.777700781732865,
0.));
#8048=CARTESIAN_POINT('Ctrl Pts',(0.455177362931526,-0.777217132832888,
0.));
#8049=CARTESIAN_POINT('Ctrl Pts',(0.45469491644063,-0.77673348393291,0.));
#8050=CARTESIAN_POINT('Ctrl Pts',(0.45401369587959,-0.776735582507405,0.));
#8051=CARTESIAN_POINT('Ctrl Pts',(0.455657520651506,-0.77838350421001,0.003));
#8052=CARTESIAN_POINT('Ctrl Pts',(0.455659809422423,-0.777700781732865,
0.003));
#8053=CARTESIAN_POINT('Ctrl Pts',(0.455177362931526,-0.777217132832888,
0.003));
#8054=CARTESIAN_POINT('Ctrl Pts',(0.45469491644063,-0.77673348393291,0.003));
#8055=CARTESIAN_POINT('Ctrl Pts',(0.45401369587959,-0.776735582507405,0.003));
#8056=CARTESIAN_POINT('',(0.455657520651506,-0.77838350421001,0.));
#8057=CARTESIAN_POINT('Origin',(0.454024211076297,-0.778372497696652,0.));
#8058=CARTESIAN_POINT('',(0.455657520651506,-0.77838350421001,0.003));
#8059=CARTESIAN_POINT('Origin',(0.454024211076297,-0.778372497696652,0.003));
#8060=CARTESIAN_POINT('',(0.455657520651506,-0.77838350421001,0.));
#8061=CARTESIAN_POINT('Ctrl Pts',(0.45500647448571,-0.780852670360678,0.));
#8062=CARTESIAN_POINT('Ctrl Pts',(0.45500647448571,-0.780852670360678,0.003));
#8063=CARTESIAN_POINT('Ctrl Pts',(0.455008035089971,-0.780847001260642,
0.));
#8064=CARTESIAN_POINT('Ctrl Pts',(0.455008035089971,-0.780847001260642,
0.003));
#8065=CARTESIAN_POINT('Ctrl Pts',(0.455657512836055,-0.77848779415551,0.));
#8066=CARTESIAN_POINT('Ctrl Pts',(0.455657512836055,-0.77848779415551,0.003));
#8067=CARTESIAN_POINT('Ctrl Pts',(0.455657520651506,-0.77838350421001,0.));
#8068=CARTESIAN_POINT('Ctrl Pts',(0.455657520651506,-0.77838350421001,0.003));
#8069=CARTESIAN_POINT('',(0.45500647448571,-0.780852670360678,0.));
#8070=CARTESIAN_POINT('Ctrl Pts',(0.45500647448571,-0.780852670360678,0.));
#8071=CARTESIAN_POINT('Ctrl Pts',(0.455008035089971,-0.780847001260642,
0.));
#8072=CARTESIAN_POINT('Ctrl Pts',(0.455657512836055,-0.77848779415551,0.));
#8073=CARTESIAN_POINT('Ctrl Pts',(0.455657520651506,-0.77838350421001,0.));
#8074=CARTESIAN_POINT('',(0.45500647448571,-0.780852670360678,0.003));
#8075=CARTESIAN_POINT('Ctrl Pts',(0.45500647448571,-0.780852670360678,0.003));
#8076=CARTESIAN_POINT('Ctrl Pts',(0.455008035089971,-0.780847001260642,
0.003));
#8077=CARTESIAN_POINT('Ctrl Pts',(0.455657512836055,-0.77848779415551,0.003));
#8078=CARTESIAN_POINT('Ctrl Pts',(0.455657520651506,-0.77838350421001,0.003));
#8079=CARTESIAN_POINT('',(0.45500647448571,-0.780852670360678,0.));
#8080=CARTESIAN_POINT('Ctrl Pts',(0.450777435342402,-0.782158058048892,
0.));
#8081=CARTESIAN_POINT('Ctrl Pts',(0.450777435342402,-0.782158058048892,
0.003));
#8082=CARTESIAN_POINT('Ctrl Pts',(0.454189415930511,-0.782158051526798,
0.));
#8083=CARTESIAN_POINT('Ctrl Pts',(0.454189415930511,-0.782158051526798,
0.003));
#8084=CARTESIAN_POINT('Ctrl Pts',(0.454855957871625,-0.781591613349088,
0.));
#8085=CARTESIAN_POINT('Ctrl Pts',(0.454855957871625,-0.781591613349088,
0.003));
#8086=CARTESIAN_POINT('Ctrl Pts',(0.45500647448571,-0.780852670360678,0.));
#8087=CARTESIAN_POINT('Ctrl Pts',(0.45500647448571,-0.780852670360678,0.003));
#8088=CARTESIAN_POINT('',(0.450777435342402,-0.782158058048892,0.));
#8089=CARTESIAN_POINT('Ctrl Pts',(0.450777435342402,-0.782158058048892,
0.));
#8090=CARTESIAN_POINT('Ctrl Pts',(0.454189415930511,-0.782158051526798,
0.));
#8091=CARTESIAN_POINT('Ctrl Pts',(0.454855957871625,-0.781591613349088,
0.));
#8092=CARTESIAN_POINT('Ctrl Pts',(0.45500647448571,-0.780852670360678,0.));
#8093=CARTESIAN_POINT('',(0.450777435342402,-0.782158058048892,0.003));
#8094=CARTESIAN_POINT('Ctrl Pts',(0.450777435342402,-0.782158058048892,
0.003));
#8095=CARTESIAN_POINT('Ctrl Pts',(0.454189415930511,-0.782158051526798,
0.003));
#8096=CARTESIAN_POINT('Ctrl Pts',(0.454855957871625,-0.781591613349088,
0.003));
#8097=CARTESIAN_POINT('Ctrl Pts',(0.45500647448571,-0.780852670360678,0.003));
#8098=CARTESIAN_POINT('',(0.450777435342402,-0.782158058048892,0.));
#8099=CARTESIAN_POINT('Origin',(0.293434361424465,-0.782143808063873,0.));
#8100=CARTESIAN_POINT('',(0.293434361424465,-0.782143808063873,0.));
#8101=CARTESIAN_POINT('',(0.293434361424465,-0.782143808063873,0.));
#8102=CARTESIAN_POINT('',(0.293434361424465,-0.782143808063873,0.003));
#8103=CARTESIAN_POINT('',(0.293434361424465,-0.782143808063873,0.003));
#8104=CARTESIAN_POINT('',(0.293434361424465,-0.782143808063873,0.));
#8105=CARTESIAN_POINT('Ctrl Pts',(0.283577647161522,-0.772286380941298,
0.));
#8106=CARTESIAN_POINT('Ctrl Pts',(0.283577647161522,-0.772286380941298,
0.003));
#8107=CARTESIAN_POINT('Ctrl Pts',(0.283577647091366,-0.777728272087396,
0.));
#8108=CARTESIAN_POINT('Ctrl Pts',(0.283577647091366,-0.777728272087396,
0.003));
#8109=CARTESIAN_POINT('Ctrl Pts',(0.287992470407164,-0.782143808063806,
0.));
#8110=CARTESIAN_POINT('Ctrl Pts',(0.287992470407164,-0.782143808063806,
0.003));
#8111=CARTESIAN_POINT('Ctrl Pts',(0.293434361424465,-0.782143808063873,
0.));
#8112=CARTESIAN_POINT('Ctrl Pts',(0.293434361424465,-0.782143808063873,
0.003));
#8113=CARTESIAN_POINT('',(0.283577647161522,-0.772286380941298,0.));
#8114=CARTESIAN_POINT('Ctrl Pts',(0.283577647161522,-0.772286380941298,
0.));
#8115=CARTESIAN_POINT('Ctrl Pts',(0.283577647091366,-0.777728272087396,
0.));
#8116=CARTESIAN_POINT('Ctrl Pts',(0.287992470407164,-0.782143808063806,
0.));
#8117=CARTESIAN_POINT('Ctrl Pts',(0.293434361424465,-0.782143808063873,
0.));
#8118=CARTESIAN_POINT('',(0.283577647161522,-0.772286380941298,0.003));
#8119=CARTESIAN_POINT('Ctrl Pts',(0.283577647161522,-0.772286380941298,
0.003));
#8120=CARTESIAN_POINT('Ctrl Pts',(0.283577647091366,-0.777728272087396,
0.003));
#8121=CARTESIAN_POINT('Ctrl Pts',(0.287992470407164,-0.782143808063806,
0.003));
#8122=CARTESIAN_POINT('Ctrl Pts',(0.293434361424465,-0.782143808063873,
0.003));
#8123=CARTESIAN_POINT('',(0.283577647161522,-0.772286380941298,0.));
#8124=CARTESIAN_POINT('Ctrl Pts',(0.283969521734615,-0.769510483863626,
0.));
#8125=CARTESIAN_POINT('Ctrl Pts',(0.2835776211244,-0.770850706430749,0.));
#8126=CARTESIAN_POINT('Ctrl Pts',(0.283577647161522,-0.772286380941298,
0.));
#8127=CARTESIAN_POINT('Ctrl Pts',(0.283969521734615,-0.769510483863626,
0.003));
#8128=CARTESIAN_POINT('Ctrl Pts',(0.2835776211244,-0.770850706430749,0.003));
#8129=CARTESIAN_POINT('Ctrl Pts',(0.283577647161522,-0.772286380941298,
0.003));
#8130=CARTESIAN_POINT('',(0.283969521734615,-0.769510483863626,0.));
#8131=CARTESIAN_POINT('Origin',(0.291982676061288,-0.772897719140357,0.));
#8132=CARTESIAN_POINT('',(0.283969521734615,-0.769510483863626,0.003));
#8133=CARTESIAN_POINT('Origin',(0.291982676061288,-0.772897719140357,0.003));
#8134=CARTESIAN_POINT('',(0.283969521734615,-0.769510483863626,0.));
#8135=CARTESIAN_POINT('Origin',(0.288716547813649,-0.753118547995243,0.));
#8136=CARTESIAN_POINT('',(0.288716547813649,-0.753118547995243,0.));
#8137=CARTESIAN_POINT('',(0.288716547813649,-0.753118547995243,0.));
#8138=CARTESIAN_POINT('',(0.288716547813649,-0.753118547995243,0.003));
#8139=CARTESIAN_POINT('',(0.288716547813649,-0.753118547995243,0.003));
#8140=CARTESIAN_POINT('',(0.288716547813649,-0.753118547995243,0.));
#8141=CARTESIAN_POINT('Ctrl Pts',(0.288778891495727,-0.752492439279379,
0.));
#8142=CARTESIAN_POINT('Ctrl Pts',(0.288778891495727,-0.752492439279379,
0.003));
#8143=CARTESIAN_POINT('Ctrl Pts',(0.288778891422286,-0.752712423422767,
0.));
#8144=CARTESIAN_POINT('Ctrl Pts',(0.288778891422286,-0.752712423422767,
0.003));
#8145=CARTESIAN_POINT('Ctrl Pts',(0.288752172698608,-0.752893220107071,
0.));
#8146=CARTESIAN_POINT('Ctrl Pts',(0.288752172698608,-0.752893220107071,
0.003));
#8147=CARTESIAN_POINT('Ctrl Pts',(0.288716547813649,-0.753118547995243,
0.));
#8148=CARTESIAN_POINT('Ctrl Pts',(0.288716547813649,-0.753118547995243,
0.003));
#8149=CARTESIAN_POINT('',(0.288778891495727,-0.752492439279379,0.));
#8150=CARTESIAN_POINT('Ctrl Pts',(0.288778891495727,-0.752492439279379,
0.));
#8151=CARTESIAN_POINT('Ctrl Pts',(0.288778891422286,-0.752712423422767,
0.));
#8152=CARTESIAN_POINT('Ctrl Pts',(0.288752172698608,-0.752893220107071,
0.));
#8153=CARTESIAN_POINT('Ctrl Pts',(0.288716547813649,-0.753118547995243,
0.));
#8154=CARTESIAN_POINT('',(0.288778891495727,-0.752492439279379,0.003));
#8155=CARTESIAN_POINT('Ctrl Pts',(0.288778891495727,-0.752492439279379,
0.003));
#8156=CARTESIAN_POINT('Ctrl Pts',(0.288778891422286,-0.752712423422767,
0.003));
#8157=CARTESIAN_POINT('Ctrl Pts',(0.288752172698608,-0.752893220107071,
0.003));
#8158=CARTESIAN_POINT('Ctrl Pts',(0.288716547813649,-0.753118547995243,
0.003));
#8159=CARTESIAN_POINT('',(0.288778891495727,-0.752492439279379,0.));
#8160=CARTESIAN_POINT('Ctrl Pts',(0.288778891495727,-0.752492439279379,
0.));
#8161=CARTESIAN_POINT('Ctrl Pts',(0.288783555845967,-0.751136384599267,
0.));
#8162=CARTESIAN_POINT('Ctrl Pts',(0.287815736106323,-0.750170189342395,
0.));
#8163=CARTESIAN_POINT('Ctrl Pts',(0.286847916366678,-0.749203994085522,
0.));
#8164=CARTESIAN_POINT('Ctrl Pts',(0.285489193516657,-0.749208263049322,
0.));
#8165=CARTESIAN_POINT('Ctrl Pts',(0.288778891495727,-0.752492439279379,
0.003));
#8166=CARTESIAN_POINT('Ctrl Pts',(0.288783555845967,-0.751136384599267,
0.003));
#8167=CARTESIAN_POINT('Ctrl Pts',(0.287815736106323,-0.750170189342395,
0.003));
#8168=CARTESIAN_POINT('Ctrl Pts',(0.286847916366678,-0.749203994085522,
0.003));
#8169=CARTESIAN_POINT('Ctrl Pts',(0.285489193516657,-0.749208263049322,
0.003));
#8170=CARTESIAN_POINT('',(0.285489193516658,-0.749208263049322,0.));
#8171=CARTESIAN_POINT('Origin',(0.285546898073986,-0.752433929253553,0.));
#8172=CARTESIAN_POINT('',(0.285489193516658,-0.749208263049322,0.003));
#8173=CARTESIAN_POINT('Origin',(0.285546898073986,-0.752433929253553,0.003));
#8174=CARTESIAN_POINT('',(0.285489193516658,-0.749208263049322,0.));
#8175=CARTESIAN_POINT('Origin',(0.272311662871067,-0.749208263049322,0.));
#8176=CARTESIAN_POINT('',(0.272311662871067,-0.749208263049322,0.));
#8177=CARTESIAN_POINT('',(0.272311662871067,-0.749208263049322,0.));
#8178=CARTESIAN_POINT('',(0.272311662871067,-0.749208263049322,0.003));
#8179=CARTESIAN_POINT('',(0.272311662871067,-0.749208263049322,0.003));
#8180=CARTESIAN_POINT('',(0.272311662871067,-0.749208263049322,0.));
#8181=CARTESIAN_POINT('Ctrl Pts',(0.272311662871067,-0.749208263049322,
0.));
#8182=CARTESIAN_POINT('Ctrl Pts',(0.271062692587897,-0.749204426545399,
0.));
#8183=CARTESIAN_POINT('Ctrl Pts',(0.270730003656477,-0.750416928964315,
0.));
#8184=CARTESIAN_POINT('Ctrl Pts',(0.272311662871067,-0.749208263049322,
0.003));
#8185=CARTESIAN_POINT('Ctrl Pts',(0.271062692587897,-0.749204426545399,
0.003));
#8186=CARTESIAN_POINT('Ctrl Pts',(0.270730003656477,-0.750416928964315,
0.003));
#8187=CARTESIAN_POINT('',(0.270730003656477,-0.750416928964316,0.));
#8188=CARTESIAN_POINT('Origin',(0.272276072519731,-0.750815155866108,0.));
#8189=CARTESIAN_POINT('',(0.270730003656477,-0.750416928964316,0.003));
#8190=CARTESIAN_POINT('Origin',(0.272276072519731,-0.750815155866108,0.003));
#8191=CARTESIAN_POINT('',(0.270730003656477,-0.750416928964316,0.));
#8192=CARTESIAN_POINT('Origin',(0.26359939158014,-0.77537470894006,0.));
#8193=CARTESIAN_POINT('',(0.26359939158014,-0.77537470894006,0.));
#8194=CARTESIAN_POINT('',(0.26359939158014,-0.77537470894006,0.));
#8195=CARTESIAN_POINT('',(0.26359939158014,-0.77537470894006,0.003));
#8196=CARTESIAN_POINT('',(0.26359939158014,-0.77537470894006,0.003));
#8197=CARTESIAN_POINT('',(0.26359939158014,-0.77537470894006,0.));
#8198=CARTESIAN_POINT('Ctrl Pts',(0.254238567870664,-0.782158592423292,
0.));
#8199=CARTESIAN_POINT('Ctrl Pts',(0.261531722156048,-0.782169372091241,
0.));
#8200=CARTESIAN_POINT('Ctrl Pts',(0.263599391580139,-0.77537470894006,0.));
#8201=CARTESIAN_POINT('Ctrl Pts',(0.254238567870664,-0.782158592423292,
0.003));
#8202=CARTESIAN_POINT('Ctrl Pts',(0.261531722156048,-0.782169372091241,
0.003));
#8203=CARTESIAN_POINT('Ctrl Pts',(0.263599391580139,-0.77537470894006,0.003));
#8204=CARTESIAN_POINT('',(0.254238567870664,-0.782158592423293,0.));
#8205=CARTESIAN_POINT('Origin',(0.253586534669306,-0.771821907585352,0.));
#8206=CARTESIAN_POINT('',(0.254238567870664,-0.782158592423293,0.003));
#8207=CARTESIAN_POINT('Origin',(0.253586534669306,-0.771821907585352,0.003));
#8208=CARTESIAN_POINT('',(0.254238567870664,-0.782158592423293,0.));
#8209=CARTESIAN_POINT('Origin',(0.16783690417594,-0.782158592423293,0.));
#8210=CARTESIAN_POINT('',(0.16783690417594,-0.782158592423293,0.));
#8211=CARTESIAN_POINT('',(0.16783690417594,-0.782158592423293,0.));
#8212=CARTESIAN_POINT('',(0.16783690417594,-0.782158592423293,0.003));
#8213=CARTESIAN_POINT('',(0.16783690417594,-0.782158592423293,0.003));
#8214=CARTESIAN_POINT('',(0.16783690417594,-0.782158592423293,0.));
#8215=CARTESIAN_POINT('Origin',(0.159539049152373,-0.782176404904625,0.));
#8216=CARTESIAN_POINT('',(0.159539049152373,-0.782176404904625,0.));
#8217=CARTESIAN_POINT('',(0.159539049152373,-0.782176404904625,0.));
#8218=CARTESIAN_POINT('',(0.159539049152373,-0.782176404904625,0.003));
#8219=CARTESIAN_POINT('',(0.159539049152373,-0.782176404904625,0.003));
#8220=CARTESIAN_POINT('',(0.159539049152373,-0.782176404904625,0.));
#8221=CARTESIAN_POINT('Ctrl Pts',(0.157900051562694,-0.780546384745596,
0.));
#8222=CARTESIAN_POINT('Ctrl Pts',(0.15789763032881,-0.781221769545934,0.));
#8223=CARTESIAN_POINT('Ctrl Pts',(0.158378514437682,-0.781700019664516,
0.));
#8224=CARTESIAN_POINT('Ctrl Pts',(0.158859398546555,-0.782178269783097,
0.));
#8225=CARTESIAN_POINT('Ctrl Pts',(0.159539049152373,-0.782176404904625,
0.));
#8226=CARTESIAN_POINT('Ctrl Pts',(0.157900051562694,-0.780546384745596,
0.003));
#8227=CARTESIAN_POINT('Ctrl Pts',(0.15789763032881,-0.781221769545934,0.003));
#8228=CARTESIAN_POINT('Ctrl Pts',(0.158378514437682,-0.781700019664516,
0.003));
#8229=CARTESIAN_POINT('Ctrl Pts',(0.158859398546555,-0.782178269783097,
0.003));
#8230=CARTESIAN_POINT('Ctrl Pts',(0.159539049152373,-0.782176404904625,
0.003));
#8231=CARTESIAN_POINT('',(0.157900051562695,-0.780546384745596,0.));
#8232=CARTESIAN_POINT('Origin',(0.159531248110613,-0.780555435671593,0.));
#8233=CARTESIAN_POINT('',(0.157900051562695,-0.780546384745596,0.003));
#8234=CARTESIAN_POINT('Origin',(0.159531248110613,-0.780555435671593,0.003));
#8235=CARTESIAN_POINT('',(0.157900051562695,-0.780546384745596,0.));
#8236=CARTESIAN_POINT('Ctrl Pts',(0.158358633875661,-0.778779653793003,
0.));
#8237=CARTESIAN_POINT('Ctrl Pts',(0.158358633875661,-0.778779653793003,
0.003));
#8238=CARTESIAN_POINT('Ctrl Pts',(0.158356957266222,-0.778785289714976,
0.));
#8239=CARTESIAN_POINT('Ctrl Pts',(0.158356957266222,-0.778785289714976,
0.003));
#8240=CARTESIAN_POINT('Ctrl Pts',(0.157900053569415,-0.780321235600399,
0.));
#8241=CARTESIAN_POINT('Ctrl Pts',(0.157900053569415,-0.780321235600399,
0.003));
#8242=CARTESIAN_POINT('Ctrl Pts',(0.157900051562695,-0.780546384745596,
0.));
#8243=CARTESIAN_POINT('Ctrl Pts',(0.157900051562695,-0.780546384745596,
0.003));
#8244=CARTESIAN_POINT('',(0.158358633875661,-0.778779653793003,0.));
#8245=CARTESIAN_POINT('Ctrl Pts',(0.158358633875661,-0.778779653793003,
0.));
#8246=CARTESIAN_POINT('Ctrl Pts',(0.158356957266222,-0.778785289714976,
0.));
#8247=CARTESIAN_POINT('Ctrl Pts',(0.157900053569415,-0.780321235600399,
0.));
#8248=CARTESIAN_POINT('Ctrl Pts',(0.157900051562695,-0.780546384745596,
0.));
#8249=CARTESIAN_POINT('',(0.158358633875661,-0.778779653793003,0.003));
#8250=CARTESIAN_POINT('Ctrl Pts',(0.158358633875661,-0.778779653793003,
0.003));
#8251=CARTESIAN_POINT('Ctrl Pts',(0.158356957266222,-0.778785289714976,
0.003));
#8252=CARTESIAN_POINT('Ctrl Pts',(0.157900053569415,-0.780321235600399,
0.003));
#8253=CARTESIAN_POINT('Ctrl Pts',(0.157900051562695,-0.780546384745596,
0.003));
#8254=CARTESIAN_POINT('',(0.158358633875661,-0.778779653793003,0.));
#8255=CARTESIAN_POINT('Ctrl Pts',(0.165632208921287,-0.752761585871034,
0.));
#8256=CARTESIAN_POINT('Ctrl Pts',(0.165632208921287,-0.752761585871034,
0.003));
#8257=CARTESIAN_POINT('Ctrl Pts',(0.16546646498916,-0.753708497596452,0.));
#8258=CARTESIAN_POINT('Ctrl Pts',(0.16546646498916,-0.753708497596452,0.003));
#8259=CARTESIAN_POINT('Ctrl Pts',(0.158360272499588,-0.778774006496948,
0.));
#8260=CARTESIAN_POINT('Ctrl Pts',(0.158360272499588,-0.778774006496948,
0.003));
#8261=CARTESIAN_POINT('Ctrl Pts',(0.158358633875661,-0.778779653793003,
0.));
#8262=CARTESIAN_POINT('Ctrl Pts',(0.158358633875661,-0.778779653793003,
0.003));
#8263=CARTESIAN_POINT('',(0.165632208921287,-0.752761585871034,0.));
#8264=CARTESIAN_POINT('Ctrl Pts',(0.165632208921287,-0.752761585871034,
0.));
#8265=CARTESIAN_POINT('Ctrl Pts',(0.16546646498916,-0.753708497596452,0.));
#8266=CARTESIAN_POINT('Ctrl Pts',(0.158360272499588,-0.778774006496948,
0.));
#8267=CARTESIAN_POINT('Ctrl Pts',(0.158358633875661,-0.778779653793003,
0.));
#8268=CARTESIAN_POINT('',(0.165632208921287,-0.752761585871034,0.003));
#8269=CARTESIAN_POINT('Ctrl Pts',(0.165632208921287,-0.752761585871034,
0.003));
#8270=CARTESIAN_POINT('Ctrl Pts',(0.16546646498916,-0.753708497596452,0.003));
#8271=CARTESIAN_POINT('Ctrl Pts',(0.158360272499588,-0.778774006496948,
0.003));
#8272=CARTESIAN_POINT('Ctrl Pts',(0.158358633875661,-0.778779653793003,
0.003));
#8273=CARTESIAN_POINT('',(0.165632208921287,-0.752761585871034,0.));
#8274=CARTESIAN_POINT('Ctrl Pts',(0.165632208921287,-0.752761585871034,
0.));
#8275=CARTESIAN_POINT('Ctrl Pts',(0.165757703086347,-0.752156469282811,
0.));
#8276=CARTESIAN_POINT('Ctrl Pts',(0.165244048959872,-0.751643472493902,
0.));
#8277=CARTESIAN_POINT('Ctrl Pts',(0.164730394833397,-0.751130475704994,
0.));
#8278=CARTESIAN_POINT('Ctrl Pts',(0.16399528271551,-0.751126754485552,0.));
#8279=CARTESIAN_POINT('Ctrl Pts',(0.165632208921287,-0.752761585871034,
0.003));
#8280=CARTESIAN_POINT('Ctrl Pts',(0.165757703086347,-0.752156469282811,
0.003));
#8281=CARTESIAN_POINT('Ctrl Pts',(0.165244048959872,-0.751643472493902,
0.003));
#8282=CARTESIAN_POINT('Ctrl Pts',(0.164730394833397,-0.751130475704994,
0.003));
#8283=CARTESIAN_POINT('Ctrl Pts',(0.16399528271551,-0.751126754485552,0.003));
#8284=CARTESIAN_POINT('',(0.16399528271551,-0.751126754485552,0.));
#8285=CARTESIAN_POINT('Origin',(0.16418571945503,-0.752383037699814,0.));
#8286=CARTESIAN_POINT('',(0.16399528271551,-0.751126754485552,0.003));
#8287=CARTESIAN_POINT('Origin',(0.16418571945503,-0.752383037699814,0.003));
#8288=CARTESIAN_POINT('',(0.16399528271551,-0.751126754485552,0.));
#8289=CARTESIAN_POINT('Origin',(0.163984446686783,-0.752831147144934,0.));
#8290=CARTESIAN_POINT('',(0.16329358007296,-0.751273015225365,0.));
#8291=CARTESIAN_POINT('Origin',(0.163984446686783,-0.752831147144934,0.));
#8292=CARTESIAN_POINT('',(0.16329358007296,-0.751273015225365,0.003));
#8293=CARTESIAN_POINT('Origin',(0.163984446686783,-0.752831147144934,0.003));
#8294=CARTESIAN_POINT('',(0.16329358007296,-0.751273015225365,0.));
#8295=CARTESIAN_POINT('Origin',(0.157258383667972,-0.754126556309061,0.));
#8296=CARTESIAN_POINT('',(0.157258383667972,-0.754126556309061,0.));
#8297=CARTESIAN_POINT('',(0.157258383667972,-0.754126556309061,0.));
#8298=CARTESIAN_POINT('',(0.157258383667972,-0.754126556309061,0.003));
#8299=CARTESIAN_POINT('',(0.157258383667972,-0.754126556309061,0.003));
#8300=CARTESIAN_POINT('',(0.157258383667972,-0.754126556309061,0.));
#8301=CARTESIAN_POINT('Ctrl Pts',(0.15659813099159,-0.754819034959065,0.));
#8302=CARTESIAN_POINT('Ctrl Pts',(0.15659813099159,-0.754819034959065,0.003));
#8303=CARTESIAN_POINT('Ctrl Pts',(0.156757581671592,-0.754529431944688,
0.));
#8304=CARTESIAN_POINT('Ctrl Pts',(0.156757581671592,-0.754529431944688,
0.003));
#8305=CARTESIAN_POINT('Ctrl Pts',(0.156985556820545,-0.754277220836482,
0.));
#8306=CARTESIAN_POINT('Ctrl Pts',(0.156985556820545,-0.754277220836482,
0.003));
#8307=CARTESIAN_POINT('Ctrl Pts',(0.157258383667972,-0.754126556309061,
0.));
#8308=CARTESIAN_POINT('Ctrl Pts',(0.157258383667972,-0.754126556309061,
0.003));
#8309=CARTESIAN_POINT('',(0.15659813099159,-0.754819034959065,0.));
#8310=CARTESIAN_POINT('Ctrl Pts',(0.15659813099159,-0.754819034959065,0.));
#8311=CARTESIAN_POINT('Ctrl Pts',(0.156757581671592,-0.754529431944688,
0.));
#8312=CARTESIAN_POINT('Ctrl Pts',(0.156985556820545,-0.754277220836482,
0.));
#8313=CARTESIAN_POINT('Ctrl Pts',(0.157258383667972,-0.754126556309061,
0.));
#8314=CARTESIAN_POINT('',(0.15659813099159,-0.754819034959065,0.003));
#8315=CARTESIAN_POINT('Ctrl Pts',(0.15659813099159,-0.754819034959065,0.003));
#8316=CARTESIAN_POINT('Ctrl Pts',(0.156757581671592,-0.754529431944688,
0.003));
#8317=CARTESIAN_POINT('Ctrl Pts',(0.156985556820545,-0.754277220836482,
0.003));
#8318=CARTESIAN_POINT('Ctrl Pts',(0.157258383667972,-0.754126556309061,
0.003));
#8319=CARTESIAN_POINT('',(0.15659813099159,-0.754819034959065,0.));
#8320=CARTESIAN_POINT('Origin',(0.149104294775029,-0.780820329572156,0.));
#8321=CARTESIAN_POINT('',(0.149104294775029,-0.780820329572156,0.));
#8322=CARTESIAN_POINT('',(0.149104294775029,-0.780820329572156,0.));
#8323=CARTESIAN_POINT('',(0.149104294775029,-0.780820329572156,0.003));
#8324=CARTESIAN_POINT('',(0.149104294775029,-0.780820329572156,0.003));
#8325=CARTESIAN_POINT('',(0.149104294775029,-0.780820329572156,0.));
#8326=CARTESIAN_POINT('Origin',(0.147496376647106,-0.780543728319937,0.));
#8327=CARTESIAN_POINT('',(0.147487285039218,-0.782175238755545,0.));
#8328=CARTESIAN_POINT('Origin',(0.147496376647106,-0.780543728319937,0.));
#8329=CARTESIAN_POINT('',(0.147487285039218,-0.782175238755545,0.003));
#8330=CARTESIAN_POINT('Origin',(0.147496376647106,-0.780543728319937,0.003));
#8331=CARTESIAN_POINT('',(0.147487285039218,-0.782175238755545,0.));
#8332=CARTESIAN_POINT('Origin',(0.133796559068735,-0.782175692405268,0.));
#8333=CARTESIAN_POINT('',(0.133796559068735,-0.782175692405268,0.));
#8334=CARTESIAN_POINT('',(0.133796559068735,-0.782175692405268,0.));
#8335=CARTESIAN_POINT('',(0.133796559068735,-0.782175692405268,0.003));
#8336=CARTESIAN_POINT('',(0.133796559068735,-0.782175692405268,0.003));
#8337=CARTESIAN_POINT('',(0.133796559068735,-0.782175692405268,0.));
#8338=CARTESIAN_POINT('Ctrl Pts',(0.13214928758194,-0.780541575375643,0.));
#8339=CARTESIAN_POINT('Ctrl Pts',(0.132147302636722,-0.78121339397875,0.));
#8340=CARTESIAN_POINT('Ctrl Pts',(0.132633674122285,-0.781695881494411,
0.));
#8341=CARTESIAN_POINT('Ctrl Pts',(0.133120045607848,-0.782178369010072,
0.));
#8342=CARTESIAN_POINT('Ctrl Pts',(0.133796559068735,-0.782175692405268,
0.));
#8343=CARTESIAN_POINT('Ctrl Pts',(0.13214928758194,-0.780541575375643,0.003));
#8344=CARTESIAN_POINT('Ctrl Pts',(0.132147302636722,-0.78121339397875,0.003));
#8345=CARTESIAN_POINT('Ctrl Pts',(0.132633674122285,-0.781695881494411,
0.003));
#8346=CARTESIAN_POINT('Ctrl Pts',(0.133120045607848,-0.782178369010072,
0.003));
#8347=CARTESIAN_POINT('Ctrl Pts',(0.133796559068735,-0.782175692405268,
0.003));
#8348=CARTESIAN_POINT('',(0.13214928758194,-0.780541575375644,0.));
#8349=CARTESIAN_POINT('Origin',(0.133740267956656,-0.780595816657603,0.));
#8350=CARTESIAN_POINT('',(0.13214928758194,-0.780541575375644,0.003));
#8351=CARTESIAN_POINT('Origin',(0.133740267956656,-0.780595816657603,0.003));
#8352=CARTESIAN_POINT('',(0.13214928758194,-0.780541575375644,0.));
#8353=CARTESIAN_POINT('Ctrl Pts',(0.139964362037716,-0.753157379204362,
0.));
#8354=CARTESIAN_POINT('Ctrl Pts',(0.139964362037716,-0.753157379204362,
0.003));
#8355=CARTESIAN_POINT('Ctrl Pts',(0.137812241313803,-0.761129189371459,
0.));
#8356=CARTESIAN_POINT('Ctrl Pts',(0.137812241313803,-0.761129189371459,
0.003));
#8357=CARTESIAN_POINT('Ctrl Pts',(0.132149443570303,-0.780442137366732,
0.));
#8358=CARTESIAN_POINT('Ctrl Pts',(0.132149443570303,-0.780442137366732,
0.003));
#8359=CARTESIAN_POINT('Ctrl Pts',(0.13214928758194,-0.780541575375644,0.));
#8360=CARTESIAN_POINT('Ctrl Pts',(0.13214928758194,-0.780541575375644,0.003));
#8361=CARTESIAN_POINT('',(0.140024924471637,-0.752761051496596,0.));
#8362=CARTESIAN_POINT('Ctrl Pts',(0.139964362037716,-0.753157379204362,
0.));
#8363=CARTESIAN_POINT('Ctrl Pts',(0.137812241313803,-0.761129189371459,
0.));
#8364=CARTESIAN_POINT('Ctrl Pts',(0.132149443570303,-0.780442137366732,
0.));
#8365=CARTESIAN_POINT('Ctrl Pts',(0.13214928758194,-0.780541575375644,0.));
#8366=CARTESIAN_POINT('',(0.140024924471637,-0.752761051496596,0.003));
#8367=CARTESIAN_POINT('Ctrl Pts',(0.139964362037716,-0.753157379204362,
0.003));
#8368=CARTESIAN_POINT('Ctrl Pts',(0.137812241313803,-0.761129189371459,
0.003));
#8369=CARTESIAN_POINT('Ctrl Pts',(0.132149443570303,-0.780442137366732,
0.003));
#8370=CARTESIAN_POINT('Ctrl Pts',(0.13214928758194,-0.780541575375644,0.003));
#8371=CARTESIAN_POINT('',(0.140024924471637,-0.752761051496596,0.));
#8372=CARTESIAN_POINT('Ctrl Pts',(0.140024924471637,-0.752761051496596,
0.));
#8373=CARTESIAN_POINT('Ctrl Pts',(0.140026840112082,-0.752087398571051,
0.));
#8374=CARTESIAN_POINT('Ctrl Pts',(0.139540692258854,-0.751605119125373,
0.));
#8375=CARTESIAN_POINT('Ctrl Pts',(0.139054544405626,-0.751122839679694,
0.));
#8376=CARTESIAN_POINT('Ctrl Pts',(0.138376263611284,-0.751125509468461,
0.));
#8377=CARTESIAN_POINT('Ctrl Pts',(0.140024924471637,-0.752761051496596,
0.003));
#8378=CARTESIAN_POINT('Ctrl Pts',(0.140026840112082,-0.752087398571051,
0.003));
#8379=CARTESIAN_POINT('Ctrl Pts',(0.139540692258854,-0.751605119125373,
0.003));
#8380=CARTESIAN_POINT('Ctrl Pts',(0.139054544405626,-0.751122839679694,
0.003));
#8381=CARTESIAN_POINT('Ctrl Pts',(0.138376263611284,-0.751125509468461,
0.003));
#8382=CARTESIAN_POINT('',(0.138376263611284,-0.75112550946846,0.));
#8383=CARTESIAN_POINT('Origin',(0.138423281320086,-0.752716166405922,0.));
#8384=CARTESIAN_POINT('',(0.138376263611284,-0.75112550946846,0.003));
#8385=CARTESIAN_POINT('Origin',(0.138423281320086,-0.752716166405922,0.003));
#8386=CARTESIAN_POINT('',(0.138376263611284,-0.75112550946846,0.));
#8387=CARTESIAN_POINT('Ctrl Pts',(0.138376263611284,-0.75112550946846,0.));
#8388=CARTESIAN_POINT('Ctrl Pts',(0.138014007772868,-0.751125468808806,
0.));
#8389=CARTESIAN_POINT('Ctrl Pts',(0.13768077520066,-0.75127246248861,0.));
#8390=CARTESIAN_POINT('Ctrl Pts',(0.138376263611284,-0.75112550946846,0.003));
#8391=CARTESIAN_POINT('Ctrl Pts',(0.138014007772868,-0.751125468808806,
0.003));
#8392=CARTESIAN_POINT('Ctrl Pts',(0.13768077520066,-0.75127246248861,0.003));
#8393=CARTESIAN_POINT('',(0.13768077520066,-0.75127246248861,0.));
#8394=CARTESIAN_POINT('Origin',(0.138351782669451,-0.752836665214139,0.));
#8395=CARTESIAN_POINT('',(0.13768077520066,-0.75127246248861,0.003));
#8396=CARTESIAN_POINT('Origin',(0.138351782669451,-0.752836665214139,0.003));
#8397=CARTESIAN_POINT('',(0.13768077520066,-0.75127246248861,0.));
#8398=CARTESIAN_POINT('Origin',(0.131640723447198,-0.754126467243913,0.));
#8399=CARTESIAN_POINT('',(0.131640723447198,-0.754126467243913,0.));
#8400=CARTESIAN_POINT('',(0.131640723447198,-0.754126467243913,0.));
#8401=CARTESIAN_POINT('',(0.131640723447198,-0.754126467243913,0.003));
#8402=CARTESIAN_POINT('',(0.131640723447198,-0.754126467243913,0.003));
#8403=CARTESIAN_POINT('',(0.131640723447198,-0.754126467243913,0.));
#8404=CARTESIAN_POINT('Ctrl Pts',(0.130793918120788,-0.755335133161732,
0.));
#8405=CARTESIAN_POINT('Ctrl Pts',(0.130793918120788,-0.755335133161732,
0.003));
#8406=CARTESIAN_POINT('Ctrl Pts',(0.130877634214472,-0.754835492644153,
0.));
#8407=CARTESIAN_POINT('Ctrl Pts',(0.130877634214472,-0.754835492644153,
0.003));
#8408=CARTESIAN_POINT('Ctrl Pts',(0.131215267419811,-0.754361946143627,
0.));
#8409=CARTESIAN_POINT('Ctrl Pts',(0.131215267419811,-0.754361946143627,
0.003));
#8410=CARTESIAN_POINT('Ctrl Pts',(0.131640723447198,-0.754126467243913,
0.));
#8411=CARTESIAN_POINT('Ctrl Pts',(0.131640723447198,-0.754126467243913,
0.003));
#8412=CARTESIAN_POINT('',(0.130793918120788,-0.755335133161732,0.));
#8413=CARTESIAN_POINT('Ctrl Pts',(0.130793918120788,-0.755335133161732,
0.));
#8414=CARTESIAN_POINT('Ctrl Pts',(0.130877634214472,-0.754835492644153,
0.));
#8415=CARTESIAN_POINT('Ctrl Pts',(0.131215267419811,-0.754361946143627,
0.));
#8416=CARTESIAN_POINT('Ctrl Pts',(0.131640723447198,-0.754126467243913,
0.));
#8417=CARTESIAN_POINT('',(0.130793918120788,-0.755335133161732,0.003));
#8418=CARTESIAN_POINT('Ctrl Pts',(0.130793918120788,-0.755335133161732,
0.003));
#8419=CARTESIAN_POINT('Ctrl Pts',(0.130877634214472,-0.754835492644153,
0.003));
#8420=CARTESIAN_POINT('Ctrl Pts',(0.131215267419811,-0.754361946143627,
0.003));
#8421=CARTESIAN_POINT('Ctrl Pts',(0.131640723447198,-0.754126467243913,
0.003));
#8422=CARTESIAN_POINT('',(0.130793918120788,-0.755335133161732,0.));
#8423=CARTESIAN_POINT('Origin',(0.123388414937651,-0.781045134220563,0.));
#8424=CARTESIAN_POINT('',(0.123394093462382,-0.781045291854949,0.));
#8425=CARTESIAN_POINT('',(0.123388414937651,-0.781045134220563,0.));
#8426=CARTESIAN_POINT('',(0.12339394476287,-0.781045537037929,0.003));
#8427=CARTESIAN_POINT('',(0.123388414937651,-0.781045134220563,0.003));
#8428=CARTESIAN_POINT('',(0.123399993050082,-0.781045134220563,0.));
#8429=CARTESIAN_POINT('Ctrl Pts',(0.121843200058348,-0.782136415884164,
0.));
#8430=CARTESIAN_POINT('Ctrl Pts',(0.123006672943735,-0.782139747303746,
0.));
#8431=CARTESIAN_POINT('Ctrl Pts',(0.123399993050083,-0.781045134220563,
0.));
#8432=CARTESIAN_POINT('Ctrl Pts',(0.121843200058348,-0.782136415884164,
0.003));
#8433=CARTESIAN_POINT('Ctrl Pts',(0.123006672943735,-0.782139747303746,
0.003));
#8434=CARTESIAN_POINT('Ctrl Pts',(0.123399993050083,-0.781045134220563,
0.003));
#8435=CARTESIAN_POINT('',(0.121843200058348,-0.782136415884163,0.));
#8436=CARTESIAN_POINT('Origin',(0.121921402796766,-0.780592565466181,0.));
#8437=CARTESIAN_POINT('',(0.121843200058348,-0.782136415884163,0.003));
#8438=CARTESIAN_POINT('Origin',(0.121921402796766,-0.780592565466181,0.003));
#8439=CARTESIAN_POINT('',(0.121843200058348,-0.782136415884163,0.));
#8440=CARTESIAN_POINT('Origin',(0.118914703560871,-0.782143184626995,0.));
#8441=CARTESIAN_POINT('',(0.118910078000238,-0.782152138994783,0.));
#8442=CARTESIAN_POINT('',(0.118914703560871,-0.782143184626995,0.));
#8443=CARTESIAN_POINT('',(0.118910362468421,-0.782152063070533,0.003));
#8444=CARTESIAN_POINT('',(0.118914703560871,-0.782143184626995,0.003));
#8445=CARTESIAN_POINT('',(0.118905797320557,-0.782160997108328,0.));
#8446=CARTESIAN_POINT('Origin',(0.0996882593481354,-0.782160997108328,0.));
#8447=CARTESIAN_POINT('',(0.0996882593481354,-0.782160997108328,0.));
#8448=CARTESIAN_POINT('',(0.0996882593481354,-0.782160997108328,0.));
#8449=CARTESIAN_POINT('',(0.0996882593481354,-0.782160997108328,0.003));
#8450=CARTESIAN_POINT('',(0.0996882593481354,-0.782160997108328,0.003));
#8451=CARTESIAN_POINT('',(0.0996882593481354,-0.782160997108328,0.));
#8452=CARTESIAN_POINT('Ctrl Pts',(0.0980478812912175,-0.78051654883944,
0.));
#8453=CARTESIAN_POINT('Ctrl Pts',(0.0980478812912175,-0.78051654883944,
0.003));
#8454=CARTESIAN_POINT('Ctrl Pts',(0.0978987067833973,-0.781528387586806,
0.));
#8455=CARTESIAN_POINT('Ctrl Pts',(0.0978987067833973,-0.781528387586806,
0.003));
#8456=CARTESIAN_POINT('Ctrl Pts',(0.0987848808739256,-0.782160993402864,
0.));
#8457=CARTESIAN_POINT('Ctrl Pts',(0.0987848808739256,-0.782160993402864,
0.003));
#8458=CARTESIAN_POINT('Ctrl Pts',(0.0996882593481354,-0.782160997108328,
0.));
#8459=CARTESIAN_POINT('Ctrl Pts',(0.0996882593481354,-0.782160997108328,
0.003));
#8460=CARTESIAN_POINT('',(0.0980478812912175,-0.78051654883944,0.));
#8461=CARTESIAN_POINT('Ctrl Pts',(0.0980478812912175,-0.78051654883944,
0.));
#8462=CARTESIAN_POINT('Ctrl Pts',(0.0978987067833973,-0.781528387586806,
0.));
#8463=CARTESIAN_POINT('Ctrl Pts',(0.0987848808739256,-0.782160993402864,
0.));
#8464=CARTESIAN_POINT('Ctrl Pts',(0.0996882593481354,-0.782160997108328,
0.));
#8465=CARTESIAN_POINT('',(0.0980478812912175,-0.78051654883944,0.003));
#8466=CARTESIAN_POINT('Ctrl Pts',(0.0980478812912175,-0.78051654883944,
0.003));
#8467=CARTESIAN_POINT('Ctrl Pts',(0.0978987067833973,-0.781528387586806,
0.003));
#8468=CARTESIAN_POINT('Ctrl Pts',(0.0987848808739256,-0.782160993402864,
0.003));
#8469=CARTESIAN_POINT('Ctrl Pts',(0.0996882593481354,-0.782160997108328,
0.003));
#8470=CARTESIAN_POINT('',(0.0980478812912175,-0.78051654883944,0.));
#8471=CARTESIAN_POINT('Ctrl Pts',(0.0987357992919062,-0.777903635965176,
0.));
#8472=CARTESIAN_POINT('Ctrl Pts',(0.0987357992919062,-0.777903635965176,
0.003));
#8473=CARTESIAN_POINT('Ctrl Pts',(0.0987341414942419,-0.777909277448999,
0.));
#8474=CARTESIAN_POINT('Ctrl Pts',(0.0987341414942419,-0.777909277448999,
0.003));
#8475=CARTESIAN_POINT('Ctrl Pts',(0.098129373319696,-0.779967390042586,
0.));
#8476=CARTESIAN_POINT('Ctrl Pts',(0.098129373319696,-0.779967390042586,
0.003));
#8477=CARTESIAN_POINT('Ctrl Pts',(0.0980478812912175,-0.78051654883944,
0.));
#8478=CARTESIAN_POINT('Ctrl Pts',(0.0980478812912175,-0.78051654883944,
0.003));
#8479=CARTESIAN_POINT('',(0.0987357992919062,-0.777903635965176,0.));
#8480=CARTESIAN_POINT('Ctrl Pts',(0.0987357992919062,-0.777903635965176,
0.));
#8481=CARTESIAN_POINT('Ctrl Pts',(0.0987341414942419,-0.777909277448999,
0.));
#8482=CARTESIAN_POINT('Ctrl Pts',(0.098129373319696,-0.779967390042586,
0.));
#8483=CARTESIAN_POINT('Ctrl Pts',(0.0980478812912175,-0.78051654883944,
0.));
#8484=CARTESIAN_POINT('',(0.0987357992919062,-0.777903635965176,0.003));
#8485=CARTESIAN_POINT('Ctrl Pts',(0.0987357992919062,-0.777903635965176,
0.003));
#8486=CARTESIAN_POINT('Ctrl Pts',(0.0987341414942419,-0.777909277448999,
0.003));
#8487=CARTESIAN_POINT('Ctrl Pts',(0.098129373319696,-0.779967390042586,
0.003));
#8488=CARTESIAN_POINT('Ctrl Pts',(0.0980478812912175,-0.78051654883944,
0.003));
#8489=CARTESIAN_POINT('',(0.0987357992919062,-0.777903635965176,0.));
#8490=CARTESIAN_POINT('Ctrl Pts',(0.100305025394995,-0.77673852156684,0.));
#8491=CARTESIAN_POINT('Ctrl Pts',(0.0990927113346001,-0.776735052263103,
0.));
#8492=CARTESIAN_POINT('Ctrl Pts',(0.0987357992919065,-0.777903635965176,
0.));
#8493=CARTESIAN_POINT('Ctrl Pts',(0.100305025394995,-0.77673852156684,0.003));
#8494=CARTESIAN_POINT('Ctrl Pts',(0.0990927113346001,-0.776735052263103,
0.003));
#8495=CARTESIAN_POINT('Ctrl Pts',(0.0987357992919065,-0.777903635965176,
0.003));
#8496=CARTESIAN_POINT('',(0.100305025394995,-0.77673852156684,0.));
#8497=CARTESIAN_POINT('Origin',(0.100298715117165,-0.778387492085695,0.));
#8498=CARTESIAN_POINT('',(0.100305025394995,-0.77673852156684,0.003));
#8499=CARTESIAN_POINT('Origin',(0.100298715117165,-0.778387492085695,0.003));
#8500=CARTESIAN_POINT('',(0.100305025394995,-0.77673852156684,0.));
#8501=CARTESIAN_POINT('Origin',(0.103853066686329,-0.776765240288722,0.));
#8502=CARTESIAN_POINT('',(0.103853066686329,-0.776765240288722,0.));
#8503=CARTESIAN_POINT('',(0.103853066686329,-0.776765240288722,0.));
#8504=CARTESIAN_POINT('',(0.103853066686329,-0.776765240288722,0.003));
#8505=CARTESIAN_POINT('',(0.103853066686329,-0.776765240288722,0.003));
#8506=CARTESIAN_POINT('',(0.103853066686329,-0.776765240288722,0.));
#8507=CARTESIAN_POINT('Origin',(0.103856253534137,-0.771841359506358,0.));
#8508=CARTESIAN_POINT('',(0.1086035840116,-0.773148059721666,0.));
#8509=CARTESIAN_POINT('Origin',(0.103856253534137,-0.771841359506358,0.));
#8510=CARTESIAN_POINT('',(0.1086035840116,-0.773148059721666,0.003));
#8511=CARTESIAN_POINT('Origin',(0.103856253534137,-0.771841359506358,0.003));
#8512=CARTESIAN_POINT('',(0.1086035840116,-0.773148059721666,0.));
#8513=CARTESIAN_POINT('Ctrl Pts',(0.114408769406711,-0.752738429645412,
0.));
#8514=CARTESIAN_POINT('Ctrl Pts',(0.114408769406711,-0.752738429645412,
0.003));
#8515=CARTESIAN_POINT('Ctrl Pts',(0.114418567930588,-0.753266569682287,
0.));
#8516=CARTESIAN_POINT('Ctrl Pts',(0.114418567930588,-0.753266569682287,
0.003));
#8517=CARTESIAN_POINT('Ctrl Pts',(0.108605301408006,-0.773142435167472,
0.));
#8518=CARTESIAN_POINT('Ctrl Pts',(0.108605301408006,-0.773142435167472,
0.003));
#8519=CARTESIAN_POINT('Ctrl Pts',(0.1086035840116,-0.773148059721666,0.));
#8520=CARTESIAN_POINT('Ctrl Pts',(0.1086035840116,-0.773148059721666,0.003));
#8521=CARTESIAN_POINT('',(0.114408769406711,-0.752738429645412,0.));
#8522=CARTESIAN_POINT('Ctrl Pts',(0.114408769406711,-0.752738429645412,
0.));
#8523=CARTESIAN_POINT('Ctrl Pts',(0.114418567930588,-0.753266569682287,
0.));
#8524=CARTESIAN_POINT('Ctrl Pts',(0.108605301408006,-0.773142435167472,
0.));
#8525=CARTESIAN_POINT('Ctrl Pts',(0.1086035840116,-0.773148059721666,0.));
#8526=CARTESIAN_POINT('',(0.114408769406711,-0.752738429645412,0.003));
#8527=CARTESIAN_POINT('Ctrl Pts',(0.114408769406711,-0.752738429645412,
0.003));
#8528=CARTESIAN_POINT('Ctrl Pts',(0.114418567930588,-0.753266569682287,
0.003));
#8529=CARTESIAN_POINT('Ctrl Pts',(0.108605301408006,-0.773142435167472,
0.003));
#8530=CARTESIAN_POINT('Ctrl Pts',(0.1086035840116,-0.773148059721666,0.003));
#8531=CARTESIAN_POINT('',(0.114408769406711,-0.752738429645412,0.));
#8532=CARTESIAN_POINT('Ctrl Pts',(0.114408769406711,-0.752738429645412,
0.));
#8533=CARTESIAN_POINT('Ctrl Pts',(0.114384854621855,-0.751082251113283,
0.));
#8534=CARTESIAN_POINT('Ctrl Pts',(0.112769151233817,-0.7510896314209,0.));
#8535=CARTESIAN_POINT('Ctrl Pts',(0.114408769406711,-0.752738429645412,
0.003));
#8536=CARTESIAN_POINT('Ctrl Pts',(0.114384854621855,-0.751082251113283,
0.003));
#8537=CARTESIAN_POINT('Ctrl Pts',(0.112769151233817,-0.7510896314209,0.003));
#8538=CARTESIAN_POINT('',(0.112769151233817,-0.751089631420899,0.));
#8539=CARTESIAN_POINT('Origin',(0.112779347027307,-0.752760147503452,0.));
#8540=CARTESIAN_POINT('',(0.112769151233817,-0.751089631420899,0.003));
#8541=CARTESIAN_POINT('Origin',(0.112779347027307,-0.752760147503452,0.003));
#8542=CARTESIAN_POINT('',(0.112769151233817,-0.751089631420899,0.));
#8543=CARTESIAN_POINT('Origin',(0.112756803418997,-0.752688398181993,0.));
#8544=CARTESIAN_POINT('Origin',(0.112756803418997,-0.752688398181993,0.));
#8545=CARTESIAN_POINT('Origin',(0.112756803418997,-0.752688398181993,0.003));
#8546=CARTESIAN_POINT('Origin',(0.276778118326628,-0.741127094086407,0.003));
#8547=CARTESIAN_POINT('Origin',(0.276778118326628,-0.741127094086407,0.));
#8548=CARTESIAN_POINT('',(0.,0.,0.));
#8549=CARTESIAN_POINT('',(2.05724330967492E-18,-1.73472347597681E-17,1.04083408558609E-17));
#8550=CARTESIAN_POINT('',(-0.233193031384857,0.595618909761798,0.55));
#8551=UNCERTAINTY_MEASURE_WITH_UNIT(LENGTH_MEASURE(0.01),#8561,
'DISTANCE_ACCURACY_VALUE',
'Maximum model space distance between geometric entities at asserted c
onnectivities');
#8552=UNCERTAINTY_MEASURE_WITH_UNIT(LENGTH_MEASURE(0.01),#8561,
'DISTANCE_ACCURACY_VALUE',
'Maximum model space distance between geometric entities at asserted c
onnectivities');
#8553=UNCERTAINTY_MEASURE_WITH_UNIT(LENGTH_MEASURE(0.01),#8561,
'DISTANCE_ACCURACY_VALUE',
'Maximum model space distance between geometric entities at asserted c
onnectivities');
#8554=UNCERTAINTY_MEASURE_WITH_UNIT(LENGTH_MEASURE(0.01),#8561,
'DISTANCE_ACCURACY_VALUE',
'Maximum model space distance between geometric entities at asserted c
onnectivities');
#8555=UNCERTAINTY_MEASURE_WITH_UNIT(LENGTH_MEASURE(0.01),#8561,
'DISTANCE_ACCURACY_VALUE',
'Maximum model space distance between geometric entities at asserted c
onnectivities');
#8556=(
GEOMETRIC_REPRESENTATION_CONTEXT(3)
GLOBAL_UNCERTAINTY_ASSIGNED_CONTEXT((#8551))
GLOBAL_UNIT_ASSIGNED_CONTEXT((#8561,#8563,#8564))
REPRESENTATION_CONTEXT('','3D')
);
#8557=(
GEOMETRIC_REPRESENTATION_CONTEXT(3)
GLOBAL_UNCERTAINTY_ASSIGNED_CONTEXT((#8552))
GLOBAL_UNIT_ASSIGNED_CONTEXT((#8561,#8563,#8564))
REPRESENTATION_CONTEXT('','3D')
);
#8558=(
GEOMETRIC_REPRESENTATION_CONTEXT(3)
GLOBAL_UNCERTAINTY_ASSIGNED_CONTEXT((#8553))
GLOBAL_UNIT_ASSIGNED_CONTEXT((#8561,#8563,#8564))
REPRESENTATION_CONTEXT('','3D')
);
#8559=(
GEOMETRIC_REPRESENTATION_CONTEXT(3)
GLOBAL_UNCERTAINTY_ASSIGNED_CONTEXT((#8554))
GLOBAL_UNIT_ASSIGNED_CONTEXT((#8561,#8563,#8564))
REPRESENTATION_CONTEXT('','3D')
);
#8560=(
GEOMETRIC_REPRESENTATION_CONTEXT(3)
GLOBAL_UNCERTAINTY_ASSIGNED_CONTEXT((#8555))
GLOBAL_UNIT_ASSIGNED_CONTEXT((#8561,#8563,#8564))
REPRESENTATION_CONTEXT('','3D')
);
#8561=(
LENGTH_UNIT()
NAMED_UNIT(*)
SI_UNIT(.MILLI.,.METRE.)
);
#8562=(
LENGTH_UNIT()
NAMED_UNIT(*)
SI_UNIT(.CENTI.,.METRE.)
);
#8563=(
NAMED_UNIT(*)
PLANE_ANGLE_UNIT()
SI_UNIT($,.RADIAN.)
);
#8564=(
NAMED_UNIT(*)
SI_UNIT($,.STERADIAN.)
SOLID_ANGLE_UNIT()
);
#8565=SHAPE_DEFINITION_REPRESENTATION(#8569,#8576);
#8566=SHAPE_DEFINITION_REPRESENTATION(#8570,#8577);
#8567=SHAPE_DEFINITION_REPRESENTATION(#8571,#8578);
#8568=SHAPE_DEFINITION_REPRESENTATION(#8572,#8579);
#8569=PRODUCT_DEFINITION_SHAPE('',$,#8581);
#8570=PRODUCT_DEFINITION_SHAPE('',$,#8582);
#8571=PRODUCT_DEFINITION_SHAPE('',$,#8583);
#8572=PRODUCT_DEFINITION_SHAPE('',$,#8584);
#8573=PRODUCT_DEFINITION_SHAPE($,$,#20);
#8574=PRODUCT_DEFINITION_SHAPE($,$,#21);
#8575=PRODUCT_DEFINITION_SHAPE($,$,#22);
#8576=SHAPE_REPRESENTATION('',(#4655,#4985,#4986,#4987),#8556);
#8577=SHAPE_REPRESENTATION('',(#4656),#8557);
#8578=SHAPE_REPRESENTATION('',(#4725),#8558);
#8579=SHAPE_REPRESENTATION('',(#4744),#8559);
#8580=PRODUCT_DEFINITION_CONTEXT('part definition',#8594,'design');
#8581=PRODUCT_DEFINITION(
'Murata GRM188C71A475KE11D - Ceramic Capacitor X7S 0603',
'Murata GCM1555C1H100FA16J - Cap Ceramic 10pF 50V C0G 1% Pad SMD 0402 
125\X\B0C',#8585,#8580);
#8582=PRODUCT_DEFINITION('terminals','terminals',#8586,#8580);
#8583=PRODUCT_DEFINITION('body','body',#8587,#8580);
#8584=PRODUCT_DEFINITION('logo','logo',#8588,#8580);
#8585=PRODUCT_DEFINITION_FORMATION('',$,#8596);
#8586=PRODUCT_DEFINITION_FORMATION('',$,#8597);
#8587=PRODUCT_DEFINITION_FORMATION('',$,#8598);
#8588=PRODUCT_DEFINITION_FORMATION('',$,#8599);
#8589=PRODUCT_RELATED_PRODUCT_CATEGORY(
'Murata GCM1555C1H100FA16J - Cap Ceramic 10pF 50V C0G 1% Pad SMD 0402 
125\X\B0C',
'Murata GCM1555C1H100FA16J - Cap Ceramic 10pF 50V C0G 1% Pad SMD 0402 
125\X\B0C',(#8596));
#8590=PRODUCT_RELATED_PRODUCT_CATEGORY('terminals','terminals',(#8597));
#8591=PRODUCT_RELATED_PRODUCT_CATEGORY('body','body',(#8598));
#8592=PRODUCT_RELATED_PRODUCT_CATEGORY('logo','logo',(#8599));
#8593=APPLICATION_PROTOCOL_DEFINITION('international standard',
'automotive_design',2009,#8594);
#8594=APPLICATION_CONTEXT(
'Core Data for Automotive Mechanical Design Process');
#8595=PRODUCT_CONTEXT('part definition',#8594,'mechanical');
#8596=PRODUCT('Murata GRM188C71A475KE11D - Ceramic Capacitor X7S 0603',

'Murata GCM1555C1H100FA16J - Cap Ceramic 10pF 50V C0G 1% Pad SMD 0402 
125\X\B0C',$,(#8595));
#8597=PRODUCT('terminals','terminals',$,(#8595));
#8598=PRODUCT('body','body',$,(#8595));
#8599=PRODUCT('logo','logo',$,(#8595));
ENDSEC;
END-ISO-10303-21;
